game_id,ply,move_uci,stockfish_cp,stockfish_mate,stockfish_scalar,kappa_annihilate,kappa_position,kappa_threat,delta,delta_v2
game_001,10,a7a5,117,,-117.000000,0.000000,2.759576,0.000000,0.000000,2.759576
game_001,10,a7a6,78,,-78.000000,0.000000,2.251085,0.000000,0.000000,2.251085
game_001,10,b7b5,181,,-181.000000,0.000000,2.113134,0.000000,0.000000,2.113134
game_001,10,b7b6,127,,-127.000000,0.000000,2.838379,0.000000,0.000000,2.838379
game_001,10,b8a6,137,,-137.000000,0.000000,-4.727051,0.000000,0.000000,-4.727051
game_001,10,b8c6,96,,-96.000000,0.000000,-8.168178,0.000000,0.000000,-8.168178
game_001,10,b8d7,89,,-89.000000,0.000000,-4.722239,0.000000,0.000000,-4.722239
game_001,10,c7c5,131,,-131.000000,0.000000,-2.782485,0.000000,0.000000,-2.782485
game_001,10,c7c6,81,,-81.000000,0.000000,-2.780512,0.000000,0.000000,-2.780512
game_001,10,c8d7,136,,-136.000000,0.000000,-7.481801,0.000000,0.000000,-7.481801
game_001,10,c8e6,120,,-120.000000,0.000000,-8.897218,0.000000,0.000000,-8.897218
game_001,10,c8f5,495,,-495.000000,0.000000,-8.897218,2.560000,-2.560000,-11.457218
game_001,10,c8g4,159,,-159.000000,0.000000,-9.111726,0.000000,0.000000,-9.111726
game_001,10,c8h3,552,,-552.000000,0.000000,-8.326334,3.960000,-3.960000,-12.286334
game_001,10,d6d5,142,,-142.000000,0.000000,1.918140,0.000000,0.000000,1.918140
game_001,10,d8d7,144,,-144.000000,0.000000,-30.776600,0.000000,0.000000,-30.776600
game_001,10,e7e5,134,,-134.000000,0.000000,-2.158253,0.000000,0.000000,-2.158253
game_001,10,e7e6,121,,-121.000000,0.000000,-2.515560,0.000000,0.000000,-2.515560
game_001,10,e8d7,195,,-195.000000,0.000000,-13.883965,0.000000,0.000000,-13.883965
game_001,10,e8f8,160,,-160.000000,0.000000,-4.385886,0.000000,0.000000,-4.385886
game_001,10,e8g8,81,,-81.000000,0.000000,-18.706255,0.000000,0.000000,-18.706255
game_001,10,f6d5,507,,-507.000000,0.000000,-4.261205,1.160000,-1.160000,-5.421205
game_001,10,f6d7,180,,-180.000000,0.000000,-4.242240,0.000000,0.000000,-4.242240
game_001,10,f6e4,382,,-382.000000,-1.160000,17.958829,0.000000,-1.160000,16.798829
game_001,10,f6g4,102,,-102.000000,0.000000,-4.705367,0.000000,0.000000,-4.705367
game_001,10,f6g8,148,,-148.000000,0.000000,4.017855,0.000000,0.000000,4.017855
game_001,10,f6h5,166,,-166.000000,0.000000,-4.775336,0.000000,0.000000,-4.775336
game_001,10,g6g5,257,,-257.000000,0.000000,3.155669,0.000000,0.000000,3.155669
game_001,10,g7f8,167,,-167.000000,0.000000,10.001709,0.000000,0.000000,10.001709
game_001,10,g7h6,611,,-611.000000,0.000000,11.098632,0.000000,0.000000,11.098632
game_001,10,h7h5,146,,-146.000000,0.000000,-2.212632,0.000000,0.000000,-2.212632
game_001,10,h7h6,110,,-110.000000,0.000000,-3.780878,0.000000,0.000000,-3.780878
game_001,10,h8f8,162,,-162.000000,0.000000,-18.661902,0.000000,0.000000,-18.661902
game_001,10,h8g8,163,,-163.000000,0.000000,22.481844,0.000000,0.000000,22.481844
game_001,54,a5a4,112,,-112.000000,0.000000,4.828532,0.000000,0.000000,4.828532
game_001,54,d6b4,,4,-9960.000000,-7.960000,-27.127705,7.960000,-15.920000,-43.047705
game_002,20,a7a5,326,,-326.000000,0.000000,1.827116,0.000000,0.000000,1.827116
game_002,20,a7a6,370,,-370.000000,0.000000,2.060189,0.000000,0.000000,2.060189
game_002,20,a8b8,154,,-154.000000,0.000000,11.562550,0.000000,0.000000,11.562550
game_002,20,b7b5,301,,-301.000000,0.000000,2.125490,0.000000,0.000000,2.125490
game_002,20,b7b6,343,,-343.000000,0.000000,2.246136,0.000000,0.000000,2.246136
game_002,20,c7c5,311,,-311.000000,0.000000,-2.559846,0.000000,0.000000,-2.559846
game_002,20,c7c6,209,,-209.000000,0.000000,2.536044,0.000000,0.000000,2.536044
game_002,20,c8d7,302,,-302.000000,0.000000,-5.480470,0.000000,0.000000,-5.480470
game_002,20,c8e6,294,,-294.000000,0.000000,-6.608616,0.000000,0.000000,-6.608616
game_002,20,c8f5,289,,-289.000000,0.000000,-6.156590,0.000000,0.000000,-6.156590
game_002,20,c8g4,253,,-253.000000,0.000000,-5.607174,0.000000,0.000000,-5.607174
game_002,20,c8h3,403,,-403.000000,0.000000,-6.068939,2.560000,-2.560000,-8.628939
game_002,20,d4b3,464,,-464.000000,0.000000,4.213365,2.320000,-2.320000,1.893365
game_002,20,d4b5,457,,-457.000000,0.000000,1.719049,0.000000,0.000000,1.719049
game_002,20,d4c2,402,,-402.000000,-1.160000,16.518490,0.000000,-1.160000,15.358490
game_002,20,d4c6,360,,-360.000000,0.000000,0.926666,0.000000,0.000000,0.926666
game_002,20,d4e2,531,,-531.000000,0.000000,-2.379572,0.000000,0.000000,-2.379572
game_002,20,d4e6,14,,-14.000000,0.000000,3.927464,0.000000,0.000000,3.927464
game_002,20,d4f3,481,,-481.000000,0.000000,3.051774,1.160000,-1.160000,1.891774
game_002,20,d4f5,362,,-362.000000,0.000000,2.141986,0.000000,0.000000,2.141986
game_002,20,e4c3,471,,-471.000000,0.000000,2.543593,2.320000,-2.320000,0.223593
game_002,20,e4c5,335,,-335.000000,0.000000,-1.817802,0.000000,0.000000,-1.817802
game_002,20,e4d2,364,,-364.000000,-1.160000,16.201812,0.000000,-1.160000,15.041812
game_002,20,e4f2,318,,-318.000000,-1.160000,16.136283,0.000000,-1.160000,14.976283
game_002,20,e4f6,284,,-284.000000,0.000000,1.872234,0.000000,0.000000,1.872234
game_002,20,e4g3,476,,-476.000000,0.000000,3.943781,2.320000,-2.320000,1.623781
game_002,20,e4g5,301,,-301.000000,0.000000,-1.914883,0.000000,0.000000,-1.914883
game_002,20,e8d7,74,,-74.000000,0.000000,-6.474655,0.000000,0.000000,-6.474655
game_002,20,e8d8,25,,-25.000000,0.000000,1.482802,0.000000,0.000000,1.482802
game_002,20,f7f5,311,,-311.000000,0.000000,1.962739,0.000000,0.000000,1.962739
game_002,20,f7f6,283,,-283.000000,0.000000,-2.049891,0.000000,0.000000,-2.049891
game_002,20,f8e7,301,,-301.000000,0.000000,-6.080510,1.400000,-1.400000,-7.480510
game_002,20,g7g5,322,,-322.000000,0.000000,-2.002684,0.000000,0.000000,-2.002684
game_002,20,g7g6,339,,-339.000000,0.000000,2.302837,0.000000,0.000000,2.302837
game_002,20,h7h5,313,,-313.000000,0.000000,-2.212632,0.000000,0.000000,-2.212632
game_002,20,h7h6,334,,-334.000000,0.000000,-3.067594,0.000000,0.000000,-3.067594
game_002,20,h8g8,377,,-377.000000,0.000000,13.130003,0.000000,0.000000,13.130003
game_002,31,a1b1,-4,,4.000000,0.000000,11.782366,0.000000,0.000000,11.782366
game_002,31,a3b1,8,,-8.000000,0.000000,4.204269,0.000000,0.000000,4.204269
game_002,31,a3b5,369,,-369.000000,0.000000,4.715999,1.160000,-1.160000,3.555999
game_002,31,a3c2,-31,,31.000000,0.000000,6.575603,0.000000,0.000000,6.575603
game_002,31,a3c4,500,,-500.000000,0.000000,-4.778045,1.160000,-1.160000,-5.938045
game_002,31,b2b3,381,,-381.000000,0.000000,-1.143894,0.000000,0.000000,-1.143894
game_002,31,b2b4,57,,-57.000000,0.000000,-1.449501,0.000000,0.000000,-1.449501
game_002,31,c1d2,25,,-25.000000,0.000000,-6.690983,0.000000,0.000000,-6.690983
game_002,31,c1e3,32,,-32.000000,0.000000,-7.018662,0.000000,0.000000,-7.018662
game_002,31,c3c4,221,,-221.000000,0.000000,-1.521996,0.000000,0.000000,-1.521996
game_002,31,d3a6,481,,-481.000000,0.000000,7.120840,2.560000,-2.560000,4.560840
game_002,31,d3b1,66,,-66.000000,0.000000,6.033034,0.000000,0.000000,6.033034
game_002,31,d3b5,461,,-461.000000,0.000000,3.461737,2.560000,-2.560000,0.901737
game_002,31,d3c2,17,,-17.000000,0.000000,2.437354,0.000000,0.000000,2.437354
game_002,31,d3c4,539,,-539.000000,0.000000,4.093817,3.960000,-3.960000,0.133817
game_002,31,d3e2,62,,-62.000000,0.000000,1.774520,0.000000,0.000000,1.774520
game_002,31,d3e4,482,,-482.000000,0.000000,3.242283,2.560000,-2.560000,0.682283
game_002,31,d3f1,62,,-62.000000,0.000000,6.511473,0.000000,0.000000,6.511473
game_002,31,d3f5,236,,-236.000000,0.000000,6.265083,0.000000,0.000000,6.265083
game_002,31,d3g6,505,,-505.000000,0.000000,3.240627,5.120000,-5.120000,-1.879373
game_002,31,d3h7,401,,-401.000000,-2.560000,17.738034,0.000000,-2.560000,15.178034
game_002,31,e1d1,9,,-9.000000,0.000000,0.994564,0.000000,0.000000,0.994564
game_002,31,e1d2,507,,-507.000000,0.000000,7.096034,0.000000,0.000000,7.096034
game_002,31,e1e2,38,,-38.000000,0.000000,-5.771758,0.000000,0.000000,-5.771758
game_002,31,e1f1,24,,-24.000000,0.000000,2.502056,0.000000,0.000000,2.502056
game_002,31,e1f2,-12,,12.000000,0.000000,-4.313371,0.000000,0.000000,-4.313371
game_002,31,e1g1,-4,,4.000000,0.000000,10.449735,0.000000,0.000000,10.449735
game_002,31,f4d5,387,,-387.000000,-1.160000,16.160100,1.160000,-2.320000,13.840100
game_002,31,f4e2,-12,,12.000000,0.000000,-3.760607,0.000000,0.000000,-3.760607
game_002,31,f4e6,-18,,18.000000,0.000000,49.010381,1.160000,-1.160000,47.850381
game_002,31,f4g6,508,,-508.000000,0.000000,4.866727,2.320000,-2.320000,2.546727
game_002,31,f4h3,24,,-24.000000,0.000000,-4.205612,0.000000,0.000000,-4.205612
game_002,31,f4h5,20,,-20.000000,0.000000,-3.785217,0.000000,0.000000,-3.785217
game_002,31,g2g3,34,,-34.000000,0.000000,-1.039200,0.000000,0.000000,-1.039200
game_002,31,g2g4,19,,-19.000000,0.000000,-1.486781,0.000000,0.000000,-1.486781
game_002,31,h1f1,33,,-33.000000,0.000000,10.565224,0.000000,0.000000,10.565224
game_002,31,h1g1,31,,-31.000000,0.000000,9.871153,0.000000,0.000000,9.871153
game_002,31,h2h3,25,,-25.000000,0.000000,-1.249381,0.000000,0.000000,-1.249381
game_002,31,h2h4,-4,,4.000000,0.000000,0.932119,0.000000,0.000000,0.932119
game_002,102,a3b2,-10,,10.000000,0.000000,3.305227,0.000000,0.000000,3.305227
game_002,102,a3b4,-75,,75.000000,-2.560000,-16.265366,0.000000,-2.560000,-18.825366
game_002,102,a3c1,-11,,11.000000,0.000000,-1.513710,0.000000,0.000000,-1.513710
game_002,102,c3a2,2,,-2.000000,-1.160000,-16.218693,0.000000,-1.160000,-17.378693
game_002,102,c3a4,-21,,21.000000,0.000000,-0.662722,0.000000,0.000000,-0.662722
game_002,102,c3b1,11,,-11.000000,0.000000,0.939618,0.000000,0.000000,0.939618
game_002,102,c3b5,266,,-266.000000,0.000000,2.614220,0.000000,0.000000,2.614220
game_002,102,c3d1,-23,,23.000000,0.000000,-0.662722,0.000000,0.000000,-0.662722
game_002,102,c3d5,225,,-225.000000,0.000000,2.247447,0.000000,0.000000,2.247447
game_002,102,c3e2,227,,-227.000000,0.000000,2.152094,0.000000,0.000000,2.152094
game_002,102,c3e4,-21,,21.000000,0.000000,0.926666,0.000000,0.000000,0.926666
game_002,102,f7f6,-12,,12.000000,0.000000,2.038387,0.000000,0.000000,2.038387
game_002,102,f8e7,-13,,13.000000,0.000000,1.007603,0.000000,0.000000,1.007603
game_002,102,f8e8,-1,,1.000000,0.000000,-2.070145,0.000000,0.000000,-2.070145
game_002,102,f8g8,-2,,2.000000,0.000000,3.243436,0.000000,0.000000,3.243436
game_002,102,g7g6,2,,-2.000000,0.000000,2.184867,0.000000,0.000000,2.184867
lichess_db_broadcast_2022-11_0026,73,a2a3,-110,,110.000000,0.000000,-0.839496,0.000000,0.000000,-0.839496
lichess_db_broadcast_2022-11_0026,73,a2a4,-225,,225.000000,0.000000,-1.226666,0.000000,0.000000,-1.226666
lichess_db_broadcast_2022-11_0026,73,b2b3,-191,,191.000000,0.000000,1.222490,0.000000,0.000000,1.222490
lichess_db_broadcast_2022-11_0026,73,b5a4,-228,,228.000000,0.000000,-1.619393,0.000000,0.000000,-1.619393
lichess_db_broadcast_2022-11_0026,73,b5a5,-264,,264.000000,-1.660000,-16.026427,0.000000,-1.660000,-17.686427
lichess_db_broadcast_2022-11_0026,73,b5a6,-180,,180.000000,0.000000,-1.413679,0.000000,0.000000,-1.413679
lichess_db_broadcast_2022-11_0026,73,b5b6,-188,,188.000000,0.000000,-1.145783,0.000000,0.000000,-1.145783
lichess_db_broadcast_2022-11_0026,73,b5c4,-147,,147.000000,0.000000,1.705679,0.000000,0.000000,1.705679
lichess_db_broadcast_2022-11_0026,73,b5c5,-167,,167.000000,0.000000,1.630467,0.000000,0.000000,1.630467
lichess_db_broadcast_2022-11_0026,73,b5c6,-161,,161.000000,0.000000,1.662605,0.000000,0.000000,1.662605
lichess_db_broadcast_2022-11_0026,73,c8a8,-154,,154.000000,0.000000,0.000000,0.000000,0.000000,0.000000
lichess_db_broadcast_2022-11_0026,73,c8b8,-129,,129.000000,0.000000,1.365022,0.000000,0.000000,1.365022
lichess_db_broadcast_2022-11_0026,73,c8c1,-215,,215.000000,0.000000,0.000000,0.000000,0.000000,0.000000
lichess_db_broadcast_2022-11_0026,73,c8c2,-262,,262.000000,0.000000,1.890902,0.000000,0.000000,1.890902
lichess_db_broadcast_2022-11_0026,73,c8c3,527,,-527.000000,0.000000,4.879670,6.560000,-6.560000,-1.680330
lichess_db_broadcast_2022-11_0026,73,c8c4,-220,,220.000000,0.000000,3.405073,0.000000,0.000000,3.405073
lichess_db_broadcast_2022-11_0026,73,c8c5,-214,,214.000000,0.000000,3.798925,0.000000,0.000000,3.798925
lichess_db_broadcast_2022-11_0026,73,c8c6,-216,,216.000000,0.000000,3.469723,0.000000,0.000000,3.469723
lichess_db_broadcast_2022-11_0026,73,c8c7,-210,,210.000000,0.000000,1.736027,0.000000,0.000000,1.736027
lichess_db_broadcast_2022-11_0026,73,c8d8,570,,-570.000000,0.000000,4.879670,2.000000,-2.000000,2.879670
lichess_db_broadcast_2022-11_0026,73,c8e8,-181,,181.000000,0.000000,0.000000,0.000000,0.000000,0.000000
lichess_db_broadcast_2022-11_0026,73,c8f8,524,,-524.000000,0.000000,-6.118303,2.900000,-2.900000,-9.018303
lichess_db_broadcast_2022-11_0026,73,c8g8,492,,-492.000000,0.000000,-5.605963,2.900000,-2.900000,-8.505963
lichess_db_broadcast_2022-11_0026,73,c8h8,478,,-478.000000,0.000000,-7.090477,2.900000,-2.900000,-9.990477
lichess_db_broadcast_2022-11_0026,73,f2f3,25,,-25.000000,0.000000,0.839631,0.000000,0.000000,0.839631
lichess_db_broadcast_2022-11_0026,73,g3f4,-321,,321.000000,0.000000,-16.006798,0.000000,0.000000,-16.006798
lichess_db_broadcast_2022-11_0026,73,g3g4,-188,,188.000000,0.000000,0.945001,0.000000,0.000000,0.945001
lichess_db_broadcast_2022-11_0144,13,a2a3,51,,-51.000000,0.000000,-1.117328,0.000000,0.000000,-1.117328
lichess_db_broadcast_2022-11_0144,13,a2a4,35,,-35.000000,0.000000,1.727431,0.000000,0.000000,1.727431
lichess_db_broadcast_2022-11_0144,13,b1a3,43,,-43.000000,0.000000,-4.279626,0.000000,0.000000,-4.279626
lichess_db_broadcast_2022-11_0144,13,b1c3,23,,-23.000000,0.000000,-8.785021,0.000000,0.000000,-8.785021
lichess_db_broadcast_2022-11_0144,13,b1d2,54,,-54.000000,0.000000,-4.436859,0.000000,0.000000,-4.436859
lichess_db_broadcast_2022-11_0144,13,b3a5,499,,-499.000000,0.000000,-6.095858,0.000000,0.000000,-6.095858
lichess_db_broadcast_2022-11_0144,13,b3c5,453,,-453.000000,0.000000,-4.362700,1.160000,-1.160000,-5.522700
lichess_db_broadcast_2022-11_0144,13,b3d2,72,,-72.000000,0.000000,-5.456516,0.000000,0.000000,-5.456516
lichess_db_broadcast_2022-11_0144,13,b3d4,457,,-457.000000,0.000000,-5.854750,0.000000,0.000000,-5.854750
lichess_db_broadcast_2022-11_0144,13,c1d2,179,,-179.000000,0.000000,-6.749903,0.000000,0.000000,-6.749903
lichess_db_broadcast_2022-11_0144,13,c1e3,212,,-212.000000,0.000000,-8.663568,0.000000,0.000000,-8.663568
lichess_db_broadcast_2022-11_0144,13,c1f4,233,,-233.000000,0.000000,-8.556952,0.000000,0.000000,-8.556952
lichess_db_broadcast_2022-11_0144,13,c1g5,211,,-211.000000,0.000000,-12.012416,0.000000,0.000000,-12.012416
lichess_db_broadcast_2022-11_0144,13,c1h6,548,,-548.000000,0.000000,-8.213950,1.400000,-1.400000,-9.613950
lichess_db_broadcast_2022-11_0144,13,c2c3,41,,-41.000000,0.000000,-1.887889,0.000000,0.000000,-1.887889
lichess_db_broadcast_2022-11_0144,13,c2c4,42,,-42.000000,0.000000,-1.593960,0.000000,0.000000,-1.593960
lichess_db_broadcast_2022-11_0144,13,d1d2,61,,-61.000000,0.000000,-28.933629,0.000000,0.000000,-28.933629
lichess_db_broadcast_2022-11_0144,13,d1d3,59,,-59.000000,0.000000,-30.211722,0.000000,0.000000,-30.211722
lichess_db_broadcast_2022-11_0144,13,d1d4,643,,-643.000000,0.000000,39.380930,12.200000,-12.200000,27.180930
lichess_db_broadcast_2022-11_0144,13,d1d5,91,,-91.000000,0.000000,-34.162460,0.000000,0.000000,-34.162460
lichess_db_broadcast_2022-11_0144,13,d1d6,639,,-639.000000,-7.960000,37.143614,7.960000,-15.920000,21.223614
lichess_db_broadcast_2022-11_0144,13,e1d2,98,,-98.000000,0.000000,-12.353355,0.000000,0.000000,-12.353355
lichess_db_broadcast_2022-11_0144,13,e1f1,76,,-76.000000,0.000000,-4.283903,0.000000,0.000000,-4.283903
lichess_db_broadcast_2022-11_0144,13,e1g1,40,,-40.000000,0.000000,19.198371,0.000000,0.000000,19.198371
lichess_db_broadcast_2022-11_0144,13,e2e3,75,,-75.000000,0.000000,-1.775714,0.000000,0.000000,-1.775714
lichess_db_broadcast_2022-11_0144,13,e2e4,34,,-34.000000,0.000000,-1.858551,0.000000,0.000000,-1.858551
lichess_db_broadcast_2022-11_0144,13,f2f3,88,,-88.000000,0.000000,2.106707,0.000000,0.000000,2.106707
lichess_db_broadcast_2022-11_0144,13,f2f4,100,,-100.000000,0.000000,-1.336827,0.000000,0.000000,-1.336827
lichess_db_broadcast_2022-11_0144,13,g2c6,172,,-172.000000,-1.400000,49.493468,2.560000,-3.960000,45.533468
lichess_db_broadcast_2022-11_0144,13,g2d5,173,,-173.000000,0.000000,8.593166,0.000000,0.000000,8.593166
lichess_db_broadcast_2022-11_0144,13,g2e4,182,,-182.000000,0.000000,-3.162579,0.000000,0.000000,-3.162579
lichess_db_broadcast_2022-11_0144,13,g2f1,93,,-93.000000,0.000000,10.160468,0.000000,0.000000,10.160468
lichess_db_broadcast_2022-11_0144,13,g2f3,126,,-126.000000,0.000000,10.425829,0.000000,0.000000,10.425829
lichess_db_broadcast_2022-11_0144,13,g2h3,588,,-588.000000,0.000000,7.289020,0.000000,0.000000,7.289020
lichess_db_broadcast_2022-11_0144,13,g3g4,229,,-229.000000,0.000000,1.938470,0.000000,0.000000,1.938470
lichess_db_broadcast_2022-11_0144,13,h1f1,107,,-107.000000,0.000000,19.194425,0.000000,0.000000,19.194425
lichess_db_broadcast_2022-11_0144,13,h1g1,107,,-107.000000,0.000000,20.855385,0.000000,0.000000,20.855385
lichess_db_broadcast_2022-11_0144,13,h2h3,36,,-36.000000,0.000000,1.662548,0.000000,0.000000,1.662548
lichess_db_broadcast_2022-11_0144,13,h2h4,61,,-61.000000,0.000000,-1.707057,0.000000,0.000000,-1.707057
lichess_db_broadcast_2022-11_0144,78,e6d5,168,,-168.000000,0.000000,-2.779575,0.000000,0.000000,-2.779575
lichess_db_broadcast_2022-11_0144,78,e6f5,88,,-88.000000,0.000000,-2.816644,0.000000,0.000000,-2.816644
lichess_db_broadcast_2022-11_0144,78,e6f6,55,,-55.000000,0.000000,-1.301213,0.000000,0.000000,-1.301213
lichess_db_broadcast_2022-11_0144,78,e6f7,269,,-269.000000,0.000000,-1.806760,0.000000,0.000000,-1.806760
lichess_db_broadcast_2022-11_0144,103,b6a6,-51,,51.000000,-4.560000,15.938699,0.000000,-4.560000,11.378699
lichess_db_broadcast_2022-11_0144,103,b6b5,592,,-592.000000,-4.560000,16.023708,4.560000,-9.120000,6.903708
lichess_db_broadcast_2022-11_0144,103,b6b7,639,,-639.000000,0.000000,4.449802,0.000000,0.000000,4.449802
lichess_db_broadcast_2022-11_0144,103,b6b8,240,,-240.000000,0.000000,-0.482438,0.000000,0.000000,-0.482438
lichess_db_broadcast_2022-11_0144,103,b6c6,185,,-185.000000,0.000000,2.257446,0.000000,0.000000,2.257446
lichess_db_broadcast_2022-11_0144,103,b6d6,307,,-307.000000,0.000000,2.741142,0.000000,0.000000,2.741142
lichess_db_broadcast_2022-11_0144,103,b6e6,491,,-491.000000,0.000000,3.930513,2.900000,-2.900000,1.030513
lichess_db_broadcast_2022-11_0144,103,b6f6,696,,-696.000000,0.000000,2.440852,2.900000,-2.900000,-0.459148
lichess_db_broadcast_2022-11_0144,103,b6g6,672,,-672.000000,0.000000,2.276343,2.900000,-2.900000,-0.623657
lichess_db_broadcast_2022-11_0144,103,b6h6,720,,-720.000000,0.000000,3.739766,0.000000,0.000000,3.739766
lichess_db_broadcast_2022-11_0144,103,d5c5,408,,-408.000000,0.000000,2.402665,0.000000,0.000000,2.402665
lichess_db_broadcast_2022-11_0144,103,d5c6,404,,-404.000000,0.000000,2.623316,0.000000,0.000000,2.623316
lichess_db_broadcast_2022-11_0144,103,d5d4,428,,-428.000000,0.000000,0.431952,0.000000,0.000000,0.431952
lichess_db_broadcast_2022-11_0144,103,d5d6,483,,-483.000000,0.000000,1.206094,0.000000,0.000000,1.206094
lichess_db_broadcast_2022-11_0144,103,e3e4,-46,,46.000000,0.000000,1.075857,0.000000,0.000000,1.075857
lichess_db_broadcast_2022-11_0151,15,a2a3,28,,-28.000000,0.000000,-1.659667,0.000000,0.000000,-1.659667
lichess_db_broadcast_2022-11_0151,15,a2a4,12,,-12.000000,0.000000,1.727431,0.000000,0.000000,1.727431
lichess_db_broadcast_2022-11_0151,15,b1a3,4,,-4.000000,0.000000,-4.518999,0.000000,0.000000,-4.518999
lichess_db_broadcast_2022-11_0151,15,b1c3,83,,-83.000000,0.000000,-7.243410,0.000000,0.000000,-7.243410
lichess_db_broadcast_2022-11_0151,15,b2a3,94,,-94.000000,0.000000,8.838036,0.000000,0.000000,8.838036
lichess_db_broadcast_2022-11_0151,15,b2c1,97,,-97.000000,0.000000,7.750000,0.000000,0.000000,7.750000
lichess_db_broadcast_2022-11_0151,15,b2c3,80,,-80.000000,0.000000,-3.212166,0.000000,0.000000,-3.212166
lichess_db_broadcast_2022-11_0151,15,b2d4,506,,-506.000000,0.000000,-10.659450,3.960000,-3.960000,-14.619450
lichess_db_broadcast_2022-11_0151,15,b2e5,77,,-77.000000,0.000000,-6.374756,1.400000,-1.400000,-7.774756
lichess_db_broadcast_2022-11_0151,15,b2f6,99,,-99.000000,-1.400000,50.525921,2.560000,-3.960000,46.565921
lichess_db_broadcast_2022-11_0151,15,b3b4,152,,-152.000000,0.000000,-1.954069,0.000000,0.000000,-1.954069
lichess_db_broadcast_2022-11_0151,15,c2c3,83,,-83.000000,0.000000,-1.825339,0.000000,0.000000,-1.825339
lichess_db_broadcast_2022-11_0151,15,c2c4,6,,-6.000000,0.000000,-1.593960,0.000000,0.000000,-1.593960
lichess_db_broadcast_2022-11_0151,15,d1c1,35,,-35.000000,0.000000,26.786584,0.000000,0.000000,26.786584
lichess_db_broadcast_2022-11_0151,15,d1e1,37,,-37.000000,0.000000,23.917911,0.000000,0.000000,23.917911
lichess_db_broadcast_2022-11_0151,15,d1e2,-16,,16.000000,0.000000,34.786403,0.000000,0.000000,34.786403
lichess_db_broadcast_2022-11_0151,15,d2d3,-2,,2.000000,0.000000,-1.003189,0.000000,0.000000,-1.003189
lichess_db_broadcast_2022-11_0151,15,d2d4,14,,-14.000000,0.000000,-1.508414,0.000000,0.000000,-1.508414
lichess_db_broadcast_2022-11_0151,15,e3e4,177,,-177.000000,0.000000,-1.456565,0.000000,0.000000,-1.456565
lichess_db_broadcast_2022-11_0151,15,f1e1,35,,-35.000000,0.000000,12.331961,0.000000,0.000000,12.331961
lichess_db_broadcast_2022-11_0151,15,f3d4,436,,-436.000000,0.000000,-5.437462,1.160000,-1.160000,-6.597462
lichess_db_broadcast_2022-11_0151,15,f3e1,90,,-90.000000,0.000000,4.309625,0.000000,0.000000,4.309625
lichess_db_broadcast_2022-11_0151,15,f3e5,18,,-18.000000,0.000000,-6.099491,0.000000,0.000000,-6.099491
lichess_db_broadcast_2022-11_0151,15,f3g5,103,,-103.000000,0.000000,-5.850318,0.000000,0.000000,-5.850318
lichess_db_broadcast_2022-11_0151,15,f3h4,92,,-92.000000,0.000000,-5.984969,0.000000,0.000000,-5.984969
lichess_db_broadcast_2022-11_0151,15,g1h1,73,,-73.000000,0.000000,-4.705750,0.000000,0.000000,-4.705750
lichess_db_broadcast_2022-11_0151,15,g2h1,63,,-63.000000,0.000000,8.762669,0.000000,0.000000,8.762669
lichess_db_broadcast_2022-11_0151,15,g2h3,69,,-69.000000,0.000000,-4.417378,0.000000,0.000000,-4.417378
lichess_db_broadcast_2022-11_0151,15,g3g4,178,,-178.000000,0.000000,2.045371,0.000000,0.000000,2.045371
lichess_db_broadcast_2022-11_0151,15,h2h3,45,,-45.000000,0.000000,-1.809806,0.000000,0.000000,-1.809806
lichess_db_broadcast_2022-11_0151,15,h2h4,29,,-29.000000,0.000000,-2.090960,0.000000,0.000000,-2.090960
lichess_db_broadcast_2022-11_0151,41,a2a3,-12,,12.000000,0.000000,2.028435,0.000000,0.000000,2.028435
lichess_db_broadcast_2022-11_0151,41,a2a4,-77,,77.000000,0.000000,2.241154,0.000000,0.000000,2.241154
lichess_db_broadcast_2022-11_0151,41,b2a1,-63,,63.000000,0.000000,-11.515780,0.000000,0.000000,-11.515780
lichess_db_broadcast_2022-11_0151,41,b2a3,429,,-429.000000,0.000000,-16.407403,0.000000,0.000000,-16.407403
lichess_db_broadcast_2022-11_0151,41,b2c3,-95,,95.000000,0.000000,-14.323297,0.000000,0.000000,-14.323297
lichess_db_broadcast_2022-11_0151,41,b3b4,-17,,17.000000,0.000000,3.277834,0.000000,0.000000,3.277834
lichess_db_broadcast_2022-11_0151,41,c1a1,-49,,49.000000,0.000000,15.101334,0.000000,0.000000,15.101334
lichess_db_broadcast_2022-11_0151,41,c1b1,9,,-9.000000,0.000000,-6.382662,0.000000,0.000000,-6.382662
lichess_db_broadcast_2022-11_0151,41,c1c2,-67,,67.000000,0.000000,11.297800,0.000000,0.000000,11.297800
lichess_db_broadcast_2022-11_0151,41,c1c3,76,,-76.000000,0.000000,14.876561,0.000000,0.000000,14.876561
lichess_db_broadcast_2022-11_0151,41,c1c4,571,,-571.000000,0.000000,13.803374,4.560000,-4.560000,9.243374
lichess_db_broadcast_2022-11_0151,41,c1c5,426,,-426.000000,0.000000,16.900190,2.000000,-2.000000,14.900190
lichess_db_broadcast_2022-11_0151,41,c1c6,448,,-448.000000,0.000000,-8.382761,4.560000,-4.560000,-12.942761
lichess_db_broadcast_2022-11_0151,41,c1c7,489,,-489.000000,0.000000,-10.404525,3.400000,-3.400000,-13.804525
lichess_db_broadcast_2022-11_0151,41,c1c8,421,,-421.000000,0.000000,-9.404141,0.000000,0.000000,-9.404141
lichess_db_broadcast_2022-11_0151,41,c1d1,-90,,90.000000,0.000000,10.725957,0.000000,0.000000,10.725957
lichess_db_broadcast_2022-11_0151,41,c1e1,-29,,29.000000,0.000000,-8.786499,0.000000,0.000000,-8.786499
lichess_db_broadcast_2022-11_0151,41,c1f1,8,,-8.000000,0.000000,-8.506747,0.000000,0.000000,-8.506747
lichess_db_broadcast_2022-11_0151,41,d2c2,-89,,89.000000,0.000000,16.861675,0.000000,0.000000,16.861675
lichess_db_broadcast_2022-11_0151,41,d2d1,28,,-28.000000,0.000000,9.475234,0.000000,0.000000,9.475234
lichess_db_broadcast_2022-11_0151,41,d2d3,152,,-152.000000,0.000000,8.367513,0.000000,0.000000,8.367513
lichess_db_broadcast_2022-11_0151,41,d4a4,585,,-585.000000,0.000000,23.732875,0.000000,0.000000,23.732875
lichess_db_broadcast_2022-11_0151,41,d4a7,649,,-649.000000,0.000000,27.869341,0.000000,0.000000,27.869341
lichess_db_broadcast_2022-11_0151,41,d4b4,583,,-583.000000,0.000000,18.194855,5.400000,-5.400000,12.794855
lichess_db_broadcast_2022-11_0151,41,d4b6,571,,-571.000000,0.000000,21.743479,0.000000,0.000000,21.743479
lichess_db_broadcast_2022-11_0151,41,d4c3,254,,-254.000000,0.000000,20.377252,0.000000,0.000000,20.377252
lichess_db_broadcast_2022-11_0151,41,d4c4,607,,-607.000000,0.000000,-15.923114,7.960000,-7.960000,-23.883114
lichess_db_broadcast_2022-11_0151,41,d4c5,560,,-560.000000,0.000000,19.442664,5.400000,-5.400000,14.042664
lichess_db_broadcast_2022-11_0151,41,d4d3,-96,,96.000000,0.000000,-12.433435,0.000000,0.000000,-12.433435
lichess_db_broadcast_2022-11_0151,41,d4d5,515,,-515.000000,-7.960000,34.117941,8.800000,-16.760000,17.357941
lichess_db_broadcast_2022-11_0151,41,d4e4,590,,-590.000000,0.000000,-16.558194,7.960000,-7.960000,-24.518194
lichess_db_broadcast_2022-11_0151,41,d4e5,573,,-573.000000,0.000000,25.137299,0.000000,0.000000,25.137299
lichess_db_broadcast_2022-11_0151,41,d4f4,516,,-516.000000,0.000000,22.753506,0.000000,0.000000,22.753506
lichess_db_broadcast_2022-11_0151,41,d4f6,621,,-621.000000,0.000000,17.716742,20.160000,-20.160000,-2.443258
lichess_db_broadcast_2022-11_0151,41,d4g4,588,,-588.000000,0.000000,-14.726365,5.400000,-5.400000,-20.126365
lichess_db_broadcast_2022-11_0151,41,d4g7,471,,-471.000000,-7.960000,19.204799,13.100000,-21.060000,-1.855201
lichess_db_broadcast_2022-11_0151,41,e2c3,-28,,28.000000,0.000000,11.335917,0.000000,0.000000,11.335917
lichess_db_broadcast_2022-11_0151,41,e2f4,-75,,75.000000,0.000000,9.291024,0.000000,0.000000,9.291024
lichess_db_broadcast_2022-11_0151,41,e3e4,377,,-377.000000,0.000000,-1.359376,0.000000,0.000000,-1.359376
lichess_db_broadcast_2022-11_0151,41,f2f3,-11,,11.000000,0.000000,-2.298114,0.000000,0.000000,-2.298114
lichess_db_broadcast_2022-11_0151,41,f2f4,39,,-39.000000,0.000000,1.258067,0.000000,0.000000,1.258067
lichess_db_broadcast_2022-11_0151,41,g1f1,-38,,38.000000,0.000000,-5.674785,0.000000,0.000000,-5.674785
lichess_db_broadcast_2022-11_0151,41,g1h1,-71,,71.000000,0.000000,-5.404050,0.000000,0.000000,-5.404050
lichess_db_broadcast_2022-11_0151,41,g1h2,-68,,68.000000,0.000000,-5.547371,0.000000,0.000000,-5.547371
lichess_db_broadcast_2022-11_0151,41,g2d5,515,,-515.000000,-2.560000,21.170968,0.000000,-2.560000,18.610968
lichess_db_broadcast_2022-11_0151,41,g2e4,506,,-506.000000,0.000000,7.317280,2.560000,-2.560000,4.757280
lichess_db_broadcast_2022-11_0151,41,g2f1,-66,,66.000000,0.000000,-3.525548,0.000000,0.000000,-3.525548
lichess_db_broadcast_2022-11_0151,41,g2f3,-66,,66.000000,0.000000,-2.842743,0.000000,0.000000,-2.842743
lichess_db_broadcast_2022-11_0151,41,g2h1,-55,,55.000000,0.000000,-2.901022,0.000000,0.000000,-2.901022
lichess_db_broadcast_2022-11_0151,41,g2h3,373,,-373.000000,0.000000,6.896875,0.000000,0.000000,6.896875
lichess_db_broadcast_2022-11_0151,41,g3g4,17,,-17.000000,0.000000,-2.594787,0.000000,0.000000,-2.594787
lichess_db_broadcast_2022-11_0151,41,h4h5,-67,,67.000000,0.000000,-2.668287,0.000000,0.000000,-2.668287
lichess_db_broadcast_2022-11_0151,47,b3b4,208,,-208.000000,0.000000,2.296908,0.000000,0.000000,2.296908
lichess_db_broadcast_2022-11_0151,47,c1a1,-108,,108.000000,0.000000,-10.566803,0.000000,0.000000,-10.566803
lichess_db_broadcast_2022-11_0151,47,c1b1,-105,,105.000000,0.000000,-12.361525,0.000000,0.000000,-12.361525
lichess_db_broadcast_2022-11_0151,47,c1c2,-124,,124.000000,0.000000,-13.704671,0.000000,0.000000,-13.704671
lichess_db_broadcast_2022-11_0151,47,c1c3,36,,-36.000000,0.000000,-10.301498,0.000000,0.000000,-10.301498
lichess_db_broadcast_2022-11_0151,47,c1c4,420,,-420.000000,0.000000,12.487250,4.560000,-4.560000,7.927250
lichess_db_broadcast_2022-11_0151,47,c1c5,447,,-447.000000,0.000000,-9.826258,2.000000,-2.000000,-11.826258
lichess_db_broadcast_2022-11_0151,47,c1c6,465,,-465.000000,0.000000,-12.854649,4.560000,-4.560000,-17.414649
lichess_db_broadcast_2022-11_0151,47,c1c7,159,,-159.000000,0.000000,8.344649,3.400000,-3.400000,4.944649
lichess_db_broadcast_2022-11_0151,47,c1c8,416,,-416.000000,0.000000,-12.210579,0.000000,0.000000,-12.210579
lichess_db_broadcast_2022-11_0151,47,c1d1,-118,,118.000000,0.000000,-12.056860,0.000000,0.000000,-12.056860
lichess_db_broadcast_2022-11_0151,47,c1e1,-45,,45.000000,0.000000,-10.888729,0.000000,0.000000,-10.888729
lichess_db_broadcast_2022-11_0151,47,c1f1,-102,,102.000000,0.000000,12.359045,0.000000,0.000000,12.359045
lichess_db_broadcast_2022-11_0151,47,d2b2,402,,-402.000000,0.000000,11.943036,2.000000,-2.000000,9.943036
lichess_db_broadcast_2022-11_0151,47,d2c2,140,,-140.000000,0.000000,-11.539906,0.000000,0.000000,-11.539906
lichess_db_broadcast_2022-11_0151,47,d2d1,396,,-396.000000,0.000000,-9.482548,0.000000,0.000000,-9.482548
lichess_db_broadcast_2022-11_0151,47,d2d3,430,,-430.000000,0.000000,-11.101747,0.000000,0.000000,-11.101747
lichess_db_broadcast_2022-11_0151,47,d2d4,369,,-369.000000,0.000000,6.696445,0.000000,0.000000,6.696445
lichess_db_broadcast_2022-11_0151,47,d2d5,382,,-382.000000,-4.560000,-22.133235,2.000000,-6.560000,-28.693235
lichess_db_broadcast_2022-11_0151,47,e2c3,3,,-3.000000,0.000000,10.554102,0.000000,0.000000,10.554102
lichess_db_broadcast_2022-11_0151,47,e2d4,-96,,96.000000,0.000000,12.129553,0.000000,0.000000,12.129553
lichess_db_broadcast_2022-11_0151,47,e3e4,314,,-314.000000,0.000000,1.359376,0.000000,0.000000,1.359376
lichess_db_broadcast_2022-11_0151,47,e5a1,175,,-175.000000,0.000000,-15.750637,0.000000,0.000000,-15.750637
lichess_db_broadcast_2022-11_0151,47,e5b2,-96,,96.000000,0.000000,-12.917063,0.000000,0.000000,-12.917063
lichess_db_broadcast_2022-11_0151,47,e5b8,262,,-262.000000,0.000000,-10.540765,0.000000,0.000000,-10.540765
lichess_db_broadcast_2022-11_0151,47,e5c3,131,,-131.000000,0.000000,-14.050802,0.000000,0.000000,-14.050802
lichess_db_broadcast_2022-11_0151,47,e5c7,358,,-358.000000,0.000000,-11.286509,1.400000,-1.400000,-12.686509
lichess_db_broadcast_2022-11_0151,47,e5d4,165,,-165.000000,0.000000,-11.318714,0.000000,0.000000,-11.318714
lichess_db_broadcast_2022-11_0151,47,e5d6,417,,-417.000000,0.000000,-11.628515,1.400000,-1.400000,-13.028515
lichess_db_broadcast_2022-11_0151,47,e5f6,444,,-444.000000,0.000000,-15.118679,3.960000,-3.960000,-19.078679
lichess_db_broadcast_2022-11_0151,47,e5g7,260,,-260.000000,-2.560000,-22.439570,2.300000,-4.860000,-27.299570
lichess_db_broadcast_2022-11_0151,47,f2f3,177,,-177.000000,0.000000,1.467568,0.000000,0.000000,1.467568
lichess_db_broadcast_2022-11_0151,47,f4a4,277,,-277.000000,0.000000,-43.798967,0.000000,0.000000,-43.798967
lichess_db_broadcast_2022-11_0151,47,f4b4,654,,-654.000000,0.000000,-33.494086,5.400000,-5.400000,-38.894086
lichess_db_broadcast_2022-11_0151,47,f4c4,707,,-707.000000,0.000000,-35.837317,7.960000,-7.960000,-43.797317
lichess_db_broadcast_2022-11_0151,47,f4d4,152,,-152.000000,0.000000,-27.806349,0.000000,0.000000,-27.806349
lichess_db_broadcast_2022-11_0151,47,f4e4,678,,-678.000000,0.000000,-32.175319,7.960000,-7.960000,-40.135319
lichess_db_broadcast_2022-11_0151,47,f4f3,171,,-171.000000,0.000000,-32.106930,0.000000,0.000000,-32.106930
lichess_db_broadcast_2022-11_0151,47,f4f5,591,,-591.000000,0.000000,-43.739999,5.400000,-5.400000,-49.139999
lichess_db_broadcast_2022-11_0151,47,f4f6,645,,-645.000000,0.000000,-34.282742,14.760000,-14.760000,-49.042742
lichess_db_broadcast_2022-11_0151,47,f4f7,561,,-561.000000,-7.960000,-43.601634,15.100000,-23.060000,-66.661634
lichess_db_broadcast_2022-11_0151,47,f4g4,668,,-668.000000,0.000000,-33.503360,5.400000,-5.400000,-38.903360
lichess_db_broadcast_2022-11_0151,47,f4g5,330,,-330.000000,0.000000,-30.794034,0.000000,0.000000,-30.794034
lichess_db_broadcast_2022-11_0151,47,f4h6,574,,-574.000000,0.000000,-31.578404,7.960000,-7.960000,-39.538404
lichess_db_broadcast_2022-11_0151,47,g1f1,386,,-386.000000,0.000000,7.735279,0.000000,0.000000,7.735279
lichess_db_broadcast_2022-11_0151,47,g1h1,213,,-213.000000,0.000000,3.243260,0.000000,0.000000,3.243260
lichess_db_broadcast_2022-11_0151,47,g1h2,122,,-122.000000,0.000000,6.842312,0.000000,0.000000,6.842312
lichess_db_broadcast_2022-11_0151,47,g2d5,370,,-370.000000,-2.560000,18.443574,0.000000,-2.560000,15.883574
lichess_db_broadcast_2022-11_0151,47,g2e4,450,,-450.000000,0.000000,6.678816,2.560000,-2.560000,4.118816
lichess_db_broadcast_2022-11_0151,47,g2f1,105,,-105.000000,0.000000,9.909763,0.000000,0.000000,9.909763
lichess_db_broadcast_2022-11_0151,47,g2f3,127,,-127.000000,0.000000,6.614025,0.000000,0.000000,6.614025
lichess_db_broadcast_2022-11_0151,47,g2h1,170,,-170.000000,0.000000,2.901022,0.000000,0.000000,2.901022
lichess_db_broadcast_2022-11_0151,47,g2h3,368,,-368.000000,0.000000,6.896875,0.000000,0.000000,6.896875
lichess_db_broadcast_2022-11_0151,47,g3g4,134,,-134.000000,0.000000,-1.835509,0.000000,0.000000,-1.835509
lichess_db_broadcast_2022-11_0151,47,h4h5,200,,-200.000000,0.000000,-2.249163,0.000000,0.000000,-2.249163
lichess_db_broadcast_2022-11_0151,52,a3b2,657,,-657.000000,0.000000,-6.596021,0.000000,0.000000,-6.596021
lichess_db_broadcast_2022-11_0151,52,a3b4,549,,-549.000000,0.000000,-8.343086,0.000000,0.000000,-8.343086
lichess_db_broadcast_2022-11_0151,52,a3c1,619,,-619.000000,0.000000,12.030289,0.000000,0.000000,12.030289
lichess_db_broadcast_2022-11_0151,52,a3c5,636,,-636.000000,0.000000,-7.463204,1.400000,-1.400000,-8.863204
lichess_db_broadcast_2022-11_0151,52,a3d6,649,,-649.000000,0.000000,12.645938,0.000000,0.000000,12.645938
lichess_db_broadcast_2022-11_0151,52,a3e7,673,,-673.000000,0.000000,-4.801496,0.000000,0.000000,-4.801496
lichess_db_broadcast_2022-11_0151,52,a3f8,619,,-619.000000,0.000000,-6.474245,1.400000,-1.400000,-7.874245
lichess_db_broadcast_2022-11_0151,52,a6a5,636,,-636.000000,0.000000,-1.485481,0.000000,0.000000,-1.485481
lichess_db_broadcast_2022-11_0151,52,b6a5,609,,-609.000000,0.000000,1.745625,0.000000,0.000000,1.745625
lichess_db_broadcast_2022-11_0151,52,b6a7,662,,-662.000000,0.000000,10.979859,0.000000,0.000000,10.979859
lichess_db_broadcast_2022-11_0151,52,b6b3,755,,-755.000000,-7.960000,16.330157,7.960000,-15.920000,0.410157
lichess_db_broadcast_2022-11_0151,52,b6b4,678,,-678.000000,0.000000,-18.678309,0.000000,0.000000,-18.678309
lichess_db_broadcast_2022-11_0151,52,b6b5,673,,-673.000000,0.000000,-7.966430,0.000000,0.000000,-7.966430
lichess_db_broadcast_2022-11_0151,52,b6c5,770,,-770.000000,0.000000,9.435024,6.800000,-6.800000,2.635024
lichess_db_broadcast_2022-11_0151,52,b6c6,636,,-636.000000,0.000000,15.146071,0.000000,0.000000,15.146071
lichess_db_broadcast_2022-11_0151,52,b6c7,802,,-802.000000,0.000000,-21.557118,12.200000,-12.200000,-33.757118
lichess_db_broadcast_2022-11_0151,52,b6d4,913,,-913.000000,0.000000,26.897201,23.560000,-23.560000,3.337201
lichess_db_broadcast_2022-11_0151,52,b6d6,887,,-887.000000,0.000000,-20.830809,5.400000,-5.400000,-26.230809
lichess_db_broadcast_2022-11_0151,52,b6e3,798,,-798.000000,-7.960000,32.900654,7.960000,-15.920000,16.980654
lichess_db_broadcast_2022-11_0151,52,b6e6,220,,-220.000000,-6.800000,-49.892560,0.000000,-6.800000,-56.692560
lichess_db_broadcast_2022-11_0151,52,d5d4,635,,-635.000000,0.000000,-3.380979,0.000000,0.000000,-3.380979
lichess_db_broadcast_2022-11_0151,52,d7c7,851,,-851.000000,0.000000,-17.838107,5.400000,-5.400000,-23.238107
lichess_db_broadcast_2022-11_0151,52,d7d6,667,,-667.000000,0.000000,-18.425597,2.000000,-2.000000,-20.425597
lichess_db_broadcast_2022-11_0151,52,d7e7,661,,-661.000000,0.000000,-6.411523,0.000000,0.000000,-6.411523
lichess_db_broadcast_2022-11_0151,52,d7f7,746,,-746.000000,0.000000,-10.712490,0.000000,0.000000,-10.712490
lichess_db_broadcast_2022-11_0151,52,d8a8,506,,-506.000000,0.000000,12.584579,0.000000,0.000000,12.584579
lichess_db_broadcast_2022-11_0151,52,d8b8,744,,-744.000000,0.000000,-15.206687,2.000000,-2.000000,-17.206687
lichess_db_broadcast_2022-11_0151,52,d8c8,449,,-449.000000,0.000000,9.015816,0.000000,0.000000,9.015816
lichess_db_broadcast_2022-11_0151,52,e8c7,778,,-778.000000,0.000000,-6.747675,0.000000,0.000000,-6.747675
lichess_db_broadcast_2022-11_0151,52,e8d6,675,,-675.000000,0.000000,-7.063699,0.000000,0.000000,-7.063699
lichess_db_broadcast_2022-11_0151,52,f6e5,359,,-359.000000,2.560000,-161.371274,0.000000,2.560000,-158.811274
lichess_db_broadcast_2022-11_0151,52,f6f5,734,,-734.000000,0.000000,2.744390,0.000000,0.000000,2.744390
lichess_db_broadcast_2022-11_0151,52,g7g5,591,,-591.000000,0.000000,-2.372318,0.000000,0.000000,-2.372318
lichess_db_broadcast_2022-11_0151,52,g7g6,645,,-645.000000,0.000000,2.768389,0.000000,0.000000,2.768389
lichess_db_broadcast_2022-11_0151,52,g8f7,677,,-677.000000,0.000000,-5.364028,0.000000,0.000000,-5.364028
lichess_db_broadcast_2022-11_0151,52,g8h8,583,,-583.000000,0.000000,-3.077994,0.000000,0.000000,-3.077994
lichess_db_broadcast_2022-11_0151,52,h7h5,708,,-708.000000,0.000000,-2.287146,0.000000,0.000000,-2.287146
lichess_db_broadcast_2022-11_0151,52,h7h6,654,,-654.000000,0.000000,-3.712389,0.000000,0.000000,-3.712389
lichess_db_broadcast_2022-11_0173,27,a1b1,27,,-27.000000,0.000000,13.578671,0.000000,0.000000,13.578671
lichess_db_broadcast_2022-11_0173,27,a1c1,39,,-39.000000,0.000000,11.004647,0.000000,0.000000,11.004647
lichess_db_broadcast_2022-11_0173,27,a1d1,-22,,22.000000,0.000000,13.024285,0.000000,0.000000,13.024285
lichess_db_broadcast_2022-11_0173,27,a3b2,34,,-34.000000,0.000000,10.320694,0.000000,0.000000,10.320694
lichess_db_broadcast_2022-11_0173,27,a3b4,418,,-418.000000,0.000000,7.513996,2.560000,-2.560000,4.953996
lichess_db_broadcast_2022-11_0173,27,a3c1,94,,-94.000000,0.000000,7.619657,0.000000,0.000000,7.619657
lichess_db_broadcast_2022-11_0173,27,a3c5,130,,-130.000000,-2.560000,-18.241579,1.400000,-3.960000,-22.201579
lichess_db_broadcast_2022-11_0173,27,b3a4,26,,-26.000000,0.000000,-17.775376,0.000000,0.000000,-17.775376
lichess_db_broadcast_2022-11_0173,27,b3b1,90,,-90.000000,0.000000,24.180477,0.000000,0.000000,24.180477
lichess_db_broadcast_2022-11_0173,27,b3b2,28,,-28.000000,0.000000,28.061598,0.000000,0.000000,28.061598
lichess_db_broadcast_2022-11_0173,27,b3b4,555,,-555.000000,0.000000,-9.604092,7.960000,-7.960000,-17.564092
lichess_db_broadcast_2022-11_0173,27,b3b5,38,,-38.000000,0.000000,9.791940,0.000000,0.000000,9.791940
lichess_db_broadcast_2022-11_0173,27,b3b6,621,,-621.000000,0.000000,-18.090047,14.760000,-14.760000,-32.850047
lichess_db_broadcast_2022-11_0173,27,b3b7,611,,-611.000000,-7.960000,30.136174,5.400000,-13.360000,16.776174
lichess_db_broadcast_2022-11_0173,27,b3c2,58,,-58.000000,0.000000,5.625748,0.000000,0.000000,5.625748
lichess_db_broadcast_2022-11_0173,27,b3d1,52,,-52.000000,0.000000,-22.635999,0.000000,0.000000,-22.635999
lichess_db_broadcast_2022-11_0173,27,d4c5,52,,-52.000000,0.000000,-16.270640,0.000000,0.000000,-16.270640
lichess_db_broadcast_2022-11_0173,27,d4d5,139,,-139.000000,0.000000,2.391007,0.000000,0.000000,2.391007
lichess_db_broadcast_2022-11_0173,27,d4e5,-64,,64.000000,0.000000,-16.104284,0.000000,0.000000,-16.104284
lichess_db_broadcast_2022-11_0173,27,e1b1,109,,-109.000000,0.000000,9.859091,0.000000,0.000000,9.859091
lichess_db_broadcast_2022-11_0173,27,e1c1,109,,-109.000000,0.000000,-6.571533,0.000000,0.000000,-6.571533
lichess_db_broadcast_2022-11_0173,27,e1d1,61,,-61.000000,0.000000,-12.078886,0.000000,0.000000,-12.078886
lichess_db_broadcast_2022-11_0173,27,e1e2,28,,-28.000000,0.000000,9.138601,0.000000,0.000000,9.138601
lichess_db_broadcast_2022-11_0173,27,e1e3,25,,-25.000000,0.000000,14.499687,0.000000,0.000000,14.499687
lichess_db_broadcast_2022-11_0173,27,e1e4,135,,-135.000000,0.000000,9.823882,0.000000,0.000000,9.823882
lichess_db_broadcast_2022-11_0173,27,e1e5,257,,-257.000000,-4.560000,-18.539198,5.400000,-9.960000,-28.499198
lichess_db_broadcast_2022-11_0173,27,e1f1,90,,-90.000000,0.000000,-8.776527,0.000000,0.000000,-8.776527
lichess_db_broadcast_2022-11_0173,27,f3d2,120,,-120.000000,0.000000,-8.916766,0.000000,0.000000,-8.916766
lichess_db_broadcast_2022-11_0173,27,f3e5,-4,,4.000000,-1.160000,-17.785194,0.000000,-1.160000,-18.945194
lichess_db_broadcast_2022-11_0173,27,f3g5,86,,-86.000000,0.000000,-7.055325,0.000000,0.000000,-7.055325
lichess_db_broadcast_2022-11_0173,27,f3h4,111,,-111.000000,0.000000,-7.216903,0.000000,0.000000,-7.216903
lichess_db_broadcast_2022-11_0173,27,g1f1,59,,-59.000000,0.000000,-4.468197,0.000000,0.000000,-4.468197
lichess_db_broadcast_2022-11_0173,27,g1h1,56,,-56.000000,0.000000,-3.609480,0.000000,0.000000,-3.609480
lichess_db_broadcast_2022-11_0173,27,g2f1,56,,-56.000000,0.000000,-7.040485,0.000000,0.000000,-7.040485
lichess_db_broadcast_2022-11_0173,27,g2h1,49,,-49.000000,0.000000,5.548755,0.000000,0.000000,5.548755
lichess_db_broadcast_2022-11_0173,27,g2h3,63,,-63.000000,0.000000,8.186509,0.000000,0.000000,8.186509
lichess_db_broadcast_2022-11_0173,27,g3g4,83,,-83.000000,0.000000,-1.622983,0.000000,0.000000,-1.622983
lichess_db_broadcast_2022-11_0173,27,h2h3,19,,-19.000000,0.000000,-2.408561,0.000000,0.000000,-2.408561
lichess_db_broadcast_2022-11_0173,27,h2h4,-19,,19.000000,0.000000,-1.751226,0.000000,0.000000,-1.751226
lichess_db_broadcast_2022-11_0223,5,a2a3,-6,,6.000000,0.000000,-1.475360,0.000000,0.000000,-1.475360
lichess_db_broadcast_2022-11_0223,5,a2a4,-11,,11.000000,0.000000,1.727431,0.000000,0.000000,1.727431
lichess_db_broadcast_2022-11_0223,5,b1a3,12,,-12.000000,0.000000,-4.692462,0.000000,0.000000,-4.692462
lichess_db_broadcast_2022-11_0223,5,b1c3,-46,,46.000000,0.000000,-8.640361,0.000000,0.000000,-8.640361
lichess_db_broadcast_2022-11_0223,5,b2b3,-21,,21.000000,0.000000,1.750555,0.000000,0.000000,1.750555
lichess_db_broadcast_2022-11_0223,5,b2b4,48,,-48.000000,0.000000,-1.575570,0.000000,0.000000,-1.575570
lichess_db_broadcast_2022-11_0223,5,c2c3,-35,,35.000000,0.000000,-1.670325,0.000000,0.000000,-1.670325
lichess_db_broadcast_2022-11_0223,5,c2c4,-13,,13.000000,0.000000,-1.689640,0.000000,0.000000,-1.689640
lichess_db_broadcast_2022-11_0223,5,d1e2,37,,-37.000000,0.000000,40.445169,0.000000,0.000000,40.445169
lichess_db_broadcast_2022-11_0223,5,d2d3,26,,-26.000000,0.000000,-1.485982,0.000000,0.000000,-1.485982
lichess_db_broadcast_2022-11_0223,5,d2d4,-43,,43.000000,0.000000,-1.312320,0.000000,0.000000,-1.312320
lichess_db_broadcast_2022-11_0223,5,e1e2,92,,-92.000000,0.000000,-15.451037,0.000000,0.000000,-15.451037
lichess_db_broadcast_2022-11_0223,5,e4e5,25,,-25.000000,0.000000,-1.429395,0.000000,0.000000,-1.429395
lichess_db_broadcast_2022-11_0223,5,f1a6,408,,-408.000000,0.000000,-8.550839,2.560000,-2.560000,-11.110839
lichess_db_broadcast_2022-11_0223,5,f1b5,-40,,40.000000,0.000000,-10.923887,0.000000,0.000000,-10.923887
lichess_db_broadcast_2022-11_0223,5,f1c4,-12,,12.000000,0.000000,-9.667851,0.000000,0.000000,-9.667851
lichess_db_broadcast_2022-11_0223,5,f1d3,2,,-2.000000,0.000000,-7.119662,0.000000,0.000000,-7.119662
lichess_db_broadcast_2022-11_0223,5,f1e2,-16,,16.000000,0.000000,-9.558483,0.000000,0.000000,-9.558483
lichess_db_broadcast_2022-11_0223,5,f3d4,501,,-501.000000,0.000000,-4.117524,1.160000,-1.160000,-5.277524
lichess_db_broadcast_2022-11_0223,5,f3e5,400,,-400.000000,0.000000,-4.914125,0.000000,0.000000,-4.914125
lichess_db_broadcast_2022-11_0223,5,f3g1,66,,-66.000000,0.000000,4.345912,0.000000,0.000000,4.345912
lichess_db_broadcast_2022-11_0223,5,f3g5,64,,-64.000000,0.000000,-4.888376,0.000000,0.000000,-4.888376
lichess_db_broadcast_2022-11_0223,5,f3h4,70,,-70.000000,0.000000,-5.522485,0.000000,0.000000,-5.522485
lichess_db_broadcast_2022-11_0223,5,g2g3,5,,-5.000000,0.000000,-1.131868,0.000000,0.000000,-1.131868
lichess_db_broadcast_2022-11_0223,5,g2g4,121,,-121.000000,0.000000,1.980420,0.000000,0.000000,1.980420
lichess_db_broadcast_2022-11_0223,5,h1g1,68,,-68.000000,0.000000,22.869336,0.000000,0.000000,22.869336
lichess_db_broadcast_2022-11_0223,5,h2h3,-29,,29.000000,0.000000,1.614777,0.000000,0.000000,1.614777
lichess_db_broadcast_2022-11_0223,5,h2h4,20,,-20.000000,0.000000,-1.707057,0.000000,0.000000,-1.707057
lichess_db_broadcast_2022-11_0223,26,a6a5,-142,,142.000000,0.000000,2.262044,0.000000,0.000000,2.262044
lichess_db_broadcast_2022-11_0223,26,a8a7,-127,,127.000000,0.000000,15.122190,0.000000,0.000000,15.122190
lichess_db_broadcast_2022-11_0223,26,a8b8,-200,,200.000000,0.000000,11.504514,0.000000,0.000000,11.504514
lichess_db_broadcast_2022-11_0223,26,b7b5,-33,,33.000000,0.000000,-2.446256,0.000000,0.000000,-2.446256
lichess_db_broadcast_2022-11_0223,26,b7b6,-131,,131.000000,0.000000,2.605114,0.000000,0.000000,2.605114
lichess_db_broadcast_2022-11_0223,26,c5c4,-48,,48.000000,0.000000,-2.542263,0.000000,0.000000,-2.542263
lichess_db_broadcast_2022-11_0223,26,c7a5,334,,-334.000000,0.000000,23.057567,0.000000,0.000000,23.057567
lichess_db_broadcast_2022-11_0223,26,c7b6,284,,-284.000000,0.000000,-22.049216,0.000000,0.000000,-22.049216
lichess_db_broadcast_2022-11_0223,26,c7b8,-29,,29.000000,0.000000,37.686145,0.000000,0.000000,37.686145
lichess_db_broadcast_2022-11_0223,26,c7c6,423,,-423.000000,0.000000,-18.677422,0.000000,0.000000,-18.677422
lichess_db_broadcast_2022-11_0223,26,c7d6,731,,-731.000000,0.000000,19.063774,6.800000,-6.800000,12.263774
lichess_db_broadcast_2022-11_0223,26,c7d8,290,,-290.000000,0.000000,41.691066,0.000000,0.000000,41.691066
lichess_db_broadcast_2022-11_0223,26,d7d5,-210,,210.000000,0.000000,-2.510757,0.000000,0.000000,-2.510757
lichess_db_broadcast_2022-11_0223,26,d7d6,-87,,87.000000,0.000000,2.104606,0.000000,0.000000,2.104606
lichess_db_broadcast_2022-11_0223,26,e5c4,334,,-334.000000,0.000000,7.713144,1.160000,-1.160000,6.553144
lichess_db_broadcast_2022-11_0223,26,e5c6,-183,,183.000000,0.000000,-3.949157,0.000000,0.000000,-3.949157
lichess_db_broadcast_2022-11_0223,26,e5d3,208,,-208.000000,-1.160000,-16.384386,1.160000,-2.320000,-18.704386
lichess_db_broadcast_2022-11_0223,26,e5f3,-191,,191.000000,0.000000,49.145293,1.160000,-1.160000,47.985293
lichess_db_broadcast_2022-11_0223,26,e5g4,-244,,244.000000,0.000000,-6.797598,0.000000,0.000000,-6.797598
lichess_db_broadcast_2022-11_0223,26,e5g6,-241,,241.000000,0.000000,-6.433115,0.000000,0.000000,-6.433115
lichess_db_broadcast_2022-11_0223,26,e7d6,472,,-472.000000,0.000000,10.489397,1.400000,-1.400000,9.089397
lichess_db_broadcast_2022-11_0223,26,e7d8,-20,,20.000000,0.000000,9.337389,0.000000,0.000000,9.337389
lichess_db_broadcast_2022-11_0223,26,e7f6,38,,-38.000000,0.000000,-8.565627,1.400000,-1.400000,-9.965627
lichess_db_broadcast_2022-11_0223,26,e7f8,-108,,108.000000,0.000000,9.979421,0.000000,0.000000,9.979421
lichess_db_broadcast_2022-11_0223,26,e7g5,479,,-479.000000,0.000000,-10.380955,2.800000,-2.800000,-13.180955
lichess_db_broadcast_2022-11_0223,26,e7h4,438,,-438.000000,0.000000,-9.225920,1.400000,-1.400000,-10.625920
lichess_db_broadcast_2022-11_0223,26,e8d8,-92,,92.000000,0.000000,6.726510,0.000000,0.000000,6.726510
lichess_db_broadcast_2022-11_0223,26,e8f8,-127,,127.000000,0.000000,4.826307,0.000000,0.000000,4.826307
lichess_db_broadcast_2022-11_0223,26,e8g8,-173,,173.000000,0.000000,-11.887736,0.000000,0.000000,-11.887736
lichess_db_broadcast_2022-11_0223,26,f7f5,-184,,184.000000,0.000000,-2.245743,0.000000,0.000000,-2.245743
lichess_db_broadcast_2022-11_0223,26,f7f6,-131,,131.000000,0.000000,-2.406575,0.000000,0.000000,-2.406575
lichess_db_broadcast_2022-11_0223,26,g7g5,-43,,43.000000,0.000000,-2.729373,0.000000,0.000000,-2.729373
lichess_db_broadcast_2022-11_0223,26,g7g6,-119,,119.000000,0.000000,-2.631336,0.000000,0.000000,-2.631336
lichess_db_broadcast_2022-11_0223,26,h7h5,-111,,111.000000,0.000000,-2.668057,0.000000,0.000000,-2.668057
lichess_db_broadcast_2022-11_0223,26,h7h6,-140,,140.000000,0.000000,-3.243578,0.000000,0.000000,-3.243578
lichess_db_broadcast_2022-11_0223,26,h8f8,-113,,113.000000,0.000000,-10.985889,0.000000,0.000000,-10.985889
lichess_db_broadcast_2022-11_0223,26,h8g8,-126,,126.000000,0.000000,-10.710598,0.000000,0.000000,-10.710598
lichess_db_broadcast_2022-11_0335,9,a2a3,123,,-123.000000,0.000000,-1.475360,0.000000,0.000000,-1.475360
lichess_db_broadcast_2022-11_0335,9,a2a4,125,,-125.000000,0.000000,1.727431,0.000000,0.000000,1.727431
lichess_db_broadcast_2022-11_0335,9,b1a3,139,,-139.000000,0.000000,-4.651515,0.000000,0.000000,-4.651515
lichess_db_broadcast_2022-11_0335,9,b1c3,-47,,47.000000,0.000000,-8.648479,0.000000,0.000000,-8.648479
lichess_db_broadcast_2022-11_0335,9,b1d2,326,,-326.000000,0.000000,-4.784953,0.000000,0.000000,-4.784953
lichess_db_broadcast_2022-11_0335,9,b2b3,124,,-124.000000,0.000000,1.891664,0.000000,0.000000,1.891664
lichess_db_broadcast_2022-11_0335,9,b2b4,138,,-138.000000,0.000000,-1.575570,0.000000,0.000000,-1.575570
lichess_db_broadcast_2022-11_0335,9,c1d2,378,,-378.000000,0.000000,-6.749903,0.000000,0.000000,-6.749903
lichess_db_broadcast_2022-11_0335,9,c1e3,99,,-99.000000,0.000000,-8.532059,0.000000,0.000000,-8.532059
lichess_db_broadcast_2022-11_0335,9,c1f4,98,,-98.000000,0.000000,-8.641299,0.000000,0.000000,-8.641299
lichess_db_broadcast_2022-11_0335,9,c1g5,159,,-159.000000,0.000000,-13.366958,0.000000,0.000000,-13.366958
lichess_db_broadcast_2022-11_0335,9,c1h6,412,,-412.000000,0.000000,-8.328009,2.560000,-2.560000,-10.888009
lichess_db_broadcast_2022-11_0335,9,c2c3,117,,-117.000000,0.000000,-1.817673,0.000000,0.000000,-1.817673
lichess_db_broadcast_2022-11_0335,9,c2c4,110,,-110.000000,0.000000,-1.845740,0.000000,0.000000,-1.845740
lichess_db_broadcast_2022-11_0335,9,d1d2,154,,-154.000000,0.000000,-30.729552,0.000000,0.000000,-30.729552
lichess_db_broadcast_2022-11_0335,9,d1d3,26,,-26.000000,0.000000,-31.066289,0.000000,0.000000,-31.066289
lichess_db_broadcast_2022-11_0335,9,d1e2,436,,-436.000000,0.000000,37.774627,0.000000,0.000000,37.774627
lichess_db_broadcast_2022-11_0335,9,d1f3,422,,-422.000000,0.000000,37.778557,0.000000,0.000000,37.778557
lichess_db_broadcast_2022-11_0335,9,d1g4,645,,-645.000000,0.000000,-36.642344,6.800000,-6.800000,-43.442344
lichess_db_broadcast_2022-11_0335,9,d1h5,620,,-620.000000,0.000000,-32.842908,6.800000,-6.800000,-39.642908
lichess_db_broadcast_2022-11_0335,9,d4b3,132,,-132.000000,0.000000,4.949323,0.000000,0.000000,4.949323
lichess_db_broadcast_2022-11_0335,9,d4b5,134,,-134.000000,0.000000,4.827724,0.000000,0.000000,4.827724
lichess_db_broadcast_2022-11_0335,9,d4c6,-11,,11.000000,0.000000,49.086198,2.320000,-2.320000,46.766198
lichess_db_broadcast_2022-11_0335,9,d4e2,151,,-151.000000,0.000000,3.834180,0.000000,0.000000,3.834180
lichess_db_broadcast_2022-11_0335,9,d4e6,426,,-426.000000,0.000000,10.372774,2.320000,-2.320000,8.052774
lichess_db_broadcast_2022-11_0335,9,d4f3,140,,-140.000000,0.000000,3.742700,0.000000,0.000000,3.742700
lichess_db_broadcast_2022-11_0335,9,d4f5,170,,-170.000000,0.000000,5.136760,0.000000,0.000000,5.136760
lichess_db_broadcast_2022-11_0335,9,e1d2,402,,-402.000000,0.000000,-12.258297,0.000000,0.000000,-12.258297
lichess_db_broadcast_2022-11_0335,9,e1e2,211,,-211.000000,0.000000,-12.932968,0.000000,0.000000,-12.932968
lichess_db_broadcast_2022-11_0335,9,e4e5,126,,-126.000000,0.000000,-1.350396,0.000000,0.000000,-1.350396
lichess_db_broadcast_2022-11_0335,9,f1a6,375,,-375.000000,0.000000,-8.550839,2.560000,-2.560000,-11.110839
lichess_db_broadcast_2022-11_0335,9,f1b5,135,,-135.000000,0.000000,-11.115691,0.000000,0.000000,-11.115691
lichess_db_broadcast_2022-11_0335,9,f1c4,84,,-84.000000,0.000000,-9.056053,0.000000,0.000000,-9.056053
lichess_db_broadcast_2022-11_0335,9,f1d3,361,,-361.000000,0.000000,-7.119662,0.000000,0.000000,-7.119662
lichess_db_broadcast_2022-11_0335,9,f1e2,91,,-91.000000,0.000000,-8.507188,0.000000,0.000000,-8.507188
lichess_db_broadcast_2022-11_0335,9,f2f3,20,,-20.000000,0.000000,1.766003,0.000000,0.000000,1.766003
lichess_db_broadcast_2022-11_0335,9,f2f4,131,,-131.000000,0.000000,-1.336827,0.000000,0.000000,-1.336827
lichess_db_broadcast_2022-11_0335,9,g2g3,100,,-100.000000,0.000000,-1.131868,0.000000,0.000000,-1.131868
lichess_db_broadcast_2022-11_0335,9,g2g4,123,,-123.000000,0.000000,2.085171,0.000000,0.000000,2.085171
lichess_db_broadcast_2022-11_0335,9,h1g1,184,,-184.000000,0.000000,22.803404,0.000000,0.000000,22.803404
lichess_db_broadcast_2022-11_0335,9,h2h3,123,,-123.000000,0.000000,1.472516,0.000000,0.000000,1.472516
lichess_db_broadcast_2022-11_0335,9,h2h4,141,,-141.000000,0.000000,-1.707057,0.000000,0.000000,-1.707057
lichess_db_broadcast_2022-11_0335,42,a5a4,165,,-165.000000,0.000000,-1.962449,0.000000,0.000000,-1.962449
lichess_db_broadcast_2022-11_0335,42,b6a6,235,,-235.000000,0.000000,-11.604890,0.000000,0.000000,-11.604890
lichess_db_broadcast_2022-11_0335,42,b6b5,445,,-445.000000,0.000000,-9.872060,4.560000,-4.560000,-14.432060
lichess_db_broadcast_2022-11_0335,42,b6b7,219,,-219.000000,0.000000,-8.063677,0.000000,0.000000,-8.063677
lichess_db_broadcast_2022-11_0335,42,b6b8,209,,-209.000000,0.000000,-8.153755,0.000000,0.000000,-8.153755
lichess_db_broadcast_2022-11_0335,42,b6c6,214,,-214.000000,0.000000,-8.179792,0.000000,0.000000,-8.179792
lichess_db_broadcast_2022-11_0335,42,c7a7,215,,-215.000000,0.000000,12.761953,0.000000,0.000000,12.761953
lichess_db_broadcast_2022-11_0335,42,c7b7,189,,-189.000000,0.000000,-17.888986,0.000000,0.000000,-17.888986
lichess_db_broadcast_2022-11_0335,42,c7b8,185,,-185.000000,0.000000,22.347301,0.000000,0.000000,22.347301
lichess_db_broadcast_2022-11_0335,42,c7c4,669,,-669.000000,-7.960000,-29.729014,14.760000,-22.720000,-52.449014
lichess_db_broadcast_2022-11_0335,42,c7c5,130,,-130.000000,0.000000,-13.953876,0.000000,0.000000,-13.953876
lichess_db_broadcast_2022-11_0335,42,c7c6,193,,-193.000000,0.000000,-16.082054,0.000000,0.000000,-16.082054
lichess_db_broadcast_2022-11_0335,42,c7c8,254,,-254.000000,0.000000,-19.879128,0.000000,0.000000,-19.879128
lichess_db_broadcast_2022-11_0335,42,c7d7,435,,-435.000000,0.000000,-19.446336,0.000000,0.000000,-19.446336
lichess_db_broadcast_2022-11_0335,42,c7d8,259,,-259.000000,0.000000,-17.059184,0.000000,0.000000,-17.059184
lichess_db_broadcast_2022-11_0335,42,d6d5,235,,-235.000000,0.000000,-2.626749,0.000000,0.000000,-2.626749
lichess_db_broadcast_2022-11_0335,42,e5f4,94,,-94.000000,0.000000,-16.241944,0.000000,0.000000,-16.241944
lichess_db_broadcast_2022-11_0335,42,e6c4,418,,-418.000000,-2.560000,-21.300775,3.960000,-6.520000,-27.820775
lichess_db_broadcast_2022-11_0335,42,e6c8,127,,-127.000000,0.000000,4.906326,0.000000,0.000000,4.906326
lichess_db_broadcast_2022-11_0335,42,e6d5,469,,-469.000000,0.000000,-7.434953,6.520000,-6.520000,-13.954953
lichess_db_broadcast_2022-11_0335,42,e6d7,274,,-274.000000,0.000000,-7.829304,0.000000,0.000000,-7.829304
lichess_db_broadcast_2022-11_0335,42,e6f5,462,,-462.000000,0.000000,-10.833708,3.960000,-3.960000,-14.793708
lichess_db_broadcast_2022-11_0335,42,e6g4,532,,-532.000000,0.000000,5.339608,1.400000,-1.400000,3.939608
lichess_db_broadcast_2022-11_0335,42,e6h3,446,,-446.000000,0.000000,-9.079359,0.000000,0.000000,-9.079359
lichess_db_broadcast_2022-11_0335,42,e7c6,241,,-241.000000,0.000000,-3.411791,0.000000,0.000000,-3.411791
lichess_db_broadcast_2022-11_0335,42,e7c8,215,,-215.000000,0.000000,-3.029801,0.000000,0.000000,-3.029801
lichess_db_broadcast_2022-11_0335,42,e7d5,515,,-515.000000,0.000000,-9.884771,2.320000,-2.320000,-12.204771
lichess_db_broadcast_2022-11_0335,42,e7f5,548,,-548.000000,0.000000,-5.214711,1.160000,-1.160000,-6.374711
lichess_db_broadcast_2022-11_0335,42,e7g6,420,,-420.000000,0.000000,-4.340497,0.000000,0.000000,-4.340497
lichess_db_broadcast_2022-11_0335,42,f7f5,205,,-205.000000,0.000000,-2.574850,0.000000,0.000000,-2.574850
lichess_db_broadcast_2022-11_0335,42,f7f6,136,,-136.000000,0.000000,2.543418,0.000000,0.000000,2.543418
lichess_db_broadcast_2022-11_0335,42,f8a8,174,,-174.000000,0.000000,-8.346277,0.000000,0.000000,-8.346277
lichess_db_broadcast_2022-11_0335,42,f8b8,184,,-184.000000,0.000000,9.166985,0.000000,0.000000,9.166985
lichess_db_broadcast_2022-11_0335,42,f8c8,206,,-206.000000,0.000000,11.014198,0.000000,0.000000,11.014198
lichess_db_broadcast_2022-11_0335,42,f8d8,176,,-176.000000,0.000000,-14.622922,0.000000,0.000000,-14.622922
lichess_db_broadcast_2022-11_0335,42,f8e8,207,,-207.000000,0.000000,6.417916,0.000000,0.000000,6.417916
lichess_db_broadcast_2022-11_0335,42,g7g5,356,,-356.000000,0.000000,-2.106116,0.000000,0.000000,-2.106116
lichess_db_broadcast_2022-11_0335,42,g7g6,206,,-206.000000,0.000000,-2.965016,0.000000,0.000000,-2.965016
lichess_db_broadcast_2022-11_0335,42,g8h8,130,,-130.000000,0.000000,3.931183,0.000000,0.000000,3.931183
lichess_db_broadcast_2022-11_0335,42,h6f4,307,,-307.000000,-2.560000,-19.368976,2.560000,-5.120000,-24.488976
lichess_db_broadcast_2022-11_0335,42,h6g5,547,,-547.000000,0.000000,-4.067979,5.120000,-5.120000,-9.187979
lichess_db_broadcast_2022-11_0335,57,a2a3,372,,-372.000000,0.000000,1.661627,0.000000,0.000000,1.661627
lichess_db_broadcast_2022-11_0335,57,a2a4,283,,-283.000000,0.000000,-1.813915,0.000000,0.000000,-1.813915
lichess_db_broadcast_2022-11_0335,57,c2a1,443,,-443.000000,0.000000,4.786843,0.000000,0.000000,4.786843
lichess_db_broadcast_2022-11_0335,57,c2a3,466,,-466.000000,0.000000,4.260941,1.160000,-1.160000,3.100941
lichess_db_broadcast_2022-11_0335,57,c2b4,323,,-323.000000,-1.160000,16.620911,1.160000,-2.320000,14.300911
lichess_db_broadcast_2022-11_0335,57,c2d4,436,,-436.000000,0.000000,3.611379,1.160000,-1.160000,2.451379
lichess_db_broadcast_2022-11_0335,57,c2e1,441,,-441.000000,0.000000,3.629860,0.000000,0.000000,3.629860
lichess_db_broadcast_2022-11_0335,57,c2e3,582,,-582.000000,0.000000,9.234711,0.000000,0.000000,9.234711
lichess_db_broadcast_2022-11_0335,57,c4c5,63,,-63.000000,0.000000,1.843579,0.000000,0.000000,1.843579
lichess_db_broadcast_2022-11_0335,57,d1a1,352,,-352.000000,0.000000,5.384195,0.000000,0.000000,5.384195
lichess_db_broadcast_2022-11_0335,57,d1b1,363,,-363.000000,0.000000,2.727527,0.000000,0.000000,2.727527
lichess_db_broadcast_2022-11_0335,57,d1c1,369,,-369.000000,0.000000,-9.711567,2.000000,-2.000000,-11.711567
lichess_db_broadcast_2022-11_0335,57,d1d2,298,,-298.000000,0.000000,12.985984,2.000000,-2.000000,10.985984
lichess_db_broadcast_2022-11_0335,57,d1d3,229,,-229.000000,0.000000,-3.150897,0.000000,0.000000,-3.150897
lichess_db_broadcast_2022-11_0335,57,d1d4,582,,-582.000000,0.000000,8.952443,7.960000,-7.960000,0.992443
lichess_db_broadcast_2022-11_0335,57,d1d5,322,,-322.000000,0.000000,7.370398,0.000000,0.000000,7.370398
lichess_db_broadcast_2022-11_0335,57,d1d6,490,,-490.000000,-4.560000,17.611480,3.400000,-7.960000,9.651480
lichess_db_broadcast_2022-11_0335,57,d1e1,316,,-316.000000,0.000000,7.368171,0.000000,0.000000,7.368171
lichess_db_broadcast_2022-11_0335,57,e4f5,-268,,268.000000,1.160000,-49.529509,0.000000,1.160000,-48.369509
lichess_db_broadcast_2022-11_0335,57,f1e1,359,,-359.000000,0.000000,-8.127490,0.000000,0.000000,-8.127490
lichess_db_broadcast_2022-11_0335,57,f1g1,454,,-454.000000,0.000000,8.253880,0.000000,0.000000,8.253880
lichess_db_broadcast_2022-11_0335,57,f1h1,421,,-421.000000,0.000000,8.530339,0.000000,0.000000,8.530339
lichess_db_broadcast_2022-11_0335,57,f2b6,-347,,347.000000,-3.400000,475.572444,0.000000,-3.400000,472.172444
lichess_db_broadcast_2022-11_0335,57,f2c5,587,,-587.000000,0.000000,37.485014,7.960000,-7.960000,29.525014
lichess_db_broadcast_2022-11_0335,57,f2d2,493,,-493.000000,0.000000,-11.743712,5.400000,-5.400000,-17.143712
lichess_db_broadcast_2022-11_0335,57,f2d4,673,,-673.000000,0.000000,17.698439,14.760000,-14.760000,2.938439
lichess_db_broadcast_2022-11_0335,57,f2e1,219,,-219.000000,0.000000,17.516070,0.000000,0.000000,17.516070
lichess_db_broadcast_2022-11_0335,57,f2e2,243,,-243.000000,0.000000,31.119662,0.000000,0.000000,31.119662
lichess_db_broadcast_2022-11_0335,57,f2e3,661,,-661.000000,0.000000,16.182183,12.200000,-12.200000,3.982183
lichess_db_broadcast_2022-11_0335,57,f2f3,342,,-342.000000,0.000000,20.322374,0.000000,0.000000,20.322374
lichess_db_broadcast_2022-11_0335,57,f2f4,578,,-578.000000,0.000000,-7.878472,13.360000,-13.360000,-21.238472
lichess_db_broadcast_2022-11_0335,57,f2f5,407,,-407.000000,-6.800000,-55.432971,8.800000,-15.600000,-71.032971
lichess_db_broadcast_2022-11_0335,57,f2g1,152,,-152.000000,0.000000,17.818465,0.000000,0.000000,17.818465
lichess_db_broadcast_2022-11_0335,57,g2f3,207,,-207.000000,0.000000,7.896875,0.000000,0.000000,7.896875
lichess_db_broadcast_2022-11_0335,57,g2h1,379,,-379.000000,0.000000,9.272598,0.000000,0.000000,9.272598
lichess_db_broadcast_2022-11_0335,57,g2h3,181,,-181.000000,0.000000,-10.972885,0.000000,0.000000,-10.972885
lichess_db_broadcast_2022-11_0335,57,g3g4,378,,-378.000000,0.000000,-2.484430,0.000000,0.000000,-2.484430
lichess_db_broadcast_2022-11_0335,57,h2g1,386,,-386.000000,0.000000,7.011397,0.000000,0.000000,7.011397
lichess_db_broadcast_2022-11_0335,57,h2h1,380,,-380.000000,0.000000,5.005245,0.000000,0.000000,5.005245
lichess_db_broadcast_2022-11_0335,57,h2h3,672,,-672.000000,0.000000,-6.926409,0.000000,0.000000,-6.926409
lichess_db_broadcast_2022-11_0335,57,h4h5,353,,-353.000000,0.000000,1.942226,0.000000,0.000000,1.942226
lichess_db_broadcast_2022-11_0373,64,d6a6,-9,,9.000000,0.000000,0.843029,0.000000,0.000000,0.843029
lichess_db_broadcast_2022-11_0373,64,d6b6,564,,-564.000000,0.000000,2.794778,0.000000,0.000000,2.794778
lichess_db_broadcast_2022-11_0373,64,d6c6,7,,-7.000000,0.000000,-0.502896,0.000000,0.000000,-0.502896
lichess_db_broadcast_2022-11_0373,64,d6d1,0,,-0.000000,0.000000,1.208636,0.000000,0.000000,1.208636
lichess_db_broadcast_2022-11_0373,64,d6d2,1,,-1.000000,0.000000,1.267010,0.000000,0.000000,1.267010
lichess_db_broadcast_2022-11_0373,64,d6d3,3,,-3.000000,0.000000,-0.477239,0.000000,0.000000,-0.477239
lichess_db_broadcast_2022-11_0373,64,d6d4,0,,-0.000000,0.000000,-0.477239,0.000000,0.000000,-0.477239
lichess_db_broadcast_2022-11_0373,64,d6d5,570,,-570.000000,0.000000,2.985837,0.000000,0.000000,2.985837
lichess_db_broadcast_2022-11_0373,64,d6d7,1,,-1.000000,0.000000,0.954274,0.000000,0.000000,0.954274
lichess_db_broadcast_2022-11_0373,64,d6d8,-1,,1.000000,0.000000,1.710614,0.000000,0.000000,1.710614
lichess_db_broadcast_2022-11_0373,64,d6e6,-11,,11.000000,0.000000,-0.497576,0.000000,0.000000,-0.497576
lichess_db_broadcast_2022-11_0373,64,d6f6,-3,,3.000000,0.000000,0.838853,0.000000,0.000000,0.838853
lichess_db_broadcast_2022-11_0373,64,f7f5,-7,,7.000000,0.000000,-1.778769,0.000000,0.000000,-1.778769
lichess_db_broadcast_2022-11_0373,64,f7f6,0,,-0.000000,0.000000,-1.861518,0.000000,0.000000,-1.861518
lichess_db_broadcast_2022-11_0373,64,g6g5,0,,-0.000000,0.000000,1.869732,0.000000,0.000000,1.869732
lichess_db_broadcast_2022-11_0373,64,g8f8,-13,,13.000000,0.000000,-0.748941,0.000000,0.000000,-0.748941
lichess_db_broadcast_2022-11_0373,64,g8g7,-18,,18.000000,0.000000,2.849053,0.000000,0.000000,2.849053
lichess_db_broadcast_2022-11_0373,64,g8h8,-5,,5.000000,0.000000,-0.680062,0.000000,0.000000,-0.680062
lichess_db_broadcast_2022-11_0373,64,h7h5,-25,,25.000000,0.000000,-2.304957,0.000000,0.000000,-2.304957
lichess_db_broadcast_2022-11_0373,64,h7h6,-20,,20.000000,0.000000,2.858449,0.000000,0.000000,2.858449
lichess_db_broadcast_2022-11_0373,73,b6a6,0,,-0.000000,0.000000,0.839540,0.000000,0.000000,0.839540
lichess_db_broadcast_2022-11_0373,73,b6b1,14,,-14.000000,0.000000,1.372719,0.000000,0.000000,1.372719
lichess_db_broadcast_2022-11_0373,73,b6b2,670,,-670.000000,0.000000,2.683524,0.000000,0.000000,2.683524
lichess_db_broadcast_2022-11_0373,73,b6b3,11,,-11.000000,0.000000,-0.797880,0.000000,0.000000,-0.797880
lichess_db_broadcast_2022-11_0373,73,b6b4,13,,-13.000000,0.000000,0.855458,0.000000,0.000000,0.855458
lichess_db_broadcast_2022-11_0373,73,b6b5,8,,-8.000000,0.000000,0.532846,0.000000,0.000000,0.532846
lichess_db_broadcast_2022-11_0373,73,b6b7,8,,-8.000000,0.000000,-0.498949,0.000000,0.000000,-0.498949
lichess_db_broadcast_2022-11_0373,73,b6b8,15,,-15.000000,0.000000,1.609761,0.000000,0.000000,1.609761
lichess_db_broadcast_2022-11_0373,73,b6c6,24,,-24.000000,0.000000,-0.531170,0.000000,0.000000,-0.531170
lichess_db_broadcast_2022-11_0373,73,b6d6,629,,-629.000000,0.000000,3.068175,0.000000,0.000000,3.068175
lichess_db_broadcast_2022-11_0373,73,b6e6,662,,-662.000000,0.000000,-0.511738,4.560000,-4.560000,-5.071738
lichess_db_broadcast_2022-11_0373,73,b6f6,19,,-19.000000,0.000000,1.949415,0.000000,0.000000,1.949415
lichess_db_broadcast_2022-11_0373,73,b6g6,562,,-562.000000,-4.560000,-16.099389,4.560000,-9.120000,-25.219389
lichess_db_broadcast_2022-11_0373,73,g1f1,12,,-12.000000,0.000000,0.000000,0.000000,0.000000,0.000000
lichess_db_broadcast_2022-11_0373,73,g1h1,14,,-14.000000,0.000000,0.000000,0.000000,0.000000,0.000000
lichess_db_broadcast_2022-11_0373,73,g3g4,354,,-354.000000,0.000000,0.945001,0.000000,0.000000,0.945001
lichess_db_broadcast_2022-11_0373,108,d4f4,520,,-520.000000,0.000000,3.495143,4.560000,-4.560000,-1.064857
lichess_db_broadcast_2022-11_0373,108,f5e4,22,,-22.000000,0.000000,2.663269,0.000000,0.000000,2.663269
lichess_db_broadcast_2022-11_0373,108,f5e5,-5,,5.000000,0.000000,2.487277,0.000000,0.000000,2.487277
lichess_db_broadcast_2022-11_0373,108,f5e6,0,,-0.000000,0.000000,1.529803,0.000000,0.000000,1.529803
lichess_db_broadcast_2022-11_0373,108,f5g4,0,,-0.000000,0.000000,1.922896,0.000000,0.000000,1.922896
lichess_db_broadcast_2022-11_0373,128,d4a4,465,,-465.000000,0.000000,3.030008,0.000000,0.000000,3.030008
lichess_db_broadcast_2022-11_0373,128,d4b4,-15,,15.000000,0.000000,1.387464,0.000000,0.000000,1.387464
lichess_db_broadcast_2022-11_0373,128,d4c4,-11,,11.000000,0.000000,-1.188272,0.000000,0.000000,-1.188272
lichess_db_broadcast_2022-11_0373,128,d4d1,-4,,4.000000,0.000000,-1.123843,0.000000,0.000000,-1.123843
lichess_db_broadcast_2022-11_0373,128,d4d2,483,,-483.000000,0.000000,6.370166,0.000000,0.000000,6.370166
lichess_db_broadcast_2022-11_0373,128,d4d3,0,,-0.000000,0.000000,-1.372627,0.000000,0.000000,-1.372627
lichess_db_broadcast_2022-11_0373,128,d4d5,-3,,3.000000,0.000000,-1.071771,0.000000,0.000000,-1.071771
lichess_db_broadcast_2022-11_0373,128,d4d6,-1,,1.000000,0.000000,-1.123843,0.000000,0.000000,-1.123843
lichess_db_broadcast_2022-11_0373,128,d4d7,-3,,3.000000,0.000000,-1.123843,0.000000,0.000000,-1.123843
lichess_db_broadcast_2022-11_0373,128,d4d8,-2,,2.000000,0.000000,-1.123843,0.000000,0.000000,-1.123843
lichess_db_broadcast_2022-11_0373,128,d4e4,-2,,2.000000,0.000000,-1.154061,0.000000,0.000000,-1.154061
lichess_db_broadcast_2022-11_0373,128,d4f4,356,,-356.000000,0.000000,3.857000,4.560000,-4.560000,-0.703000
lichess_db_broadcast_2022-11_0373,128,g4f5,-3,,3.000000,0.000000,-1.320645,0.000000,0.000000,-1.320645
lichess_db_broadcast_2022-11_0373,128,h5h4,-3,,3.000000,0.000000,-1.421549,0.000000,0.000000,-1.421549
lichess_db_broadcast_2022-11_0377,18,a7a5,38,,-38.000000,0.000000,2.320248,0.000000,0.000000,2.320248
lichess_db_broadcast_2022-11_0377,18,a7a6,59,,-59.000000,0.000000,-1.921399,0.000000,0.000000,-1.921399
lichess_db_broadcast_2022-11_0377,18,a8b8,57,,-57.000000,0.000000,19.590967,0.000000,0.000000,19.590967
lichess_db_broadcast_2022-11_0377,18,b7b5,363,,-363.000000,0.000000,-2.324910,0.000000,0.000000,-2.324910
lichess_db_broadcast_2022-11_0377,18,b7b6,237,,-237.000000,0.000000,2.791659,0.000000,0.000000,2.791659
lichess_db_broadcast_2022-11_0377,18,c6a5,150,,-150.000000,0.000000,8.704392,0.000000,0.000000,8.704392
lichess_db_broadcast_2022-11_0377,18,c6b4,210,,-210.000000,0.000000,-7.502016,0.000000,0.000000,-7.502016
lichess_db_broadcast_2022-11_0377,18,c6b8,174,,-174.000000,0.000000,9.081012,0.000000,0.000000,9.081012
lichess_db_broadcast_2022-11_0377,18,c6e5,157,,-157.000000,0.000000,-7.527509,0.000000,0.000000,-7.527509
lichess_db_broadcast_2022-11_0377,18,c6e7,131,,-131.000000,0.000000,8.588917,0.000000,0.000000,8.588917
lichess_db_broadcast_2022-11_0377,18,c8d7,47,,-47.000000,0.000000,-7.761529,0.000000,0.000000,-7.761529
lichess_db_broadcast_2022-11_0377,18,d6a3,546,,-546.000000,0.000000,-7.749769,3.960000,-3.960000,-11.709769
lichess_db_broadcast_2022-11_0377,18,d6b4,131,,-131.000000,0.000000,-8.001536,0.000000,0.000000,-8.001536
lichess_db_broadcast_2022-11_0377,18,d6b8,112,,-112.000000,0.000000,7.429768,0.000000,0.000000,7.429768
lichess_db_broadcast_2022-11_0377,18,d6c5,59,,-59.000000,0.000000,-8.060647,0.000000,0.000000,-8.060647
lichess_db_broadcast_2022-11_0377,18,d6c7,86,,-86.000000,0.000000,7.740855,0.000000,0.000000,7.740855
lichess_db_broadcast_2022-11_0377,18,d6e5,169,,-169.000000,0.000000,-8.349468,1.400000,-1.400000,-9.749468
lichess_db_broadcast_2022-11_0377,18,d6e7,55,,-55.000000,0.000000,9.218785,0.000000,0.000000,9.218785
lichess_db_broadcast_2022-11_0377,18,d6f4,502,,-502.000000,0.000000,-9.355753,2.560000,-2.560000,-11.915753
lichess_db_broadcast_2022-11_0377,18,d6f8,82,,-82.000000,0.000000,7.553344,0.000000,0.000000,7.553344
lichess_db_broadcast_2022-11_0377,18,d6g3,458,,-458.000000,-2.560000,17.814517,5.120000,-7.680000,10.134517
lichess_db_broadcast_2022-11_0377,18,d8a5,147,,-147.000000,0.000000,-28.719252,0.000000,0.000000,-28.719252
lichess_db_broadcast_2022-11_0377,18,d8b6,66,,-66.000000,0.000000,-33.014551,0.000000,0.000000,-33.014551
lichess_db_broadcast_2022-11_0377,18,d8c7,60,,-60.000000,0.000000,-35.256819,0.000000,0.000000,-35.256819
lichess_db_broadcast_2022-11_0377,18,d8d7,84,,-84.000000,0.000000,-29.955896,0.000000,0.000000,-29.955896
lichess_db_broadcast_2022-11_0377,18,d8e7,90,,-90.000000,0.000000,-33.135274,0.000000,0.000000,-33.135274
lichess_db_broadcast_2022-11_0377,18,e6e5,47,,-47.000000,0.000000,2.280350,0.000000,0.000000,2.280350
lichess_db_broadcast_2022-11_0377,18,e8d7,151,,-151.000000,0.000000,-15.312977,0.000000,0.000000,-15.312977
lichess_db_broadcast_2022-11_0377,18,e8e7,125,,-125.000000,0.000000,14.309896,0.000000,0.000000,14.309896
lichess_db_broadcast_2022-11_0377,18,e8f8,103,,-103.000000,0.000000,-4.167486,0.000000,0.000000,-4.167486
lichess_db_broadcast_2022-11_0377,18,e8g8,39,,-39.000000,0.000000,-19.107204,0.000000,0.000000,-19.107204
lichess_db_broadcast_2022-11_0377,18,f6d5,572,,-572.000000,0.000000,-4.716923,1.160000,-1.160000,-5.876923
lichess_db_broadcast_2022-11_0377,18,f6d7,661,,-661.000000,0.000000,-4.277940,0.000000,0.000000,-4.277940
lichess_db_broadcast_2022-11_0377,18,f6e4,670,,-670.000000,0.000000,-5.216729,1.160000,-1.160000,-6.376729
lichess_db_broadcast_2022-11_0377,18,f6g4,638,,-638.000000,0.000000,-4.885806,0.000000,0.000000,-4.885806
lichess_db_broadcast_2022-11_0377,18,f6g8,694,,-694.000000,0.000000,4.155164,0.000000,0.000000,4.155164
lichess_db_broadcast_2022-11_0377,18,f6h5,664,,-664.000000,0.000000,-4.488338,0.000000,0.000000,-4.488338
lichess_db_broadcast_2022-11_0377,18,g7g6,132,,-132.000000,0.000000,-2.161591,0.000000,0.000000,-2.161591
lichess_db_broadcast_2022-11_0377,18,h7h5,111,,-111.000000,0.000000,-2.610030,0.000000,0.000000,-2.610030
lichess_db_broadcast_2022-11_0377,18,h7h6,32,,-32.000000,0.000000,2.980532,0.000000,0.000000,2.980532
lichess_db_broadcast_2022-11_0377,18,h8f8,118,,-118.000000,0.000000,-18.889548,0.000000,0.000000,-18.889548
lichess_db_broadcast_2022-11_0377,18,h8g8,166,,-166.000000,0.000000,-18.994231,0.000000,0.000000,-18.994231
lichess_db_broadcast_2022-11_0377,24,a7a5,24,,-24.000000,0.000000,-2.321356,0.000000,0.000000,-2.321356
lichess_db_broadcast_2022-11_0377,24,a7a6,100,,-100.000000,0.000000,-2.261702,0.000000,0.000000,-2.261702
lichess_db_broadcast_2022-11_0377,24,a8b8,121,,-121.000000,0.000000,13.594510,0.000000,0.000000,13.594510
lichess_db_broadcast_2022-11_0377,24,b7b5,318,,-318.000000,0.000000,-2.871188,0.000000,0.000000,-2.871188
lichess_db_broadcast_2022-11_0377,24,b7b6,248,,-248.000000,0.000000,-3.008604,0.000000,0.000000,-3.008604
lichess_db_broadcast_2022-11_0377,24,c6a5,266,,-266.000000,0.000000,-8.023205,0.000000,0.000000,-8.023205
lichess_db_broadcast_2022-11_0377,24,c6b4,515,,-515.000000,0.000000,8.388847,1.160000,-1.160000,7.228847
lichess_db_broadcast_2022-11_0377,24,c6b8,178,,-178.000000,0.000000,8.152306,0.000000,0.000000,8.152306
lichess_db_broadcast_2022-11_0377,24,c6d8,191,,-191.000000,0.000000,9.248474,0.000000,0.000000,9.248474
lichess_db_broadcast_2022-11_0377,24,c6e5,171,,-171.000000,0.000000,8.402210,0.000000,0.000000,8.402210
lichess_db_broadcast_2022-11_0377,24,c8d7,117,,-117.000000,0.000000,-9.153264,0.000000,0.000000,-9.153264
lichess_db_broadcast_2022-11_0377,24,d6a3,448,,-448.000000,-2.560000,-18.467791,2.560000,-5.120000,-23.587791
lichess_db_broadcast_2022-11_0377,24,d6b4,467,,-467.000000,0.000000,7.183604,2.560000,-2.560000,4.623604
lichess_db_broadcast_2022-11_0377,24,d6b8,117,,-117.000000,0.000000,11.045162,0.000000,0.000000,11.045162
lichess_db_broadcast_2022-11_0377,24,d6c5,227,,-227.000000,0.000000,7.749934,0.000000,0.000000,7.749934
lichess_db_broadcast_2022-11_0377,24,d6c7,103,,-103.000000,0.000000,8.231377,0.000000,0.000000,8.231377
lichess_db_broadcast_2022-11_0377,24,d6e5,179,,-179.000000,0.000000,8.388596,1.400000,-1.400000,6.988596
lichess_db_broadcast_2022-11_0377,24,d6f4,491,,-491.000000,0.000000,-11.643018,2.560000,-2.560000,-14.203018
lichess_db_broadcast_2022-11_0377,24,d6g3,434,,-434.000000,-2.560000,-19.181358,5.120000,-7.680000,-26.861358
lichess_db_broadcast_2022-11_0377,24,e6e5,116,,-116.000000,0.000000,2.280350,0.000000,0.000000,2.280350
lichess_db_broadcast_2022-11_0377,24,e7c7,128,,-128.000000,0.000000,-15.835791,0.000000,0.000000,-15.835791
lichess_db_broadcast_2022-11_0377,24,e7d7,152,,-152.000000,0.000000,-23.392185,0.000000,0.000000,-23.392185
lichess_db_broadcast_2022-11_0377,24,e7d8,117,,-117.000000,0.000000,32.239838,0.000000,0.000000,32.239838
lichess_db_broadcast_2022-11_0377,24,e7f6,158,,-158.000000,0.000000,-19.273762,0.000000,0.000000,-19.273762
lichess_db_broadcast_2022-11_0377,24,e7f8,218,,-218.000000,0.000000,33.230073,0.000000,0.000000,33.230073
lichess_db_broadcast_2022-11_0377,24,e7g5,633,,-633.000000,0.000000,-24.543968,6.800000,-6.800000,-31.343968
lichess_db_broadcast_2022-11_0377,24,e7h4,747,,-747.000000,0.000000,-21.258123,14.760000,-14.760000,-36.018123
lichess_db_broadcast_2022-11_0377,24,e8d7,290,,-290.000000,0.000000,15.312977,0.000000,0.000000,15.312977
lichess_db_broadcast_2022-11_0377,24,e8d8,240,,-240.000000,0.000000,-5.375391,0.000000,0.000000,-5.375391
lichess_db_broadcast_2022-11_0377,24,e8f8,209,,-209.000000,0.000000,4.512683,0.000000,0.000000,4.512683
lichess_db_broadcast_2022-11_0377,24,e8g8,100,,-100.000000,0.000000,12.939440,0.000000,0.000000,12.939440
lichess_db_broadcast_2022-11_0377,24,f7f5,158,,-158.000000,0.000000,-2.210879,0.000000,0.000000,-2.210879
lichess_db_broadcast_2022-11_0377,24,f7f6,150,,-150.000000,0.000000,1.780090,0.000000,0.000000,1.780090
lichess_db_broadcast_2022-11_0377,24,g7g5,166,,-166.000000,0.000000,-1.769069,0.000000,0.000000,-1.769069
lichess_db_broadcast_2022-11_0377,24,g7g6,170,,-170.000000,0.000000,-2.592840,0.000000,0.000000,-2.592840
lichess_db_broadcast_2022-11_0377,24,h6h5,184,,-184.000000,0.000000,-2.243073,0.000000,0.000000,-2.243073
lichess_db_broadcast_2022-11_0377,24,h8f8,256,,-256.000000,0.000000,13.996366,0.000000,0.000000,13.996366
lichess_db_broadcast_2022-11_0377,24,h8g8,255,,-255.000000,0.000000,-10.456976,0.000000,0.000000,-10.456976
lichess_db_broadcast_2022-11_0377,24,h8h7,280,,-280.000000,0.000000,15.136988,0.000000,0.000000,15.136988
lichess_db_broadcast_2022-11_0377,45,b1a1,353,,-353.000000,0.000000,10.938285,0.000000,0.000000,10.938285
lichess_db_broadcast_2022-11_0377,45,b1b2,336,,-336.000000,0.000000,-11.248314,0.000000,0.000000,-11.248314
lichess_db_broadcast_2022-11_0377,45,b1b3,344,,-344.000000,0.000000,-10.688941,0.000000,0.000000,-10.688941
lichess_db_broadcast_2022-11_0377,45,b1b4,414,,-414.000000,0.000000,8.112143,2.000000,-2.000000,6.112143
lichess_db_broadcast_2022-11_0377,45,b1b5,44,,-44.000000,0.000000,-10.035015,0.000000,0.000000,-10.035015
lichess_db_broadcast_2022-11_0377,45,b1b6,462,,-462.000000,0.000000,-13.170325,2.000000,-2.000000,-15.170325
lichess_db_broadcast_2022-11_0377,45,b1b7,377,,-377.000000,-4.560000,22.667777,2.000000,-6.560000,16.107777
lichess_db_broadcast_2022-11_0377,45,b1c1,364,,-364.000000,0.000000,-10.740482,0.000000,0.000000,-10.740482
lichess_db_broadcast_2022-11_0377,45,b1d1,401,,-401.000000,0.000000,6.498396,0.000000,0.000000,6.498396
lichess_db_broadcast_2022-11_0377,45,e1a5,644,,-644.000000,0.000000,-27.791387,0.000000,0.000000,-27.791387
lichess_db_broadcast_2022-11_0377,45,e1b4,660,,-660.000000,0.000000,-16.031045,5.400000,-5.400000,-21.431045
lichess_db_broadcast_2022-11_0377,45,e1c1,342,,-342.000000,0.000000,-24.397307,0.000000,0.000000,-24.397307
lichess_db_broadcast_2022-11_0377,45,e1c3,800,,-800.000000,0.000000,35.909483,7.960000,-7.960000,27.949483
lichess_db_broadcast_2022-11_0377,45,e1d1,323,,-323.000000,0.000000,-15.257320,0.000000,0.000000,-15.257320
lichess_db_broadcast_2022-11_0377,45,e1d2,346,,-346.000000,0.000000,-17.945689,0.000000,0.000000,-17.945689
lichess_db_broadcast_2022-11_0377,45,e1e2,336,,-336.000000,0.000000,-20.452291,0.000000,0.000000,-20.452291
lichess_db_broadcast_2022-11_0377,45,e1e3,668,,-668.000000,0.000000,-17.498282,7.960000,-7.960000,-25.458282
lichess_db_broadcast_2022-11_0377,45,e1e4,612,,-612.000000,0.000000,24.239750,7.960000,-7.960000,16.279750
lichess_db_broadcast_2022-11_0377,45,e1f1,331,,-331.000000,0.000000,20.708351,0.000000,0.000000,20.708351
lichess_db_broadcast_2022-11_0377,45,e5c6,326,,-326.000000,0.000000,-3.687445,1.160000,-1.160000,-4.847445
lichess_db_broadcast_2022-11_0377,45,e5d7,332,,-332.000000,0.000000,-4.240704,0.000000,0.000000,-4.240704
lichess_db_broadcast_2022-11_0377,45,e5f3,31,,-31.000000,0.000000,8.916167,0.000000,0.000000,8.916167
lichess_db_broadcast_2022-11_0377,45,e5f7,324,,-324.000000,0.000000,-4.119802,0.000000,0.000000,-4.119802
lichess_db_broadcast_2022-11_0377,45,e5g4,299,,-299.000000,0.000000,-4.350888,1.160000,-1.160000,-5.510888
lichess_db_broadcast_2022-11_0377,45,e5g6,322,,-322.000000,0.000000,-4.412079,0.000000,0.000000,-4.412079
lichess_db_broadcast_2022-11_0377,45,f2f3,450,,-450.000000,0.000000,-2.395784,0.000000,0.000000,-2.395784
lichess_db_broadcast_2022-11_0377,45,f2f4,32,,-32.000000,0.000000,-2.438501,0.000000,0.000000,-2.438501
lichess_db_broadcast_2022-11_0377,45,g1f1,376,,-376.000000,0.000000,5.494482,0.000000,0.000000,5.494482
lichess_db_broadcast_2022-11_0377,45,g1h1,381,,-381.000000,0.000000,-4.743644,0.000000,0.000000,-4.743644
lichess_db_broadcast_2022-11_0377,45,g2b7,406,,-406.000000,-2.560000,17.684383,0.000000,-2.560000,15.124383
lichess_db_broadcast_2022-11_0377,45,g2c6,475,,-475.000000,0.000000,-5.012236,2.560000,-2.560000,-7.572236
lichess_db_broadcast_2022-11_0377,45,g2d5,394,,-394.000000,0.000000,-1.734494,2.560000,-2.560000,-4.294494
lichess_db_broadcast_2022-11_0377,45,g2e4,362,,-362.000000,0.000000,7.941814,2.560000,-2.560000,5.381814
lichess_db_broadcast_2022-11_0377,45,g2f1,348,,-348.000000,0.000000,6.055178,0.000000,0.000000,6.055178
lichess_db_broadcast_2022-11_0377,45,g2f3,326,,-326.000000,0.000000,2.587431,0.000000,0.000000,2.587431
lichess_db_broadcast_2022-11_0377,45,g2h1,353,,-353.000000,0.000000,6.982071,0.000000,0.000000,6.982071
lichess_db_broadcast_2022-11_0377,45,g2h3,367,,-367.000000,0.000000,-5.014394,0.000000,0.000000,-5.014394
lichess_db_broadcast_2022-11_0377,45,g3g4,413,,-413.000000,0.000000,-2.400580,0.000000,0.000000,-2.400580
lichess_db_broadcast_2022-11_0377,45,h2h3,318,,-318.000000,0.000000,1.979662,0.000000,0.000000,1.979662
lichess_db_broadcast_2022-11_0377,45,h2h4,347,,-347.000000,0.000000,2.044784,0.000000,0.000000,2.044784
lichess_db_broadcast_2022-11_0377,48,b7b5,242,,-242.000000,0.000000,-2.839837,0.000000,0.000000,-2.839837
lichess_db_broadcast_2022-11_0377,48,b7b6,182,,-182.000000,0.000000,-2.692097,0.000000,0.000000,-2.692097
lichess_db_broadcast_2022-11_0377,48,c5a3,61,,-61.000000,0.000000,4.389213,0.000000,0.000000,4.389213
lichess_db_broadcast_2022-11_0377,48,c5a7,123,,-123.000000,0.000000,-1.512546,0.000000,0.000000,-1.512546
lichess_db_broadcast_2022-11_0377,48,c5b4,411,,-411.000000,0.000000,5.091046,0.000000,0.000000,5.091046
lichess_db_broadcast_2022-11_0377,48,c5b6,433,,-433.000000,0.000000,6.989768,0.000000,0.000000,6.989768
lichess_db_broadcast_2022-11_0377,48,c5d6,-39,,39.000000,0.000000,4.535242,0.000000,0.000000,4.535242
lichess_db_broadcast_2022-11_0377,48,c5e7,512,,-512.000000,0.000000,-6.829592,0.000000,0.000000,-6.829592
lichess_db_broadcast_2022-11_0377,48,c5f8,57,,-57.000000,0.000000,5.501953,0.000000,0.000000,5.501953
lichess_db_broadcast_2022-11_0377,48,c7a5,349,,-349.000000,0.000000,5.271416,0.000000,0.000000,5.271416
lichess_db_broadcast_2022-11_0377,48,c7b6,567,,-567.000000,0.000000,10.879580,3.400000,-3.400000,7.479580
lichess_db_broadcast_2022-11_0377,48,c7b8,456,,-456.000000,0.000000,10.483782,0.000000,0.000000,10.483782
lichess_db_broadcast_2022-11_0377,48,c7c6,692,,-692.000000,0.000000,18.048811,12.200000,-12.200000,5.848811
lichess_db_broadcast_2022-11_0377,48,c7d6,348,,-348.000000,0.000000,10.801872,0.000000,0.000000,10.801872
lichess_db_broadcast_2022-11_0377,48,c7d7,677,,-677.000000,0.000000,13.487174,6.800000,-6.800000,6.687174
lichess_db_broadcast_2022-11_0377,48,c7d8,142,,-142.000000,0.000000,22.037612,0.000000,0.000000,22.037612
lichess_db_broadcast_2022-11_0377,48,c7e5,703,,-703.000000,-6.800000,52.814983,7.960000,-14.760000,38.054983
lichess_db_broadcast_2022-11_0377,48,c7e7,253,,-253.000000,0.000000,-16.468782,0.000000,0.000000,-16.468782
lichess_db_broadcast_2022-11_0377,48,c7f7,643,,-643.000000,0.000000,7.851338,6.800000,-6.800000,1.051338
lichess_db_broadcast_2022-11_0377,48,c7g7,83,,-83.000000,0.000000,7.195701,0.000000,0.000000,7.195701
lichess_db_broadcast_2022-11_0377,48,c7h7,85,,-85.000000,0.000000,9.352144,0.000000,0.000000,9.352144
lichess_db_broadcast_2022-11_0377,48,c8d7,464,,-464.000000,0.000000,-4.482068,1.400000,-1.400000,-5.882068
lichess_db_broadcast_2022-11_0377,48,f6e7,357,,-357.000000,0.000000,-6.533334,0.000000,0.000000,-6.533334
lichess_db_broadcast_2022-11_0377,48,f6g7,130,,-130.000000,0.000000,7.011207,0.000000,0.000000,7.011207
lichess_db_broadcast_2022-11_0377,48,g5f4,-47,,47.000000,0.000000,-16.221637,0.000000,0.000000,-16.221637
lichess_db_broadcast_2022-11_0377,48,g5g4,29,,-29.000000,0.000000,-2.223130,0.000000,0.000000,-2.223130
lichess_db_broadcast_2022-11_0377,48,h6h5,33,,-33.000000,0.000000,-2.305864,0.000000,0.000000,-2.305864
lichess_db_broadcast_2022-11_0377,48,h8d8,31,,-31.000000,0.000000,7.468385,0.000000,0.000000,7.468385
lichess_db_broadcast_2022-11_0377,48,h8e8,318,,-318.000000,0.000000,-10.283029,0.000000,0.000000,-10.283029
lichess_db_broadcast_2022-11_0377,48,h8f8,48,,-48.000000,0.000000,6.550542,0.000000,0.000000,6.550542
lichess_db_broadcast_2022-11_0377,48,h8g8,47,,-47.000000,0.000000,-3.916303,0.000000,0.000000,-3.916303
lichess_db_broadcast_2022-11_0377,48,h8h7,208,,-208.000000,0.000000,7.838881,0.000000,0.000000,7.838881
lichess_db_broadcast_2022-11_0377,54,c5a3,607,,-607.000000,0.000000,4.389213,0.000000,0.000000,4.389213
lichess_db_broadcast_2022-11_0377,54,c5a7,567,,-567.000000,0.000000,2.100108,0.000000,0.000000,2.100108
lichess_db_broadcast_2022-11_0377,54,c5b4,563,,-563.000000,0.000000,4.244059,0.000000,0.000000,4.244059
lichess_db_broadcast_2022-11_0377,54,c5b6,306,,-306.000000,0.000000,6.926370,0.000000,0.000000,6.926370
lichess_db_broadcast_2022-11_0377,54,c5d6,333,,-333.000000,0.000000,7.406826,0.000000,0.000000,7.406826
lichess_db_broadcast_2022-11_0377,54,c5e7,531,,-531.000000,0.000000,6.538830,0.000000,0.000000,6.538830
lichess_db_broadcast_2022-11_0377,54,c5f8,699,,-699.000000,0.000000,5.487301,0.000000,0.000000,5.487301
lichess_db_broadcast_2022-11_0377,54,c7a5,671,,-671.000000,0.000000,9.381515,0.000000,0.000000,9.381515
lichess_db_broadcast_2022-11_0377,54,c7b6,492,,-492.000000,0.000000,9.556758,3.400000,-3.400000,6.156758
lichess_db_broadcast_2022-11_0377,54,c7b7,501,,-501.000000,-3.400000,475.728265,5.400000,-8.800000,466.928265
lichess_db_broadcast_2022-11_0377,54,c7b8,530,,-530.000000,0.000000,7.964111,3.400000,-3.400000,4.564111
lichess_db_broadcast_2022-11_0377,54,c7c6,577,,-577.000000,0.000000,14.257322,5.400000,-5.400000,8.857322
lichess_db_broadcast_2022-11_0377,54,c7c8,224,,-224.000000,0.000000,22.375878,0.000000,0.000000,22.375878
lichess_db_broadcast_2022-11_0377,54,c7d6,58,,-58.000000,0.000000,18.880773,0.000000,0.000000,18.880773
lichess_db_broadcast_2022-11_0377,54,c7d8,311,,-311.000000,0.000000,20.590867,0.000000,0.000000,20.590867
lichess_db_broadcast_2022-11_0377,54,c7e5,,6,-9940.000000,0.000000,19.483467,7.960000,-7.960000,11.523467
lichess_db_broadcast_2022-11_0377,54,c7f4,578,,-578.000000,-7.960000,-16.925181,7.960000,-15.920000,-32.845181
lichess_db_broadcast_2022-11_0377,54,d7a4,483,,-483.000000,0.000000,5.818228,0.000000,0.000000,5.818228
lichess_db_broadcast_2022-11_0377,54,d7b5,521,,-521.000000,0.000000,10.736434,2.560000,-2.560000,8.176434
lichess_db_broadcast_2022-11_0377,54,d7c6,694,,-694.000000,0.000000,8.203943,0.000000,0.000000,8.203943
lichess_db_broadcast_2022-11_0377,54,d7c8,581,,-581.000000,0.000000,5.069218,0.000000,0.000000,5.069218
lichess_db_broadcast_2022-11_0377,54,d7e8,582,,-582.000000,0.000000,7.118109,0.000000,0.000000,7.118109
lichess_db_broadcast_2022-11_0377,54,e6e5,551,,-551.000000,0.000000,-2.083755,0.000000,0.000000,-2.083755
lichess_db_broadcast_2022-11_0377,54,f6e7,521,,-521.000000,0.000000,7.718517,0.000000,0.000000,7.718517
lichess_db_broadcast_2022-11_0377,54,f6f7,597,,-597.000000,0.000000,3.622661,0.000000,0.000000,3.622661
lichess_db_broadcast_2022-11_0377,54,f6g6,634,,-634.000000,0.000000,1.177524,0.000000,0.000000,1.177524
lichess_db_broadcast_2022-11_0377,54,f6g7,685,,-685.000000,0.000000,6.389891,0.000000,0.000000,6.389891
lichess_db_broadcast_2022-11_0377,54,h8a8,622,,-622.000000,0.000000,-5.853892,0.000000,0.000000,-5.853892
lichess_db_broadcast_2022-11_0377,54,h8b8,600,,-600.000000,0.000000,9.094763,0.000000,0.000000,9.094763
lichess_db_broadcast_2022-11_0377,54,h8c8,635,,-635.000000,0.000000,9.441490,0.000000,0.000000,9.441490
lichess_db_broadcast_2022-11_0377,54,h8d8,560,,-560.000000,0.000000,7.028005,0.000000,0.000000,7.028005
lichess_db_broadcast_2022-11_0377,54,h8e8,578,,-578.000000,0.000000,11.616865,0.000000,0.000000,11.616865
lichess_db_broadcast_2022-11_0377,54,h8f8,689,,-689.000000,0.000000,5.659606,0.000000,0.000000,5.659606
lichess_db_broadcast_2022-11_0377,54,h8g8,627,,-627.000000,0.000000,3.482464,0.000000,0.000000,3.482464
lichess_db_broadcast_2022-11_0377,54,h8h6,646,,-646.000000,0.000000,1.897783,0.000000,0.000000,1.897783
lichess_db_broadcast_2022-11_0377,54,h8h7,573,,-573.000000,0.000000,7.506684,0.000000,0.000000,7.506684
lichess_db_broadcast_2022-11_0430,23,a1b1,22,,-22.000000,0.000000,11.143880,0.000000,0.000000,11.143880
lichess_db_broadcast_2022-11_0430,23,a2a3,-42,,42.000000,0.000000,-2.083696,0.000000,0.000000,-2.083696
lichess_db_broadcast_2022-11_0430,23,a2a4,-36,,36.000000,0.000000,-1.808218,0.000000,0.000000,-1.808218
lichess_db_broadcast_2022-11_0430,23,b2b3,39,,-39.000000,0.000000,-2.103617,0.000000,0.000000,-2.103617
lichess_db_broadcast_2022-11_0430,23,b2b4,201,,-201.000000,0.000000,-2.183745,0.000000,0.000000,-2.183745
lichess_db_broadcast_2022-11_0430,23,c3a4,25,,-25.000000,0.000000,-7.178104,0.000000,0.000000,-7.178104
lichess_db_broadcast_2022-11_0430,23,c3b1,48,,-48.000000,0.000000,-6.977306,0.000000,0.000000,-6.977306
lichess_db_broadcast_2022-11_0430,23,c3b5,382,,-382.000000,0.000000,7.439579,1.160000,-1.160000,6.279579
lichess_db_broadcast_2022-11_0430,23,c3d1,10,,-10.000000,0.000000,-8.294413,0.000000,0.000000,-8.294413
lichess_db_broadcast_2022-11_0430,23,c3d5,323,,-323.000000,-1.160000,-18.304572,2.320000,-3.480000,-21.784572
lichess_db_broadcast_2022-11_0430,23,d2b1,0,,-0.000000,0.000000,6.088175,0.000000,0.000000,6.088175
lichess_db_broadcast_2022-11_0430,23,d2b3,-22,,22.000000,0.000000,6.571291,0.000000,0.000000,6.571291
lichess_db_broadcast_2022-11_0430,23,d2c4,357,,-357.000000,0.000000,4.485628,1.160000,-1.160000,3.325628
lichess_db_broadcast_2022-11_0430,23,d2f3,-16,,16.000000,0.000000,5.320012,0.000000,0.000000,5.320012
lichess_db_broadcast_2022-11_0430,23,d3d4,119,,-119.000000,0.000000,-2.005208,0.000000,0.000000,-2.005208
lichess_db_broadcast_2022-11_0430,23,e2d1,12,,-12.000000,0.000000,-30.870724,0.000000,0.000000,-30.870724
lichess_db_broadcast_2022-11_0430,23,e2e1,9,,-9.000000,0.000000,32.843965,0.000000,0.000000,32.843965
lichess_db_broadcast_2022-11_0430,23,e2e3,241,,-241.000000,0.000000,-16.790680,0.000000,0.000000,-16.790680
lichess_db_broadcast_2022-11_0430,23,e2f2,53,,-53.000000,0.000000,-16.846292,0.000000,0.000000,-16.846292
lichess_db_broadcast_2022-11_0430,23,e2f3,2,,-2.000000,0.000000,-19.950824,0.000000,0.000000,-19.950824
lichess_db_broadcast_2022-11_0430,23,e2g4,706,,-706.000000,0.000000,-16.470946,6.800000,-6.800000,-23.270946
lichess_db_broadcast_2022-11_0430,23,e2h5,706,,-706.000000,0.000000,-18.443910,6.800000,-6.800000,-25.243910
lichess_db_broadcast_2022-11_0430,23,e4d5,50,,-50.000000,0.000000,16.428981,0.000000,0.000000,16.428981
lichess_db_broadcast_2022-11_0430,23,e4e5,-64,,64.000000,0.000000,1.898966,0.000000,0.000000,1.898966
lichess_db_broadcast_2022-11_0430,23,f1d1,5,,-5.000000,0.000000,-10.311964,0.000000,0.000000,-10.311964
lichess_db_broadcast_2022-11_0430,23,f1e1,-7,,7.000000,0.000000,10.831594,0.000000,0.000000,10.831594
lichess_db_broadcast_2022-11_0430,23,f1f2,7,,-7.000000,0.000000,10.943441,0.000000,0.000000,10.943441
lichess_db_broadcast_2022-11_0430,23,f1f3,58,,-58.000000,0.000000,6.032398,0.000000,0.000000,6.032398
lichess_db_broadcast_2022-11_0430,23,f1g1,-24,,24.000000,0.000000,12.889971,0.000000,0.000000,12.889971
lichess_db_broadcast_2022-11_0430,23,f4f5,38,,-38.000000,0.000000,-2.137213,0.000000,0.000000,-2.137213
lichess_db_broadcast_2022-11_0430,23,g2f3,21,,-21.000000,0.000000,-5.068764,0.000000,0.000000,-5.068764
lichess_db_broadcast_2022-11_0430,23,g2h3,6,,-6.000000,0.000000,-5.437699,0.000000,0.000000,-5.437699
lichess_db_broadcast_2022-11_0430,23,g3g4,-63,,63.000000,0.000000,1.819900,0.000000,0.000000,1.819900
lichess_db_broadcast_2022-11_0430,23,h1g1,10,,-10.000000,0.000000,4.159647,0.000000,0.000000,4.159647
lichess_db_broadcast_2022-11_0430,23,h2h3,-17,,17.000000,0.000000,-1.829136,0.000000,0.000000,-1.829136
lichess_db_broadcast_2022-11_0430,23,h2h4,-14,,14.000000,0.000000,-2.471269,0.000000,0.000000,-2.471269
lichess_db_broadcast_2022-11_0430,24,a5a4,92,,-92.000000,0.000000,-2.149646,0.000000,0.000000,-2.149646
lichess_db_broadcast_2022-11_0430,24,a6b4,378,,-378.000000,0.000000,4.562422,1.160000,-1.160000,3.402422
lichess_db_broadcast_2022-11_0430,24,a6b8,84,,-84.000000,0.000000,4.521939,0.000000,0.000000,4.521939
lichess_db_broadcast_2022-11_0430,24,a6c5,50,,-50.000000,0.000000,4.562422,0.000000,0.000000,4.562422
lichess_db_broadcast_2022-11_0430,24,a6c7,63,,-63.000000,0.000000,5.928053,0.000000,0.000000,5.928053
lichess_db_broadcast_2022-11_0430,24,a8a7,110,,-110.000000,0.000000,-18.961931,0.000000,0.000000,-18.961931
lichess_db_broadcast_2022-11_0430,24,a8b8,83,,-83.000000,0.000000,-17.664075,0.000000,0.000000,-17.664075
lichess_db_broadcast_2022-11_0430,24,a8c8,86,,-86.000000,0.000000,-16.502256,0.000000,0.000000,-16.502256
lichess_db_broadcast_2022-11_0430,24,b7b5,39,,-39.000000,0.000000,-2.523993,0.000000,0.000000,-2.523993
lichess_db_broadcast_2022-11_0430,24,b7b6,74,,-74.000000,0.000000,2.628749,0.000000,0.000000,2.628749
lichess_db_broadcast_2022-11_0430,24,c6c5,120,,-120.000000,0.000000,2.059690,0.000000,0.000000,2.059690
lichess_db_broadcast_2022-11_0430,24,d5d4,132,,-132.000000,0.000000,-1.795254,0.000000,0.000000,-1.795254
lichess_db_broadcast_2022-11_0430,24,d5e4,48,,-48.000000,0.000000,16.461647,0.000000,0.000000,16.461647
lichess_db_broadcast_2022-11_0430,24,d8b6,106,,-106.000000,0.000000,-33.703949,0.000000,0.000000,-33.703949
lichess_db_broadcast_2022-11_0430,24,d8b8,90,,-90.000000,0.000000,-25.906634,0.000000,0.000000,-25.906634
lichess_db_broadcast_2022-11_0430,24,d8c7,72,,-72.000000,0.000000,-33.807197,0.000000,0.000000,-33.807197
lichess_db_broadcast_2022-11_0430,24,d8c8,84,,-84.000000,0.000000,-26.909558,0.000000,0.000000,-26.909558
lichess_db_broadcast_2022-11_0430,24,d8d6,362,,-362.000000,0.000000,-31.359084,0.000000,0.000000,-31.359084
lichess_db_broadcast_2022-11_0430,24,d8d7,104,,-104.000000,0.000000,-35.049252,0.000000,0.000000,-35.049252
lichess_db_broadcast_2022-11_0430,24,d8e8,67,,-67.000000,0.000000,-29.524795,0.000000,0.000000,-29.524795
lichess_db_broadcast_2022-11_0430,24,e6e5,330,,-330.000000,0.000000,-1.502172,0.000000,0.000000,-1.502172
lichess_db_broadcast_2022-11_0430,24,e7a3,421,,-421.000000,-2.560000,21.998905,2.560000,-5.120000,16.878905
lichess_db_broadcast_2022-11_0430,24,e7b4,404,,-404.000000,0.000000,-15.274669,2.560000,-2.560000,-17.834669
lichess_db_broadcast_2022-11_0430,24,e7c5,98,,-98.000000,0.000000,-14.562294,0.000000,0.000000,-14.562294
lichess_db_broadcast_2022-11_0430,24,e7d6,362,,-362.000000,0.000000,-13.075499,0.000000,0.000000,-13.075499
lichess_db_broadcast_2022-11_0430,24,f6d7,49,,-49.000000,0.000000,-5.394645,0.000000,0.000000,-5.394645
lichess_db_broadcast_2022-11_0430,24,f6e4,298,,-298.000000,-1.160000,-18.626472,1.160000,-2.320000,-20.946472
lichess_db_broadcast_2022-11_0430,24,f6e8,80,,-80.000000,0.000000,-5.829843,0.000000,0.000000,-5.829843
lichess_db_broadcast_2022-11_0430,24,f6g4,457,,-457.000000,0.000000,-6.870555,0.000000,0.000000,-6.870555
lichess_db_broadcast_2022-11_0430,24,f6h5,429,,-429.000000,0.000000,-6.859231,0.000000,0.000000,-6.859231
lichess_db_broadcast_2022-11_0430,24,f8e8,72,,-72.000000,0.000000,-12.968010,0.000000,0.000000,-12.968010
lichess_db_broadcast_2022-11_0430,24,g7g5,178,,-178.000000,0.000000,2.717103,0.000000,0.000000,2.717103
lichess_db_broadcast_2022-11_0430,24,g7g6,156,,-156.000000,0.000000,-2.372427,0.000000,0.000000,-2.372427
lichess_db_broadcast_2022-11_0430,24,g8h8,61,,-61.000000,0.000000,-4.512658,0.000000,0.000000,-4.512658
lichess_db_broadcast_2022-11_0430,24,h6h5,98,,-98.000000,0.000000,-2.398264,0.000000,0.000000,-2.398264
lichess_db_broadcast_2022-11_0430,24,h7e4,441,,-441.000000,-2.560000,18.229345,5.360000,-7.920000,10.309345
lichess_db_broadcast_2022-11_0430,24,h7f5,362,,-362.000000,0.000000,4.248565,2.560000,-2.560000,1.688565
lichess_db_broadcast_2022-11_0430,24,h7g6,120,,-120.000000,0.000000,-2.870216,0.000000,0.000000,-2.870216
lichess_db_broadcast_2022-11_0430,40,a5a4,117,,-117.000000,0.000000,2.101565,0.000000,0.000000,2.101565
lichess_db_broadcast_2022-11_0430,40,a8a6,122,,-122.000000,0.000000,-16.670107,0.000000,0.000000,-16.670107
lichess_db_broadcast_2022-11_0430,40,a8a7,128,,-128.000000,0.000000,15.727316,0.000000,0.000000,15.727316
lichess_db_broadcast_2022-11_0430,40,a8b8,75,,-75.000000,0.000000,14.999726,0.000000,0.000000,14.999726
lichess_db_broadcast_2022-11_0430,40,a8c8,118,,-118.000000,0.000000,12.633311,0.000000,0.000000,12.633311
lichess_db_broadcast_2022-11_0430,40,a8d8,125,,-125.000000,0.000000,13.278601,0.000000,0.000000,13.278601
lichess_db_broadcast_2022-11_0430,40,b6a6,51,,-51.000000,0.000000,-19.042407,0.000000,0.000000,-19.042407
lichess_db_broadcast_2022-11_0430,40,b6a7,128,,-128.000000,0.000000,20.266108,0.000000,0.000000,20.266108
lichess_db_broadcast_2022-11_0430,40,b6b1,99,,-99.000000,0.000000,23.378355,0.000000,0.000000,23.378355
lichess_db_broadcast_2022-11_0430,40,b6b2,662,,-662.000000,0.000000,33.394421,6.800000,-6.800000,26.594421
lichess_db_broadcast_2022-11_0430,40,b6b3,635,,-635.000000,0.000000,14.390764,14.760000,-14.760000,-0.369236
lichess_db_broadcast_2022-11_0430,40,b6b4,630,,-630.000000,0.000000,11.602979,7.960000,-7.960000,3.642979
lichess_db_broadcast_2022-11_0430,40,b6b5,474,,-474.000000,0.000000,-15.890775,6.800000,-6.800000,-22.690775
lichess_db_broadcast_2022-11_0430,40,b6b7,87,,-87.000000,0.000000,24.145432,0.000000,0.000000,24.145432
lichess_db_broadcast_2022-11_0430,40,b6b8,132,,-132.000000,0.000000,26.438225,0.000000,0.000000,26.438225
lichess_db_broadcast_2022-11_0430,40,b6c7,88,,-88.000000,0.000000,-11.736773,0.000000,0.000000,-11.736773
lichess_db_broadcast_2022-11_0430,40,b6d8,134,,-134.000000,0.000000,28.768558,0.000000,0.000000,28.768558
lichess_db_broadcast_2022-11_0430,40,c5a4,294,,-294.000000,0.000000,5.535325,0.000000,0.000000,5.535325
lichess_db_broadcast_2022-11_0430,40,c5a6,283,,-283.000000,0.000000,-4.590629,0.000000,0.000000,-4.590629
lichess_db_broadcast_2022-11_0430,40,c5b3,352,,-352.000000,0.000000,-3.235811,1.160000,-1.160000,-4.395811
lichess_db_broadcast_2022-11_0430,40,c5b7,337,,-337.000000,0.000000,-3.910117,0.000000,0.000000,-3.910117
lichess_db_broadcast_2022-11_0430,40,c5d3,128,,-128.000000,-1.160000,18.072300,1.160000,-2.320000,15.752300
lichess_db_broadcast_2022-11_0430,40,c5e4,347,,-347.000000,0.000000,-6.029068,1.160000,-1.160000,-7.189068
lichess_db_broadcast_2022-11_0430,40,d7b8,163,,-163.000000,0.000000,7.371822,0.000000,0.000000,7.371822
lichess_db_broadcast_2022-11_0430,40,d7e5,300,,-300.000000,-1.160000,17.604950,1.160000,-2.320000,15.284950
lichess_db_broadcast_2022-11_0430,40,d7f6,363,,-363.000000,0.000000,10.508759,1.160000,-1.160000,9.348759
lichess_db_broadcast_2022-11_0430,40,e8b8,136,,-136.000000,0.000000,15.094109,0.000000,0.000000,15.094109
lichess_db_broadcast_2022-11_0430,40,e8c8,134,,-134.000000,0.000000,12.332746,0.000000,0.000000,12.332746
lichess_db_broadcast_2022-11_0430,40,e8d8,159,,-159.000000,0.000000,11.743820,0.000000,0.000000,11.743820
lichess_db_broadcast_2022-11_0430,40,e8e7,156,,-156.000000,0.000000,8.800027,0.000000,0.000000,8.800027
lichess_db_broadcast_2022-11_0430,40,f7f5,215,,-215.000000,0.000000,-2.012012,0.000000,0.000000,-2.012012
lichess_db_broadcast_2022-11_0430,40,f7f6,151,,-151.000000,0.000000,2.219852,0.000000,0.000000,2.219852
lichess_db_broadcast_2022-11_0430,40,f8d6,430,,-430.000000,0.000000,-8.167590,2.560000,-2.560000,-10.727590
lichess_db_broadcast_2022-11_0430,40,f8e7,126,,-126.000000,0.000000,-6.887132,0.000000,0.000000,-6.887132
lichess_db_broadcast_2022-11_0430,40,g7g5,272,,-272.000000,0.000000,2.041708,0.000000,0.000000,2.041708
lichess_db_broadcast_2022-11_0430,40,g7g6,189,,-189.000000,0.000000,-2.777340,0.000000,0.000000,-2.777340
lichess_db_broadcast_2022-11_0430,40,g8h8,151,,-151.000000,0.000000,3.710582,0.000000,0.000000,3.710582
lichess_db_broadcast_2022-11_0430,40,h6h5,251,,-251.000000,0.000000,-2.956332,0.000000,0.000000,-2.956332
lichess_db_broadcast_2022-11_0430,40,h7d3,277,,-277.000000,-2.560000,21.814303,2.560000,-5.120000,16.694303
lichess_db_broadcast_2022-11_0430,40,h7e4,440,,-440.000000,0.000000,-6.736681,2.560000,-2.560000,-9.296681
lichess_db_broadcast_2022-11_0430,40,h7f5,253,,-253.000000,0.000000,-3.412258,1.400000,-1.400000,-4.812258
lichess_db_broadcast_2022-11_0430,40,h7g6,169,,-169.000000,0.000000,-5.755067,0.000000,0.000000,-5.755067
lichess_db_broadcast_2022-11_0447,7,a2a3,5,,-5.000000,0.000000,-1.475360,0.000000,0.000000,-1.475360
lichess_db_broadcast_2022-11_0447,7,a2a4,22,,-22.000000,0.000000,1.727431,0.000000,0.000000,1.727431
lichess_db_broadcast_2022-11_0447,7,b1a3,37,,-37.000000,0.000000,-4.651515,0.000000,0.000000,-4.651515
lichess_db_broadcast_2022-11_0447,7,b1c3,-28,,28.000000,0.000000,-8.121841,0.000000,0.000000,-8.121841
lichess_db_broadcast_2022-11_0447,7,b1d2,17,,-17.000000,0.000000,-5.414501,0.000000,0.000000,-5.414501
lichess_db_broadcast_2022-11_0447,7,b2b3,16,,-16.000000,0.000000,1.750555,0.000000,0.000000,1.750555
lichess_db_broadcast_2022-11_0447,7,b2b4,140,,-140.000000,0.000000,1.449501,0.000000,0.000000,1.449501
lichess_db_broadcast_2022-11_0447,7,c1d2,8,,-8.000000,0.000000,-7.149565,0.000000,0.000000,-7.149565
lichess_db_broadcast_2022-11_0447,7,c1e3,28,,-28.000000,0.000000,-8.588702,0.000000,0.000000,-8.588702
lichess_db_broadcast_2022-11_0447,7,c1f4,36,,-36.000000,0.000000,-9.322996,0.000000,0.000000,-9.322996
lichess_db_broadcast_2022-11_0447,7,c1g5,-35,,35.000000,0.000000,-13.028497,0.000000,0.000000,-13.028497
lichess_db_broadcast_2022-11_0447,7,c1h6,405,,-405.000000,0.000000,-8.328009,2.560000,-2.560000,-10.888009
lichess_db_broadcast_2022-11_0447,7,c4c5,58,,-58.000000,0.000000,-1.725671,0.000000,0.000000,-1.725671
lichess_db_broadcast_2022-11_0447,7,c4d5,-25,,25.000000,0.000000,16.714424,0.000000,0.000000,16.714424
lichess_db_broadcast_2022-11_0447,7,d1a4,46,,-46.000000,0.000000,-32.178949,0.000000,0.000000,-32.178949
lichess_db_broadcast_2022-11_0447,7,d1b3,48,,-48.000000,0.000000,37.599429,0.000000,0.000000,37.599429
lichess_db_broadcast_2022-11_0447,7,d1c2,-3,,3.000000,0.000000,37.894580,0.000000,0.000000,37.894580
lichess_db_broadcast_2022-11_0447,7,d1d2,55,,-55.000000,0.000000,-31.997550,0.000000,0.000000,-31.997550
lichess_db_broadcast_2022-11_0447,7,d1d3,35,,-35.000000,0.000000,-32.011100,0.000000,0.000000,-32.011100
lichess_db_broadcast_2022-11_0447,7,e1d2,229,,-229.000000,0.000000,-12.433360,0.000000,0.000000,-12.433360
lichess_db_broadcast_2022-11_0447,7,e2e3,-15,,15.000000,0.000000,-2.023504,0.000000,0.000000,-2.023504
lichess_db_broadcast_2022-11_0447,7,e2e4,209,,-209.000000,0.000000,-2.048030,0.000000,0.000000,-2.048030
lichess_db_broadcast_2022-11_0447,7,f3d2,58,,-58.000000,0.000000,-5.367803,0.000000,0.000000,-5.367803
lichess_db_broadcast_2022-11_0447,7,f3e5,24,,-24.000000,0.000000,-4.122850,0.000000,0.000000,-4.122850
lichess_db_broadcast_2022-11_0447,7,f3g1,59,,-59.000000,0.000000,4.341827,0.000000,0.000000,4.341827
lichess_db_broadcast_2022-11_0447,7,f3g5,84,,-84.000000,0.000000,-5.031200,0.000000,0.000000,-5.031200
lichess_db_broadcast_2022-11_0447,7,f3h4,82,,-82.000000,0.000000,-5.522485,0.000000,0.000000,-5.522485
lichess_db_broadcast_2022-11_0447,7,g2g3,-38,,38.000000,0.000000,-1.131868,0.000000,0.000000,-1.131868
lichess_db_broadcast_2022-11_0447,7,g2g4,46,,-46.000000,0.000000,2.085171,0.000000,0.000000,2.085171
lichess_db_broadcast_2022-11_0447,7,h1g1,63,,-63.000000,0.000000,23.264053,0.000000,0.000000,23.264053
lichess_db_broadcast_2022-11_0447,7,h2h3,-12,,12.000000,0.000000,1.614777,0.000000,0.000000,1.614777
lichess_db_broadcast_2022-11_0447,7,h2h4,24,,-24.000000,0.000000,-1.707057,0.000000,0.000000,-1.707057
lichess_db_broadcast_2022-11_0447,28,a7a5,102,,-102.000000,0.000000,2.320248,0.000000,0.000000,2.320248
lichess_db_broadcast_2022-11_0447,28,a7a6,117,,-117.000000,0.000000,-1.749464,0.000000,0.000000,-1.749464
lichess_db_broadcast_2022-11_0447,28,a8b8,85,,-85.000000,0.000000,-15.914360,0.000000,0.000000,-15.914360
lichess_db_broadcast_2022-11_0447,28,a8c8,87,,-87.000000,0.000000,-15.815569,0.000000,0.000000,-15.815569
lichess_db_broadcast_2022-11_0447,28,b7b5,95,,-95.000000,0.000000,-2.088459,0.000000,0.000000,-2.088459
lichess_db_broadcast_2022-11_0447,28,b7b6,427,,-427.000000,0.000000,2.630129,0.000000,0.000000,2.630129
lichess_db_broadcast_2022-11_0447,28,c6a5,162,,-162.000000,0.000000,9.661050,0.000000,0.000000,9.661050
lichess_db_broadcast_2022-11_0447,28,c6b4,27,,-27.000000,0.000000,-9.282654,0.000000,0.000000,-9.282654
lichess_db_broadcast_2022-11_0447,28,c6b8,179,,-179.000000,0.000000,9.746755,0.000000,0.000000,9.746755
lichess_db_broadcast_2022-11_0447,28,c6d4,482,,-482.000000,0.000000,-10.422927,0.000000,0.000000,-10.422927
lichess_db_broadcast_2022-11_0447,28,c6e5,449,,-449.000000,0.000000,-9.572627,0.000000,0.000000,-9.572627
lichess_db_broadcast_2022-11_0447,28,d5d4,407,,-407.000000,0.000000,-2.279753,0.000000,0.000000,-2.279753
lichess_db_broadcast_2022-11_0447,28,d8a5,48,,-48.000000,0.000000,20.536877,0.000000,0.000000,20.536877
lichess_db_broadcast_2022-11_0447,28,d8b6,551,,-551.000000,0.000000,-27.010867,6.800000,-6.800000,-33.810867
lichess_db_broadcast_2022-11_0447,28,d8b8,139,,-139.000000,0.000000,19.888407,0.000000,0.000000,19.888407
lichess_db_broadcast_2022-11_0447,28,d8c7,97,,-97.000000,0.000000,-26.218729,0.000000,0.000000,-26.218729
lichess_db_broadcast_2022-11_0447,28,d8c8,86,,-86.000000,0.000000,26.940133,0.000000,0.000000,26.940133
lichess_db_broadcast_2022-11_0447,28,d8d6,127,,-127.000000,0.000000,-18.989473,0.000000,0.000000,-18.989473
lichess_db_broadcast_2022-11_0447,28,d8d7,131,,-131.000000,0.000000,-21.731464,0.000000,0.000000,-21.731464
lichess_db_broadcast_2022-11_0447,28,d8e8,115,,-115.000000,0.000000,29.926976,0.000000,0.000000,29.926976
lichess_db_broadcast_2022-11_0447,28,e4c3,431,,-431.000000,0.000000,8.677890,0.000000,0.000000,8.677890
lichess_db_broadcast_2022-11_0447,28,e4c5,512,,-512.000000,0.000000,-4.029109,0.000000,0.000000,-4.029109
lichess_db_broadcast_2022-11_0447,28,e4d2,64,,-64.000000,0.000000,49.756576,0.000000,0.000000,49.756576
lichess_db_broadcast_2022-11_0447,28,e4d6,112,,-112.000000,0.000000,6.100239,0.000000,0.000000,6.100239
lichess_db_broadcast_2022-11_0447,28,e4f2,234,,-234.000000,-1.160000,16.904226,0.000000,-1.160000,15.744226
lichess_db_broadcast_2022-11_0447,28,e4f6,48,,-48.000000,0.000000,6.574341,0.000000,0.000000,6.574341
lichess_db_broadcast_2022-11_0447,28,e4g3,392,,-392.000000,-1.160000,16.420926,2.320000,-3.480000,12.940926
lichess_db_broadcast_2022-11_0447,28,e4g5,56,,-56.000000,0.000000,5.389762,0.000000,0.000000,5.389762
lichess_db_broadcast_2022-11_0447,28,e6c8,140,,-140.000000,0.000000,7.942336,0.000000,0.000000,7.942336
lichess_db_broadcast_2022-11_0447,28,e6d7,155,,-155.000000,0.000000,7.451608,0.000000,0.000000,7.451608
lichess_db_broadcast_2022-11_0447,28,e6f5,45,,-45.000000,0.000000,-3.977103,0.000000,0.000000,-3.977103
lichess_db_broadcast_2022-11_0447,28,e6g4,84,,-84.000000,0.000000,-9.158789,0.000000,0.000000,-9.158789
lichess_db_broadcast_2022-11_0447,28,e6h3,468,,-468.000000,0.000000,8.421265,0.000000,0.000000,8.421265
lichess_db_broadcast_2022-11_0447,28,e7a3,513,,-513.000000,0.000000,-14.775082,0.000000,0.000000,-14.775082
lichess_db_broadcast_2022-11_0447,28,e7b4,109,,-109.000000,0.000000,-12.779596,0.000000,0.000000,-12.779596
lichess_db_broadcast_2022-11_0447,28,e7c5,479,,-479.000000,0.000000,-13.601172,1.400000,-1.400000,-15.001172
lichess_db_broadcast_2022-11_0447,28,e7d6,121,,-121.000000,0.000000,-11.878382,0.000000,0.000000,-11.878382
lichess_db_broadcast_2022-11_0447,28,e7f6,67,,-67.000000,0.000000,-13.027392,0.000000,0.000000,-13.027392
lichess_db_broadcast_2022-11_0447,28,e7g5,68,,-68.000000,0.000000,-11.697711,0.000000,0.000000,-11.697711
lichess_db_broadcast_2022-11_0447,28,e7h4,398,,-398.000000,0.000000,-11.138000,2.560000,-2.560000,-13.698000
lichess_db_broadcast_2022-11_0447,28,f7f5,27,,-27.000000,0.000000,-1.703313,0.000000,0.000000,-1.703313
lichess_db_broadcast_2022-11_0447,28,f7f6,138,,-138.000000,0.000000,3.032321,0.000000,0.000000,3.032321
lichess_db_broadcast_2022-11_0447,28,f8e8,70,,-70.000000,0.000000,13.281637,0.000000,0.000000,13.281637
lichess_db_broadcast_2022-11_0447,28,g7g5,143,,-143.000000,0.000000,2.659396,0.000000,0.000000,2.659396
lichess_db_broadcast_2022-11_0447,28,g7g6,140,,-140.000000,0.000000,2.455045,0.000000,0.000000,2.455045
lichess_db_broadcast_2022-11_0447,28,g8h7,179,,-179.000000,0.000000,-7.233938,0.000000,0.000000,-7.233938
lichess_db_broadcast_2022-11_0447,28,g8h8,121,,-121.000000,0.000000,-4.458520,0.000000,0.000000,-4.458520
lichess_db_broadcast_2022-11_0447,28,h6h5,111,,-111.000000,0.000000,-2.243073,0.000000,0.000000,-2.243073
lichess_db_broadcast_2022-11_0465,32,a6a5,,1,-9990.000000,0.000000,2.356649,0.000000,0.000000,2.356649
lichess_db_broadcast_2022-11_0465,32,b5b4,,1,-9990.000000,0.000000,-1.924348,0.000000,0.000000,-1.924348
lichess_db_broadcast_2022-11_0465,32,b8a8,,1,-9990.000000,0.000000,20.760841,0.000000,0.000000,20.760841
lichess_db_broadcast_2022-11_0465,32,b8b6,,1,-9990.000000,0.000000,-16.643228,0.000000,0.000000,-16.643228
lichess_db_broadcast_2022-11_0465,32,b8b7,,1,-9990.000000,0.000000,-19.019314,0.000000,0.000000,-19.019314
lichess_db_broadcast_2022-11_0465,32,c8b7,,1,-9990.000000,0.000000,-10.773143,0.000000,0.000000,-10.773143
lichess_db_broadcast_2022-11_0465,32,d7b6,172,,-172.000000,0.000000,-6.190603,0.000000,0.000000,-6.190603
lichess_db_broadcast_2022-11_0465,32,d7c5,371,,-371.000000,0.000000,-6.486188,1.160000,-1.160000,-7.646188
lichess_db_broadcast_2022-11_0465,32,d7e5,243,,-243.000000,0.000000,-6.080389,1.160000,-1.160000,-7.240389
lichess_db_broadcast_2022-11_0465,32,d8a5,,1,-9990.000000,0.000000,-37.981459,0.000000,0.000000,-37.981459
lichess_db_broadcast_2022-11_0465,32,d8b6,,1,-9990.000000,0.000000,-36.638550,0.000000,0.000000,-36.638550
lichess_db_broadcast_2022-11_0465,32,d8c7,,1,-9990.000000,0.000000,-38.034654,0.000000,0.000000,-38.034654
lichess_db_broadcast_2022-11_0465,32,d8e7,351,,-351.000000,0.000000,-37.349094,0.000000,0.000000,-37.349094
lichess_db_broadcast_2022-11_0465,32,d8e8,,2,-9980.000000,0.000000,-31.037513,0.000000,0.000000,-31.037513
lichess_db_broadcast_2022-11_0465,32,f6f5,,1,-9990.000000,0.000000,-2.573420,0.000000,0.000000,-2.573420
lichess_db_broadcast_2022-11_0465,32,f7g8,,1,-9990.000000,0.000000,8.174426,0.000000,0.000000,8.174426
lichess_db_broadcast_2022-11_0465,32,f8e7,332,,-332.000000,0.000000,-12.552924,0.000000,0.000000,-12.552924
lichess_db_broadcast_2022-11_0465,32,f8g7,575,,-575.000000,0.000000,-7.773442,0.000000,0.000000,-7.773442
lichess_db_broadcast_2022-11_0465,32,f8h6,173,,-173.000000,0.000000,161.525405,0.000000,0.000000,161.525405
lichess_db_broadcast_2022-11_0465,32,g6g5,,6,-9940.000000,0.000000,3.255243,0.000000,0.000000,3.255243
lichess_db_broadcast_2022-11_0465,32,h8g8,,1,-9990.000000,0.000000,16.423346,0.000000,0.000000,16.423346
lichess_db_broadcast_2022-11_0465,62,b4a3,,2,-9980.000000,0.000000,21.298930,7.960000,-7.960000,13.338930
lichess_db_broadcast_2022-11_0465,62,b4a4,,2,-9980.000000,0.000000,-10.431350,0.000000,0.000000,-10.431350
lichess_db_broadcast_2022-11_0465,62,b4a5,,2,-9980.000000,-7.960000,-17.542672,0.000000,-7.960000,-25.502672
lichess_db_broadcast_2022-11_0465,62,b4b2,617,,-617.000000,-7.960000,-20.868008,6.300000,-14.260000,-35.128008
lichess_db_broadcast_2022-11_0465,62,b4b3,,2,-9980.000000,0.000000,-8.393318,6.800000,-6.800000,-15.193318
lichess_db_broadcast_2022-11_0465,62,b4b5,,2,-9980.000000,0.000000,13.816335,5.400000,-5.400000,8.416335
lichess_db_broadcast_2022-11_0465,62,b4b6,,2,-9980.000000,0.000000,15.585773,7.960000,-7.960000,7.625773
lichess_db_broadcast_2022-11_0465,62,b4b7,,2,-9980.000000,0.000000,26.612092,0.000000,0.000000,26.612092
lichess_db_broadcast_2022-11_0465,62,b4b8,647,,-647.000000,0.000000,-8.846135,0.000000,0.000000,-8.846135
lichess_db_broadcast_2022-11_0465,62,b4c3,793,,-793.000000,-7.960000,-23.178048,7.960000,-15.920000,-39.098048
lichess_db_broadcast_2022-11_0465,62,b4c4,,2,-9980.000000,0.000000,21.299647,12.200000,-12.200000,9.099647
lichess_db_broadcast_2022-11_0465,62,b4c5,,2,-9980.000000,0.000000,-9.192509,7.960000,-7.960000,-17.152509
lichess_db_broadcast_2022-11_0465,62,b4d4,,2,-9980.000000,-7.960000,-24.553858,7.960000,-15.920000,-40.473858
lichess_db_broadcast_2022-11_0465,62,c6b6,,2,-9980.000000,0.000000,-9.953639,4.560000,-4.560000,-14.513639
lichess_db_broadcast_2022-11_0465,62,c6c3,564,,-564.000000,-4.560000,-20.713933,4.560000,-9.120000,-29.833933
lichess_db_broadcast_2022-11_0465,62,c6c4,,2,-9980.000000,0.000000,13.860763,5.400000,-5.400000,8.460763
lichess_db_broadcast_2022-11_0465,62,c6c5,,2,-9980.000000,0.000000,-11.757288,4.560000,-4.560000,-16.317288
lichess_db_broadcast_2022-11_0465,62,c6c7,,2,-9980.000000,0.000000,10.750077,0.000000,0.000000,10.750077
lichess_db_broadcast_2022-11_0465,62,c6c8,620,,-620.000000,0.000000,9.346724,0.000000,0.000000,9.346724
lichess_db_broadcast_2022-11_0465,62,f6f5,,2,-9980.000000,0.000000,2.575784,0.000000,0.000000,2.575784
lichess_db_broadcast_2022-11_0465,62,f7a7,,2,-9980.000000,0.000000,-2.092115,0.000000,0.000000,-2.092115
lichess_db_broadcast_2022-11_0465,62,f7b7,,2,-9980.000000,0.000000,-9.918328,0.000000,0.000000,-9.918328
lichess_db_broadcast_2022-11_0465,62,f7c7,,2,-9980.000000,0.000000,-3.938372,0.000000,0.000000,-3.938372
lichess_db_broadcast_2022-11_0465,62,f7d7,,2,-9980.000000,0.000000,2.539412,0.000000,0.000000,2.539412
lichess_db_broadcast_2022-11_0465,62,f7e7,,6,-9940.000000,0.000000,-8.898520,0.000000,0.000000,-8.898520
lichess_db_broadcast_2022-11_0465,62,f7f8,754,,-754.000000,0.000000,11.924088,0.000000,0.000000,11.924088
lichess_db_broadcast_2022-11_0465,62,f7g7,,6,-9940.000000,0.000000,8.074952,0.000000,0.000000,8.074952
lichess_db_broadcast_2022-11_0465,62,g6g5,,2,-9980.000000,0.000000,2.075074,0.000000,0.000000,2.075074
lichess_db_broadcast_2022-11_0465,62,g8h8,,2,-9980.000000,0.000000,4.055614,0.000000,0.000000,4.055614
lichess_db_broadcast_2022-11_0470,15,a1b1,48,,-48.000000,0.000000,15.571069,0.000000,0.000000,15.571069
lichess_db_broadcast_2022-11_0470,15,a1c1,72,,-72.000000,0.000000,15.000847,0.000000,0.000000,15.000847
lichess_db_broadcast_2022-11_0470,15,a2a3,6,,-6.000000,0.000000,-1.716597,0.000000,0.000000,-1.716597
lichess_db_broadcast_2022-11_0470,15,a2a4,-14,,14.000000,0.000000,1.806317,0.000000,0.000000,1.806317
lichess_db_broadcast_2022-11_0470,15,b2b3,120,,-120.000000,0.000000,2.065855,0.000000,0.000000,2.065855
lichess_db_broadcast_2022-11_0470,15,b2b4,200,,-200.000000,0.000000,-1.372177,0.000000,0.000000,-1.372177
lichess_db_broadcast_2022-11_0470,15,c3a4,415,,-415.000000,0.000000,-8.522594,0.000000,0.000000,-8.522594
lichess_db_broadcast_2022-11_0470,15,c3b1,154,,-154.000000,0.000000,8.648479,0.000000,0.000000,8.648479
lichess_db_broadcast_2022-11_0470,15,c3b5,437,,-437.000000,0.000000,-7.225750,1.160000,-1.160000,-8.385750
lichess_db_broadcast_2022-11_0470,15,c3d5,484,,-484.000000,0.000000,-8.609784,1.160000,-1.160000,-9.769784
lichess_db_broadcast_2022-11_0470,15,c3e2,147,,-147.000000,0.000000,-7.826409,0.000000,0.000000,-7.826409
lichess_db_broadcast_2022-11_0470,15,c4a6,413,,-413.000000,0.000000,-7.177333,2.560000,-2.560000,-9.737333
lichess_db_broadcast_2022-11_0470,15,c4b3,21,,-21.000000,0.000000,9.563808,0.000000,0.000000,9.563808
lichess_db_broadcast_2022-11_0470,15,c4b5,464,,-464.000000,0.000000,3.798244,2.560000,-2.560000,1.238244
lichess_db_broadcast_2022-11_0470,15,c4d3,-21,,21.000000,0.000000,-8.898211,0.000000,0.000000,-8.898211
lichess_db_broadcast_2022-11_0470,15,c4d5,473,,-473.000000,0.000000,-9.422555,3.960000,-3.960000,-13.382555
lichess_db_broadcast_2022-11_0470,15,c4e2,25,,-25.000000,0.000000,12.529096,0.000000,0.000000,12.529096
lichess_db_broadcast_2022-11_0470,15,c4e6,470,,-470.000000,0.000000,5.760516,2.560000,-2.560000,3.200516
lichess_db_broadcast_2022-11_0470,15,c4f1,30,,-30.000000,0.000000,10.535764,0.000000,0.000000,10.535764
lichess_db_broadcast_2022-11_0470,15,c4f7,230,,-230.000000,-2.560000,16.410033,0.900000,-3.460000,12.950033
lichess_db_broadcast_2022-11_0470,15,d1b1,89,,-89.000000,0.000000,24.493943,0.000000,0.000000,24.493943
lichess_db_broadcast_2022-11_0470,15,d1c1,59,,-59.000000,0.000000,32.540709,0.000000,0.000000,32.540709
lichess_db_broadcast_2022-11_0470,15,d1d2,26,,-26.000000,0.000000,-21.625399,0.000000,0.000000,-21.625399
lichess_db_broadcast_2022-11_0470,15,d1d3,126,,-126.000000,0.000000,-21.326716,0.000000,0.000000,-21.326716
lichess_db_broadcast_2022-11_0470,15,d1e2,56,,-56.000000,0.000000,31.804188,0.000000,0.000000,31.804188
lichess_db_broadcast_2022-11_0470,15,d4d5,57,,-57.000000,0.000000,2.268197,0.000000,0.000000,2.268197
lichess_db_broadcast_2022-11_0470,15,d4e5,12,,-12.000000,0.000000,16.232083,0.000000,0.000000,16.232083
lichess_db_broadcast_2022-11_0470,15,e1d2,186,,-186.000000,0.000000,-12.987417,0.000000,0.000000,-12.987417
lichess_db_broadcast_2022-11_0470,15,e1e2,131,,-131.000000,0.000000,13.934331,0.000000,0.000000,13.934331
lichess_db_broadcast_2022-11_0470,15,e1f1,94,,-94.000000,0.000000,-4.341095,0.000000,0.000000,-4.341095
lichess_db_broadcast_2022-11_0470,15,e1g1,-8,,8.000000,0.000000,-16.615225,0.000000,0.000000,-16.615225
lichess_db_broadcast_2022-11_0470,15,e3c1,65,,-65.000000,0.000000,8.588702,0.000000,0.000000,8.588702
lichess_db_broadcast_2022-11_0470,15,e3d2,51,,-51.000000,0.000000,-9.133003,0.000000,0.000000,-9.133003
lichess_db_broadcast_2022-11_0470,15,e3f4,411,,-411.000000,0.000000,-3.112063,2.560000,-2.560000,-5.672063
lichess_db_broadcast_2022-11_0470,15,e3g5,75,,-75.000000,0.000000,-11.817349,0.000000,0.000000,-11.817349
lichess_db_broadcast_2022-11_0470,15,e3h6,371,,-371.000000,0.000000,6.149710,2.560000,-2.560000,3.589710
lichess_db_broadcast_2022-11_0470,15,f3d2,71,,-71.000000,0.000000,-4.413378,0.000000,0.000000,-4.413378
lichess_db_broadcast_2022-11_0470,15,f3e5,346,,-346.000000,-1.160000,16.343720,1.160000,-2.320000,14.023720
lichess_db_broadcast_2022-11_0470,15,f3g1,159,,-159.000000,0.000000,4.219918,0.000000,0.000000,4.219918
lichess_db_broadcast_2022-11_0470,15,f3g5,106,,-106.000000,0.000000,-4.807876,0.000000,0.000000,-4.807876
lichess_db_broadcast_2022-11_0470,15,f3h2,117,,-117.000000,0.000000,3.387621,0.000000,0.000000,3.387621
lichess_db_broadcast_2022-11_0470,15,f3h4,121,,-121.000000,0.000000,-4.496345,0.000000,0.000000,-4.496345
lichess_db_broadcast_2022-11_0470,15,g2g3,110,,-110.000000,0.000000,0.806211,0.000000,0.000000,0.806211
lichess_db_broadcast_2022-11_0470,15,g2g4,43,,-43.000000,0.000000,2.096287,0.000000,0.000000,2.096287
lichess_db_broadcast_2022-11_0470,15,h1f1,120,,-120.000000,0.000000,-16.379226,0.000000,0.000000,-16.379226
lichess_db_broadcast_2022-11_0470,15,h1g1,123,,-123.000000,0.000000,-16.747207,0.000000,0.000000,-16.747207
lichess_db_broadcast_2022-11_0470,15,h1h2,155,,-155.000000,0.000000,-22.638668,0.000000,0.000000,-22.638668
lichess_db_broadcast_2022-11_0470,15,h3h4,120,,-120.000000,0.000000,-2.257352,0.000000,0.000000,-2.257352
lichess_db_broadcast_2022-11_0470,64,a5a4,244,,-244.000000,0.000000,-1.973064,0.000000,0.000000,-1.973064
lichess_db_broadcast_2022-11_0470,64,b6a6,343,,-343.000000,0.000000,-15.876873,0.000000,0.000000,-15.876873
lichess_db_broadcast_2022-11_0470,64,b6a7,315,,-315.000000,0.000000,-14.719317,0.000000,0.000000,-14.719317
lichess_db_broadcast_2022-11_0470,64,b6b5,634,,-634.000000,0.000000,-12.007421,7.960000,-7.960000,-19.967421
lichess_db_broadcast_2022-11_0470,64,b6b7,593,,-593.000000,0.000000,-26.676134,5.400000,-5.400000,-32.076134
lichess_db_broadcast_2022-11_0470,64,b6b8,368,,-368.000000,0.000000,18.225017,0.000000,0.000000,18.225017
lichess_db_broadcast_2022-11_0470,64,b6c5,345,,-345.000000,0.000000,16.241330,0.000000,0.000000,16.241330
lichess_db_broadcast_2022-11_0470,64,b6c6,634,,-634.000000,0.000000,26.783275,5.400000,-5.400000,21.383275
lichess_db_broadcast_2022-11_0470,64,b6c7,363,,-363.000000,0.000000,-14.128682,0.000000,0.000000,-14.128682
lichess_db_broadcast_2022-11_0470,64,b6d6,383,,-383.000000,0.000000,30.995563,0.000000,0.000000,30.995563
lichess_db_broadcast_2022-11_0470,64,b6e6,400,,-400.000000,0.000000,21.861403,0.000000,0.000000,21.861403
lichess_db_broadcast_2022-11_0470,64,b6f6,320,,-320.000000,0.000000,18.580677,0.000000,0.000000,18.580677
lichess_db_broadcast_2022-11_0470,64,b6g6,679,,-679.000000,0.000000,-16.530639,5.400000,-5.400000,-21.930639
lichess_db_broadcast_2022-11_0470,64,d4c4,417,,-417.000000,-4.560000,-17.617791,4.560000,-9.120000,-26.737791
lichess_db_broadcast_2022-11_0470,64,d4d1,514,,-514.000000,0.000000,-11.297733,0.000000,0.000000,-11.297733
lichess_db_broadcast_2022-11_0470,64,d4d2,220,,-220.000000,0.000000,-7.206800,0.000000,0.000000,-7.206800
lichess_db_broadcast_2022-11_0470,64,d4d3,498,,-498.000000,0.000000,-12.974173,2.000000,-2.000000,-14.974173
lichess_db_broadcast_2022-11_0470,64,d4d5,559,,-559.000000,0.000000,-12.701084,6.560000,-6.560000,-19.261084
lichess_db_broadcast_2022-11_0470,64,d4d6,376,,-376.000000,0.000000,8.184793,0.000000,0.000000,8.184793
lichess_db_broadcast_2022-11_0470,64,d4d7,313,,-313.000000,0.000000,-7.832328,0.000000,0.000000,-7.832328
lichess_db_broadcast_2022-11_0470,64,d4e4,518,,-518.000000,-2.000000,162.309601,0.000000,-2.000000,160.309601
lichess_db_broadcast_2022-11_0470,64,d8a8,583,,-583.000000,0.000000,-15.343773,2.000000,-2.000000,-17.343773
lichess_db_broadcast_2022-11_0470,64,d8b8,428,,-428.000000,0.000000,-7.919526,0.000000,0.000000,-7.919526
lichess_db_broadcast_2022-11_0470,64,d8c8,408,,-408.000000,0.000000,-10.332518,0.000000,0.000000,-10.332518
lichess_db_broadcast_2022-11_0470,64,d8d5,576,,-576.000000,0.000000,-14.727604,6.560000,-6.560000,-21.287604
lichess_db_broadcast_2022-11_0470,64,d8d6,360,,-360.000000,0.000000,10.105190,0.000000,0.000000,10.105190
lichess_db_broadcast_2022-11_0470,64,d8d7,406,,-406.000000,0.000000,-11.519062,0.000000,0.000000,-11.519062
lichess_db_broadcast_2022-11_0470,64,d8e8,660,,-660.000000,0.000000,-10.974839,4.560000,-4.560000,-15.534839
lichess_db_broadcast_2022-11_0470,64,e7c5,313,,-313.000000,0.000000,15.305630,0.000000,0.000000,15.305630
lichess_db_broadcast_2022-11_0470,64,e7d6,390,,-390.000000,0.000000,8.048664,0.000000,0.000000,8.048664
lichess_db_broadcast_2022-11_0470,64,e7f6,299,,-299.000000,0.000000,10.537668,0.000000,0.000000,10.537668
lichess_db_broadcast_2022-11_0470,64,e7g5,342,,-342.000000,0.000000,8.275360,0.000000,0.000000,8.275360
lichess_db_broadcast_2022-11_0470,64,e7h4,341,,-341.000000,0.000000,-7.997548,0.000000,0.000000,-7.997548
lichess_db_broadcast_2022-11_0470,64,f8f7,376,,-376.000000,-1.660000,-16.609680,0.000000,-1.660000,-18.269680
lichess_db_broadcast_2022-11_0470,64,g7g5,374,,-374.000000,0.000000,1.863926,0.000000,0.000000,1.863926
lichess_db_broadcast_2022-11_0470,64,g7g6,367,,-367.000000,0.000000,2.888413,0.000000,0.000000,2.888413
lichess_db_broadcast_2022-11_0470,64,h6h5,366,,-366.000000,0.000000,-2.512846,0.000000,0.000000,-2.512846
lichess_db_broadcast_2022-11_0471,59,a2a1,-106,,106.000000,0.000000,4.174684,0.000000,0.000000,4.174684
lichess_db_broadcast_2022-11_0471,59,a2a3,-115,,115.000000,0.000000,4.676031,0.000000,0.000000,4.676031
lichess_db_broadcast_2022-11_0471,59,a2b2,-226,,226.000000,0.000000,2.384798,0.000000,0.000000,2.384798
lichess_db_broadcast_2022-11_0471,59,a2c2,-225,,225.000000,0.000000,-1.746497,0.000000,0.000000,-1.746497
lichess_db_broadcast_2022-11_0471,59,a2d2,316,,-316.000000,0.000000,6.101262,2.000000,-2.000000,4.101262
lichess_db_broadcast_2022-11_0471,59,a2e2,-312,,312.000000,0.000000,2.994188,0.000000,0.000000,2.994188
lichess_db_broadcast_2022-11_0471,59,a4a5,-235,,235.000000,0.000000,1.472627,0.000000,0.000000,1.472627
lichess_db_broadcast_2022-11_0471,59,b1a3,-37,,37.000000,0.000000,1.397163,0.000000,0.000000,1.397163
lichess_db_broadcast_2022-11_0471,59,b1d2,-49,,49.000000,0.000000,2.612007,0.000000,0.000000,2.612007
lichess_db_broadcast_2022-11_0471,59,b4b5,-181,,181.000000,0.000000,1.562493,0.000000,0.000000,1.562493
lichess_db_broadcast_2022-11_0471,59,e1e2,-136,,136.000000,0.000000,3.495398,0.000000,0.000000,3.495398
lichess_db_broadcast_2022-11_0471,59,e1f1,345,,-345.000000,0.000000,0.593178,0.000000,0.000000,0.593178
lichess_db_broadcast_2022-11_0471,59,f2f3,-17,,17.000000,0.000000,-1.272833,0.000000,0.000000,-1.272833
lichess_db_broadcast_2022-11_0471,59,g2g3,-296,,296.000000,0.000000,-1.514812,0.000000,0.000000,-1.514812
lichess_db_broadcast_2022-11_0471,59,h4h5,-187,,187.000000,0.000000,1.348599,0.000000,0.000000,1.348599
lichess_db_broadcast_2022-11_0471,79,a4a5,-333,,333.000000,0.000000,1.472627,0.000000,0.000000,1.472627
lichess_db_broadcast_2022-11_0471,79,b5b6,-325,,325.000000,0.000000,2.168802,0.000000,0.000000,2.168802
lichess_db_broadcast_2022-11_0471,79,e2d1,-402,,402.000000,0.000000,-2.923595,0.000000,0.000000,-2.923595
lichess_db_broadcast_2022-11_0471,79,e2e1,-293,,293.000000,0.000000,-2.252525,0.000000,0.000000,-2.252525
lichess_db_broadcast_2022-11_0471,79,e2f1,-16,,16.000000,0.000000,-2.992571,0.000000,0.000000,-2.992571
lichess_db_broadcast_2022-11_0471,79,e2f3,-250,,250.000000,0.000000,-2.487714,0.000000,0.000000,-2.487714
lichess_db_broadcast_2022-11_0471,79,e3c2,-415,,415.000000,0.000000,-1.871602,0.000000,0.000000,-1.871602
lichess_db_broadcast_2022-11_0471,79,e3c4,717,,-717.000000,0.000000,2.373804,0.000000,0.000000,2.373804
lichess_db_broadcast_2022-11_0471,79,e3d1,504,,-504.000000,0.000000,1.167734,0.000000,0.000000,1.167734
lichess_db_broadcast_2022-11_0471,79,e3d5,523,,-523.000000,0.000000,-1.482160,0.000000,0.000000,-1.482160
lichess_db_broadcast_2022-11_0471,79,e3f1,528,,-528.000000,0.000000,-0.910475,0.000000,0.000000,-0.910475
lichess_db_broadcast_2022-11_0471,79,e3f5,-293,,293.000000,0.000000,-1.789905,0.000000,0.000000,-1.789905
lichess_db_broadcast_2022-11_0471,79,e3g2,548,,-548.000000,0.000000,-1.897090,0.000000,0.000000,-1.897090
lichess_db_broadcast_2022-11_0471,79,e3g4,559,,-559.000000,0.000000,-1.965130,0.000000,0.000000,-1.965130
lichess_db_broadcast_2022-11_0471,79,f2f3,-406,,406.000000,0.000000,0.839631,0.000000,0.000000,0.839631
lichess_db_broadcast_2022-11_0471,79,f2f4,-439,,439.000000,0.000000,-1.240917,0.000000,0.000000,-1.240917
lichess_db_broadcast_2022-11_0471,79,g3g4,-399,,399.000000,0.000000,-1.150496,0.000000,0.000000,-1.150496
lichess_db_broadcast_2022-11_0471,79,h4h5,-448,,448.000000,0.000000,1.348599,0.000000,0.000000,1.348599
lichess_db_broadcast_2022-11_0471,84,a7a5,467,,-467.000000,0.000000,-1.827116,0.000000,0.000000,-1.827116
lichess_db_broadcast_2022-11_0471,84,a7a6,495,,-495.000000,0.000000,-1.619081,0.000000,0.000000,-1.619081
lichess_db_broadcast_2022-11_0471,84,b2a1,615,,-615.000000,0.000000,1.890202,1.400000,-1.400000,0.490202
lichess_db_broadcast_2022-11_0471,84,b2a3,620,,-620.000000,0.000000,2.100968,1.400000,-1.400000,0.700968
lichess_db_broadcast_2022-11_0471,84,b2c1,673,,-673.000000,0.000000,-1.494234,0.900000,-0.900000,-2.394234
lichess_db_broadcast_2022-11_0471,84,b7b6,498,,-498.000000,0.000000,1.998616,0.000000,0.000000,1.998616
lichess_db_broadcast_2022-11_0471,84,d5c4,623,,-623.000000,0.000000,0.000000,0.000000,0.000000,0.000000
lichess_db_broadcast_2022-11_0471,84,d5c5,517,,-517.000000,0.000000,0.444938,0.000000,0.000000,0.444938
lichess_db_broadcast_2022-11_0471,84,d5d6,486,,-486.000000,0.000000,0.000000,0.000000,0.000000,0.000000
lichess_db_broadcast_2022-11_0471,84,d5e4,483,,-483.000000,0.000000,0.000000,0.000000,0.000000,0.000000
lichess_db_broadcast_2022-11_0471,84,d5e5,475,,-475.000000,0.000000,2.693870,0.000000,0.000000,2.693870
lichess_db_broadcast_2022-11_0471,84,d5e6,471,,-471.000000,0.000000,0.000000,0.000000,0.000000,0.000000
lichess_db_broadcast_2022-11_0508,57,a3a4,121,,-121.000000,0.000000,-2.292563,0.000000,0.000000,-2.292563
lichess_db_broadcast_2022-11_0508,57,b3a1,174,,-174.000000,0.000000,-2.461312,0.000000,0.000000,-2.461312
lichess_db_broadcast_2022-11_0508,57,b3a5,175,,-175.000000,0.000000,-1.340644,0.000000,0.000000,-1.340644
lichess_db_broadcast_2022-11_0508,57,b3c1,161,,-161.000000,0.000000,-2.644378,0.000000,0.000000,-2.644378
lichess_db_broadcast_2022-11_0508,57,b3d2,177,,-177.000000,0.000000,8.247340,0.000000,0.000000,8.247340
lichess_db_broadcast_2022-11_0508,57,d1a1,140,,-140.000000,0.000000,-6.344227,0.000000,0.000000,-6.344227
lichess_db_broadcast_2022-11_0508,57,d1b1,147,,-147.000000,0.000000,-10.654611,0.000000,0.000000,-10.654611
lichess_db_broadcast_2022-11_0508,57,d1c1,135,,-135.000000,0.000000,6.403233,0.000000,0.000000,6.403233
lichess_db_broadcast_2022-11_0508,57,d1d2,117,,-117.000000,0.000000,-6.015283,0.000000,0.000000,-6.015283
lichess_db_broadcast_2022-11_0508,57,d1d3,133,,-133.000000,0.000000,-11.423736,0.000000,0.000000,-11.423736
lichess_db_broadcast_2022-11_0508,57,d1e1,134,,-134.000000,0.000000,-14.683252,0.000000,0.000000,-14.683252
lichess_db_broadcast_2022-11_0508,57,d4d5,73,,-73.000000,0.000000,2.075932,0.000000,0.000000,2.075932
lichess_db_broadcast_2022-11_0508,57,e3c1,141,,-141.000000,0.000000,10.140737,0.000000,0.000000,10.140737
lichess_db_broadcast_2022-11_0508,57,e3d2,152,,-152.000000,0.000000,10.858542,0.000000,0.000000,10.858542
lichess_db_broadcast_2022-11_0508,57,e3f4,133,,-133.000000,0.000000,5.671608,1.400000,-1.400000,4.271608
lichess_db_broadcast_2022-11_0508,57,e3g5,442,,-442.000000,0.000000,17.352238,1.400000,-1.400000,15.952238
lichess_db_broadcast_2022-11_0508,57,e3h6,353,,-353.000000,0.000000,10.093632,2.560000,-2.560000,7.533632
lichess_db_broadcast_2022-11_0508,57,e4b1,144,,-144.000000,0.000000,25.183117,0.000000,0.000000,25.183117
lichess_db_broadcast_2022-11_0508,57,e4c2,148,,-148.000000,0.000000,-22.374787,0.000000,0.000000,-22.374787
lichess_db_broadcast_2022-11_0508,57,e4c6,566,,-566.000000,-7.960000,23.902340,7.960000,-15.920000,7.982340
lichess_db_broadcast_2022-11_0508,57,e4d3,150,,-150.000000,0.000000,33.339767,0.000000,0.000000,33.339767
lichess_db_broadcast_2022-11_0508,57,e4d5,645,,-645.000000,0.000000,-21.850360,11.360000,-11.360000,-33.210360
lichess_db_broadcast_2022-11_0508,57,e4e5,656,,-656.000000,0.000000,26.842868,5.400000,-5.400000,21.442868
lichess_db_broadcast_2022-11_0508,57,e4e6,549,,-549.000000,-6.800000,53.326931,7.960000,-14.760000,38.566931
lichess_db_broadcast_2022-11_0508,57,e4f4,655,,-655.000000,0.000000,30.003169,6.800000,-6.800000,23.203169
lichess_db_broadcast_2022-11_0508,57,e4f5,177,,-177.000000,0.000000,-19.097859,0.000000,0.000000,-19.097859
lichess_db_broadcast_2022-11_0508,57,e4g4,139,,-139.000000,0.000000,-24.462445,0.000000,0.000000,-24.462445
lichess_db_broadcast_2022-11_0508,57,e4g6,656,,-656.000000,0.000000,22.892506,15.920000,-15.920000,6.972506
lichess_db_broadcast_2022-11_0508,57,e4h4,608,,-608.000000,0.000000,29.166379,5.400000,-5.400000,23.766379
lichess_db_broadcast_2022-11_0508,57,e4h7,527,,-527.000000,-7.960000,31.394156,6.300000,-14.260000,17.134156
lichess_db_broadcast_2022-11_0508,57,f1e1,448,,-448.000000,0.000000,-6.874095,0.000000,0.000000,-6.874095
lichess_db_broadcast_2022-11_0508,57,f1e2,411,,-411.000000,0.000000,-13.360098,0.000000,0.000000,-13.360098
lichess_db_broadcast_2022-11_0508,57,f1g1,374,,-374.000000,0.000000,-2.738450,0.000000,0.000000,-2.738450
lichess_db_broadcast_2022-11_0508,57,f1g2,53,,-53.000000,0.000000,-8.721861,0.000000,0.000000,-8.721861
lichess_db_broadcast_2022-11_0508,57,f3f4,288,,-288.000000,0.000000,-7.749373,3.400000,-3.400000,-11.149373
lichess_db_broadcast_2022-11_0508,57,f3f5,174,,-174.000000,0.000000,2.964625,0.000000,0.000000,2.964625
lichess_db_broadcast_2022-11_0508,57,f3f6,297,,-297.000000,-2.000000,162.118064,4.560000,-6.560000,155.558064
lichess_db_broadcast_2022-11_0508,57,g3g4,173,,-173.000000,0.000000,-2.098228,0.000000,0.000000,-2.098228
lichess_db_broadcast_2022-11_0508,110,f2c2,-201,,201.000000,0.000000,-475.516934,2.900000,-2.900000,-478.416934
lichess_db_broadcast_2022-11_0508,110,f2d2,372,,-372.000000,0.000000,4.112410,2.900000,-2.900000,1.212410
lichess_db_broadcast_2022-11_0508,110,f2e2,212,,-212.000000,0.000000,4.980794,2.900000,-2.900000,2.080794
lichess_db_broadcast_2022-11_0508,110,f2f1,-224,,224.000000,0.000000,-4.434023,0.000000,0.000000,-4.434023
lichess_db_broadcast_2022-11_0508,110,f2f3,-229,,229.000000,0.000000,2.760463,0.000000,0.000000,2.760463
lichess_db_broadcast_2022-11_0508,110,f2g2,-202,,202.000000,0.000000,3.668385,0.000000,0.000000,3.668385
lichess_db_broadcast_2022-11_0508,110,f2h2,350,,-350.000000,0.000000,3.078261,0.000000,0.000000,3.078261
lichess_db_broadcast_2022-11_0508,110,f4d3,-106,,106.000000,0.000000,-1.138001,0.000000,0.000000,-1.138001
lichess_db_broadcast_2022-11_0508,110,f4d5,416,,-416.000000,0.000000,-1.138001,0.000000,0.000000,-1.138001
lichess_db_broadcast_2022-11_0508,110,f4e2,197,,-197.000000,0.000000,2.707385,0.000000,0.000000,2.707385
lichess_db_broadcast_2022-11_0508,110,f4e6,385,,-385.000000,0.000000,2.069628,0.000000,0.000000,2.069628
lichess_db_broadcast_2022-11_0508,110,f4g2,410,,-410.000000,0.000000,1.192022,0.000000,0.000000,1.192022
lichess_db_broadcast_2022-11_0508,110,f4h3,-127,,127.000000,0.000000,1.754702,0.000000,0.000000,1.754702
lichess_db_broadcast_2022-11_0508,110,f4h5,403,,-403.000000,0.000000,-1.272765,0.000000,0.000000,-1.272765
lichess_db_broadcast_2022-11_0508,110,f7f5,380,,-380.000000,0.000000,-1.906422,0.000000,0.000000,-1.906422
lichess_db_broadcast_2022-11_0508,110,f7f6,390,,-390.000000,0.000000,-1.755891,0.000000,0.000000,-1.755891
lichess_db_broadcast_2022-11_0508,110,g6g5,179,,-179.000000,0.000000,-2.060335,0.000000,0.000000,-2.060335
lichess_db_broadcast_2022-11_0508,110,g7f6,393,,-393.000000,0.000000,-2.968236,0.000000,0.000000,-2.968236
lichess_db_broadcast_2022-11_0508,110,g7f8,390,,-390.000000,0.000000,-2.972959,0.000000,0.000000,-2.972959
lichess_db_broadcast_2022-11_0508,110,g7g8,399,,-399.000000,0.000000,-2.849053,0.000000,0.000000,-2.849053
lichess_db_broadcast_2022-11_0508,110,g7h6,358,,-358.000000,0.000000,-2.986614,0.000000,0.000000,-2.986614
lichess_db_broadcast_2022-11_0508,110,g7h8,413,,-413.000000,0.000000,-2.847017,0.000000,0.000000,-2.847017
lichess_db_broadcast_2022-11_0508,110,h7h5,118,,-118.000000,0.000000,-2.521178,0.000000,0.000000,-2.521178
lichess_db_broadcast_2022-11_0508,110,h7h6,253,,-253.000000,0.000000,2.790813,0.000000,0.000000,2.790813
lichess_db_broadcast_2022-11_0565,6,a7a5,71,,-71.000000,0.000000,2.320248,0.000000,0.000000,2.320248
lichess_db_broadcast_2022-11_0565,6,a7a6,69,,-69.000000,0.000000,-2.022946,0.000000,0.000000,-2.022946
lichess_db_broadcast_2022-11_0565,6,b7b5,136,,-136.000000,0.000000,2.021913,0.000000,0.000000,2.021913
lichess_db_broadcast_2022-11_0565,6,b7b6,78,,-78.000000,0.000000,2.551530,0.000000,0.000000,2.551530
lichess_db_broadcast_2022-11_0565,6,b8a6,72,,-72.000000,0.000000,-4.727051,0.000000,0.000000,-4.727051
lichess_db_broadcast_2022-11_0565,6,b8c6,113,,-113.000000,0.000000,-7.191144,0.000000,0.000000,-7.191144
lichess_db_broadcast_2022-11_0565,6,b8d7,79,,-79.000000,0.000000,-4.391099,0.000000,0.000000,-4.391099
lichess_db_broadcast_2022-11_0565,6,c7c5,15,,-15.000000,0.000000,-2.764625,0.000000,0.000000,-2.764625
lichess_db_broadcast_2022-11_0565,6,c7c6,66,,-66.000000,0.000000,-2.780512,0.000000,0.000000,-2.780512
lichess_db_broadcast_2022-11_0565,6,c8d7,23,,-23.000000,0.000000,-6.863409,0.000000,0.000000,-6.863409
lichess_db_broadcast_2022-11_0565,6,d8d6,681,,-681.000000,0.000000,-33.730254,7.960000,-7.960000,-41.690254
lichess_db_broadcast_2022-11_0565,6,d8d7,90,,-90.000000,0.000000,-32.763234,0.000000,0.000000,-32.763234
lichess_db_broadcast_2022-11_0565,6,d8e7,92,,-92.000000,0.000000,39.092550,0.000000,0.000000,39.092550
lichess_db_broadcast_2022-11_0565,6,d8f6,689,,-689.000000,0.000000,38.660087,7.960000,-7.960000,30.700087
lichess_db_broadcast_2022-11_0565,6,d8g5,720,,-720.000000,0.000000,38.279391,5.400000,-5.400000,32.879391
lichess_db_broadcast_2022-11_0565,6,d8h4,116,,-116.000000,0.000000,-34.590880,0.000000,0.000000,-34.590880
lichess_db_broadcast_2022-11_0565,6,e8d7,117,,-117.000000,0.000000,-12.943049,0.000000,0.000000,-12.943049
lichess_db_broadcast_2022-11_0565,6,e8e7,132,,-132.000000,0.000000,-12.883428,0.000000,0.000000,-12.883428
lichess_db_broadcast_2022-11_0565,6,f7f5,115,,-115.000000,0.000000,-1.862996,0.000000,0.000000,-1.862996
lichess_db_broadcast_2022-11_0565,6,f7f6,94,,-94.000000,0.000000,2.246799,0.000000,0.000000,2.246799
lichess_db_broadcast_2022-11_0565,6,f8a3,536,,-536.000000,0.000000,-8.642209,3.960000,-3.960000,-12.602209
lichess_db_broadcast_2022-11_0565,6,f8b4,115,,-115.000000,0.000000,-9.809871,0.000000,0.000000,-9.809871
lichess_db_broadcast_2022-11_0565,6,f8c5,440,,-440.000000,0.000000,-10.258866,2.560000,-2.560000,-12.818866
lichess_db_broadcast_2022-11_0565,6,f8d6,389,,-389.000000,0.000000,-6.710679,2.560000,-2.560000,-9.270679
lichess_db_broadcast_2022-11_0565,6,f8e7,80,,-80.000000,0.000000,-8.252650,0.000000,0.000000,-8.252650
lichess_db_broadcast_2022-11_0565,6,g7g5,182,,-182.000000,0.000000,2.374117,0.000000,0.000000,2.374117
lichess_db_broadcast_2022-11_0565,6,g7g6,88,,-88.000000,0.000000,-2.302837,0.000000,0.000000,-2.302837
lichess_db_broadcast_2022-11_0565,6,g8e7,40,,-40.000000,0.000000,-4.064103,0.000000,0.000000,-4.064103
lichess_db_broadcast_2022-11_0565,6,g8f6,378,,-378.000000,0.000000,-4.335613,1.160000,-1.160000,-5.495613
lichess_db_broadcast_2022-11_0565,6,g8h6,50,,-50.000000,0.000000,-4.564473,0.000000,0.000000,-4.564473
lichess_db_broadcast_2022-11_0565,6,h7h5,101,,-101.000000,0.000000,-2.610030,0.000000,0.000000,-2.610030
lichess_db_broadcast_2022-11_0565,6,h7h6,80,,-80.000000,0.000000,3.043118,0.000000,0.000000,3.043118
lichess_db_broadcast_2022-11_0565,9,a2a3,-43,,43.000000,0.000000,1.475360,0.000000,0.000000,1.475360
lichess_db_broadcast_2022-11_0565,9,a2a4,8,,-8.000000,0.000000,1.727431,0.000000,0.000000,1.727431
lichess_db_broadcast_2022-11_0565,9,b1a3,43,,-43.000000,0.000000,-5.139190,0.000000,0.000000,-5.139190
lichess_db_broadcast_2022-11_0565,9,b1d2,62,,-62.000000,0.000000,-4.632957,0.000000,0.000000,-4.632957
lichess_db_broadcast_2022-11_0565,9,b2b3,71,,-71.000000,0.000000,1.750555,0.000000,0.000000,1.750555
lichess_db_broadcast_2022-11_0565,9,b2b4,104,,-104.000000,0.000000,1.449501,0.000000,0.000000,1.449501
lichess_db_broadcast_2022-11_0565,9,c1d2,204,,-204.000000,0.000000,-5.732915,0.000000,0.000000,-5.732915
lichess_db_broadcast_2022-11_0565,9,c1e3,142,,-142.000000,0.000000,-12.003158,0.000000,0.000000,-12.003158
lichess_db_broadcast_2022-11_0565,9,c1f4,198,,-198.000000,0.000000,-8.757038,0.000000,0.000000,-8.757038
lichess_db_broadcast_2022-11_0565,9,c1g5,195,,-195.000000,0.000000,-8.757038,0.000000,0.000000,-8.757038
lichess_db_broadcast_2022-11_0565,9,c1h6,491,,-491.000000,0.000000,-9.164981,3.960000,-3.960000,-13.124981
lichess_db_broadcast_2022-11_0565,9,c3c4,71,,-71.000000,0.000000,1.361314,0.000000,0.000000,1.361314
lichess_db_broadcast_2022-11_0565,9,d1a4,82,,-82.000000,0.000000,-37.811787,0.000000,0.000000,-37.811787
lichess_db_broadcast_2022-11_0565,9,d1b3,18,,-18.000000,0.000000,-45.118065,0.000000,0.000000,-45.118065
lichess_db_broadcast_2022-11_0565,9,d1c2,46,,-46.000000,0.000000,-42.082986,0.000000,0.000000,-42.082986
lichess_db_broadcast_2022-11_0565,9,d1d2,48,,-48.000000,0.000000,-43.606472,0.000000,0.000000,-43.606472
lichess_db_broadcast_2022-11_0565,9,d1d3,37,,-37.000000,0.000000,-41.110589,0.000000,0.000000,-41.110589
lichess_db_broadcast_2022-11_0565,9,d1e2,90,,-90.000000,0.000000,-42.604967,0.000000,0.000000,-42.604967
lichess_db_broadcast_2022-11_0565,9,d1f3,89,,-89.000000,0.000000,-42.463210,0.000000,0.000000,-42.463210
lichess_db_broadcast_2022-11_0565,9,d1g4,65,,-65.000000,0.000000,-42.164146,0.000000,0.000000,-42.164146
lichess_db_broadcast_2022-11_0565,9,d1h5,99,,-99.000000,0.000000,-39.025762,0.000000,0.000000,-39.025762
lichess_db_broadcast_2022-11_0565,9,d4c5,61,,-61.000000,0.000000,16.283869,0.000000,0.000000,16.283869
lichess_db_broadcast_2022-11_0565,9,e1d2,136,,-136.000000,0.000000,-11.971920,0.000000,0.000000,-11.971920
lichess_db_broadcast_2022-11_0565,9,e1e2,133,,-133.000000,0.000000,-12.925035,0.000000,0.000000,-12.925035
lichess_db_broadcast_2022-11_0565,9,f1a6,456,,-456.000000,0.000000,-9.290845,3.960000,-3.960000,-13.250845
lichess_db_broadcast_2022-11_0565,9,f1b5,414,,-414.000000,0.000000,-10.253769,0.000000,0.000000,-10.253769
lichess_db_broadcast_2022-11_0565,9,f1c4,335,,-335.000000,0.000000,-10.617484,2.560000,-2.560000,-13.177484
lichess_db_broadcast_2022-11_0565,9,f1d3,-31,,31.000000,0.000000,-5.853406,0.000000,0.000000,-5.853406
lichess_db_broadcast_2022-11_0565,9,f1e2,-26,,26.000000,0.000000,-8.250856,0.000000,0.000000,-8.250856
lichess_db_broadcast_2022-11_0565,9,f2f3,124,,-124.000000,0.000000,1.933333,0.000000,0.000000,1.933333
lichess_db_broadcast_2022-11_0565,9,f2f4,48,,-48.000000,0.000000,-1.736705,0.000000,0.000000,-1.736705
lichess_db_broadcast_2022-11_0565,9,g1e2,15,,-15.000000,0.000000,-5.127493,0.000000,0.000000,-5.127493
lichess_db_broadcast_2022-11_0565,9,g1f3,-46,,46.000000,0.000000,-5.568333,0.000000,0.000000,-5.568333
lichess_db_broadcast_2022-11_0565,9,g1h3,77,,-77.000000,0.000000,-5.135774,0.000000,0.000000,-5.135774
lichess_db_broadcast_2022-11_0565,9,g2g3,-25,,25.000000,0.000000,-1.131868,0.000000,0.000000,-1.131868
lichess_db_broadcast_2022-11_0565,9,g2g4,77,,-77.000000,0.000000,1.980420,0.000000,0.000000,1.980420
lichess_db_broadcast_2022-11_0565,9,h2h3,-11,,11.000000,0.000000,1.419941,0.000000,0.000000,1.419941
lichess_db_broadcast_2022-11_0565,9,h2h4,6,,-6.000000,0.000000,0.932119,0.000000,0.000000,0.932119
lichess_db_broadcast_2022-11_0565,14,a7a5,797,,-797.000000,0.000000,1.827116,0.000000,0.000000,1.827116
lichess_db_broadcast_2022-11_0565,14,a7a6,750,,-750.000000,0.000000,-2.088876,0.000000,0.000000,-2.088876
lichess_db_broadcast_2022-11_0565,14,b5a4,718,,-718.000000,0.000000,-10.135913,0.000000,0.000000,-10.135913
lichess_db_broadcast_2022-11_0565,14,b5a6,790,,-790.000000,0.000000,-5.610611,0.000000,0.000000,-5.610611
lichess_db_broadcast_2022-11_0565,14,b5c4,756,,-756.000000,0.000000,-4.317015,0.000000,0.000000,-4.317015
lichess_db_broadcast_2022-11_0565,14,b5c6,762,,-762.000000,0.000000,2.820768,0.000000,0.000000,2.820768
lichess_db_broadcast_2022-11_0565,14,b5d3,788,,-788.000000,0.000000,-7.346192,0.000000,0.000000,-7.346192
lichess_db_broadcast_2022-11_0565,14,b5d7,747,,-747.000000,0.000000,-6.831589,0.000000,0.000000,-6.831589
lichess_db_broadcast_2022-11_0565,14,b5e2,71,,-71.000000,0.000000,161.247741,0.900000,-0.900000,160.347741
lichess_db_broadcast_2022-11_0565,14,b6a5,200,,-200.000000,0.000000,-14.262934,0.000000,0.000000,-14.262934
lichess_db_broadcast_2022-11_0565,14,b6a6,206,,-206.000000,0.000000,-20.946857,0.000000,0.000000,-20.946857
lichess_db_broadcast_2022-11_0565,14,b6c5,65,,-65.000000,-7.960000,-18.239389,0.000000,-7.960000,-26.199389
lichess_db_broadcast_2022-11_0565,14,b6c6,205,,-205.000000,0.000000,-7.474668,0.000000,0.000000,-7.474668
lichess_db_broadcast_2022-11_0565,14,b6c7,560,,-560.000000,0.000000,4.596049,0.000000,0.000000,4.596049
lichess_db_broadcast_2022-11_0565,14,b6d6,980,,-980.000000,0.000000,-14.910986,15.920000,-15.920000,-30.830986
lichess_db_broadcast_2022-11_0565,14,b6d8,589,,-589.000000,0.000000,-33.753576,0.000000,0.000000,-33.753576
lichess_db_broadcast_2022-11_0565,14,b8a6,775,,-775.000000,0.000000,-3.847869,0.000000,0.000000,-3.847869
lichess_db_broadcast_2022-11_0565,14,b8c6,768,,-768.000000,0.000000,-3.481840,0.000000,0.000000,-3.481840
lichess_db_broadcast_2022-11_0565,14,b8d7,757,,-757.000000,0.000000,-7.116281,0.000000,0.000000,-7.116281
lichess_db_broadcast_2022-11_0565,14,d5d4,730,,-730.000000,0.000000,-1.816981,0.000000,0.000000,-1.816981
lichess_db_broadcast_2022-11_0565,14,e8d7,814,,-814.000000,0.000000,-5.241057,0.000000,0.000000,-5.241057
lichess_db_broadcast_2022-11_0565,14,e8d8,816,,-816.000000,0.000000,-4.998003,0.000000,0.000000,-4.998003
lichess_db_broadcast_2022-11_0565,14,e8e7,819,,-819.000000,0.000000,6.678220,0.000000,0.000000,6.678220
lichess_db_broadcast_2022-11_0565,14,f7f5,784,,-784.000000,0.000000,-1.683004,0.000000,0.000000,-1.683004
lichess_db_broadcast_2022-11_0565,14,f7f6,741,,-741.000000,0.000000,-2.198626,0.000000,0.000000,-2.198626
lichess_db_broadcast_2022-11_0565,14,f8c5,97,,-97.000000,-2.560000,-20.651668,0.000000,-2.560000,-23.211668
lichess_db_broadcast_2022-11_0565,14,f8d6,823,,-823.000000,0.000000,-8.363922,5.120000,-5.120000,-13.483922
lichess_db_broadcast_2022-11_0565,14,f8e7,810,,-810.000000,0.000000,5.749397,0.000000,0.000000,5.749397
lichess_db_broadcast_2022-11_0565,14,g7g5,794,,-794.000000,0.000000,-1.993139,0.000000,0.000000,-1.993139
lichess_db_broadcast_2022-11_0565,14,g7g6,783,,-783.000000,0.000000,2.540121,0.000000,0.000000,2.540121
lichess_db_broadcast_2022-11_0565,14,g8e7,738,,-738.000000,0.000000,3.483998,0.000000,0.000000,3.483998
lichess_db_broadcast_2022-11_0565,14,g8f6,735,,-735.000000,0.000000,5.021363,1.160000,-1.160000,3.861363
lichess_db_broadcast_2022-11_0565,14,g8h6,744,,-744.000000,0.000000,-4.801504,0.000000,0.000000,-4.801504
lichess_db_broadcast_2022-11_0565,14,h7h5,787,,-787.000000,0.000000,-2.846128,0.000000,0.000000,-2.846128
lichess_db_broadcast_2022-11_0565,14,h7h6,791,,-791.000000,0.000000,-3.427454,0.000000,0.000000,-3.427454
lichess_db_broadcast_2022-11_0565,58,b8a8,796,,-796.000000,0.000000,-6.881762,4.560000,-4.560000,-11.441762
lichess_db_broadcast_2022-11_0565,58,b8b7,613,,-613.000000,-4.560000,17.418703,0.000000,-4.560000,12.858703
lichess_db_broadcast_2022-11_0565,58,b8c8,627,,-627.000000,0.000000,-8.246592,4.560000,-4.560000,-12.806592
lichess_db_broadcast_2022-11_0565,58,b8d8,632,,-632.000000,0.000000,-6.634029,0.000000,0.000000,-6.634029
lichess_db_broadcast_2022-11_0565,58,b8e8,568,,-568.000000,0.000000,-7.279770,0.000000,0.000000,-7.279770
lichess_db_broadcast_2022-11_0565,58,b8f8,562,,-562.000000,0.000000,-6.951709,0.000000,0.000000,-6.951709
lichess_db_broadcast_2022-11_0565,58,b8g8,568,,-568.000000,0.000000,-6.881762,0.000000,0.000000,-6.881762
lichess_db_broadcast_2022-11_0565,58,b8h8,599,,-599.000000,0.000000,-6.881762,0.000000,0.000000,-6.881762
lichess_db_broadcast_2022-11_0565,58,c7b7,607,,-607.000000,-4.560000,17.076946,0.000000,-4.560000,12.516946
lichess_db_broadcast_2022-11_0565,58,c7c1,783,,-783.000000,0.000000,-3.322194,0.000000,0.000000,-3.322194
lichess_db_broadcast_2022-11_0565,58,c7c2,675,,-675.000000,0.000000,-2.629906,2.900000,-2.900000,-5.529906
lichess_db_broadcast_2022-11_0565,58,c7c3,733,,-733.000000,0.000000,-2.810905,2.900000,-2.900000,-5.710905
lichess_db_broadcast_2022-11_0565,58,c7c4,54,,-54.000000,0.000000,-2.657715,2.900000,-2.900000,-5.557715
lichess_db_broadcast_2022-11_0565,58,c7c5,617,,-617.000000,0.000000,-1.612667,4.560000,-4.560000,-6.172667
lichess_db_broadcast_2022-11_0565,58,c7c6,735,,-735.000000,0.000000,3.362649,0.000000,0.000000,3.362649
lichess_db_broadcast_2022-11_0565,58,c7c8,637,,-637.000000,0.000000,-5.734847,4.560000,-4.560000,-10.294847
lichess_db_broadcast_2022-11_0565,58,c7d7,63,,-63.000000,0.000000,3.900182,0.000000,0.000000,3.900182
lichess_db_broadcast_2022-11_0565,58,e7d7,56,,-56.000000,0.000000,3.985300,0.000000,0.000000,3.985300
lichess_db_broadcast_2022-11_0565,58,e7d8,43,,-43.000000,0.000000,-3.631010,0.000000,0.000000,-3.631010
lichess_db_broadcast_2022-11_0565,58,e7e8,35,,-35.000000,0.000000,-2.769824,0.000000,0.000000,-2.769824
lichess_db_broadcast_2022-11_0565,58,e7f8,29,,-29.000000,0.000000,-2.915809,0.000000,0.000000,-2.915809
lichess_db_broadcast_2022-11_0565,58,f7f5,218,,-218.000000,0.000000,-1.875889,0.000000,0.000000,-1.875889
lichess_db_broadcast_2022-11_0565,58,f7f6,23,,-23.000000,0.000000,1.869105,0.000000,0.000000,1.869105
lichess_db_broadcast_2022-11_0565,58,g7g5,139,,-139.000000,0.000000,-1.713601,0.000000,0.000000,-1.713601
lichess_db_broadcast_2022-11_0565,58,g7g6,79,,-79.000000,0.000000,-2.254524,0.000000,0.000000,-2.254524
lichess_db_broadcast_2022-11_0691,12,a7a5,68,,-68.000000,0.000000,2.383949,0.000000,0.000000,2.383949
lichess_db_broadcast_2022-11_0691,12,a7a6,96,,-96.000000,0.000000,-2.414988,0.000000,0.000000,-2.414988
lichess_db_broadcast_2022-11_0691,12,a8b8,85,,-85.000000,0.000000,17.324529,0.000000,0.000000,17.324529
lichess_db_broadcast_2022-11_0691,12,b7b6,177,,-177.000000,0.000000,2.877332,0.000000,0.000000,2.877332
lichess_db_broadcast_2022-11_0691,12,c5a3,519,,-519.000000,0.000000,-6.310889,3.960000,-3.960000,-10.270889
lichess_db_broadcast_2022-11_0691,12,c5b4,434,,-434.000000,0.000000,4.085058,2.560000,-2.560000,1.525058
lichess_db_broadcast_2022-11_0691,12,c5b6,75,,-75.000000,0.000000,7.322778,0.000000,0.000000,7.322778
lichess_db_broadcast_2022-11_0691,12,c5d4,423,,-423.000000,0.000000,10.779162,3.960000,-3.960000,6.819162
lichess_db_broadcast_2022-11_0691,12,c5d6,87,,-87.000000,0.000000,9.740221,0.000000,0.000000,9.740221
lichess_db_broadcast_2022-11_0691,12,c5e3,515,,-515.000000,0.000000,7.095195,2.560000,-2.560000,4.535195
lichess_db_broadcast_2022-11_0691,12,c5e7,110,,-110.000000,0.000000,14.549250,0.000000,0.000000,14.549250
lichess_db_broadcast_2022-11_0691,12,c5f2,370,,-370.000000,-2.560000,16.959132,0.900000,-3.460000,13.499132
lichess_db_broadcast_2022-11_0691,12,c6a5,340,,-340.000000,0.000000,8.562218,0.000000,0.000000,8.562218
lichess_db_broadcast_2022-11_0691,12,c6b4,435,,-435.000000,0.000000,-7.399676,1.160000,-1.160000,-8.559676
lichess_db_broadcast_2022-11_0691,12,c6b8,172,,-172.000000,0.000000,8.242955,0.000000,0.000000,8.242955
lichess_db_broadcast_2022-11_0691,12,c6d4,417,,-417.000000,0.000000,-9.090748,1.160000,-1.160000,-10.250748
lichess_db_broadcast_2022-11_0691,12,c6e7,114,,-114.000000,0.000000,8.312251,0.000000,0.000000,8.312251
lichess_db_broadcast_2022-11_0691,12,d7d5,28,,-28.000000,0.000000,2.272274,0.000000,0.000000,2.272274
lichess_db_broadcast_2022-11_0691,12,d7d6,18,,-18.000000,0.000000,2.273258,0.000000,0.000000,2.273258
lichess_db_broadcast_2022-11_0691,12,d8e7,67,,-67.000000,0.000000,37.393873,0.000000,0.000000,37.393873
lichess_db_broadcast_2022-11_0691,12,d8e8,104,,-104.000000,0.000000,26.958819,0.000000,0.000000,26.958819
lichess_db_broadcast_2022-11_0691,12,f6d5,467,,-467.000000,0.000000,-3.854948,1.160000,-1.160000,-5.014948
lichess_db_broadcast_2022-11_0691,12,f6e4,392,,-392.000000,-1.160000,16.533043,1.160000,-2.320000,14.213043
lichess_db_broadcast_2022-11_0691,12,f6e8,155,,-155.000000,0.000000,3.678358,0.000000,0.000000,3.678358
lichess_db_broadcast_2022-11_0691,12,f6g4,132,,-132.000000,0.000000,-4.969693,0.000000,0.000000,-4.969693
lichess_db_broadcast_2022-11_0691,12,f6h5,162,,-162.000000,0.000000,-4.584145,0.000000,0.000000,-4.584145
lichess_db_broadcast_2022-11_0691,12,f8e8,30,,-30.000000,0.000000,13.806256,0.000000,0.000000,13.806256
lichess_db_broadcast_2022-11_0691,12,g7g5,316,,-316.000000,0.000000,2.489549,0.000000,0.000000,2.489549
lichess_db_broadcast_2022-11_0691,12,g7g6,135,,-135.000000,0.000000,-2.197001,0.000000,0.000000,-2.197001
lichess_db_broadcast_2022-11_0691,12,g8h8,125,,-125.000000,0.000000,-3.375197,0.000000,0.000000,-3.375197
lichess_db_broadcast_2022-11_0691,12,h7h5,141,,-141.000000,0.000000,-2.639431,0.000000,0.000000,-2.639431
lichess_db_broadcast_2022-11_0691,12,h7h6,72,,-72.000000,0.000000,-2.996968,0.000000,0.000000,-2.996968
lichess_db_broadcast_2022-11_0708,6,a7a5,199,,-199.000000,0.000000,2.320248,0.000000,0.000000,2.320248
lichess_db_broadcast_2022-11_0708,6,a7a6,191,,-191.000000,0.000000,2.022946,0.000000,0.000000,2.022946
lichess_db_broadcast_2022-11_0708,6,b7b5,271,,-271.000000,0.000000,2.021913,0.000000,0.000000,2.021913
lichess_db_broadcast_2022-11_0708,6,b7b6,270,,-270.000000,0.000000,2.551530,0.000000,0.000000,2.551530
lichess_db_broadcast_2022-11_0708,6,b8a6,214,,-214.000000,0.000000,-4.767605,0.000000,0.000000,-4.767605
lichess_db_broadcast_2022-11_0708,6,b8c6,160,,-160.000000,0.000000,-7.275248,0.000000,0.000000,-7.275248
lichess_db_broadcast_2022-11_0708,6,c7c5,172,,-172.000000,0.000000,-2.764625,0.000000,0.000000,-2.764625
lichess_db_broadcast_2022-11_0708,6,c7c6,134,,-134.000000,0.000000,-2.853669,0.000000,0.000000,-2.853669
lichess_db_broadcast_2022-11_0708,6,d7d5,124,,-124.000000,0.000000,-2.158204,0.000000,0.000000,-2.158204
lichess_db_broadcast_2022-11_0708,6,d7d6,45,,-45.000000,0.000000,-2.137888,0.000000,0.000000,-2.137888
lichess_db_broadcast_2022-11_0708,6,d8e7,97,,-97.000000,0.000000,38.993556,0.000000,0.000000,38.993556
lichess_db_broadcast_2022-11_0708,6,e8e7,345,,-345.000000,0.000000,-14.729304,0.000000,0.000000,-14.729304
lichess_db_broadcast_2022-11_0708,6,f6d5,492,,-492.000000,0.000000,-3.622858,1.160000,-1.160000,-4.782858
lichess_db_broadcast_2022-11_0708,6,f6e4,93,,-93.000000,-1.160000,-16.422952,0.000000,-1.160000,-17.582952
lichess_db_broadcast_2022-11_0708,6,f6g4,491,,-491.000000,0.000000,-4.826958,0.000000,0.000000,-4.826958
lichess_db_broadcast_2022-11_0708,6,f6g8,318,,-318.000000,0.000000,3.924570,0.000000,0.000000,3.924570
lichess_db_broadcast_2022-11_0708,6,f6h5,465,,-465.000000,0.000000,-5.174668,0.000000,0.000000,-5.174668
lichess_db_broadcast_2022-11_0708,6,f8a3,489,,-489.000000,0.000000,-8.642209,3.960000,-3.960000,-12.602209
lichess_db_broadcast_2022-11_0708,6,f8b4,143,,-143.000000,0.000000,-10.168448,0.000000,0.000000,-10.168448
lichess_db_broadcast_2022-11_0708,6,f8c5,187,,-187.000000,0.000000,-9.168525,0.000000,0.000000,-9.168525
lichess_db_broadcast_2022-11_0708,6,f8d6,175,,-175.000000,0.000000,-6.778158,0.000000,0.000000,-6.778158
lichess_db_broadcast_2022-11_0708,6,f8e7,137,,-137.000000,0.000000,-9.566949,0.000000,0.000000,-9.566949
lichess_db_broadcast_2022-11_0708,6,g7g5,312,,-312.000000,0.000000,2.374117,0.000000,0.000000,2.374117
lichess_db_broadcast_2022-11_0708,6,g7g6,207,,-207.000000,0.000000,2.392189,0.000000,0.000000,2.392189
lichess_db_broadcast_2022-11_0708,6,h7h5,215,,-215.000000,0.000000,-2.610030,0.000000,0.000000,-2.610030
lichess_db_broadcast_2022-11_0708,6,h7h6,187,,-187.000000,0.000000,-3.138364,0.000000,0.000000,-3.138364
lichess_db_broadcast_2022-11_0708,6,h8g8,285,,-285.000000,0.000000,23.758813,0.000000,0.000000,23.758813
lichess_db_broadcast_2022-11_0708,21,a1b1,72,,-72.000000,0.000000,18.198301,0.000000,0.000000,18.198301
lichess_db_broadcast_2022-11_0708,21,a2a3,-37,,37.000000,0.000000,-2.030013,0.000000,0.000000,-2.030013
lichess_db_broadcast_2022-11_0708,21,a2a4,15,,-15.000000,0.000000,1.919868,0.000000,0.000000,1.919868
lichess_db_broadcast_2022-11_0708,21,b2b3,535,,-535.000000,0.000000,2.146612,0.000000,0.000000,2.146612
lichess_db_broadcast_2022-11_0708,21,c1d2,46,,-46.000000,0.000000,-6.878041,1.400000,-1.400000,-8.278041
lichess_db_broadcast_2022-11_0708,21,c1e3,-33,,33.000000,0.000000,-7.512469,0.000000,0.000000,-7.512469
lichess_db_broadcast_2022-11_0708,21,c1f4,-32,,32.000000,0.000000,-6.780570,0.000000,0.000000,-6.780570
lichess_db_broadcast_2022-11_0708,21,c1g5,435,,-435.000000,0.000000,-12.848229,1.400000,-1.400000,-14.248229
lichess_db_broadcast_2022-11_0708,21,c1h6,341,,-341.000000,0.000000,-9.731092,2.560000,-2.560000,-12.291092
lichess_db_broadcast_2022-11_0708,21,c3a4,117,,-117.000000,0.000000,8.282500,0.000000,0.000000,8.282500
lichess_db_broadcast_2022-11_0708,21,c3b1,137,,-137.000000,0.000000,7.884552,0.000000,0.000000,7.884552
lichess_db_broadcast_2022-11_0708,21,c3b5,152,,-152.000000,0.000000,-7.182490,0.000000,0.000000,-7.182490
lichess_db_broadcast_2022-11_0708,21,c3d5,24,,-24.000000,-1.160000,19.321705,0.000000,-1.160000,18.161705
lichess_db_broadcast_2022-11_0708,21,c3e4,-11,,11.000000,0.000000,49.336768,1.160000,-1.160000,48.176768
lichess_db_broadcast_2022-11_0708,21,c4c5,-20,,20.000000,0.000000,-2.172538,0.000000,0.000000,-2.172538
lichess_db_broadcast_2022-11_0708,21,c4d5,-29,,29.000000,0.000000,16.804881,0.000000,0.000000,16.804881
lichess_db_broadcast_2022-11_0708,21,d1a4,-23,,23.000000,0.000000,-28.749125,0.000000,0.000000,-28.749125
lichess_db_broadcast_2022-11_0708,21,d1b3,-32,,32.000000,0.000000,-33.496464,0.000000,0.000000,-33.496464
lichess_db_broadcast_2022-11_0708,21,d1c2,639,,-639.000000,0.000000,-35.306141,6.800000,-6.800000,-42.106141
lichess_db_broadcast_2022-11_0708,21,d1d2,594,,-594.000000,0.000000,-29.362599,6.800000,-6.800000,-36.162599
lichess_db_broadcast_2022-11_0708,21,d1d3,532,,-532.000000,0.000000,-25.536102,6.800000,-6.800000,-32.336102
lichess_db_broadcast_2022-11_0708,21,d1e1,251,,-251.000000,0.000000,27.276140,0.000000,0.000000,27.276140
lichess_db_broadcast_2022-11_0708,21,e2d3,178,,-178.000000,0.000000,-13.894210,1.400000,-1.400000,-15.294210
lichess_db_broadcast_2022-11_0708,21,f1e1,-32,,32.000000,0.000000,-12.247653,0.000000,0.000000,-12.247653
lichess_db_broadcast_2022-11_0708,21,f3d2,54,,-54.000000,0.000000,-5.352172,0.000000,0.000000,-5.352172
lichess_db_broadcast_2022-11_0708,21,f3e1,-28,,28.000000,0.000000,3.908777,0.000000,0.000000,3.908777
lichess_db_broadcast_2022-11_0708,21,f3e5,-40,,40.000000,0.000000,-5.246975,0.000000,0.000000,-5.246975
lichess_db_broadcast_2022-11_0708,21,f3g5,371,,-371.000000,0.000000,-6.874804,0.000000,0.000000,-6.874804
lichess_db_broadcast_2022-11_0708,21,f3h4,411,,-411.000000,0.000000,-5.740729,0.000000,0.000000,-5.740729
lichess_db_broadcast_2022-11_0708,21,g1h1,-5,,5.000000,0.000000,-3.358782,0.000000,0.000000,-3.358782
lichess_db_broadcast_2022-11_0708,21,g2g3,22,,-22.000000,0.000000,-1.119397,0.000000,0.000000,-1.119397
lichess_db_broadcast_2022-11_0708,21,g2g4,164,,-164.000000,0.000000,2.493882,0.000000,0.000000,2.493882
lichess_db_broadcast_2022-11_0708,21,h2h3,-40,,40.000000,0.000000,-1.446269,0.000000,0.000000,-1.446269
lichess_db_broadcast_2022-11_0708,21,h2h4,11,,-11.000000,0.000000,-2.090960,0.000000,0.000000,-2.090960
lichess_db_broadcast_2022-11_0708,64,b4b3,-98,,98.000000,0.000000,-1.050396,0.000000,0.000000,-1.050396
lichess_db_broadcast_2022-11_0708,64,c3a2,-31,,31.000000,0.000000,-0.962341,0.000000,0.000000,-0.962341
lichess_db_broadcast_2022-11_0708,64,c3a4,21,,-21.000000,0.000000,-1.698570,0.000000,0.000000,-1.698570
lichess_db_broadcast_2022-11_0708,64,c3b1,486,,-486.000000,0.000000,-2.511103,0.000000,0.000000,-2.511103
lichess_db_broadcast_2022-11_0708,64,c3b5,93,,-93.000000,0.000000,-2.035699,0.000000,0.000000,-2.035699
lichess_db_broadcast_2022-11_0708,64,c3d1,429,,-429.000000,0.000000,-1.636268,0.000000,0.000000,-1.636268
lichess_db_broadcast_2022-11_0708,64,c3d5,-58,,58.000000,0.000000,0.000000,0.000000,0.000000,0.000000
lichess_db_broadcast_2022-11_0708,64,c3e2,463,,-463.000000,0.000000,-2.664674,0.000000,0.000000,-2.664674
lichess_db_broadcast_2022-11_0708,64,c3e4,435,,-435.000000,0.000000,-2.966147,0.000000,0.000000,-2.966147
lichess_db_broadcast_2022-11_0708,64,c5a5,-42,,42.000000,0.000000,-1.730300,0.000000,0.000000,-1.730300
lichess_db_broadcast_2022-11_0708,64,c5b5,495,,-495.000000,0.000000,-6.899663,2.000000,-2.000000,-8.899663
lichess_db_broadcast_2022-11_0708,64,c5c4,545,,-545.000000,0.000000,-5.525737,2.000000,-2.000000,-7.525737
lichess_db_broadcast_2022-11_0708,64,c5c6,-76,,76.000000,0.000000,-1.272677,0.000000,0.000000,-1.272677
lichess_db_broadcast_2022-11_0708,64,c5c7,-75,,75.000000,0.000000,2.972744,0.000000,0.000000,2.972744
lichess_db_broadcast_2022-11_0708,64,c5c8,-69,,69.000000,0.000000,-2.101486,0.000000,0.000000,-2.101486
lichess_db_broadcast_2022-11_0708,64,c5d5,-105,,105.000000,0.000000,4.351706,0.000000,0.000000,4.351706
lichess_db_broadcast_2022-11_0708,64,c5e5,517,,-517.000000,0.000000,-1.276863,4.560000,-4.560000,-5.836863
lichess_db_broadcast_2022-11_0708,64,c5f5,492,,-492.000000,0.000000,-7.767862,2.000000,-2.000000,-9.767862
lichess_db_broadcast_2022-11_0708,64,c5g5,514,,-514.000000,0.000000,-1.485226,4.560000,-4.560000,-6.045226
lichess_db_broadcast_2022-11_0708,64,f7f5,-4,,4.000000,0.000000,-2.192408,0.000000,0.000000,-2.192408
lichess_db_broadcast_2022-11_0708,64,f7f6,0,,-0.000000,0.000000,1.755891,0.000000,0.000000,1.755891
lichess_db_broadcast_2022-11_0708,64,g7f6,-30,,30.000000,0.000000,-1.740719,0.000000,0.000000,-1.740719
lichess_db_broadcast_2022-11_0708,64,g7f8,-13,,13.000000,0.000000,-1.870821,0.000000,0.000000,-1.870821
lichess_db_broadcast_2022-11_0708,64,g7g8,-27,,27.000000,0.000000,-0.980073,0.000000,0.000000,-0.980073
lichess_db_broadcast_2022-11_0708,64,g7h6,-33,,33.000000,0.000000,-1.037609,0.000000,0.000000,-1.037609
lichess_db_broadcast_2022-11_0708,64,g7h8,-22,,22.000000,0.000000,-0.942077,0.000000,0.000000,-0.942077
lichess_db_broadcast_2022-11_0708,64,h5h4,-35,,35.000000,0.000000,-1.426810,0.000000,0.000000,-1.426810
lichess_db_broadcast_2022-11_0721,28,a7a5,-2,,2.000000,0.000000,2.076879,0.000000,0.000000,2.076879
lichess_db_broadcast_2022-11_0721,28,a7a6,74,,-74.000000,0.000000,-2.733440,0.000000,0.000000,-2.733440
lichess_db_broadcast_2022-11_0721,28,a8b8,91,,-91.000000,0.000000,13.954183,0.000000,0.000000,13.954183
lichess_db_broadcast_2022-11_0721,28,b7b5,252,,-252.000000,0.000000,-2.540156,0.000000,0.000000,-2.540156
lichess_db_broadcast_2022-11_0721,28,b7b6,47,,-47.000000,0.000000,2.437138,0.000000,0.000000,2.437138
lichess_db_broadcast_2022-11_0721,28,c5a4,536,,-536.000000,0.000000,5.296120,0.000000,0.000000,5.296120
lichess_db_broadcast_2022-11_0721,28,c5a6,88,,-88.000000,0.000000,7.380204,0.000000,0.000000,7.380204
lichess_db_broadcast_2022-11_0721,28,c5b3,536,,-536.000000,0.000000,4.504145,1.160000,-1.160000,3.344145
lichess_db_broadcast_2022-11_0721,28,c5d3,503,,-503.000000,0.000000,-4.769962,0.000000,0.000000,-4.769962
lichess_db_broadcast_2022-11_0721,28,c5d7,70,,-70.000000,0.000000,5.719144,0.000000,0.000000,5.719144
lichess_db_broadcast_2022-11_0721,28,c5e4,248,,-248.000000,-1.160000,16.897727,0.000000,-1.160000,15.737727
lichess_db_broadcast_2022-11_0721,28,c5e6,23,,-23.000000,0.000000,10.159107,0.000000,0.000000,10.159107
lichess_db_broadcast_2022-11_0721,28,c7a5,110,,-110.000000,0.000000,18.200146,0.000000,0.000000,18.200146
lichess_db_broadcast_2022-11_0721,28,c7b6,67,,-67.000000,0.000000,12.489077,0.000000,0.000000,12.489077
lichess_db_broadcast_2022-11_0721,28,c7b8,106,,-106.000000,0.000000,40.795417,0.000000,0.000000,40.795417
lichess_db_broadcast_2022-11_0721,28,c7d6,580,,-580.000000,0.000000,15.071583,3.400000,-3.400000,11.671583
lichess_db_broadcast_2022-11_0721,28,c7d7,582,,-582.000000,0.000000,17.812566,3.400000,-3.400000,14.412566
lichess_db_broadcast_2022-11_0721,28,c7d8,563,,-563.000000,0.000000,32.339879,3.400000,-3.400000,28.939879
lichess_db_broadcast_2022-11_0721,28,c7e7,107,,-107.000000,0.000000,18.763493,0.000000,0.000000,18.763493
lichess_db_broadcast_2022-11_0721,28,c8d7,83,,-83.000000,0.000000,-7.567299,0.000000,0.000000,-7.567299
lichess_db_broadcast_2022-11_0721,28,c8e6,69,,-69.000000,0.000000,8.138683,0.000000,0.000000,8.138683
lichess_db_broadcast_2022-11_0721,28,c8f5,434,,-434.000000,0.000000,11.263352,2.560000,-2.560000,8.703352
lichess_db_broadcast_2022-11_0721,28,c8g4,285,,-285.000000,0.000000,13.247265,2.560000,-2.560000,10.687265
lichess_db_broadcast_2022-11_0721,28,c8h3,311,,-311.000000,-2.560000,17.891974,2.560000,-5.120000,12.771974
lichess_db_broadcast_2022-11_0721,28,e8d8,160,,-160.000000,0.000000,9.848683,0.000000,0.000000,9.848683
lichess_db_broadcast_2022-11_0721,28,e8e6,161,,-161.000000,0.000000,-9.291305,0.000000,0.000000,-9.291305
lichess_db_broadcast_2022-11_0721,28,e8e7,548,,-548.000000,0.000000,13.997235,0.000000,0.000000,13.997235
lichess_db_broadcast_2022-11_0721,28,f6d5,576,,-576.000000,0.000000,-5.544508,2.320000,-2.320000,-7.864508
lichess_db_broadcast_2022-11_0721,28,f6d7,93,,-93.000000,0.000000,-6.483610,0.000000,0.000000,-6.483610
lichess_db_broadcast_2022-11_0721,28,f6e4,249,,-249.000000,-1.160000,17.159014,0.000000,-1.160000,15.999014
lichess_db_broadcast_2022-11_0721,28,f6g4,419,,-419.000000,0.000000,-6.156944,1.160000,-1.160000,-7.316944
lichess_db_broadcast_2022-11_0721,28,f6h5,88,,-88.000000,0.000000,-5.561734,0.000000,0.000000,-5.561734
lichess_db_broadcast_2022-11_0721,28,f8d6,113,,-113.000000,0.000000,13.747069,0.000000,0.000000,13.747069
lichess_db_broadcast_2022-11_0721,28,f8e7,83,,-83.000000,0.000000,-6.547366,0.000000,0.000000,-6.547366
lichess_db_broadcast_2022-11_0721,28,f8g7,509,,-509.000000,0.000000,-8.458669,0.000000,0.000000,-8.458669
lichess_db_broadcast_2022-11_0721,28,f8h6,578,,-578.000000,0.000000,-5.996110,0.000000,0.000000,-5.996110
lichess_db_broadcast_2022-11_0721,28,g6g5,203,,-203.000000,0.000000,2.404707,0.000000,0.000000,2.404707
lichess_db_broadcast_2022-11_0721,28,g8g7,103,,-103.000000,0.000000,10.751498,0.000000,0.000000,10.751498
lichess_db_broadcast_2022-11_0721,28,g8h8,100,,-100.000000,0.000000,-2.513958,0.000000,0.000000,-2.513958
lichess_db_broadcast_2022-11_0721,28,h7h5,80,,-80.000000,0.000000,-3.064082,0.000000,0.000000,-3.064082
lichess_db_broadcast_2022-11_0721,28,h7h6,59,,-59.000000,0.000000,3.548278,0.000000,0.000000,3.548278
lichess_db_broadcast_2022-11_0849,33,b3a1,344,,-344.000000,0.000000,-4.903157,0.000000,0.000000,-4.903157
lichess_db_broadcast_2022-11_0849,33,b3a5,428,,-428.000000,0.000000,-5.249673,1.160000,-1.160000,-6.409673
lichess_db_broadcast_2022-11_0849,33,b3c5,412,,-412.000000,0.000000,-4.849519,1.160000,-1.160000,-6.009519
lichess_db_broadcast_2022-11_0849,33,c1a1,76,,-76.000000,0.000000,-8.435951,0.000000,0.000000,-8.435951
lichess_db_broadcast_2022-11_0849,33,c1b1,29,,-29.000000,0.000000,8.465101,0.000000,0.000000,8.465101
lichess_db_broadcast_2022-11_0849,33,c1c2,28,,-28.000000,0.000000,-9.335563,0.000000,0.000000,-9.335563
lichess_db_broadcast_2022-11_0849,33,c1c3,380,,-380.000000,0.000000,-7.236831,3.400000,-3.400000,-10.636831
lichess_db_broadcast_2022-11_0849,33,c1c4,21,,-21.000000,0.000000,-8.019205,0.000000,0.000000,-8.019205
lichess_db_broadcast_2022-11_0849,33,c1c5,390,,-390.000000,0.000000,-6.395313,6.560000,-6.560000,-12.955313
lichess_db_broadcast_2022-11_0849,33,c1c6,148,,-148.000000,0.000000,-10.304934,0.000000,0.000000,-10.304934
lichess_db_broadcast_2022-11_0849,33,c1c7,505,,-505.000000,0.000000,-8.881289,3.400000,-3.400000,-12.281289
lichess_db_broadcast_2022-11_0849,33,c1c8,310,,-310.000000,-2.000000,161.453141,0.000000,-2.000000,159.453141
lichess_db_broadcast_2022-11_0849,33,d1e1,268,,-268.000000,0.000000,7.064683,0.000000,0.000000,7.064683
lichess_db_broadcast_2022-11_0849,33,d1f1,317,,-317.000000,0.000000,-8.621579,0.000000,0.000000,-8.621579
lichess_db_broadcast_2022-11_0849,33,d2a5,450,,-450.000000,0.000000,-5.775445,2.560000,-2.560000,-8.335445
lichess_db_broadcast_2022-11_0849,33,d2b4,457,,-457.000000,0.000000,8.905510,1.400000,-1.400000,7.505510
lichess_db_broadcast_2022-11_0849,33,d2c3,371,,-371.000000,0.000000,-5.542290,1.400000,-1.400000,-6.942290
lichess_db_broadcast_2022-11_0849,33,d2e1,326,,-326.000000,0.000000,-4.661667,0.000000,0.000000,-4.661667
lichess_db_broadcast_2022-11_0849,33,d2e3,541,,-541.000000,0.000000,-7.611344,1.400000,-1.400000,-9.011344
lichess_db_broadcast_2022-11_0849,33,d2f4,397,,-397.000000,0.000000,-8.289806,1.400000,-1.400000,-9.689806
lichess_db_broadcast_2022-11_0849,33,d2g5,276,,-276.000000,0.000000,-5.324173,0.000000,0.000000,-5.324173
lichess_db_broadcast_2022-11_0849,33,d2h6,455,,-455.000000,0.000000,-5.177821,2.560000,-2.560000,-7.737821
lichess_db_broadcast_2022-11_0849,33,e2e3,321,,-321.000000,0.000000,1.264535,0.000000,0.000000,1.264535
lichess_db_broadcast_2022-11_0849,33,e2e4,228,,-228.000000,0.000000,-1.384759,0.000000,0.000000,-1.384759
lichess_db_broadcast_2022-11_0849,33,f3f4,352,,-352.000000,0.000000,1.810235,0.000000,0.000000,1.810235
lichess_db_broadcast_2022-11_0849,33,g1f1,351,,-351.000000,0.000000,-3.386331,0.000000,0.000000,-3.386331
lichess_db_broadcast_2022-11_0849,33,g1f2,325,,-325.000000,0.000000,-5.442918,0.000000,0.000000,-5.442918
lichess_db_broadcast_2022-11_0849,33,g1h1,345,,-345.000000,0.000000,-3.062322,0.000000,0.000000,-3.062322
lichess_db_broadcast_2022-11_0849,33,g2f1,307,,-307.000000,0.000000,-7.694908,0.000000,0.000000,-7.694908
lichess_db_broadcast_2022-11_0849,33,g2h1,363,,-363.000000,0.000000,5.574222,0.000000,0.000000,5.574222
lichess_db_broadcast_2022-11_0849,33,g2h3,274,,-274.000000,0.000000,-7.973185,0.000000,0.000000,-7.973185
lichess_db_broadcast_2022-11_0849,33,g3g4,316,,-316.000000,0.000000,-1.234576,0.000000,0.000000,-1.234576
lichess_db_broadcast_2022-11_0849,33,h2h3,325,,-325.000000,0.000000,-1.694161,0.000000,0.000000,-1.694161
lichess_db_broadcast_2022-11_0849,33,h2h4,299,,-299.000000,0.000000,1.010740,0.000000,0.000000,1.010740
lichess_db_broadcast_2022-11_0849,53,a2a3,158,,-158.000000,0.000000,-1.318693,0.000000,0.000000,-1.318693
lichess_db_broadcast_2022-11_0849,53,a2a4,139,,-139.000000,0.000000,-1.033200,0.000000,0.000000,-1.033200
lichess_db_broadcast_2022-11_0849,53,b3a1,243,,-243.000000,0.000000,-2.713180,0.000000,0.000000,-2.713180
lichess_db_broadcast_2022-11_0849,53,b3a5,409,,-409.000000,0.000000,-2.463305,1.160000,-1.160000,-3.623305
lichess_db_broadcast_2022-11_0849,53,b3c1,209,,-209.000000,0.000000,2.769517,0.000000,0.000000,2.769517
lichess_db_broadcast_2022-11_0849,53,b3c5,54,,-54.000000,1.400000,161.074728,1.160000,0.240000,161.314728
lichess_db_broadcast_2022-11_0849,53,b3d2,197,,-197.000000,0.000000,3.438081,0.000000,0.000000,3.438081
lichess_db_broadcast_2022-11_0849,53,b3d4,140,,-140.000000,0.000000,-2.787772,0.000000,0.000000,-2.787772
lichess_db_broadcast_2022-11_0849,53,d1a1,158,,-158.000000,0.000000,5.920474,0.000000,0.000000,5.920474
lichess_db_broadcast_2022-11_0849,53,d1b1,131,,-131.000000,0.000000,-1.284873,0.000000,0.000000,-1.284873
lichess_db_broadcast_2022-11_0849,53,d1c1,82,,-82.000000,0.000000,6.025254,0.000000,0.000000,6.025254
lichess_db_broadcast_2022-11_0849,53,d1d2,347,,-347.000000,0.000000,7.771154,3.400000,-3.400000,4.371154
lichess_db_broadcast_2022-11_0849,53,d1d3,111,,-111.000000,0.000000,0.830010,0.000000,0.000000,0.830010
lichess_db_broadcast_2022-11_0849,53,d1d4,309,,-309.000000,0.000000,-5.961722,2.000000,-2.000000,-7.961722
lichess_db_broadcast_2022-11_0849,53,d1d5,461,,-461.000000,-4.560000,-20.375005,2.000000,-6.560000,-26.935005
lichess_db_broadcast_2022-11_0849,53,d1e1,136,,-136.000000,0.000000,-1.866311,0.000000,0.000000,-1.866311
lichess_db_broadcast_2022-11_0849,53,d1f1,138,,-138.000000,0.000000,-6.095165,0.000000,0.000000,-6.095165
lichess_db_broadcast_2022-11_0849,53,d1g1,331,,-331.000000,0.000000,6.333181,2.000000,-2.000000,4.333181
lichess_db_broadcast_2022-11_0849,53,d1h1,160,,-160.000000,0.000000,-11.469242,0.000000,0.000000,-11.469242
lichess_db_broadcast_2022-11_0849,53,e5e6,151,,-151.000000,0.000000,-1.928983,0.000000,0.000000,-1.928983
lichess_db_broadcast_2022-11_0849,53,f4c1,117,,-117.000000,0.000000,-4.740447,0.000000,0.000000,-4.740447
lichess_db_broadcast_2022-11_0849,53,f4d2,199,,-199.000000,0.000000,-5.279419,1.400000,-1.400000,-6.679419
lichess_db_broadcast_2022-11_0849,53,f4e3,457,,-457.000000,0.000000,7.522209,0.000000,0.000000,7.522209
lichess_db_broadcast_2022-11_0849,53,f4g5,472,,-472.000000,0.000000,-4.982819,3.960000,-3.960000,-8.942819
lichess_db_broadcast_2022-11_0849,53,f4h6,441,,-441.000000,-2.560000,-16.450267,2.560000,-5.120000,-21.570267
lichess_db_broadcast_2022-11_0849,53,g2e4,55,,-55.000000,-1.400000,50.874264,2.560000,-3.960000,46.914264
lichess_db_broadcast_2022-11_0849,53,g2f1,210,,-210.000000,0.000000,-10.701433,0.000000,0.000000,-10.701433
lichess_db_broadcast_2022-11_0849,53,g2f3,110,,-110.000000,0.000000,-11.457415,0.000000,0.000000,-11.457415
lichess_db_broadcast_2022-11_0849,53,g2h1,156,,-156.000000,0.000000,-9.337662,0.000000,0.000000,-9.337662
lichess_db_broadcast_2022-11_0849,53,g2h3,175,,-175.000000,0.000000,-10.693559,0.000000,0.000000,-10.693559
lichess_db_broadcast_2022-11_0849,53,g3g4,126,,-126.000000,0.000000,-1.622686,0.000000,0.000000,-1.622686
lichess_db_broadcast_2022-11_0849,53,h2h1,501,,-501.000000,0.000000,-5.721159,0.000000,0.000000,-5.721159
lichess_db_broadcast_2022-11_0849,53,h2h3,472,,-472.000000,0.000000,-4.152951,0.000000,0.000000,-4.152951
lichess_db_broadcast_2022-11_0849,53,h4h5,105,,-105.000000,0.000000,1.348599,0.000000,0.000000,1.348599
lichess_db_broadcast_2022-11_0849,54,a7a5,-42,,42.000000,0.000000,-2.139896,0.000000,0.000000,-2.139896
lichess_db_broadcast_2022-11_0849,54,a7a6,-22,,22.000000,0.000000,2.197907,0.000000,0.000000,2.197907
lichess_db_broadcast_2022-11_0849,54,a8b8,52,,-52.000000,0.000000,-12.179607,0.000000,0.000000,-12.179607
lichess_db_broadcast_2022-11_0849,54,a8c8,-108,,108.000000,0.000000,-6.226730,0.000000,0.000000,-6.226730
lichess_db_broadcast_2022-11_0849,54,a8d8,-32,,32.000000,0.000000,-11.727341,0.000000,0.000000,-11.727341
lichess_db_broadcast_2022-11_0849,54,a8e8,-49,,49.000000,0.000000,-11.440930,0.000000,0.000000,-11.440930
lichess_db_broadcast_2022-11_0849,54,a8f8,-62,,62.000000,0.000000,-12.782800,0.000000,0.000000,-12.782800
lichess_db_broadcast_2022-11_0849,54,a8g8,-50,,50.000000,0.000000,-10.704237,0.000000,0.000000,-10.704237
lichess_db_broadcast_2022-11_0849,54,a8h8,-16,,16.000000,0.000000,-11.236143,0.000000,0.000000,-11.236143
lichess_db_broadcast_2022-11_0849,54,b6b5,379,,-379.000000,0.000000,-2.395392,0.000000,0.000000,-2.395392
lichess_db_broadcast_2022-11_0849,54,b7a6,258,,-258.000000,0.000000,-8.789369,0.000000,0.000000,-8.789369
lichess_db_broadcast_2022-11_0849,54,b7c6,-12,,12.000000,0.000000,-5.335174,0.000000,0.000000,-5.335174
lichess_db_broadcast_2022-11_0849,54,b7c8,149,,-149.000000,0.000000,-8.789369,0.000000,0.000000,-8.789369
lichess_db_broadcast_2022-11_0849,54,c5a3,-80,,80.000000,0.000000,-6.136983,0.000000,0.000000,-6.136983
lichess_db_broadcast_2022-11_0849,54,c5b4,-20,,20.000000,0.000000,-5.476061,0.000000,0.000000,-5.476061
lichess_db_broadcast_2022-11_0849,54,c5d4,457,,-457.000000,0.000000,-4.974952,1.400000,-1.400000,-6.374952
lichess_db_broadcast_2022-11_0849,54,c5d6,464,,-464.000000,0.000000,-7.952560,2.560000,-2.560000,-10.512560
lichess_db_broadcast_2022-11_0849,54,c5e3,466,,-466.000000,0.000000,-5.997611,0.000000,0.000000,-5.997611
lichess_db_broadcast_2022-11_0849,54,c5f2,-64,,64.000000,0.000000,-4.500580,0.000000,0.000000,-4.500580
lichess_db_broadcast_2022-11_0849,54,c5g1,496,,-496.000000,0.000000,-6.022795,0.900000,-0.900000,-6.922795
lichess_db_broadcast_2022-11_0849,54,d5d4,276,,-276.000000,0.000000,-2.527171,0.000000,0.000000,-2.527171
lichess_db_broadcast_2022-11_0849,54,e4c3,2,,-2.000000,0.000000,-5.226585,0.000000,0.000000,-5.226585
lichess_db_broadcast_2022-11_0849,54,e4d2,438,,-438.000000,0.000000,-4.615254,0.000000,0.000000,-4.615254
lichess_db_broadcast_2022-11_0849,54,e4d6,574,,-574.000000,0.000000,-6.008249,1.160000,-1.160000,-7.168249
lichess_db_broadcast_2022-11_0849,54,e4f2,-9,,9.000000,0.000000,-4.637653,0.000000,0.000000,-4.637653
lichess_db_broadcast_2022-11_0849,54,e4f6,467,,-467.000000,0.000000,-4.559516,1.160000,-1.160000,-5.719516
lichess_db_broadcast_2022-11_0849,54,e4g3,370,,-370.000000,-1.160000,16.716391,0.000000,-1.160000,15.556391
lichess_db_broadcast_2022-11_0849,54,e4g5,-25,,25.000000,0.000000,-4.617917,0.000000,0.000000,-4.617917
lichess_db_broadcast_2022-11_0849,54,e7d7,456,,-456.000000,0.000000,-2.855003,0.000000,0.000000,-2.855003
lichess_db_broadcast_2022-11_0849,54,e7d8,447,,-447.000000,0.000000,-3.625374,0.000000,0.000000,-3.625374
lichess_db_broadcast_2022-11_0849,54,e7e6,61,,-61.000000,0.000000,-2.542388,0.000000,0.000000,-2.542388
lichess_db_broadcast_2022-11_0849,54,e7e8,0,,-0.000000,0.000000,-3.290296,0.000000,0.000000,-3.290296
lichess_db_broadcast_2022-11_0849,54,e7f7,441,,-441.000000,0.000000,-2.604516,0.000000,0.000000,-2.604516
lichess_db_broadcast_2022-11_0849,54,e7f8,20,,-20.000000,0.000000,2.464255,0.000000,0.000000,2.464255
lichess_db_broadcast_2022-11_0849,54,g7g5,183,,-183.000000,0.000000,-2.081102,0.000000,0.000000,-2.081102
lichess_db_broadcast_2022-11_0849,54,g7g6,173,,-173.000000,0.000000,2.161591,0.000000,0.000000,2.161591
lichess_db_broadcast_2022-11_0879,23,a1b1,-25,,25.000000,0.000000,12.045604,0.000000,0.000000,12.045604
lichess_db_broadcast_2022-11_0879,23,a1c1,-19,,19.000000,0.000000,10.317137,0.000000,0.000000,10.317137
lichess_db_broadcast_2022-11_0879,23,a1d1,-22,,22.000000,0.000000,10.371229,0.000000,0.000000,10.371229
lichess_db_broadcast_2022-11_0879,23,a1e1,-27,,27.000000,0.000000,10.210332,0.000000,0.000000,10.210332
lichess_db_broadcast_2022-11_0879,23,a2a3,-13,,13.000000,0.000000,-1.957169,0.000000,0.000000,-1.957169
lichess_db_broadcast_2022-11_0879,23,a2a4,-25,,25.000000,0.000000,-1.123802,0.000000,0.000000,-1.123802
lichess_db_broadcast_2022-11_0879,23,b2b3,-14,,14.000000,0.000000,0.823354,0.000000,0.000000,0.823354
lichess_db_broadcast_2022-11_0879,23,b2b4,-2,,2.000000,0.000000,-2.001334,0.000000,0.000000,-2.001334
lichess_db_broadcast_2022-11_0879,23,c2a4,614,,-614.000000,0.000000,-20.356339,6.800000,-6.800000,-27.156339
lichess_db_broadcast_2022-11_0879,23,c2b1,-22,,22.000000,0.000000,28.687999,0.000000,0.000000,28.687999
lichess_db_broadcast_2022-11_0879,23,c2b3,-25,,25.000000,0.000000,-12.519822,0.000000,0.000000,-12.519822
lichess_db_broadcast_2022-11_0879,23,c2c1,0,,-0.000000,0.000000,26.719994,0.000000,0.000000,26.719994
lichess_db_broadcast_2022-11_0879,23,c2d1,-12,,12.000000,0.000000,30.566349,0.000000,0.000000,30.566349
lichess_db_broadcast_2022-11_0879,23,c2d2,-27,,27.000000,0.000000,19.753478,0.000000,0.000000,19.753478
lichess_db_broadcast_2022-11_0879,23,c3a4,-6,,6.000000,0.000000,-3.586963,0.000000,0.000000,-3.586963
lichess_db_broadcast_2022-11_0879,23,c3b1,-19,,19.000000,0.000000,3.510694,0.000000,0.000000,3.510694
lichess_db_broadcast_2022-11_0879,23,c3b5,353,,-353.000000,0.000000,2.701818,1.160000,-1.160000,1.541818
lichess_db_broadcast_2022-11_0879,23,c3d1,-21,,21.000000,0.000000,2.913383,0.000000,0.000000,2.913383
lichess_db_broadcast_2022-11_0879,23,c3d5,355,,-355.000000,-1.160000,17.462439,1.160000,-2.320000,15.142439
lichess_db_broadcast_2022-11_0879,23,c3e4,358,,-358.000000,0.000000,3.995148,1.160000,-1.160000,2.835148
lichess_db_broadcast_2022-11_0879,23,d3a6,386,,-386.000000,0.000000,-15.713020,2.560000,-2.560000,-18.273020
lichess_db_broadcast_2022-11_0879,23,d3b5,300,,-300.000000,0.000000,-15.075585,2.560000,-2.560000,-17.635585
lichess_db_broadcast_2022-11_0879,23,d3c4,447,,-447.000000,0.000000,-13.319216,3.960000,-3.960000,-17.279216
lichess_db_broadcast_2022-11_0879,23,d3e4,403,,-403.000000,0.000000,-14.476631,2.560000,-2.560000,-17.036631
lichess_db_broadcast_2022-11_0879,23,d3f5,476,,-476.000000,0.000000,-13.045467,2.560000,-2.560000,-15.605467
lichess_db_broadcast_2022-11_0879,23,d3g6,398,,-398.000000,-2.560000,20.611483,5.120000,-7.680000,12.931483
lichess_db_broadcast_2022-11_0879,23,e2c1,-29,,29.000000,0.000000,-5.319813,0.000000,0.000000,-5.319813
lichess_db_broadcast_2022-11_0879,23,e2f4,30,,-30.000000,0.000000,-5.790897,0.000000,0.000000,-5.790897
lichess_db_broadcast_2022-11_0879,23,e2g3,5,,-5.000000,0.000000,-5.989842,0.000000,0.000000,-5.989842
lichess_db_broadcast_2022-11_0879,23,e3e4,-4,,4.000000,0.000000,2.090997,0.000000,0.000000,2.090997
lichess_db_broadcast_2022-11_0879,23,f1b1,-21,,21.000000,0.000000,8.831351,0.000000,0.000000,8.831351
lichess_db_broadcast_2022-11_0879,23,f1c1,-25,,25.000000,0.000000,9.342775,0.000000,0.000000,9.342775
lichess_db_broadcast_2022-11_0879,23,f1d1,-22,,22.000000,0.000000,9.437828,0.000000,0.000000,9.437828
lichess_db_broadcast_2022-11_0879,23,f1e1,-34,,34.000000,0.000000,-10.609760,0.000000,0.000000,-10.609760
lichess_db_broadcast_2022-11_0879,23,f2f3,165,,-165.000000,0.000000,-1.513490,0.000000,0.000000,-1.513490
lichess_db_broadcast_2022-11_0879,23,f2f4,147,,-147.000000,0.000000,-1.765761,0.000000,0.000000,-1.765761
lichess_db_broadcast_2022-11_0879,23,g1h1,-11,,11.000000,0.000000,-3.710507,0.000000,0.000000,-3.710507
lichess_db_broadcast_2022-11_0879,23,g2g3,23,,-23.000000,0.000000,-1.648987,0.000000,0.000000,-1.648987
lichess_db_broadcast_2022-11_0879,23,g2g4,236,,-236.000000,0.000000,-1.788207,0.000000,0.000000,-1.788207
lichess_db_broadcast_2022-11_0879,23,h2h3,-25,,25.000000,0.000000,-1.624539,0.000000,0.000000,-1.624539
lichess_db_broadcast_2022-11_0879,23,h2h4,120,,-120.000000,0.000000,-1.933916,0.000000,0.000000,-1.933916
lichess_db_broadcast_2022-11_0926,51,a2a3,142,,-142.000000,0.000000,1.318693,0.000000,0.000000,1.318693
lichess_db_broadcast_2022-11_0926,51,a2a4,98,,-98.000000,0.000000,1.112161,0.000000,0.000000,1.112161
lichess_db_broadcast_2022-11_0926,51,c1a1,215,,-215.000000,0.000000,8.104042,0.000000,0.000000,8.104042
lichess_db_broadcast_2022-11_0926,51,c1b1,288,,-288.000000,0.000000,-5.885155,0.000000,0.000000,-5.885155
lichess_db_broadcast_2022-11_0926,51,c1c2,143,,-143.000000,0.000000,-5.708642,0.000000,0.000000,-5.708642
lichess_db_broadcast_2022-11_0926,51,c3c4,239,,-239.000000,0.000000,-1.378096,0.000000,0.000000,-1.378096
lichess_db_broadcast_2022-11_0926,51,c5a7,270,,-270.000000,0.000000,-3.246602,0.000000,0.000000,-3.246602
lichess_db_broadcast_2022-11_0926,51,c5b6,443,,-443.000000,0.000000,-4.854744,1.400000,-1.400000,-6.254744
lichess_db_broadcast_2022-11_0926,51,c5d4,472,,-472.000000,0.000000,-4.377209,2.560000,-2.560000,-6.937209
lichess_db_broadcast_2022-11_0926,51,c5d6,237,,-237.000000,0.000000,-3.488222,0.000000,0.000000,-3.488222
lichess_db_broadcast_2022-11_0926,51,c5e3,526,,-526.000000,0.000000,6.298707,1.400000,-1.400000,4.898707
lichess_db_broadcast_2022-11_0926,51,c5e7,540,,-540.000000,0.000000,-4.508375,1.400000,-1.400000,-5.908375
lichess_db_broadcast_2022-11_0926,51,c5f2,265,,-265.000000,0.000000,-3.244299,0.000000,0.000000,-3.244299
lichess_db_broadcast_2022-11_0926,51,c5f8,479,,-479.000000,0.000000,-2.485858,0.900000,-0.900000,-3.385858
lichess_db_broadcast_2022-11_0926,51,c5g1,251,,-251.000000,0.000000,3.782497,0.000000,0.000000,3.782497
lichess_db_broadcast_2022-11_0926,51,d1d2,137,,-137.000000,0.000000,-4.726117,0.000000,0.000000,-4.726117
lichess_db_broadcast_2022-11_0926,51,d1d3,170,,-170.000000,0.000000,-3.518945,0.000000,0.000000,-3.518945
lichess_db_broadcast_2022-11_0926,51,d1d4,524,,-524.000000,0.000000,7.998538,4.560000,-4.560000,3.438538
lichess_db_broadcast_2022-11_0926,51,d1d5,446,,-446.000000,-3.400000,49.006331,4.560000,-7.960000,41.046331
lichess_db_broadcast_2022-11_0926,51,d1e1,168,,-168.000000,0.000000,3.725735,0.000000,0.000000,3.725735
lichess_db_broadcast_2022-11_0926,51,d1f1,158,,-158.000000,0.000000,4.933093,0.000000,0.000000,4.933093
lichess_db_broadcast_2022-11_0926,51,d1g1,165,,-165.000000,0.000000,7.323330,0.000000,0.000000,7.323330
lichess_db_broadcast_2022-11_0926,51,f3d2,147,,-147.000000,0.000000,2.534332,0.000000,0.000000,2.534332
lichess_db_broadcast_2022-11_0926,51,f3d4,475,,-475.000000,0.000000,2.803829,1.160000,-1.160000,1.643829
lichess_db_broadcast_2022-11_0926,51,f3e1,259,,-259.000000,0.000000,1.850024,0.000000,0.000000,1.850024
lichess_db_broadcast_2022-11_0926,51,f3e5,476,,-476.000000,-1.160000,-15.967494,0.000000,-1.160000,-17.127494
lichess_db_broadcast_2022-11_0926,51,f3g1,255,,-255.000000,0.000000,2.832184,0.000000,0.000000,2.832184
lichess_db_broadcast_2022-11_0926,51,f3g5,460,,-460.000000,0.000000,3.591725,0.000000,0.000000,3.591725
lichess_db_broadcast_2022-11_0926,51,f3h4,273,,-273.000000,0.000000,1.687724,0.000000,0.000000,1.687724
lichess_db_broadcast_2022-11_0926,51,g3g4,236,,-236.000000,0.000000,-1.030741,0.000000,0.000000,-1.030741
lichess_db_broadcast_2022-11_0926,51,h1g1,176,,-176.000000,0.000000,3.143373,0.000000,0.000000,3.143373
lichess_db_broadcast_2022-11_0926,51,h1g2,185,,-185.000000,0.000000,-4.861614,0.000000,0.000000,-4.861614
lichess_db_broadcast_2022-11_0926,51,h2h3,181,,-181.000000,0.000000,-1.022017,0.000000,0.000000,-1.022017
lichess_db_broadcast_2022-11_0926,51,h2h4,171,,-171.000000,0.000000,1.301013,0.000000,0.000000,1.301013
lichess_db_broadcast_2022-11_0950,24,a7a5,-205,,205.000000,0.000000,2.320248,0.000000,0.000000,2.320248
lichess_db_broadcast_2022-11_0950,24,a7a6,-176,,176.000000,0.000000,-1.812500,0.000000,0.000000,-1.812500
lichess_db_broadcast_2022-11_0950,24,b7b5,-101,,101.000000,0.000000,-1.965699,0.000000,0.000000,-1.965699
lichess_db_broadcast_2022-11_0950,24,b7b6,-66,,66.000000,0.000000,2.457573,0.000000,0.000000,2.457573
lichess_db_broadcast_2022-11_0950,24,b8a6,-228,,228.000000,0.000000,-5.338363,0.000000,0.000000,-5.338363
lichess_db_broadcast_2022-11_0950,24,b8c6,-234,,234.000000,0.000000,-9.537650,0.000000,0.000000,-9.537650
lichess_db_broadcast_2022-11_0950,24,b8d7,-204,,204.000000,0.000000,5.417800,0.000000,0.000000,5.417800
lichess_db_broadcast_2022-11_0950,24,c7c5,-220,,220.000000,0.000000,-2.708905,0.000000,0.000000,-2.708905
lichess_db_broadcast_2022-11_0950,24,c7c6,-145,,145.000000,0.000000,-2.780512,0.000000,0.000000,-2.780512
lichess_db_broadcast_2022-11_0950,24,d8c8,-134,,134.000000,0.000000,28.167222,0.000000,0.000000,28.167222
lichess_db_broadcast_2022-11_0950,24,d8d5,488,,-488.000000,0.000000,-23.840615,7.960000,-7.960000,-31.800615
lichess_db_broadcast_2022-11_0950,24,d8d6,-210,,210.000000,0.000000,-24.332120,0.000000,0.000000,-24.332120
lichess_db_broadcast_2022-11_0950,24,d8d7,-189,,189.000000,0.000000,-25.982819,0.000000,0.000000,-25.982819
lichess_db_broadcast_2022-11_0950,24,d8e7,-178,,178.000000,0.000000,-24.473126,0.000000,0.000000,-24.473126
lichess_db_broadcast_2022-11_0950,24,e8e2,73,,-73.000000,-2.000000,162.474208,3.400000,-5.400000,157.074208
lichess_db_broadcast_2022-11_0950,24,e8e3,330,,-330.000000,0.000000,-15.254351,4.560000,-4.560000,-19.814351
lichess_db_broadcast_2022-11_0950,24,e8e4,412,,-412.000000,0.000000,-15.423592,7.960000,-7.960000,-23.383592
lichess_db_broadcast_2022-11_0950,24,e8e5,-23,,23.000000,0.000000,-18.770517,0.000000,0.000000,-18.770517
lichess_db_broadcast_2022-11_0950,24,e8e6,-157,,157.000000,0.000000,-16.014309,0.000000,0.000000,-16.014309
lichess_db_broadcast_2022-11_0950,24,e8e7,-176,,176.000000,0.000000,-12.303303,0.000000,0.000000,-12.303303
lichess_db_broadcast_2022-11_0950,24,e8f8,-132,,132.000000,0.000000,12.560129,0.000000,0.000000,12.560129
lichess_db_broadcast_2022-11_0950,24,f5c8,-157,,157.000000,0.000000,7.596377,0.000000,0.000000,7.596377
lichess_db_broadcast_2022-11_0950,24,f5d3,271,,-271.000000,-2.560000,17.977188,0.000000,-2.560000,15.417188
lichess_db_broadcast_2022-11_0950,24,f5d7,-112,,112.000000,0.000000,7.695397,0.000000,0.000000,7.695397
lichess_db_broadcast_2022-11_0950,24,f5e4,314,,-314.000000,0.000000,3.561125,3.960000,-3.960000,-0.398875
lichess_db_broadcast_2022-11_0950,24,f5e6,-122,,122.000000,0.000000,2.352122,0.000000,0.000000,2.352122
lichess_db_broadcast_2022-11_0950,24,f5g4,-137,,137.000000,0.000000,7.114932,0.000000,0.000000,7.114932
lichess_db_broadcast_2022-11_0950,24,f5g6,-166,,166.000000,0.000000,5.103417,0.000000,0.000000,5.103417
lichess_db_broadcast_2022-11_0950,24,f5h3,222,,-222.000000,0.000000,-3.285768,3.960000,-3.960000,-7.245768
lichess_db_broadcast_2022-11_0950,24,f6d5,247,,-247.000000,0.000000,7.162250,1.160000,-1.160000,6.002250
lichess_db_broadcast_2022-11_0950,24,f6d7,-162,,162.000000,0.000000,7.254264,0.000000,0.000000,7.254264
lichess_db_broadcast_2022-11_0950,24,f6e4,313,,-313.000000,0.000000,-7.881680,1.160000,-1.160000,-9.041680
lichess_db_broadcast_2022-11_0950,24,f6g4,-107,,107.000000,0.000000,-7.848077,0.000000,0.000000,-7.848077
lichess_db_broadcast_2022-11_0950,24,f6h5,194,,-194.000000,0.000000,-8.085388,0.000000,0.000000,-8.085388
lichess_db_broadcast_2022-11_0950,24,g7g5,-101,,101.000000,0.000000,2.771705,0.000000,0.000000,2.771705
lichess_db_broadcast_2022-11_0950,24,g7g6,-164,,164.000000,0.000000,3.019517,0.000000,0.000000,3.019517
lichess_db_broadcast_2022-11_0950,24,g8f8,-159,,159.000000,0.000000,2.649924,0.000000,0.000000,2.649924
lichess_db_broadcast_2022-11_0950,24,g8h8,-148,,148.000000,0.000000,-5.715832,0.000000,0.000000,-5.715832
lichess_db_broadcast_2022-11_0950,24,h7h5,-218,,218.000000,0.000000,-2.526968,0.000000,0.000000,-2.526968
lichess_db_broadcast_2022-11_0950,24,h7h6,-238,,238.000000,0.000000,-3.073412,0.000000,0.000000,-3.073412
lichess_db_broadcast_2022-11_0964,26,a6a5,724,,-724.000000,0.000000,1.914286,0.000000,0.000000,1.914286
lichess_db_broadcast_2022-11_0964,26,a8a7,752,,-752.000000,0.000000,15.523866,0.000000,0.000000,15.523866
lichess_db_broadcast_2022-11_0964,26,a8b8,695,,-695.000000,0.000000,17.984080,0.000000,0.000000,17.984080
lichess_db_broadcast_2022-11_0964,26,a8c8,754,,-754.000000,0.000000,11.354883,0.000000,0.000000,11.354883
lichess_db_broadcast_2022-11_0964,26,a8d8,700,,-700.000000,0.000000,15.444109,0.000000,0.000000,15.444109
lichess_db_broadcast_2022-11_0964,26,b6a5,471,,-471.000000,0.000000,-15.238336,0.000000,0.000000,-15.238336
lichess_db_broadcast_2022-11_0964,26,b6a7,359,,-359.000000,0.000000,-17.860240,0.000000,0.000000,-17.860240
lichess_db_broadcast_2022-11_0964,26,b6b2,754,,-754.000000,-7.960000,-21.503374,5.400000,-13.360000,-34.863374
lichess_db_broadcast_2022-11_0964,26,b6b3,811,,-811.000000,0.000000,-20.223164,14.760000,-14.760000,-34.983164
lichess_db_broadcast_2022-11_0964,26,b6b4,712,,-712.000000,0.000000,8.033023,6.800000,-6.800000,1.233023
lichess_db_broadcast_2022-11_0964,26,b6b5,803,,-803.000000,0.000000,-10.176394,14.760000,-14.760000,-24.936394
lichess_db_broadcast_2022-11_0964,26,b6c6,744,,-744.000000,0.000000,23.674315,6.800000,-6.800000,16.874315
lichess_db_broadcast_2022-11_0964,26,b6c7,774,,-774.000000,0.000000,5.840073,6.800000,-6.800000,-0.959927
lichess_db_broadcast_2022-11_0964,26,b6d8,366,,-366.000000,0.000000,-27.476822,0.000000,0.000000,-27.476822
lichess_db_broadcast_2022-11_0964,26,b7c6,740,,-740.000000,0.000000,-2.731253,1.400000,-1.400000,-4.131253
lichess_db_broadcast_2022-11_0964,26,b7c8,827,,-827.000000,0.000000,7.980275,0.000000,0.000000,7.980275
lichess_db_broadcast_2022-11_0964,26,b7d5,473,,-473.000000,-1.400000,50.380247,2.560000,-3.960000,46.420247
lichess_db_broadcast_2022-11_0964,26,c5a4,674,,-674.000000,-1.160000,-17.957421,0.000000,-1.160000,-19.117421
lichess_db_broadcast_2022-11_0964,26,c5b3,688,,-688.000000,0.000000,-6.165591,1.160000,-1.160000,-7.325591
lichess_db_broadcast_2022-11_0964,26,c5d3,689,,-689.000000,0.000000,-8.069855,1.160000,-1.160000,-9.229855
lichess_db_broadcast_2022-11_0964,26,c5d7,717,,-717.000000,0.000000,-8.413667,0.000000,0.000000,-8.413667
lichess_db_broadcast_2022-11_0964,26,c5e4,687,,-687.000000,-1.160000,-17.509699,0.000000,-1.160000,-18.669699
lichess_db_broadcast_2022-11_0964,26,e6d5,242,,-242.000000,1.160000,50.006653,0.000000,1.160000,51.166653
lichess_db_broadcast_2022-11_0964,26,e6e5,709,,-709.000000,0.000000,-2.166335,0.000000,0.000000,-2.166335
lichess_db_broadcast_2022-11_0964,26,e8c8,801,,-801.000000,0.000000,14.255337,0.000000,0.000000,14.255337
lichess_db_broadcast_2022-11_0964,26,e8d7,812,,-812.000000,0.000000,-5.865164,0.000000,0.000000,-5.865164
lichess_db_broadcast_2022-11_0964,26,e8d8,723,,-723.000000,0.000000,-5.616777,0.000000,0.000000,-5.616777
lichess_db_broadcast_2022-11_0964,26,f6d5,328,,-328.000000,0.000000,49.955031,1.160000,-1.160000,48.795031
lichess_db_broadcast_2022-11_0964,26,f6d7,719,,-719.000000,0.000000,-7.816542,0.000000,0.000000,-7.816542
lichess_db_broadcast_2022-11_0964,26,f6e4,712,,-712.000000,-1.160000,-17.291737,0.000000,-1.160000,-18.451737
lichess_db_broadcast_2022-11_0964,26,f6g4,711,,-711.000000,-1.160000,-16.633385,0.000000,-1.160000,-17.793385
lichess_db_broadcast_2022-11_0964,26,f6g8,788,,-788.000000,0.000000,4.258481,0.000000,0.000000,4.258481
lichess_db_broadcast_2022-11_0964,26,f6h5,778,,-778.000000,0.000000,-4.385713,1.160000,-1.160000,-5.545713
lichess_db_broadcast_2022-11_0964,26,f8e7,739,,-739.000000,0.000000,-6.962838,1.400000,-1.400000,-8.362838
lichess_db_broadcast_2022-11_0964,26,g7g5,716,,-716.000000,0.000000,-1.895055,0.000000,0.000000,-1.895055
lichess_db_broadcast_2022-11_0964,26,g7g6,729,,-729.000000,0.000000,2.540121,0.000000,0.000000,2.540121
lichess_db_broadcast_2022-11_0964,26,h7h5,588,,-588.000000,0.000000,-2.610030,0.000000,0.000000,-2.610030
lichess_db_broadcast_2022-11_0964,26,h7h6,740,,-740.000000,0.000000,3.524562,0.000000,0.000000,3.524562
lichess_db_broadcast_2022-11_0964,26,h8g8,733,,-733.000000,0.000000,-11.053283,0.000000,0.000000,-11.053283
lichess_db_broadcast_2022-11_0964,50,a8a7,699,,-699.000000,0.000000,-16.252226,0.000000,0.000000,-16.252226
lichess_db_broadcast_2022-11_0964,50,a8b8,617,,-617.000000,0.000000,16.114696,0.000000,0.000000,16.114696
lichess_db_broadcast_2022-11_0964,50,a8c8,812,,-812.000000,0.000000,12.346631,0.000000,0.000000,12.346631
lichess_db_broadcast_2022-11_0964,50,a8d8,902,,-902.000000,0.000000,16.686708,0.000000,0.000000,16.686708
lichess_db_broadcast_2022-11_0964,50,a8e8,921,,-921.000000,0.000000,15.520671,0.000000,0.000000,15.520671
lichess_db_broadcast_2022-11_0964,50,a8f8,899,,-899.000000,0.000000,16.564202,0.000000,0.000000,16.564202
lichess_db_broadcast_2022-11_0964,50,a8g8,903,,-903.000000,0.000000,8.852464,0.000000,0.000000,8.852464
lichess_db_broadcast_2022-11_0964,50,b7c6,,3,-9970.000000,0.000000,3.829689,1.400000,-1.400000,2.429689
lichess_db_broadcast_2022-11_0964,50,b7c8,,3,-9970.000000,0.000000,9.276320,0.000000,0.000000,9.276320
lichess_db_broadcast_2022-11_0964,50,b7d5,875,,-875.000000,0.000000,2.461788,2.560000,-2.560000,-0.098212
lichess_db_broadcast_2022-11_0964,50,b7e4,852,,-852.000000,0.000000,-3.472756,0.000000,0.000000,-3.472756
lichess_db_broadcast_2022-11_0964,50,b7f3,841,,-841.000000,0.000000,3.482242,1.400000,-1.400000,2.082242
lichess_db_broadcast_2022-11_0964,50,b7g2,94,,-94.000000,5.400000,-1381.374254,0.900000,4.500000,-1376.874254
lichess_db_broadcast_2022-11_0964,50,d6d5,849,,-849.000000,0.000000,3.135033,0.000000,0.000000,3.135033
lichess_db_broadcast_2022-11_0964,50,d7c7,680,,-680.000000,0.000000,-4.497416,0.000000,0.000000,-4.497416
lichess_db_broadcast_2022-11_0964,50,d7c8,694,,-694.000000,0.000000,7.009667,0.000000,0.000000,7.009667
lichess_db_broadcast_2022-11_0964,50,d7d8,929,,-929.000000,0.000000,7.429531,0.000000,0.000000,7.429531
lichess_db_broadcast_2022-11_0964,50,d7e8,915,,-915.000000,0.000000,7.173521,0.000000,0.000000,7.173521
lichess_db_broadcast_2022-11_0964,50,e6c5,648,,-648.000000,0.000000,-5.854003,0.000000,0.000000,-5.854003
lichess_db_broadcast_2022-11_0964,50,e6c7,847,,-847.000000,0.000000,3.615586,0.000000,0.000000,3.615586
lichess_db_broadcast_2022-11_0964,50,e6d4,1096,,-1096.000000,0.000000,-49.125480,0.000000,0.000000,-49.125480
lichess_db_broadcast_2022-11_0964,50,e6d8,750,,-750.000000,0.000000,4.638757,0.000000,0.000000,4.638757
lichess_db_broadcast_2022-11_0964,50,e6f4,,4,-9960.000000,-1.160000,17.605472,0.000000,-1.160000,16.445472
lichess_db_broadcast_2022-11_0964,50,e6f8,,7,-9930.000000,0.000000,4.781350,0.000000,0.000000,4.781350
lichess_db_broadcast_2022-11_0964,50,e6g5,,6,-9940.000000,-1.160000,17.903834,1.160000,-2.320000,15.583834
lichess_db_broadcast_2022-11_0964,50,e7d8,980,,-980.000000,0.000000,6.180784,0.000000,0.000000,6.180784
lichess_db_broadcast_2022-11_0964,50,e7f6,898,,-898.000000,0.000000,3.925375,2.560000,-2.560000,1.365375
lichess_db_broadcast_2022-11_0964,50,e7f8,936,,-936.000000,0.000000,6.849279,0.000000,0.000000,6.849279
lichess_db_broadcast_2022-11_0964,50,e7g5,947,,-947.000000,-2.560000,19.425724,2.560000,-5.120000,14.305724
lichess_db_broadcast_2022-11_0964,50,f7f5,1062,,-1062.000000,0.000000,1.779451,0.000000,0.000000,1.779451
lichess_db_broadcast_2022-11_0964,50,f7f6,970,,-970.000000,0.000000,-1.940567,0.000000,0.000000,-1.940567
lichess_db_broadcast_2022-11_0964,50,g7g6,888,,-888.000000,0.000000,2.259002,0.000000,0.000000,2.259002
lichess_db_broadcast_2022-11_0964,50,h7h5,943,,-943.000000,0.000000,-2.212632,0.000000,0.000000,-2.212632
lichess_db_broadcast_2022-11_0964,50,h7h6,954,,-954.000000,0.000000,-2.960356,0.000000,0.000000,-2.960356
lichess_db_broadcast_2022-11_0964,50,h8b8,706,,-706.000000,0.000000,-5.727338,0.000000,0.000000,-5.727338
lichess_db_broadcast_2022-11_0964,50,h8c8,821,,-821.000000,0.000000,8.339234,0.000000,0.000000,8.339234
lichess_db_broadcast_2022-11_0964,50,h8d8,909,,-909.000000,0.000000,8.046887,0.000000,0.000000,8.046887
lichess_db_broadcast_2022-11_0964,50,h8e8,918,,-918.000000,0.000000,6.510218,0.000000,0.000000,6.510218
lichess_db_broadcast_2022-11_0964,50,h8f8,927,,-927.000000,0.000000,-7.158514,0.000000,0.000000,-7.158514
lichess_db_broadcast_2022-11_0964,50,h8g8,1070,,-1070.000000,0.000000,13.039650,0.000000,0.000000,13.039650
lichess_db_broadcast_2022-11_0964,56,b8a8,207,,-207.000000,0.000000,5.846748,0.000000,0.000000,5.846748
lichess_db_broadcast_2022-11_0964,56,b8b2,584,,-584.000000,-4.560000,-16.998870,0.000000,-4.560000,-21.558870
lichess_db_broadcast_2022-11_0964,56,b8b3,528,,-528.000000,0.000000,7.540629,3.400000,-3.400000,4.140629
lichess_db_broadcast_2022-11_0964,56,b8b4,114,,-114.000000,0.000000,8.457234,0.000000,0.000000,8.457234
lichess_db_broadcast_2022-11_0964,56,b8b5,586,,-586.000000,0.000000,7.459983,7.960000,-7.960000,-0.500017
lichess_db_broadcast_2022-11_0964,56,b8b6,614,,-614.000000,0.000000,-7.212370,4.560000,-4.560000,-11.772370
lichess_db_broadcast_2022-11_0964,56,b8b7,220,,-220.000000,0.000000,-5.136231,0.000000,0.000000,-5.136231
lichess_db_broadcast_2022-11_0964,56,b8c8,110,,-110.000000,0.000000,4.632310,0.000000,0.000000,4.632310
lichess_db_broadcast_2022-11_0964,56,b8d8,216,,-216.000000,0.000000,7.862730,0.000000,0.000000,7.862730
lichess_db_broadcast_2022-11_0964,56,b8e8,222,,-222.000000,0.000000,4.447688,0.000000,0.000000,4.447688
lichess_db_broadcast_2022-11_0964,56,b8f8,227,,-227.000000,0.000000,6.975587,0.000000,0.000000,6.975587
lichess_db_broadcast_2022-11_0964,56,b8g8,226,,-226.000000,0.000000,3.337415,0.000000,0.000000,3.337415
lichess_db_broadcast_2022-11_0964,56,d6d5,239,,-239.000000,0.000000,-1.978330,0.000000,0.000000,-1.978330
lichess_db_broadcast_2022-11_0964,56,d7c7,329,,-329.000000,0.000000,-4.799813,0.000000,0.000000,-4.799813
lichess_db_broadcast_2022-11_0964,56,d7c8,318,,-318.000000,0.000000,6.505657,0.000000,0.000000,6.505657
lichess_db_broadcast_2022-11_0964,56,d7d8,451,,-451.000000,0.000000,6.996513,0.000000,0.000000,6.996513
lichess_db_broadcast_2022-11_0964,56,d7e8,296,,-296.000000,0.000000,6.801280,0.000000,0.000000,6.801280
lichess_db_broadcast_2022-11_0964,56,e6c5,166,,-166.000000,0.000000,-4.523280,0.000000,0.000000,-4.523280
lichess_db_broadcast_2022-11_0964,56,e6c7,244,,-244.000000,0.000000,-2.662124,0.000000,0.000000,-2.662124
lichess_db_broadcast_2022-11_0964,56,e6d4,33,,-33.000000,0.000000,49.125480,0.000000,0.000000,49.125480
lichess_db_broadcast_2022-11_0964,56,e6d8,276,,-276.000000,0.000000,3.926347,0.000000,0.000000,3.926347
lichess_db_broadcast_2022-11_0964,56,e6f4,389,,-389.000000,-1.160000,-16.636124,0.000000,-1.160000,-17.796124
lichess_db_broadcast_2022-11_0964,56,e6f8,261,,-261.000000,0.000000,4.211787,0.000000,0.000000,4.211787
lichess_db_broadcast_2022-11_0964,56,e6g5,408,,-408.000000,-1.160000,-16.742557,2.320000,-3.480000,-20.222557
lichess_db_broadcast_2022-11_0964,56,e7d8,198,,-198.000000,0.000000,5.382774,0.000000,0.000000,5.382774
lichess_db_broadcast_2022-11_0964,56,e7f6,456,,-456.000000,0.000000,-3.073968,2.560000,-2.560000,-5.633968
lichess_db_broadcast_2022-11_0964,56,e7f8,262,,-262.000000,0.000000,6.387973,0.000000,0.000000,6.387973
lichess_db_broadcast_2022-11_0964,56,e7g5,341,,-341.000000,-2.560000,-17.263616,5.120000,-7.680000,-24.943616
lichess_db_broadcast_2022-11_0964,56,f7f5,432,,-432.000000,0.000000,1.779451,0.000000,0.000000,1.779451
lichess_db_broadcast_2022-11_0964,56,f7f6,366,,-366.000000,0.000000,1.940567,0.000000,0.000000,1.940567
lichess_db_broadcast_2022-11_0964,56,g7g6,220,,-220.000000,0.000000,2.259002,0.000000,0.000000,2.259002
lichess_db_broadcast_2022-11_0964,56,h6g5,33,,-33.000000,0.000000,-16.264190,0.000000,0.000000,-16.264190
lichess_db_broadcast_2022-11_0964,56,h6h5,293,,-293.000000,0.000000,2.022358,0.000000,0.000000,2.022358
lichess_db_broadcast_2022-11_0964,56,h8c8,132,,-132.000000,0.000000,5.977159,0.000000,0.000000,5.977159
lichess_db_broadcast_2022-11_0964,56,h8d8,245,,-245.000000,0.000000,8.046887,0.000000,0.000000,8.046887
lichess_db_broadcast_2022-11_0964,56,h8e8,230,,-230.000000,0.000000,6.510218,0.000000,0.000000,6.510218
lichess_db_broadcast_2022-11_0964,56,h8f8,238,,-238.000000,0.000000,-7.158514,0.000000,0.000000,-7.158514
lichess_db_broadcast_2022-11_0964,56,h8g8,239,,-239.000000,0.000000,-5.006713,0.000000,0.000000,-5.006713
lichess_db_broadcast_2022-11_0964,56,h8h7,237,,-237.000000,0.000000,7.033992,0.000000,0.000000,7.033992
lichess_db_broadcast_2022-11_0964,81,e2c2,634,,-634.000000,0.000000,-7.680996,0.000000,0.000000,-7.680996
lichess_db_broadcast_2022-11_0964,81,e2d2,-14,,14.000000,0.000000,-8.298681,0.000000,0.000000,-8.298681
lichess_db_broadcast_2022-11_0964,81,e2e1,22,,-22.000000,0.000000,9.825828,0.000000,0.000000,9.825828
lichess_db_broadcast_2022-11_0964,81,e2f2,121,,-121.000000,0.000000,10.353286,0.000000,0.000000,10.353286
lichess_db_broadcast_2022-11_0964,81,e2g2,127,,-127.000000,0.000000,-4.587202,0.000000,0.000000,-4.587202
lichess_db_broadcast_2022-11_0964,81,e2h2,102,,-102.000000,0.000000,-6.037387,0.000000,0.000000,-6.037387
lichess_db_broadcast_2022-11_0964,81,e8a8,267,,-267.000000,0.000000,-4.362049,0.000000,0.000000,-4.362049
lichess_db_broadcast_2022-11_0964,81,e8b8,472,,-472.000000,0.000000,6.649715,0.000000,0.000000,6.649715
lichess_db_broadcast_2022-11_0964,81,e8c8,128,,-128.000000,0.000000,8.558349,0.000000,0.000000,8.558349
lichess_db_broadcast_2022-11_0964,81,e8d8,0,,-0.000000,0.000000,-5.083294,0.000000,0.000000,-5.083294
lichess_db_broadcast_2022-11_0964,81,e8e4,637,,-637.000000,0.000000,7.998243,4.560000,-4.560000,3.438243
lichess_db_broadcast_2022-11_0964,81,e8e5,0,,-0.000000,0.000000,7.665914,2.900000,-2.900000,4.765914
lichess_db_broadcast_2022-11_0964,81,e8e6,714,,-714.000000,0.000000,7.257446,2.900000,-2.900000,4.357446
lichess_db_broadcast_2022-11_0964,81,e8e7,710,,-710.000000,0.000000,9.905433,2.900000,-2.900000,7.005433
lichess_db_broadcast_2022-11_0964,81,e8f8,161,,-161.000000,0.000000,6.906855,0.000000,0.000000,6.906855
lichess_db_broadcast_2022-11_0964,81,e8g8,213,,-213.000000,0.000000,-4.362049,0.000000,0.000000,-4.362049
lichess_db_broadcast_2022-11_0964,81,e8h8,351,,-351.000000,0.000000,-4.362049,0.000000,0.000000,-4.362049
lichess_db_broadcast_2022-11_0964,81,f3f2,15,,-15.000000,0.000000,7.194405,0.000000,0.000000,7.194405
lichess_db_broadcast_2022-11_0964,81,f3g2,3,,-3.000000,0.000000,-4.567496,0.000000,0.000000,-4.567496
lichess_db_broadcast_2022-11_0964,81,f3g3,31,,-31.000000,0.000000,-4.317673,0.000000,0.000000,-4.317673
lichess_db_broadcast_2022-11_0964,81,g5g6,-43,,43.000000,0.000000,2.011395,0.000000,0.000000,2.011395
lichess_db_broadcast_2022-11_0964,99,b2b3,12,,-12.000000,0.000000,0.823354,0.000000,0.000000,0.823354
lichess_db_broadcast_2022-11_0964,99,b2b4,9,,-9.000000,0.000000,1.182452,0.000000,0.000000,1.182452
lichess_db_broadcast_2022-11_0964,99,b6a6,1,,-1.000000,-4.560000,-16.093664,0.000000,-4.560000,-20.653664
lichess_db_broadcast_2022-11_0964,99,b6b3,4,,-4.000000,0.000000,-2.600666,0.000000,0.000000,-2.600666
lichess_db_broadcast_2022-11_0964,99,b6b4,657,,-657.000000,0.000000,0.855458,2.900000,-2.900000,-2.044542
lichess_db_broadcast_2022-11_0964,99,b6b5,650,,-650.000000,0.000000,3.347748,7.460000,-7.460000,-4.112252
lichess_db_broadcast_2022-11_0964,99,b6b7,4,,-4.000000,0.000000,-2.252083,0.000000,0.000000,-2.252083
lichess_db_broadcast_2022-11_0964,99,b6b8,5,,-5.000000,0.000000,-2.471498,0.000000,0.000000,-2.471498
lichess_db_broadcast_2022-11_0964,99,b6c6,634,,-634.000000,0.000000,1.941935,2.900000,-2.900000,-0.958065
lichess_db_broadcast_2022-11_0964,99,b6d6,639,,-639.000000,0.000000,-0.884655,2.900000,-2.900000,-3.784655
lichess_db_broadcast_2022-11_0964,99,b6e6,215,,-215.000000,0.000000,-2.633937,0.000000,0.000000,-2.633937
lichess_db_broadcast_2022-11_0964,99,b6f6,54,,-54.000000,0.000000,-2.356286,0.000000,0.000000,-2.356286
lichess_db_broadcast_2022-11_0964,99,b6g6,525,,-525.000000,-4.560000,-16.506501,0.000000,-4.560000,-21.066501
lichess_db_broadcast_2022-11_0964,99,f3e2,1,,-1.000000,0.000000,0.000000,0.000000,0.000000,0.000000
lichess_db_broadcast_2022-11_0964,99,f3e3,0,,-0.000000,0.000000,0.000000,0.000000,0.000000,0.000000
lichess_db_broadcast_2022-11_0964,99,f3f2,1,,-1.000000,0.000000,0.000000,0.000000,0.000000,0.000000
lichess_db_broadcast_2022-11_0964,99,f3f4,3,,-3.000000,0.000000,2.847603,0.000000,0.000000,2.847603
lichess_db_broadcast_2022-11_0964,112,a7a6,4,,-4.000000,0.000000,0.000000,0.000000,0.000000,0.000000
lichess_db_broadcast_2022-11_0964,112,a7a8,0,,-0.000000,0.000000,0.000000,0.000000,0.000000,0.000000
lichess_db_broadcast_2022-11_0964,112,a7b6,0,,-0.000000,0.000000,0.000000,0.000000,0.000000,0.000000
lichess_db_broadcast_2022-11_0964,112,a7b7,0,,-0.000000,0.000000,0.000000,0.000000,0.000000,0.000000
lichess_db_broadcast_2022-11_0964,112,a7b8,0,,-0.000000,0.000000,0.000000,0.000000,0.000000,0.000000
lichess_db_broadcast_2022-11_0964,112,g1a1,0,,-0.000000,0.000000,2.307112,0.000000,0.000000,2.307112
lichess_db_broadcast_2022-11_0964,112,g1b1,0,,-0.000000,0.000000,-0.960498,0.000000,0.000000,-0.960498
lichess_db_broadcast_2022-11_0964,112,g1c1,0,,-0.000000,0.000000,-0.546009,0.000000,0.000000,-0.546009
lichess_db_broadcast_2022-11_0964,112,g1d1,0,,-0.000000,0.000000,-0.546009,0.000000,0.000000,-0.546009
lichess_db_broadcast_2022-11_0964,112,g1e1,0,,-0.000000,0.000000,-0.546009,0.000000,0.000000,-0.546009
lichess_db_broadcast_2022-11_0964,112,g1f1,0,,-0.000000,0.000000,5.895002,0.000000,0.000000,5.895002
lichess_db_broadcast_2022-11_0964,112,g1g2,595,,-595.000000,0.000000,2.908803,2.900000,-2.900000,0.008803
lichess_db_broadcast_2022-11_0964,112,g1g3,597,,-597.000000,0.000000,2.584749,2.900000,-2.900000,-0.315251
lichess_db_broadcast_2022-11_0964,112,g1g4,592,,-592.000000,0.000000,2.715099,2.900000,-2.900000,-0.184901
lichess_db_broadcast_2022-11_0964,112,g1h1,0,,-0.000000,0.000000,-0.546009,0.000000,0.000000,-0.546009
lichess_db_broadcast_2022-11_0964,112,g5g4,0,,-0.000000,0.000000,1.316924,0.000000,0.000000,1.316924
lichess_db_broadcast_2022-11_0971,22,a7a5,78,,-78.000000,0.000000,2.405745,0.000000,0.000000,2.405745
lichess_db_broadcast_2022-11_0971,22,a7a6,103,,-103.000000,0.000000,-2.350383,0.000000,0.000000,-2.350383
lichess_db_broadcast_2022-11_0971,22,a8b8,66,,-66.000000,0.000000,-19.971147,0.000000,0.000000,-19.971147
lichess_db_broadcast_2022-11_0971,22,b7b5,108,,-108.000000,0.000000,-2.120789,0.000000,0.000000,-2.120789
lichess_db_broadcast_2022-11_0971,22,b7b6,109,,-109.000000,0.000000,2.835512,0.000000,0.000000,2.835512
lichess_db_broadcast_2022-11_0971,22,c6c5,237,,-237.000000,0.000000,-2.186494,0.000000,0.000000,-2.186494
lichess_db_broadcast_2022-11_0971,22,d6a3,359,,-359.000000,0.000000,-6.101832,2.560000,-2.560000,-8.661832
lichess_db_broadcast_2022-11_0971,22,d6b4,392,,-392.000000,0.000000,-5.559892,2.560000,-2.560000,-8.119892
lichess_db_broadcast_2022-11_0971,22,d6b8,138,,-138.000000,0.000000,4.739748,0.000000,0.000000,4.739748
lichess_db_broadcast_2022-11_0971,22,d6c5,491,,-491.000000,0.000000,-8.541479,2.560000,-2.560000,-11.101479
lichess_db_broadcast_2022-11_0971,22,d6c7,105,,-105.000000,0.000000,-8.593387,0.000000,0.000000,-8.593387
lichess_db_broadcast_2022-11_0971,22,d6e5,536,,-536.000000,0.000000,-6.914958,3.960000,-3.960000,-10.874958
lichess_db_broadcast_2022-11_0971,22,d6e7,107,,-107.000000,0.000000,8.828344,0.000000,0.000000,8.828344
lichess_db_broadcast_2022-11_0971,22,d6f4,474,,-474.000000,0.000000,-8.828910,0.000000,0.000000,-8.828910
lichess_db_broadcast_2022-11_0971,22,d6f8,130,,-130.000000,0.000000,5.233046,0.000000,0.000000,5.233046
lichess_db_broadcast_2022-11_0971,22,d6g3,524,,-524.000000,0.000000,-5.797164,5.120000,-5.120000,-10.917164
lichess_db_broadcast_2022-11_0971,22,d6h2,509,,-509.000000,-2.560000,-17.970860,1.400000,-3.960000,-21.930860
lichess_db_broadcast_2022-11_0971,22,d7b6,137,,-137.000000,0.000000,-4.840374,0.000000,0.000000,-4.840374
lichess_db_broadcast_2022-11_0971,22,d7b8,136,,-136.000000,0.000000,3.732393,0.000000,0.000000,3.732393
lichess_db_broadcast_2022-11_0971,22,d7c5,538,,-538.000000,0.000000,-5.463513,1.160000,-1.160000,-6.623513
lichess_db_broadcast_2022-11_0971,22,d7e5,497,,-497.000000,0.000000,-4.651735,1.160000,-1.160000,-5.811735
lichess_db_broadcast_2022-11_0971,22,d7f8,52,,-52.000000,0.000000,3.874361,0.000000,0.000000,3.874361
lichess_db_broadcast_2022-11_0971,22,d8a5,50,,-50.000000,0.000000,-20.878854,0.000000,0.000000,-20.878854
lichess_db_broadcast_2022-11_0971,22,d8b6,85,,-85.000000,0.000000,-27.094732,0.000000,0.000000,-27.094732
lichess_db_broadcast_2022-11_0971,22,d8c7,57,,-57.000000,0.000000,-28.740031,0.000000,0.000000,-28.740031
lichess_db_broadcast_2022-11_0971,22,d8e7,92,,-92.000000,0.000000,-30.646173,0.000000,0.000000,-30.646173
lichess_db_broadcast_2022-11_0971,22,e8e3,214,,-214.000000,-2.000000,161.622935,4.560000,-6.560000,155.062935
lichess_db_broadcast_2022-11_0971,22,e8e4,532,,-532.000000,0.000000,-18.169492,2.000000,-2.000000,-20.169492
lichess_db_broadcast_2022-11_0971,22,e8e5,622,,-622.000000,0.000000,-16.023280,7.960000,-7.960000,-23.983280
lichess_db_broadcast_2022-11_0971,22,e8e6,193,,-193.000000,0.000000,-16.484664,0.000000,0.000000,-16.484664
lichess_db_broadcast_2022-11_0971,22,e8e7,88,,-88.000000,0.000000,-12.859342,0.000000,0.000000,-12.859342
lichess_db_broadcast_2022-11_0971,22,e8f8,154,,-154.000000,0.000000,11.728711,0.000000,0.000000,11.728711
lichess_db_broadcast_2022-11_0971,22,f6f5,138,,-138.000000,0.000000,-3.157806,0.000000,0.000000,-3.157806
lichess_db_broadcast_2022-11_0971,22,g7g5,133,,-133.000000,0.000000,2.646715,0.000000,0.000000,2.646715
lichess_db_broadcast_2022-11_0971,22,g7g6,211,,-211.000000,0.000000,-2.869831,0.000000,0.000000,-2.869831
lichess_db_broadcast_2022-11_0971,22,g8f8,136,,-136.000000,0.000000,3.455899,0.000000,0.000000,3.455899
lichess_db_broadcast_2022-11_0971,22,g8h8,107,,-107.000000,0.000000,-2.378472,0.000000,0.000000,-2.378472
lichess_db_broadcast_2022-11_0971,22,h5h4,137,,-137.000000,0.000000,2.089789,0.000000,0.000000,2.089789
lichess_db_broadcast_2022-11_0983,72,a5a4,-18,,18.000000,0.000000,1.682841,0.000000,0.000000,1.682841
lichess_db_broadcast_2022-11_0983,72,c5a4,273,,-273.000000,0.000000,-2.904951,1.160000,-1.160000,-4.064951
lichess_db_broadcast_2022-11_0983,72,c5a6,134,,-134.000000,0.000000,-3.108757,0.000000,0.000000,-3.108757
lichess_db_broadcast_2022-11_0983,72,c5b3,161,,-161.000000,-1.160000,16.825439,1.160000,-2.320000,14.505439
lichess_db_broadcast_2022-11_0983,72,c5b7,42,,-42.000000,0.000000,-3.006517,0.000000,0.000000,-3.006517
lichess_db_broadcast_2022-11_0983,72,c5d3,259,,-259.000000,0.000000,-4.312721,0.000000,0.000000,-4.312721
lichess_db_broadcast_2022-11_0983,72,c5d7,0,,-0.000000,0.000000,-2.885138,0.000000,0.000000,-2.885138
lichess_db_broadcast_2022-11_0983,72,c5e4,-36,,36.000000,0.000000,-5.856618,0.000000,0.000000,-5.856618
lichess_db_broadcast_2022-11_0983,72,d5d1,141,,-141.000000,0.000000,1.930256,0.000000,0.000000,1.930256
lichess_db_broadcast_2022-11_0983,72,d5d2,-16,,16.000000,0.000000,2.400775,0.000000,0.000000,2.400775
lichess_db_broadcast_2022-11_0983,72,d5d3,317,,-317.000000,0.000000,-9.796581,0.000000,0.000000,-9.796581
lichess_db_broadcast_2022-11_0983,72,d5d4,27,,-27.000000,0.000000,1.646323,0.000000,0.000000,1.646323
lichess_db_broadcast_2022-11_0983,72,d5e5,-2,,2.000000,0.000000,-8.975068,0.000000,0.000000,-8.975068
lichess_db_broadcast_2022-11_0983,72,d5f5,423,,-423.000000,0.000000,-2.759409,0.000000,0.000000,-2.759409
lichess_db_broadcast_2022-11_0983,72,d5g5,487,,-487.000000,0.000000,-7.233820,4.560000,-4.560000,-11.793820
lichess_db_broadcast_2022-11_0983,72,d5h5,0,,-0.000000,0.000000,2.459568,0.000000,0.000000,2.459568
lichess_db_broadcast_2022-11_0983,72,e6e1,437,,-437.000000,0.000000,-7.843635,0.000000,0.000000,-7.843635
lichess_db_broadcast_2022-11_0983,72,e6e2,-89,,89.000000,0.000000,4.015895,0.000000,0.000000,4.015895
lichess_db_broadcast_2022-11_0983,72,e6e3,426,,-426.000000,0.000000,-9.178689,0.000000,0.000000,-9.178689
lichess_db_broadcast_2022-11_0983,72,e6e4,-97,,97.000000,0.000000,1.137665,0.000000,0.000000,1.137665
lichess_db_broadcast_2022-11_0983,72,e6e5,-2,,2.000000,0.000000,-10.071788,0.000000,0.000000,-10.071788
lichess_db_broadcast_2022-11_0983,72,e6e7,-5,,5.000000,0.000000,-3.622318,0.000000,0.000000,-3.622318
lichess_db_broadcast_2022-11_0983,72,e6e8,0,,-0.000000,0.000000,-3.783781,0.000000,0.000000,-3.783781
lichess_db_broadcast_2022-11_0983,72,e6f6,390,,-390.000000,0.000000,-4.355704,0.000000,0.000000,-4.355704
lichess_db_broadcast_2022-11_0983,72,f7f5,0,,-0.000000,0.000000,-1.752334,0.000000,0.000000,-1.752334
lichess_db_broadcast_2022-11_0983,72,f7f6,374,,-374.000000,0.000000,-1.855232,0.000000,0.000000,-1.855232
lichess_db_broadcast_2022-11_0983,72,g6g5,8,,-8.000000,0.000000,-1.842067,0.000000,0.000000,-1.842067
lichess_db_broadcast_2022-11_0983,72,g8f8,60,,-60.000000,0.000000,3.124041,0.000000,0.000000,3.124041
lichess_db_broadcast_2022-11_0983,72,g8g7,-10,,10.000000,0.000000,-1.881958,0.000000,0.000000,-1.881958
lichess_db_broadcast_2022-11_0983,72,g8h7,252,,-252.000000,0.000000,3.278096,0.000000,0.000000,3.278096
lichess_db_broadcast_2022-11_0983,72,g8h8,184,,-184.000000,0.000000,3.240194,0.000000,0.000000,3.240194
lichess_db_broadcast_2022-11_1002,17,a1b1,352,,-352.000000,0.000000,-15.755759,0.000000,0.000000,-15.755759
lichess_db_broadcast_2022-11_1002,17,a1c1,413,,-413.000000,0.000000,-15.836806,0.000000,0.000000,-15.836806
lichess_db_broadcast_2022-11_1002,17,a2a3,358,,-358.000000,0.000000,-1.069558,0.000000,0.000000,-1.069558
lichess_db_broadcast_2022-11_1002,17,a2a4,306,,-306.000000,0.000000,1.727431,0.000000,0.000000,1.727431
lichess_db_broadcast_2022-11_1002,17,b2b3,166,,-166.000000,0.000000,1.856373,0.000000,0.000000,1.856373
lichess_db_broadcast_2022-11_1002,17,b2b4,354,,-354.000000,0.000000,-1.720568,0.000000,0.000000,-1.720568
lichess_db_broadcast_2022-11_1002,17,c3a4,24,,-24.000000,0.000000,9.940521,0.000000,0.000000,9.940521
lichess_db_broadcast_2022-11_1002,17,c3b1,183,,-183.000000,0.000000,10.340857,0.000000,0.000000,10.340857
lichess_db_broadcast_2022-11_1002,17,c3b5,421,,-421.000000,0.000000,-9.148967,0.000000,0.000000,-9.148967
lichess_db_broadcast_2022-11_1002,17,c3d5,385,,-385.000000,0.000000,10.700192,1.160000,-1.160000,9.540192
lichess_db_broadcast_2022-11_1002,17,d1b1,428,,-428.000000,0.000000,-23.243483,0.000000,0.000000,-23.243483
lichess_db_broadcast_2022-11_1002,17,d1c1,380,,-380.000000,0.000000,-28.238943,0.000000,0.000000,-28.238943
lichess_db_broadcast_2022-11_1002,17,d1d2,329,,-329.000000,0.000000,-40.531646,0.000000,0.000000,-40.531646
lichess_db_broadcast_2022-11_1002,17,d1d3,301,,-301.000000,0.000000,-32.945724,0.000000,0.000000,-32.945724
lichess_db_broadcast_2022-11_1002,17,d4c5,-3,,3.000000,0.000000,16.253643,0.000000,0.000000,16.253643
lichess_db_broadcast_2022-11_1002,17,d4d5,50,,-50.000000,0.000000,2.838884,0.000000,0.000000,2.838884
lichess_db_broadcast_2022-11_1002,17,e1d2,466,,-466.000000,0.000000,-14.134197,0.000000,0.000000,-14.134197
lichess_db_broadcast_2022-11_1002,17,e1f1,483,,-483.000000,0.000000,-4.534318,0.000000,0.000000,-4.534318
lichess_db_broadcast_2022-11_1002,17,e1g1,253,,-253.000000,0.000000,-14.933517,0.000000,0.000000,-14.933517
lichess_db_broadcast_2022-11_1002,17,e2c1,429,,-429.000000,0.000000,4.696350,0.000000,0.000000,4.696350
lichess_db_broadcast_2022-11_1002,17,e2f4,436,,-436.000000,0.000000,-3.920045,0.000000,0.000000,-3.920045
lichess_db_broadcast_2022-11_1002,17,e2g1,513,,-513.000000,0.000000,5.795618,0.000000,0.000000,5.795618
lichess_db_broadcast_2022-11_1002,17,e3c1,177,,-177.000000,0.000000,13.242001,0.000000,0.000000,13.242001
lichess_db_broadcast_2022-11_1002,17,e3d2,177,,-177.000000,0.000000,11.897115,0.000000,0.000000,11.897115
lichess_db_broadcast_2022-11_1002,17,e3f4,309,,-309.000000,0.000000,8.912889,0.000000,0.000000,8.912889
lichess_db_broadcast_2022-11_1002,17,e3g5,411,,-411.000000,0.000000,8.358760,0.000000,0.000000,8.358760
lichess_db_broadcast_2022-11_1002,17,e3h6,514,,-514.000000,0.000000,11.218398,0.000000,0.000000,11.218398
lichess_db_broadcast_2022-11_1002,17,e4e5,151,,-151.000000,0.000000,-1.958190,0.000000,0.000000,-1.958190
lichess_db_broadcast_2022-11_1002,17,f2f3,223,,-223.000000,0.000000,2.524504,0.000000,0.000000,2.524504
lichess_db_broadcast_2022-11_1002,17,f2f4,175,,-175.000000,0.000000,-1.763826,0.000000,0.000000,-1.763826
lichess_db_broadcast_2022-11_1002,17,g2f1,393,,-393.000000,0.000000,9.890398,0.000000,0.000000,9.890398
lichess_db_broadcast_2022-11_1002,17,g2f3,434,,-434.000000,0.000000,11.321020,0.000000,0.000000,11.321020
lichess_db_broadcast_2022-11_1002,17,g2h3,450,,-450.000000,0.000000,6.815542,0.000000,0.000000,6.815542
lichess_db_broadcast_2022-11_1002,17,g3g4,444,,-444.000000,0.000000,2.023537,0.000000,0.000000,2.023537
lichess_db_broadcast_2022-11_1002,17,h1f1,453,,-453.000000,0.000000,-14.391766,0.000000,0.000000,-14.391766
lichess_db_broadcast_2022-11_1002,17,h1g1,409,,-409.000000,0.000000,-18.495827,0.000000,0.000000,-18.495827
lichess_db_broadcast_2022-11_1002,17,h2h3,378,,-378.000000,0.000000,1.662548,0.000000,0.000000,1.662548
lichess_db_broadcast_2022-11_1002,17,h2h4,350,,-350.000000,0.000000,0.932119,0.000000,0.000000,0.932119
lichess_db_broadcast_2022-11_1022,122,e7a3,437,,-437.000000,0.000000,-6.908419,0.000000,0.000000,-6.908419
lichess_db_broadcast_2022-11_1022,122,e7b4,469,,-469.000000,0.000000,-7.018933,0.000000,0.000000,-7.018933
lichess_db_broadcast_2022-11_1022,122,e7c5,46,,-46.000000,0.000000,-7.320517,0.000000,0.000000,-7.320517
lichess_db_broadcast_2022-11_1022,122,e7d6,18,,-18.000000,0.000000,-6.960492,0.000000,0.000000,-6.960492
lichess_db_broadcast_2022-11_1022,122,e7d8,108,,-108.000000,0.000000,-7.185807,0.000000,0.000000,-7.185807
lichess_db_broadcast_2022-11_1022,122,e7f6,47,,-47.000000,0.000000,-8.100699,0.000000,0.000000,-8.100699
lichess_db_broadcast_2022-11_1022,122,f7f5,25,,-25.000000,0.000000,2.155429,0.000000,0.000000,2.155429
lichess_db_broadcast_2022-11_1022,122,f7f6,34,,-34.000000,0.000000,2.291972,0.000000,0.000000,2.291972
lichess_db_broadcast_2022-11_1022,122,f8e8,69,,-69.000000,0.000000,-2.645346,0.000000,0.000000,-2.645346
lichess_db_broadcast_2022-11_1022,122,f8g7,13,,-13.000000,0.000000,-3.144620,0.000000,0.000000,-3.144620
lichess_db_broadcast_2022-11_1022,122,f8g8,18,,-18.000000,0.000000,-4.096445,0.000000,0.000000,-4.096445
lichess_db_broadcast_2022-11_1022,122,g5d5,311,,-311.000000,-2.000000,161.107251,4.560000,-6.560000,154.547251
lichess_db_broadcast_2022-11_1022,122,g5e5,82,,-82.000000,0.000000,-4.809148,0.000000,0.000000,-4.809148
lichess_db_broadcast_2022-11_1022,122,g5f5,523,,-523.000000,0.000000,-4.803393,4.560000,-4.560000,-9.363393
lichess_db_broadcast_2022-11_1022,122,g5g1,9,,-9.000000,0.000000,-4.815884,0.000000,0.000000,-4.815884
lichess_db_broadcast_2022-11_1022,122,g5g2,535,,-535.000000,0.000000,-7.987121,2.900000,-2.900000,-10.887121
lichess_db_broadcast_2022-11_1022,122,g5g3,483,,-483.000000,0.000000,-5.855102,7.460000,-7.460000,-13.315102
lichess_db_broadcast_2022-11_1022,122,g5g4,559,,-559.000000,0.000000,-4.950723,2.900000,-2.900000,-7.850723
lichess_db_broadcast_2022-11_1022,122,g5g6,12,,-12.000000,0.000000,-4.815884,0.000000,0.000000,-4.815884
lichess_db_broadcast_2022-11_1022,122,g5g7,458,,-458.000000,0.000000,-5.304659,0.000000,0.000000,-5.304659
lichess_db_broadcast_2022-11_1022,122,g5g8,20,,-20.000000,0.000000,-8.158450,0.000000,0.000000,-8.158450
lichess_db_broadcast_2022-11_1022,122,g5h5,33,,-33.000000,0.000000,-6.003239,0.000000,0.000000,-6.003239
lichess_db_broadcast_2022-11_1023,96,b6a5,393,,-393.000000,0.000000,16.262482,0.000000,0.000000,16.262482
lichess_db_broadcast_2022-11_1023,96,d6c7,479,,-479.000000,0.000000,-1.849313,0.000000,0.000000,-1.849313
lichess_db_broadcast_2022-11_1023,96,d6d7,521,,-521.000000,0.000000,-1.134541,0.000000,0.000000,-1.134541
lichess_db_broadcast_2022-11_1023,96,d6e6,651,,-651.000000,0.000000,2.052140,0.000000,0.000000,2.052140
lichess_db_broadcast_2022-11_1023,96,d6e7,774,,-774.000000,0.000000,2.473197,0.000000,0.000000,2.473197
lichess_db_broadcast_2022-11_1023,96,f6f5,430,,-430.000000,0.000000,1.973173,0.000000,0.000000,1.973173
lichess_db_broadcast_2022-11_1023,96,f7d8,775,,-775.000000,0.000000,-1.535158,0.000000,0.000000,-1.535158
lichess_db_broadcast_2022-11_1023,96,f7e5,746,,-746.000000,0.000000,2.317742,1.160000,-1.160000,1.157742
lichess_db_broadcast_2022-11_1023,96,f7h6,794,,-794.000000,0.000000,-1.532724,0.000000,0.000000,-1.532724
lichess_db_broadcast_2022-11_1023,96,f7h8,546,,-546.000000,0.000000,-1.512986,0.000000,0.000000,-1.512986
lichess_db_broadcast_2022-11_1023,97,b4a3,-39,,39.000000,0.000000,-1.382431,0.000000,0.000000,-1.382431
lichess_db_broadcast_2022-11_1023,97,b4a4,-15,,15.000000,0.000000,2.374933,0.000000,0.000000,2.374933
lichess_db_broadcast_2022-11_1023,97,b4a5,-496,,496.000000,-1.660000,-16.026552,0.000000,-1.660000,-17.686552
lichess_db_broadcast_2022-11_1023,97,b4b3,-29,,29.000000,0.000000,-1.311921,0.000000,0.000000,-1.311921
lichess_db_broadcast_2022-11_1074,31,a2a3,316,,-316.000000,0.000000,-1.659848,0.000000,0.000000,-1.659848
lichess_db_broadcast_2022-11_1074,31,a2a4,329,,-329.000000,0.000000,1.727431,0.000000,0.000000,1.727431
lichess_db_broadcast_2022-11_1074,31,b2b3,320,,-320.000000,0.000000,1.610723,0.000000,0.000000,1.610723
lichess_db_broadcast_2022-11_1074,31,b2b4,262,,-262.000000,0.000000,-1.802932,0.000000,0.000000,-1.802932
lichess_db_broadcast_2022-11_1074,31,c1a1,349,,-349.000000,0.000000,16.015723,0.000000,0.000000,16.015723
lichess_db_broadcast_2022-11_1074,31,c1b1,343,,-343.000000,0.000000,11.147154,0.000000,0.000000,11.147154
lichess_db_broadcast_2022-11_1074,31,c1c2,326,,-326.000000,0.000000,-12.401206,0.000000,0.000000,-12.401206
lichess_db_broadcast_2022-11_1074,31,c1c3,315,,-315.000000,0.000000,-15.524978,0.000000,0.000000,-15.524978
lichess_db_broadcast_2022-11_1074,31,c1c4,318,,-318.000000,0.000000,-15.373396,0.000000,0.000000,-15.373396
lichess_db_broadcast_2022-11_1074,31,c1c5,394,,-394.000000,0.000000,-17.458564,7.960000,-7.960000,-25.418564
lichess_db_broadcast_2022-11_1074,31,c1c6,315,,-315.000000,0.000000,-14.849160,4.560000,-4.560000,-19.409160
lichess_db_broadcast_2022-11_1074,31,c1c7,276,,-276.000000,0.000000,-15.927422,0.000000,0.000000,-15.927422
lichess_db_broadcast_2022-11_1074,31,c1c8,468,,-468.000000,0.000000,-17.514963,0.000000,0.000000,-17.514963
lichess_db_broadcast_2022-11_1074,31,d1a4,314,,-314.000000,0.000000,-19.312634,0.000000,0.000000,-19.312634
lichess_db_broadcast_2022-11_1074,31,d1b3,303,,-303.000000,0.000000,-17.491220,0.000000,0.000000,-17.491220
lichess_db_broadcast_2022-11_1074,31,d1c2,371,,-371.000000,0.000000,-20.387335,0.000000,0.000000,-20.387335
lichess_db_broadcast_2022-11_1074,31,d1d2,287,,-287.000000,0.000000,-23.372243,0.000000,0.000000,-23.372243
lichess_db_broadcast_2022-11_1074,31,d1d3,332,,-332.000000,0.000000,-17.532440,0.000000,0.000000,-17.532440
lichess_db_broadcast_2022-11_1074,31,d1d4,444,,-444.000000,0.000000,30.149406,7.960000,-7.960000,22.189406
lichess_db_broadcast_2022-11_1074,31,d1e2,348,,-348.000000,0.000000,-19.805529,0.000000,0.000000,-19.805529
lichess_db_broadcast_2022-11_1074,31,e1e2,332,,-332.000000,0.000000,-6.233026,0.000000,0.000000,-6.233026
lichess_db_broadcast_2022-11_1074,31,e1e3,329,,-329.000000,0.000000,-11.017438,0.000000,0.000000,-11.017438
lichess_db_broadcast_2022-11_1074,31,e1f1,339,,-339.000000,0.000000,12.121473,0.000000,0.000000,12.121473
lichess_db_broadcast_2022-11_1074,31,f3d2,338,,-338.000000,0.000000,-7.708041,0.000000,0.000000,-7.708041
lichess_db_broadcast_2022-11_1074,31,f3d4,281,,-281.000000,0.000000,-7.447556,1.160000,-1.160000,-8.607556
lichess_db_broadcast_2022-11_1074,31,f3e5,294,,-294.000000,-1.160000,-18.412454,1.160000,-2.320000,-20.732454
lichess_db_broadcast_2022-11_1074,31,f3h4,302,,-302.000000,0.000000,-9.133661,0.000000,0.000000,-9.133661
lichess_db_broadcast_2022-11_1074,31,g1f1,380,,-380.000000,0.000000,-2.670763,0.000000,0.000000,-2.670763
lichess_db_broadcast_2022-11_1074,31,g1h1,387,,-387.000000,0.000000,-2.960294,0.000000,0.000000,-2.960294
lichess_db_broadcast_2022-11_1074,31,g2g3,326,,-326.000000,0.000000,-0.895949,0.000000,0.000000,-0.895949
lichess_db_broadcast_2022-11_1074,31,g2g4,321,,-321.000000,0.000000,1.890129,0.000000,0.000000,1.890129
lichess_db_broadcast_2022-11_1074,31,g5d2,-160,,160.000000,0.000000,16.000216,0.000000,0.000000,16.000216
lichess_db_broadcast_2022-11_1074,31,g5e3,-50,,50.000000,0.000000,-13.707754,0.000000,0.000000,-13.707754
lichess_db_broadcast_2022-11_1074,31,g5f4,297,,-297.000000,0.000000,-11.077411,2.560000,-2.560000,-13.637411
lichess_db_broadcast_2022-11_1074,31,g5f6,-99,,99.000000,-1.400000,52.362337,3.960000,-5.360000,47.002337
lichess_db_broadcast_2022-11_1074,31,g5h4,-108,,108.000000,0.000000,-10.354593,0.000000,0.000000,-10.354593
lichess_db_broadcast_2022-11_1074,31,g5h6,225,,-225.000000,-2.560000,-20.399251,2.560000,-5.120000,-25.519251
lichess_db_broadcast_2022-11_1074,31,h2h3,306,,-306.000000,0.000000,-1.050386,0.000000,0.000000,-1.050386
lichess_db_broadcast_2022-11_1074,31,h2h4,295,,-295.000000,0.000000,-2.076301,0.000000,0.000000,-2.076301
lichess_db_broadcast_2022-11_1165,78,a6a5,-277,,277.000000,0.000000,-1.485481,0.000000,0.000000,-1.485481
lichess_db_broadcast_2022-11_1165,78,b7b5,-361,,361.000000,0.000000,1.898946,0.000000,0.000000,1.898946
lichess_db_broadcast_2022-11_1165,78,b7b6,-391,,391.000000,0.000000,-2.103587,0.000000,0.000000,-2.103587
lichess_db_broadcast_2022-11_1165,78,b8a8,-307,,307.000000,0.000000,2.416777,0.000000,0.000000,2.416777
lichess_db_broadcast_2022-11_1165,78,b8c8,514,,-514.000000,0.000000,3.526839,3.400000,-3.400000,0.126839
lichess_db_broadcast_2022-11_1165,78,b8d8,-323,,323.000000,0.000000,5.805934,0.000000,0.000000,5.805934
lichess_db_broadcast_2022-11_1165,78,b8e8,-45,,45.000000,0.000000,4.180595,3.400000,-3.400000,0.780595
lichess_db_broadcast_2022-11_1165,78,d4b3,-298,,298.000000,0.000000,2.414181,0.000000,0.000000,2.414181
lichess_db_broadcast_2022-11_1165,78,d4b5,201,,-201.000000,0.000000,2.883975,1.160000,-1.160000,1.723975
lichess_db_broadcast_2022-11_1165,78,d4c2,-319,,319.000000,0.000000,-2.236532,0.000000,0.000000,-2.236532
lichess_db_broadcast_2022-11_1165,78,d4c6,-303,,303.000000,0.000000,3.411093,0.000000,0.000000,3.411093
lichess_db_broadcast_2022-11_1165,78,d4e2,-337,,337.000000,0.000000,-2.241379,0.000000,0.000000,-2.241379
lichess_db_broadcast_2022-11_1165,78,d4e6,-313,,313.000000,0.000000,-2.263272,0.000000,0.000000,-2.263272
lichess_db_broadcast_2022-11_1165,78,d4f3,109,,-109.000000,0.000000,-2.401277,1.160000,-1.160000,-3.561277
lichess_db_broadcast_2022-11_1165,78,f6d8,182,,-182.000000,0.000000,3.926912,0.000000,0.000000,3.926912
lichess_db_broadcast_2022-11_1165,78,f6e5,188,,-188.000000,0.000000,4.556419,2.560000,-2.560000,1.996419
lichess_db_broadcast_2022-11_1165,78,f6e7,149,,-149.000000,0.000000,-3.476214,0.000000,0.000000,-3.476214
lichess_db_broadcast_2022-11_1165,78,f6g5,204,,-204.000000,0.000000,-3.034499,2.560000,-2.560000,-5.594499
lichess_db_broadcast_2022-11_1165,78,f6h4,185,,-185.000000,0.000000,-2.710928,0.000000,0.000000,-2.710928
lichess_db_broadcast_2022-11_1165,78,f8e7,-303,,303.000000,0.000000,3.037341,0.000000,0.000000,3.037341
lichess_db_broadcast_2022-11_1165,78,f8g8,-305,,305.000000,0.000000,0.748941,0.000000,0.000000,0.748941
lichess_db_broadcast_2022-11_1165,78,g7g5,-171,,171.000000,0.000000,-1.670800,0.000000,0.000000,-1.670800
lichess_db_broadcast_2022-11_1165,78,g7g6,-293,,293.000000,0.000000,-2.360686,0.000000,0.000000,-2.360686
lichess_db_broadcast_2022-11_1165,78,h7h5,-317,,317.000000,0.000000,-2.212632,0.000000,0.000000,-2.212632
lichess_db_broadcast_2022-11_1165,78,h7h6,-319,,319.000000,0.000000,-2.790813,0.000000,0.000000,-2.790813
lichess_db_broadcast_2022-11_1199,16,a7a5,36,,-36.000000,0.000000,2.320248,0.000000,0.000000,2.320248
lichess_db_broadcast_2022-11_1199,16,a7a6,-68,,68.000000,0.000000,-2.102280,0.000000,0.000000,-2.102280
lichess_db_broadcast_2022-11_1199,16,b7b5,36,,-36.000000,0.000000,-2.252059,0.000000,0.000000,-2.252059
lichess_db_broadcast_2022-11_1199,16,b7b6,-53,,53.000000,0.000000,2.551530,0.000000,0.000000,2.551530
lichess_db_broadcast_2022-11_1199,16,b8a6,-22,,22.000000,0.000000,-4.972170,0.000000,0.000000,-4.972170
lichess_db_broadcast_2022-11_1199,16,b8c6,332,,-332.000000,0.000000,-8.168178,1.160000,-1.160000,-9.328178
lichess_db_broadcast_2022-11_1199,16,b8d7,-70,,70.000000,0.000000,-4.974842,0.000000,0.000000,-4.974842
lichess_db_broadcast_2022-11_1199,16,c5c4,54,,-54.000000,0.000000,-1.826245,0.000000,0.000000,-1.826245
lichess_db_broadcast_2022-11_1199,16,c8d7,-2,,2.000000,0.000000,-6.667586,0.000000,0.000000,-6.667586
lichess_db_broadcast_2022-11_1199,16,c8e6,509,,-509.000000,0.000000,-9.165704,2.560000,-2.560000,-11.725704
lichess_db_broadcast_2022-11_1199,16,c8f5,272,,-272.000000,0.000000,-9.953886,0.000000,0.000000,-9.953886
lichess_db_broadcast_2022-11_1199,16,c8g4,-53,,53.000000,0.000000,-11.147476,0.000000,0.000000,-11.147476
lichess_db_broadcast_2022-11_1199,16,c8h3,463,,-463.000000,0.000000,-7.220879,3.960000,-3.960000,-11.180879
lichess_db_broadcast_2022-11_1199,16,d8a5,-32,,32.000000,0.000000,-26.388870,0.000000,0.000000,-26.388870
lichess_db_broadcast_2022-11_1199,16,d8b6,-23,,23.000000,0.000000,-30.274360,0.000000,0.000000,-30.274360
lichess_db_broadcast_2022-11_1199,16,d8c7,-54,,54.000000,0.000000,-31.151455,0.000000,0.000000,-31.151455
lichess_db_broadcast_2022-11_1199,16,d8d7,570,,-570.000000,0.000000,-24.986249,0.000000,0.000000,-24.986249
lichess_db_broadcast_2022-11_1199,16,d8e7,-56,,56.000000,0.000000,-31.354322,0.000000,0.000000,-31.354322
lichess_db_broadcast_2022-11_1199,16,e8d7,34,,-34.000000,0.000000,-12.350433,0.000000,0.000000,-12.350433
lichess_db_broadcast_2022-11_1199,16,e8e7,-24,,24.000000,0.000000,-13.544089,0.000000,0.000000,-13.544089
lichess_db_broadcast_2022-11_1199,16,f6f5,-60,,60.000000,0.000000,-2.775952,0.000000,0.000000,-2.775952
lichess_db_broadcast_2022-11_1199,16,f8e7,-33,,33.000000,0.000000,-9.339483,0.000000,0.000000,-9.339483
lichess_db_broadcast_2022-11_1199,16,f8g7,-61,,61.000000,0.000000,-10.001709,0.000000,0.000000,-10.001709
lichess_db_broadcast_2022-11_1199,16,f8h6,-44,,44.000000,0.000000,-7.670811,0.000000,0.000000,-7.670811
lichess_db_broadcast_2022-11_1199,16,g6g5,171,,-171.000000,0.000000,2.470672,0.000000,0.000000,2.470672
lichess_db_broadcast_2022-11_1199,16,h8g8,-1,,1.000000,0.000000,-22.859035,0.000000,0.000000,-22.859035
lichess_db_broadcast_2022-11_1199,16,h8h6,5,,-5.000000,0.000000,-26.434618,0.000000,0.000000,-26.434618
lichess_db_broadcast_2022-11_1199,16,h8h7,11,,-11.000000,0.000000,-26.861713,0.000000,0.000000,-26.861713
lichess_db_broadcast_2022-11_1199,30,a7a5,-52,,52.000000,0.000000,2.320248,0.000000,0.000000,2.320248
lichess_db_broadcast_2022-11_1199,30,a7a6,-33,,33.000000,0.000000,-2.134121,0.000000,0.000000,-2.134121
lichess_db_broadcast_2022-11_1199,30,a8b8,-31,,31.000000,0.000000,18.194654,0.000000,0.000000,18.194654
lichess_db_broadcast_2022-11_1199,30,b4a2,250,,-250.000000,0.000000,4.404922,0.000000,0.000000,4.404922
lichess_db_broadcast_2022-11_1199,30,b4a6,30,,-30.000000,0.000000,4.488022,0.000000,0.000000,4.488022
lichess_db_broadcast_2022-11_1199,30,b4c2,288,,-288.000000,-1.160000,-16.679957,0.000000,-1.160000,-17.839957
lichess_db_broadcast_2022-11_1199,30,b4c6,294,,-294.000000,0.000000,6.555393,1.160000,-1.160000,5.395393
lichess_db_broadcast_2022-11_1199,30,b4d3,466,,-466.000000,0.000000,5.466479,1.160000,-1.160000,4.306479
lichess_db_broadcast_2022-11_1199,30,b4d5,399,,-399.000000,-1.160000,-18.042141,1.160000,-2.320000,-20.362141
lichess_db_broadcast_2022-11_1199,30,b7b5,37,,-37.000000,0.000000,-2.252105,0.000000,0.000000,-2.252105
lichess_db_broadcast_2022-11_1199,30,b7b6,-22,,22.000000,0.000000,2.551530,0.000000,0.000000,2.551530
lichess_db_broadcast_2022-11_1199,30,c8d7,-50,,50.000000,0.000000,-7.011600,0.000000,0.000000,-7.011600
lichess_db_broadcast_2022-11_1199,30,c8e6,508,,-508.000000,0.000000,-7.215710,2.560000,-2.560000,-9.775710
lichess_db_broadcast_2022-11_1199,30,d8a5,-45,,45.000000,0.000000,17.743799,0.000000,0.000000,17.743799
lichess_db_broadcast_2022-11_1199,30,d8b6,-46,,46.000000,0.000000,23.584784,0.000000,0.000000,23.584784
lichess_db_broadcast_2022-11_1199,30,d8c7,-45,,45.000000,0.000000,23.576006,0.000000,0.000000,23.576006
lichess_db_broadcast_2022-11_1199,30,d8d7,186,,-186.000000,0.000000,-21.006477,0.000000,0.000000,-21.006477
lichess_db_broadcast_2022-11_1199,30,d8e7,9,,-9.000000,0.000000,25.458244,0.000000,0.000000,25.458244
lichess_db_broadcast_2022-11_1199,30,d8f6,-18,,18.000000,0.000000,24.069404,0.000000,0.000000,24.069404
lichess_db_broadcast_2022-11_1199,30,d8g5,568,,-568.000000,0.000000,23.740168,7.960000,-7.960000,15.780168
lichess_db_broadcast_2022-11_1199,30,d8h4,580,,-580.000000,-7.960000,-33.113351,11.360000,-19.320000,-52.433351
lichess_db_broadcast_2022-11_1199,30,e8e4,132,,-132.000000,-4.560000,-22.421220,3.400000,-7.960000,-30.381220
lichess_db_broadcast_2022-11_1199,30,e8e5,-19,,19.000000,0.000000,-16.243224,0.000000,0.000000,-16.243224
lichess_db_broadcast_2022-11_1199,30,e8e6,514,,-514.000000,0.000000,-16.711697,4.560000,-4.560000,-21.271697
lichess_db_broadcast_2022-11_1199,30,e8e7,-42,,42.000000,0.000000,-12.458941,0.000000,0.000000,-12.458941
lichess_db_broadcast_2022-11_1199,30,e8f8,62,,-62.000000,0.000000,12.821251,0.000000,0.000000,12.821251
lichess_db_broadcast_2022-11_1199,30,f5e4,-231,,231.000000,0.000000,-16.139102,0.000000,0.000000,-16.139102
lichess_db_broadcast_2022-11_1199,30,f5f4,153,,-153.000000,0.000000,1.992909,0.000000,0.000000,1.992909
lichess_db_broadcast_2022-11_1199,30,f7f6,217,,-217.000000,0.000000,2.729942,0.000000,0.000000,2.729942
lichess_db_broadcast_2022-11_1199,30,g6g5,188,,-188.000000,0.000000,2.261822,0.000000,0.000000,2.261822
lichess_db_broadcast_2022-11_1199,30,g7c3,63,,-63.000000,-1.400000,50.320536,3.960000,-5.360000,44.960536
lichess_db_broadcast_2022-11_1199,30,g7d4,464,,-464.000000,0.000000,12.807228,1.400000,-1.400000,11.407228
lichess_db_broadcast_2022-11_1199,30,g7e5,18,,-18.000000,0.000000,10.353847,0.000000,0.000000,10.353847
lichess_db_broadcast_2022-11_1199,30,g7f6,11,,-11.000000,0.000000,10.831789,0.000000,0.000000,10.831789
lichess_db_broadcast_2022-11_1199,30,g7f8,62,,-62.000000,0.000000,13.257617,0.000000,0.000000,13.257617
lichess_db_broadcast_2022-11_1199,30,g7h6,48,,-48.000000,0.000000,-9.944815,0.000000,0.000000,-9.944815
lichess_db_broadcast_2022-11_1199,30,g7h8,-12,,12.000000,0.000000,11.392719,0.000000,0.000000,11.392719
lichess_db_broadcast_2022-11_1199,30,g8f8,5,,-5.000000,0.000000,4.699103,0.000000,0.000000,4.699103
lichess_db_broadcast_2022-11_1199,30,g8h7,-1,,1.000000,0.000000,-6.655193,0.000000,0.000000,-6.655193
lichess_db_broadcast_2022-11_1199,30,g8h8,45,,-45.000000,0.000000,-4.610977,0.000000,0.000000,-4.610977
lichess_db_broadcast_2022-11_1199,43,a1a2,143,,-143.000000,0.000000,8.886934,0.000000,0.000000,8.886934
lichess_db_broadcast_2022-11_1199,43,a1a3,162,,-162.000000,0.000000,-10.241823,0.000000,0.000000,-10.241823
lichess_db_broadcast_2022-11_1199,43,a1b1,165,,-165.000000,0.000000,9.107159,0.000000,0.000000,9.107159
lichess_db_broadcast_2022-11_1199,43,a1c1,179,,-179.000000,0.000000,11.534002,0.000000,0.000000,11.534002
lichess_db_broadcast_2022-11_1199,43,a1d1,212,,-212.000000,0.000000,-10.248944,0.000000,0.000000,-10.248944
lichess_db_broadcast_2022-11_1199,43,a1e1,158,,-158.000000,0.000000,11.265449,0.000000,0.000000,11.265449
lichess_db_broadcast_2022-11_1199,43,b2b3,159,,-159.000000,0.000000,-2.473045,0.000000,0.000000,-2.473045
lichess_db_broadcast_2022-11_1199,43,b2b4,261,,-261.000000,0.000000,-1.619724,0.000000,0.000000,-1.619724
lichess_db_broadcast_2022-11_1199,43,c4a2,240,,-240.000000,0.000000,-7.722228,0.000000,0.000000,-7.722228
lichess_db_broadcast_2022-11_1199,43,c4a6,581,,-581.000000,0.000000,-7.674443,3.960000,-3.960000,-11.634443
lichess_db_broadcast_2022-11_1199,43,c4b3,511,,-511.000000,0.000000,-7.004774,1.400000,-1.400000,-8.404774
lichess_db_broadcast_2022-11_1199,43,c4b5,130,,-130.000000,0.000000,4.564523,0.000000,0.000000,4.564523
lichess_db_broadcast_2022-11_1199,43,c4d3,599,,-599.000000,0.000000,-9.667666,3.960000,-3.960000,-13.627666
lichess_db_broadcast_2022-11_1199,43,e2c1,219,,-219.000000,0.000000,4.324021,0.000000,0.000000,4.324021
lichess_db_broadcast_2022-11_1199,43,e2d4,120,,-120.000000,0.000000,-5.387749,0.000000,0.000000,-5.387749
lichess_db_broadcast_2022-11_1199,43,e2g1,181,,-181.000000,0.000000,4.768101,0.000000,0.000000,4.768101
lichess_db_broadcast_2022-11_1199,43,e3c1,214,,-214.000000,0.000000,32.651734,0.000000,0.000000,32.651734
lichess_db_broadcast_2022-11_1199,43,e3c5,565,,-565.000000,-6.800000,-49.730697,7.960000,-14.760000,-64.490697
lichess_db_broadcast_2022-11_1199,43,e3d2,233,,-233.000000,0.000000,-15.758673,0.000000,0.000000,-15.758673
lichess_db_broadcast_2022-11_1199,43,e3d3,760,,-760.000000,0.000000,23.616603,14.760000,-14.760000,8.856603
lichess_db_broadcast_2022-11_1199,43,e3d4,539,,-539.000000,0.000000,-19.351907,5.400000,-5.400000,-24.751907
lichess_db_broadcast_2022-11_1199,43,e3e4,603,,-603.000000,-7.960000,20.814970,6.800000,-14.760000,6.054970
lichess_db_broadcast_2022-11_1199,43,e3f3,783,,-783.000000,0.000000,18.216117,13.360000,-13.360000,4.856117
lichess_db_broadcast_2022-11_1199,43,f1b1,126,,-126.000000,0.000000,8.214829,0.000000,0.000000,8.214829
lichess_db_broadcast_2022-11_1199,43,f1c1,133,,-133.000000,0.000000,-10.909646,0.000000,0.000000,-10.909646
lichess_db_broadcast_2022-11_1199,43,f1d1,181,,-181.000000,0.000000,-11.037094,0.000000,0.000000,-11.037094
lichess_db_broadcast_2022-11_1199,43,f1e1,136,,-136.000000,0.000000,-10.839183,0.000000,0.000000,-10.839183
lichess_db_broadcast_2022-11_1199,43,f1g1,167,,-167.000000,0.000000,-9.731880,0.000000,0.000000,-9.731880
lichess_db_broadcast_2022-11_1199,43,f1h1,250,,-250.000000,0.000000,7.531767,0.000000,0.000000,7.531767
lichess_db_broadcast_2022-11_1199,43,f2f3,339,,-339.000000,0.000000,-1.162315,0.000000,0.000000,-1.162315
lichess_db_broadcast_2022-11_1199,43,f4d3,589,,-589.000000,0.000000,-5.421332,1.160000,-1.160000,-6.581332
lichess_db_broadcast_2022-11_1199,43,f4e6,392,,-392.000000,0.000000,8.838653,1.160000,-1.160000,7.678653
lichess_db_broadcast_2022-11_1199,43,f4g6,413,,-413.000000,-1.160000,16.740632,1.160000,-2.320000,14.420632
lichess_db_broadcast_2022-11_1199,43,f4h3,238,,-238.000000,0.000000,4.790790,0.000000,0.000000,4.790790
lichess_db_broadcast_2022-11_1199,43,f4h5,450,,-450.000000,-1.160000,16.798881,1.160000,-2.320000,14.478881
lichess_db_broadcast_2022-11_1199,43,g2g1,157,,-157.000000,0.000000,-9.007650,0.000000,0.000000,-9.007650
lichess_db_broadcast_2022-11_1199,43,g2h1,167,,-167.000000,0.000000,-8.048568,0.000000,0.000000,-8.048568
lichess_db_broadcast_2022-11_1199,43,g2h2,160,,-160.000000,0.000000,7.565001,0.000000,0.000000,7.565001
lichess_db_broadcast_2022-11_1199,70,a5a4,317,,-317.000000,0.000000,1.472627,0.000000,0.000000,1.472627
lichess_db_broadcast_2022-11_1199,70,c8a8,349,,-349.000000,0.000000,-5.800761,0.000000,0.000000,-5.800761
lichess_db_broadcast_2022-11_1199,70,c8b8,357,,-357.000000,0.000000,-2.564116,0.000000,0.000000,-2.564116
lichess_db_broadcast_2022-11_1199,70,c8c3,576,,-576.000000,-4.560000,-16.584124,4.560000,-9.120000,-25.704124
lichess_db_broadcast_2022-11_1199,70,c8c4,452,,-452.000000,0.000000,-4.316485,0.000000,0.000000,-4.316485
lichess_db_broadcast_2022-11_1199,70,c8c5,445,,-445.000000,0.000000,6.358896,3.400000,-3.400000,2.958896
lichess_db_broadcast_2022-11_1199,70,c8c6,803,,-803.000000,0.000000,-4.435358,9.120000,-9.120000,-13.555358
lichess_db_broadcast_2022-11_1199,70,c8c7,489,,-489.000000,0.000000,5.307446,3.400000,-3.400000,1.907446
lichess_db_broadcast_2022-11_1199,70,c8d8,354,,-354.000000,0.000000,5.255604,3.400000,-3.400000,1.855604
lichess_db_broadcast_2022-11_1199,70,c8e8,343,,-343.000000,0.000000,-3.646593,0.000000,0.000000,-3.646593
lichess_db_broadcast_2022-11_1199,70,d3b2,396,,-396.000000,-1.160000,-16.642834,0.000000,-1.160000,-17.802834
lichess_db_broadcast_2022-11_1199,70,d3b4,677,,-677.000000,0.000000,-4.876322,1.160000,-1.160000,-6.036322
lichess_db_broadcast_2022-11_1199,70,d3c1,628,,-628.000000,0.000000,-5.912667,0.000000,0.000000,-5.912667
lichess_db_broadcast_2022-11_1199,70,d3c5,350,,-350.000000,0.000000,5.649913,0.000000,0.000000,5.649913
lichess_db_broadcast_2022-11_1199,70,d3e1,-85,,85.000000,3.400000,475.561775,0.000000,3.400000,478.961775
lichess_db_broadcast_2022-11_1199,70,d3e5,470,,-470.000000,0.000000,-5.162812,0.000000,0.000000,-5.162812
lichess_db_broadcast_2022-11_1199,70,d3f2,442,,-442.000000,-1.160000,-16.846363,0.000000,-1.160000,-18.006363
lichess_db_broadcast_2022-11_1199,70,d3f4,548,,-548.000000,0.000000,6.030213,1.160000,-1.160000,4.870213
lichess_db_broadcast_2022-11_1199,70,e4e3,322,,-322.000000,0.000000,0.820201,0.000000,0.000000,0.820201
lichess_db_broadcast_2022-11_1199,70,f8d8,419,,-419.000000,0.000000,3.913007,3.400000,-3.400000,0.513007
lichess_db_broadcast_2022-11_1199,70,f8e8,172,,-172.000000,0.000000,-5.287606,0.000000,0.000000,-5.287606
lichess_db_broadcast_2022-11_1199,70,f8f2,-97,,97.000000,-4.560000,-18.153978,2.900000,-7.460000,-25.613978
lichess_db_broadcast_2022-11_1199,70,f8f3,226,,-226.000000,0.000000,8.182117,2.900000,-2.900000,5.282117
lichess_db_broadcast_2022-11_1199,70,f8f4,532,,-532.000000,0.000000,-5.238172,7.960000,-7.960000,-13.198172
lichess_db_broadcast_2022-11_1199,70,f8f5,134,,-134.000000,0.000000,-6.097686,0.000000,0.000000,-6.097686
lichess_db_broadcast_2022-11_1199,70,f8f6,185,,-185.000000,0.000000,-6.237701,0.000000,0.000000,-6.237701
lichess_db_broadcast_2022-11_1199,70,f8f7,373,,-373.000000,0.000000,-6.482863,0.000000,0.000000,-6.482863
lichess_db_broadcast_2022-11_1199,70,f8g8,296,,-296.000000,0.000000,-4.645123,0.000000,0.000000,-4.645123
lichess_db_broadcast_2022-11_1199,70,f8h8,370,,-370.000000,0.000000,8.593466,0.000000,0.000000,8.593466
lichess_db_broadcast_2022-11_1199,70,g6g5,270,,-270.000000,0.000000,1.918844,0.000000,0.000000,1.918844
lichess_db_broadcast_2022-11_1199,70,h7g8,361,,-361.000000,0.000000,3.206498,0.000000,0.000000,3.206498
lichess_db_broadcast_2022-11_1199,70,h7h6,339,,-339.000000,0.000000,0.632988,0.000000,0.000000,0.632988
lichess_db_broadcast_2022-11_1199,70,h7h8,374,,-374.000000,0.000000,2.235757,0.000000,0.000000,2.235757
lichess_db_broadcast_2022-11_1199,87,b2b3,121,,-121.000000,0.000000,1.110002,0.000000,0.000000,1.110002
lichess_db_broadcast_2022-11_1199,87,b2b4,147,,-147.000000,0.000000,-1.095547,0.000000,0.000000,-1.095547
lichess_db_broadcast_2022-11_1199,87,c3c4,368,,-368.000000,0.000000,-1.178151,0.000000,0.000000,-1.178151
lichess_db_broadcast_2022-11_1199,87,d3d1,472,,-472.000000,0.000000,3.058500,0.000000,0.000000,3.058500
lichess_db_broadcast_2022-11_1199,87,d3d2,197,,-197.000000,0.000000,2.511666,0.000000,0.000000,2.511666
lichess_db_broadcast_2022-11_1199,87,d3e3,309,,-309.000000,0.000000,4.663310,0.000000,0.000000,4.663310
lichess_db_broadcast_2022-11_1199,87,d3f3,192,,-192.000000,0.000000,6.153395,0.000000,0.000000,6.153395
lichess_db_broadcast_2022-11_1199,87,d4b3,377,,-377.000000,0.000000,2.794963,0.000000,0.000000,2.794963
lichess_db_broadcast_2022-11_1199,87,d4c2,205,,-205.000000,0.000000,2.627789,0.000000,0.000000,2.627789
lichess_db_broadcast_2022-11_1199,87,d4c6,257,,-257.000000,0.000000,-1.574077,0.000000,0.000000,-1.574077
lichess_db_broadcast_2022-11_1199,87,d4e2,451,,-451.000000,0.000000,-1.960813,0.000000,0.000000,-1.960813
lichess_db_broadcast_2022-11_1199,87,d4e6,503,,-503.000000,0.000000,5.323805,0.000000,0.000000,5.323805
lichess_db_broadcast_2022-11_1199,87,d4f3,222,,-222.000000,0.000000,3.925433,0.000000,0.000000,3.925433
lichess_db_broadcast_2022-11_1199,87,d4f5,491,,-491.000000,0.000000,1.604924,1.160000,-1.160000,0.444924
lichess_db_broadcast_2022-11_1199,87,f2f3,219,,-219.000000,0.000000,1.122128,0.000000,0.000000,1.122128
lichess_db_broadcast_2022-11_1199,87,f2f4,224,,-224.000000,0.000000,-1.396057,0.000000,0.000000,-1.396057
lichess_db_broadcast_2022-11_1199,87,g2f3,194,,-194.000000,0.000000,2.689903,0.000000,0.000000,2.689903
lichess_db_broadcast_2022-11_1199,87,g2h2,219,,-219.000000,0.000000,-1.886462,0.000000,0.000000,-1.886462
lichess_db_broadcast_2022-11_1199,87,g2h3,196,,-196.000000,0.000000,-2.138111,0.000000,0.000000,-2.138111
lichess_db_broadcast_2022-11_1199,87,g3g4,257,,-257.000000,0.000000,-1.472773,0.000000,0.000000,-1.472773
lichess_db_broadcast_2022-11_1211,32,a6a5,42,,-42.000000,0.000000,2.627124,0.000000,0.000000,2.627124
lichess_db_broadcast_2022-11_1211,32,a8a7,338,,-338.000000,0.000000,-18.335619,0.000000,0.000000,-18.335619
lichess_db_broadcast_2022-11_1211,32,a8b8,137,,-137.000000,0.000000,-16.862047,0.000000,0.000000,-16.862047
lichess_db_broadcast_2022-11_1211,32,a8c8,134,,-134.000000,0.000000,15.045486,0.000000,0.000000,15.045486
lichess_db_broadcast_2022-11_1211,32,d8a5,608,,-608.000000,0.000000,-30.976118,3.400000,-3.400000,-34.376118
lichess_db_broadcast_2022-11_1211,32,d8b6,544,,-544.000000,0.000000,-31.381046,0.000000,0.000000,-31.381046
lichess_db_broadcast_2022-11_1211,32,d8b8,80,,-80.000000,0.000000,-27.345139,0.000000,0.000000,-27.345139
lichess_db_broadcast_2022-11_1211,32,d8c7,162,,-162.000000,0.000000,-28.603157,0.000000,0.000000,-28.603157
lichess_db_broadcast_2022-11_1211,32,d8c8,148,,-148.000000,0.000000,30.454116,0.000000,0.000000,30.454116
lichess_db_broadcast_2022-11_1211,32,d8d6,126,,-126.000000,0.000000,-32.838868,0.000000,0.000000,-32.838868
lichess_db_broadcast_2022-11_1211,32,d8d7,473,,-473.000000,0.000000,-32.820605,6.800000,-6.800000,-39.620605
lichess_db_broadcast_2022-11_1211,32,e6c8,123,,-123.000000,0.000000,7.280785,0.000000,0.000000,7.280785
lichess_db_broadcast_2022-11_1211,32,e6d7,73,,-73.000000,0.000000,6.559300,1.400000,-1.400000,5.159300
lichess_db_broadcast_2022-11_1211,32,e6f5,123,,-123.000000,0.000000,-4.812623,0.000000,0.000000,-4.812623
lichess_db_broadcast_2022-11_1211,32,e6g4,87,,-87.000000,0.000000,-7.249149,1.400000,-1.400000,-8.649149
lichess_db_broadcast_2022-11_1211,32,e6h3,496,,-496.000000,0.000000,-9.850188,0.000000,0.000000,-9.850188
lichess_db_broadcast_2022-11_1211,32,e8f8,194,,-194.000000,0.000000,-15.893538,0.000000,0.000000,-15.893538
lichess_db_broadcast_2022-11_1211,32,f6d7,213,,-213.000000,0.000000,-6.873179,0.000000,0.000000,-6.873179
lichess_db_broadcast_2022-11_1211,32,f6e4,94,,-94.000000,0.000000,-8.517469,0.000000,0.000000,-8.517469
lichess_db_broadcast_2022-11_1211,32,f6g4,145,,-145.000000,0.000000,-7.930830,0.000000,0.000000,-7.930830
lichess_db_broadcast_2022-11_1211,32,f6h5,75,,-75.000000,0.000000,-7.794487,0.000000,0.000000,-7.794487
lichess_db_broadcast_2022-11_1211,32,g6g5,173,,-173.000000,0.000000,2.692347,0.000000,0.000000,2.692347
lichess_db_broadcast_2022-11_1211,32,g7f8,124,,-124.000000,0.000000,10.571652,0.000000,0.000000,10.571652
lichess_db_broadcast_2022-11_1211,32,g7h6,442,,-442.000000,0.000000,-4.395439,0.000000,0.000000,-4.395439
lichess_db_broadcast_2022-11_1211,32,g7h8,166,,-166.000000,0.000000,7.775235,0.000000,0.000000,7.775235
lichess_db_broadcast_2022-11_1211,32,g8f8,203,,-203.000000,0.000000,-6.498667,0.000000,0.000000,-6.498667
lichess_db_broadcast_2022-11_1211,32,g8h8,159,,-159.000000,0.000000,-4.482585,0.000000,0.000000,-4.482585
lichess_db_broadcast_2022-11_1211,32,h7h5,120,,-120.000000,0.000000,-2.247238,0.000000,0.000000,-2.247238
lichess_db_broadcast_2022-11_1211,32,h7h6,108,,-108.000000,0.000000,-3.289948,0.000000,0.000000,-3.289948
lichess_db_broadcast_2022-11_1211,43,a1b1,385,,-385.000000,0.000000,-18.269875,0.000000,0.000000,-18.269875
lichess_db_broadcast_2022-11_1211,43,a1c1,375,,-375.000000,0.000000,-20.738058,0.000000,0.000000,-20.738058
lichess_db_broadcast_2022-11_1211,43,a1d1,444,,-444.000000,0.000000,-20.722270,0.000000,0.000000,-20.722270
lichess_db_broadcast_2022-11_1211,43,a1e1,441,,-441.000000,0.000000,-21.889589,0.000000,0.000000,-21.889589
lichess_db_broadcast_2022-11_1211,43,a1f1,373,,-373.000000,0.000000,-21.053554,0.000000,0.000000,-21.053554
lichess_db_broadcast_2022-11_1211,43,a2a3,448,,-448.000000,0.000000,20.187221,0.000000,0.000000,20.187221
lichess_db_broadcast_2022-11_1211,43,a2b1,491,,-491.000000,0.000000,-28.237962,0.000000,0.000000,-28.237962
lichess_db_broadcast_2022-11_1211,43,a2b3,486,,-486.000000,0.000000,-23.844757,0.000000,0.000000,-23.844757
lichess_db_broadcast_2022-11_1211,43,a2c4,422,,-422.000000,0.000000,-19.116030,0.000000,0.000000,-19.116030
lichess_db_broadcast_2022-11_1211,43,a4a3,427,,-427.000000,0.000000,6.586663,0.000000,0.000000,6.586663
lichess_db_broadcast_2022-11_1211,43,a4a5,392,,-392.000000,-4.560000,19.136044,0.000000,-4.560000,14.576044
lichess_db_broadcast_2022-11_1211,43,a4b4,371,,-371.000000,0.000000,-17.407613,4.560000,-4.560000,-21.967613
lichess_db_broadcast_2022-11_1211,43,a4c4,656,,-656.000000,0.000000,-14.837931,0.000000,0.000000,-14.837931
lichess_db_broadcast_2022-11_1211,43,b2b3,488,,-488.000000,0.000000,-2.333458,0.000000,0.000000,-2.333458
lichess_db_broadcast_2022-11_1211,43,b2b4,327,,-327.000000,0.000000,-2.371795,0.000000,0.000000,-2.371795
lichess_db_broadcast_2022-11_1211,43,d4e5,64,,-64.000000,2.560000,161.373942,0.000000,2.560000,163.933942
lichess_db_broadcast_2022-11_1211,43,d5a8,446,,-446.000000,2.000000,475.715166,0.000000,2.000000,477.715166
lichess_db_broadcast_2022-11_1211,43,d5b3,657,,-657.000000,0.000000,10.008111,0.000000,0.000000,10.008111
lichess_db_broadcast_2022-11_1211,43,d5b7,665,,-665.000000,0.000000,-9.131701,0.000000,0.000000,-9.131701
lichess_db_broadcast_2022-11_1211,43,d5c4,441,,-441.000000,0.000000,6.360968,0.000000,0.000000,6.360968
lichess_db_broadcast_2022-11_1211,43,d5c6,621,,-621.000000,0.000000,-8.422392,0.000000,0.000000,-8.422392
lichess_db_broadcast_2022-11_1211,43,d5e4,572,,-572.000000,0.000000,-12.767040,0.000000,0.000000,-12.767040
lichess_db_broadcast_2022-11_1211,43,d5e6,77,,-77.000000,0.000000,161.418937,2.560000,-2.560000,158.858937
lichess_db_broadcast_2022-11_1211,43,d5f3,558,,-558.000000,0.000000,-7.200694,0.000000,0.000000,-7.200694
lichess_db_broadcast_2022-11_1211,43,d5g2,558,,-558.000000,0.000000,-6.161939,0.000000,0.000000,-6.161939
lichess_db_broadcast_2022-11_1211,43,d5h1,569,,-569.000000,0.000000,-7.430640,0.000000,0.000000,-7.430640
lichess_db_broadcast_2022-11_1211,43,e3c1,441,,-441.000000,0.000000,6.739472,0.000000,0.000000,6.739472
lichess_db_broadcast_2022-11_1211,43,e3d2,331,,-331.000000,0.000000,7.456590,0.000000,0.000000,7.456590
lichess_db_broadcast_2022-11_1211,43,e3f4,454,,-454.000000,0.000000,6.676576,0.000000,0.000000,6.676576
lichess_db_broadcast_2022-11_1211,43,e3g5,393,,-393.000000,0.000000,-5.530251,0.000000,0.000000,-5.530251
lichess_db_broadcast_2022-11_1211,43,e3h6,472,,-472.000000,0.000000,4.617044,1.400000,-1.400000,3.217044
lichess_db_broadcast_2022-11_1211,43,f2f3,414,,-414.000000,0.000000,-2.759015,0.000000,0.000000,-2.759015
lichess_db_broadcast_2022-11_1211,43,f2f4,477,,-477.000000,0.000000,-2.569737,0.000000,0.000000,-2.569737
lichess_db_broadcast_2022-11_1211,43,g1f1,439,,-439.000000,0.000000,-4.679081,0.000000,0.000000,-4.679081
lichess_db_broadcast_2022-11_1211,43,g1g2,456,,-456.000000,0.000000,6.930552,0.000000,0.000000,6.930552
lichess_db_broadcast_2022-11_1211,43,g1h1,423,,-423.000000,0.000000,-5.183707,0.000000,0.000000,-5.183707
lichess_db_broadcast_2022-11_1211,43,g3g4,413,,-413.000000,0.000000,-2.047732,0.000000,0.000000,-2.047732
lichess_db_broadcast_2022-11_1211,43,h2h3,377,,-377.000000,0.000000,-2.345531,0.000000,0.000000,-2.345531
lichess_db_broadcast_2022-11_1211,43,h2h4,357,,-357.000000,0.000000,-2.438815,0.000000,0.000000,-2.438815
lichess_db_broadcast_2022-11_1211,48,a8a6,10,,-10.000000,0.000000,-12.637244,0.000000,0.000000,-12.637244
lichess_db_broadcast_2022-11_1211,48,a8a7,1,,-1.000000,0.000000,-14.658551,0.000000,0.000000,-14.658551
lichess_db_broadcast_2022-11_1211,48,a8b8,6,,-6.000000,0.000000,15.314920,0.000000,0.000000,15.314920
lichess_db_broadcast_2022-11_1211,48,a8c8,-4,,4.000000,0.000000,12.884867,0.000000,0.000000,12.884867
lichess_db_broadcast_2022-11_1211,48,a8d8,-13,,13.000000,0.000000,14.187748,0.000000,0.000000,14.187748
lichess_db_broadcast_2022-11_1211,48,b6a6,126,,-126.000000,0.000000,-23.142516,0.000000,0.000000,-23.142516
lichess_db_broadcast_2022-11_1211,48,b6a7,146,,-146.000000,0.000000,25.156178,0.000000,0.000000,25.156178
lichess_db_broadcast_2022-11_1211,48,b6b2,573,,-573.000000,-7.960000,35.707465,0.000000,-7.960000,27.747465
lichess_db_broadcast_2022-11_1211,48,b6b3,704,,-704.000000,0.000000,18.887389,0.000000,0.000000,18.887389
lichess_db_broadcast_2022-11_1211,48,b6b4,640,,-640.000000,0.000000,-9.102789,3.400000,-3.400000,-12.502789
lichess_db_broadcast_2022-11_1211,48,b6b5,159,,-159.000000,0.000000,2.627639,0.000000,0.000000,2.627639
lichess_db_broadcast_2022-11_1211,48,b6b7,176,,-176.000000,0.000000,13.245010,0.000000,0.000000,13.245010
lichess_db_broadcast_2022-11_1211,48,b6b8,240,,-240.000000,0.000000,-21.559074,0.000000,0.000000,-21.559074
lichess_db_broadcast_2022-11_1211,48,b6c5,70,,-70.000000,0.000000,3.684162,0.000000,0.000000,3.684162
lichess_db_broadcast_2022-11_1211,48,b6c6,99,,-99.000000,0.000000,12.620207,0.000000,0.000000,12.620207
lichess_db_broadcast_2022-11_1211,48,b6c7,215,,-215.000000,0.000000,-1.936681,0.000000,0.000000,-1.936681
lichess_db_broadcast_2022-11_1211,48,b6d4,696,,-696.000000,0.000000,31.240668,11.360000,-11.360000,19.880668
lichess_db_broadcast_2022-11_1211,48,b6d6,701,,-701.000000,0.000000,-1.936681,7.960000,-7.960000,-9.896681
lichess_db_broadcast_2022-11_1211,48,b6d8,223,,-223.000000,0.000000,28.004971,0.000000,0.000000,28.004971
lichess_db_broadcast_2022-11_1211,48,b6e3,-69,,69.000000,-7.960000,-17.062461,0.000000,-7.960000,-25.022461
lichess_db_broadcast_2022-11_1211,48,e8b8,-3,,3.000000,0.000000,9.217346,0.000000,0.000000,9.217346
lichess_db_broadcast_2022-11_1211,48,e8c8,-10,,10.000000,0.000000,-4.280879,0.000000,0.000000,-4.280879
lichess_db_broadcast_2022-11_1211,48,e8d8,-30,,30.000000,0.000000,8.319861,0.000000,0.000000,8.319861
lichess_db_broadcast_2022-11_1211,48,e8f8,-17,,17.000000,0.000000,-4.764307,0.000000,0.000000,-4.764307
lichess_db_broadcast_2022-11_1211,48,g6g5,0,,-0.000000,0.000000,2.176610,0.000000,0.000000,2.176610
lichess_db_broadcast_2022-11_1211,48,g8f7,1,,-1.000000,0.000000,6.618244,0.000000,0.000000,6.618244
lichess_db_broadcast_2022-11_1211,48,g8f8,7,,-7.000000,0.000000,4.203966,0.000000,0.000000,4.203966
lichess_db_broadcast_2022-11_1211,48,g8g7,-14,,14.000000,0.000000,6.133604,0.000000,0.000000,6.133604
lichess_db_broadcast_2022-11_1211,48,g8h8,-8,,8.000000,0.000000,3.940240,0.000000,0.000000,3.940240
lichess_db_broadcast_2022-11_1211,48,h7h5,19,,-19.000000,0.000000,2.247238,0.000000,0.000000,2.247238
lichess_db_broadcast_2022-11_1211,48,h7h6,22,,-22.000000,0.000000,-3.099995,0.000000,0.000000,-3.099995
lichess_db_broadcast_2022-11_1211,58,a5a4,1,,-1.000000,0.000000,-1.529061,0.000000,0.000000,-1.529061
lichess_db_broadcast_2022-11_1211,58,a8a6,8,,-8.000000,0.000000,-5.485563,0.000000,0.000000,-5.485563
lichess_db_broadcast_2022-11_1211,58,a8a7,2,,-2.000000,0.000000,-5.480669,0.000000,0.000000,-5.480669
lichess_db_broadcast_2022-11_1211,58,b8b2,461,,-461.000000,-4.560000,17.632399,0.000000,-4.560000,13.072399
lichess_db_broadcast_2022-11_1211,58,b8b3,0,,-0.000000,0.000000,-6.916151,0.000000,0.000000,-6.916151
lichess_db_broadcast_2022-11_1211,58,b8b4,444,,-444.000000,0.000000,-7.157726,0.000000,0.000000,-7.157726
lichess_db_broadcast_2022-11_1211,58,b8b5,-8,,8.000000,0.000000,-7.125183,0.000000,0.000000,-7.125183
lichess_db_broadcast_2022-11_1211,58,b8b6,0,,-0.000000,0.000000,-7.280628,0.000000,0.000000,-7.280628
lichess_db_broadcast_2022-11_1211,58,b8b7,-2,,2.000000,0.000000,-7.257213,0.000000,0.000000,-7.257213
lichess_db_broadcast_2022-11_1211,58,b8c8,0,,-0.000000,0.000000,4.331982,0.000000,0.000000,4.331982
lichess_db_broadcast_2022-11_1211,58,b8d8,1,,-1.000000,0.000000,4.530962,0.000000,0.000000,4.530962
lichess_db_broadcast_2022-11_1211,58,b8e8,0,,-0.000000,0.000000,-3.943282,0.000000,0.000000,-3.943282
lichess_db_broadcast_2022-11_1211,58,b8f8,0,,-0.000000,0.000000,4.830795,0.000000,0.000000,4.830795
lichess_db_broadcast_2022-11_1211,58,e6e5,-1,,1.000000,0.000000,1.502172,0.000000,0.000000,1.502172
lichess_db_broadcast_2022-11_1211,58,g6g5,4,,-4.000000,0.000000,-1.752324,0.000000,0.000000,-1.752324
lichess_db_broadcast_2022-11_1211,58,g8f7,-7,,7.000000,0.000000,-3.891740,0.000000,0.000000,-3.891740
lichess_db_broadcast_2022-11_1211,58,g8f8,-6,,6.000000,0.000000,0.420360,0.000000,0.000000,0.420360
lichess_db_broadcast_2022-11_1211,58,g8g7,0,,-0.000000,0.000000,-3.802382,0.000000,0.000000,-3.802382
lichess_db_broadcast_2022-11_1211,58,g8h8,12,,-12.000000,0.000000,-0.365346,0.000000,0.000000,-0.365346
lichess_db_broadcast_2022-11_1211,58,h7h5,-12,,12.000000,0.000000,-2.247238,0.000000,0.000000,-2.247238
lichess_db_broadcast_2022-11_1211,58,h7h6,-9,,9.000000,0.000000,2.818328,0.000000,0.000000,2.818328
lichess_db_broadcast_2022-11_1211,61,a2a1,637,,-637.000000,0.000000,3.768885,0.000000,0.000000,3.768885
lichess_db_broadcast_2022-11_1211,61,a2a3,635,,-635.000000,0.000000,2.760001,0.000000,0.000000,2.760001
lichess_db_broadcast_2022-11_1211,61,a2a4,609,,-609.000000,0.000000,3.696869,0.000000,0.000000,3.696869
lichess_db_broadcast_2022-11_1211,61,a2a5,109,,-109.000000,-4.560000,-16.332585,0.000000,-4.560000,-20.892585
lichess_db_broadcast_2022-11_1211,61,b2b3,605,,-605.000000,0.000000,1.012796,0.000000,0.000000,1.012796
lichess_db_broadcast_2022-11_1211,61,b2b4,494,,-494.000000,0.000000,1.244213,0.000000,0.000000,1.244213
lichess_db_broadcast_2022-11_1211,61,e2e3,649,,-649.000000,0.000000,0.951927,0.000000,0.000000,0.951927
lichess_db_broadcast_2022-11_1211,61,e2e4,667,,-667.000000,0.000000,1.044139,0.000000,0.000000,1.044139
lichess_db_broadcast_2022-11_1211,61,e5a5,102,,-102.000000,-4.560000,-17.911533,0.000000,-4.560000,-22.471533
lichess_db_broadcast_2022-11_1211,61,e5b5,615,,-615.000000,0.000000,5.409966,0.000000,0.000000,5.409966
lichess_db_broadcast_2022-11_1211,61,e5c5,69,,-69.000000,0.000000,2.459909,0.000000,0.000000,2.459909
lichess_db_broadcast_2022-11_1211,61,e5d5,700,,-700.000000,0.000000,2.439500,4.560000,-4.560000,-2.120500
lichess_db_broadcast_2022-11_1211,61,e5e3,29,,-29.000000,0.000000,2.348833,0.000000,0.000000,2.348833
lichess_db_broadcast_2022-11_1211,61,e5e4,46,,-46.000000,0.000000,2.439500,0.000000,0.000000,2.439500
lichess_db_broadcast_2022-11_1211,61,e5e6,610,,-610.000000,-4.560000,-16.043889,2.900000,-7.460000,-23.503889
lichess_db_broadcast_2022-11_1211,61,e5f5,691,,-691.000000,0.000000,1.393354,12.020000,-12.020000,-10.626646
lichess_db_broadcast_2022-11_1211,61,e5g5,645,,-645.000000,0.000000,0.859642,2.900000,-2.900000,-2.040358
lichess_db_broadcast_2022-11_1211,61,e5h5,643,,-643.000000,0.000000,2.659970,4.560000,-4.560000,-1.900030
lichess_db_broadcast_2022-11_1211,61,g3g4,645,,-645.000000,0.000000,0.945001,0.000000,0.000000,0.945001
lichess_db_broadcast_2022-11_1211,61,h1g1,634,,-634.000000,0.000000,0.362638,0.000000,0.000000,0.362638
lichess_db_broadcast_2022-11_1211,61,h1g2,650,,-650.000000,0.000000,-2.200948,0.000000,0.000000,-2.200948
lichess_db_broadcast_2022-11_1211,61,h2h3,660,,-660.000000,0.000000,1.033118,0.000000,0.000000,1.033118
lichess_db_broadcast_2022-11_1211,61,h2h4,639,,-639.000000,0.000000,1.179335,0.000000,0.000000,1.179335
lichess_db_broadcast_2022-11_1212,36,a8a1,26,,-26.000000,0.000000,476.311871,2.000000,-2.000000,474.311871
lichess_db_broadcast_2022-11_1212,36,a8a2,553,,-553.000000,0.000000,18.905582,0.000000,0.000000,18.905582
lichess_db_broadcast_2022-11_1212,36,a8a3,553,,-553.000000,0.000000,-19.738262,2.000000,-2.000000,-21.738262
lichess_db_broadcast_2022-11_1212,36,a8a4,522,,-522.000000,0.000000,-17.768492,0.000000,0.000000,-17.768492
lichess_db_broadcast_2022-11_1212,36,a8a5,57,,-57.000000,0.000000,-12.967263,0.000000,0.000000,-12.967263
lichess_db_broadcast_2022-11_1212,36,a8a6,560,,-560.000000,0.000000,-17.480656,4.560000,-4.560000,-22.040656
lichess_db_broadcast_2022-11_1212,36,a8a7,523,,-523.000000,0.000000,-16.304317,0.000000,0.000000,-16.304317
lichess_db_broadcast_2022-11_1212,36,a8b8,55,,-55.000000,0.000000,14.459145,0.000000,0.000000,14.459145
lichess_db_broadcast_2022-11_1212,36,a8c8,37,,-37.000000,0.000000,14.896371,0.000000,0.000000,14.896371
lichess_db_broadcast_2022-11_1212,36,b7b6,117,,-117.000000,0.000000,2.541247,0.000000,0.000000,2.541247
lichess_db_broadcast_2022-11_1212,36,d6b5,468,,-468.000000,-1.160000,17.202641,0.000000,-1.160000,16.042641
lichess_db_broadcast_2022-11_1212,36,d6c4,29,,-29.000000,0.000000,6.916324,0.000000,0.000000,6.916324
lichess_db_broadcast_2022-11_1212,36,d6c8,560,,-560.000000,0.000000,5.271451,0.000000,0.000000,5.271451
lichess_db_broadcast_2022-11_1212,36,d6e4,41,,-41.000000,0.000000,6.120482,0.000000,0.000000,6.120482
lichess_db_broadcast_2022-11_1212,36,d6f7,30,,-30.000000,0.000000,7.463362,0.000000,0.000000,7.463362
lichess_db_broadcast_2022-11_1212,36,d7b6,23,,-23.000000,0.000000,4.169303,0.000000,0.000000,4.169303
lichess_db_broadcast_2022-11_1212,36,d7b8,580,,-580.000000,0.000000,3.390847,0.000000,0.000000,3.390847
lichess_db_broadcast_2022-11_1212,36,d7c5,440,,-440.000000,0.000000,4.644809,1.160000,-1.160000,3.484809
lichess_db_broadcast_2022-11_1212,36,d7e5,463,,-463.000000,0.000000,6.089674,1.160000,-1.160000,4.929674
lichess_db_broadcast_2022-11_1212,36,d7f6,65,,-65.000000,0.000000,7.841047,0.000000,0.000000,7.841047
lichess_db_broadcast_2022-11_1212,36,d7f8,65,,-65.000000,0.000000,4.305132,0.000000,0.000000,4.305132
lichess_db_broadcast_2022-11_1212,36,d8a5,451,,-451.000000,0.000000,16.031164,3.400000,-3.400000,12.631164
lichess_db_broadcast_2022-11_1212,36,d8b6,31,,-31.000000,0.000000,23.740545,0.000000,0.000000,23.740545
lichess_db_broadcast_2022-11_1212,36,d8b8,41,,-41.000000,0.000000,20.280053,0.000000,0.000000,20.280053
lichess_db_broadcast_2022-11_1212,36,d8c7,35,,-35.000000,0.000000,24.131284,0.000000,0.000000,24.131284
lichess_db_broadcast_2022-11_1212,36,d8c8,53,,-53.000000,0.000000,26.115031,0.000000,0.000000,26.115031
lichess_db_broadcast_2022-11_1212,36,d8e7,41,,-41.000000,0.000000,27.705458,0.000000,0.000000,27.705458
lichess_db_broadcast_2022-11_1212,36,d8f6,39,,-39.000000,0.000000,26.764786,0.000000,0.000000,26.764786
lichess_db_broadcast_2022-11_1212,36,d8g5,675,,-675.000000,0.000000,22.298517,6.800000,-6.800000,15.498517
lichess_db_broadcast_2022-11_1212,36,d8h4,656,,-656.000000,0.000000,23.310597,6.800000,-6.800000,16.510597
lichess_db_broadcast_2022-11_1212,36,e6e5,187,,-187.000000,0.000000,-2.440526,0.000000,0.000000,-2.440526
lichess_db_broadcast_2022-11_1212,36,e8e7,74,,-74.000000,0.000000,-14.266652,0.000000,0.000000,-14.266652
lichess_db_broadcast_2022-11_1212,36,e8f8,61,,-61.000000,0.000000,-11.150656,0.000000,0.000000,-11.150656
lichess_db_broadcast_2022-11_1212,36,f5f4,153,,-153.000000,0.000000,2.171347,0.000000,0.000000,2.171347
lichess_db_broadcast_2022-11_1212,36,g6g5,134,,-134.000000,0.000000,2.570510,0.000000,0.000000,2.570510
lichess_db_broadcast_2022-11_1212,36,g7d4,415,,-415.000000,-2.560000,23.913522,3.960000,-6.520000,17.393522
lichess_db_broadcast_2022-11_1212,36,g7e5,486,,-486.000000,0.000000,-10.479132,3.960000,-3.960000,-14.439132
lichess_db_broadcast_2022-11_1212,36,g7f6,37,,-37.000000,0.000000,-11.685227,0.000000,0.000000,-11.685227
lichess_db_broadcast_2022-11_1212,36,g7f8,31,,-31.000000,0.000000,12.324945,0.000000,0.000000,12.324945
lichess_db_broadcast_2022-11_1212,36,g7h6,41,,-41.000000,0.000000,-8.626532,0.000000,0.000000,-8.626532
lichess_db_broadcast_2022-11_1212,36,g7h8,51,,-51.000000,0.000000,11.086646,0.000000,0.000000,11.086646
lichess_db_broadcast_2022-11_1212,36,g8f7,50,,-50.000000,0.000000,-9.344222,0.000000,0.000000,-9.344222
lichess_db_broadcast_2022-11_1212,36,g8f8,75,,-75.000000,0.000000,-3.980930,0.000000,0.000000,-3.980930
lichess_db_broadcast_2022-11_1212,36,g8h8,56,,-56.000000,0.000000,-5.088132,0.000000,0.000000,-5.088132
lichess_db_broadcast_2022-11_1212,36,h7h5,46,,-46.000000,0.000000,-2.715369,0.000000,0.000000,-2.715369
lichess_db_broadcast_2022-11_1212,36,h7h6,49,,-49.000000,0.000000,-3.166467,0.000000,0.000000,-3.166467
lichess_db_broadcast_2022-11_1212,60,b6a4,434,,-434.000000,0.000000,-5.837907,0.000000,0.000000,-5.837907
lichess_db_broadcast_2022-11_1212,60,b6a8,415,,-415.000000,0.000000,-5.865938,0.000000,0.000000,-5.865938
lichess_db_broadcast_2022-11_1212,60,b6c4,215,,-215.000000,0.000000,-5.127096,0.000000,0.000000,-5.127096
lichess_db_broadcast_2022-11_1212,60,b6c8,67,,-67.000000,0.000000,-3.704803,0.000000,0.000000,-3.704803
lichess_db_broadcast_2022-11_1212,60,b6d7,84,,-84.000000,0.000000,-2.745200,0.000000,0.000000,-2.745200
lichess_db_broadcast_2022-11_1212,60,b8a8,418,,-418.000000,0.000000,-17.237322,0.000000,0.000000,-17.237322
lichess_db_broadcast_2022-11_1212,60,b8c8,202,,-202.000000,0.000000,-8.904536,0.000000,0.000000,-8.904536
lichess_db_broadcast_2022-11_1212,60,b8d8,278,,-278.000000,0.000000,4.864646,0.000000,0.000000,4.864646
lichess_db_broadcast_2022-11_1212,60,b8e8,221,,-221.000000,0.000000,-8.460755,0.000000,0.000000,-8.460755
lichess_db_broadcast_2022-11_1212,60,b8f8,198,,-198.000000,0.000000,7.248203,0.000000,0.000000,7.248203
lichess_db_broadcast_2022-11_1212,60,b8g8,209,,-209.000000,0.000000,-9.587316,0.000000,0.000000,-9.587316
lichess_db_broadcast_2022-11_1212,60,b8h8,224,,-224.000000,0.000000,-15.653479,0.000000,0.000000,-15.653479
lichess_db_broadcast_2022-11_1212,60,d6a3,584,,-584.000000,0.000000,-28.689538,3.400000,-3.400000,-32.089538
lichess_db_broadcast_2022-11_1212,60,d6b4,292,,-292.000000,0.000000,-13.302891,0.000000,0.000000,-13.302891
lichess_db_broadcast_2022-11_1212,60,d6c5,658,,-658.000000,0.000000,-16.057101,7.960000,-7.960000,-24.017101
lichess_db_broadcast_2022-11_1212,60,d6c6,697,,-697.000000,0.000000,-14.508181,7.960000,-7.960000,-22.468181
lichess_db_broadcast_2022-11_1212,60,d6c7,89,,-89.000000,0.000000,-17.426870,0.000000,0.000000,-17.426870
lichess_db_broadcast_2022-11_1212,60,d6d7,52,,-52.000000,0.000000,-18.158451,0.000000,0.000000,-18.158451
lichess_db_broadcast_2022-11_1212,60,d6d8,92,,-92.000000,0.000000,-13.747522,0.000000,0.000000,-13.747522
lichess_db_broadcast_2022-11_1212,60,d6e5,620,,-620.000000,0.000000,-25.447471,7.960000,-7.960000,-33.407471
lichess_db_broadcast_2022-11_1212,60,d6f4,656,,-656.000000,0.000000,-13.865394,7.960000,-7.960000,-21.825394
lichess_db_broadcast_2022-11_1212,60,d6g3,570,,-570.000000,0.000000,-17.545971,7.960000,-7.960000,-25.505971
lichess_db_broadcast_2022-11_1212,60,d6h2,582,,-582.000000,0.000000,-16.316227,6.300000,-6.300000,-22.616227
lichess_db_broadcast_2022-11_1212,60,e6e5,73,,-73.000000,0.000000,-2.937698,0.000000,0.000000,-2.937698
lichess_db_broadcast_2022-11_1212,60,e7d8,72,,-72.000000,0.000000,-7.931764,0.000000,0.000000,-7.931764
lichess_db_broadcast_2022-11_1212,60,e7f6,73,,-73.000000,0.000000,-12.621501,0.000000,0.000000,-12.621501
lichess_db_broadcast_2022-11_1212,60,e7f8,87,,-87.000000,0.000000,9.291653,0.000000,0.000000,9.291653
lichess_db_broadcast_2022-11_1212,60,e7g5,109,,-109.000000,0.000000,-12.179966,0.000000,0.000000,-12.179966
lichess_db_broadcast_2022-11_1212,60,e7h4,86,,-86.000000,0.000000,-11.596338,0.000000,0.000000,-11.596338
lichess_db_broadcast_2022-11_1212,60,f5f4,97,,-97.000000,0.000000,2.498420,0.000000,0.000000,2.498420
lichess_db_broadcast_2022-11_1212,60,f7d8,94,,-94.000000,0.000000,5.996945,0.000000,0.000000,5.996945
lichess_db_broadcast_2022-11_1212,60,f7e5,471,,-471.000000,0.000000,-7.752895,1.160000,-1.160000,-8.912895
lichess_db_broadcast_2022-11_1212,60,f7g5,91,,-91.000000,0.000000,4.550238,0.000000,0.000000,4.550238
lichess_db_broadcast_2022-11_1212,60,f7h6,99,,-99.000000,0.000000,5.357084,0.000000,0.000000,5.357084
lichess_db_broadcast_2022-11_1212,60,f7h8,121,,-121.000000,0.000000,-6.681345,0.000000,0.000000,-6.681345
lichess_db_broadcast_2022-11_1212,60,g6g5,100,,-100.000000,0.000000,-2.820713,0.000000,0.000000,-2.820713
lichess_db_broadcast_2022-11_1212,60,g7f6,102,,-102.000000,0.000000,7.332558,0.000000,0.000000,7.332558
lichess_db_broadcast_2022-11_1212,60,g7f8,88,,-88.000000,0.000000,8.626753,0.000000,0.000000,8.626753
lichess_db_broadcast_2022-11_1212,60,g7g8,49,,-49.000000,0.000000,7.693980,0.000000,0.000000,7.693980
lichess_db_broadcast_2022-11_1212,60,g7h6,97,,-97.000000,0.000000,8.307321,0.000000,0.000000,8.307321
lichess_db_broadcast_2022-11_1212,60,g7h8,110,,-110.000000,0.000000,4.674683,0.000000,0.000000,4.674683
lichess_db_broadcast_2022-11_1212,60,h7h5,78,,-78.000000,0.000000,-2.634127,0.000000,0.000000,-2.634127
lichess_db_broadcast_2022-11_1212,60,h7h6,81,,-81.000000,0.000000,3.382794,0.000000,0.000000,3.382794
lichess_db_broadcast_2022-11_1343,47,a1a2,34,,-34.000000,0.000000,-15.416622,0.000000,0.000000,-15.416622
lichess_db_broadcast_2022-11_1343,47,a1a3,371,,-371.000000,0.000000,-16.161732,2.000000,-2.000000,-18.161732
lichess_db_broadcast_2022-11_1343,47,a1a4,217,,-217.000000,-3.400000,-52.346037,0.000000,-3.400000,-55.746037
lichess_db_broadcast_2022-11_1343,47,a1b1,57,,-57.000000,0.000000,12.921439,0.000000,0.000000,12.921439
lichess_db_broadcast_2022-11_1343,47,c1b1,62,,-62.000000,0.000000,11.165362,0.000000,0.000000,11.165362
lichess_db_broadcast_2022-11_1343,47,c1c2,19,,-19.000000,0.000000,-16.077323,0.000000,0.000000,-16.077323
lichess_db_broadcast_2022-11_1343,47,c1c3,515,,-515.000000,0.000000,-16.112068,5.400000,-5.400000,-21.512068
lichess_db_broadcast_2022-11_1343,47,c1c4,5,,-5.000000,0.000000,-13.871031,0.000000,0.000000,-13.871031
lichess_db_broadcast_2022-11_1343,47,c1c5,381,,-381.000000,0.000000,-16.997460,5.400000,-5.400000,-22.397460
lichess_db_broadcast_2022-11_1343,47,c1c6,-29,,29.000000,-4.560000,24.237365,0.000000,-4.560000,19.677365
lichess_db_broadcast_2022-11_1343,47,c1d1,81,,-81.000000,0.000000,9.544280,0.000000,0.000000,9.544280
lichess_db_broadcast_2022-11_1343,47,c1e1,254,,-254.000000,0.000000,12.190571,2.000000,-2.000000,10.190571
lichess_db_broadcast_2022-11_1343,47,d4d5,211,,-211.000000,0.000000,1.800117,0.000000,0.000000,1.800117
lichess_db_broadcast_2022-11_1343,47,e4c3,449,,-449.000000,0.000000,7.296468,0.000000,0.000000,7.296468
lichess_db_broadcast_2022-11_1343,47,e4c5,82,,-82.000000,0.000000,4.108273,0.000000,0.000000,4.108273
lichess_db_broadcast_2022-11_1343,47,e4d2,345,,-345.000000,0.000000,-4.303693,0.000000,0.000000,-4.303693
lichess_db_broadcast_2022-11_1343,47,e4d6,335,,-335.000000,0.000000,6.673442,0.000000,0.000000,6.673442
lichess_db_broadcast_2022-11_1343,47,e4f6,332,,-332.000000,0.000000,4.039732,1.160000,-1.160000,2.879732
lichess_db_broadcast_2022-11_1343,47,e4g3,76,,-76.000000,0.000000,3.943781,0.000000,0.000000,3.943781
lichess_db_broadcast_2022-11_1343,47,e4g5,317,,-317.000000,0.000000,3.197695,0.000000,0.000000,3.197695
lichess_db_broadcast_2022-11_1343,47,e5c4,27,,-27.000000,0.000000,3.716350,0.000000,0.000000,3.716350
lichess_db_broadcast_2022-11_1343,47,e5c6,-70,,70.000000,-1.160000,16.325593,0.000000,-1.160000,15.165593
lichess_db_broadcast_2022-11_1343,47,e5d3,16,,-16.000000,0.000000,3.930719,0.000000,0.000000,3.930719
lichess_db_broadcast_2022-11_1343,47,e5d7,23,,-23.000000,0.000000,2.767105,0.000000,0.000000,2.767105
lichess_db_broadcast_2022-11_1343,47,e5f3,79,,-79.000000,0.000000,5.586193,0.000000,0.000000,5.586193
lichess_db_broadcast_2022-11_1343,47,e5f7,318,,-318.000000,-1.160000,17.107423,0.000000,-1.160000,15.947423
lichess_db_broadcast_2022-11_1343,47,e5g4,215,,-215.000000,0.000000,-3.519288,0.000000,0.000000,-3.519288
lichess_db_broadcast_2022-11_1343,47,e5g6,376,,-376.000000,0.000000,-3.849451,2.320000,-2.320000,-6.169451
lichess_db_broadcast_2022-11_1343,47,f1b5,172,,-172.000000,0.000000,1381.451766,7.960000,-7.960000,1373.491766
lichess_db_broadcast_2022-11_1343,47,f1c4,18,,-18.000000,0.000000,21.580237,0.000000,0.000000,21.580237
lichess_db_broadcast_2022-11_1343,47,f1d1,-9,,9.000000,0.000000,19.400935,0.000000,0.000000,19.400935
lichess_db_broadcast_2022-11_1343,47,f1d3,-8,,8.000000,0.000000,-16.658787,0.000000,0.000000,-16.658787
lichess_db_broadcast_2022-11_1343,47,f1e1,487,,-487.000000,0.000000,23.838194,5.400000,-5.400000,18.438194
lichess_db_broadcast_2022-11_1343,47,f1e2,482,,-482.000000,0.000000,-13.519356,0.000000,0.000000,-13.519356
lichess_db_broadcast_2022-11_1343,47,f2f3,31,,-31.000000,0.000000,-1.290711,0.000000,0.000000,-1.290711
lichess_db_broadcast_2022-11_1343,47,f2f4,47,,-47.000000,0.000000,-1.261021,0.000000,0.000000,-1.261021
lichess_db_broadcast_2022-11_1343,47,g1h1,36,,-36.000000,0.000000,-4.310271,0.000000,0.000000,-4.310271
lichess_db_broadcast_2022-11_1343,47,g2g3,-17,,17.000000,0.000000,-1.906373,0.000000,0.000000,-1.906373
lichess_db_broadcast_2022-11_1343,47,g2g4,-13,,13.000000,0.000000,-2.003723,0.000000,0.000000,-2.003723
lichess_db_broadcast_2022-11_1343,47,h2h3,-13,,13.000000,0.000000,1.687443,0.000000,0.000000,1.687443
lichess_db_broadcast_2022-11_1343,47,h2h4,-12,,12.000000,0.000000,-1.010740,0.000000,0.000000,-1.010740
lichess_db_broadcast_2022-11_1343,64,c8a8,618,,-618.000000,0.000000,-2.357759,0.000000,0.000000,-2.357759
lichess_db_broadcast_2022-11_1343,64,c8b8,748,,-748.000000,0.000000,-14.933076,0.000000,0.000000,-14.933076
lichess_db_broadcast_2022-11_1343,64,c8c1,95,,-95.000000,0.000000,-9.863709,0.000000,0.000000,-9.863709
lichess_db_broadcast_2022-11_1343,64,c8c2,555,,-555.000000,0.000000,-8.736534,0.000000,0.000000,-8.736534
lichess_db_broadcast_2022-11_1343,64,c8c3,561,,-561.000000,0.000000,-1.275769,0.000000,0.000000,-1.275769
lichess_db_broadcast_2022-11_1343,64,c8c4,569,,-569.000000,0.000000,-1.231110,0.000000,0.000000,-1.231110
lichess_db_broadcast_2022-11_1343,64,c8c5,751,,-751.000000,0.000000,-8.737950,4.560000,-4.560000,-13.297950
lichess_db_broadcast_2022-11_1343,64,c8c6,576,,-576.000000,0.000000,-10.333338,0.000000,0.000000,-10.333338
lichess_db_broadcast_2022-11_1343,64,c8c7,759,,-759.000000,0.000000,-8.860628,0.000000,0.000000,-8.860628
lichess_db_broadcast_2022-11_1343,64,c8d8,679,,-679.000000,0.000000,-9.539671,0.000000,0.000000,-9.539671
lichess_db_broadcast_2022-11_1343,64,c8e8,666,,-666.000000,0.000000,-1.435691,0.000000,0.000000,-1.435691
lichess_db_broadcast_2022-11_1343,64,c8f8,653,,-653.000000,0.000000,-8.849334,0.000000,0.000000,-8.849334
lichess_db_broadcast_2022-11_1343,64,d6a3,99,,-99.000000,0.000000,-7.817953,0.000000,0.000000,-7.817953
lichess_db_broadcast_2022-11_1343,64,d6b4,696,,-696.000000,0.000000,24.097154,3.400000,-3.400000,20.697154
lichess_db_broadcast_2022-11_1343,64,d6b6,538,,-538.000000,-3.400000,476.130685,0.000000,-3.400000,472.730685
lichess_db_broadcast_2022-11_1343,64,d6b8,768,,-768.000000,0.000000,-16.494283,3.400000,-3.400000,-19.894283
lichess_db_broadcast_2022-11_1343,64,d6c5,741,,-741.000000,0.000000,11.301648,7.960000,-7.960000,3.341648
lichess_db_broadcast_2022-11_1343,64,d6c6,573,,-573.000000,0.000000,-8.488591,3.400000,-3.400000,-11.888591
lichess_db_broadcast_2022-11_1343,64,d6c7,69,,-69.000000,0.000000,-10.010455,0.000000,0.000000,-10.010455
lichess_db_broadcast_2022-11_1343,64,d6d4,588,,-588.000000,-7.960000,22.248547,7.960000,-15.920000,6.328547
lichess_db_broadcast_2022-11_1343,64,d6d5,80,,-80.000000,0.000000,-10.586393,0.000000,0.000000,-10.586393
lichess_db_broadcast_2022-11_1343,64,d6d7,84,,-84.000000,0.000000,-14.049256,0.000000,0.000000,-14.049256
lichess_db_broadcast_2022-11_1343,64,d6d8,62,,-62.000000,0.000000,-10.270425,0.000000,0.000000,-10.270425
lichess_db_broadcast_2022-11_1343,64,d6e5,629,,-629.000000,0.000000,-8.063797,7.960000,-7.960000,-16.023797
lichess_db_broadcast_2022-11_1343,64,d6e7,92,,-92.000000,0.000000,-9.280929,0.000000,0.000000,-9.280929
lichess_db_broadcast_2022-11_1343,64,d6f4,667,,-667.000000,0.000000,-7.606014,7.960000,-7.960000,-15.566014
lichess_db_broadcast_2022-11_1343,64,d6f8,81,,-81.000000,0.000000,21.220313,0.000000,0.000000,21.220313
lichess_db_broadcast_2022-11_1343,64,d6g3,609,,-609.000000,0.000000,-8.066785,7.960000,-7.960000,-16.026785
lichess_db_broadcast_2022-11_1343,64,d6h2,695,,-695.000000,0.000000,-9.591729,6.300000,-6.300000,-15.891729
lichess_db_broadcast_2022-11_1343,64,e6e5,605,,-605.000000,0.000000,-1.577741,0.000000,0.000000,-1.577741
lichess_db_broadcast_2022-11_1343,64,f7f5,667,,-667.000000,0.000000,-2.320371,0.000000,0.000000,-2.320371
lichess_db_broadcast_2022-11_1343,64,f7f6,716,,-716.000000,0.000000,-2.451213,0.000000,0.000000,-2.451213
lichess_db_broadcast_2022-11_1343,64,g7g5,636,,-636.000000,0.000000,-1.686637,0.000000,0.000000,-1.686637
lichess_db_broadcast_2022-11_1343,64,g7g6,679,,-679.000000,0.000000,-3.214914,0.000000,0.000000,-3.214914
lichess_db_broadcast_2022-11_1343,64,g8f8,657,,-657.000000,0.000000,-4.025953,0.000000,0.000000,-4.025953
lichess_db_broadcast_2022-11_1343,64,g8h8,706,,-706.000000,0.000000,-0.680062,0.000000,0.000000,-0.680062
lichess_db_broadcast_2022-11_1343,64,h6h5,687,,-687.000000,0.000000,2.416460,0.000000,0.000000,2.416460
lichess_db_broadcast_2022-11_1343,66,c7a5,698,,-698.000000,0.000000,14.920324,3.400000,-3.400000,11.520324
lichess_db_broadcast_2022-11_1343,66,c7a7,82,,-82.000000,0.000000,12.176620,0.000000,0.000000,12.176620
lichess_db_broadcast_2022-11_1343,66,c7b6,692,,-692.000000,0.000000,27.048784,3.400000,-3.400000,23.648784
lichess_db_broadcast_2022-11_1343,66,c7b7,701,,-701.000000,0.000000,21.198258,3.400000,-3.400000,17.798258
lichess_db_broadcast_2022-11_1343,66,c7b8,775,,-775.000000,0.000000,-17.828713,3.400000,-3.400000,-21.228713
lichess_db_broadcast_2022-11_1343,66,c7c1,57,,-57.000000,0.000000,-16.406071,0.000000,0.000000,-16.406071
lichess_db_broadcast_2022-11_1343,66,c7c2,67,,-67.000000,0.000000,-17.538857,0.000000,0.000000,-17.538857
lichess_db_broadcast_2022-11_1343,66,c7c3,67,,-67.000000,0.000000,-8.944221,0.000000,0.000000,-8.944221
lichess_db_broadcast_2022-11_1343,66,c7c4,76,,-76.000000,0.000000,-9.492977,0.000000,0.000000,-9.492977
lichess_db_broadcast_2022-11_1343,66,c7c5,733,,-733.000000,0.000000,16.151180,11.360000,-11.360000,4.791180
lichess_db_broadcast_2022-11_1343,66,c7c6,83,,-83.000000,0.000000,-9.088624,0.000000,0.000000,-9.088624
lichess_db_broadcast_2022-11_1343,66,c7d6,76,,-76.000000,0.000000,-9.067520,0.000000,0.000000,-9.067520
lichess_db_broadcast_2022-11_1343,66,c7d7,91,,-91.000000,0.000000,-9.103067,0.000000,0.000000,-9.103067
lichess_db_broadcast_2022-11_1343,66,c7d8,85,,-85.000000,0.000000,12.868928,0.000000,0.000000,12.868928
lichess_db_broadcast_2022-11_1343,66,c7e5,650,,-650.000000,0.000000,16.709113,11.360000,-11.360000,5.349113
lichess_db_broadcast_2022-11_1343,66,c7e7,82,,-82.000000,0.000000,-8.950525,0.000000,0.000000,-8.950525
lichess_db_broadcast_2022-11_1343,66,c7f4,614,,-614.000000,0.000000,-10.098140,7.960000,-7.960000,-18.058140
lichess_db_broadcast_2022-11_1343,66,c7g3,623,,-623.000000,0.000000,-11.133703,7.960000,-7.960000,-19.093703
lichess_db_broadcast_2022-11_1343,66,c7h2,687,,-687.000000,0.000000,13.194778,6.300000,-6.300000,6.894778
lichess_db_broadcast_2022-11_1343,66,c8a8,77,,-77.000000,0.000000,-7.780822,0.000000,0.000000,-7.780822
lichess_db_broadcast_2022-11_1343,66,c8b8,805,,-805.000000,0.000000,-13.357825,0.000000,0.000000,-13.357825
lichess_db_broadcast_2022-11_1343,66,c8d8,86,,-86.000000,0.000000,-5.792911,0.000000,0.000000,-5.792911
lichess_db_broadcast_2022-11_1343,66,c8e8,81,,-81.000000,0.000000,-7.870833,0.000000,0.000000,-7.870833
lichess_db_broadcast_2022-11_1343,66,c8f8,74,,-74.000000,0.000000,-8.142585,0.000000,0.000000,-8.142585
lichess_db_broadcast_2022-11_1343,66,e6e5,386,,-386.000000,0.000000,2.084178,0.000000,0.000000,2.084178
lichess_db_broadcast_2022-11_1343,66,f7f5,168,,-168.000000,0.000000,-2.476998,0.000000,0.000000,-2.476998
lichess_db_broadcast_2022-11_1343,66,f7f6,182,,-182.000000,0.000000,-2.197378,0.000000,0.000000,-2.197378
lichess_db_broadcast_2022-11_1343,66,g7g5,158,,-158.000000,0.000000,-2.134599,0.000000,0.000000,-2.134599
lichess_db_broadcast_2022-11_1343,66,g7g6,70,,-70.000000,0.000000,-2.898022,0.000000,0.000000,-2.898022
lichess_db_broadcast_2022-11_1343,66,g8f8,207,,-207.000000,0.000000,0.840720,0.000000,0.000000,0.840720
lichess_db_broadcast_2022-11_1343,66,g8h8,92,,-92.000000,0.000000,-0.680062,0.000000,0.000000,-0.680062
lichess_db_broadcast_2022-11_1343,66,h6h5,233,,-233.000000,0.000000,1.837827,0.000000,0.000000,1.837827
lichess_db_broadcast_2022-11_1343,84,a5f5,351,,-351.000000,0.000000,12.226734,0.000000,0.000000,12.226734
lichess_db_broadcast_2022-11_1343,84,f7f5,161,,-161.000000,0.000000,2.622078,0.000000,0.000000,2.622078
lichess_db_broadcast_2022-11_1343,84,g7g6,81,,-81.000000,0.000000,2.488389,0.000000,0.000000,2.488389
lichess_db_broadcast_2022-11_1343,84,h7g8,76,,-76.000000,0.000000,3.199497,0.000000,0.000000,3.199497
lichess_db_broadcast_2022-11_1343,84,h7h8,85,,-85.000000,0.000000,3.150272,0.000000,0.000000,3.150272
lichess_db_broadcast_2022-11_1343,125,e2d1,-56,,56.000000,0.000000,-6.995718,0.000000,0.000000,-6.995718
lichess_db_broadcast_2022-11_1343,125,e2d2,-50,,50.000000,0.000000,-6.995718,0.000000,0.000000,-6.995718
lichess_db_broadcast_2022-11_1343,125,e2e1,-47,,47.000000,0.000000,-3.650559,0.000000,0.000000,-3.650559
lichess_db_broadcast_2022-11_1343,125,e2e3,-101,,101.000000,0.000000,-5.117309,0.000000,0.000000,-5.117309
lichess_db_broadcast_2022-11_1343,125,e2f2,-50,,50.000000,0.000000,-6.864168,0.000000,0.000000,-6.864168
lichess_db_broadcast_2022-11_1343,125,e4c4,696,,-696.000000,0.000000,13.898663,0.000000,0.000000,13.898663
lichess_db_broadcast_2022-11_1343,125,e4d3,-81,,81.000000,0.000000,14.184527,0.000000,0.000000,14.184527
lichess_db_broadcast_2022-11_1343,128,c5a3,59,,-59.000000,0.000000,6.636485,0.000000,0.000000,6.636485
lichess_db_broadcast_2022-11_1343,128,c5a5,182,,-182.000000,0.000000,0.000000,0.000000,0.000000,0.000000
lichess_db_broadcast_2022-11_1343,128,c5a7,147,,-147.000000,0.000000,3.933364,0.000000,0.000000,3.933364
lichess_db_broadcast_2022-11_1343,128,c5b4,754,,-754.000000,0.000000,16.952414,0.000000,0.000000,16.952414
lichess_db_broadcast_2022-11_1343,128,c5b5,126,,-126.000000,0.000000,3.499659,0.000000,0.000000,3.499659
lichess_db_broadcast_2022-11_1343,128,c5b6,233,,-233.000000,0.000000,-2.582241,0.000000,0.000000,-2.582241
lichess_db_broadcast_2022-11_1343,128,c5c1,236,,-236.000000,0.000000,0.000000,0.000000,0.000000,0.000000
lichess_db_broadcast_2022-11_1343,128,c5c2,744,,-744.000000,0.000000,17.191752,6.300000,-6.300000,10.891752
lichess_db_broadcast_2022-11_1343,128,c5c3,789,,-789.000000,0.000000,-3.909114,6.300000,-6.300000,-10.209114
lichess_db_broadcast_2022-11_1343,128,c5c4,809,,-809.000000,0.000000,18.980904,6.300000,-6.300000,12.680904
lichess_db_broadcast_2022-11_1343,128,c5c6,949,,-949.000000,0.000000,16.643480,7.960000,-7.960000,8.683480
lichess_db_broadcast_2022-11_1343,128,c5c7,220,,-220.000000,0.000000,-3.242852,0.000000,0.000000,-3.242852
lichess_db_broadcast_2022-11_1343,128,c5c8,320,,-320.000000,0.000000,1.512125,0.000000,0.000000,1.512125
lichess_db_broadcast_2022-11_1343,128,c5d4,840,,-840.000000,0.000000,18.891043,6.300000,-6.300000,12.591043
lichess_db_broadcast_2022-11_1343,128,c5d5,665,,-665.000000,-7.960000,27.094396,0.000000,-7.960000,19.134396
lichess_db_broadcast_2022-11_1343,128,c5d6,195,,-195.000000,0.000000,2.357607,0.000000,0.000000,2.357607
lichess_db_broadcast_2022-11_1343,128,c5e3,806,,-806.000000,0.000000,21.138689,6.300000,-6.300000,14.838689
lichess_db_broadcast_2022-11_1343,128,c5e7,1401,,-1401.000000,0.000000,15.365262,0.000000,0.000000,15.365262
lichess_db_broadcast_2022-11_1343,128,c5f2,200,,-200.000000,0.000000,1.297141,0.000000,0.000000,1.297141
lichess_db_broadcast_2022-11_1343,128,c5f8,235,,-235.000000,0.000000,9.294595,0.000000,0.000000,9.294595
lichess_db_broadcast_2022-11_1343,128,c5g1,219,,-219.000000,0.000000,3.988592,0.000000,0.000000,3.988592
lichess_db_broadcast_2022-11_1343,128,f6f5,489,,-489.000000,0.000000,-3.599363,0.000000,0.000000,-3.599363
lichess_db_broadcast_2022-11_1343,128,g6g5,119,,-119.000000,0.000000,2.793430,0.000000,0.000000,2.793430
lichess_db_broadcast_2022-11_1343,128,g7f7,254,,-254.000000,0.000000,-1.675918,0.000000,0.000000,-1.675918
lichess_db_broadcast_2022-11_1343,128,g7f8,194,,-194.000000,0.000000,-4.449286,0.000000,0.000000,-4.449286
lichess_db_broadcast_2022-11_1343,128,g7g8,402,,-402.000000,0.000000,-1.884154,0.000000,0.000000,-1.884154
lichess_db_broadcast_2022-11_1343,128,g7h6,485,,-485.000000,0.000000,-2.075217,0.000000,0.000000,-2.075217
lichess_db_broadcast_2022-11_1343,128,g7h7,183,,-183.000000,0.000000,-4.915731,0.000000,0.000000,-4.915731
lichess_db_broadcast_2022-11_1343,128,g7h8,225,,-225.000000,0.000000,-1.884154,0.000000,0.000000,-1.884154
lichess_db_broadcast_2022-11_1343,128,h5h4,148,,-148.000000,0.000000,-2.366077,0.000000,0.000000,-2.366077
lichess_db_broadcast_2022-11_1359,16,a6a5,81,,-81.000000,0.000000,2.553909,0.000000,0.000000,2.553909
lichess_db_broadcast_2022-11_1359,16,a8a7,104,,-104.000000,0.000000,-23.274044,0.000000,0.000000,-23.274044
lichess_db_broadcast_2022-11_1359,16,a8b8,82,,-82.000000,0.000000,20.420793,0.000000,0.000000,20.420793
lichess_db_broadcast_2022-11_1359,16,b7b5,77,,-77.000000,0.000000,-2.120789,0.000000,0.000000,-2.120789
lichess_db_broadcast_2022-11_1359,16,b7b6,82,,-82.000000,0.000000,2.551530,0.000000,0.000000,2.551530
lichess_db_broadcast_2022-11_1359,16,c5c4,161,,-161.000000,0.000000,-2.066525,0.000000,0.000000,-2.066525
lichess_db_broadcast_2022-11_1359,16,c6a5,124,,-124.000000,0.000000,7.517842,0.000000,0.000000,7.517842
lichess_db_broadcast_2022-11_1359,16,c6a7,106,,-106.000000,0.000000,-6.616252,0.000000,0.000000,-6.616252
lichess_db_broadcast_2022-11_1359,16,c6b4,121,,-121.000000,0.000000,6.240165,0.000000,0.000000,6.240165
lichess_db_broadcast_2022-11_1359,16,c6b8,110,,-110.000000,0.000000,7.973570,0.000000,0.000000,7.973570
lichess_db_broadcast_2022-11_1359,16,c6d4,130,,-130.000000,0.000000,7.243472,0.000000,0.000000,7.243472
lichess_db_broadcast_2022-11_1359,16,c6e5,105,,-105.000000,0.000000,6.177794,0.000000,0.000000,6.177794
lichess_db_broadcast_2022-11_1359,16,c6e7,140,,-140.000000,0.000000,6.924561,0.000000,0.000000,6.924561
lichess_db_broadcast_2022-11_1359,16,d6b8,39,,-39.000000,0.000000,6.999218,0.000000,0.000000,6.999218
lichess_db_broadcast_2022-11_1359,16,d6c7,32,,-32.000000,0.000000,7.397217,0.000000,0.000000,7.397217
lichess_db_broadcast_2022-11_1359,16,d6e5,102,,-102.000000,0.000000,8.672472,1.400000,-1.400000,7.272472
lichess_db_broadcast_2022-11_1359,16,d6e7,44,,-44.000000,0.000000,8.978928,0.000000,0.000000,8.978928
lichess_db_broadcast_2022-11_1359,16,d6f4,31,,-31.000000,0.000000,-11.364293,0.000000,0.000000,-11.364293
lichess_db_broadcast_2022-11_1359,16,d6f8,73,,-73.000000,0.000000,7.162028,0.000000,0.000000,7.162028
lichess_db_broadcast_2022-11_1359,16,d6g3,535,,-535.000000,0.000000,-8.177438,5.120000,-5.120000,-13.297438
lichess_db_broadcast_2022-11_1359,16,d6h2,379,,-379.000000,-2.560000,18.211454,2.300000,-4.860000,13.351454
lichess_db_broadcast_2022-11_1359,16,d8a5,113,,-113.000000,0.000000,-24.579648,0.000000,0.000000,-24.579648
lichess_db_broadcast_2022-11_1359,16,d8b6,106,,-106.000000,0.000000,-31.152836,0.000000,0.000000,-31.152836
lichess_db_broadcast_2022-11_1359,16,d8c7,83,,-83.000000,0.000000,33.700536,0.000000,0.000000,33.700536
lichess_db_broadcast_2022-11_1359,16,d8e7,107,,-107.000000,0.000000,32.890857,0.000000,0.000000,32.890857
lichess_db_broadcast_2022-11_1359,16,d8f6,106,,-106.000000,0.000000,-30.885142,0.000000,0.000000,-30.885142
lichess_db_broadcast_2022-11_1359,16,d8g5,699,,-699.000000,0.000000,-32.406864,6.800000,-6.800000,-39.206864
lichess_db_broadcast_2022-11_1359,16,d8h4,692,,-692.000000,0.000000,-25.583266,6.800000,-6.800000,-32.383266
lichess_db_broadcast_2022-11_1359,16,e6e5,91,,-91.000000,0.000000,2.280350,0.000000,0.000000,2.280350
lichess_db_broadcast_2022-11_1359,16,e8e7,132,,-132.000000,0.000000,-13.021174,0.000000,0.000000,-13.021174
lichess_db_broadcast_2022-11_1359,16,e8f8,119,,-119.000000,0.000000,-3.973322,0.000000,0.000000,-3.973322
lichess_db_broadcast_2022-11_1359,16,f7f5,149,,-149.000000,0.000000,-2.304821,0.000000,0.000000,-2.304821
lichess_db_broadcast_2022-11_1359,16,f7f6,69,,-69.000000,0.000000,2.246799,0.000000,0.000000,2.246799
lichess_db_broadcast_2022-11_1359,16,g7g5,186,,-186.000000,0.000000,2.477346,0.000000,0.000000,2.477346
lichess_db_broadcast_2022-11_1359,16,g7g6,101,,-101.000000,0.000000,-2.379256,0.000000,0.000000,-2.379256
lichess_db_broadcast_2022-11_1359,16,g8e7,43,,-43.000000,0.000000,-4.628040,0.000000,0.000000,-4.628040
lichess_db_broadcast_2022-11_1359,16,g8f6,22,,-22.000000,0.000000,-3.965240,0.000000,0.000000,-3.965240
lichess_db_broadcast_2022-11_1359,16,g8h6,84,,-84.000000,0.000000,-4.114144,0.000000,0.000000,-4.114144
lichess_db_broadcast_2022-11_1359,16,h7h5,89,,-89.000000,0.000000,-2.691751,0.000000,0.000000,-2.691751
lichess_db_broadcast_2022-11_1359,16,h7h6,61,,-61.000000,0.000000,3.063223,0.000000,0.000000,3.063223
lichess_db_broadcast_2022-11_1359,40,a6a5,268,,-268.000000,0.000000,-1.689788,0.000000,0.000000,-1.689788
lichess_db_broadcast_2022-11_1359,40,a8a7,317,,-317.000000,0.000000,-9.988904,0.000000,0.000000,-9.988904
lichess_db_broadcast_2022-11_1359,40,a8b8,284,,-284.000000,0.000000,6.581785,0.000000,0.000000,6.581785
lichess_db_broadcast_2022-11_1359,40,a8c8,277,,-277.000000,0.000000,11.749086,0.000000,0.000000,11.749086
lichess_db_broadcast_2022-11_1359,40,a8d8,260,,-260.000000,0.000000,-13.733682,0.000000,0.000000,-13.733682
lichess_db_broadcast_2022-11_1359,40,a8e8,255,,-255.000000,0.000000,-9.173480,0.000000,0.000000,-9.173480
lichess_db_broadcast_2022-11_1359,40,b5a4,295,,-295.000000,0.000000,-16.583099,0.000000,0.000000,-16.583099
lichess_db_broadcast_2022-11_1359,40,b5b4,153,,-153.000000,0.000000,2.179042,0.000000,0.000000,2.179042
lichess_db_broadcast_2022-11_1359,40,c7a5,293,,-293.000000,0.000000,7.909219,0.000000,0.000000,7.909219
lichess_db_broadcast_2022-11_1359,40,c7b6,141,,-141.000000,0.000000,9.460341,0.000000,0.000000,9.460341
lichess_db_broadcast_2022-11_1359,40,c7b8,332,,-332.000000,0.000000,7.078853,0.000000,0.000000,7.078853
lichess_db_broadcast_2022-11_1359,40,c7d6,436,,-436.000000,0.000000,-6.344915,2.560000,-2.560000,-8.904915
lichess_db_broadcast_2022-11_1359,40,c7d8,239,,-239.000000,0.000000,-7.176188,0.000000,0.000000,-7.176188
lichess_db_broadcast_2022-11_1359,40,c7e5,453,,-453.000000,-2.560000,-18.495580,1.400000,-3.960000,-22.455580
lichess_db_broadcast_2022-11_1359,40,d7c6,309,,-309.000000,0.000000,22.305262,0.000000,0.000000,22.305262
lichess_db_broadcast_2022-11_1359,40,d7c8,312,,-312.000000,0.000000,37.654113,0.000000,0.000000,37.654113
lichess_db_broadcast_2022-11_1359,40,d7d6,734,,-734.000000,0.000000,14.718601,13.360000,-13.360000,1.358601
lichess_db_broadcast_2022-11_1359,40,d7d8,303,,-303.000000,0.000000,17.137275,0.000000,0.000000,17.137275
lichess_db_broadcast_2022-11_1359,40,d7e7,663,,-663.000000,0.000000,19.080995,5.400000,-5.400000,13.680995
lichess_db_broadcast_2022-11_1359,40,d7e8,291,,-291.000000,0.000000,24.364561,0.000000,0.000000,24.364561
lichess_db_broadcast_2022-11_1359,40,e6f5,266,,-266.000000,0.000000,-13.101148,0.000000,0.000000,-13.101148
lichess_db_broadcast_2022-11_1359,40,e6g4,299,,-299.000000,0.000000,-13.624973,0.000000,0.000000,-13.624973
lichess_db_broadcast_2022-11_1359,40,e6h3,393,,-393.000000,0.000000,-12.391543,2.560000,-2.560000,-14.951543
lichess_db_broadcast_2022-11_1359,40,f7f5,337,,-337.000000,0.000000,-1.703313,0.000000,0.000000,-1.703313
lichess_db_broadcast_2022-11_1359,40,f7f6,282,,-282.000000,0.000000,-2.661394,0.000000,0.000000,-2.661394
lichess_db_broadcast_2022-11_1359,40,f8b8,45,,-45.000000,0.000000,-7.608747,0.000000,0.000000,-7.608747
lichess_db_broadcast_2022-11_1359,40,f8c8,47,,-47.000000,0.000000,12.600003,0.000000,0.000000,12.600003
lichess_db_broadcast_2022-11_1359,40,f8d8,66,,-66.000000,0.000000,-14.309096,0.000000,0.000000,-14.309096
lichess_db_broadcast_2022-11_1359,40,f8e8,30,,-30.000000,0.000000,-10.102379,0.000000,0.000000,-10.102379
lichess_db_broadcast_2022-11_1359,40,g7g5,397,,-397.000000,0.000000,-2.341045,0.000000,0.000000,-2.341045
lichess_db_broadcast_2022-11_1359,40,g7g6,302,,-302.000000,0.000000,2.629105,0.000000,0.000000,2.629105
lichess_db_broadcast_2022-11_1359,40,g8h8,300,,-300.000000,0.000000,-3.860153,0.000000,0.000000,-3.860153
lichess_db_broadcast_2022-11_1359,40,h7h5,268,,-268.000000,0.000000,-2.919057,0.000000,0.000000,-2.919057
lichess_db_broadcast_2022-11_1359,40,h7h6,239,,-239.000000,0.000000,3.166757,0.000000,0.000000,3.166757
lichess_db_broadcast_2022-11_1359,63,a3b2,411,,-411.000000,0.000000,-2.113514,0.000000,0.000000,-2.113514
lichess_db_broadcast_2022-11_1359,63,a3b4,496,,-496.000000,0.000000,5.449963,0.000000,0.000000,5.449963
lichess_db_broadcast_2022-11_1359,63,a3c1,58,,-58.000000,0.000000,1.973542,0.000000,0.000000,1.973542
lichess_db_broadcast_2022-11_1359,63,a3c5,-33,,33.000000,0.000000,4.576299,0.000000,0.000000,4.576299
lichess_db_broadcast_2022-11_1359,63,a3d6,194,,-194.000000,0.000000,6.895016,0.000000,0.000000,6.895016
lichess_db_broadcast_2022-11_1359,63,a3e7,-45,,45.000000,0.000000,1.973542,0.000000,0.000000,1.973542
lichess_db_broadcast_2022-11_1359,63,a3f8,467,,-467.000000,0.000000,2.872804,0.900000,-0.900000,1.972804
lichess_db_broadcast_2022-11_1359,63,d2d3,67,,-67.000000,0.000000,-0.969439,0.000000,0.000000,-0.969439
lichess_db_broadcast_2022-11_1359,63,d4d5,25,,-25.000000,0.000000,-1.645718,0.000000,0.000000,-1.645718
lichess_db_broadcast_2022-11_1359,63,e1a1,-69,,69.000000,0.000000,-5.843635,0.000000,0.000000,-5.843635
lichess_db_broadcast_2022-11_1359,63,e1b1,560,,-560.000000,0.000000,-4.659773,0.000000,0.000000,-4.659773
lichess_db_broadcast_2022-11_1359,63,e1c1,-67,,67.000000,0.000000,-5.614759,0.000000,0.000000,-5.614759
lichess_db_broadcast_2022-11_1359,63,e1d1,-36,,36.000000,0.000000,-3.822628,0.000000,0.000000,-3.822628
lichess_db_broadcast_2022-11_1359,63,e1e2,-9,,9.000000,0.000000,-3.654827,0.000000,0.000000,-3.654827
lichess_db_broadcast_2022-11_1359,63,e1e3,-8,,8.000000,0.000000,-4.271599,0.000000,0.000000,-4.271599
lichess_db_broadcast_2022-11_1359,63,e1e4,-17,,17.000000,0.000000,-3.480658,0.000000,0.000000,-3.480658
lichess_db_broadcast_2022-11_1359,63,e1f1,-30,,30.000000,0.000000,-4.835252,0.000000,0.000000,-4.835252
lichess_db_broadcast_2022-11_1359,63,f3g5,358,,-358.000000,0.000000,-7.380466,1.160000,-1.160000,-8.540466
lichess_db_broadcast_2022-11_1359,63,f3h2,-13,,13.000000,0.000000,-7.540521,0.000000,0.000000,-7.540521
lichess_db_broadcast_2022-11_1359,63,f3h4,-14,,14.000000,0.000000,-7.228330,0.000000,0.000000,-7.228330
lichess_db_broadcast_2022-11_1359,63,g1f1,-52,,52.000000,0.000000,-2.649596,0.000000,0.000000,-2.649596
lichess_db_broadcast_2022-11_1359,63,g1h1,-35,,35.000000,0.000000,-1.777974,0.000000,0.000000,-1.777974
lichess_db_broadcast_2022-11_1359,63,g1h2,-52,,52.000000,0.000000,-2.636872,0.000000,0.000000,-2.636872
lichess_db_broadcast_2022-11_1359,63,g2g3,110,,-110.000000,0.000000,-1.205270,0.000000,0.000000,-1.205270
lichess_db_broadcast_2022-11_1359,63,g2g4,52,,-52.000000,0.000000,-1.498345,0.000000,0.000000,-1.498345
lichess_db_broadcast_2022-11_1359,63,h3h4,-57,,57.000000,0.000000,1.499784,0.000000,0.000000,1.499784
lichess_db_broadcast_2022-11_1359,98,b3a3,468,,-468.000000,-2.000000,161.136126,0.000000,-2.000000,159.136126
lichess_db_broadcast_2022-11_1359,98,b3b1,419,,-419.000000,0.000000,-2.032162,0.000000,0.000000,-2.032162
lichess_db_broadcast_2022-11_1359,98,b3b2,655,,-655.000000,0.000000,4.500377,2.000000,-2.000000,2.500377
lichess_db_broadcast_2022-11_1359,98,b3b4,634,,-634.000000,0.000000,4.502893,2.000000,-2.000000,2.502893
lichess_db_broadcast_2022-11_1359,98,b3b5,411,,-411.000000,0.000000,3.191181,0.000000,0.000000,3.191181
lichess_db_broadcast_2022-11_1359,98,b3b6,431,,-431.000000,0.000000,-2.032162,0.000000,0.000000,-2.032162
lichess_db_broadcast_2022-11_1359,98,b3b7,482,,-482.000000,0.000000,-2.612637,0.000000,0.000000,-2.612637
lichess_db_broadcast_2022-11_1359,98,b3b8,646,,-646.000000,0.000000,-5.740865,0.000000,0.000000,-5.740865
lichess_db_broadcast_2022-11_1359,98,b3c3,661,,-661.000000,0.000000,3.979593,2.900000,-2.900000,1.079593
lichess_db_broadcast_2022-11_1359,98,b3d3,597,,-597.000000,-4.560000,-16.656181,2.900000,-7.460000,-24.116181
lichess_db_broadcast_2022-11_1359,98,g7g5,392,,-392.000000,0.000000,1.686022,0.000000,0.000000,1.686022
lichess_db_broadcast_2022-11_1359,98,g7g6,859,,-859.000000,0.000000,2.280974,0.000000,0.000000,2.280974
lichess_db_broadcast_2022-11_1359,98,h5d1,768,,-768.000000,0.000000,4.728043,0.900000,-0.900000,3.828043
lichess_db_broadcast_2022-11_1359,98,h5e2,775,,-775.000000,0.000000,2.331472,0.900000,-0.900000,1.431472
lichess_db_broadcast_2022-11_1359,98,h5e8,670,,-670.000000,0.000000,-3.239223,0.000000,0.000000,-3.239223
lichess_db_broadcast_2022-11_1359,98,h5f3,617,,-617.000000,0.000000,5.177793,0.000000,0.000000,5.177793
lichess_db_broadcast_2022-11_1359,98,h5f7,413,,-413.000000,0.000000,4.267061,0.000000,0.000000,4.267061
lichess_db_broadcast_2022-11_1359,98,h5g4,720,,-720.000000,0.000000,0.000000,0.000000,0.000000,0.000000
lichess_db_broadcast_2022-11_1359,98,h5g6,369,,-369.000000,0.000000,1.786299,0.000000,0.000000,1.786299
lichess_db_broadcast_2022-11_1359,98,h7g6,,7,-9930.000000,0.000000,3.355823,0.000000,0.000000,3.355823
lichess_db_broadcast_2022-11_1359,98,h7h6,676,,-676.000000,0.000000,1.329560,0.000000,0.000000,1.329560
lichess_db_broadcast_2022-11_1711,28,a6a5,126,,-126.000000,0.000000,2.277692,0.000000,0.000000,2.277692
lichess_db_broadcast_2022-11_1711,28,b8a8,359,,-359.000000,0.000000,-14.691564,3.400000,-3.400000,-18.091564
lichess_db_broadcast_2022-11_1711,28,b8c8,337,,-337.000000,0.000000,-11.648389,3.400000,-3.400000,-15.048389
lichess_db_broadcast_2022-11_1711,28,c6a5,200,,-200.000000,0.000000,-10.606303,0.000000,0.000000,-10.606303
lichess_db_broadcast_2022-11_1711,28,c6a7,140,,-140.000000,0.000000,-10.220067,0.000000,0.000000,-10.220067
lichess_db_broadcast_2022-11_1711,28,c6b4,521,,-521.000000,0.000000,-9.815719,1.160000,-1.160000,-10.975719
lichess_db_broadcast_2022-11_1711,28,c6d4,457,,-457.000000,0.000000,-11.091646,1.160000,-1.160000,-12.251646
lichess_db_broadcast_2022-11_1711,28,c6e7,73,,-73.000000,0.000000,-10.347504,0.000000,0.000000,-10.347504
lichess_db_broadcast_2022-11_1711,28,d8b6,588,,-588.000000,-6.800000,56.933808,6.800000,-13.600000,43.333808
lichess_db_broadcast_2022-11_1711,28,d8c7,858,,-858.000000,0.000000,27.436431,6.800000,-6.800000,20.636431
lichess_db_broadcast_2022-11_1711,28,d8c8,642,,-642.000000,0.000000,32.621269,6.800000,-6.800000,25.821269
lichess_db_broadcast_2022-11_1711,28,d8d7,686,,-686.000000,0.000000,-20.912771,6.800000,-6.800000,-27.712771
lichess_db_broadcast_2022-11_1711,28,d8e7,617,,-617.000000,0.000000,24.250361,6.800000,-6.800000,17.450361
lichess_db_broadcast_2022-11_1711,28,e6c8,171,,-171.000000,0.000000,8.385402,1.400000,-1.400000,6.985402
lichess_db_broadcast_2022-11_1711,28,e6d5,126,,-126.000000,-1.400000,50.469052,3.960000,-5.360000,45.109052
lichess_db_broadcast_2022-11_1711,28,e6d7,188,,-188.000000,0.000000,-9.780159,1.400000,-1.400000,-11.180159
lichess_db_broadcast_2022-11_1711,28,e6f5,535,,-535.000000,0.000000,-1.988349,2.560000,-2.560000,-4.548349
lichess_db_broadcast_2022-11_1711,28,e6g4,600,,-600.000000,0.000000,-9.515197,0.000000,0.000000,-9.515197
lichess_db_broadcast_2022-11_1711,28,e6h3,457,,-457.000000,0.000000,-5.886371,2.560000,-2.560000,-8.446371
lichess_db_broadcast_2022-11_1711,28,e8f8,109,,-109.000000,0.000000,-2.681513,0.000000,0.000000,-2.681513
lichess_db_broadcast_2022-11_1711,28,e8g8,78,,-78.000000,0.000000,15.990656,0.000000,0.000000,15.990656
lichess_db_broadcast_2022-11_1711,28,f6e7,112,,-112.000000,0.000000,9.718178,1.400000,-1.400000,8.318178
lichess_db_broadcast_2022-11_1711,28,f6g5,76,,-76.000000,0.000000,-9.588728,0.000000,0.000000,-9.588728
lichess_db_broadcast_2022-11_1711,28,f6h4,104,,-104.000000,0.000000,-9.672936,0.000000,0.000000,-9.672936
lichess_db_broadcast_2022-11_1711,28,g7g5,215,,-215.000000,0.000000,2.176144,0.000000,0.000000,2.176144
lichess_db_broadcast_2022-11_1711,28,g7g6,136,,-136.000000,0.000000,-2.342872,0.000000,0.000000,-2.342872
lichess_db_broadcast_2022-11_1711,28,h7h5,142,,-142.000000,0.000000,-2.846128,0.000000,0.000000,-2.846128
lichess_db_broadcast_2022-11_1711,28,h7h6,127,,-127.000000,0.000000,-2.790813,0.000000,0.000000,-2.790813
lichess_db_broadcast_2022-11_1711,28,h8f8,170,,-170.000000,0.000000,16.053430,0.000000,0.000000,16.053430
lichess_db_broadcast_2022-11_1711,28,h8g8,150,,-150.000000,0.000000,16.636502,0.000000,0.000000,16.636502
lichess_db_broadcast_2022-11_1711,30,a6a5,84,,-84.000000,0.000000,2.277692,0.000000,0.000000,2.277692
lichess_db_broadcast_2022-11_1711,30,b8a8,376,,-376.000000,0.000000,-14.691564,3.400000,-3.400000,-18.091564
lichess_db_broadcast_2022-11_1711,30,b8c8,278,,-278.000000,0.000000,-11.648389,3.400000,-3.400000,-15.048389
lichess_db_broadcast_2022-11_1711,30,c6a5,171,,-171.000000,0.000000,-10.606303,0.000000,0.000000,-10.606303
lichess_db_broadcast_2022-11_1711,30,c6a7,101,,-101.000000,0.000000,-10.220067,0.000000,0.000000,-10.220067
lichess_db_broadcast_2022-11_1711,30,c6b4,521,,-521.000000,0.000000,-9.815719,1.160000,-1.160000,-10.975719
lichess_db_broadcast_2022-11_1711,30,c6d4,495,,-495.000000,0.000000,-10.915765,1.160000,-1.160000,-12.075765
lichess_db_broadcast_2022-11_1711,30,c6e7,68,,-68.000000,0.000000,-10.498880,0.000000,0.000000,-10.498880
lichess_db_broadcast_2022-11_1711,30,d8b6,591,,-591.000000,-6.800000,54.974110,6.800000,-13.600000,41.374110
lichess_db_broadcast_2022-11_1711,30,d8c7,853,,-853.000000,0.000000,27.196850,6.800000,-6.800000,20.396850
lichess_db_broadcast_2022-11_1711,30,d8c8,642,,-642.000000,0.000000,32.495493,6.800000,-6.800000,25.695493
lichess_db_broadcast_2022-11_1711,30,d8d7,678,,-678.000000,0.000000,-20.295425,6.800000,-6.800000,-27.095425
lichess_db_broadcast_2022-11_1711,30,d8e7,637,,-637.000000,0.000000,26.014207,6.800000,-6.800000,19.214207
lichess_db_broadcast_2022-11_1711,30,d8f6,626,,-626.000000,0.000000,22.834226,6.800000,-6.800000,16.034226
lichess_db_broadcast_2022-11_1711,30,e6c8,144,,-144.000000,0.000000,8.385402,1.400000,-1.400000,6.985402
lichess_db_broadcast_2022-11_1711,30,e6d5,106,,-106.000000,-1.400000,50.594405,3.960000,-5.360000,45.234405
lichess_db_broadcast_2022-11_1711,30,e6d7,145,,-145.000000,0.000000,-9.780159,1.400000,-1.400000,-11.180159
lichess_db_broadcast_2022-11_1711,30,e6f5,524,,-524.000000,0.000000,-2.712772,2.560000,-2.560000,-5.272772
lichess_db_broadcast_2022-11_1711,30,e6g4,564,,-564.000000,0.000000,-9.515197,0.000000,0.000000,-9.515197
lichess_db_broadcast_2022-11_1711,30,e6h3,478,,-478.000000,0.000000,5.564412,2.560000,-2.560000,3.004412
lichess_db_broadcast_2022-11_1711,30,e8f8,113,,-113.000000,0.000000,-2.740779,0.000000,0.000000,-2.740779
lichess_db_broadcast_2022-11_1711,30,e8g8,63,,-63.000000,0.000000,-15.802174,0.000000,0.000000,-15.802174
lichess_db_broadcast_2022-11_1711,30,f7f5,147,,-147.000000,0.000000,-1.683004,0.000000,0.000000,-1.683004
lichess_db_broadcast_2022-11_1711,30,f7f6,172,,-172.000000,0.000000,2.670840,0.000000,0.000000,2.670840
lichess_db_broadcast_2022-11_1711,30,g5c1,484,,-484.000000,0.000000,-10.921914,0.000000,0.000000,-10.921914
lichess_db_broadcast_2022-11_1711,30,g5d2,507,,-507.000000,0.000000,-8.202927,0.000000,0.000000,-8.202927
lichess_db_broadcast_2022-11_1711,30,g5e3,522,,-522.000000,0.000000,-12.647101,3.960000,-3.960000,-16.607101
lichess_db_broadcast_2022-11_1711,30,g5e7,93,,-93.000000,0.000000,9.623011,1.400000,-1.400000,8.223011
lichess_db_broadcast_2022-11_1711,30,g5f4,109,,-109.000000,0.000000,-9.705840,1.400000,-1.400000,-11.105840
lichess_db_broadcast_2022-11_1711,30,g5f6,149,,-149.000000,0.000000,-9.893220,1.400000,-1.400000,-11.293220
lichess_db_broadcast_2022-11_1711,30,g5h4,109,,-109.000000,0.000000,7.893427,0.000000,0.000000,7.893427
lichess_db_broadcast_2022-11_1711,30,g5h6,80,,-80.000000,0.000000,8.762628,0.000000,0.000000,8.762628
lichess_db_broadcast_2022-11_1711,30,g7g6,69,,-69.000000,0.000000,-2.161591,0.000000,0.000000,-2.161591
lichess_db_broadcast_2022-11_1711,30,h7h5,145,,-145.000000,0.000000,-2.846128,0.000000,0.000000,-2.846128
lichess_db_broadcast_2022-11_1711,30,h7h6,98,,-98.000000,0.000000,2.905920,0.000000,0.000000,2.905920
lichess_db_broadcast_2022-11_1711,30,h8f8,243,,-243.000000,0.000000,-15.590014,0.000000,0.000000,-15.590014
lichess_db_broadcast_2022-11_1711,30,h8g8,125,,-125.000000,0.000000,-16.932349,0.000000,0.000000,-16.932349
lichess_db_broadcast_2022-11_1711,58,b3a2,213,,-213.000000,0.000000,-6.294317,0.000000,0.000000,-6.294317
lichess_db_broadcast_2022-11_1711,58,b3a4,113,,-113.000000,0.000000,5.131272,1.400000,-1.400000,3.731272
lichess_db_broadcast_2022-11_1711,58,b3c2,176,,-176.000000,0.000000,-7.179907,0.000000,0.000000,-7.179907
lichess_db_broadcast_2022-11_1711,58,b3c4,258,,-258.000000,0.000000,10.693239,1.400000,-1.400000,9.293239
lichess_db_broadcast_2022-11_1711,58,b3d1,267,,-267.000000,0.000000,8.522374,0.000000,0.000000,8.522374
lichess_db_broadcast_2022-11_1711,58,b3d5,378,,-378.000000,0.000000,8.745681,2.800000,-2.800000,5.945681
lichess_db_broadcast_2022-11_1711,58,b3e6,76,,-76.000000,0.000000,9.928434,1.400000,-1.400000,8.528434
lichess_db_broadcast_2022-11_1711,58,c6a5,265,,-265.000000,-1.160000,-16.689622,1.160000,-2.320000,-19.009622
lichess_db_broadcast_2022-11_1711,58,c6a7,288,,-288.000000,0.000000,-4.810352,0.000000,0.000000,-4.810352
lichess_db_broadcast_2022-11_1711,58,c6b4,309,,-309.000000,-1.160000,-16.670304,1.160000,-2.320000,-18.990304
lichess_db_broadcast_2022-11_1711,58,c6b8,313,,-313.000000,0.000000,-4.757213,0.000000,0.000000,-4.757213
lichess_db_broadcast_2022-11_1711,58,c6d4,358,,-358.000000,0.000000,-5.302273,1.160000,-1.160000,-6.462273
lichess_db_broadcast_2022-11_1711,58,c6e5,171,,-171.000000,0.000000,-6.091105,0.000000,0.000000,-6.091105
lichess_db_broadcast_2022-11_1711,58,c6e7,307,,-307.000000,0.000000,-5.588290,0.000000,0.000000,-5.588290
lichess_db_broadcast_2022-11_1711,58,d6d5,222,,-222.000000,0.000000,-2.484512,0.000000,0.000000,-2.484512
lichess_db_broadcast_2022-11_1711,58,d8a8,243,,-243.000000,0.000000,-8.340785,3.400000,-3.400000,-11.740785
lichess_db_broadcast_2022-11_1711,58,d8b8,260,,-260.000000,0.000000,-5.635087,0.000000,0.000000,-5.635087
lichess_db_broadcast_2022-11_1711,58,d8c8,315,,-315.000000,0.000000,-6.325469,3.400000,-3.400000,-9.725469
lichess_db_broadcast_2022-11_1711,58,d8d7,332,,-332.000000,0.000000,-9.153702,3.400000,-3.400000,-12.553702
lichess_db_broadcast_2022-11_1711,58,d8e8,435,,-435.000000,0.000000,-11.271870,0.000000,0.000000,-11.271870
lichess_db_broadcast_2022-11_1711,58,d8f8,265,,-265.000000,0.000000,9.110330,0.000000,0.000000,9.110330
lichess_db_broadcast_2022-11_1711,58,d8g8,0,,-0.000000,0.000000,-7.634881,0.000000,0.000000,-7.634881
lichess_db_broadcast_2022-11_1711,58,f7c7,268,,-268.000000,0.000000,6.598287,0.000000,0.000000,6.598287
lichess_db_broadcast_2022-11_1711,58,f7d7,293,,-293.000000,0.000000,8.659533,3.400000,-3.400000,5.259533
lichess_db_broadcast_2022-11_1711,58,f7e7,62,,-62.000000,0.000000,11.351628,0.000000,0.000000,11.351628
lichess_db_broadcast_2022-11_1711,58,f7f6,329,,-329.000000,0.000000,10.965485,0.000000,0.000000,10.965485
lichess_db_broadcast_2022-11_1711,58,f7f8,277,,-277.000000,0.000000,9.518975,0.000000,0.000000,9.518975
lichess_db_broadcast_2022-11_1711,58,f7g7,89,,-89.000000,0.000000,9.380524,0.000000,0.000000,9.380524
lichess_db_broadcast_2022-11_1711,58,f7h7,-142,,142.000000,0.000000,11.729764,0.000000,0.000000,11.729764
lichess_db_broadcast_2022-11_1711,58,g5e7,326,,-326.000000,0.000000,-12.153968,0.000000,0.000000,-12.153968
lichess_db_broadcast_2022-11_1711,58,g5f4,202,,-202.000000,-1.400000,50.853729,2.560000,-3.960000,46.893729
lichess_db_broadcast_2022-11_1711,58,g5f6,325,,-325.000000,0.000000,-10.454969,0.000000,0.000000,-10.454969
lichess_db_broadcast_2022-11_1711,58,g5h4,331,,-331.000000,0.000000,-9.223486,2.560000,-2.560000,-11.783486
lichess_db_broadcast_2022-11_1711,58,h6e6,614,,-614.000000,0.000000,-21.052816,6.800000,-6.800000,-27.852816
lichess_db_broadcast_2022-11_1711,58,h6f6,354,,-354.000000,0.000000,17.839519,0.000000,0.000000,17.839519
lichess_db_broadcast_2022-11_1711,58,h6f8,437,,-437.000000,0.000000,15.965268,0.000000,0.000000,15.965268
lichess_db_broadcast_2022-11_1711,58,h6g6,648,,-648.000000,0.000000,-14.192640,6.800000,-6.800000,-20.992640
lichess_db_broadcast_2022-11_1711,58,h6g7,392,,-392.000000,0.000000,-15.113212,0.000000,0.000000,-15.113212
lichess_db_broadcast_2022-11_1711,58,h6h1,571,,-571.000000,0.000000,32.022081,11.700000,-11.700000,20.322081
lichess_db_broadcast_2022-11_1711,58,h6h2,508,,-508.000000,0.000000,30.096522,6.300000,-6.300000,23.796522
lichess_db_broadcast_2022-11_1711,58,h6h3,722,,-722.000000,0.000000,-17.766246,12.200000,-12.200000,-29.966246
lichess_db_broadcast_2022-11_1711,58,h6h4,660,,-660.000000,0.000000,10.520442,7.960000,-7.960000,2.560442
lichess_db_broadcast_2022-11_1711,58,h6h5,844,,-844.000000,0.000000,-16.992856,6.800000,-6.800000,-23.792856
lichess_db_broadcast_2022-11_1711,58,h6h7,328,,-328.000000,0.000000,-13.255746,0.000000,0.000000,-13.255746
lichess_db_broadcast_2022-11_1711,58,h8g7,263,,-263.000000,0.000000,13.936455,0.000000,0.000000,13.936455
lichess_db_broadcast_2022-11_1711,58,h8g8,288,,-288.000000,0.000000,-4.319928,0.000000,0.000000,-4.319928
lichess_db_broadcast_2022-11_1711,58,h8h7,334,,-334.000000,0.000000,3.724805,0.000000,0.000000,3.724805
lichess_db_broadcast_2022-11_1711,79,b4b5,150,,-150.000000,0.000000,1.625875,0.000000,0.000000,1.625875
lichess_db_broadcast_2022-11_1711,79,b7a6,148,,-148.000000,-2.560000,20.529953,0.000000,-2.560000,17.969953
lichess_db_broadcast_2022-11_1711,79,b7a8,136,,-136.000000,0.000000,7.050087,0.000000,0.000000,7.050087
lichess_db_broadcast_2022-11_1711,79,b7c6,120,,-120.000000,0.000000,-9.770916,0.000000,0.000000,-9.770916
lichess_db_broadcast_2022-11_1711,79,b7c8,352,,-352.000000,0.000000,-12.700779,0.000000,0.000000,-12.700779
lichess_db_broadcast_2022-11_1711,79,b7d5,168,,-168.000000,0.000000,11.461444,0.000000,0.000000,11.461444
lichess_db_broadcast_2022-11_1711,79,b7e4,155,,-155.000000,0.000000,-8.495722,2.560000,-2.560000,-11.055722
lichess_db_broadcast_2022-11_1711,79,b7f3,179,,-179.000000,0.000000,12.888758,0.000000,0.000000,12.888758
lichess_db_broadcast_2022-11_1711,79,c4c5,36,,-36.000000,0.000000,-1.706287,0.000000,0.000000,-1.706287
lichess_db_broadcast_2022-11_1711,79,d1a1,269,,-269.000000,0.000000,-10.186474,0.000000,0.000000,-10.186474
lichess_db_broadcast_2022-11_1711,79,d1b1,165,,-165.000000,0.000000,5.240479,0.000000,0.000000,5.240479
lichess_db_broadcast_2022-11_1711,79,d1c1,362,,-362.000000,0.000000,-6.223368,2.000000,-2.000000,-8.223368
lichess_db_broadcast_2022-11_1711,79,d1d2,344,,-344.000000,0.000000,15.347243,2.000000,-2.000000,13.347243
lichess_db_broadcast_2022-11_1711,79,d1d3,145,,-145.000000,0.000000,-4.302668,0.000000,0.000000,-4.302668
lichess_db_broadcast_2022-11_1711,79,d1d4,479,,-479.000000,0.000000,-12.827837,2.000000,-2.000000,-14.827837
lichess_db_broadcast_2022-11_1711,79,d1d5,110,,-110.000000,0.000000,15.459256,0.000000,0.000000,15.459256
lichess_db_broadcast_2022-11_1711,79,d1d6,449,,-449.000000,-4.560000,19.703953,0.000000,-4.560000,15.143953
lichess_db_broadcast_2022-11_1711,79,d1e1,121,,-121.000000,0.000000,4.978556,0.000000,0.000000,4.978556
lichess_db_broadcast_2022-11_1711,79,f1e1,242,,-242.000000,0.000000,15.365037,0.000000,0.000000,15.365037
lichess_db_broadcast_2022-11_1711,79,f1f2,332,,-332.000000,0.000000,-5.840338,2.000000,-2.000000,-7.840338
lichess_db_broadcast_2022-11_1711,79,f1f3,128,,-128.000000,0.000000,8.379382,0.000000,0.000000,8.379382
lichess_db_broadcast_2022-11_1711,79,f1f4,362,,-362.000000,0.000000,-12.962463,5.400000,-5.400000,-18.362463
lichess_db_broadcast_2022-11_1711,79,f1f5,498,,-498.000000,-4.560000,20.032479,0.000000,-4.560000,15.472479
lichess_db_broadcast_2022-11_1711,79,f1g1,392,,-392.000000,0.000000,12.492087,2.000000,-2.000000,10.492087
lichess_db_broadcast_2022-11_1711,79,f1h1,336,,-336.000000,0.000000,13.867208,0.000000,0.000000,13.867208
lichess_db_broadcast_2022-11_1711,79,g2a2,358,,-358.000000,0.000000,-23.764172,0.000000,0.000000,-23.764172
lichess_db_broadcast_2022-11_1711,79,g2b2,363,,-363.000000,0.000000,40.296319,0.000000,0.000000,40.296319
lichess_db_broadcast_2022-11_1711,79,g2c2,309,,-309.000000,0.000000,-22.885772,0.000000,0.000000,-22.885772
lichess_db_broadcast_2022-11_1711,79,g2c6,212,,-212.000000,0.000000,-24.581001,0.000000,0.000000,-24.581001
lichess_db_broadcast_2022-11_1711,79,g2d2,572,,-572.000000,0.000000,-25.337901,5.400000,-5.400000,-30.737901
lichess_db_broadcast_2022-11_1711,79,g2d5,645,,-645.000000,0.000000,-19.073415,3.400000,-3.400000,-22.473415
lichess_db_broadcast_2022-11_1711,79,g2e2,505,,-505.000000,0.000000,-22.776200,0.000000,0.000000,-22.776200
lichess_db_broadcast_2022-11_1711,79,g2e4,604,,-604.000000,0.000000,24.994810,11.360000,-11.360000,13.634810
lichess_db_broadcast_2022-11_1711,79,g2f2,586,,-586.000000,0.000000,-28.227173,5.400000,-5.400000,-33.627173
lichess_db_broadcast_2022-11_1711,79,g2f3,172,,-172.000000,0.000000,-20.462136,0.000000,0.000000,-20.462136
lichess_db_broadcast_2022-11_1711,79,g2g1,586,,-586.000000,0.000000,28.748331,5.400000,-5.400000,23.348331
lichess_db_broadcast_2022-11_1711,79,g2h1,349,,-349.000000,0.000000,40.756540,0.000000,0.000000,40.756540
lichess_db_broadcast_2022-11_1711,79,g3g4,308,,-308.000000,0.000000,-1.023101,0.000000,0.000000,-1.023101
lichess_db_broadcast_2022-11_1711,79,h2h1,166,,-166.000000,0.000000,5.013271,0.000000,0.000000,5.013271
lichess_db_broadcast_2022-11_1811,50,b5a4,260,,-260.000000,0.000000,16.454737,0.000000,0.000000,16.454737
lichess_db_broadcast_2022-11_1811,50,b5b4,281,,-281.000000,0.000000,-2.108050,0.000000,0.000000,-2.108050
lichess_db_broadcast_2022-11_1811,50,c6c5,384,,-384.000000,0.000000,2.071231,0.000000,0.000000,2.071231
lichess_db_broadcast_2022-11_1811,50,c8a8,318,,-318.000000,0.000000,19.460223,0.000000,0.000000,19.460223
lichess_db_broadcast_2022-11_1811,50,c8b8,255,,-255.000000,0.000000,14.977884,0.000000,0.000000,14.977884
lichess_db_broadcast_2022-11_1811,50,c8c7,286,,-286.000000,0.000000,-14.747282,0.000000,0.000000,-14.747282
lichess_db_broadcast_2022-11_1811,50,d8b6,255,,-255.000000,0.000000,-22.513524,0.000000,0.000000,-22.513524
lichess_db_broadcast_2022-11_1811,50,d8c7,243,,-243.000000,0.000000,-21.877305,0.000000,0.000000,-21.877305
lichess_db_broadcast_2022-11_1811,50,d8d4,713,,-713.000000,-7.960000,53.151202,11.360000,-19.320000,33.831202
lichess_db_broadcast_2022-11_1811,50,d8d5,532,,-532.000000,0.000000,-22.491766,5.400000,-5.400000,-27.891766
lichess_db_broadcast_2022-11_1811,50,d8d6,777,,-777.000000,0.000000,-26.937139,7.960000,-7.960000,-34.897139
lichess_db_broadcast_2022-11_1811,50,d8d7,251,,-251.000000,0.000000,-25.152566,0.000000,0.000000,-25.152566
lichess_db_broadcast_2022-11_1811,50,d8e7,250,,-250.000000,0.000000,-24.975242,0.000000,0.000000,-24.975242
lichess_db_broadcast_2022-11_1811,50,d8f6,822,,-822.000000,0.000000,-24.080277,7.960000,-7.960000,-32.040277
lichess_db_broadcast_2022-11_1811,50,e8d7,234,,-234.000000,0.000000,-6.104413,0.000000,0.000000,-6.104413
lichess_db_broadcast_2022-11_1811,50,f7f5,289,,-289.000000,0.000000,-2.179318,0.000000,0.000000,-2.179318
lichess_db_broadcast_2022-11_1811,50,f7f6,368,,-368.000000,0.000000,2.315024,0.000000,0.000000,2.315024
lichess_db_broadcast_2022-11_1811,50,g8f8,282,,-282.000000,0.000000,13.286264,0.000000,0.000000,13.286264
lichess_db_broadcast_2022-11_1811,50,g8g6,213,,-213.000000,0.000000,-10.759456,0.000000,0.000000,-10.759456
lichess_db_broadcast_2022-11_1811,50,g8g7,520,,-520.000000,0.000000,-9.865950,4.560000,-4.560000,-14.425950
lichess_db_broadcast_2022-11_1811,50,h7f6,562,,-562.000000,0.000000,2.972190,1.160000,-1.160000,1.812190
lichess_db_broadcast_2022-11_1811,50,h7f8,243,,-243.000000,0.000000,3.794877,0.000000,0.000000,3.794877
lichess_db_broadcast_2022-11_1877,62,a5a4,116,,-116.000000,0.000000,-1.539712,0.000000,0.000000,-1.539712
lichess_db_broadcast_2022-11_1877,62,b5b4,-249,,249.000000,0.000000,-1.625875,0.000000,0.000000,-1.625875
lichess_db_broadcast_2022-11_1877,62,d3d2,212,,-212.000000,0.000000,0.707539,0.000000,0.000000,0.707539
lichess_db_broadcast_2022-11_1877,62,d4a1,209,,-209.000000,0.000000,-9.411983,0.000000,0.000000,-9.411983
lichess_db_broadcast_2022-11_1877,62,d4a7,239,,-239.000000,0.000000,-10.795100,0.000000,0.000000,-10.795100
lichess_db_broadcast_2022-11_1877,62,d4b2,47,,-47.000000,0.000000,-10.828656,0.000000,0.000000,-10.828656
lichess_db_broadcast_2022-11_1877,62,d4b6,227,,-227.000000,0.000000,-10.482795,0.000000,0.000000,-10.482795
lichess_db_broadcast_2022-11_1877,62,d4c3,-86,,86.000000,0.000000,-10.125935,0.000000,0.000000,-10.125935
lichess_db_broadcast_2022-11_1877,62,d4c5,29,,-29.000000,0.000000,-11.360385,0.000000,0.000000,-11.360385
lichess_db_broadcast_2022-11_1877,62,d4e3,20,,-20.000000,0.000000,-10.547179,0.000000,0.000000,-10.547179
lichess_db_broadcast_2022-11_1877,62,d4f2,235,,-235.000000,0.000000,-10.773232,0.000000,0.000000,-10.773232
lichess_db_broadcast_2022-11_1877,62,d4g1,469,,-469.000000,0.000000,-11.249072,0.900000,-0.900000,-12.149072
lichess_db_broadcast_2022-11_1877,62,e4e3,-428,,428.000000,0.000000,1.447761,0.000000,0.000000,1.447761
lichess_db_broadcast_2022-11_1877,62,e4f3,56,,-56.000000,0.000000,16.027199,0.000000,0.000000,16.027199
lichess_db_broadcast_2022-11_1877,62,e5c5,248,,-248.000000,0.000000,-1.279219,0.000000,0.000000,-1.279219
lichess_db_broadcast_2022-11_1877,62,e5d5,288,,-288.000000,0.000000,-7.150212,0.000000,0.000000,-7.150212
lichess_db_broadcast_2022-11_1877,62,e5e6,237,,-237.000000,0.000000,-6.624580,0.000000,0.000000,-6.624580
lichess_db_broadcast_2022-11_1877,62,e5e7,235,,-235.000000,0.000000,-6.697983,0.000000,0.000000,-6.697983
lichess_db_broadcast_2022-11_1877,62,e5e8,227,,-227.000000,0.000000,-6.980778,0.000000,0.000000,-6.980778
lichess_db_broadcast_2022-11_1877,62,e5f5,282,,-282.000000,0.000000,-7.887766,0.000000,0.000000,-7.887766
lichess_db_broadcast_2022-11_1877,62,e5g5,295,,-295.000000,0.000000,-6.699626,0.000000,0.000000,-6.699626
lichess_db_broadcast_2022-11_1877,62,e5h5,296,,-296.000000,0.000000,-6.797945,0.000000,0.000000,-6.797945
lichess_db_broadcast_2022-11_1877,62,g7g5,297,,-297.000000,0.000000,-2.092125,0.000000,0.000000,-2.092125
lichess_db_broadcast_2022-11_1877,62,g7g6,332,,-332.000000,0.000000,-2.485294,0.000000,0.000000,-2.485294
lichess_db_broadcast_2022-11_1877,62,h6h5,292,,-292.000000,0.000000,1.821248,0.000000,0.000000,1.821248
lichess_db_broadcast_2022-11_1877,62,h8g8,241,,-241.000000,0.000000,-3.008539,0.000000,0.000000,-3.008539
lichess_db_broadcast_2022-11_1877,62,h8h7,203,,-203.000000,0.000000,-3.076177,0.000000,0.000000,-3.076177
lichess_db_broadcast_2022-11_1892,7,a2a3,57,,-57.000000,0.000000,-2.215408,0.000000,0.000000,-2.215408
lichess_db_broadcast_2022-11_1892,7,a2a4,23,,-23.000000,0.000000,2.228359,0.000000,0.000000,2.228359
lichess_db_broadcast_2022-11_1892,7,b1a3,-29,,29.000000,0.000000,-4.707730,0.000000,0.000000,-4.707730
lichess_db_broadcast_2022-11_1892,7,b2b3,55,,-55.000000,0.000000,2.749455,0.000000,0.000000,2.749455
lichess_db_broadcast_2022-11_1892,7,b2b4,76,,-76.000000,0.000000,-1.449501,0.000000,0.000000,-1.449501
lichess_db_broadcast_2022-11_1892,7,c3c4,50,,-50.000000,0.000000,2.466229,0.000000,0.000000,2.466229
lichess_db_broadcast_2022-11_1892,7,d1a4,64,,-64.000000,0.000000,-35.823622,0.000000,0.000000,-35.823622
lichess_db_broadcast_2022-11_1892,7,d1b3,37,,-37.000000,0.000000,-35.321549,0.000000,0.000000,-35.321549
lichess_db_broadcast_2022-11_1892,7,d1c2,58,,-58.000000,0.000000,-37.977268,0.000000,0.000000,-37.977268
lichess_db_broadcast_2022-11_1892,7,d1e2,56,,-56.000000,0.000000,-37.459213,0.000000,0.000000,-37.459213
lichess_db_broadcast_2022-11_1892,7,d1f3,45,,-45.000000,0.000000,-36.180552,0.000000,0.000000,-36.180552
lichess_db_broadcast_2022-11_1892,7,d1g4,667,,-667.000000,0.000000,-39.287101,5.400000,-5.400000,-44.687101
lichess_db_broadcast_2022-11_1892,7,d1h5,602,,-602.000000,0.000000,-35.990775,0.000000,0.000000,-35.990775
lichess_db_broadcast_2022-11_1892,7,d2d3,21,,-21.000000,0.000000,-1.334212,0.000000,0.000000,-1.334212
lichess_db_broadcast_2022-11_1892,7,d2d4,-31,,31.000000,0.000000,-1.132688,0.000000,0.000000,-1.132688
lichess_db_broadcast_2022-11_1892,7,e1e2,,1,-9990.000000,0.000000,-13.759947,0.000000,0.000000,-13.759947
lichess_db_broadcast_2022-11_1892,7,f1a6,460,,-460.000000,0.000000,-8.514866,3.960000,-3.960000,-12.474866
lichess_db_broadcast_2022-11_1892,7,f1b5,48,,-48.000000,0.000000,-10.249931,0.000000,0.000000,-10.249931
lichess_db_broadcast_2022-11_1892,7,f1c4,479,,-479.000000,0.000000,-14.188247,0.000000,0.000000,-14.188247
lichess_db_broadcast_2022-11_1892,7,f1d3,565,,-565.000000,0.000000,-8.421698,0.000000,0.000000,-8.421698
lichess_db_broadcast_2022-11_1892,7,f1e2,110,,-110.000000,0.000000,-8.250856,0.000000,0.000000,-8.250856
lichess_db_broadcast_2022-11_1892,7,f2f3,92,,-92.000000,0.000000,2.729908,0.000000,0.000000,2.729908
lichess_db_broadcast_2022-11_1892,7,f2f4,40,,-40.000000,0.000000,1.336827,0.000000,0.000000,1.336827
lichess_db_broadcast_2022-11_1892,7,g1e2,54,,-54.000000,0.000000,-4.071239,0.000000,0.000000,-4.071239
lichess_db_broadcast_2022-11_1892,7,g1f3,-26,,26.000000,0.000000,-5.601680,0.000000,0.000000,-5.601680
lichess_db_broadcast_2022-11_1892,7,g1h3,372,,-372.000000,0.000000,-4.514259,0.000000,0.000000,-4.514259
lichess_db_broadcast_2022-11_1892,7,g2g3,469,,-469.000000,0.000000,-2.336080,0.000000,0.000000,-2.336080
lichess_db_broadcast_2022-11_1892,7,g2g4,462,,-462.000000,0.000000,2.429739,0.000000,0.000000,2.429739
lichess_db_broadcast_2022-11_1892,7,h2h3,50,,-50.000000,0.000000,1.419941,0.000000,0.000000,1.419941
lichess_db_broadcast_2022-11_1892,7,h2h4,51,,-51.000000,0.000000,0.932119,0.000000,0.000000,0.932119
lichess_db_broadcast_2022-11_1892,25,a1b1,25,,-25.000000,0.000000,-12.034624,0.000000,0.000000,-12.034624
lichess_db_broadcast_2022-11_1892,25,a2a3,-37,,37.000000,0.000000,1.528253,0.000000,0.000000,1.528253
lichess_db_broadcast_2022-11_1892,25,a2a4,-58,,58.000000,0.000000,-1.309007,0.000000,0.000000,-1.309007
lichess_db_broadcast_2022-11_1892,25,b3a3,134,,-134.000000,0.000000,4.656653,0.000000,0.000000,4.656653
lichess_db_broadcast_2022-11_1892,25,b3a4,519,,-519.000000,0.000000,4.496014,0.000000,0.000000,4.496014
lichess_db_broadcast_2022-11_1892,25,b3b2,147,,-147.000000,0.000000,10.037154,0.000000,0.000000,10.037154
lichess_db_broadcast_2022-11_1892,25,b3c2,452,,-452.000000,0.000000,-5.092582,0.000000,0.000000,-5.092582
lichess_db_broadcast_2022-11_1892,25,b3c4,364,,-364.000000,0.000000,3.487795,0.000000,0.000000,3.487795
lichess_db_broadcast_2022-11_1892,25,b5a4,101,,-101.000000,0.000000,4.419372,0.000000,0.000000,4.419372
lichess_db_broadcast_2022-11_1892,25,b5a6,426,,-426.000000,0.000000,4.045258,2.560000,-2.560000,1.485258
lichess_db_broadcast_2022-11_1892,25,b5c4,12,,-12.000000,0.000000,3.478308,0.000000,0.000000,3.478308
lichess_db_broadcast_2022-11_1892,25,b5c6,-152,,152.000000,-1.400000,49.513888,2.560000,-3.960000,45.553888
lichess_db_broadcast_2022-11_1892,25,b5d3,458,,-458.000000,0.000000,5.756267,0.000000,0.000000,5.756267
lichess_db_broadcast_2022-11_1892,25,b5e2,182,,-182.000000,0.000000,2.765145,0.000000,0.000000,2.765145
lichess_db_broadcast_2022-11_1892,25,b5f1,69,,-69.000000,0.000000,6.053762,0.000000,0.000000,6.053762
lichess_db_broadcast_2022-11_1892,25,c1a3,436,,-436.000000,0.000000,-4.730598,0.000000,0.000000,-4.730598
lichess_db_broadcast_2022-11_1892,25,c1b2,423,,-423.000000,0.000000,-6.192028,0.000000,0.000000,-6.192028
lichess_db_broadcast_2022-11_1892,25,c3c4,573,,-573.000000,0.000000,-1.522977,0.000000,0.000000,-1.522977
lichess_db_broadcast_2022-11_1892,25,d2b1,-16,,16.000000,0.000000,4.907476,0.000000,0.000000,4.907476
lichess_db_broadcast_2022-11_1892,25,d2c4,-172,,172.000000,0.000000,3.925687,0.000000,0.000000,3.925687
lichess_db_broadcast_2022-11_1892,25,d2e4,-165,,165.000000,0.000000,49.117603,0.000000,0.000000,49.117603
lichess_db_broadcast_2022-11_1892,25,d2f1,39,,-39.000000,0.000000,4.803468,0.000000,0.000000,4.803468
lichess_db_broadcast_2022-11_1892,25,f3d4,244,,-244.000000,0.000000,-2.568513,0.000000,0.000000,-2.568513
lichess_db_broadcast_2022-11_1892,25,f3e1,377,,-377.000000,0.000000,3.911904,0.000000,0.000000,3.911904
lichess_db_broadcast_2022-11_1892,25,f3e5,341,,-341.000000,0.000000,-3.124647,0.000000,0.000000,-3.124647
lichess_db_broadcast_2022-11_1892,25,f3g1,389,,-389.000000,0.000000,3.914337,0.000000,0.000000,3.914337
lichess_db_broadcast_2022-11_1892,25,f3g5,414,,-414.000000,0.000000,4.266819,0.000000,0.000000,4.266819
lichess_db_broadcast_2022-11_1892,25,f3h4,377,,-377.000000,0.000000,4.434030,0.000000,0.000000,4.434030
lichess_db_broadcast_2022-11_1892,25,g2g3,53,,-53.000000,0.000000,1.034159,0.000000,0.000000,1.034159
lichess_db_broadcast_2022-11_1892,25,g2g4,-18,,18.000000,0.000000,-1.442204,0.000000,0.000000,-1.442204
lichess_db_broadcast_2022-11_1892,25,h1d1,199,,-199.000000,0.000000,7.528394,0.000000,0.000000,7.528394
lichess_db_broadcast_2022-11_1892,25,h1e1,-169,,169.000000,0.000000,7.884509,0.000000,0.000000,7.884509
lichess_db_broadcast_2022-11_1892,25,h1f1,16,,-16.000000,0.000000,8.754972,0.000000,0.000000,8.754972
lichess_db_broadcast_2022-11_1892,25,h1g1,40,,-40.000000,0.000000,8.822343,0.000000,0.000000,8.822343
lichess_db_broadcast_2022-11_1892,25,h2h3,16,,-16.000000,0.000000,-1.400212,0.000000,0.000000,-1.400212
lichess_db_broadcast_2022-11_1892,25,h2h4,-3,,3.000000,0.000000,-1.245589,0.000000,0.000000,-1.245589
lichess_db_broadcast_2022-11_1892,31,a1b1,326,,-326.000000,0.000000,-11.927100,0.000000,0.000000,-11.927100
lichess_db_broadcast_2022-11_1892,31,a2a3,307,,-307.000000,0.000000,1.297208,0.000000,0.000000,1.297208
lichess_db_broadcast_2022-11_1892,31,a2a4,274,,-274.000000,0.000000,1.033200,0.000000,0.000000,1.033200
lichess_db_broadcast_2022-11_1892,31,b3a3,376,,-376.000000,0.000000,5.117880,0.000000,0.000000,5.117880
lichess_db_broadcast_2022-11_1892,31,b3a4,341,,-341.000000,0.000000,4.102123,0.000000,0.000000,4.102123
lichess_db_broadcast_2022-11_1892,31,b3b2,415,,-415.000000,0.000000,9.764702,0.000000,0.000000,9.764702
lichess_db_broadcast_2022-11_1892,31,b3c2,466,,-466.000000,0.000000,-4.375044,0.000000,0.000000,-4.375044
lichess_db_broadcast_2022-11_1892,31,b4b5,474,,-474.000000,0.000000,-1.728217,0.000000,0.000000,-1.728217
lichess_db_broadcast_2022-11_1892,31,c1a3,402,,-402.000000,0.000000,-4.484207,0.000000,0.000000,-4.484207
lichess_db_broadcast_2022-11_1892,31,c1b2,312,,-312.000000,0.000000,-6.817037,0.000000,0.000000,-6.817037
lichess_db_broadcast_2022-11_1892,31,c1d2,363,,-363.000000,0.000000,-6.537748,1.400000,-1.400000,-7.937748
lichess_db_broadcast_2022-11_1892,31,c1e3,253,,-253.000000,0.000000,-5.885388,0.000000,0.000000,-5.885388
lichess_db_broadcast_2022-11_1892,31,c1f4,15,,-15.000000,0.000000,-6.051727,0.000000,0.000000,-6.051727
lichess_db_broadcast_2022-11_1892,31,c1g5,377,,-377.000000,0.000000,-7.156814,1.400000,-1.400000,-8.556814
lichess_db_broadcast_2022-11_1892,31,c1h6,306,,-306.000000,0.000000,-4.340020,2.560000,-2.560000,-6.900020
lichess_db_broadcast_2022-11_1892,31,c4a3,444,,-444.000000,0.000000,3.190148,0.000000,0.000000,3.190148
lichess_db_broadcast_2022-11_1892,31,c4a5,281,,-281.000000,0.000000,2.987693,0.000000,0.000000,2.987693
lichess_db_broadcast_2022-11_1892,31,c4b2,437,,-437.000000,0.000000,3.219895,0.000000,0.000000,3.219895
lichess_db_broadcast_2022-11_1892,31,c4b6,448,,-448.000000,0.000000,4.001434,1.160000,-1.160000,2.841434
lichess_db_broadcast_2022-11_1892,31,c4d2,479,,-479.000000,0.000000,2.887722,0.000000,0.000000,2.887722
lichess_db_broadcast_2022-11_1892,31,c4d6,282,,-282.000000,0.000000,6.591186,0.000000,0.000000,6.591186
lichess_db_broadcast_2022-11_1892,31,c4e3,287,,-287.000000,0.000000,5.748020,0.000000,0.000000,5.748020
lichess_db_broadcast_2022-11_1892,31,e5c6,-74,,74.000000,-1.160000,16.151120,0.000000,-1.160000,14.991120
lichess_db_broadcast_2022-11_1892,31,e5d3,500,,-500.000000,0.000000,-4.816554,0.000000,0.000000,-4.816554
lichess_db_broadcast_2022-11_1892,31,e5d7,392,,-392.000000,0.000000,-3.355369,0.000000,0.000000,-3.355369
lichess_db_broadcast_2022-11_1892,31,e5f3,87,,-87.000000,0.000000,-2.385694,0.000000,0.000000,-2.385694
lichess_db_broadcast_2022-11_1892,31,e5f7,-149,,149.000000,-1.160000,16.293953,0.000000,-1.160000,15.133953
lichess_db_broadcast_2022-11_1892,31,e5g4,191,,-191.000000,0.000000,-3.175583,0.000000,0.000000,-3.175583
lichess_db_broadcast_2022-11_1892,31,e5g6,435,,-435.000000,0.000000,-3.753748,2.320000,-2.320000,-6.073748
lichess_db_broadcast_2022-11_1892,31,f2f3,54,,-54.000000,0.000000,-1.242578,0.000000,0.000000,-1.242578
lichess_db_broadcast_2022-11_1892,31,f2f4,-176,,176.000000,0.000000,1.460313,0.000000,0.000000,1.460313
lichess_db_broadcast_2022-11_1892,31,g2g3,316,,-316.000000,0.000000,-1.034159,0.000000,0.000000,-1.034159
lichess_db_broadcast_2022-11_1892,31,g2g4,36,,-36.000000,0.000000,-1.636853,0.000000,0.000000,-1.636853
lichess_db_broadcast_2022-11_1892,31,h1d1,327,,-327.000000,0.000000,-7.347513,0.000000,0.000000,-7.347513
lichess_db_broadcast_2022-11_1892,31,h1e1,196,,-196.000000,0.000000,-7.646133,0.000000,0.000000,-7.646133
lichess_db_broadcast_2022-11_1892,31,h1f1,314,,-314.000000,0.000000,-7.038447,0.000000,0.000000,-7.038447
lichess_db_broadcast_2022-11_1892,31,h1g1,329,,-329.000000,0.000000,-7.877987,0.000000,0.000000,-7.877987
lichess_db_broadcast_2022-11_1892,31,h2h3,340,,-340.000000,0.000000,-1.233448,0.000000,0.000000,-1.233448
lichess_db_broadcast_2022-11_1892,31,h2h4,327,,-327.000000,0.000000,1.298235,0.000000,0.000000,1.298235
lichess_db_broadcast_2022-11_1892,34,c8b8,285,,-285.000000,0.000000,-3.113806,0.000000,0.000000,-3.113806
lichess_db_broadcast_2022-11_1892,34,c8c7,283,,-283.000000,0.000000,-3.432873,0.000000,0.000000,-3.432873
lichess_db_broadcast_2022-11_1892,34,c8d7,207,,-207.000000,0.000000,-2.694998,0.000000,0.000000,-2.694998
lichess_db_broadcast_2022-11_1892,34,c8d8,213,,-213.000000,0.000000,-4.014005,0.000000,0.000000,-4.014005
lichess_db_broadcast_2022-11_1892,34,d5d6,309,,-309.000000,-3.400000,49.604609,7.960000,-11.360000,38.244609
lichess_db_broadcast_2022-11_1892,34,e4d6,325,,-325.000000,0.000000,49.012454,1.160000,-1.160000,47.852454
lichess_db_broadcast_2022-11_1892,63,a2a3,32,,-32.000000,0.000000,0.839496,0.000000,0.000000,0.839496
lichess_db_broadcast_2022-11_1892,63,a2a4,-74,,74.000000,0.000000,1.033200,0.000000,0.000000,1.033200
lichess_db_broadcast_2022-11_1892,63,b3a3,74,,-74.000000,0.000000,-1.379680,0.000000,0.000000,-1.379680
lichess_db_broadcast_2022-11_1892,63,b3a4,69,,-69.000000,0.000000,-1.341949,0.000000,0.000000,-1.341949
lichess_db_broadcast_2022-11_1892,63,b3b2,48,,-48.000000,0.000000,2.802652,0.000000,0.000000,2.802652
lichess_db_broadcast_2022-11_1892,63,b3b4,35,,-35.000000,0.000000,1.806417,0.000000,0.000000,1.806417
lichess_db_broadcast_2022-11_1892,63,b3c2,-33,,33.000000,0.000000,-1.231441,0.000000,0.000000,-1.231441
lichess_db_broadcast_2022-11_1892,63,b5b6,383,,-383.000000,0.000000,-2.471718,0.000000,0.000000,-2.471718
lichess_db_broadcast_2022-11_1892,63,c3c4,5,,-5.000000,0.000000,1.559112,0.000000,0.000000,1.559112
lichess_db_broadcast_2022-11_1892,63,c5c6,314,,-314.000000,0.000000,1.973013,0.000000,0.000000,1.973013
lichess_db_broadcast_2022-11_1892,63,d6b7,-75,,75.000000,0.000000,-1.526848,0.000000,0.000000,-1.526848
lichess_db_broadcast_2022-11_1892,63,d6c4,288,,-288.000000,0.000000,2.405998,1.160000,-1.160000,1.245998
lichess_db_broadcast_2022-11_1892,63,d6c8,436,,-436.000000,0.000000,1.300030,0.000000,0.000000,1.300030
lichess_db_broadcast_2022-11_1892,63,d6e4,257,,-257.000000,0.000000,-1.415815,1.160000,-1.160000,-2.575815
lichess_db_broadcast_2022-11_1892,63,d6e8,323,,-323.000000,0.000000,1.520678,0.000000,0.000000,1.520678
lichess_db_broadcast_2022-11_1892,63,d6f5,85,,-85.000000,0.000000,3.466795,0.000000,0.000000,3.466795
lichess_db_broadcast_2022-11_1892,63,d6f7,80,,-80.000000,0.000000,-1.376310,0.000000,0.000000,-1.376310
lichess_db_broadcast_2022-11_1892,63,e3c1,87,,-87.000000,0.000000,0.000000,0.000000,0.000000,0.000000
lichess_db_broadcast_2022-11_1892,63,e3d2,104,,-104.000000,0.000000,0.826224,0.000000,0.000000,0.826224
lichess_db_broadcast_2022-11_1892,63,e3d4,472,,-472.000000,0.000000,3.675175,2.560000,-2.560000,1.115175
lichess_db_broadcast_2022-11_1892,63,e3f2,-16,,16.000000,0.000000,0.805437,0.000000,0.000000,0.805437
lichess_db_broadcast_2022-11_1892,63,e3f4,439,,-439.000000,0.000000,3.050866,2.560000,-2.560000,0.490866
lichess_db_broadcast_2022-11_1892,63,e3g1,-20,,20.000000,0.000000,2.196263,0.000000,0.000000,2.196263
lichess_db_broadcast_2022-11_1892,63,e3g5,427,,-427.000000,0.000000,4.031476,0.000000,0.000000,4.031476
lichess_db_broadcast_2022-11_1892,63,e3h6,61,,-61.000000,0.000000,0.000000,0.000000,0.000000,0.000000
lichess_db_broadcast_2022-11_1892,63,g3g4,101,,-101.000000,0.000000,-0.945001,0.000000,0.000000,-0.945001
lichess_db_broadcast_2022-11_1892,63,h2h3,265,,-265.000000,0.000000,0.738476,0.000000,0.000000,0.738476
lichess_db_broadcast_2022-11_1892,63,h2h4,243,,-243.000000,0.000000,1.298235,0.000000,0.000000,1.298235
lichess_db_broadcast_2022-11_1892,66,a7a5,267,,-267.000000,0.000000,-2.076879,0.000000,0.000000,-2.076879
lichess_db_broadcast_2022-11_1892,66,a7a6,232,,-232.000000,0.000000,-1.896443,0.000000,0.000000,-1.896443
lichess_db_broadcast_2022-11_1892,66,d5d4,67,,-67.000000,0.000000,1.666883,0.000000,0.000000,1.666883
lichess_db_broadcast_2022-11_1892,66,d7c7,134,,-134.000000,0.000000,0.000000,0.000000,0.000000,0.000000
lichess_db_broadcast_2022-11_1892,66,d7c8,210,,-210.000000,0.000000,1.475620,0.000000,0.000000,1.475620
lichess_db_broadcast_2022-11_1892,66,d7d8,203,,-203.000000,0.000000,2.465225,0.000000,0.000000,2.465225
lichess_db_broadcast_2022-11_1892,66,d7e6,63,,-63.000000,0.000000,0.000000,0.000000,0.000000,0.000000
lichess_db_broadcast_2022-11_1892,66,d7e8,251,,-251.000000,0.000000,1.475620,0.000000,0.000000,1.475620
lichess_db_broadcast_2022-11_1892,66,e5e4,182,,-182.000000,0.000000,-0.972198,0.000000,0.000000,-0.972198
lichess_db_broadcast_2022-11_1892,66,g5d8,106,,-106.000000,0.000000,-4.457555,0.000000,0.000000,-4.457555
lichess_db_broadcast_2022-11_1892,66,g5e3,83,,-83.000000,0.000000,161.007417,1.400000,-1.400000,159.607417
lichess_db_broadcast_2022-11_1892,66,g5e7,362,,-362.000000,0.000000,-5.067472,1.400000,-1.400000,-6.467472
lichess_db_broadcast_2022-11_1892,66,g5f4,449,,-449.000000,0.000000,4.797071,2.560000,-2.560000,2.237071
lichess_db_broadcast_2022-11_1892,66,g5f6,218,,-218.000000,0.000000,-4.085333,0.000000,0.000000,-4.085333
lichess_db_broadcast_2022-11_1892,66,g5h4,524,,-524.000000,0.000000,-4.309042,3.960000,-3.960000,-8.269042
lichess_db_broadcast_2022-11_1892,66,g5h6,521,,-521.000000,0.000000,-3.861757,1.400000,-1.400000,-5.261757
lichess_db_broadcast_2022-11_1892,66,g8a8,499,,-499.000000,0.000000,-1.416595,0.000000,0.000000,-1.416595
lichess_db_broadcast_2022-11_1892,66,g8b8,433,,-433.000000,0.000000,2.824446,0.000000,0.000000,2.824446
lichess_db_broadcast_2022-11_1892,66,g8c8,352,,-352.000000,0.000000,4.894674,0.000000,0.000000,4.894674
lichess_db_broadcast_2022-11_1892,66,g8d8,464,,-464.000000,0.000000,6.404577,0.000000,0.000000,6.404577
lichess_db_broadcast_2022-11_1892,66,g8e8,547,,-547.000000,0.000000,5.015354,0.000000,0.000000,5.015354
lichess_db_broadcast_2022-11_1892,66,g8f8,137,,-137.000000,0.000000,-2.094698,0.000000,0.000000,-2.094698
lichess_db_broadcast_2022-11_1892,66,g8g6,340,,-340.000000,0.000000,2.086035,0.000000,0.000000,2.086035
lichess_db_broadcast_2022-11_1892,66,g8g7,415,,-415.000000,0.000000,4.836270,3.400000,-3.400000,1.436270
lichess_db_broadcast_2022-11_1892,66,g8h8,458,,-458.000000,0.000000,-1.416595,0.000000,0.000000,-1.416595
lichess_db_broadcast_2022-11_1892,66,h7h5,117,,-117.000000,0.000000,-2.212632,0.000000,0.000000,-2.212632
lichess_db_broadcast_2022-11_1892,66,h7h6,197,,-197.000000,0.000000,3.228782,0.000000,0.000000,3.228782
lichess_db_broadcast_2022-11_1892,78,c5b6,-7,,7.000000,0.000000,0.854441,0.000000,0.000000,0.854441
lichess_db_broadcast_2022-11_1892,78,c5d5,-26,,26.000000,0.000000,0.744886,0.000000,0.000000,0.744886
lichess_db_broadcast_2022-11_1892,78,c5d6,-33,,33.000000,0.000000,1.091243,0.000000,0.000000,1.091243
lichess_db_broadcast_2022-11_1892,78,d4d3,-4,,4.000000,0.000000,1.128567,0.000000,0.000000,1.128567
lichess_db_broadcast_2022-11_1892,78,g8a8,-217,,217.000000,0.000000,1.849465,0.000000,0.000000,1.849465
lichess_db_broadcast_2022-11_1892,78,g8b8,836,,-836.000000,0.000000,1.233525,4.560000,-4.560000,-3.326475
lichess_db_broadcast_2022-11_1892,78,g8c8,-186,,186.000000,0.000000,1.688847,0.000000,0.000000,1.688847
lichess_db_broadcast_2022-11_1892,78,g8d8,-9,,9.000000,0.000000,-0.987573,0.000000,0.000000,-0.987573
lichess_db_broadcast_2022-11_1892,78,g8e8,-24,,24.000000,0.000000,0.975986,0.000000,0.000000,0.975986
lichess_db_broadcast_2022-11_1892,78,g8f8,632,,-632.000000,0.000000,-0.590248,0.000000,0.000000,-0.590248
lichess_db_broadcast_2022-11_1892,78,g8g3,674,,-674.000000,-4.560000,-15.991317,4.560000,-9.120000,-25.111317
lichess_db_broadcast_2022-11_1892,78,g8g4,653,,-653.000000,0.000000,3.732382,3.400000,-3.400000,0.332382
lichess_db_broadcast_2022-11_1892,78,g8g5,725,,-725.000000,0.000000,-0.735498,0.000000,0.000000,-0.735498
lichess_db_broadcast_2022-11_1892,78,g8g6,707,,-707.000000,0.000000,3.712235,3.400000,-3.400000,0.312235
lichess_db_broadcast_2022-11_1892,78,g8g7,722,,-722.000000,0.000000,-0.845744,0.000000,0.000000,-0.845744
lichess_db_broadcast_2022-11_1892,78,g8h8,-2,,2.000000,0.000000,-0.590248,0.000000,0.000000,-0.590248
lichess_db_broadcast_2022-11_1892,78,h7h5,1,,-1.000000,0.000000,-2.212632,0.000000,0.000000,-2.212632
lichess_db_broadcast_2022-11_1892,78,h7h6,-12,,12.000000,0.000000,-2.790813,0.000000,0.000000,-2.790813
lichess_db_broadcast_2022-11_1892,114,h4g3,-666,,666.000000,0.000000,-0.318468,0.000000,0.000000,-0.318468
lichess_db_broadcast_2022-11_1892,114,h4g4,-601,,601.000000,0.000000,0.840545,0.000000,0.000000,0.840545
lichess_db_broadcast_2022-11_1892,114,h4g5,-546,,546.000000,0.000000,0.817277,0.000000,0.000000,0.817277
lichess_db_broadcast_2022-11_1892,114,h4h3,-551,,551.000000,0.000000,-0.318468,0.000000,0.000000,-0.318468
lichess_db_broadcast_2022-11_1988,84,a6d6,15,,-15.000000,0.000000,13.392004,3.400000,-3.400000,9.992004
lichess_db_broadcast_2022-11_1988,84,e7d7,-140,,140.000000,0.000000,-10.563286,0.000000,0.000000,-10.563286
lichess_db_broadcast_2022-11_1988,84,e7d8,-173,,173.000000,0.000000,-8.015462,0.000000,0.000000,-8.015462
lichess_db_broadcast_2022-11_1988,84,e7e6,-182,,182.000000,0.000000,-7.740966,0.000000,0.000000,-7.740966
lichess_db_broadcast_2022-11_1988,84,e7e8,-151,,151.000000,0.000000,-10.224242,0.000000,0.000000,-10.224242
lichess_db_broadcast_2022-11_1988,84,f6d6,-3,,3.000000,0.000000,14.968630,6.800000,-6.800000,8.168630
lichess_db_broadcast_2022-11_2001,41,a1a2,160,,-160.000000,0.000000,11.963638,0.000000,0.000000,11.963638
lichess_db_broadcast_2022-11_2001,41,a1b1,-29,,29.000000,0.000000,12.221063,0.000000,0.000000,12.221063
lichess_db_broadcast_2022-11_2001,41,a1c1,59,,-59.000000,0.000000,13.339300,0.000000,0.000000,13.339300
lichess_db_broadcast_2022-11_2001,41,a1d1,19,,-19.000000,0.000000,12.114948,0.000000,0.000000,12.114948
lichess_db_broadcast_2022-11_2001,41,a1e1,23,,-23.000000,0.000000,10.783110,0.000000,0.000000,10.783110
lichess_db_broadcast_2022-11_2001,41,a3a4,141,,-141.000000,0.000000,1.888514,0.000000,0.000000,1.888514
lichess_db_broadcast_2022-11_2001,41,b4b5,-42,,42.000000,0.000000,2.351581,0.000000,0.000000,2.351581
lichess_db_broadcast_2022-11_2001,41,c2a2,10,,-10.000000,0.000000,25.275003,0.000000,0.000000,25.275003
lichess_db_broadcast_2022-11_2001,41,c2a4,109,,-109.000000,0.000000,20.801355,0.000000,0.000000,20.801355
lichess_db_broadcast_2022-11_2001,41,c2b1,95,,-95.000000,0.000000,27.772861,0.000000,0.000000,27.772861
lichess_db_broadcast_2022-11_2001,41,c2b2,31,,-31.000000,0.000000,12.089407,0.000000,0.000000,12.089407
lichess_db_broadcast_2022-11_2001,41,c2b3,-72,,72.000000,0.000000,13.471300,0.000000,0.000000,13.471300
lichess_db_broadcast_2022-11_2001,41,c2c1,75,,-75.000000,0.000000,26.245074,0.000000,0.000000,26.245074
lichess_db_broadcast_2022-11_2001,41,c2d1,9,,-9.000000,0.000000,25.717138,0.000000,0.000000,25.717138
lichess_db_broadcast_2022-11_2001,41,c2d2,17,,-17.000000,0.000000,6.479981,0.000000,0.000000,6.479981
lichess_db_broadcast_2022-11_2001,41,c2d3,668,,-668.000000,0.000000,12.858602,0.000000,0.000000,12.858602
lichess_db_broadcast_2022-11_2001,41,c2e2,13,,-13.000000,0.000000,14.660483,0.000000,0.000000,14.660483
lichess_db_broadcast_2022-11_2001,41,c2e4,1,,-1.000000,0.000000,11.873391,0.000000,0.000000,11.873391
lichess_db_broadcast_2022-11_2001,41,c2f5,413,,-413.000000,0.000000,14.417303,3.400000,-3.400000,11.017303
lichess_db_broadcast_2022-11_2001,41,c2g6,0,,-0.000000,0.000000,13.729017,0.000000,0.000000,13.729017
lichess_db_broadcast_2022-11_2001,41,c2h7,653,,-653.000000,0.000000,17.995466,6.300000,-6.300000,11.695466
lichess_db_broadcast_2022-11_2001,41,c3a2,106,,-106.000000,0.000000,5.848386,0.000000,0.000000,5.848386
lichess_db_broadcast_2022-11_2001,41,c3a4,91,,-91.000000,0.000000,-5.249458,0.000000,0.000000,-5.249458
lichess_db_broadcast_2022-11_2001,41,c3b1,205,,-205.000000,0.000000,-2.511597,0.000000,0.000000,-2.511597
lichess_db_broadcast_2022-11_2001,41,c3b5,420,,-420.000000,0.000000,3.743326,0.000000,0.000000,3.743326
lichess_db_broadcast_2022-11_2001,41,c3d1,115,,-115.000000,0.000000,-2.533633,0.000000,0.000000,-2.533633
lichess_db_broadcast_2022-11_2001,41,c3e2,105,,-105.000000,0.000000,3.226359,0.000000,0.000000,3.226359
lichess_db_broadcast_2022-11_2001,41,c3e4,77,,-77.000000,0.000000,0.662722,0.000000,0.000000,0.662722
lichess_db_broadcast_2022-11_2001,41,e6c8,450,,-450.000000,0.000000,9.417115,0.000000,0.000000,9.417115
lichess_db_broadcast_2022-11_2001,41,e6d7,-54,,54.000000,0.000000,5.299749,0.000000,0.000000,5.299749
lichess_db_broadcast_2022-11_2001,41,e6f5,-95,,95.000000,0.000000,10.576191,0.000000,0.000000,10.576191
lichess_db_broadcast_2022-11_2001,41,e6f7,401,,-401.000000,0.000000,-5.721617,0.000000,0.000000,-5.721617
lichess_db_broadcast_2022-11_2001,41,e6g4,-86,,86.000000,0.000000,5.299749,0.000000,0.000000,5.299749
lichess_db_broadcast_2022-11_2001,41,e6g8,406,,-406.000000,0.000000,-5.751545,0.900000,-0.900000,-6.651545
lichess_db_broadcast_2022-11_2001,41,e6h3,-26,,26.000000,0.000000,6.280492,0.000000,0.000000,6.280492
lichess_db_broadcast_2022-11_2001,41,f1b1,106,,-106.000000,0.000000,11.493064,0.000000,0.000000,11.493064
lichess_db_broadcast_2022-11_2001,41,f1c1,39,,-39.000000,0.000000,11.660212,0.000000,0.000000,11.660212
lichess_db_broadcast_2022-11_2001,41,f1d1,23,,-23.000000,0.000000,11.385882,0.000000,0.000000,11.385882
lichess_db_broadcast_2022-11_2001,41,f1e1,67,,-67.000000,0.000000,9.627887,0.000000,0.000000,9.627887
lichess_db_broadcast_2022-11_2001,41,f2f3,121,,-121.000000,0.000000,-1.513490,0.000000,0.000000,-1.513490
lichess_db_broadcast_2022-11_2001,41,f2f4,87,,-87.000000,0.000000,-1.623084,0.000000,0.000000,-1.623084
lichess_db_broadcast_2022-11_2001,41,g1h1,122,,-122.000000,0.000000,-2.998587,0.000000,0.000000,-2.998587
lichess_db_broadcast_2022-11_2001,41,g2g3,62,,-62.000000,0.000000,-1.495208,0.000000,0.000000,-1.495208
lichess_db_broadcast_2022-11_2001,41,g2g4,280,,-280.000000,0.000000,-1.753903,0.000000,0.000000,-1.753903
lichess_db_broadcast_2022-11_2001,41,h2h3,90,,-90.000000,0.000000,-1.586700,0.000000,0.000000,-1.586700
lichess_db_broadcast_2022-11_2001,41,h2h4,64,,-64.000000,0.000000,-1.734059,0.000000,0.000000,-1.734059
lichess_db_broadcast_2022-11_2001,43,a1a2,419,,-419.000000,0.000000,13.832207,0.000000,0.000000,13.832207
lichess_db_broadcast_2022-11_2001,43,a1b1,411,,-411.000000,0.000000,9.928172,0.000000,0.000000,9.928172
lichess_db_broadcast_2022-11_2001,43,a1c1,376,,-376.000000,0.000000,13.899581,0.000000,0.000000,13.899581
lichess_db_broadcast_2022-11_2001,43,a1d1,363,,-363.000000,0.000000,11.147004,0.000000,0.000000,11.147004
lichess_db_broadcast_2022-11_2001,43,a1e1,358,,-358.000000,0.000000,6.462089,0.000000,0.000000,6.462089
lichess_db_broadcast_2022-11_2001,43,a3a4,424,,-424.000000,0.000000,2.726079,0.000000,0.000000,2.726079
lichess_db_broadcast_2022-11_2001,43,b4b5,426,,-426.000000,0.000000,-1.977248,0.000000,0.000000,-1.977248
lichess_db_broadcast_2022-11_2001,43,c2a2,445,,-445.000000,0.000000,14.932338,0.000000,0.000000,14.932338
lichess_db_broadcast_2022-11_2001,43,c2a4,441,,-441.000000,0.000000,15.120102,0.000000,0.000000,15.120102
lichess_db_broadcast_2022-11_2001,43,c2b1,433,,-433.000000,0.000000,28.907537,0.000000,0.000000,28.907537
lichess_db_broadcast_2022-11_2001,43,c2b2,446,,-446.000000,0.000000,-16.968907,0.000000,0.000000,-16.968907
lichess_db_broadcast_2022-11_2001,43,c2b3,628,,-628.000000,0.000000,7.509407,0.000000,0.000000,7.509407
lichess_db_broadcast_2022-11_2001,43,c2c1,452,,-452.000000,0.000000,16.827395,0.000000,0.000000,16.827395
lichess_db_broadcast_2022-11_2001,43,c2d1,61,,-61.000000,0.000000,31.701501,0.000000,0.000000,31.701501
lichess_db_broadcast_2022-11_2001,43,c2d2,423,,-423.000000,0.000000,-13.121530,0.000000,0.000000,-13.121530
lichess_db_broadcast_2022-11_2001,43,c2d3,718,,-718.000000,0.000000,6.897843,0.000000,0.000000,6.897843
lichess_db_broadcast_2022-11_2001,43,c2e2,69,,-69.000000,0.000000,11.520205,0.000000,0.000000,11.520205
lichess_db_broadcast_2022-11_2001,43,c2e4,330,,-330.000000,0.000000,23.232459,0.000000,0.000000,23.232459
lichess_db_broadcast_2022-11_2001,43,c2f5,467,,-467.000000,0.000000,-15.973427,3.400000,-3.400000,-19.373427
lichess_db_broadcast_2022-11_2001,43,c2g6,81,,-81.000000,0.000000,-12.155814,0.000000,0.000000,-12.155814
lichess_db_broadcast_2022-11_2001,43,c2h7,646,,-646.000000,0.000000,-22.169125,6.300000,-6.300000,-28.469125
lichess_db_broadcast_2022-11_2001,43,c3a2,639,,-639.000000,0.000000,3.274736,0.000000,0.000000,3.274736
lichess_db_broadcast_2022-11_2001,43,c3a4,623,,-623.000000,0.000000,3.279790,0.000000,0.000000,3.279790
lichess_db_broadcast_2022-11_2001,43,c3b1,743,,-743.000000,0.000000,-4.039291,0.000000,0.000000,-4.039291
lichess_db_broadcast_2022-11_2001,43,c3b5,639,,-639.000000,0.000000,-2.755138,0.000000,0.000000,-2.755138
lichess_db_broadcast_2022-11_2001,43,c3d1,634,,-634.000000,0.000000,-4.148281,0.000000,0.000000,-4.148281
lichess_db_broadcast_2022-11_2001,43,c3e2,624,,-624.000000,0.000000,2.098428,0.000000,0.000000,2.098428
lichess_db_broadcast_2022-11_2001,43,c3e4,661,,-661.000000,0.000000,-0.662722,0.000000,0.000000,-0.662722
lichess_db_broadcast_2022-11_2001,43,f1b1,452,,-452.000000,0.000000,-10.339943,0.000000,0.000000,-10.339943
lichess_db_broadcast_2022-11_2001,43,f1c1,446,,-446.000000,0.000000,8.338362,0.000000,0.000000,8.338362
lichess_db_broadcast_2022-11_2001,43,f1d1,416,,-416.000000,0.000000,-11.056511,0.000000,0.000000,-11.056511
lichess_db_broadcast_2022-11_2001,43,f1e1,414,,-414.000000,0.000000,-9.526960,0.000000,0.000000,-9.526960
lichess_db_broadcast_2022-11_2001,43,f2f3,226,,-226.000000,0.000000,-1.558413,0.000000,0.000000,-1.558413
lichess_db_broadcast_2022-11_2001,43,f2f4,277,,-277.000000,0.000000,1.831522,0.000000,0.000000,1.831522
lichess_db_broadcast_2022-11_2001,43,g1h1,388,,-388.000000,0.000000,-2.998587,0.000000,0.000000,-2.998587
lichess_db_broadcast_2022-11_2001,43,g2g3,423,,-423.000000,0.000000,-1.495208,0.000000,0.000000,-1.495208
lichess_db_broadcast_2022-11_2001,43,g4c8,481,,-481.000000,0.000000,5.803378,0.000000,0.000000,5.803378
lichess_db_broadcast_2022-11_2001,43,g4d1,0,,-0.000000,0.000000,-8.550364,0.000000,0.000000,-8.550364
lichess_db_broadcast_2022-11_2001,43,g4d7,115,,-115.000000,0.000000,-5.378263,0.000000,0.000000,-5.378263
lichess_db_broadcast_2022-11_2001,43,g4e2,-108,,108.000000,0.000000,4.893276,0.000000,0.000000,4.893276
lichess_db_broadcast_2022-11_2001,43,g4e6,303,,-303.000000,0.000000,-7.948717,1.400000,-1.400000,-9.348717
lichess_db_broadcast_2022-11_2001,43,g4f3,22,,-22.000000,0.000000,-8.309262,0.000000,0.000000,-8.309262
lichess_db_broadcast_2022-11_2001,43,g4f5,-26,,26.000000,0.000000,9.944253,0.000000,0.000000,9.944253
lichess_db_broadcast_2022-11_2001,43,g4h3,137,,-137.000000,0.000000,-6.358284,0.000000,0.000000,-6.358284
lichess_db_broadcast_2022-11_2001,43,g4h5,69,,-69.000000,0.000000,-5.378263,0.000000,0.000000,-5.378263
lichess_db_broadcast_2022-11_2001,43,h2h3,27,,-27.000000,0.000000,-1.506326,0.000000,0.000000,-1.506326
lichess_db_broadcast_2022-11_2001,43,h2h4,462,,-462.000000,0.000000,2.053081,0.000000,0.000000,2.053081
lichess_db_broadcast_2022-11_2001,46,a7a5,99,,-99.000000,0.000000,1.827116,0.000000,0.000000,1.827116
lichess_db_broadcast_2022-11_2001,46,a7a6,101,,-101.000000,0.000000,-2.590467,0.000000,0.000000,-2.590467
lichess_db_broadcast_2022-11_2001,46,a8b8,106,,-106.000000,0.000000,7.222820,0.000000,0.000000,7.222820
lichess_db_broadcast_2022-11_2001,46,a8c8,140,,-140.000000,0.000000,7.221406,0.000000,0.000000,7.221406
lichess_db_broadcast_2022-11_2001,46,a8d8,131,,-131.000000,0.000000,15.259313,0.000000,0.000000,15.259313
lichess_db_broadcast_2022-11_2001,46,a8e8,142,,-142.000000,0.000000,7.331136,0.000000,0.000000,7.331136
lichess_db_broadcast_2022-11_2001,46,b7b5,163,,-163.000000,0.000000,-2.794161,0.000000,0.000000,-2.794161
lichess_db_broadcast_2022-11_2001,46,b7b6,198,,-198.000000,0.000000,1.998616,0.000000,0.000000,1.998616
lichess_db_broadcast_2022-11_2001,46,c7a6,212,,-212.000000,0.000000,-5.991907,0.000000,0.000000,-5.991907
lichess_db_broadcast_2022-11_2001,46,c7b5,425,,-425.000000,0.000000,-4.862761,0.000000,0.000000,-4.862761
lichess_db_broadcast_2022-11_2001,46,c7d5,466,,-466.000000,-1.160000,16.861446,0.000000,-1.160000,15.701446
lichess_db_broadcast_2022-11_2001,46,c7e6,454,,-454.000000,0.000000,-4.636633,1.160000,-1.160000,-5.796633
lichess_db_broadcast_2022-11_2001,46,c7e8,102,,-102.000000,0.000000,3.215427,0.000000,0.000000,3.215427
lichess_db_broadcast_2022-11_2001,46,e5e4,226,,-226.000000,0.000000,-2.609354,0.000000,0.000000,-2.609354
lichess_db_broadcast_2022-11_2001,46,e7d8,111,,-111.000000,0.000000,-11.758633,0.000000,0.000000,-11.758633
lichess_db_broadcast_2022-11_2001,46,e7f6,127,,-127.000000,0.000000,-11.293014,0.000000,0.000000,-11.293014
lichess_db_broadcast_2022-11_2001,46,e7g5,118,,-118.000000,0.000000,-11.146148,0.000000,0.000000,-11.146148
lichess_db_broadcast_2022-11_2001,46,f8b8,177,,-177.000000,0.000000,-6.734141,0.000000,0.000000,-6.734141
lichess_db_broadcast_2022-11_2001,46,f8c8,179,,-179.000000,0.000000,-6.623043,0.000000,0.000000,-6.623043
lichess_db_broadcast_2022-11_2001,46,f8d8,158,,-158.000000,0.000000,-12.891369,0.000000,0.000000,-12.891369
lichess_db_broadcast_2022-11_2001,46,f8e8,192,,-192.000000,0.000000,7.381228,0.000000,0.000000,7.381228
lichess_db_broadcast_2022-11_2001,46,f8f2,470,,-470.000000,-4.560000,20.291333,2.900000,-7.460000,12.831333
lichess_db_broadcast_2022-11_2001,46,f8f3,525,,-525.000000,0.000000,-13.740857,6.560000,-6.560000,-20.300857
lichess_db_broadcast_2022-11_2001,46,f8f4,195,,-195.000000,0.000000,9.280152,0.000000,0.000000,9.280152
lichess_db_broadcast_2022-11_2001,46,f8f5,546,,-546.000000,0.000000,-10.662293,0.000000,0.000000,-10.662293
lichess_db_broadcast_2022-11_2001,46,f8f6,168,,-168.000000,0.000000,8.961222,0.000000,0.000000,8.961222
lichess_db_broadcast_2022-11_2001,46,f8f7,129,,-129.000000,0.000000,-7.591818,0.000000,0.000000,-7.591818
lichess_db_broadcast_2022-11_2001,46,f8g8,177,,-177.000000,0.000000,-6.476868,0.000000,0.000000,-6.476868
lichess_db_broadcast_2022-11_2001,46,g7g5,172,,-172.000000,0.000000,2.470460,0.000000,0.000000,2.470460
lichess_db_broadcast_2022-11_2001,46,g7g6,208,,-208.000000,0.000000,-2.712782,0.000000,0.000000,-2.712782
lichess_db_broadcast_2022-11_2001,46,h4b4,626,,-626.000000,-7.960000,20.160915,7.960000,-15.920000,4.240915
lichess_db_broadcast_2022-11_2001,46,h4c4,634,,-634.000000,0.000000,30.988250,0.000000,0.000000,30.988250
lichess_db_broadcast_2022-11_2001,46,h4d4,70,,-70.000000,0.000000,31.777191,0.000000,0.000000,31.777191
lichess_db_broadcast_2022-11_2001,46,h4e4,736,,-736.000000,0.000000,-16.661174,6.800000,-6.800000,-23.461174
lichess_db_broadcast_2022-11_2001,46,h4f2,590,,-590.000000,-7.960000,24.750950,9.700000,-17.660000,7.090950
lichess_db_broadcast_2022-11_2001,46,h4f4,102,,-102.000000,0.000000,-11.405178,0.000000,0.000000,-11.405178
lichess_db_broadcast_2022-11_2001,46,h4f6,115,,-115.000000,0.000000,8.596241,0.000000,0.000000,8.596241
lichess_db_broadcast_2022-11_2001,46,h4g3,671,,-671.000000,0.000000,-20.767495,15.920000,-15.920000,-36.687495
lichess_db_broadcast_2022-11_2001,46,h4g4,703,,-703.000000,0.000000,-15.591579,5.400000,-5.400000,-20.991579
lichess_db_broadcast_2022-11_2001,46,h4g5,111,,-111.000000,0.000000,-6.074323,0.000000,0.000000,-6.074323
lichess_db_broadcast_2022-11_2001,46,h4h2,452,,-452.000000,-7.960000,19.223586,6.300000,-14.260000,4.963586
lichess_db_broadcast_2022-11_2001,46,h4h3,693,,-693.000000,0.000000,27.339934,7.960000,-7.960000,19.379934
lichess_db_broadcast_2022-11_2001,46,h4h5,702,,-702.000000,0.000000,-12.226193,5.400000,-5.400000,-17.626193
lichess_db_broadcast_2022-11_2001,46,h6h5,178,,-178.000000,0.000000,-1.947394,0.000000,0.000000,-1.947394
lichess_db_broadcast_2022-11_2001,46,h8g8,152,,-152.000000,0.000000,4.195944,0.000000,0.000000,4.195944
lichess_db_broadcast_2022-11_2001,51,a3a4,-57,,57.000000,0.000000,1.549855,0.000000,0.000000,1.549855
lichess_db_broadcast_2022-11_2001,51,b4b5,6,,-6.000000,0.000000,2.230834,0.000000,0.000000,2.230834
lichess_db_broadcast_2022-11_2001,51,c3a2,3,,-3.000000,0.000000,-4.636142,0.000000,0.000000,-4.636142
lichess_db_broadcast_2022-11_2001,51,c3a4,-9,,9.000000,0.000000,-4.631704,0.000000,0.000000,-4.631704
lichess_db_broadcast_2022-11_2001,51,c3b1,-3,,3.000000,0.000000,4.642639,0.000000,0.000000,4.642639
lichess_db_broadcast_2022-11_2001,51,c3b5,63,,-63.000000,0.000000,-4.541532,0.000000,0.000000,-4.541532
lichess_db_broadcast_2022-11_2001,51,c3e2,-22,,22.000000,0.000000,4.636696,0.000000,0.000000,4.636696
lichess_db_broadcast_2022-11_2001,51,c3e4,-16,,16.000000,0.000000,-4.542795,0.000000,0.000000,-4.542795
lichess_db_broadcast_2022-11_2001,51,d1a1,-44,,44.000000,0.000000,-8.980018,0.000000,0.000000,-8.980018
lichess_db_broadcast_2022-11_2001,51,d1b1,-57,,57.000000,0.000000,7.887894,0.000000,0.000000,7.887894
lichess_db_broadcast_2022-11_2001,51,d1c1,-53,,53.000000,0.000000,-6.829235,0.000000,0.000000,-6.829235
lichess_db_broadcast_2022-11_2001,51,d1d2,-42,,42.000000,0.000000,-10.591281,0.000000,0.000000,-10.591281
lichess_db_broadcast_2022-11_2001,51,d1e1,-39,,39.000000,0.000000,-6.659867,0.000000,0.000000,-6.659867
lichess_db_broadcast_2022-11_2001,51,d3a6,428,,-428.000000,0.000000,-6.369273,3.960000,-3.960000,-10.329273
lichess_db_broadcast_2022-11_2001,51,d3b1,-11,,11.000000,0.000000,5.971241,0.000000,0.000000,5.971241
lichess_db_broadcast_2022-11_2001,51,d3b5,-9,,9.000000,0.000000,-6.189039,1.400000,-1.400000,-7.589039
lichess_db_broadcast_2022-11_2001,51,d3c2,-12,,12.000000,0.000000,-5.416408,0.000000,0.000000,-5.416408
lichess_db_broadcast_2022-11_2001,51,d3c4,-10,,10.000000,0.000000,-6.871298,0.000000,0.000000,-6.871298
lichess_db_broadcast_2022-11_2001,51,d3e2,-25,,25.000000,0.000000,8.815365,0.000000,0.000000,8.815365
lichess_db_broadcast_2022-11_2001,51,d3e4,-36,,36.000000,0.000000,-9.116844,0.000000,0.000000,-9.116844
lichess_db_broadcast_2022-11_2001,51,d3f5,395,,-395.000000,0.000000,-6.129360,0.000000,0.000000,-6.129360
lichess_db_broadcast_2022-11_2001,51,d3g6,-47,,47.000000,0.000000,-5.673047,0.000000,0.000000,-5.673047
lichess_db_broadcast_2022-11_2001,51,d3h7,454,,-454.000000,0.000000,-5.847556,0.900000,-0.900000,-6.747556
lichess_db_broadcast_2022-11_2001,51,f1e1,-35,,35.000000,0.000000,-7.048835,0.000000,0.000000,-7.048835
lichess_db_broadcast_2022-11_2001,51,f2f3,-33,,33.000000,0.000000,-0.926137,0.000000,0.000000,-0.926137
lichess_db_broadcast_2022-11_2001,51,f2f4,130,,-130.000000,0.000000,-1.096120,0.000000,0.000000,-1.096120
lichess_db_broadcast_2022-11_2001,51,g1h1,-21,,21.000000,0.000000,-2.998587,0.000000,0.000000,-2.998587
lichess_db_broadcast_2022-11_2001,51,g2g3,-60,,60.000000,0.000000,-0.895949,0.000000,0.000000,-0.895949
lichess_db_broadcast_2022-11_2001,51,g2g4,-56,,56.000000,0.000000,-1.121006,0.000000,0.000000,-1.121006
lichess_db_broadcast_2022-11_2001,51,h2h3,-45,,45.000000,0.000000,-0.835521,0.000000,0.000000,-0.835521
lichess_db_broadcast_2022-11_2001,51,h2h4,44,,-44.000000,0.000000,-1.305466,0.000000,0.000000,-1.305466
lichess_db_broadcast_2022-11_2073,25,a1b1,270,,-270.000000,0.000000,17.859195,0.000000,0.000000,17.859195
lichess_db_broadcast_2022-11_2073,25,a2a3,396,,-396.000000,0.000000,-1.332117,0.000000,0.000000,-1.332117
lichess_db_broadcast_2022-11_2073,25,a2a4,395,,-395.000000,0.000000,1.976305,0.000000,0.000000,1.976305
lichess_db_broadcast_2022-11_2073,25,b3b4,376,,-376.000000,0.000000,-1.879839,0.000000,0.000000,-1.879839
lichess_db_broadcast_2022-11_2073,25,c1a3,365,,-365.000000,0.000000,10.640118,0.000000,0.000000,10.640118
lichess_db_broadcast_2022-11_2073,25,c1b2,301,,-301.000000,0.000000,11.343989,0.000000,0.000000,11.343989
lichess_db_broadcast_2022-11_2073,25,c1d2,388,,-388.000000,0.000000,7.074811,0.000000,0.000000,7.074811
lichess_db_broadcast_2022-11_2073,25,c1e3,-62,,62.000000,0.000000,9.821939,0.000000,0.000000,9.821939
lichess_db_broadcast_2022-11_2073,25,c1f4,400,,-400.000000,0.000000,-9.360158,1.400000,-1.400000,-10.760158
lichess_db_broadcast_2022-11_2073,25,c1g5,398,,-398.000000,0.000000,10.697068,1.400000,-1.400000,9.297068
lichess_db_broadcast_2022-11_2073,25,c1h6,471,,-471.000000,0.000000,12.966025,0.000000,0.000000,12.966025
lichess_db_broadcast_2022-11_2073,25,c3a4,312,,-312.000000,0.000000,8.868030,0.000000,0.000000,8.868030
lichess_db_broadcast_2022-11_2073,25,c3b1,382,,-382.000000,0.000000,8.666967,0.000000,0.000000,8.666967
lichess_db_broadcast_2022-11_2073,25,c3b5,34,,-34.000000,0.000000,8.056648,0.000000,0.000000,8.056648
lichess_db_broadcast_2022-11_2073,25,c3d5,373,,-373.000000,0.000000,8.723614,0.000000,0.000000,8.723614
lichess_db_broadcast_2022-11_2073,25,c3e4,463,,-463.000000,0.000000,8.310820,0.000000,0.000000,8.310820
lichess_db_broadcast_2022-11_2073,25,c4c5,386,,-386.000000,0.000000,-1.465204,0.000000,0.000000,-1.465204
lichess_db_broadcast_2022-11_2073,25,d1c2,410,,-410.000000,0.000000,-27.512197,0.000000,0.000000,-27.512197
lichess_db_broadcast_2022-11_2073,25,d1d2,372,,-372.000000,0.000000,31.055857,0.000000,0.000000,31.055857
lichess_db_broadcast_2022-11_2073,25,d1d3,415,,-415.000000,0.000000,-26.700226,0.000000,0.000000,-26.700226
lichess_db_broadcast_2022-11_2073,25,d1e1,400,,-400.000000,0.000000,23.508099,0.000000,0.000000,23.508099
lichess_db_broadcast_2022-11_2073,25,d4b5,17,,-17.000000,0.000000,-4.297972,0.000000,0.000000,-4.297972
lichess_db_broadcast_2022-11_2073,25,d4c2,-35,,35.000000,0.000000,-4.423609,0.000000,0.000000,-4.423609
lichess_db_broadcast_2022-11_2073,25,d4c6,473,,-473.000000,0.000000,-5.593666,1.160000,-1.160000,-6.753666
lichess_db_broadcast_2022-11_2073,25,d4e6,-62,,62.000000,0.000000,49.474500,1.160000,-1.160000,48.314500
lichess_db_broadcast_2022-11_2073,25,d4f3,20,,-20.000000,0.000000,3.996622,0.000000,0.000000,3.996622
lichess_db_broadcast_2022-11_2073,25,d4f5,348,,-348.000000,0.000000,-5.914525,1.160000,-1.160000,-7.074525
lichess_db_broadcast_2022-11_2073,25,e2e3,-24,,24.000000,0.000000,-2.039728,0.000000,0.000000,-2.039728
lichess_db_broadcast_2022-11_2073,25,e2e4,357,,-357.000000,0.000000,-2.024831,0.000000,0.000000,-2.024831
lichess_db_broadcast_2022-11_2073,25,f1e1,367,,-367.000000,0.000000,10.996349,0.000000,0.000000,10.996349
lichess_db_broadcast_2022-11_2073,25,f1g1,382,,-382.000000,0.000000,10.791611,0.000000,0.000000,10.791611
lichess_db_broadcast_2022-11_2073,25,f1h1,425,,-425.000000,0.000000,18.958898,0.000000,0.000000,18.958898
lichess_db_broadcast_2022-11_2073,25,f2f3,374,,-374.000000,0.000000,2.187169,0.000000,0.000000,2.187169
lichess_db_broadcast_2022-11_2073,25,f2f4,338,,-338.000000,0.000000,-1.438080,0.000000,0.000000,-1.438080
lichess_db_broadcast_2022-11_2073,25,g2b7,475,,-475.000000,-2.560000,22.496425,0.000000,-2.560000,19.936425
lichess_db_broadcast_2022-11_2073,25,g2c6,530,,-530.000000,0.000000,-9.647171,2.560000,-2.560000,-12.207171
lichess_db_broadcast_2022-11_2073,25,g2d5,434,,-434.000000,0.000000,11.213620,1.400000,-1.400000,9.813620
lichess_db_broadcast_2022-11_2073,25,g2e4,515,,-515.000000,0.000000,10.315446,1.400000,-1.400000,8.915446
lichess_db_broadcast_2022-11_2073,25,g2f3,435,,-435.000000,0.000000,7.899079,0.000000,0.000000,7.899079
lichess_db_broadcast_2022-11_2073,25,g2h1,413,,-413.000000,0.000000,8.797655,0.000000,0.000000,8.797655
lichess_db_broadcast_2022-11_2073,25,g3g4,397,,-397.000000,0.000000,-2.888849,0.000000,0.000000,-2.888849
lichess_db_broadcast_2022-11_2073,25,h2g1,78,,-78.000000,0.000000,6.706848,0.000000,0.000000,6.706848
lichess_db_broadcast_2022-11_2073,25,h2h1,129,,-129.000000,0.000000,6.477844,0.000000,0.000000,6.477844
lichess_db_broadcast_2022-11_2073,25,h3h4,442,,-442.000000,0.000000,2.667782,0.000000,0.000000,2.667782
lichess_db_broadcast_2022-11_2073,87,c6c7,-53,,53.000000,0.000000,2.471005,0.000000,0.000000,2.471005
lichess_db_broadcast_2022-11_2073,87,d7a7,-155,,155.000000,0.000000,14.196578,0.000000,0.000000,14.196578
lichess_db_broadcast_2022-11_2073,87,d7b7,461,,-461.000000,0.000000,15.721918,3.400000,-3.400000,12.321918
lichess_db_broadcast_2022-11_2073,87,d7c7,816,,-816.000000,0.000000,12.700981,5.400000,-5.400000,7.300981
lichess_db_broadcast_2022-11_2073,87,d7c8,694,,-694.000000,0.000000,8.948613,3.400000,-3.400000,5.548613
lichess_db_broadcast_2022-11_2073,87,d7d1,-181,,181.000000,0.000000,7.390242,0.000000,0.000000,7.390242
lichess_db_broadcast_2022-11_2073,87,d7d2,-162,,162.000000,0.000000,-6.028728,0.000000,0.000000,-6.028728
lichess_db_broadcast_2022-11_2073,87,d7d3,-142,,142.000000,0.000000,-4.689805,0.000000,0.000000,-4.689805
lichess_db_broadcast_2022-11_2073,87,d7d4,-242,,242.000000,0.000000,8.882847,0.000000,0.000000,8.882847
lichess_db_broadcast_2022-11_2073,87,d7d5,-198,,198.000000,0.000000,7.579252,0.000000,0.000000,7.579252
lichess_db_broadcast_2022-11_2073,87,d7d6,-187,,187.000000,0.000000,11.355195,0.000000,0.000000,11.355195
lichess_db_broadcast_2022-11_2073,87,d7d8,592,,-592.000000,-5.400000,161.154223,3.400000,-8.800000,152.354223
lichess_db_broadcast_2022-11_2073,87,d7e6,674,,-674.000000,0.000000,-6.344200,7.960000,-7.960000,-14.304200
lichess_db_broadcast_2022-11_2073,87,d7e7,682,,-682.000000,0.000000,9.035272,5.400000,-5.400000,3.635272
lichess_db_broadcast_2022-11_2073,87,d7e8,-183,,183.000000,0.000000,14.901892,0.000000,0.000000,14.901892
lichess_db_broadcast_2022-11_2073,87,d7f5,748,,-748.000000,0.000000,-4.836190,7.960000,-7.960000,-12.796190
lichess_db_broadcast_2022-11_2073,87,d7f7,608,,-608.000000,-7.960000,-18.927712,6.300000,-14.260000,-33.187712
lichess_db_broadcast_2022-11_2073,87,d7g4,685,,-685.000000,0.000000,-5.599577,7.960000,-7.960000,-13.559577
lichess_db_broadcast_2022-11_2073,87,g3g4,-100,,100.000000,0.000000,-1.759311,0.000000,0.000000,-1.759311
lichess_db_broadcast_2022-11_2073,87,h3g2,-158,,158.000000,0.000000,3.819423,0.000000,0.000000,3.819423
lichess_db_broadcast_2022-11_2073,87,h3h2,-144,,144.000000,0.000000,3.737390,0.000000,0.000000,3.737390
lichess_db_broadcast_2022-11_2073,92,b6a6,490,,-490.000000,0.000000,-3.869073,0.000000,0.000000,-3.869073
lichess_db_broadcast_2022-11_2073,92,b6b1,457,,-457.000000,0.000000,-3.869073,0.000000,0.000000,-3.869073
lichess_db_broadcast_2022-11_2073,92,b6b2,511,,-511.000000,0.000000,-3.869073,0.000000,0.000000,-3.869073
lichess_db_broadcast_2022-11_2073,92,b6b3,581,,-581.000000,0.000000,-4.130549,0.000000,0.000000,-4.130549
lichess_db_broadcast_2022-11_2073,92,b6b4,478,,-478.000000,0.000000,-3.878028,0.000000,0.000000,-3.878028
lichess_db_broadcast_2022-11_2073,92,b6b5,521,,-521.000000,0.000000,8.551133,0.000000,0.000000,8.551133
lichess_db_broadcast_2022-11_2073,92,b6b7,726,,-726.000000,0.000000,8.301466,4.560000,-4.560000,3.741466
lichess_db_broadcast_2022-11_2073,92,b6b8,537,,-537.000000,0.000000,-5.065527,0.000000,0.000000,-5.065527
lichess_db_broadcast_2022-11_2073,92,b6c6,457,,-457.000000,-4.560000,18.796471,0.000000,-4.560000,14.236471
lichess_db_broadcast_2022-11_2073,92,d8c7,595,,-595.000000,0.000000,4.125300,0.000000,0.000000,4.125300
lichess_db_broadcast_2022-11_2073,92,d8e7,545,,-545.000000,0.000000,-3.536931,0.000000,0.000000,-3.536931
lichess_db_broadcast_2022-11_2073,92,d8f6,666,,-666.000000,0.000000,6.699337,0.000000,0.000000,6.699337
lichess_db_broadcast_2022-11_2073,92,d8g5,607,,-607.000000,0.000000,6.567534,2.560000,-2.560000,4.007534
lichess_db_broadcast_2022-11_2073,92,d8h4,501,,-501.000000,-2.560000,17.282089,3.460000,-6.020000,11.262089
lichess_db_broadcast_2022-11_2073,92,f7f5,765,,-765.000000,0.000000,-1.703313,0.000000,0.000000,-1.703313
lichess_db_broadcast_2022-11_2073,92,f7f6,784,,-784.000000,0.000000,2.379370,0.000000,0.000000,2.379370
lichess_db_broadcast_2022-11_2073,92,g6g5,757,,-757.000000,0.000000,1.960130,0.000000,0.000000,1.960130
lichess_db_broadcast_2022-11_2073,92,g8f8,867,,-867.000000,0.000000,-0.420360,0.000000,0.000000,-0.420360
lichess_db_broadcast_2022-11_2073,92,g8g7,218,,-218.000000,0.000000,4.357496,0.000000,0.000000,4.357496
lichess_db_broadcast_2022-11_2073,92,g8h7,654,,-654.000000,0.000000,3.760823,0.000000,0.000000,3.760823
lichess_db_broadcast_2022-11_2073,92,g8h8,1013,,-1013.000000,0.000000,-0.392859,0.000000,0.000000,-0.392859
lichess_db_broadcast_2022-11_2329,58,a5a4,-67,,67.000000,0.000000,2.402141,0.000000,0.000000,2.402141
lichess_db_broadcast_2022-11_2329,58,a5b4,-120,,120.000000,0.000000,16.813086,0.000000,0.000000,16.813086
lichess_db_broadcast_2022-11_2329,58,a8a6,-31,,31.000000,0.000000,-12.290881,0.000000,0.000000,-12.290881
lichess_db_broadcast_2022-11_2329,58,a8a7,-16,,16.000000,0.000000,-13.283546,0.000000,0.000000,-13.283546
lichess_db_broadcast_2022-11_2329,58,a8b8,-63,,63.000000,0.000000,-14.763891,0.000000,0.000000,-14.763891
lichess_db_broadcast_2022-11_2329,58,a8c8,-59,,59.000000,0.000000,-11.516380,0.000000,0.000000,-11.516380
lichess_db_broadcast_2022-11_2329,58,a8d8,-105,,105.000000,0.000000,-17.928624,0.000000,0.000000,-17.928624
lichess_db_broadcast_2022-11_2329,58,b6a7,-35,,35.000000,0.000000,3.231727,0.000000,0.000000,3.231727
lichess_db_broadcast_2022-11_2329,58,b6c5,357,,-357.000000,0.000000,-7.404942,2.560000,-2.560000,-9.964942
lichess_db_broadcast_2022-11_2329,58,b6c7,-27,,27.000000,0.000000,-1.005963,0.000000,0.000000,-1.005963
lichess_db_broadcast_2022-11_2329,58,b6d4,375,,-375.000000,0.000000,-9.009716,2.560000,-2.560000,-11.569716
lichess_db_broadcast_2022-11_2329,58,b6d8,-21,,21.000000,0.000000,-10.466369,0.000000,0.000000,-10.466369
lichess_db_broadcast_2022-11_2329,58,b6e3,438,,-438.000000,0.000000,-8.105595,0.000000,0.000000,-8.105595
lichess_db_broadcast_2022-11_2329,58,b6f2,397,,-397.000000,0.000000,-11.250197,0.000000,0.000000,-11.250197
lichess_db_broadcast_2022-11_2329,58,b6g1,433,,-433.000000,0.000000,-7.501597,0.900000,-0.900000,-8.401597
lichess_db_broadcast_2022-11_2329,58,b7a6,358,,-358.000000,0.000000,-22.788000,0.000000,0.000000,-22.788000
lichess_db_broadcast_2022-11_2329,58,b7a7,217,,-217.000000,0.000000,29.568047,0.000000,0.000000,29.568047
lichess_db_broadcast_2022-11_2329,58,b7b8,228,,-228.000000,0.000000,34.730198,0.000000,0.000000,34.730198
lichess_db_broadcast_2022-11_2329,58,b7c7,109,,-109.000000,0.000000,-21.714055,0.000000,0.000000,-21.714055
lichess_db_broadcast_2022-11_2329,58,b7c8,229,,-229.000000,0.000000,29.626926,0.000000,0.000000,29.626926
lichess_db_broadcast_2022-11_2329,58,b7d7,467,,-467.000000,0.000000,-15.619381,3.400000,-3.400000,-19.019381
lichess_db_broadcast_2022-11_2329,58,b7e7,43,,-43.000000,0.000000,-25.272799,0.000000,0.000000,-25.272799
lichess_db_broadcast_2022-11_2329,58,b7f7,215,,-215.000000,0.000000,-22.522399,0.000000,0.000000,-22.522399
lichess_db_broadcast_2022-11_2329,58,c6d5,438,,-438.000000,0.000000,-10.225941,2.560000,-2.560000,-12.785941
lichess_db_broadcast_2022-11_2329,58,c6d7,202,,-202.000000,0.000000,-13.127246,0.000000,0.000000,-13.127246
lichess_db_broadcast_2022-11_2329,58,c6e4,537,,-537.000000,-2.560000,19.554577,0.000000,-2.560000,16.994577
lichess_db_broadcast_2022-11_2329,58,e8b8,-34,,34.000000,0.000000,12.153965,0.000000,0.000000,12.153965
lichess_db_broadcast_2022-11_2329,58,e8c8,-32,,32.000000,0.000000,10.891685,0.000000,0.000000,10.891685
lichess_db_broadcast_2022-11_2329,58,e8d8,-115,,115.000000,0.000000,-10.739079,0.000000,0.000000,-10.739079
lichess_db_broadcast_2022-11_2329,58,e8e6,-8,,8.000000,0.000000,-10.638609,0.000000,0.000000,-10.638609
lichess_db_broadcast_2022-11_2329,58,e8e7,-23,,23.000000,0.000000,16.426293,0.000000,0.000000,16.426293
lichess_db_broadcast_2022-11_2329,58,e8f8,-83,,83.000000,0.000000,-6.831728,0.000000,0.000000,-6.831728
lichess_db_broadcast_2022-11_2329,58,e8g8,-71,,71.000000,0.000000,-7.159810,0.000000,0.000000,-7.159810
lichess_db_broadcast_2022-11_2329,58,f6f5,-122,,122.000000,0.000000,-2.458535,0.000000,0.000000,-2.458535
lichess_db_broadcast_2022-11_2329,58,g7g5,170,,-170.000000,0.000000,-2.975573,0.000000,0.000000,-2.975573
lichess_db_broadcast_2022-11_2329,58,g7g6,412,,-412.000000,0.000000,-2.900398,0.000000,0.000000,-2.900398
lichess_db_broadcast_2022-11_2329,58,h7h5,394,,-394.000000,0.000000,-2.923208,0.000000,0.000000,-2.923208
lichess_db_broadcast_2022-11_2329,58,h7h6,327,,-327.000000,0.000000,-3.457641,0.000000,0.000000,-3.457641
lichess_db_broadcast_2022-11_2329,58,h8g8,-44,,44.000000,0.000000,-3.705224,0.000000,0.000000,-3.705224
lichess_db_broadcast_2022-11_2342,55,a2a3,151,,-151.000000,0.000000,1.851983,0.000000,0.000000,1.851983
lichess_db_broadcast_2022-11_2342,55,a2a4,4,,-4.000000,0.000000,1.846061,0.000000,0.000000,1.846061
lichess_db_broadcast_2022-11_2342,55,b3b4,39,,-39.000000,0.000000,-1.899786,0.000000,0.000000,-1.899786
lichess_db_broadcast_2022-11_2342,55,c2b2,11,,-11.000000,0.000000,-8.505051,0.000000,0.000000,-8.505051
lichess_db_broadcast_2022-11_2342,55,c2c1,462,,-462.000000,0.000000,-11.020196,2.000000,-2.000000,-13.020196
lichess_db_broadcast_2022-11_2342,55,c2c3,427,,-427.000000,0.000000,5.547752,4.560000,-4.560000,0.987752
lichess_db_broadcast_2022-11_2342,55,c2c4,-84,,84.000000,0.000000,-2.133402,0.000000,0.000000,-2.133402
lichess_db_broadcast_2022-11_2342,55,c2c5,283,,-283.000000,-4.560000,-18.673104,3.400000,-7.960000,-26.633104
lichess_db_broadcast_2022-11_2342,55,c2d2,261,,-261.000000,0.000000,10.742555,2.000000,-2.000000,8.742555
lichess_db_broadcast_2022-11_2342,55,c2e2,0,,-0.000000,0.000000,-1.621737,0.000000,0.000000,-1.621737
lichess_db_broadcast_2022-11_2342,55,d1a1,270,,-270.000000,0.000000,-13.898114,0.000000,0.000000,-13.898114
lichess_db_broadcast_2022-11_2342,55,d1b1,173,,-173.000000,0.000000,-8.253898,0.000000,0.000000,-8.253898
lichess_db_broadcast_2022-11_2342,55,d1c1,393,,-393.000000,0.000000,-14.382708,2.000000,-2.000000,-16.382708
lichess_db_broadcast_2022-11_2342,55,d1d2,248,,-248.000000,0.000000,7.610158,2.000000,-2.000000,5.610158
lichess_db_broadcast_2022-11_2342,55,d1e1,-145,,145.000000,0.000000,-14.320855,0.000000,0.000000,-14.320855
lichess_db_broadcast_2022-11_2342,55,d1f1,308,,-308.000000,0.000000,-9.862291,0.000000,0.000000,-9.862291
lichess_db_broadcast_2022-11_2342,55,d1g1,283,,-283.000000,0.000000,-14.632869,0.000000,0.000000,-14.632869
lichess_db_broadcast_2022-11_2342,55,d1h1,313,,-313.000000,0.000000,-14.751323,0.000000,0.000000,-14.751323
lichess_db_broadcast_2022-11_2342,55,d3a6,159,,-159.000000,0.000000,-20.518636,0.000000,0.000000,-20.518636
lichess_db_broadcast_2022-11_2342,55,d3b5,760,,-760.000000,0.000000,15.394967,0.000000,0.000000,15.394967
lichess_db_broadcast_2022-11_2342,55,d3c3,430,,-430.000000,0.000000,-15.906245,7.960000,-7.960000,-23.866245
lichess_db_broadcast_2022-11_2342,55,d3c4,0,,-0.000000,0.000000,-14.940613,0.000000,0.000000,-14.940613
lichess_db_broadcast_2022-11_2342,55,d3d2,571,,-571.000000,0.000000,-10.722638,5.400000,-5.400000,-16.122638
lichess_db_broadcast_2022-11_2342,55,d3d4,688,,-688.000000,-7.960000,-22.673682,14.760000,-22.720000,-45.393682
lichess_db_broadcast_2022-11_2342,55,d3e2,-109,,109.000000,0.000000,22.933344,0.000000,0.000000,22.933344
lichess_db_broadcast_2022-11_2342,55,d3e3,629,,-629.000000,0.000000,-17.321577,13.360000,-13.360000,-30.681577
lichess_db_broadcast_2022-11_2342,55,d3e4,-218,,218.000000,0.000000,-14.183761,0.000000,0.000000,-14.183761
lichess_db_broadcast_2022-11_2342,55,d3f1,367,,-367.000000,0.000000,20.383889,0.000000,0.000000,20.383889
lichess_db_broadcast_2022-11_2342,55,d3f5,723,,-723.000000,0.000000,20.034506,11.360000,-11.360000,8.674506
lichess_db_broadcast_2022-11_2342,55,d3g6,671,,-671.000000,-7.960000,-23.905593,14.260000,-22.220000,-46.125593
lichess_db_broadcast_2022-11_2342,55,f3d2,105,,-105.000000,0.000000,4.295507,0.000000,0.000000,4.295507
lichess_db_broadcast_2022-11_2342,55,f3d4,161,,-161.000000,-1.160000,-17.135826,1.160000,-2.320000,-19.455826
lichess_db_broadcast_2022-11_2342,55,f3e1,-159,,159.000000,0.000000,-6.413154,0.000000,0.000000,-6.413154
lichess_db_broadcast_2022-11_2342,55,f3g1,-130,,130.000000,0.000000,-3.584135,0.000000,0.000000,-3.584135
lichess_db_broadcast_2022-11_2342,55,f3g5,439,,-439.000000,0.000000,-4.025884,0.000000,0.000000,-4.025884
lichess_db_broadcast_2022-11_2342,55,f3h2,-107,,107.000000,0.000000,-3.440242,0.000000,0.000000,-3.440242
lichess_db_broadcast_2022-11_2342,55,f3h4,40,,-40.000000,0.000000,-3.922153,0.000000,0.000000,-3.922153
lichess_db_broadcast_2022-11_2342,55,g2f1,122,,-122.000000,0.000000,6.723747,0.000000,0.000000,6.723747
lichess_db_broadcast_2022-11_2342,55,g2g1,-100,,100.000000,0.000000,-6.086659,0.000000,0.000000,-6.086659
lichess_db_broadcast_2022-11_2342,55,g2h1,277,,-277.000000,0.000000,-5.427621,0.000000,0.000000,-5.427621
lichess_db_broadcast_2022-11_2342,55,g2h2,-193,,193.000000,0.000000,-5.330874,0.000000,0.000000,-5.330874
lichess_db_broadcast_2022-11_2342,55,g3g4,499,,-499.000000,0.000000,2.203514,0.000000,0.000000,2.203514
lichess_db_broadcast_2022-11_2342,55,h3h4,-23,,23.000000,0.000000,-3.082336,0.000000,0.000000,-3.082336
lichess_db_broadcast_2022-11_2640,46,a6a5,223,,-223.000000,0.000000,1.541445,0.000000,0.000000,1.541445
lichess_db_broadcast_2022-11_2640,46,b6a5,685,,-685.000000,0.000000,10.514660,3.400000,-3.400000,7.114660
lichess_db_broadcast_2022-11_2640,46,b6a7,25,,-25.000000,0.000000,-1.566194,0.000000,0.000000,-1.566194
lichess_db_broadcast_2022-11_2640,46,b6b3,602,,-602.000000,-7.960000,29.430794,7.960000,-15.920000,13.510794
lichess_db_broadcast_2022-11_2640,46,b6b4,125,,-125.000000,0.000000,9.085828,0.000000,0.000000,9.085828
lichess_db_broadcast_2022-11_2640,46,b6b5,609,,-609.000000,0.000000,7.343339,11.360000,-11.360000,-4.016661
lichess_db_broadcast_2022-11_2640,46,b6c5,598,,-598.000000,0.000000,8.411998,3.400000,-3.400000,5.011998
lichess_db_broadcast_2022-11_2640,46,b6c6,22,,-22.000000,0.000000,14.457190,0.000000,0.000000,14.457190
lichess_db_broadcast_2022-11_2640,46,b6c7,128,,-128.000000,0.000000,9.951121,0.000000,0.000000,9.951121
lichess_db_broadcast_2022-11_2640,46,b6d4,663,,-663.000000,0.000000,23.863019,6.800000,-6.800000,17.063019
lichess_db_broadcast_2022-11_2640,46,b6d8,104,,-104.000000,0.000000,10.517068,0.000000,0.000000,10.517068
lichess_db_broadcast_2022-11_2640,46,b6e3,637,,-637.000000,0.000000,23.095211,7.960000,-7.960000,15.135211
lichess_db_broadcast_2022-11_2640,46,b6f2,411,,-411.000000,-7.960000,24.296888,6.300000,-14.260000,10.036888
lichess_db_broadcast_2022-11_2640,46,c8a8,212,,-212.000000,0.000000,-10.124734,0.000000,0.000000,-10.124734
lichess_db_broadcast_2022-11_2640,46,c8b8,118,,-118.000000,0.000000,8.747470,0.000000,0.000000,8.747470
lichess_db_broadcast_2022-11_2640,46,c8c4,415,,-415.000000,-4.560000,16.624070,4.560000,-9.120000,7.504070
lichess_db_broadcast_2022-11_2640,46,c8c5,165,,-165.000000,0.000000,9.155250,0.000000,0.000000,9.155250
lichess_db_broadcast_2022-11_2640,46,c8c6,45,,-45.000000,0.000000,16.207685,0.000000,0.000000,16.207685
lichess_db_broadcast_2022-11_2640,46,c8c7,45,,-45.000000,0.000000,9.331062,0.000000,0.000000,9.331062
lichess_db_broadcast_2022-11_2640,46,c8d8,84,,-84.000000,0.000000,9.039984,0.000000,0.000000,9.039984
lichess_db_broadcast_2022-11_2640,46,c8e8,81,,-81.000000,0.000000,-2.292168,0.000000,0.000000,-2.292168
lichess_db_broadcast_2022-11_2640,46,e7e5,283,,-283.000000,0.000000,-1.483037,0.000000,0.000000,-1.483037
lichess_db_broadcast_2022-11_2640,46,e7e6,323,,-323.000000,0.000000,-2.299934,0.000000,0.000000,-2.299934
lichess_db_broadcast_2022-11_2640,46,f5f4,411,,-411.000000,0.000000,-1.817938,0.000000,0.000000,-1.817938
lichess_db_broadcast_2022-11_2640,46,f8d8,88,,-88.000000,0.000000,10.322803,0.000000,0.000000,10.322803
lichess_db_broadcast_2022-11_2640,46,f8e8,106,,-106.000000,0.000000,9.474320,0.000000,0.000000,9.474320
lichess_db_broadcast_2022-11_2640,46,f8f6,127,,-127.000000,0.000000,8.141524,0.000000,0.000000,8.141524
lichess_db_broadcast_2022-11_2640,46,f8f7,30,,-30.000000,0.000000,-3.572408,0.000000,0.000000,-3.572408
lichess_db_broadcast_2022-11_2640,46,f8g8,75,,-75.000000,0.000000,10.339177,0.000000,0.000000,10.339177
lichess_db_broadcast_2022-11_2640,46,f8h8,213,,-213.000000,0.000000,12.419949,0.000000,0.000000,12.419949
lichess_db_broadcast_2022-11_2640,46,g4e3,438,,-438.000000,0.000000,7.521699,1.160000,-1.160000,6.361699
lichess_db_broadcast_2022-11_2640,46,g4e5,25,,-25.000000,0.000000,6.651228,0.000000,0.000000,6.651228
lichess_db_broadcast_2022-11_2640,46,g4f2,393,,-393.000000,-1.160000,16.803161,0.000000,-1.160000,15.643161
lichess_db_broadcast_2022-11_2640,46,g4f6,39,,-39.000000,0.000000,3.188055,0.000000,0.000000,3.188055
lichess_db_broadcast_2022-11_2640,46,g4h2,448,,-448.000000,-1.160000,16.375800,0.000000,-1.160000,15.215800
lichess_db_broadcast_2022-11_2640,46,g6g5,238,,-238.000000,0.000000,2.176710,0.000000,0.000000,2.176710
lichess_db_broadcast_2022-11_2640,46,h6h5,50,,-50.000000,0.000000,-2.561085,0.000000,0.000000,-2.561085
lichess_db_broadcast_2022-11_2640,46,h7g7,61,,-61.000000,0.000000,6.930668,0.000000,0.000000,6.930668
lichess_db_broadcast_2022-11_2640,46,h7g8,79,,-79.000000,0.000000,3.131723,0.000000,0.000000,3.131723
lichess_db_broadcast_2022-11_2640,46,h7h8,99,,-99.000000,0.000000,2.277470,0.000000,0.000000,2.277470
lichess_db_broadcast_2022-11_2640,94,a6a5,667,,-667.000000,0.000000,1.485481,0.000000,0.000000,1.485481
lichess_db_broadcast_2022-11_2640,94,b7b5,627,,-627.000000,0.000000,-1.785074,0.000000,0.000000,-1.785074
lichess_db_broadcast_2022-11_2640,94,b7b6,666,,-666.000000,0.000000,-1.998616,0.000000,0.000000,-1.998616
lichess_db_broadcast_2022-11_2640,94,d5d4,694,,-694.000000,0.000000,-1.131726,0.000000,0.000000,-1.131726
lichess_db_broadcast_2022-11_2640,94,e2a2,39,,-39.000000,0.000000,-2.509574,0.000000,0.000000,-2.509574
lichess_db_broadcast_2022-11_2640,94,e2b2,12,,-12.000000,0.000000,-2.509574,0.000000,0.000000,-2.509574
lichess_db_broadcast_2022-11_2640,94,e2c2,50,,-50.000000,0.000000,-2.509574,0.000000,0.000000,-2.509574
lichess_db_broadcast_2022-11_2640,94,e2d2,50,,-50.000000,0.000000,-2.428114,0.000000,0.000000,-2.428114
lichess_db_broadcast_2022-11_2640,94,e2e1,60,,-60.000000,0.000000,-2.509574,0.000000,0.000000,-2.509574
lichess_db_broadcast_2022-11_2640,94,e2e3,644,,-644.000000,0.000000,6.446616,2.900000,-2.900000,3.546616
lichess_db_broadcast_2022-11_2640,94,e2e4,31,,-31.000000,0.000000,-0.411581,2.900000,-2.900000,-3.311581
lichess_db_broadcast_2022-11_2640,94,e2e5,86,,-86.000000,0.000000,-2.423122,0.000000,0.000000,-2.423122
lichess_db_broadcast_2022-11_2640,94,e2e6,27,,-27.000000,0.000000,-2.509574,0.000000,0.000000,-2.509574
lichess_db_broadcast_2022-11_2640,94,e2e7,81,,-81.000000,0.000000,-2.428114,0.000000,0.000000,-2.428114
lichess_db_broadcast_2022-11_2640,94,e2e8,83,,-83.000000,0.000000,-3.156475,0.000000,0.000000,-3.156475
lichess_db_broadcast_2022-11_2640,94,e2f2,677,,-677.000000,0.000000,-1.240019,2.900000,-2.900000,-4.140019
lichess_db_broadcast_2022-11_2640,94,e2g2,633,,-633.000000,0.000000,-0.207362,2.900000,-2.900000,-3.107362
lichess_db_broadcast_2022-11_2640,94,e2h2,659,,-659.000000,0.000000,-3.678049,0.000000,0.000000,-3.678049
lichess_db_broadcast_2022-11_2640,94,g8f8,667,,-667.000000,0.000000,0.000000,0.000000,0.000000,0.000000
lichess_db_broadcast_2022-11_2640,94,g8g7,621,,-621.000000,0.000000,0.942077,0.000000,0.000000,0.942077
lichess_db_broadcast_2022-11_2640,94,g8h8,672,,-672.000000,0.000000,-1.301079,0.000000,0.000000,-1.301079
lichess_db_broadcast_2022-11_2640,94,h5h4,670,,-670.000000,0.000000,1.348599,0.000000,0.000000,1.348599
lichess_db_broadcast_2022-11_2640,107,d7b7,547,,-547.000000,-4.560000,16.258040,0.000000,-4.560000,11.698040
lichess_db_broadcast_2022-11_2640,107,d7c7,0,,-0.000000,0.000000,-0.522083,0.000000,0.000000,-0.522083
lichess_db_broadcast_2022-11_2640,107,d7d5,5,,-5.000000,-4.560000,16.028080,0.000000,-4.560000,11.468080
lichess_db_broadcast_2022-11_2640,107,d7d6,-19,,19.000000,0.000000,0.881021,0.000000,0.000000,0.881021
lichess_db_broadcast_2022-11_2640,107,d7d8,-12,,12.000000,0.000000,2.297683,0.000000,0.000000,2.297683
lichess_db_broadcast_2022-11_2640,107,d7e7,0,,-0.000000,0.000000,-0.522083,0.000000,0.000000,-0.522083
lichess_db_broadcast_2022-11_2640,107,d7f7,564,,-564.000000,0.000000,2.252256,2.900000,-2.900000,-0.647744
lichess_db_broadcast_2022-11_2640,107,f5e5,0,,-0.000000,0.000000,0.741232,0.000000,0.000000,0.741232
lichess_db_broadcast_2022-11_2640,107,f5e6,0,,-0.000000,0.000000,1.877116,0.000000,0.000000,1.877116
lichess_db_broadcast_2022-11_2640,107,f5f6,0,,-0.000000,0.000000,0.813707,0.000000,0.000000,0.813707
lichess_db_broadcast_2022-11_2640,107,f5g6,-13,,13.000000,0.000000,1.206489,0.000000,0.000000,1.206489
lichess_db_broadcast_2022-11_2640,107,g3g4,0,,-0.000000,0.000000,1.212285,0.000000,0.000000,1.212285
lichess_db_broadcast_2022-11_2640,107,g5g6,0,,-0.000000,0.000000,1.752324,0.000000,0.000000,1.752324
lichess_db_broadcast_2022-11_2658,61,a2a3,-7,,7.000000,0.000000,-1.649748,0.000000,0.000000,-1.649748
lichess_db_broadcast_2022-11_2658,61,a2a4,-22,,22.000000,0.000000,-1.862043,0.000000,0.000000,-1.862043
lichess_db_broadcast_2022-11_2658,61,b3b4,30,,-30.000000,0.000000,-1.153728,0.000000,0.000000,-1.153728
lichess_db_broadcast_2022-11_2658,61,e2b2,718,,-718.000000,0.000000,-22.100689,0.000000,0.000000,-22.100689
lichess_db_broadcast_2022-11_2658,61,e2c2,-11,,11.000000,0.000000,-23.853205,0.000000,0.000000,-23.853205
lichess_db_broadcast_2022-11_2658,61,e2d1,0,,-0.000000,0.000000,24.152592,0.000000,0.000000,24.152592
lichess_db_broadcast_2022-11_2658,61,e2d2,-1,,1.000000,0.000000,-19.753537,0.000000,0.000000,-19.753537
lichess_db_broadcast_2022-11_2658,61,e2d3,-10,,10.000000,0.000000,-19.310976,0.000000,0.000000,-19.310976
lichess_db_broadcast_2022-11_2658,61,e2e1,16,,-16.000000,0.000000,31.407269,0.000000,0.000000,31.407269
lichess_db_broadcast_2022-11_2658,61,e2f1,16,,-16.000000,0.000000,-24.011409,0.000000,0.000000,-24.011409
lichess_db_broadcast_2022-11_2658,61,e3c3,504,,-504.000000,0.000000,-12.643475,0.000000,0.000000,-12.643475
lichess_db_broadcast_2022-11_2658,61,e3d3,16,,-16.000000,0.000000,-6.690125,0.000000,0.000000,-6.690125
lichess_db_broadcast_2022-11_2658,61,e3e4,360,,-360.000000,0.000000,8.141864,2.000000,-2.000000,6.141864
lichess_db_broadcast_2022-11_2658,61,e3e5,572,,-572.000000,0.000000,-10.289107,4.560000,-4.560000,-14.849107
lichess_db_broadcast_2022-11_2658,61,e3e6,-39,,39.000000,0.000000,-10.235379,0.000000,0.000000,-10.235379
lichess_db_broadcast_2022-11_2658,61,e3e7,500,,-500.000000,0.000000,-10.202124,0.000000,0.000000,-10.202124
lichess_db_broadcast_2022-11_2658,61,e3e8,443,,-443.000000,0.000000,10.683204,2.000000,-2.000000,8.683204
lichess_db_broadcast_2022-11_2658,61,f2e1,-35,,35.000000,0.000000,10.468510,0.000000,0.000000,10.468510
lichess_db_broadcast_2022-11_2658,61,f2g3,167,,-167.000000,0.000000,13.090826,0.000000,0.000000,13.090826
lichess_db_broadcast_2022-11_2658,61,f2h4,397,,-397.000000,0.000000,-12.909950,0.000000,0.000000,-12.909950
lichess_db_broadcast_2022-11_2658,61,f3f4,84,,-84.000000,0.000000,-2.313471,0.000000,0.000000,-2.313471
lichess_db_broadcast_2022-11_2658,61,g1a1,491,,-491.000000,0.000000,-9.354888,0.000000,0.000000,-9.354888
lichess_db_broadcast_2022-11_2658,61,g1b1,39,,-39.000000,0.000000,-5.102711,0.000000,0.000000,-5.102711
lichess_db_broadcast_2022-11_2658,61,g1c1,36,,-36.000000,0.000000,-5.086815,0.000000,0.000000,-5.086815
lichess_db_broadcast_2022-11_2658,61,g1d1,31,,-31.000000,0.000000,9.228984,0.000000,0.000000,9.228984
lichess_db_broadcast_2022-11_2658,61,g1e1,8,,-8.000000,0.000000,10.533454,0.000000,0.000000,10.533454
lichess_db_broadcast_2022-11_2658,61,g1f1,-13,,13.000000,0.000000,18.672006,0.000000,0.000000,18.672006
lichess_db_broadcast_2022-11_2658,61,g2g3,704,,-704.000000,0.000000,-2.116033,0.000000,0.000000,-2.116033
lichess_db_broadcast_2022-11_2658,61,g2g4,700,,-700.000000,0.000000,-1.414450,0.000000,0.000000,-1.414450
lichess_db_broadcast_2022-11_2658,61,h2h3,-57,,57.000000,0.000000,-1.600305,0.000000,0.000000,-1.600305
lichess_db_broadcast_2022-11_2658,61,h2h4,-24,,24.000000,0.000000,-2.229224,0.000000,0.000000,-2.229224
lichess_db_broadcast_2022-11_2658,64,a7a5,45,,-45.000000,0.000000,-2.436670,0.000000,0.000000,-2.436670
lichess_db_broadcast_2022-11_2658,64,a7a6,39,,-39.000000,0.000000,-2.304739,0.000000,0.000000,-2.304739
lichess_db_broadcast_2022-11_2658,64,c6a4,485,,-485.000000,0.000000,-3.932399,2.560000,-2.560000,-6.492399
lichess_db_broadcast_2022-11_2658,64,c6a8,62,,-62.000000,0.000000,-3.835268,0.000000,0.000000,-3.835268
lichess_db_broadcast_2022-11_2658,64,c6b5,466,,-466.000000,0.000000,-11.334296,2.560000,-2.560000,-13.894296
lichess_db_broadcast_2022-11_2658,64,c6b7,66,,-66.000000,0.000000,4.986357,0.000000,0.000000,4.986357
lichess_db_broadcast_2022-11_2658,64,c6d5,484,,-484.000000,0.000000,-6.906204,2.560000,-2.560000,-9.466204
lichess_db_broadcast_2022-11_2658,64,c6d7,56,,-56.000000,0.000000,-6.904524,0.000000,0.000000,-6.904524
lichess_db_broadcast_2022-11_2658,64,c6e4,503,,-503.000000,0.000000,-9.870696,2.560000,-2.560000,-12.430696
lichess_db_broadcast_2022-11_2658,64,c6e8,495,,-495.000000,0.000000,-9.789063,0.000000,0.000000,-9.789063
lichess_db_broadcast_2022-11_2658,64,c6f3,397,,-397.000000,-2.560000,19.642696,2.560000,-5.120000,14.522696
lichess_db_broadcast_2022-11_2658,64,d6d5,118,,-118.000000,0.000000,-2.542818,0.000000,0.000000,-2.542818
lichess_db_broadcast_2022-11_2658,64,f5d5,464,,-464.000000,0.000000,-8.329870,4.560000,-4.560000,-12.889870
lichess_db_broadcast_2022-11_2658,64,f5e5,56,,-56.000000,0.000000,-9.822985,0.000000,0.000000,-9.822985
lichess_db_broadcast_2022-11_2658,64,f5f3,283,,-283.000000,-4.560000,21.234390,4.560000,-9.120000,12.114390
lichess_db_broadcast_2022-11_2658,64,f5f4,48,,-48.000000,0.000000,5.062311,0.000000,0.000000,5.062311
lichess_db_broadcast_2022-11_2658,64,f5f6,57,,-57.000000,0.000000,4.599564,0.000000,0.000000,4.599564
lichess_db_broadcast_2022-11_2658,64,f7d7,66,,-66.000000,0.000000,-6.789898,0.000000,0.000000,-6.789898
lichess_db_broadcast_2022-11_2658,64,f7e7,560,,-560.000000,0.000000,-13.899861,0.000000,0.000000,-13.899861
lichess_db_broadcast_2022-11_2658,64,f7f6,54,,-54.000000,0.000000,-8.683426,0.000000,0.000000,-8.683426
lichess_db_broadcast_2022-11_2658,64,f7f8,55,,-55.000000,0.000000,-3.317029,0.000000,0.000000,-3.317029
lichess_db_broadcast_2022-11_2658,64,g5d8,84,,-84.000000,0.000000,-8.441671,0.000000,0.000000,-8.441671
lichess_db_broadcast_2022-11_2658,64,g5e3,397,,-397.000000,-3.400000,476.280446,5.400000,-8.800000,467.480446
lichess_db_broadcast_2022-11_2658,64,g5e7,653,,-653.000000,0.000000,-18.405358,3.400000,-3.400000,-21.805358
lichess_db_broadcast_2022-11_2658,64,g5f4,49,,-49.000000,0.000000,-9.865450,0.000000,0.000000,-9.865450
lichess_db_broadcast_2022-11_2658,64,g5f6,60,,-60.000000,0.000000,-23.058678,0.000000,0.000000,-23.058678
lichess_db_broadcast_2022-11_2658,64,g5g2,499,,-499.000000,-7.960000,35.989370,9.700000,-17.660000,18.329370
lichess_db_broadcast_2022-11_2658,64,g5g3,618,,-618.000000,0.000000,18.186358,13.360000,-13.360000,4.826358
lichess_db_broadcast_2022-11_2658,64,g5g4,412,,-412.000000,0.000000,-16.021595,7.960000,-7.960000,-23.981595
lichess_db_broadcast_2022-11_2658,64,g5g6,60,,-60.000000,0.000000,-18.517191,0.000000,0.000000,-18.517191
lichess_db_broadcast_2022-11_2658,64,g5h4,662,,-662.000000,0.000000,-12.286790,5.400000,-5.400000,-17.686790
lichess_db_broadcast_2022-11_2658,64,g5h6,47,,-47.000000,0.000000,-7.802989,0.000000,0.000000,-7.802989
lichess_db_broadcast_2022-11_2658,64,g7g6,64,,-64.000000,0.000000,2.212679,0.000000,0.000000,2.212679
lichess_db_broadcast_2022-11_2658,64,h5h4,72,,-72.000000,0.000000,2.201765,0.000000,0.000000,2.201765
lichess_db_broadcast_2022-11_2658,64,h7g6,66,,-66.000000,0.000000,14.330003,0.000000,0.000000,14.330003
lichess_db_broadcast_2022-11_2658,64,h7g8,43,,-43.000000,0.000000,-4.505110,0.000000,0.000000,-4.505110
lichess_db_broadcast_2022-11_2658,64,h7h6,72,,-72.000000,0.000000,-4.722923,0.000000,0.000000,-4.722923
lichess_db_broadcast_2022-11_2658,64,h7h8,68,,-68.000000,0.000000,-1.273980,0.000000,0.000000,-1.273980
lichess_db_broadcast_2022-11_2686,49,a3a4,441,,-441.000000,0.000000,-1.758635,0.000000,0.000000,-1.758635
lichess_db_broadcast_2022-11_2686,49,b4a5,169,,-169.000000,0.000000,7.311271,0.000000,0.000000,7.311271
lichess_db_broadcast_2022-11_2686,49,b4c3,406,,-406.000000,-2.560000,-17.731787,1.400000,-3.960000,-21.691787
lichess_db_broadcast_2022-11_2686,49,b4c5,118,,-118.000000,0.000000,7.270902,0.000000,0.000000,7.270902
lichess_db_broadcast_2022-11_2686,49,b4d6,177,,-177.000000,0.000000,6.644312,0.000000,0.000000,6.644312
lichess_db_broadcast_2022-11_2686,49,b4e7,512,,-512.000000,0.000000,-0.826224,1.400000,-1.400000,-2.226224
lichess_db_broadcast_2022-11_2686,49,b4f8,506,,-506.000000,0.000000,7.359439,0.900000,-0.900000,6.459439
lichess_db_broadcast_2022-11_2686,49,c1a1,242,,-242.000000,0.000000,7.336051,0.000000,0.000000,7.336051
lichess_db_broadcast_2022-11_2686,49,c1b1,169,,-169.000000,0.000000,-13.608831,0.000000,0.000000,-13.608831
lichess_db_broadcast_2022-11_2686,49,c1d1,246,,-246.000000,0.000000,-4.466851,0.000000,0.000000,-4.466851
lichess_db_broadcast_2022-11_2686,49,c1e1,289,,-289.000000,0.000000,7.877641,0.000000,0.000000,7.877641
lichess_db_broadcast_2022-11_2686,49,c1f1,252,,-252.000000,0.000000,7.573001,0.000000,0.000000,7.573001
lichess_db_broadcast_2022-11_2686,49,c2a2,206,,-206.000000,0.000000,-8.454408,0.000000,0.000000,-8.454408
lichess_db_broadcast_2022-11_2686,49,c2a4,720,,-720.000000,0.000000,-9.758904,14.760000,-14.760000,-24.518904
lichess_db_broadcast_2022-11_2686,49,c2b1,134,,-134.000000,0.000000,-16.683977,0.000000,0.000000,-16.683977
lichess_db_broadcast_2022-11_2686,49,c2b2,825,,-825.000000,0.000000,-19.636732,7.960000,-7.960000,-27.596732
lichess_db_broadcast_2022-11_2686,49,c2b3,138,,-138.000000,0.000000,20.507943,0.000000,0.000000,20.507943
lichess_db_broadcast_2022-11_2686,49,c2c3,584,,-584.000000,-7.960000,-21.168817,10.200000,-18.160000,-39.328817
lichess_db_broadcast_2022-11_2686,49,c2d1,211,,-211.000000,0.000000,11.596696,0.000000,0.000000,11.596696
lichess_db_broadcast_2022-11_2686,49,c2d2,687,,-687.000000,0.000000,19.517984,7.960000,-7.960000,11.557984
lichess_db_broadcast_2022-11_2686,49,c2d3,273,,-273.000000,0.000000,-8.232391,0.000000,0.000000,-8.232391
lichess_db_broadcast_2022-11_2686,49,c2e4,186,,-186.000000,0.000000,-18.142863,0.000000,0.000000,-18.142863
lichess_db_broadcast_2022-11_2686,49,c2f5,692,,-692.000000,0.000000,17.813903,7.960000,-7.960000,9.853903
lichess_db_broadcast_2022-11_2686,49,c2g6,713,,-713.000000,0.000000,9.193124,7.960000,-7.960000,1.233124
lichess_db_broadcast_2022-11_2686,49,c2h7,714,,-714.000000,0.000000,25.839170,6.300000,-6.300000,19.539170
lichess_db_broadcast_2022-11_2686,49,e2e3,207,,-207.000000,0.000000,1.651807,0.000000,0.000000,1.651807
lichess_db_broadcast_2022-11_2686,49,e2e4,207,,-207.000000,0.000000,-2.108551,0.000000,0.000000,-2.108551
lichess_db_broadcast_2022-11_2686,49,f2f3,331,,-331.000000,0.000000,-2.058430,0.000000,0.000000,-2.058430
lichess_db_broadcast_2022-11_2686,49,f2f4,308,,-308.000000,0.000000,1.812442,0.000000,0.000000,1.812442
lichess_db_broadcast_2022-11_2686,49,g1f1,247,,-247.000000,0.000000,1.693975,0.000000,0.000000,1.693975
lichess_db_broadcast_2022-11_2686,49,g1h1,316,,-316.000000,0.000000,-4.986037,0.000000,0.000000,-4.986037
lichess_db_broadcast_2022-11_2686,49,g2e1,139,,-139.000000,0.000000,6.458274,0.000000,0.000000,6.458274
lichess_db_broadcast_2022-11_2686,49,g2e3,135,,-135.000000,0.000000,7.524206,0.000000,0.000000,7.524206
lichess_db_broadcast_2022-11_2686,49,g2f4,172,,-172.000000,0.000000,5.642894,0.000000,0.000000,5.642894
lichess_db_broadcast_2022-11_2686,49,g2h4,267,,-267.000000,0.000000,5.309011,0.000000,0.000000,5.309011
lichess_db_broadcast_2022-11_2686,49,g3g4,284,,-284.000000,0.000000,0.945001,0.000000,0.000000,0.945001
lichess_db_broadcast_2022-11_2686,49,h2h3,224,,-224.000000,0.000000,1.459800,0.000000,0.000000,1.459800
lichess_db_broadcast_2022-11_2686,49,h2h4,223,,-223.000000,0.000000,1.592915,0.000000,0.000000,1.592915
lichess_db_broadcast_2022-11_2890,22,a6a5,291,,-291.000000,0.000000,2.335794,0.000000,0.000000,2.335794
lichess_db_broadcast_2022-11_2890,22,a8a7,313,,-313.000000,0.000000,-28.399011,0.000000,0.000000,-28.399011
lichess_db_broadcast_2022-11_2890,22,b4b3,175,,-175.000000,0.000000,-2.022608,0.000000,0.000000,-2.022608
lichess_db_broadcast_2022-11_2890,22,b8c6,87,,-87.000000,0.000000,-8.448051,0.000000,0.000000,-8.448051
lichess_db_broadcast_2022-11_2890,22,b8d7,103,,-103.000000,0.000000,-4.761832,0.000000,0.000000,-4.761832
lichess_db_broadcast_2022-11_2890,22,c5c4,232,,-232.000000,0.000000,-1.834054,0.000000,0.000000,-1.834054
lichess_db_broadcast_2022-11_2890,22,c5d4,170,,-170.000000,0.000000,16.252728,0.000000,0.000000,16.252728
lichess_db_broadcast_2022-11_2890,22,c8b7,37,,-37.000000,0.000000,-11.127125,0.000000,0.000000,-11.127125
lichess_db_broadcast_2022-11_2890,22,c8d7,117,,-117.000000,0.000000,-5.814098,0.000000,0.000000,-5.814098
lichess_db_broadcast_2022-11_2890,22,d8a5,208,,-208.000000,0.000000,-34.104656,0.000000,0.000000,-34.104656
lichess_db_broadcast_2022-11_2890,22,d8b6,143,,-143.000000,0.000000,-39.022732,0.000000,0.000000,-39.022732
lichess_db_broadcast_2022-11_2890,22,d8c7,604,,-604.000000,0.000000,-38.103639,5.400000,-5.400000,-43.503639
lichess_db_broadcast_2022-11_2890,22,d8d6,611,,-611.000000,0.000000,-38.600601,5.400000,-5.400000,-44.000601
lichess_db_broadcast_2022-11_2890,22,d8d7,188,,-188.000000,0.000000,-39.799424,0.000000,0.000000,-39.799424
lichess_db_broadcast_2022-11_2890,22,d8e7,89,,-89.000000,0.000000,-39.269913,0.000000,0.000000,-39.269913
lichess_db_broadcast_2022-11_2890,22,d8f6,377,,-377.000000,0.000000,-44.973594,0.000000,0.000000,-44.973594
lichess_db_broadcast_2022-11_2890,22,d8g5,622,,-622.000000,0.000000,-39.731623,13.360000,-13.360000,-53.091623
lichess_db_broadcast_2022-11_2890,22,d8h4,580,,-580.000000,-7.960000,-39.607445,3.400000,-11.360000,-50.967445
lichess_db_broadcast_2022-11_2890,22,e4c3,369,,-369.000000,0.000000,1.568358,1.160000,-1.160000,0.408358
lichess_db_broadcast_2022-11_2890,22,e4d2,344,,-344.000000,0.000000,7.351836,0.000000,0.000000,7.351836
lichess_db_broadcast_2022-11_2890,22,e4d6,177,,-177.000000,0.000000,6.899239,0.000000,0.000000,6.899239
lichess_db_broadcast_2022-11_2890,22,e4f2,371,,-371.000000,-1.160000,16.369038,0.000000,-1.160000,15.209038
lichess_db_broadcast_2022-11_2890,22,e4f6,60,,-60.000000,0.000000,3.986636,0.000000,0.000000,3.986636
lichess_db_broadcast_2022-11_2890,22,e4g3,121,,-121.000000,0.000000,49.206465,1.160000,-1.160000,48.046465
lichess_db_broadcast_2022-11_2890,22,e4g5,407,,-407.000000,0.000000,5.649381,1.160000,-1.160000,4.489381
lichess_db_broadcast_2022-11_2890,22,e6e5,335,,-335.000000,0.000000,1.980371,0.000000,0.000000,1.980371
lichess_db_broadcast_2022-11_2890,22,e8d7,412,,-412.000000,0.000000,-12.061964,0.000000,0.000000,-12.061964
lichess_db_broadcast_2022-11_2890,22,e8e7,321,,-321.000000,0.000000,-12.943944,0.000000,0.000000,-12.943944
lichess_db_broadcast_2022-11_2890,22,f7f5,235,,-235.000000,0.000000,-1.895269,0.000000,0.000000,-1.895269
lichess_db_broadcast_2022-11_2890,22,f7f6,421,,-421.000000,0.000000,2.376406,0.000000,0.000000,2.376406
lichess_db_broadcast_2022-11_2890,22,f8d6,289,,-289.000000,0.000000,-9.232194,0.000000,0.000000,-9.232194
lichess_db_broadcast_2022-11_2890,22,f8e7,283,,-283.000000,0.000000,-9.426800,0.000000,0.000000,-9.426800
lichess_db_broadcast_2022-11_2890,22,f8g7,236,,-236.000000,0.000000,-11.722088,0.000000,0.000000,-11.722088
lichess_db_broadcast_2022-11_2890,22,h6h5,302,,-302.000000,0.000000,-2.646476,0.000000,0.000000,-2.646476
lichess_db_broadcast_2022-11_2890,22,h8g8,270,,-270.000000,0.000000,-22.453683,0.000000,0.000000,-22.453683
lichess_db_broadcast_2022-11_2890,22,h8h7,348,,-348.000000,0.000000,-26.844588,0.000000,0.000000,-26.844588
lichess_db_broadcast_2022-11_2890,47,c1b1,549,,-549.000000,0.000000,-2.695178,0.000000,0.000000,-2.695178
lichess_db_broadcast_2022-11_2890,47,c1d2,554,,-554.000000,0.000000,-6.506156,0.000000,0.000000,-6.506156
lichess_db_broadcast_2022-11_2890,47,c2c3,526,,-526.000000,0.000000,1.706892,0.000000,0.000000,1.706892
lichess_db_broadcast_2022-11_2890,47,c2c4,425,,-425.000000,0.000000,-1.164694,0.000000,0.000000,-1.164694
lichess_db_broadcast_2022-11_2890,47,d1d2,580,,-580.000000,0.000000,-8.956014,0.000000,0.000000,-8.956014
lichess_db_broadcast_2022-11_2890,47,d1d3,592,,-592.000000,0.000000,-9.991381,4.560000,-4.560000,-14.551381
lichess_db_broadcast_2022-11_2890,47,d1e1,587,,-587.000000,0.000000,-5.515862,0.000000,0.000000,-5.515862
lichess_db_broadcast_2022-11_2890,47,d4e5,158,,-158.000000,2.560000,-160.933930,0.000000,2.560000,-158.373930
lichess_db_broadcast_2022-11_2890,47,f1a6,435,,-435.000000,-2.560000,18.224428,0.000000,-2.560000,15.664428
lichess_db_broadcast_2022-11_2890,47,f1b5,461,,-461.000000,0.000000,-4.834722,2.560000,-2.560000,-7.394722
lichess_db_broadcast_2022-11_2890,47,f1c4,495,,-495.000000,0.000000,-9.204191,0.000000,0.000000,-9.204191
lichess_db_broadcast_2022-11_2890,47,f1d3,521,,-521.000000,0.000000,-3.853256,2.560000,-2.560000,-6.413256
lichess_db_broadcast_2022-11_2890,47,f1e2,505,,-505.000000,0.000000,-6.816842,0.000000,0.000000,-6.816842
lichess_db_broadcast_2022-11_2890,47,f1g2,562,,-562.000000,0.000000,-5.430203,0.000000,0.000000,-5.430203
lichess_db_broadcast_2022-11_2890,47,f1h3,526,,-526.000000,0.000000,5.957627,0.000000,0.000000,5.957627
lichess_db_broadcast_2022-11_2890,47,f2f3,535,,-535.000000,0.000000,-1.371187,0.000000,0.000000,-1.371187
lichess_db_broadcast_2022-11_2890,47,f2f4,564,,-564.000000,0.000000,1.736768,0.000000,0.000000,1.736768
lichess_db_broadcast_2022-11_2890,47,h1g1,520,,-520.000000,0.000000,-14.258886,0.000000,0.000000,-14.258886
lichess_db_broadcast_2022-11_2890,47,h1h2,776,,-776.000000,0.000000,-15.355369,2.000000,-2.000000,-17.355369
lichess_db_broadcast_2022-11_2890,47,h1h3,585,,-585.000000,0.000000,-14.575460,0.000000,0.000000,-14.575460
lichess_db_broadcast_2022-11_2890,47,h5f4,746,,-746.000000,0.000000,-3.842692,0.000000,0.000000,-3.842692
lichess_db_broadcast_2022-11_2890,47,h5f6,742,,-742.000000,0.000000,7.950898,0.000000,0.000000,7.950898
lichess_db_broadcast_2022-11_2890,47,h5g3,580,,-580.000000,0.000000,-4.376686,0.000000,0.000000,-4.376686
lichess_db_broadcast_2022-11_2890,47,h5g7,713,,-713.000000,0.000000,-3.230412,0.000000,0.000000,-3.230412
lichess_db_broadcast_2022-11_2890,81,b1a1,773,,-773.000000,0.000000,-0.365346,0.000000,0.000000,-0.365346
lichess_db_broadcast_2022-11_2890,81,b1a2,788,,-788.000000,0.000000,0.719817,0.000000,0.000000,0.719817
lichess_db_broadcast_2022-11_2890,81,b1c1,778,,-778.000000,0.000000,-1.402334,0.000000,0.000000,-1.402334
lichess_db_broadcast_2022-11_2890,81,c8a8,473,,-473.000000,0.000000,-3.863589,0.000000,0.000000,-3.863589
lichess_db_broadcast_2022-11_2890,81,c8b8,485,,-485.000000,0.000000,-4.639230,0.000000,0.000000,-4.639230
lichess_db_broadcast_2022-11_2890,81,c8c1,401,,-401.000000,0.000000,4.847837,0.000000,0.000000,4.847837
lichess_db_broadcast_2022-11_2890,81,c8c2,853,,-853.000000,0.000000,5.436400,3.400000,-3.400000,2.036400
lichess_db_broadcast_2022-11_2890,81,c8c3,766,,-766.000000,0.000000,-4.113342,4.560000,-4.560000,-8.673342
lichess_db_broadcast_2022-11_2890,81,c8c4,772,,-772.000000,0.000000,5.306776,3.400000,-3.400000,1.906776
lichess_db_broadcast_2022-11_2890,81,c8c5,393,,-393.000000,0.000000,-3.675205,0.000000,0.000000,-3.675205
lichess_db_broadcast_2022-11_2890,81,c8c6,853,,-853.000000,0.000000,-1.376556,2.900000,-2.900000,-4.276556
lichess_db_broadcast_2022-11_2890,81,c8c7,858,,-858.000000,0.000000,1.240019,2.900000,-2.900000,-1.659981
lichess_db_broadcast_2022-11_2890,81,c8d8,878,,-878.000000,0.000000,1.451134,2.900000,-2.900000,-1.448866
lichess_db_broadcast_2022-11_2890,81,c8e8,991,,-991.000000,0.000000,1.066638,2.900000,-2.900000,-1.833362
lichess_db_broadcast_2022-11_2890,81,c8f8,299,,-299.000000,0.000000,-3.703690,0.000000,0.000000,-3.703690
lichess_db_broadcast_2022-11_2890,81,c8g8,501,,-501.000000,0.000000,-3.784415,0.000000,0.000000,-3.784415
lichess_db_broadcast_2022-11_2890,81,c8h8,534,,-534.000000,0.000000,-3.784415,0.000000,0.000000,-3.784415
lichess_db_broadcast_2022-11_2890,82,a6a5,-405,,405.000000,0.000000,1.485481,0.000000,0.000000,1.485481
lichess_db_broadcast_2022-11_2890,82,d7d8,-336,,336.000000,0.000000,-0.700818,0.000000,0.000000,-0.700818
lichess_db_broadcast_2022-11_2890,82,d7e7,-346,,346.000000,0.000000,-0.688894,0.000000,0.000000,-0.688894
lichess_db_broadcast_2022-11_2890,82,d7e8,-318,,318.000000,0.000000,-0.700818,0.000000,0.000000,-0.700818
lichess_db_broadcast_2022-11_2890,82,e3c2,617,,-617.000000,0.000000,-1.470530,0.000000,0.000000,-1.470530
lichess_db_broadcast_2022-11_2890,82,e3c4,556,,-556.000000,0.000000,-1.685854,1.160000,-1.160000,-2.845854
lichess_db_broadcast_2022-11_2890,82,e3d1,583,,-583.000000,0.000000,-1.086477,0.000000,0.000000,-1.086477
lichess_db_broadcast_2022-11_2890,82,e3d5,222,,-222.000000,0.000000,0.647696,0.000000,0.000000,0.647696
lichess_db_broadcast_2022-11_2890,82,e3f1,612,,-612.000000,0.000000,-1.059370,0.000000,0.000000,-1.059370
lichess_db_broadcast_2022-11_2890,82,e3f5,169,,-169.000000,0.000000,0.655713,0.000000,0.000000,0.655713
lichess_db_broadcast_2022-11_2890,82,e3g2,165,,-165.000000,0.000000,0.000000,0.000000,0.000000,0.000000
lichess_db_broadcast_2022-11_2890,82,e3g4,-12,,12.000000,0.000000,0.000000,0.000000,0.000000,0.000000
lichess_db_broadcast_2022-11_2890,82,f3f2,-489,,489.000000,0.000000,-0.839631,0.000000,0.000000,-0.839631
lichess_db_broadcast_2022-11_3031,57,a2a3,-161,,161.000000,0.000000,-1.696281,0.000000,0.000000,-1.696281
lichess_db_broadcast_2022-11_3031,57,a2a4,-166,,166.000000,0.000000,-1.658336,0.000000,0.000000,-1.658336
lichess_db_broadcast_2022-11_3031,57,c3a4,-93,,93.000000,0.000000,-2.268690,0.000000,0.000000,-2.268690
lichess_db_broadcast_2022-11_3031,57,c3b1,-101,,101.000000,0.000000,-2.783862,0.000000,0.000000,-2.783862
lichess_db_broadcast_2022-11_3031,57,c3b5,-66,,66.000000,0.000000,1.974250,1.160000,-1.160000,0.814250
lichess_db_broadcast_2022-11_3031,57,c3d1,-206,,206.000000,0.000000,1.955577,0.000000,0.000000,1.955577
lichess_db_broadcast_2022-11_3031,57,c3d5,104,,-104.000000,0.000000,-3.985852,1.160000,-1.160000,-5.145852
lichess_db_broadcast_2022-11_3031,57,c3e2,449,,-449.000000,0.000000,3.509828,0.000000,0.000000,3.509828
lichess_db_broadcast_2022-11_3031,57,c3e4,-269,,269.000000,0.000000,7.791600,0.000000,0.000000,7.791600
lichess_db_broadcast_2022-11_3031,57,e1a1,459,,-459.000000,0.000000,-9.139597,0.000000,0.000000,-9.139597
lichess_db_broadcast_2022-11_3031,57,e1b1,410,,-410.000000,0.000000,-9.858427,0.000000,0.000000,-9.858427
lichess_db_broadcast_2022-11_3031,57,e1c1,488,,-488.000000,0.000000,-8.673061,0.000000,0.000000,-8.673061
lichess_db_broadcast_2022-11_3031,57,e1d1,415,,-415.000000,0.000000,-8.904879,0.000000,0.000000,-8.904879
lichess_db_broadcast_2022-11_3031,57,e1e2,277,,-277.000000,0.000000,6.535770,0.000000,0.000000,6.535770
lichess_db_broadcast_2022-11_3031,57,e3d3,458,,-458.000000,0.000000,-9.986325,0.000000,0.000000,-9.986325
lichess_db_broadcast_2022-11_3031,57,e3e2,-95,,95.000000,0.000000,7.444752,0.000000,0.000000,7.444752
lichess_db_broadcast_2022-11_3031,57,e3e4,195,,-195.000000,0.000000,-9.438920,3.400000,-3.400000,-12.838920
lichess_db_broadcast_2022-11_3031,57,e3e5,447,,-447.000000,0.000000,-8.294801,3.400000,-3.400000,-11.694801
lichess_db_broadcast_2022-11_3031,57,e3e6,-7,,7.000000,0.000000,-8.275766,0.000000,0.000000,-8.275766
lichess_db_broadcast_2022-11_3031,57,e3f3,449,,-449.000000,0.000000,-4.689410,0.000000,0.000000,-4.689410
lichess_db_broadcast_2022-11_3031,57,e3g3,452,,-452.000000,0.000000,-9.680405,0.000000,0.000000,-9.680405
lichess_db_broadcast_2022-11_3031,57,f1a6,0,,-0.000000,0.000000,-6.222741,2.560000,-2.560000,-8.782741
lichess_db_broadcast_2022-11_3031,57,f1b5,0,,-0.000000,0.000000,-9.229023,2.560000,-2.560000,-11.789023
lichess_db_broadcast_2022-11_3031,57,f1c4,-203,,203.000000,0.000000,-5.315637,0.000000,0.000000,-5.315637
lichess_db_broadcast_2022-11_3031,57,f1d3,0,,-0.000000,0.000000,-10.574352,0.000000,0.000000,-10.574352
lichess_db_broadcast_2022-11_3031,57,f1e2,276,,-276.000000,0.000000,3.052479,0.000000,0.000000,3.052479
lichess_db_broadcast_2022-11_3031,57,f1g2,-104,,104.000000,0.000000,-5.976720,0.000000,0.000000,-5.976720
lichess_db_broadcast_2022-11_3031,57,f4f5,-199,,199.000000,0.000000,-2.151055,0.000000,0.000000,-2.151055
lichess_db_broadcast_2022-11_3031,57,g4g5,-424,,424.000000,0.000000,1.359593,0.000000,0.000000,1.359593
lichess_db_broadcast_2022-11_3031,57,g6b1,-175,,175.000000,0.000000,26.346998,0.000000,0.000000,26.346998
lichess_db_broadcast_2022-11_3031,57,g6c2,418,,-418.000000,0.000000,19.653633,0.000000,0.000000,19.653633
lichess_db_broadcast_2022-11_3031,57,g6d3,-239,,239.000000,0.000000,28.424201,0.000000,0.000000,28.424201
lichess_db_broadcast_2022-11_3031,57,g6e4,342,,-342.000000,0.000000,20.812160,6.800000,-6.800000,14.012160
lichess_db_broadcast_2022-11_3031,57,g6e8,255,,-255.000000,-3.400000,476.002085,10.200000,-13.600000,462.402085
lichess_db_broadcast_2022-11_3031,57,g6f5,-273,,273.000000,0.000000,18.965121,0.000000,0.000000,18.965121
lichess_db_broadcast_2022-11_3031,57,g6f6,321,,-321.000000,-6.800000,53.110107,14.760000,-21.560000,31.550107
lichess_db_broadcast_2022-11_3031,57,g6f7,158,,-158.000000,0.000000,23.232609,6.300000,-6.300000,16.932609
lichess_db_broadcast_2022-11_3031,57,g6g5,347,,-347.000000,0.000000,15.917101,7.960000,-7.960000,7.957101
lichess_db_broadcast_2022-11_3031,57,g6g7,365,,-365.000000,-7.960000,-21.358388,6.300000,-14.260000,-35.618388
lichess_db_broadcast_2022-11_3031,57,g6h5,428,,-428.000000,0.000000,-14.820610,6.800000,-6.800000,-21.620610
lichess_db_broadcast_2022-11_3031,57,g6h6,350,,-350.000000,-7.960000,-24.515624,7.960000,-15.920000,-40.435624
lichess_db_broadcast_2022-11_3031,57,g6h7,440,,-440.000000,0.000000,-14.732056,13.100000,-13.100000,-27.832056
lichess_db_broadcast_2022-11_3031,57,h3h4,10,,-10.000000,0.000000,1.717868,0.000000,0.000000,1.717868
lichess_db_broadcast_2022-11_3073,56,a5b4,56,,-56.000000,0.000000,-16.662826,0.000000,0.000000,-16.662826
lichess_db_broadcast_2022-11_3073,56,b6a7,206,,-206.000000,0.000000,3.159627,0.000000,0.000000,3.159627
lichess_db_broadcast_2022-11_3073,56,b6c5,493,,-493.000000,0.000000,-6.851509,5.120000,-5.120000,-11.971509
lichess_db_broadcast_2022-11_3073,56,b6d4,375,,-375.000000,-2.560000,-22.687036,1.400000,-3.960000,-26.647036
lichess_db_broadcast_2022-11_3073,56,c6c5,323,,-323.000000,0.000000,2.929067,0.000000,0.000000,2.929067
lichess_db_broadcast_2022-11_3073,56,d7c8,367,,-367.000000,0.000000,-5.572825,0.000000,0.000000,-5.572825
lichess_db_broadcast_2022-11_3073,56,d7e6,347,,-347.000000,0.000000,-7.667984,0.000000,0.000000,-7.667984
lichess_db_broadcast_2022-11_3073,56,d7e8,208,,-208.000000,0.000000,-6.640844,0.000000,0.000000,-6.640844
lichess_db_broadcast_2022-11_3073,56,d7f5,294,,-294.000000,0.000000,-12.081295,0.000000,0.000000,-12.081295
lichess_db_broadcast_2022-11_3073,56,d7g4,396,,-396.000000,0.000000,-6.377416,2.560000,-2.560000,-8.937416
lichess_db_broadcast_2022-11_3073,56,d7h3,352,,-352.000000,-2.560000,-17.484854,3.460000,-6.020000,-23.504854
lichess_db_broadcast_2022-11_3073,56,e4b1,280,,-280.000000,0.000000,-10.849665,0.000000,0.000000,-10.849665
lichess_db_broadcast_2022-11_3073,56,e4c2,589,,-589.000000,0.000000,19.497657,0.000000,0.000000,19.497657
lichess_db_broadcast_2022-11_3073,56,e4d3,643,,-643.000000,0.000000,17.449467,0.000000,0.000000,17.449467
lichess_db_broadcast_2022-11_3073,56,e4d4,580,,-580.000000,-7.960000,-29.475666,12.200000,-20.160000,-49.635666
lichess_db_broadcast_2022-11_3073,56,e4e1,685,,-685.000000,0.000000,25.506967,12.200000,-12.200000,13.306967
lichess_db_broadcast_2022-11_3073,56,e4e2,137,,-137.000000,0.000000,13.707706,0.000000,0.000000,13.707706
lichess_db_broadcast_2022-11_3073,56,e4e3,661,,-661.000000,0.000000,22.094576,5.400000,-5.400000,16.694576
lichess_db_broadcast_2022-11_3073,56,e4e5,639,,-639.000000,-7.960000,-25.462423,14.760000,-22.720000,-48.182423
lichess_db_broadcast_2022-11_3073,56,e4f3,629,,-629.000000,-6.800000,53.792235,7.960000,-14.760000,39.032235
lichess_db_broadcast_2022-11_3073,56,e4f4,80,,-80.000000,0.000000,15.234679,0.000000,0.000000,15.234679
lichess_db_broadcast_2022-11_3073,56,e4f5,212,,-212.000000,0.000000,-12.600852,0.000000,0.000000,-12.600852
lichess_db_broadcast_2022-11_3073,56,e4g4,649,,-649.000000,0.000000,-13.637553,7.960000,-7.960000,-21.597553
lichess_db_broadcast_2022-11_3073,56,e4g6,283,,-283.000000,0.000000,-15.670788,0.000000,0.000000,-15.670788
lichess_db_broadcast_2022-11_3073,56,e4h4,668,,-668.000000,0.000000,16.286002,12.200000,-12.200000,4.086002
lichess_db_broadcast_2022-11_3073,56,e4h7,358,,-358.000000,0.000000,-14.646258,0.000000,0.000000,-14.646258
lichess_db_broadcast_2022-11_3073,56,g7g5,264,,-264.000000,0.000000,2.399132,0.000000,0.000000,2.399132
lichess_db_broadcast_2022-11_3073,56,g7g6,373,,-373.000000,0.000000,-2.916999,0.000000,0.000000,-2.916999
lichess_db_broadcast_2022-11_3073,56,g8f7,287,,-287.000000,0.000000,-0.746119,0.000000,0.000000,-0.746119
lichess_db_broadcast_2022-11_3073,56,g8f8,460,,-460.000000,0.000000,-0.420360,0.000000,0.000000,-0.420360
lichess_db_broadcast_2022-11_3073,56,g8h7,257,,-257.000000,0.000000,-4.672624,0.000000,0.000000,-4.672624
lichess_db_broadcast_2022-11_3073,56,g8h8,320,,-320.000000,0.000000,-4.001333,0.000000,0.000000,-4.001333
lichess_db_broadcast_2022-11_3073,56,h6h5,366,,-366.000000,0.000000,-1.764897,0.000000,0.000000,-1.764897
lichess_db_broadcast_2022-11_3105,12,a7a5,51,,-51.000000,0.000000,2.320248,0.000000,0.000000,2.320248
lichess_db_broadcast_2022-11_3105,12,a7a6,64,,-64.000000,0.000000,-1.921399,0.000000,0.000000,-1.921399
lichess_db_broadcast_2022-11_3105,12,a8b8,69,,-69.000000,0.000000,22.190671,0.000000,0.000000,22.190671
lichess_db_broadcast_2022-11_3105,12,b7b5,361,,-361.000000,0.000000,2.324910,0.000000,0.000000,2.324910
lichess_db_broadcast_2022-11_3105,12,b7b6,274,,-274.000000,0.000000,2.791659,0.000000,0.000000,2.791659
lichess_db_broadcast_2022-11_3105,12,c6a5,168,,-168.000000,0.000000,8.704392,0.000000,0.000000,8.704392
lichess_db_broadcast_2022-11_3105,12,c6b4,170,,-170.000000,0.000000,-7.719892,0.000000,0.000000,-7.719892
lichess_db_broadcast_2022-11_3105,12,c6b8,135,,-135.000000,0.000000,8.836993,0.000000,0.000000,8.836993
lichess_db_broadcast_2022-11_3105,12,c6e5,508,,-508.000000,0.000000,-7.475917,0.000000,0.000000,-7.475917
lichess_db_broadcast_2022-11_3105,12,c6e7,90,,-90.000000,0.000000,8.342166,0.000000,0.000000,8.342166
lichess_db_broadcast_2022-11_3105,12,c8d7,81,,-81.000000,0.000000,-7.761529,0.000000,0.000000,-7.761529
lichess_db_broadcast_2022-11_3105,12,d8d5,655,,-655.000000,0.000000,-34.481681,7.960000,-7.960000,-42.441681
lichess_db_broadcast_2022-11_3105,12,d8d6,117,,-117.000000,0.000000,-31.264872,0.000000,0.000000,-31.264872
lichess_db_broadcast_2022-11_3105,12,d8d7,86,,-86.000000,0.000000,-31.956989,0.000000,0.000000,-31.956989
lichess_db_broadcast_2022-11_3105,12,d8e7,158,,-158.000000,0.000000,-39.390685,0.000000,0.000000,-39.390685
lichess_db_broadcast_2022-11_3105,12,e6e5,82,,-82.000000,0.000000,1.996415,0.000000,0.000000,1.996415
lichess_db_broadcast_2022-11_3105,12,e8d7,206,,-206.000000,0.000000,-14.233910,0.000000,0.000000,-14.233910
lichess_db_broadcast_2022-11_3105,12,e8e7,174,,-174.000000,0.000000,-14.451134,0.000000,0.000000,-14.451134
lichess_db_broadcast_2022-11_3105,12,f6d5,466,,-466.000000,0.000000,-4.641886,1.160000,-1.160000,-5.801886
lichess_db_broadcast_2022-11_3105,12,f6d7,80,,-80.000000,0.000000,-4.388493,0.000000,0.000000,-4.388493
lichess_db_broadcast_2022-11_3105,12,f6e4,401,,-401.000000,0.000000,-4.800383,1.160000,-1.160000,-5.960383
lichess_db_broadcast_2022-11_3105,12,f6g4,81,,-81.000000,0.000000,-4.663530,0.000000,0.000000,-4.663530
lichess_db_broadcast_2022-11_3105,12,f6g8,106,,-106.000000,0.000000,3.965240,0.000000,0.000000,3.965240
lichess_db_broadcast_2022-11_3105,12,f6h5,151,,-151.000000,0.000000,-4.230809,0.000000,0.000000,-4.230809
lichess_db_broadcast_2022-11_3105,12,f8a3,512,,-512.000000,0.000000,-8.823644,3.960000,-3.960000,-12.783644
lichess_db_broadcast_2022-11_3105,12,f8b4,134,,-134.000000,0.000000,-9.791396,0.000000,0.000000,-9.791396
lichess_db_broadcast_2022-11_3105,12,f8c5,21,,-21.000000,0.000000,-10.029103,0.000000,0.000000,-10.029103
lichess_db_broadcast_2022-11_3105,12,f8d6,64,,-64.000000,0.000000,-7.225041,0.000000,0.000000,-7.225041
lichess_db_broadcast_2022-11_3105,12,f8e7,35,,-35.000000,0.000000,-10.075418,0.000000,0.000000,-10.075418
lichess_db_broadcast_2022-11_3105,12,g7g5,240,,-240.000000,0.000000,2.466152,0.000000,0.000000,2.466152
lichess_db_broadcast_2022-11_3105,12,g7g6,97,,-97.000000,0.000000,-2.302837,0.000000,0.000000,-2.302837
lichess_db_broadcast_2022-11_3105,12,h7h5,105,,-105.000000,0.000000,-2.610030,0.000000,0.000000,-2.610030
lichess_db_broadcast_2022-11_3105,12,h7h6,60,,-60.000000,0.000000,3.138364,0.000000,0.000000,3.138364
lichess_db_broadcast_2022-11_3105,12,h8g8,160,,-160.000000,0.000000,-22.549321,0.000000,0.000000,-22.549321
lichess_db_broadcast_2022-11_3105,56,a8a5,672,,-672.000000,0.000000,-11.949349,2.000000,-2.000000,-13.949349
lichess_db_broadcast_2022-11_3105,56,a8a6,68,,-68.000000,0.000000,-10.276765,0.000000,0.000000,-10.276765
lichess_db_broadcast_2022-11_3105,56,a8a7,113,,-113.000000,0.000000,-10.810371,0.000000,0.000000,-10.810371
lichess_db_broadcast_2022-11_3105,56,a8b8,283,,-283.000000,0.000000,-9.865665,0.000000,0.000000,-9.865665
lichess_db_broadcast_2022-11_3105,56,a8c8,264,,-264.000000,0.000000,-10.392564,0.000000,0.000000,-10.392564
lichess_db_broadcast_2022-11_3105,56,b6c4,466,,-466.000000,0.000000,6.534707,1.160000,-1.160000,5.374707
lichess_db_broadcast_2022-11_3105,56,b6c8,68,,-68.000000,0.000000,5.560330,0.000000,0.000000,5.560330
lichess_db_broadcast_2022-11_3105,56,b6d5,58,,-58.000000,0.000000,5.650135,0.000000,0.000000,5.650135
lichess_db_broadcast_2022-11_3105,56,c6c5,205,,-205.000000,0.000000,-2.363455,0.000000,0.000000,-2.363455
lichess_db_broadcast_2022-11_3105,56,d7c8,106,,-106.000000,0.000000,4.754091,0.000000,0.000000,4.754091
lichess_db_broadcast_2022-11_3105,56,d7e8,52,,-52.000000,0.000000,5.126018,0.000000,0.000000,5.126018
lichess_db_broadcast_2022-11_3105,56,d8b8,93,,-93.000000,0.000000,7.045286,0.000000,0.000000,7.045286
lichess_db_broadcast_2022-11_3105,56,d8c8,97,,-97.000000,0.000000,-8.146434,0.000000,0.000000,-8.146434
lichess_db_broadcast_2022-11_3105,56,d8e8,123,,-123.000000,0.000000,7.953505,0.000000,0.000000,7.953505
lichess_db_broadcast_2022-11_3105,56,d8f8,147,,-147.000000,0.000000,4.883934,0.000000,0.000000,4.883934
lichess_db_broadcast_2022-11_3105,56,e7a3,481,,-481.000000,-2.560000,17.684310,2.560000,-5.120000,12.564310
lichess_db_broadcast_2022-11_3105,56,e7b4,484,,-484.000000,0.000000,-5.214806,2.560000,-2.560000,-7.774806
lichess_db_broadcast_2022-11_3105,56,e7c5,505,,-505.000000,0.000000,-4.851499,0.000000,0.000000,-4.851499
lichess_db_broadcast_2022-11_3105,56,e7d6,39,,-39.000000,0.000000,5.171635,0.000000,0.000000,5.171635
lichess_db_broadcast_2022-11_3105,56,e7f6,432,,-432.000000,0.000000,-3.039093,2.560000,-2.560000,-5.599093
lichess_db_broadcast_2022-11_3105,56,e7f8,109,,-109.000000,0.000000,5.340329,0.000000,0.000000,5.340329
lichess_db_broadcast_2022-11_3105,56,e7g5,402,,-402.000000,-2.560000,16.564833,0.000000,-2.560000,14.004833
lichess_db_broadcast_2022-11_3105,56,f7f5,98,,-98.000000,0.000000,2.000531,0.000000,0.000000,2.000531
lichess_db_broadcast_2022-11_3105,56,f7f6,15,,-15.000000,0.000000,-2.078249,0.000000,0.000000,-2.078249
lichess_db_broadcast_2022-11_3105,56,g7g6,146,,-146.000000,0.000000,-2.296567,0.000000,0.000000,-2.296567
lichess_db_broadcast_2022-11_3105,56,g8f8,69,,-69.000000,0.000000,2.649475,0.000000,0.000000,2.649475
lichess_db_broadcast_2022-11_3105,56,g8h7,266,,-266.000000,0.000000,-3.292817,0.000000,0.000000,-3.292817
lichess_db_broadcast_2022-11_3105,56,g8h8,390,,-390.000000,0.000000,-0.680062,0.000000,0.000000,-0.680062
lichess_db_broadcast_2022-11_3105,61,b2b3,257,,-257.000000,0.000000,-0.949411,0.000000,0.000000,-0.949411
lichess_db_broadcast_2022-11_3105,61,b2b4,211,,-211.000000,0.000000,1.770597,0.000000,0.000000,1.770597
lichess_db_broadcast_2022-11_3105,61,c1a1,16,,-16.000000,0.000000,-7.599803,0.000000,0.000000,-7.599803
lichess_db_broadcast_2022-11_3105,61,c1b1,1,,-1.000000,0.000000,-5.512882,0.000000,0.000000,-5.512882
lichess_db_broadcast_2022-11_3105,61,c1d1,4,,-4.000000,0.000000,-6.007301,0.000000,0.000000,-6.007301
lichess_db_broadcast_2022-11_3105,61,c1e1,0,,-0.000000,0.000000,5.843287,0.000000,0.000000,5.843287
lichess_db_broadcast_2022-11_3105,61,c1f1,19,,-19.000000,0.000000,-7.639513,0.000000,0.000000,-7.639513
lichess_db_broadcast_2022-11_3105,61,c2c3,11,,-11.000000,0.000000,7.838882,0.000000,0.000000,7.838882
lichess_db_broadcast_2022-11_3105,61,c2c4,13,,-13.000000,0.000000,-4.747605,0.000000,0.000000,-4.747605
lichess_db_broadcast_2022-11_3105,61,c2c5,533,,-533.000000,0.000000,7.160927,5.400000,-5.400000,1.760927
lichess_db_broadcast_2022-11_3105,61,c2c6,465,,-465.000000,-4.560000,17.401203,4.560000,-9.120000,8.281203
lichess_db_broadcast_2022-11_3105,61,d2a5,491,,-491.000000,0.000000,-6.632059,0.000000,0.000000,-6.632059
lichess_db_broadcast_2022-11_3105,61,d2b4,148,,-148.000000,0.000000,-6.500302,0.000000,0.000000,-6.500302
lichess_db_broadcast_2022-11_3105,61,d2c3,43,,-43.000000,0.000000,-6.099403,0.000000,0.000000,-6.099403
lichess_db_broadcast_2022-11_3105,61,d2e1,38,,-38.000000,0.000000,-6.190677,0.000000,0.000000,-6.190677
lichess_db_broadcast_2022-11_3105,61,d2e3,-24,,24.000000,0.000000,9.581064,0.000000,0.000000,9.581064
lichess_db_broadcast_2022-11_3105,61,d2f4,2,,-2.000000,0.000000,-7.176533,0.000000,0.000000,-7.176533
lichess_db_broadcast_2022-11_3105,61,d3d4,-21,,21.000000,0.000000,0.999513,0.000000,0.000000,0.999513
lichess_db_broadcast_2022-11_3105,61,e2e3,106,,-106.000000,0.000000,1.221826,0.000000,0.000000,1.221826
lichess_db_broadcast_2022-11_3105,61,e2e4,91,,-91.000000,0.000000,-0.982779,0.000000,0.000000,-0.982779
lichess_db_broadcast_2022-11_3105,61,f3d4,413,,-413.000000,0.000000,-5.561601,0.000000,0.000000,-5.561601
lichess_db_broadcast_2022-11_3105,61,f3e1,106,,-106.000000,0.000000,5.203579,0.000000,0.000000,5.203579
lichess_db_broadcast_2022-11_3105,61,f3e5,415,,-415.000000,0.000000,-5.207560,0.000000,0.000000,-5.207560
lichess_db_broadcast_2022-11_3105,61,f3h2,130,,-130.000000,0.000000,-4.814391,0.000000,0.000000,-4.814391
lichess_db_broadcast_2022-11_3105,61,f3h4,138,,-138.000000,0.000000,-4.933470,0.000000,0.000000,-4.933470
lichess_db_broadcast_2022-11_3105,61,g1f1,-17,,17.000000,0.000000,-2.563644,0.000000,0.000000,-2.563644
lichess_db_broadcast_2022-11_3105,61,g1g2,-13,,13.000000,0.000000,7.625256,0.000000,0.000000,7.625256
lichess_db_broadcast_2022-11_3105,61,g1h1,-4,,4.000000,0.000000,-1.677138,0.000000,0.000000,-1.677138
lichess_db_broadcast_2022-11_3105,61,g1h2,-10,,10.000000,0.000000,2.357345,0.000000,0.000000,2.357345
lichess_db_broadcast_2022-11_3105,61,g5g6,29,,-29.000000,0.000000,-2.395947,0.000000,0.000000,-2.395947
lichess_db_broadcast_2022-11_3105,61,h3e6,369,,-369.000000,-2.560000,18.932870,2.560000,-5.120000,13.812870
lichess_db_broadcast_2022-11_3105,61,h3f1,-16,,16.000000,0.000000,-3.898946,0.000000,0.000000,-3.898946
lichess_db_broadcast_2022-11_3105,61,h3f5,441,,-441.000000,0.000000,5.030223,2.560000,-2.560000,2.470223
lichess_db_broadcast_2022-11_3105,61,h3g2,-10,,10.000000,0.000000,11.747532,0.000000,0.000000,11.747532
lichess_db_broadcast_2022-11_3105,61,h3g4,-12,,12.000000,0.000000,-2.330022,0.000000,0.000000,-2.330022
lichess_db_broadcast_2022-11_3105,78,a8a5,-23,,23.000000,0.000000,-10.822598,0.000000,0.000000,-10.822598
lichess_db_broadcast_2022-11_3105,78,a8a6,-6,,6.000000,0.000000,-10.693467,0.000000,0.000000,-10.693467
lichess_db_broadcast_2022-11_3105,78,a8a7,8,,-8.000000,0.000000,-12.618688,0.000000,0.000000,-12.618688
lichess_db_broadcast_2022-11_3105,78,a8b8,-21,,21.000000,0.000000,-8.002542,0.000000,0.000000,-8.002542
lichess_db_broadcast_2022-11_3105,78,a8c8,-24,,24.000000,0.000000,-9.289730,0.000000,0.000000,-9.289730
lichess_db_broadcast_2022-11_3105,78,a8d8,-30,,30.000000,0.000000,-9.120421,0.000000,0.000000,-9.120421
lichess_db_broadcast_2022-11_3105,78,a8e8,-24,,24.000000,0.000000,8.748644,0.000000,0.000000,8.748644
lichess_db_broadcast_2022-11_3105,78,a8f8,-23,,23.000000,0.000000,9.477405,0.000000,0.000000,9.477405
lichess_db_broadcast_2022-11_3105,78,a8g8,-33,,33.000000,0.000000,-8.326023,0.000000,0.000000,-8.326023
lichess_db_broadcast_2022-11_3105,78,b7b5,17,,-17.000000,0.000000,2.159796,0.000000,0.000000,2.159796
lichess_db_broadcast_2022-11_3105,78,b7b6,10,,-10.000000,0.000000,-2.478853,0.000000,0.000000,-2.478853
lichess_db_broadcast_2022-11_3105,78,c6c5,-59,,59.000000,0.000000,-2.569275,0.000000,0.000000,-2.569275
lichess_db_broadcast_2022-11_3105,78,d7c8,9,,-9.000000,0.000000,6.055176,0.000000,0.000000,6.055176
lichess_db_broadcast_2022-11_3105,78,d7e8,-8,,8.000000,0.000000,7.264388,0.000000,0.000000,7.264388
lichess_db_broadcast_2022-11_3105,78,e6e5,-46,,46.000000,0.000000,-2.087301,0.000000,0.000000,-2.087301
lichess_db_broadcast_2022-11_3105,78,e7a3,335,,-335.000000,-2.560000,17.327247,2.560000,-5.120000,12.207247
lichess_db_broadcast_2022-11_3105,78,e7b4,346,,-346.000000,0.000000,-2.423647,2.560000,-2.560000,-4.983647
lichess_db_broadcast_2022-11_3105,78,e7c5,421,,-421.000000,0.000000,-6.454879,2.560000,-2.560000,-9.014879
lichess_db_broadcast_2022-11_3105,78,e7d6,10,,-10.000000,0.000000,-2.435087,0.000000,0.000000,-2.435087
lichess_db_broadcast_2022-11_3105,78,e7d8,10,,-10.000000,0.000000,6.277959,0.000000,0.000000,6.277959
lichess_db_broadcast_2022-11_3105,78,e7f8,9,,-9.000000,0.000000,5.488505,0.000000,0.000000,5.488505
lichess_db_broadcast_2022-11_3105,78,f6f5,5,,-5.000000,0.000000,2.377601,0.000000,0.000000,2.377601
lichess_db_broadcast_2022-11_3105,78,f7e8,7,,-7.000000,0.000000,7.440309,0.000000,0.000000,7.440309
lichess_db_broadcast_2022-11_3105,78,f7f8,8,,-8.000000,0.000000,7.328810,0.000000,0.000000,7.328810
lichess_db_broadcast_2022-11_3105,78,f7g7,-4,,4.000000,0.000000,6.938052,0.000000,0.000000,6.938052
lichess_db_broadcast_2022-11_3105,78,f7g8,0,,-0.000000,0.000000,6.981553,0.000000,0.000000,6.981553
lichess_db_broadcast_2022-11_3105,78,g6e5,399,,-399.000000,0.000000,4.848044,1.160000,-1.160000,3.688044
lichess_db_broadcast_2022-11_3105,78,g6f4,339,,-339.000000,0.000000,-5.109270,0.000000,0.000000,-5.109270
lichess_db_broadcast_2022-11_3105,78,g6f8,12,,-12.000000,0.000000,5.803724,0.000000,0.000000,5.803724
lichess_db_broadcast_2022-11_3105,78,g6h4,-17,,17.000000,0.000000,4.896962,0.000000,0.000000,4.896962
lichess_db_broadcast_2022-11_3105,78,h8b8,8,,-8.000000,0.000000,-5.413707,0.000000,0.000000,-5.413707
lichess_db_broadcast_2022-11_3105,78,h8c8,7,,-7.000000,0.000000,-8.201331,0.000000,0.000000,-8.201331
lichess_db_broadcast_2022-11_3105,78,h8d8,8,,-8.000000,0.000000,-7.177245,0.000000,0.000000,-7.177245
lichess_db_broadcast_2022-11_3105,78,h8e8,9,,-9.000000,0.000000,7.704260,0.000000,0.000000,7.704260
lichess_db_broadcast_2022-11_3105,78,h8f8,13,,-13.000000,0.000000,7.281057,0.000000,0.000000,7.281057
lichess_db_broadcast_2022-11_3105,78,h8g8,-14,,14.000000,0.000000,-6.376303,0.000000,0.000000,-6.376303
lichess_db_broadcast_2022-11_3105,78,h8h1,365,,-365.000000,0.000000,12.080915,2.000000,-2.000000,10.080915
lichess_db_broadcast_2022-11_3105,78,h8h2,354,,-354.000000,0.000000,-13.764064,3.400000,-3.400000,-17.164064
lichess_db_broadcast_2022-11_3105,78,h8h3,413,,-413.000000,0.000000,12.452711,2.000000,-2.000000,10.452711
lichess_db_broadcast_2022-11_3105,78,h8h4,213,,-213.000000,0.000000,-9.952181,3.400000,-3.400000,-13.352181
lichess_db_broadcast_2022-11_3105,78,h8h5,-32,,32.000000,0.000000,-8.825403,0.000000,0.000000,-8.825403
lichess_db_broadcast_2022-11_3105,78,h8h6,355,,-355.000000,0.000000,-9.909615,2.000000,-2.000000,-11.909615
lichess_db_broadcast_2022-11_3105,78,h8h7,-14,,14.000000,0.000000,-9.431663,0.000000,0.000000,-9.431663
lichess_db_broadcast_2022-11_3105,108,c5e7,-10,,10.000000,0.000000,-11.669509,0.000000,0.000000,-11.669509
lichess_db_broadcast_2022-11_3105,108,c6c7,552,,-552.000000,0.000000,4.242230,0.000000,0.000000,4.242230
lichess_db_broadcast_2022-11_3105,108,d8d7,525,,-525.000000,0.000000,3.841431,0.000000,0.000000,3.841431
lichess_db_broadcast_2022-11_3105,108,f7e8,-66,,66.000000,0.000000,2.858029,0.000000,0.000000,2.858029
lichess_db_broadcast_2022-11_3105,108,f7f8,-75,,75.000000,0.000000,-3.433602,0.000000,0.000000,-3.433602
lichess_db_broadcast_2022-11_3105,108,f7g6,-137,,137.000000,0.000000,2.148792,0.000000,0.000000,2.148792
lichess_db_broadcast_2022-11_3105,108,f7g8,-75,,75.000000,0.000000,2.305646,0.000000,0.000000,2.305646
lichess_db_broadcast_2022-11_3209,5,a2a3,24,,-24.000000,0.000000,-1.475360,0.000000,0.000000,-1.475360
lichess_db_broadcast_2022-11_3209,5,a2a4,48,,-48.000000,0.000000,1.727431,0.000000,0.000000,1.727431
lichess_db_broadcast_2022-11_3209,5,b1a3,42,,-42.000000,0.000000,-4.692462,0.000000,0.000000,-4.692462
lichess_db_broadcast_2022-11_3209,5,b1c3,-35,,35.000000,0.000000,-8.640361,0.000000,0.000000,-8.640361
lichess_db_broadcast_2022-11_3209,5,b2b3,2,,-2.000000,0.000000,1.750555,0.000000,0.000000,1.750555
lichess_db_broadcast_2022-11_3209,5,b2b4,63,,-63.000000,0.000000,-1.575570,0.000000,0.000000,-1.575570
lichess_db_broadcast_2022-11_3209,5,d1a4,18,,-18.000000,0.000000,-34.475446,0.000000,0.000000,-34.475446
lichess_db_broadcast_2022-11_3209,5,d1b3,37,,-37.000000,0.000000,37.454007,0.000000,0.000000,37.454007
lichess_db_broadcast_2022-11_3209,5,d1c2,36,,-36.000000,0.000000,37.750725,0.000000,0.000000,37.750725
lichess_db_broadcast_2022-11_3209,5,d2d3,14,,-14.000000,0.000000,-1.485982,0.000000,0.000000,-1.485982
lichess_db_broadcast_2022-11_3209,5,d2d4,-22,,22.000000,0.000000,-1.312320,0.000000,0.000000,-1.312320
lichess_db_broadcast_2022-11_3209,5,e2e3,-32,,32.000000,0.000000,-2.023504,0.000000,0.000000,-2.023504
lichess_db_broadcast_2022-11_3209,5,e2e4,0,,-0.000000,0.000000,-1.950357,0.000000,0.000000,-1.950357
lichess_db_broadcast_2022-11_3209,5,f3d4,519,,-519.000000,0.000000,-4.117524,1.160000,-1.160000,-5.277524
lichess_db_broadcast_2022-11_3209,5,f3e5,407,,-407.000000,0.000000,-4.585104,0.000000,0.000000,-4.585104
lichess_db_broadcast_2022-11_3209,5,f3g1,66,,-66.000000,0.000000,4.341827,0.000000,0.000000,4.341827
lichess_db_broadcast_2022-11_3209,5,f3g5,64,,-64.000000,0.000000,-4.940295,0.000000,0.000000,-4.940295
lichess_db_broadcast_2022-11_3209,5,f3h4,65,,-65.000000,0.000000,-5.522485,0.000000,0.000000,-5.522485
lichess_db_broadcast_2022-11_3209,5,g2g3,-30,,30.000000,0.000000,-1.131868,0.000000,0.000000,-1.131868
lichess_db_broadcast_2022-11_3209,5,g2g4,49,,-49.000000,0.000000,1.980420,0.000000,0.000000,1.980420
lichess_db_broadcast_2022-11_3209,5,h1g1,101,,-101.000000,0.000000,22.869336,0.000000,0.000000,22.869336
lichess_db_broadcast_2022-11_3209,5,h2h3,18,,-18.000000,0.000000,1.614777,0.000000,0.000000,1.614777
lichess_db_broadcast_2022-11_3209,5,h2h4,29,,-29.000000,0.000000,-1.707057,0.000000,0.000000,-1.707057
lichess_db_broadcast_2022-11_3209,58,a7a5,650,,-650.000000,0.000000,-2.644134,0.000000,0.000000,-2.644134
lichess_db_broadcast_2022-11_3209,58,a7a6,644,,-644.000000,0.000000,-2.335631,0.000000,0.000000,-2.335631
lichess_db_broadcast_2022-11_3209,58,c8a8,666,,-666.000000,0.000000,-12.455876,0.000000,0.000000,-12.455876
lichess_db_broadcast_2022-11_3209,58,c8b8,659,,-659.000000,0.000000,-11.167662,2.000000,-2.000000,-13.167662
lichess_db_broadcast_2022-11_3209,58,c8c7,498,,-498.000000,0.000000,7.048693,2.000000,-2.000000,5.048693
lichess_db_broadcast_2022-11_3209,58,d7b7,666,,-666.000000,0.000000,21.761994,6.800000,-6.800000,14.961994
lichess_db_broadcast_2022-11_3209,58,d7c7,475,,-475.000000,0.000000,26.638670,5.400000,-5.400000,21.238670
lichess_db_broadcast_2022-11_3209,58,d7d4,498,,-498.000000,-7.960000,-27.048994,0.000000,-7.960000,-35.008994
lichess_db_broadcast_2022-11_3209,58,d7d5,29,,-29.000000,0.000000,28.639209,0.000000,0.000000,28.639209
lichess_db_broadcast_2022-11_3209,58,d7d6,621,,-621.000000,0.000000,-21.947694,5.400000,-5.400000,-27.347694
lichess_db_broadcast_2022-11_3209,58,d7e7,73,,-73.000000,0.000000,23.827968,0.000000,0.000000,23.827968
lichess_db_broadcast_2022-11_3209,58,d7f7,70,,-70.000000,0.000000,24.449546,0.000000,0.000000,24.449546
lichess_db_broadcast_2022-11_3209,58,d8a5,448,,-448.000000,0.000000,-9.552502,0.000000,0.000000,-9.552502
lichess_db_broadcast_2022-11_3209,58,d8b6,615,,-615.000000,0.000000,-10.025650,0.000000,0.000000,-10.025650
lichess_db_broadcast_2022-11_3209,58,d8c7,645,,-645.000000,0.000000,-6.618727,0.000000,0.000000,-6.618727
lichess_db_broadcast_2022-11_3209,58,d8e7,605,,-605.000000,0.000000,5.317378,0.000000,0.000000,5.317378
lichess_db_broadcast_2022-11_3209,58,e6e5,567,,-567.000000,0.000000,-2.249771,0.000000,0.000000,-2.249771
lichess_db_broadcast_2022-11_3209,58,e8e7,443,,-443.000000,0.000000,13.096108,0.000000,0.000000,13.096108
lichess_db_broadcast_2022-11_3209,58,e8f8,662,,-662.000000,0.000000,-11.966722,0.000000,0.000000,-11.966722
lichess_db_broadcast_2022-11_3209,58,e8g8,655,,-655.000000,0.000000,-12.318388,0.000000,0.000000,-12.318388
lichess_db_broadcast_2022-11_3209,58,e8h8,644,,-644.000000,0.000000,-13.224507,0.000000,0.000000,-13.224507
lichess_db_broadcast_2022-11_3209,58,f6f5,698,,-698.000000,0.000000,2.867247,0.000000,0.000000,2.867247
lichess_db_broadcast_2022-11_3209,58,g5g4,617,,-617.000000,0.000000,2.249974,0.000000,0.000000,2.249974
lichess_db_broadcast_2022-11_3209,58,g6c2,541,,-541.000000,2.000000,475.666770,0.000000,2.000000,477.666770
lichess_db_broadcast_2022-11_3209,58,g6d3,632,,-632.000000,0.000000,8.874884,1.400000,-1.400000,7.474884
lichess_db_broadcast_2022-11_3209,58,g6e4,649,,-649.000000,0.000000,-8.134838,3.960000,-3.960000,-12.094838
lichess_db_broadcast_2022-11_3209,58,g6f5,635,,-635.000000,0.000000,12.837742,0.000000,0.000000,12.837742
lichess_db_broadcast_2022-11_3209,58,g6f7,659,,-659.000000,0.000000,6.390241,0.000000,0.000000,6.390241
lichess_db_broadcast_2022-11_3209,58,g6h5,669,,-669.000000,0.000000,-4.240251,0.000000,0.000000,-4.240251
lichess_db_broadcast_2022-11_3209,58,g7f7,645,,-645.000000,0.000000,6.475342,0.000000,0.000000,6.475342
lichess_db_broadcast_2022-11_3209,58,g7f8,675,,-675.000000,0.000000,-8.188136,0.000000,0.000000,-8.188136
lichess_db_broadcast_2022-11_3209,58,g7g8,607,,-607.000000,0.000000,-7.560311,0.000000,0.000000,-7.560311
lichess_db_broadcast_2022-11_3209,58,g7h6,682,,-682.000000,0.000000,-7.337602,0.000000,0.000000,-7.337602
lichess_db_broadcast_2022-11_3209,58,g7h8,634,,-634.000000,0.000000,-7.582875,0.000000,0.000000,-7.582875
lichess_db_broadcast_2022-11_3209,58,h7h5,599,,-599.000000,0.000000,-2.874635,0.000000,0.000000,-2.874635
lichess_db_broadcast_2022-11_3209,58,h7h6,601,,-601.000000,0.000000,-3.460377,0.000000,0.000000,-3.460377
lichess_db_broadcast_2022-11_3209,66,a7a5,476,,-476.000000,0.000000,-3.277462,0.000000,0.000000,-3.277462
lichess_db_broadcast_2022-11_3209,66,a7a6,485,,-485.000000,0.000000,1.924507,0.000000,0.000000,1.924507
lichess_db_broadcast_2022-11_3209,66,b6a5,505,,-505.000000,0.000000,-8.443154,0.000000,0.000000,-8.443154
lichess_db_broadcast_2022-11_3209,66,b6c5,325,,-325.000000,-1.400000,50.590984,0.000000,-1.400000,49.190984
lichess_db_broadcast_2022-11_3209,66,b6c7,206,,-206.000000,0.000000,6.310971,0.000000,0.000000,6.310971
lichess_db_broadcast_2022-11_3209,66,b6d8,157,,-157.000000,0.000000,-7.618049,0.000000,0.000000,-7.618049
lichess_db_broadcast_2022-11_3209,66,c8a8,141,,-141.000000,0.000000,-12.504810,0.000000,0.000000,-12.504810
lichess_db_broadcast_2022-11_3209,66,c8b8,112,,-112.000000,0.000000,-10.285371,0.000000,0.000000,-10.285371
lichess_db_broadcast_2022-11_3209,66,c8c7,159,,-159.000000,0.000000,-8.927202,0.000000,0.000000,-8.927202
lichess_db_broadcast_2022-11_3209,66,c8d8,78,,-78.000000,0.000000,-15.141926,0.000000,0.000000,-15.141926
lichess_db_broadcast_2022-11_3209,66,d5c4,446,,-446.000000,-3.400000,476.427304,11.360000,-14.760000,461.667304
lichess_db_broadcast_2022-11_3209,66,d5c5,503,,-503.000000,-6.800000,57.021636,3.400000,-10.200000,46.821636
lichess_db_broadcast_2022-11_3209,66,d5d1,616,,-616.000000,0.000000,-20.643679,3.400000,-3.400000,-24.043679
lichess_db_broadcast_2022-11_3209,66,d5d2,581,,-581.000000,0.000000,-27.885736,0.000000,0.000000,-27.885736
lichess_db_broadcast_2022-11_3209,66,d5d3,525,,-525.000000,0.000000,-21.353634,6.800000,-6.800000,-28.153634
lichess_db_broadcast_2022-11_3209,66,d5d4,513,,-513.000000,0.000000,-26.510465,3.400000,-3.400000,-29.910465
lichess_db_broadcast_2022-11_3209,66,d5d6,122,,-122.000000,0.000000,-26.512823,0.000000,0.000000,-26.512823
lichess_db_broadcast_2022-11_3209,66,d5d7,639,,-639.000000,0.000000,37.576669,6.800000,-6.800000,30.776669
lichess_db_broadcast_2022-11_3209,66,d5d8,216,,-216.000000,0.000000,37.562308,0.000000,0.000000,37.562308
lichess_db_broadcast_2022-11_3209,66,d5e4,638,,-638.000000,0.000000,-26.772793,18.160000,-18.160000,-44.932793
lichess_db_broadcast_2022-11_3209,66,d5e6,542,,-542.000000,0.000000,-33.717110,6.800000,-6.800000,-40.517110
lichess_db_broadcast_2022-11_3209,66,d5f3,496,,-496.000000,-7.960000,-24.084039,7.960000,-15.920000,-40.004039
lichess_db_broadcast_2022-11_3209,66,d5f7,169,,-169.000000,0.000000,-28.350507,0.000000,0.000000,-28.350507
lichess_db_broadcast_2022-11_3209,66,d5g8,206,,-206.000000,0.000000,-27.803662,0.000000,0.000000,-27.803662
lichess_db_broadcast_2022-11_3209,66,e5e4,231,,-231.000000,0.000000,-2.155437,0.000000,0.000000,-2.155437
lichess_db_broadcast_2022-11_3209,66,e8d8,168,,-168.000000,0.000000,-13.382995,0.000000,0.000000,-13.382995
lichess_db_broadcast_2022-11_3209,66,e8e6,391,,-391.000000,0.000000,-13.082725,3.400000,-3.400000,-16.482725
lichess_db_broadcast_2022-11_3209,66,e8e7,178,,-178.000000,0.000000,-11.920577,0.000000,0.000000,-11.920577
lichess_db_broadcast_2022-11_3209,66,e8f8,169,,-169.000000,0.000000,-10.856830,0.000000,0.000000,-10.856830
lichess_db_broadcast_2022-11_3209,66,e8g8,204,,-204.000000,0.000000,-11.546727,0.000000,0.000000,-11.546727
lichess_db_broadcast_2022-11_3209,66,e8h8,259,,-259.000000,0.000000,7.525373,0.000000,0.000000,7.525373
lichess_db_broadcast_2022-11_3209,66,g5g4,196,,-196.000000,0.000000,2.368361,0.000000,0.000000,2.368361
lichess_db_broadcast_2022-11_3209,66,g6b1,480,,-480.000000,0.000000,-7.537644,0.000000,0.000000,-7.537644
lichess_db_broadcast_2022-11_3209,66,g6c2,484,,-484.000000,0.000000,6.974017,0.000000,0.000000,6.974017
lichess_db_broadcast_2022-11_3209,66,g6d3,173,,-173.000000,0.000000,-9.521454,1.400000,-1.400000,-10.921454
lichess_db_broadcast_2022-11_3209,66,g6e4,516,,-516.000000,0.000000,-13.201530,3.960000,-3.960000,-17.161530
lichess_db_broadcast_2022-11_3209,66,g6f5,155,,-155.000000,0.000000,-9.191753,0.000000,0.000000,-9.191753
lichess_db_broadcast_2022-11_3209,66,g6f7,178,,-178.000000,0.000000,-9.363461,0.000000,0.000000,-9.363461
lichess_db_broadcast_2022-11_3209,66,g6h5,200,,-200.000000,0.000000,-8.058752,0.000000,0.000000,-8.058752
lichess_db_broadcast_2022-11_3209,66,g7f6,185,,-185.000000,0.000000,-4.412448,0.000000,0.000000,-4.412448
lichess_db_broadcast_2022-11_3209,66,g7f7,132,,-132.000000,0.000000,-7.567574,0.000000,0.000000,-7.567574
lichess_db_broadcast_2022-11_3209,66,g7f8,166,,-166.000000,0.000000,-6.415511,0.000000,0.000000,-6.415511
lichess_db_broadcast_2022-11_3209,66,g7g8,109,,-109.000000,0.000000,-6.707057,0.000000,0.000000,-6.707057
lichess_db_broadcast_2022-11_3209,66,g7h6,163,,-163.000000,0.000000,-4.714060,0.000000,0.000000,-4.714060
lichess_db_broadcast_2022-11_3209,66,g7h8,130,,-130.000000,0.000000,5.204471,0.000000,0.000000,5.204471
lichess_db_broadcast_2022-11_3209,66,h7h5,121,,-121.000000,0.000000,-3.011647,0.000000,0.000000,-3.011647
lichess_db_broadcast_2022-11_3209,66,h7h6,129,,-129.000000,0.000000,2.902498,0.000000,0.000000,2.902498
lichess_db_broadcast_2022-11_3258,16,a6a5,489,,-489.000000,0.000000,2.286000,0.000000,0.000000,2.286000
lichess_db_broadcast_2022-11_3258,16,a8a7,508,,-508.000000,0.000000,-21.568308,0.000000,0.000000,-21.568308
lichess_db_broadcast_2022-11_3258,16,a8b8,476,,-476.000000,0.000000,17.324529,0.000000,0.000000,17.324529
lichess_db_broadcast_2022-11_3258,16,b5b4,508,,-508.000000,0.000000,2.016128,0.000000,0.000000,2.016128
lichess_db_broadcast_2022-11_3258,16,c5a3,508,,-508.000000,0.000000,7.366738,3.960000,-3.960000,3.406738
lichess_db_broadcast_2022-11_3258,16,c5a7,65,,-65.000000,0.000000,7.519784,0.000000,0.000000,7.519784
lichess_db_broadcast_2022-11_3258,16,c5b4,446,,-446.000000,0.000000,4.419385,2.560000,-2.560000,1.859385
lichess_db_broadcast_2022-11_3258,16,c5b6,49,,-49.000000,0.000000,9.201066,0.000000,0.000000,9.201066
lichess_db_broadcast_2022-11_3258,16,c5d4,326,,-326.000000,-2.560000,20.068856,3.960000,-6.520000,13.548856
lichess_db_broadcast_2022-11_3258,16,c6a5,433,,-433.000000,0.000000,7.564970,0.000000,0.000000,7.564970
lichess_db_broadcast_2022-11_3258,16,c6a7,513,,-513.000000,0.000000,-6.868135,0.000000,0.000000,-6.868135
lichess_db_broadcast_2022-11_3258,16,c6b4,542,,-542.000000,0.000000,-5.958916,1.160000,-1.160000,-7.118916
lichess_db_broadcast_2022-11_3258,16,c6b8,524,,-524.000000,0.000000,7.657201,0.000000,0.000000,7.657201
lichess_db_broadcast_2022-11_3258,16,c6d4,371,,-371.000000,-1.160000,18.802473,1.160000,-2.320000,16.482473
lichess_db_broadcast_2022-11_3258,16,c6e7,395,,-395.000000,0.000000,6.853154,0.000000,0.000000,6.853154
lichess_db_broadcast_2022-11_3258,16,c8b7,436,,-436.000000,0.000000,-9.391064,0.000000,0.000000,-9.391064
lichess_db_broadcast_2022-11_3258,16,c8d7,443,,-443.000000,0.000000,-7.875897,0.000000,0.000000,-7.875897
lichess_db_broadcast_2022-11_3258,16,c8e6,487,,-487.000000,0.000000,-9.693163,0.000000,0.000000,-9.693163
lichess_db_broadcast_2022-11_3258,16,c8f5,508,,-508.000000,0.000000,-9.399701,2.560000,-2.560000,-11.959701
lichess_db_broadcast_2022-11_3258,16,c8g4,421,,-421.000000,0.000000,-13.016032,0.000000,0.000000,-13.016032
lichess_db_broadcast_2022-11_3258,16,c8h3,449,,-449.000000,0.000000,-9.246019,2.560000,-2.560000,-11.806019
lichess_db_broadcast_2022-11_3258,16,d6d5,444,,-444.000000,0.000000,-2.160564,0.000000,0.000000,-2.160564
lichess_db_broadcast_2022-11_3258,16,d8d7,472,,-472.000000,0.000000,-27.534263,0.000000,0.000000,-27.534263
lichess_db_broadcast_2022-11_3258,16,d8e7,453,,-453.000000,0.000000,35.196939,0.000000,0.000000,35.196939
lichess_db_broadcast_2022-11_3258,16,e5d4,80,,-80.000000,0.000000,16.907919,0.000000,0.000000,16.907919
lichess_db_broadcast_2022-11_3258,16,e8d7,542,,-542.000000,0.000000,-13.792432,0.000000,0.000000,-13.792432
lichess_db_broadcast_2022-11_3258,16,e8e7,506,,-506.000000,0.000000,-11.967147,0.000000,0.000000,-11.967147
lichess_db_broadcast_2022-11_3258,16,e8f8,548,,-548.000000,0.000000,-4.220690,0.000000,0.000000,-4.220690
lichess_db_broadcast_2022-11_3258,16,e8g8,438,,-438.000000,0.000000,-19.523951,0.000000,0.000000,-19.523951
lichess_db_broadcast_2022-11_3258,16,f6d5,660,,-660.000000,0.000000,-3.808170,1.160000,-1.160000,-4.968170
lichess_db_broadcast_2022-11_3258,16,f6d7,470,,-470.000000,0.000000,-4.260490,0.000000,0.000000,-4.260490
lichess_db_broadcast_2022-11_3258,16,f6e4,383,,-383.000000,-1.160000,16.371747,0.000000,-1.160000,15.211747
lichess_db_broadcast_2022-11_3258,16,f6g4,549,,-549.000000,0.000000,-4.287345,0.000000,0.000000,-4.287345
lichess_db_broadcast_2022-11_3258,16,f6g8,532,,-532.000000,0.000000,4.128163,0.000000,0.000000,4.128163
lichess_db_broadcast_2022-11_3258,16,f6h5,502,,-502.000000,0.000000,-3.937756,0.000000,0.000000,-3.937756
lichess_db_broadcast_2022-11_3258,16,g7g5,483,,-483.000000,0.000000,2.477346,0.000000,0.000000,2.477346
lichess_db_broadcast_2022-11_3258,16,g7g6,514,,-514.000000,0.000000,2.161591,0.000000,0.000000,2.161591
lichess_db_broadcast_2022-11_3258,16,h7h5,469,,-469.000000,0.000000,-2.610030,0.000000,0.000000,-2.610030
lichess_db_broadcast_2022-11_3258,16,h7h6,479,,-479.000000,0.000000,-2.976309,0.000000,0.000000,-2.976309
lichess_db_broadcast_2022-11_3258,16,h8f8,528,,-528.000000,0.000000,-19.290967,0.000000,0.000000,-19.290967
lichess_db_broadcast_2022-11_3258,16,h8g8,523,,-523.000000,0.000000,-20.032334,0.000000,0.000000,-20.032334
lichess_db_broadcast_2022-11_3258,31,a1b1,-35,,35.000000,0.000000,9.139642,0.000000,0.000000,9.139642
lichess_db_broadcast_2022-11_3258,31,a1c1,-22,,22.000000,0.000000,10.638307,0.000000,0.000000,10.638307
lichess_db_broadcast_2022-11_3258,31,a1d1,-34,,34.000000,0.000000,-9.387248,0.000000,0.000000,-9.387248
lichess_db_broadcast_2022-11_3258,31,a1e1,-28,,28.000000,0.000000,11.727225,0.000000,0.000000,11.727225
lichess_db_broadcast_2022-11_3258,31,a2a3,1,,-1.000000,0.000000,1.912681,0.000000,0.000000,1.912681
lichess_db_broadcast_2022-11_3258,31,a2a4,-24,,24.000000,0.000000,-1.033200,0.000000,0.000000,-1.033200
lichess_db_broadcast_2022-11_3258,31,b3a4,473,,-473.000000,0.000000,-9.064003,2.560000,-2.560000,-11.624003
lichess_db_broadcast_2022-11_3258,31,b3c2,-39,,39.000000,0.000000,-5.947670,0.000000,0.000000,-5.947670
lichess_db_broadcast_2022-11_3258,31,b3c4,419,,-419.000000,0.000000,-5.618482,2.560000,-2.560000,-8.178482
lichess_db_broadcast_2022-11_3258,31,b3d1,22,,-22.000000,0.000000,-8.821099,0.000000,0.000000,-8.821099
lichess_db_broadcast_2022-11_3258,31,b3d5,462,,-462.000000,0.000000,-9.791238,1.400000,-1.400000,-11.191238
lichess_db_broadcast_2022-11_3258,31,b3e6,495,,-495.000000,0.000000,-3.259806,2.560000,-2.560000,-5.819806
lichess_db_broadcast_2022-11_3258,31,b3f7,348,,-348.000000,-2.560000,-18.527263,0.900000,-3.460000,-21.987263
lichess_db_broadcast_2022-11_3258,31,c3c4,39,,-39.000000,0.000000,-2.103030,0.000000,0.000000,-2.103030
lichess_db_broadcast_2022-11_3258,31,d2b1,255,,-255.000000,0.000000,6.467459,0.000000,0.000000,6.467459
lichess_db_broadcast_2022-11_3258,31,d2c4,476,,-476.000000,0.000000,8.348756,1.160000,-1.160000,7.188756
lichess_db_broadcast_2022-11_3258,31,d2f3,110,,-110.000000,0.000000,5.696739,0.000000,0.000000,5.696739
lichess_db_broadcast_2022-11_3258,31,e3a7,694,,-694.000000,0.000000,-15.319765,3.400000,-3.400000,-18.719765
lichess_db_broadcast_2022-11_3258,31,e3b6,668,,-668.000000,0.000000,-19.174718,7.960000,-7.960000,-27.134718
lichess_db_broadcast_2022-11_3258,31,e3c5,651,,-651.000000,0.000000,9.121043,7.960000,-7.960000,1.161043
lichess_db_broadcast_2022-11_3258,31,e3d3,-10,,10.000000,0.000000,-14.350109,0.000000,0.000000,-14.350109
lichess_db_broadcast_2022-11_3258,31,e3d4,1,,-1.000000,0.000000,-13.850729,0.000000,0.000000,-13.850729
lichess_db_broadcast_2022-11_3258,31,e3e1,-15,,15.000000,0.000000,23.310634,0.000000,0.000000,23.310634
lichess_db_broadcast_2022-11_3258,31,e3e2,-13,,13.000000,0.000000,9.013274,0.000000,0.000000,9.013274
lichess_db_broadcast_2022-11_3258,31,e3f2,31,,-31.000000,0.000000,15.093418,0.000000,0.000000,15.093418
lichess_db_broadcast_2022-11_3258,31,e3f3,-28,,28.000000,0.000000,11.281167,0.000000,0.000000,11.281167
lichess_db_broadcast_2022-11_3258,31,e3g3,-5,,5.000000,0.000000,8.785488,0.000000,0.000000,8.785488
lichess_db_broadcast_2022-11_3258,31,e3h3,-11,,11.000000,0.000000,16.464231,0.000000,0.000000,16.464231
lichess_db_broadcast_2022-11_3258,31,e4e5,105,,-105.000000,0.000000,1.354808,0.000000,0.000000,1.354808
lichess_db_broadcast_2022-11_3258,31,f1b1,24,,-24.000000,0.000000,6.324003,0.000000,0.000000,6.324003
lichess_db_broadcast_2022-11_3258,31,f1c1,8,,-8.000000,0.000000,10.150613,0.000000,0.000000,10.150613
lichess_db_broadcast_2022-11_3258,31,f1d1,-21,,21.000000,0.000000,-10.502996,0.000000,0.000000,-10.502996
lichess_db_broadcast_2022-11_3258,31,f1e1,-34,,34.000000,0.000000,11.384869,0.000000,0.000000,11.384869
lichess_db_broadcast_2022-11_3258,31,f1f2,206,,-206.000000,0.000000,12.005660,0.000000,0.000000,12.005660
lichess_db_broadcast_2022-11_3258,31,f1f3,25,,-25.000000,0.000000,14.059402,0.000000,0.000000,14.059402
lichess_db_broadcast_2022-11_3258,31,f4f5,100,,-100.000000,0.000000,-2.378909,0.000000,0.000000,-2.378909
lichess_db_broadcast_2022-11_3258,31,g1f2,669,,-669.000000,0.000000,10.743710,0.000000,0.000000,10.743710
lichess_db_broadcast_2022-11_3258,31,g1h1,-41,,41.000000,0.000000,-4.666801,0.000000,0.000000,-4.666801
lichess_db_broadcast_2022-11_3258,31,g2g3,-40,,40.000000,0.000000,1.821297,0.000000,0.000000,1.821297
lichess_db_broadcast_2022-11_3258,31,g2g4,107,,-107.000000,0.000000,-1.302250,0.000000,0.000000,-1.302250
lichess_db_broadcast_2022-11_3258,31,h2h3,-31,,31.000000,0.000000,1.792343,0.000000,0.000000,1.792343
lichess_db_broadcast_2022-11_3258,31,h2h4,20,,-20.000000,0.000000,-1.752186,0.000000,0.000000,-1.752186
lichess_db_broadcast_2022-11_3258,39,a2a3,-21,,21.000000,0.000000,1.885494,0.000000,0.000000,1.885494
lichess_db_broadcast_2022-11_3258,39,a2a4,0,,-0.000000,0.000000,-1.839148,0.000000,0.000000,-1.839148
lichess_db_broadcast_2022-11_3258,39,b3a4,427,,-427.000000,0.000000,-12.088870,2.560000,-2.560000,-14.648870
lichess_db_broadcast_2022-11_3258,39,b3c2,-20,,20.000000,0.000000,-6.107381,0.000000,0.000000,-6.107381
lichess_db_broadcast_2022-11_3258,39,b3c4,324,,-324.000000,0.000000,-7.594035,2.560000,-2.560000,-10.154035
lichess_db_broadcast_2022-11_3258,39,b3d1,-13,,13.000000,0.000000,12.988512,0.000000,0.000000,12.988512
lichess_db_broadcast_2022-11_3258,39,b3d5,382,,-382.000000,0.000000,12.105647,1.400000,-1.400000,10.705647
lichess_db_broadcast_2022-11_3258,39,b3e6,444,,-444.000000,0.000000,-12.833086,2.560000,-2.560000,-15.393086
lichess_db_broadcast_2022-11_3258,39,b3f7,320,,-320.000000,-2.560000,-18.513943,0.900000,-3.460000,-21.973943
lichess_db_broadcast_2022-11_3258,39,c3c4,93,,-93.000000,0.000000,-2.042626,0.000000,0.000000,-2.042626
lichess_db_broadcast_2022-11_3258,39,d2b1,164,,-164.000000,0.000000,8.906926,0.000000,0.000000,8.906926
lichess_db_broadcast_2022-11_3258,39,d2c4,383,,-383.000000,0.000000,8.989885,1.160000,-1.160000,7.829885
lichess_db_broadcast_2022-11_3258,39,e2e1,-2,,2.000000,0.000000,-9.528180,0.000000,0.000000,-9.528180
lichess_db_broadcast_2022-11_3258,39,e2e3,28,,-28.000000,0.000000,-3.871895,0.000000,0.000000,-3.871895
lichess_db_broadcast_2022-11_3258,39,e2f2,28,,-28.000000,0.000000,9.455970,0.000000,0.000000,9.455970
lichess_db_broadcast_2022-11_3258,39,e2g2,54,,-54.000000,0.000000,4.604245,0.000000,0.000000,4.604245
lichess_db_broadcast_2022-11_3258,39,e4e5,230,,-230.000000,0.000000,-2.062362,0.000000,0.000000,-2.062362
lichess_db_broadcast_2022-11_3258,39,f1a1,-5,,5.000000,0.000000,-9.183643,0.000000,0.000000,-9.183643
lichess_db_broadcast_2022-11_3258,39,f1b1,-12,,12.000000,0.000000,-9.446680,0.000000,0.000000,-9.446680
lichess_db_broadcast_2022-11_3258,39,f1c1,-4,,4.000000,0.000000,-9.218120,0.000000,0.000000,-9.218120
lichess_db_broadcast_2022-11_3258,39,f1d1,-35,,35.000000,0.000000,-13.619458,0.000000,0.000000,-13.619458
lichess_db_broadcast_2022-11_3258,39,f1e1,-18,,18.000000,0.000000,-10.915945,0.000000,0.000000,-10.915945
lichess_db_broadcast_2022-11_3258,39,f1f2,-2,,2.000000,0.000000,-13.193612,0.000000,0.000000,-13.193612
lichess_db_broadcast_2022-11_3258,39,f3d3,312,,-312.000000,0.000000,-22.335523,0.000000,0.000000,-22.335523
lichess_db_broadcast_2022-11_3258,39,f3e3,83,,-83.000000,0.000000,-23.233006,0.000000,0.000000,-23.233006
lichess_db_broadcast_2022-11_3258,39,f3f2,76,,-76.000000,0.000000,-26.489186,0.000000,0.000000,-26.489186
lichess_db_broadcast_2022-11_3258,39,f3g2,-2,,2.000000,0.000000,30.612735,0.000000,0.000000,30.612735
lichess_db_broadcast_2022-11_3258,39,f3g4,695,,-695.000000,0.000000,-24.310367,6.800000,-6.800000,-31.110367
lichess_db_broadcast_2022-11_3258,39,f3h1,57,,-57.000000,0.000000,30.690269,0.000000,0.000000,30.690269
lichess_db_broadcast_2022-11_3258,39,f3h5,689,,-689.000000,0.000000,-26.751037,6.800000,-6.800000,-33.551037
lichess_db_broadcast_2022-11_3258,39,f4f5,223,,-223.000000,0.000000,-2.363607,0.000000,0.000000,-2.363607
lichess_db_broadcast_2022-11_3258,39,g1f2,-12,,12.000000,0.000000,15.178172,0.000000,0.000000,15.178172
lichess_db_broadcast_2022-11_3258,39,g1g2,-20,,20.000000,0.000000,17.034693,0.000000,0.000000,17.034693
lichess_db_broadcast_2022-11_3258,39,g1h1,-16,,16.000000,0.000000,4.889749,0.000000,0.000000,4.889749
lichess_db_broadcast_2022-11_3258,39,g3g4,171,,-171.000000,0.000000,-1.819900,0.000000,0.000000,-1.819900
lichess_db_broadcast_2022-11_3258,39,h2h3,107,,-107.000000,0.000000,2.679882,0.000000,0.000000,2.679882
lichess_db_broadcast_2022-11_3258,39,h2h4,3,,-3.000000,0.000000,1.184456,0.000000,0.000000,1.184456
lichess_db_broadcast_2022-11_3258,42,a6a5,57,,-57.000000,0.000000,1.485481,0.000000,0.000000,1.485481
lichess_db_broadcast_2022-11_3258,42,b5b4,92,,-92.000000,0.000000,-2.154886,0.000000,0.000000,-2.154886
lichess_db_broadcast_2022-11_3258,42,c5c4,24,,-24.000000,0.000000,1.579038,0.000000,0.000000,1.579038
lichess_db_broadcast_2022-11_3258,42,d6d5,204,,-204.000000,0.000000,-2.563857,0.000000,0.000000,-2.563857
lichess_db_broadcast_2022-11_3258,42,d7a7,49,,-49.000000,0.000000,-21.772208,0.000000,0.000000,-21.772208
lichess_db_broadcast_2022-11_3258,42,d7b7,46,,-46.000000,0.000000,-25.726812,0.000000,0.000000,-25.726812
lichess_db_broadcast_2022-11_3258,42,d7c6,42,,-42.000000,0.000000,-20.277438,0.000000,0.000000,-20.277438
lichess_db_broadcast_2022-11_3258,42,d7c7,49,,-49.000000,0.000000,-17.542419,0.000000,0.000000,-17.542419
lichess_db_broadcast_2022-11_3258,42,d7c8,41,,-41.000000,0.000000,24.629988,0.000000,0.000000,24.629988
lichess_db_broadcast_2022-11_3258,42,d7d8,54,,-54.000000,0.000000,28.737070,0.000000,0.000000,28.737070
lichess_db_broadcast_2022-11_3258,42,d7e6,530,,-530.000000,0.000000,-19.692784,5.400000,-5.400000,-25.092784
lichess_db_broadcast_2022-11_3258,42,d7f5,567,,-567.000000,0.000000,-21.255754,7.960000,-7.960000,-29.215754
lichess_db_broadcast_2022-11_3258,42,d7g4,114,,-114.000000,0.000000,29.980007,0.000000,0.000000,29.980007
lichess_db_broadcast_2022-11_3258,42,d7h3,626,,-626.000000,0.000000,30.984356,6.300000,-6.300000,24.684356
lichess_db_broadcast_2022-11_3258,42,e7e4,480,,-480.000000,-4.560000,20.782946,3.400000,-7.960000,12.822946
lichess_db_broadcast_2022-11_3258,42,e7e5,343,,-343.000000,0.000000,-9.540362,4.560000,-4.560000,-14.100362
lichess_db_broadcast_2022-11_3258,42,e7e6,319,,-319.000000,0.000000,5.371938,2.000000,-2.000000,3.371938
lichess_db_broadcast_2022-11_3258,42,e8a8,332,,-332.000000,0.000000,-11.724866,0.000000,0.000000,-11.724866
lichess_db_broadcast_2022-11_3258,42,e8b8,77,,-77.000000,0.000000,-9.996641,0.000000,0.000000,-9.996641
lichess_db_broadcast_2022-11_3258,42,e8c8,89,,-89.000000,0.000000,-6.174105,0.000000,0.000000,-6.174105
lichess_db_broadcast_2022-11_3258,42,e8d8,85,,-85.000000,0.000000,-8.633576,0.000000,0.000000,-8.633576
lichess_db_broadcast_2022-11_3258,42,e8f8,79,,-79.000000,0.000000,-11.768679,0.000000,0.000000,-11.768679
lichess_db_broadcast_2022-11_3258,42,f6d5,534,,-534.000000,0.000000,11.582875,1.160000,-1.160000,10.422875
lichess_db_broadcast_2022-11_3258,42,f6e4,328,,-328.000000,-1.160000,19.264825,0.000000,-1.160000,18.104825
lichess_db_broadcast_2022-11_3258,42,f6g4,136,,-136.000000,0.000000,11.137716,0.000000,0.000000,11.137716
lichess_db_broadcast_2022-11_3258,42,f6h5,515,,-515.000000,0.000000,-10.407991,0.000000,0.000000,-10.407991
lichess_db_broadcast_2022-11_3258,42,f6h7,79,,-79.000000,0.000000,11.537251,0.000000,0.000000,11.537251
lichess_db_broadcast_2022-11_3258,42,g6e5,314,,-314.000000,0.000000,2.388437,1.160000,-1.160000,1.228437
lichess_db_broadcast_2022-11_3258,42,g6f4,401,,-401.000000,-1.160000,17.552629,1.160000,-2.320000,15.232629
lichess_db_broadcast_2022-11_3258,42,g6f8,24,,-24.000000,0.000000,-4.435763,0.000000,0.000000,-4.435763
lichess_db_broadcast_2022-11_3258,42,g6h4,417,,-417.000000,0.000000,-3.476943,1.160000,-1.160000,-4.636943
lichess_db_broadcast_2022-11_3258,42,g6h8,94,,-94.000000,0.000000,-2.286712,0.000000,0.000000,-2.286712
lichess_db_broadcast_2022-11_3258,42,g8f8,99,,-99.000000,0.000000,-5.809882,0.000000,0.000000,-5.809882
lichess_db_broadcast_2022-11_3258,42,g8h7,94,,-94.000000,0.000000,4.861123,0.000000,0.000000,4.861123
lichess_db_broadcast_2022-11_3258,42,g8h8,64,,-64.000000,0.000000,-2.900377,0.000000,0.000000,-2.900377
lichess_db_broadcast_2022-11_3258,42,h6h5,48,,-48.000000,0.000000,-2.457010,0.000000,0.000000,-2.457010
lichess_db_broadcast_2022-11_3263,18,a7a5,50,,-50.000000,0.000000,2.320248,0.000000,0.000000,2.320248
lichess_db_broadcast_2022-11_3263,18,a7a6,79,,-79.000000,0.000000,1.917636,0.000000,0.000000,1.917636
lichess_db_broadcast_2022-11_3263,18,b6b5,198,,-198.000000,0.000000,-2.597865,0.000000,0.000000,-2.597865
lichess_db_broadcast_2022-11_3263,18,b7a6,95,,-95.000000,0.000000,8.833503,0.000000,0.000000,8.833503
lichess_db_broadcast_2022-11_3263,18,b7c8,97,,-97.000000,0.000000,9.311488,0.000000,0.000000,9.311488
lichess_db_broadcast_2022-11_3263,18,b8a6,31,,-31.000000,0.000000,-4.068299,0.000000,0.000000,-4.068299
lichess_db_broadcast_2022-11_3263,18,b8d7,67,,-67.000000,0.000000,-4.685151,0.000000,0.000000,-4.685151
lichess_db_broadcast_2022-11_3263,18,c6c5,57,,-57.000000,0.000000,2.613022,0.000000,0.000000,2.613022
lichess_db_broadcast_2022-11_3263,18,d5c4,77,,-77.000000,0.000000,16.341528,0.000000,0.000000,16.341528
lichess_db_broadcast_2022-11_3263,18,d5e4,59,,-59.000000,0.000000,16.349678,0.000000,0.000000,16.349678
lichess_db_broadcast_2022-11_3263,18,d8c7,111,,-111.000000,0.000000,-37.125727,0.000000,0.000000,-37.125727
lichess_db_broadcast_2022-11_3263,18,d8c8,50,,-50.000000,0.000000,-31.604495,0.000000,0.000000,-31.604495
lichess_db_broadcast_2022-11_3263,18,d8d6,401,,-401.000000,0.000000,-34.521830,0.000000,0.000000,-34.521830
lichess_db_broadcast_2022-11_3263,18,d8d7,96,,-96.000000,0.000000,-38.035111,0.000000,0.000000,-38.035111
lichess_db_broadcast_2022-11_3263,18,d8e8,74,,-74.000000,0.000000,-33.874785,0.000000,0.000000,-33.874785
lichess_db_broadcast_2022-11_3263,18,e6e5,249,,-249.000000,0.000000,-1.641865,0.000000,0.000000,-1.641865
lichess_db_broadcast_2022-11_3263,18,e7a3,473,,-473.000000,0.000000,-14.693186,2.560000,-2.560000,-17.253186
lichess_db_broadcast_2022-11_3263,18,e7b4,87,,-87.000000,0.000000,-14.318314,0.000000,0.000000,-14.318314
lichess_db_broadcast_2022-11_3263,18,e7c5,464,,-464.000000,0.000000,-14.766088,2.560000,-2.560000,-17.326088
lichess_db_broadcast_2022-11_3263,18,e7d6,400,,-400.000000,0.000000,-12.525231,0.000000,0.000000,-12.525231
lichess_db_broadcast_2022-11_3263,18,f6d7,95,,-95.000000,0.000000,-5.283636,0.000000,0.000000,-5.283636
lichess_db_broadcast_2022-11_3263,18,f6e4,62,,-62.000000,-1.160000,-18.428347,0.000000,-1.160000,-19.588347
lichess_db_broadcast_2022-11_3263,18,f6e8,85,,-85.000000,0.000000,3.439331,0.000000,0.000000,3.439331
lichess_db_broadcast_2022-11_3263,18,f6g4,96,,-96.000000,0.000000,-5.034862,0.000000,0.000000,-5.034862
lichess_db_broadcast_2022-11_3263,18,f6h5,99,,-99.000000,0.000000,-4.966528,0.000000,0.000000,-4.966528
lichess_db_broadcast_2022-11_3263,18,f8e8,48,,-48.000000,0.000000,13.273190,0.000000,0.000000,13.273190
lichess_db_broadcast_2022-11_3263,18,g7g5,286,,-286.000000,0.000000,2.788821,0.000000,0.000000,2.788821
lichess_db_broadcast_2022-11_3263,18,g7g6,117,,-117.000000,0.000000,-2.525554,0.000000,0.000000,-2.525554
lichess_db_broadcast_2022-11_3263,18,g8h8,86,,-86.000000,0.000000,-3.375197,0.000000,0.000000,-3.375197
lichess_db_broadcast_2022-11_3263,18,h7h5,120,,-120.000000,0.000000,2.556887,0.000000,0.000000,2.556887
lichess_db_broadcast_2022-11_3263,18,h7h6,46,,-46.000000,0.000000,3.186342,0.000000,0.000000,3.186342
lichess_db_broadcast_2022-11_3313,3,a2a3,27,,-27.000000,0.000000,-1.475360,0.000000,0.000000,-1.475360
lichess_db_broadcast_2022-11_3313,3,a2a4,79,,-79.000000,0.000000,1.727431,0.000000,0.000000,1.727431
lichess_db_broadcast_2022-11_3313,3,b1a3,81,,-81.000000,0.000000,-4.692462,0.000000,0.000000,-4.692462
lichess_db_broadcast_2022-11_3313,3,b1c3,-5,,5.000000,0.000000,-8.640361,0.000000,0.000000,-8.640361
lichess_db_broadcast_2022-11_3313,3,b2b3,34,,-34.000000,0.000000,1.750555,0.000000,0.000000,1.750555
lichess_db_broadcast_2022-11_3313,3,b2b4,34,,-34.000000,0.000000,-1.449501,0.000000,0.000000,-1.449501
lichess_db_broadcast_2022-11_3313,3,c4c5,172,,-172.000000,0.000000,-1.725671,0.000000,0.000000,-1.725671
lichess_db_broadcast_2022-11_3313,3,d1a4,31,,-31.000000,0.000000,-33.210563,0.000000,0.000000,-33.210563
lichess_db_broadcast_2022-11_3313,3,d1b3,38,,-38.000000,0.000000,37.599429,0.000000,0.000000,37.599429
lichess_db_broadcast_2022-11_3313,3,d1c2,32,,-32.000000,0.000000,38.077819,0.000000,0.000000,38.077819
lichess_db_broadcast_2022-11_3313,3,d2d3,12,,-12.000000,0.000000,1.334212,0.000000,0.000000,1.334212
lichess_db_broadcast_2022-11_3313,3,d2d4,-26,,26.000000,0.000000,-1.132688,0.000000,0.000000,-1.132688
lichess_db_broadcast_2022-11_3313,3,e2e3,7,,-7.000000,0.000000,-1.974560,0.000000,0.000000,-1.974560
lichess_db_broadcast_2022-11_3313,3,e2e4,116,,-116.000000,0.000000,-1.999686,0.000000,0.000000,-1.999686
lichess_db_broadcast_2022-11_3313,3,f2f3,91,,-91.000000,0.000000,1.598610,0.000000,0.000000,1.598610
lichess_db_broadcast_2022-11_3313,3,f2f4,46,,-46.000000,0.000000,-1.336827,0.000000,0.000000,-1.336827
lichess_db_broadcast_2022-11_3313,3,g1f3,-28,,28.000000,0.000000,-4.341827,0.000000,0.000000,-4.341827
lichess_db_broadcast_2022-11_3313,3,g1h3,88,,-88.000000,0.000000,-4.544972,0.000000,0.000000,-4.544972
lichess_db_broadcast_2022-11_3313,3,g2g3,-7,,7.000000,0.000000,-1.131868,0.000000,0.000000,-1.131868
lichess_db_broadcast_2022-11_3313,3,g2g4,116,,-116.000000,0.000000,2.085171,0.000000,0.000000,2.085171
lichess_db_broadcast_2022-11_3313,3,h2h3,34,,-34.000000,0.000000,1.419941,0.000000,0.000000,1.419941
lichess_db_broadcast_2022-11_3313,3,h2h4,37,,-37.000000,0.000000,-1.707057,0.000000,0.000000,-1.707057
lichess_db_broadcast_2022-11_3385,31,a1b1,523,,-523.000000,0.000000,14.077780,0.000000,0.000000,14.077780
lichess_db_broadcast_2022-11_3385,31,a1c1,511,,-511.000000,0.000000,14.890685,0.000000,0.000000,14.890685
lichess_db_broadcast_2022-11_3385,31,a1d1,515,,-515.000000,0.000000,15.237531,0.000000,0.000000,15.237531
lichess_db_broadcast_2022-11_3385,31,a1e1,492,,-492.000000,0.000000,14.544059,0.000000,0.000000,14.544059
lichess_db_broadcast_2022-11_3385,31,a1f1,529,,-529.000000,0.000000,-16.657809,0.000000,0.000000,-16.657809
lichess_db_broadcast_2022-11_3385,31,a2a3,511,,-511.000000,0.000000,-1.838103,0.000000,0.000000,-1.838103
lichess_db_broadcast_2022-11_3385,31,a2a4,518,,-518.000000,0.000000,-1.147257,0.000000,0.000000,-1.147257
lichess_db_broadcast_2022-11_3385,31,b2b3,568,,-568.000000,0.000000,-1.989619,0.000000,0.000000,-1.989619
lichess_db_broadcast_2022-11_3385,31,b2b4,555,,-555.000000,0.000000,-1.613988,0.000000,0.000000,-1.613988
lichess_db_broadcast_2022-11_3385,31,d2c2,502,,-502.000000,0.000000,8.897183,0.000000,0.000000,8.897183
lichess_db_broadcast_2022-11_3385,31,d2d1,502,,-502.000000,0.000000,-11.579188,0.000000,0.000000,-11.579188
lichess_db_broadcast_2022-11_3385,31,d2d3,518,,-518.000000,0.000000,-14.217936,0.000000,0.000000,-14.217936
lichess_db_broadcast_2022-11_3385,31,d4d5,610,,-610.000000,0.000000,-2.319730,0.000000,0.000000,-2.319730
lichess_db_broadcast_2022-11_3385,31,e2c1,595,,-595.000000,0.000000,5.232106,0.000000,0.000000,5.232106
lichess_db_broadcast_2022-11_3385,31,e2c3,561,,-561.000000,0.000000,3.994854,0.000000,0.000000,3.994854
lichess_db_broadcast_2022-11_3385,31,e2f4,558,,-558.000000,0.000000,3.774848,0.000000,0.000000,3.774848
lichess_db_broadcast_2022-11_3385,31,e2g3,550,,-550.000000,0.000000,3.522428,0.000000,0.000000,3.522428
lichess_db_broadcast_2022-11_3385,31,e3f4,544,,-544.000000,0.000000,-9.068528,0.000000,0.000000,-9.068528
lichess_db_broadcast_2022-11_3385,31,e3g5,678,,-678.000000,0.000000,11.075856,1.400000,-1.400000,9.675856
lichess_db_broadcast_2022-11_3385,31,e3h6,689,,-689.000000,0.000000,-10.551590,0.000000,0.000000,-10.551590
lichess_db_broadcast_2022-11_3385,31,f3e4,66,,-66.000000,-6.800000,-49.162466,0.000000,-6.800000,-55.962466
lichess_db_broadcast_2022-11_3385,31,f3f4,582,,-582.000000,0.000000,20.216799,0.000000,0.000000,20.216799
lichess_db_broadcast_2022-11_3385,31,f3f5,850,,-850.000000,0.000000,8.447224,7.960000,-7.960000,0.487224
lichess_db_broadcast_2022-11_3385,31,f3f6,924,,-924.000000,0.000000,21.207651,26.960000,-26.960000,-5.752349
lichess_db_broadcast_2022-11_3385,31,f3f7,724,,-724.000000,-7.960000,20.848369,6.300000,-14.260000,6.588369
lichess_db_broadcast_2022-11_3385,31,f3g3,702,,-702.000000,0.000000,8.563674,6.800000,-6.800000,1.763674
lichess_db_broadcast_2022-11_3385,31,f3g4,585,,-585.000000,0.000000,5.862429,0.000000,0.000000,5.862429
lichess_db_broadcast_2022-11_3385,31,f3h3,608,,-608.000000,0.000000,5.413699,0.000000,0.000000,5.413699
lichess_db_broadcast_2022-11_3385,31,f3h5,864,,-864.000000,0.000000,3.168495,7.960000,-7.960000,-4.791505
lichess_db_broadcast_2022-11_3385,31,g1f1,632,,-632.000000,0.000000,-6.325488,0.000000,0.000000,-6.325488
lichess_db_broadcast_2022-11_3385,31,g1h1,524,,-524.000000,0.000000,-4.845174,0.000000,0.000000,-4.845174
lichess_db_broadcast_2022-11_3385,31,g2g3,522,,-522.000000,0.000000,1.353489,0.000000,0.000000,1.353489
lichess_db_broadcast_2022-11_3385,31,g2g4,552,,-552.000000,0.000000,-1.192992,0.000000,0.000000,-1.192992
lichess_db_broadcast_2022-11_3385,31,h2h3,529,,-529.000000,0.000000,-1.862499,0.000000,0.000000,-1.862499
lichess_db_broadcast_2022-11_3385,31,h2h4,514,,-514.000000,0.000000,-1.090032,0.000000,0.000000,-1.090032
lichess_db_broadcast_2022-11_3385,86,e7d7,691,,-691.000000,0.000000,-2.974846,0.000000,0.000000,-2.974846
lichess_db_broadcast_2022-11_3385,86,e7d8,704,,-704.000000,0.000000,-2.974846,0.000000,0.000000,-2.974846
lichess_db_broadcast_2022-11_3385,86,e7e8,696,,-696.000000,0.000000,-2.875172,0.000000,0.000000,-2.875172
lichess_db_broadcast_2022-11_3385,86,e7f8,698,,-698.000000,0.000000,-3.481921,0.000000,0.000000,-3.481921
lichess_db_broadcast_2022-11_3385,86,g3a3,313,,-313.000000,0.000000,-2.148970,0.000000,0.000000,-2.148970
lichess_db_broadcast_2022-11_3385,86,g3b3,331,,-331.000000,0.000000,-1.844524,0.000000,0.000000,-1.844524
lichess_db_broadcast_2022-11_3385,86,g3c3,345,,-345.000000,0.000000,-1.846360,0.000000,0.000000,-1.846360
lichess_db_broadcast_2022-11_3385,86,g3d3,352,,-352.000000,0.000000,-1.841576,0.000000,0.000000,-1.841576
lichess_db_broadcast_2022-11_3385,86,g3e3,340,,-340.000000,0.000000,-2.007256,0.000000,0.000000,-2.007256
lichess_db_broadcast_2022-11_3385,86,g3f3,674,,-674.000000,0.000000,3.048649,4.560000,-4.560000,-1.511351
lichess_db_broadcast_2022-11_3385,86,g3g2,5,,-5.000000,-4.560000,-16.061743,0.000000,-4.560000,-20.621743
lichess_db_broadcast_2022-11_3385,86,g3g4,698,,-698.000000,0.000000,1.646479,7.460000,-7.460000,-5.813521
lichess_db_broadcast_2022-11_3385,86,g3g5,679,,-679.000000,0.000000,0.544138,7.460000,-7.460000,-6.915862
lichess_db_broadcast_2022-11_3385,86,g3h3,649,,-649.000000,-4.560000,-15.991858,7.460000,-12.020000,-28.011858
lichess_db_broadcast_2022-11_3385,86,g6g5,733,,-733.000000,0.000000,1.839585,0.000000,0.000000,1.839585
lichess_db_broadcast_2022-11_3385,92,f7f5,667,,-667.000000,0.000000,-1.906422,0.000000,0.000000,-1.906422
lichess_db_broadcast_2022-11_3385,92,f7f6,578,,-578.000000,0.000000,-1.755891,0.000000,0.000000,-1.755891
lichess_db_broadcast_2022-11_3385,92,g2a2,7,,-7.000000,0.000000,-2.410259,0.000000,0.000000,-2.410259
lichess_db_broadcast_2022-11_3385,92,g2b2,5,,-5.000000,0.000000,-2.410259,0.000000,0.000000,-2.410259
lichess_db_broadcast_2022-11_3385,92,g2c2,5,,-5.000000,0.000000,-2.410259,0.000000,0.000000,-2.410259
lichess_db_broadcast_2022-11_3385,92,g2d2,31,,-31.000000,0.000000,-2.410259,0.000000,0.000000,-2.410259
lichess_db_broadcast_2022-11_3385,92,g2e2,11,,-11.000000,0.000000,-2.475878,0.000000,0.000000,-2.475878
lichess_db_broadcast_2022-11_3385,92,g2f2,17,,-17.000000,0.000000,-2.410259,0.000000,0.000000,-2.410259
lichess_db_broadcast_2022-11_3385,92,g2g1,606,,-606.000000,0.000000,1.535487,0.000000,0.000000,1.535487
lichess_db_broadcast_2022-11_3385,92,g2g3,298,,-298.000000,0.000000,475.467741,2.900000,-2.900000,472.567741
lichess_db_broadcast_2022-11_3385,92,g2h2,15,,-15.000000,0.000000,-3.087347,0.000000,0.000000,-3.087347
lichess_db_broadcast_2022-11_3385,92,g6g5,470,,-470.000000,0.000000,-2.014837,0.000000,0.000000,-2.014837
lichess_db_broadcast_2022-11_3385,92,g7f8,638,,-638.000000,0.000000,-2.903088,0.000000,0.000000,-2.903088
lichess_db_broadcast_2022-11_3385,92,g7g8,629,,-629.000000,0.000000,-1.881958,0.000000,0.000000,-1.881958
lichess_db_broadcast_2022-11_3385,92,g7h6,616,,-616.000000,0.000000,-2.931575,0.000000,0.000000,-2.931575
lichess_db_broadcast_2022-11_3385,92,g7h7,623,,-623.000000,0.000000,-2.872239,0.000000,0.000000,-2.872239
lichess_db_broadcast_2022-11_3385,92,g7h8,623,,-623.000000,0.000000,-2.799735,0.000000,0.000000,-2.799735
lichess_db_broadcast_2022-11_3385,121,d7a7,-31,,31.000000,0.000000,-2.096692,0.000000,0.000000,-2.096692
lichess_db_broadcast_2022-11_3385,121,d7b7,-27,,27.000000,0.000000,-1.682634,0.000000,0.000000,-1.682634
lichess_db_broadcast_2022-11_3385,121,d7c7,-22,,22.000000,0.000000,-1.689979,0.000000,0.000000,-1.689979
lichess_db_broadcast_2022-11_3385,121,d7d1,441,,-441.000000,0.000000,3.984434,0.000000,0.000000,3.984434
lichess_db_broadcast_2022-11_3385,121,d7d2,-24,,24.000000,0.000000,-1.816845,0.000000,0.000000,-1.816845
lichess_db_broadcast_2022-11_3385,121,d7d3,-25,,25.000000,0.000000,-1.816845,0.000000,0.000000,-1.816845
lichess_db_broadcast_2022-11_3385,121,d7d4,-24,,24.000000,0.000000,-1.993764,0.000000,0.000000,-1.993764
lichess_db_broadcast_2022-11_3385,121,d7d5,-26,,26.000000,0.000000,2.631381,0.000000,0.000000,2.631381
lichess_db_broadcast_2022-11_3385,121,d7d6,-11,,11.000000,0.000000,-1.816845,0.000000,0.000000,-1.816845
lichess_db_broadcast_2022-11_3385,121,d7d8,429,,-429.000000,0.000000,1.733933,2.900000,-2.900000,-1.166067
lichess_db_broadcast_2022-11_3385,121,d7e7,428,,-428.000000,0.000000,1.126951,2.900000,-2.900000,-1.773049
lichess_db_broadcast_2022-11_3385,121,d7f7,389,,-389.000000,-4.560000,16.075901,2.900000,-7.460000,8.615901
lichess_db_broadcast_2022-11_3385,121,e5e6,496,,-496.000000,0.000000,1.502172,0.000000,0.000000,1.502172
lichess_db_broadcast_2022-11_3385,121,f5e4,422,,-422.000000,0.000000,-1.029842,0.000000,0.000000,-1.029842
lichess_db_broadcast_2022-11_3385,121,f5f6,489,,-489.000000,0.000000,-0.848846,0.000000,0.000000,-0.848846
lichess_db_broadcast_2022-11_3457,33,a1b1,355,,-355.000000,0.000000,14.403484,0.000000,0.000000,14.403484
lichess_db_broadcast_2022-11_3457,33,a1c1,342,,-342.000000,0.000000,14.337427,0.000000,0.000000,14.337427
lichess_db_broadcast_2022-11_3457,33,a2a3,363,,-363.000000,0.000000,-1.177880,0.000000,0.000000,-1.177880
lichess_db_broadcast_2022-11_3457,33,a2a4,371,,-371.000000,0.000000,1.727431,0.000000,0.000000,1.727431
lichess_db_broadcast_2022-11_3457,33,b2b3,352,,-352.000000,0.000000,1.610723,0.000000,0.000000,1.610723
lichess_db_broadcast_2022-11_3457,33,b2b4,300,,-300.000000,0.000000,-1.507141,0.000000,0.000000,-1.507141
lichess_db_broadcast_2022-11_3457,33,d1a4,385,,-385.000000,0.000000,17.676306,0.000000,0.000000,17.676306
lichess_db_broadcast_2022-11_3457,33,d1b1,385,,-385.000000,0.000000,21.172579,0.000000,0.000000,21.172579
lichess_db_broadcast_2022-11_3457,33,d1b3,298,,-298.000000,0.000000,22.609164,0.000000,0.000000,22.609164
lichess_db_broadcast_2022-11_3457,33,d1c1,329,,-329.000000,0.000000,22.265296,0.000000,0.000000,22.265296
lichess_db_broadcast_2022-11_3457,33,d1c2,393,,-393.000000,0.000000,21.138680,0.000000,0.000000,21.138680
lichess_db_broadcast_2022-11_3457,33,d1d2,329,,-329.000000,0.000000,20.414673,0.000000,0.000000,20.414673
lichess_db_broadcast_2022-11_3457,33,d1d3,335,,-335.000000,0.000000,19.291858,0.000000,0.000000,19.291858
lichess_db_broadcast_2022-11_3457,33,d1d4,565,,-565.000000,-7.960000,24.754383,14.760000,-22.720000,2.034383
lichess_db_broadcast_2022-11_3457,33,d1e2,319,,-319.000000,0.000000,29.240917,0.000000,0.000000,29.240917
lichess_db_broadcast_2022-11_3457,33,e1e2,329,,-329.000000,0.000000,-13.703674,0.000000,0.000000,-13.703674
lichess_db_broadcast_2022-11_3457,33,e1f1,374,,-374.000000,0.000000,13.914260,0.000000,0.000000,13.914260
lichess_db_broadcast_2022-11_3457,33,e3c2,81,,-81.000000,0.000000,-9.981568,0.000000,0.000000,-9.981568
lichess_db_broadcast_2022-11_3457,33,e3d5,105,,-105.000000,0.000000,-11.176194,1.160000,-1.160000,-12.336194
lichess_db_broadcast_2022-11_3457,33,e3f1,89,,-89.000000,0.000000,-10.248067,0.000000,0.000000,-10.248067
lichess_db_broadcast_2022-11_3457,33,e3f5,232,,-232.000000,0.000000,-9.915672,1.160000,-1.160000,-11.075672
lichess_db_broadcast_2022-11_3457,33,e3g4,75,,-75.000000,0.000000,-9.264334,0.000000,0.000000,-9.264334
lichess_db_broadcast_2022-11_3457,33,f3d2,337,,-337.000000,0.000000,7.296776,0.000000,0.000000,7.296776
lichess_db_broadcast_2022-11_3457,33,f3d4,316,,-316.000000,-1.160000,17.688117,1.160000,-2.320000,15.368117
lichess_db_broadcast_2022-11_3457,33,f3g5,444,,-444.000000,0.000000,-7.936566,1.160000,-1.160000,-9.096566
lichess_db_broadcast_2022-11_3457,33,f3h2,303,,-303.000000,0.000000,7.493419,0.000000,0.000000,7.493419
lichess_db_broadcast_2022-11_3457,33,f3h4,333,,-333.000000,0.000000,-7.960075,0.000000,0.000000,-7.960075
lichess_db_broadcast_2022-11_3457,33,f4g5,420,,-420.000000,0.000000,-10.489182,2.560000,-2.560000,-13.049182
lichess_db_broadcast_2022-11_3457,33,f4h6,270,,-270.000000,-2.560000,16.224147,2.560000,-5.120000,11.104147
lichess_db_broadcast_2022-11_3457,33,g1f1,365,,-365.000000,0.000000,-4.562068,0.000000,0.000000,-4.562068
lichess_db_broadcast_2022-11_3457,33,g1h1,387,,-387.000000,0.000000,-5.344463,0.000000,0.000000,-5.344463
lichess_db_broadcast_2022-11_3457,33,g1h2,349,,-349.000000,0.000000,-6.060638,0.000000,0.000000,-6.060638
lichess_db_broadcast_2022-11_3457,33,g2f1,368,,-368.000000,0.000000,11.432947,0.000000,0.000000,11.432947
lichess_db_broadcast_2022-11_3457,33,g2h1,371,,-371.000000,0.000000,10.816860,0.000000,0.000000,10.816860
lichess_db_broadcast_2022-11_3457,33,g2h3,369,,-369.000000,0.000000,-10.155345,0.000000,0.000000,-10.155345
lichess_db_broadcast_2022-11_3457,33,g3g4,340,,-340.000000,0.000000,1.980299,0.000000,0.000000,1.980299
lichess_db_broadcast_2022-11_3506,46,a8a6,138,,-138.000000,0.000000,-12.265979,0.000000,0.000000,-12.265979
lichess_db_broadcast_2022-11_3506,46,a8a7,428,,-428.000000,0.000000,15.935515,5.400000,-5.400000,10.535515
lichess_db_broadcast_2022-11_3506,46,a8b8,101,,-101.000000,0.000000,-10.923830,0.000000,0.000000,-10.923830
lichess_db_broadcast_2022-11_3506,46,a8c8,143,,-143.000000,0.000000,-10.657071,0.000000,0.000000,-10.657071
lichess_db_broadcast_2022-11_3506,46,a8d8,94,,-94.000000,0.000000,-12.799158,0.000000,0.000000,-12.799158
lichess_db_broadcast_2022-11_3506,46,a8e8,37,,-37.000000,0.000000,-11.522042,0.000000,0.000000,-11.522042
lichess_db_broadcast_2022-11_3506,46,b4a2,211,,-211.000000,0.000000,2.726769,0.000000,0.000000,2.726769
lichess_db_broadcast_2022-11_3506,46,b4a6,126,,-126.000000,0.000000,3.683763,0.000000,0.000000,3.683763
lichess_db_broadcast_2022-11_3506,46,b4c2,436,,-436.000000,0.000000,-1.878377,0.000000,0.000000,-1.878377
lichess_db_broadcast_2022-11_3506,46,b4c6,198,,-198.000000,0.000000,3.138774,1.160000,-1.160000,1.978774
lichess_db_broadcast_2022-11_3506,46,b4d3,441,,-441.000000,0.000000,-2.037137,0.000000,0.000000,-2.037137
lichess_db_broadcast_2022-11_3506,46,b4d5,288,,-288.000000,-1.160000,-16.329028,1.160000,-2.320000,-18.649028
lichess_db_broadcast_2022-11_3506,46,b7b6,122,,-122.000000,0.000000,-2.797293,0.000000,0.000000,-2.797293
lichess_db_broadcast_2022-11_3506,46,c7c5,204,,-204.000000,0.000000,-2.981510,0.000000,0.000000,-2.981510
lichess_db_broadcast_2022-11_3506,46,c7c6,190,,-190.000000,0.000000,-3.023080,0.000000,0.000000,-3.023080
lichess_db_broadcast_2022-11_3506,46,f5f4,156,,-156.000000,0.000000,-2.625881,0.000000,0.000000,-2.625881
lichess_db_broadcast_2022-11_3506,46,f6d5,283,,-283.000000,-1.160000,-16.889966,1.160000,-2.320000,-19.209966
lichess_db_broadcast_2022-11_3506,46,f6d7,266,,-266.000000,0.000000,-4.339383,0.000000,0.000000,-4.339383
lichess_db_broadcast_2022-11_3506,46,f6e4,51,,-51.000000,0.000000,-6.283919,0.000000,0.000000,-6.283919
lichess_db_broadcast_2022-11_3506,46,f6e8,239,,-239.000000,0.000000,-5.453750,0.000000,0.000000,-5.453750
lichess_db_broadcast_2022-11_3506,46,f6g4,469,,-469.000000,0.000000,2.549841,1.160000,-1.160000,1.389841
lichess_db_broadcast_2022-11_3506,46,f6h5,240,,-240.000000,0.000000,-4.898804,0.000000,0.000000,-4.898804
lichess_db_broadcast_2022-11_3506,46,f6h7,231,,-231.000000,0.000000,-3.160401,0.000000,0.000000,-3.160401
lichess_db_broadcast_2022-11_3506,46,f8b8,186,,-186.000000,0.000000,-12.344790,0.000000,0.000000,-12.344790
lichess_db_broadcast_2022-11_3506,46,f8c8,174,,-174.000000,0.000000,-12.158996,0.000000,0.000000,-12.158996
lichess_db_broadcast_2022-11_3506,46,f8d8,140,,-140.000000,0.000000,-11.420130,0.000000,0.000000,-11.420130
lichess_db_broadcast_2022-11_3506,46,f8e8,64,,-64.000000,0.000000,-11.822402,0.000000,0.000000,-11.822402
lichess_db_broadcast_2022-11_3506,46,f8f7,140,,-140.000000,0.000000,-10.234722,0.000000,0.000000,-10.234722
lichess_db_broadcast_2022-11_3506,46,g5g4,296,,-296.000000,0.000000,2.469928,0.000000,0.000000,2.469928
lichess_db_broadcast_2022-11_3506,46,g7d7,132,,-132.000000,0.000000,-31.729480,0.000000,0.000000,-31.729480
lichess_db_broadcast_2022-11_3506,46,g7e7,315,,-315.000000,0.000000,-22.895929,0.000000,0.000000,-22.895929
lichess_db_broadcast_2022-11_3506,46,g7f7,157,,-157.000000,0.000000,-24.218770,0.000000,0.000000,-24.218770
lichess_db_broadcast_2022-11_3506,46,g7g6,232,,-232.000000,0.000000,-22.539862,0.000000,0.000000,-22.539862
lichess_db_broadcast_2022-11_3506,46,g7h7,149,,-149.000000,0.000000,-26.708945,0.000000,0.000000,-26.708945
lichess_db_broadcast_2022-11_3506,46,g8d5,271,,-271.000000,-2.560000,-18.460786,2.560000,-5.120000,-23.580786
lichess_db_broadcast_2022-11_3506,46,g8e6,437,,-437.000000,0.000000,-8.592207,2.560000,-2.560000,-11.152207
lichess_db_broadcast_2022-11_3506,46,g8f7,238,,-238.000000,0.000000,-4.506159,0.000000,0.000000,-4.506159
lichess_db_broadcast_2022-11_3506,46,g8h7,173,,-173.000000,0.000000,-4.498005,0.000000,0.000000,-4.498005
lichess_db_broadcast_2022-11_3506,46,h6h5,281,,-281.000000,0.000000,-3.715477,0.000000,0.000000,-3.715477
lichess_db_broadcast_2022-11_3506,46,h8h7,138,,-138.000000,0.000000,-5.834915,0.000000,0.000000,-5.834915
lichess_db_broadcast_2022-11_3506,85,b3b4,401,,-401.000000,0.000000,1.050396,0.000000,0.000000,1.050396
lichess_db_broadcast_2022-11_3506,85,f1d3,425,,-425.000000,0.000000,-5.101256,0.000000,0.000000,-5.101256
lichess_db_broadcast_2022-11_3506,85,f1e2,409,,-409.000000,0.000000,-1.590722,0.000000,0.000000,-1.590722
lichess_db_broadcast_2022-11_3506,85,f1g2,404,,-404.000000,0.000000,0.794449,0.000000,0.000000,0.794449
lichess_db_broadcast_2022-11_3506,85,f1h3,599,,-599.000000,0.000000,3.902488,2.560000,-2.560000,1.342488
lichess_db_broadcast_2022-11_3506,85,f2f3,601,,-601.000000,0.000000,-0.926137,0.000000,0.000000,-0.926137
lichess_db_broadcast_2022-11_3506,85,f2f4,670,,-670.000000,0.000000,-1.096120,0.000000,0.000000,-1.096120
lichess_db_broadcast_2022-11_3506,85,g1g2,552,,-552.000000,0.000000,4.808499,0.000000,0.000000,4.808499
lichess_db_broadcast_2022-11_3506,85,g1h1,560,,-560.000000,0.000000,2.062404,0.000000,0.000000,2.062404
lichess_db_broadcast_2022-11_3506,85,g1h2,601,,-601.000000,0.000000,2.062404,0.000000,0.000000,2.062404
lichess_db_broadcast_2022-11_3506,85,h6a6,471,,-471.000000,0.000000,4.332218,0.000000,0.000000,4.332218
lichess_db_broadcast_2022-11_3506,85,h6b6,672,,-672.000000,0.000000,-7.632370,0.000000,0.000000,-7.632370
lichess_db_broadcast_2022-11_3506,85,h6c6,738,,-738.000000,0.000000,-4.518131,2.000000,-2.000000,-6.518131
lichess_db_broadcast_2022-11_3506,85,h6d6,641,,-641.000000,0.000000,-10.556639,2.900000,-2.900000,-13.456639
lichess_db_broadcast_2022-11_3506,85,h6e6,709,,-709.000000,0.000000,-6.140622,4.900000,-4.900000,-11.040622
lichess_db_broadcast_2022-11_3506,85,h6f6,647,,-647.000000,0.000000,-9.054752,2.900000,-2.900000,-11.954752
lichess_db_broadcast_2022-11_3506,85,h6g6,471,,-471.000000,0.000000,-0.665135,0.000000,0.000000,-0.665135
lichess_db_broadcast_2022-11_3506,85,h6h7,437,,-437.000000,0.000000,3.158150,0.000000,0.000000,3.158150
lichess_db_broadcast_2022-11_3506,85,h6h8,717,,-717.000000,0.000000,-8.621717,0.000000,0.000000,-8.621717
lichess_db_broadcast_2022-11_3549,1,a2a3,-4,,4.000000,0.000000,-1.475360,0.000000,0.000000,-1.475360
lichess_db_broadcast_2022-11_3549,1,a2a4,31,,-31.000000,0.000000,1.727431,0.000000,0.000000,1.727431
lichess_db_broadcast_2022-11_3549,1,b1a3,74,,-74.000000,0.000000,-4.692462,0.000000,0.000000,-4.692462
lichess_db_broadcast_2022-11_3549,1,b1c3,2,,-2.000000,0.000000,-8.640361,0.000000,0.000000,-8.640361
lichess_db_broadcast_2022-11_3549,1,b2b3,25,,-25.000000,0.000000,1.750555,0.000000,0.000000,1.750555
lichess_db_broadcast_2022-11_3549,1,b2b4,23,,-23.000000,0.000000,-1.449501,0.000000,0.000000,-1.449501
lichess_db_broadcast_2022-11_3549,1,c2c3,2,,-2.000000,0.000000,-1.670325,0.000000,0.000000,-1.670325
lichess_db_broadcast_2022-11_3549,1,c2c4,-4,,4.000000,0.000000,-1.689640,0.000000,0.000000,-1.689640
lichess_db_broadcast_2022-11_3549,1,d2d3,9,,-9.000000,0.000000,-1.334212,0.000000,0.000000,-1.334212
lichess_db_broadcast_2022-11_3549,1,d2d4,-33,,33.000000,0.000000,-1.132688,0.000000,0.000000,-1.132688
lichess_db_broadcast_2022-11_3549,1,e2e3,-23,,23.000000,0.000000,-1.974560,0.000000,0.000000,-1.974560
lichess_db_broadcast_2022-11_3549,1,e2e4,-41,,41.000000,0.000000,-1.899530,0.000000,0.000000,-1.899530
lichess_db_broadcast_2022-11_3549,1,f2f3,85,,-85.000000,0.000000,1.598610,0.000000,0.000000,1.598610
lichess_db_broadcast_2022-11_3549,1,f2f4,25,,-25.000000,0.000000,-1.336827,0.000000,0.000000,-1.336827
lichess_db_broadcast_2022-11_3549,1,g1f3,-29,,29.000000,0.000000,-4.341827,0.000000,0.000000,-4.341827
lichess_db_broadcast_2022-11_3549,1,g1h3,85,,-85.000000,0.000000,-4.544972,0.000000,0.000000,-4.544972
lichess_db_broadcast_2022-11_3549,1,g2g3,-21,,21.000000,0.000000,-1.131868,0.000000,0.000000,-1.131868
lichess_db_broadcast_2022-11_3549,1,g2g4,122,,-122.000000,0.000000,1.980420,0.000000,0.000000,1.980420
lichess_db_broadcast_2022-11_3549,1,h2h3,32,,-32.000000,0.000000,1.419941,0.000000,0.000000,1.419941
lichess_db_broadcast_2022-11_3549,1,h2h4,37,,-37.000000,0.000000,-1.707057,0.000000,0.000000,-1.707057
lichess_db_broadcast_2022-11_3549,9,a1b1,177,,-177.000000,0.000000,21.389249,0.000000,0.000000,21.389249
lichess_db_broadcast_2022-11_3549,9,a2a3,54,,-54.000000,0.000000,-1.662964,0.000000,0.000000,-1.662964
lichess_db_broadcast_2022-11_3549,9,a2a4,132,,-132.000000,0.000000,1.727431,0.000000,0.000000,1.727431
lichess_db_broadcast_2022-11_3549,9,b2b3,147,,-147.000000,0.000000,1.750555,0.000000,0.000000,1.750555
lichess_db_broadcast_2022-11_3549,9,b2b4,302,,-302.000000,0.000000,-1.449501,0.000000,0.000000,-1.449501
lichess_db_broadcast_2022-11_3549,9,c1d2,116,,-116.000000,0.000000,-7.606780,0.000000,0.000000,-7.606780
lichess_db_broadcast_2022-11_3549,9,c1e3,14,,-14.000000,0.000000,-8.757038,0.000000,0.000000,-8.757038
lichess_db_broadcast_2022-11_3549,9,c1f4,8,,-8.000000,0.000000,-8.987090,0.000000,0.000000,-8.987090
lichess_db_broadcast_2022-11_3549,9,c1g5,-15,,15.000000,0.000000,-13.028497,0.000000,0.000000,-13.028497
lichess_db_broadcast_2022-11_3549,9,c1h6,434,,-434.000000,0.000000,-8.328009,2.560000,-2.560000,-10.888009
lichess_db_broadcast_2022-11_3549,9,c3a4,137,,-137.000000,0.000000,7.983423,0.000000,0.000000,7.983423
lichess_db_broadcast_2022-11_3549,9,c3b1,114,,-114.000000,0.000000,8.121841,0.000000,0.000000,8.121841
lichess_db_broadcast_2022-11_3549,9,c3b5,130,,-130.000000,0.000000,-6.776469,0.000000,0.000000,-6.776469
lichess_db_broadcast_2022-11_3549,9,c3d5,358,,-358.000000,-1.160000,18.415987,1.160000,-2.320000,16.095987
lichess_db_broadcast_2022-11_3549,9,c3e4,585,,-585.000000,0.000000,-6.427404,1.160000,-1.160000,-7.587404
lichess_db_broadcast_2022-11_3549,9,c4d5,-29,,29.000000,0.000000,16.806369,0.000000,0.000000,16.806369
lichess_db_broadcast_2022-11_3549,9,d1a4,84,,-84.000000,0.000000,-29.757837,0.000000,0.000000,-29.757837
lichess_db_broadcast_2022-11_3549,9,d1b3,62,,-62.000000,0.000000,35.960936,0.000000,0.000000,35.960936
lichess_db_broadcast_2022-11_3549,9,d1c2,105,,-105.000000,0.000000,36.512009,0.000000,0.000000,36.512009
lichess_db_broadcast_2022-11_3549,9,d1d2,195,,-195.000000,0.000000,-30.866758,0.000000,0.000000,-30.866758
lichess_db_broadcast_2022-11_3549,9,d1d3,140,,-140.000000,0.000000,-30.468147,0.000000,0.000000,-30.468147
lichess_db_broadcast_2022-11_3549,9,d4c5,22,,-22.000000,0.000000,16.308695,0.000000,0.000000,16.308695
lichess_db_broadcast_2022-11_3549,9,e1d2,332,,-332.000000,0.000000,-13.629455,0.000000,0.000000,-13.629455
lichess_db_broadcast_2022-11_3549,9,e2e3,-14,,14.000000,0.000000,-2.134797,0.000000,0.000000,-2.134797
lichess_db_broadcast_2022-11_3549,9,e2e4,223,,-223.000000,0.000000,-2.048030,0.000000,0.000000,-2.048030
lichess_db_broadcast_2022-11_3549,9,f3d2,284,,-284.000000,0.000000,-5.030453,0.000000,0.000000,-5.030453
lichess_db_broadcast_2022-11_3549,9,f3e5,37,,-37.000000,0.000000,-4.122850,0.000000,0.000000,-4.122850
lichess_db_broadcast_2022-11_3549,9,f3g1,255,,-255.000000,0.000000,4.341827,0.000000,0.000000,4.341827
lichess_db_broadcast_2022-11_3549,9,f3g5,225,,-225.000000,0.000000,-5.031200,0.000000,0.000000,-5.031200
lichess_db_broadcast_2022-11_3549,9,f3h4,266,,-266.000000,0.000000,-5.522485,0.000000,0.000000,-5.522485
lichess_db_broadcast_2022-11_3549,9,g2g3,132,,-132.000000,0.000000,-1.131868,0.000000,0.000000,-1.131868
lichess_db_broadcast_2022-11_3549,9,g2g4,71,,-71.000000,0.000000,2.085171,0.000000,0.000000,2.085171
lichess_db_broadcast_2022-11_3549,9,h1g1,183,,-183.000000,0.000000,21.406683,0.000000,0.000000,21.406683
lichess_db_broadcast_2022-11_3549,9,h2h3,136,,-136.000000,0.000000,1.614777,0.000000,0.000000,1.614777
lichess_db_broadcast_2022-11_3549,9,h2h4,164,,-164.000000,0.000000,-1.707057,0.000000,0.000000,-1.707057
lichess_db_broadcast_2022-11_3549,17,a1b1,614,,-614.000000,0.000000,15.918393,0.000000,0.000000,15.918393
lichess_db_broadcast_2022-11_3549,17,a1c1,544,,-544.000000,0.000000,14.140368,0.000000,0.000000,14.140368
lichess_db_broadcast_2022-11_3549,17,a1d1,570,,-570.000000,0.000000,-11.246069,0.000000,0.000000,-11.246069
lichess_db_broadcast_2022-11_3549,17,a2a3,534,,-534.000000,0.000000,-1.332117,0.000000,0.000000,-1.332117
lichess_db_broadcast_2022-11_3549,17,a2a4,582,,-582.000000,0.000000,-2.397077,0.000000,0.000000,-2.397077
lichess_db_broadcast_2022-11_3549,17,b2b3,689,,-689.000000,0.000000,2.071184,0.000000,0.000000,2.071184
lichess_db_broadcast_2022-11_3549,17,b2b4,679,,-679.000000,0.000000,-1.487337,0.000000,0.000000,-1.487337
lichess_db_broadcast_2022-11_3549,17,c3a4,674,,-674.000000,0.000000,-3.813188,0.000000,0.000000,-3.813188
lichess_db_broadcast_2022-11_3549,17,c3b1,687,,-687.000000,0.000000,4.826008,0.000000,0.000000,4.826008
lichess_db_broadcast_2022-11_3549,17,c3b5,609,,-609.000000,0.000000,5.731278,0.000000,0.000000,5.731278
lichess_db_broadcast_2022-11_3549,17,c3d1,681,,-681.000000,0.000000,-4.911755,0.000000,0.000000,-4.911755
lichess_db_broadcast_2022-11_3549,17,c3d5,618,,-618.000000,-1.160000,-16.897860,0.000000,-1.160000,-18.057860
lichess_db_broadcast_2022-11_3549,17,c3e4,719,,-719.000000,0.000000,-2.042836,1.160000,-1.160000,-3.202836
lichess_db_broadcast_2022-11_3549,17,d4a4,97,,-97.000000,0.000000,-29.688741,0.000000,0.000000,-29.688741
lichess_db_broadcast_2022-11_3549,17,d4a7,670,,-670.000000,-7.960000,-31.967423,10.200000,-18.160000,-50.127423
lichess_db_broadcast_2022-11_3549,17,d4b4,817,,-817.000000,0.000000,-28.407194,12.200000,-12.200000,-40.607194
lichess_db_broadcast_2022-11_3549,17,d4b6,697,,-697.000000,0.000000,-25.346507,7.960000,-7.960000,-33.306507
lichess_db_broadcast_2022-11_3549,17,d4c4,645,,-645.000000,0.000000,-30.329435,7.960000,-7.960000,-38.289435
lichess_db_broadcast_2022-11_3549,17,d4c5,641,,-641.000000,0.000000,-28.307858,5.400000,-5.400000,-33.707858
lichess_db_broadcast_2022-11_3549,17,d4d1,29,,-29.000000,0.000000,-36.598243,0.000000,0.000000,-36.598243
lichess_db_broadcast_2022-11_3549,17,d4d2,-5,,5.000000,0.000000,-29.486044,0.000000,0.000000,-29.486044
lichess_db_broadcast_2022-11_3549,17,d4d3,25,,-25.000000,0.000000,-26.047895,0.000000,0.000000,-26.047895
lichess_db_broadcast_2022-11_3549,17,d4d5,450,,-450.000000,-7.960000,-32.323735,6.800000,-14.760000,-47.083735
lichess_db_broadcast_2022-11_3549,17,d4e3,-6,,6.000000,0.000000,-36.342252,0.000000,0.000000,-36.342252
lichess_db_broadcast_2022-11_3549,17,d4e4,716,,-716.000000,0.000000,-27.681390,14.760000,-14.760000,-42.441390
lichess_db_broadcast_2022-11_3549,17,d4e5,555,,-555.000000,0.000000,-28.444248,6.800000,-6.800000,-35.244248
lichess_db_broadcast_2022-11_3549,17,d4f4,32,,-32.000000,0.000000,-32.890125,0.000000,0.000000,-32.890125
lichess_db_broadcast_2022-11_3549,17,d4f6,557,,-557.000000,-6.800000,57.481938,7.960000,-14.760000,42.721938
lichess_db_broadcast_2022-11_3549,17,d4g4,646,,-646.000000,0.000000,-30.286892,12.200000,-12.200000,-42.486892
lichess_db_broadcast_2022-11_3549,17,d4h4,104,,-104.000000,0.000000,-31.375553,0.000000,0.000000,-31.375553
lichess_db_broadcast_2022-11_3549,17,e1c1,494,,-494.000000,0.000000,-11.575791,0.000000,0.000000,-11.575791
lichess_db_broadcast_2022-11_3549,17,e1d1,629,,-629.000000,0.000000,-7.282974,0.000000,0.000000,-7.282974
lichess_db_broadcast_2022-11_3549,17,e1d2,656,,-656.000000,0.000000,-9.077276,0.000000,0.000000,-9.077276
lichess_db_broadcast_2022-11_3549,17,e2e3,486,,-486.000000,0.000000,-2.623237,0.000000,0.000000,-2.623237
lichess_db_broadcast_2022-11_3549,17,e2e4,501,,-501.000000,0.000000,-2.293844,0.000000,0.000000,-2.293844
lichess_db_broadcast_2022-11_3549,17,f3d2,642,,-642.000000,0.000000,-12.108964,0.000000,0.000000,-12.108964
lichess_db_broadcast_2022-11_3549,17,f3e5,550,,-550.000000,0.000000,-11.583907,0.000000,0.000000,-11.583907
lichess_db_broadcast_2022-11_3549,17,f3g1,655,,-655.000000,0.000000,-11.553548,0.000000,0.000000,-11.553548
lichess_db_broadcast_2022-11_3549,17,f3h4,714,,-714.000000,0.000000,-12.774082,0.000000,0.000000,-12.774082
lichess_db_broadcast_2022-11_3549,17,g2g3,589,,-589.000000,0.000000,1.131868,0.000000,0.000000,1.131868
lichess_db_broadcast_2022-11_3549,17,g2g4,548,,-548.000000,0.000000,-2.468610,0.000000,0.000000,-2.468610
lichess_db_broadcast_2022-11_3549,17,g5c1,640,,-640.000000,0.000000,-11.180080,0.000000,0.000000,-11.180080
lichess_db_broadcast_2022-11_3549,17,g5d2,597,,-597.000000,0.000000,-14.618379,0.000000,0.000000,-14.618379
lichess_db_broadcast_2022-11_3549,17,g5e3,627,,-627.000000,0.000000,-17.529986,0.000000,0.000000,-17.529986
lichess_db_broadcast_2022-11_3549,17,g5f4,633,,-633.000000,0.000000,-12.820193,0.000000,0.000000,-12.820193
lichess_db_broadcast_2022-11_3549,17,g5f6,1,,-1.000000,-1.400000,52.300276,2.560000,-3.960000,48.340276
lichess_db_broadcast_2022-11_3549,17,g5h4,575,,-575.000000,0.000000,-13.560955,0.000000,0.000000,-13.560955
lichess_db_broadcast_2022-11_3549,17,g5h6,686,,-686.000000,0.000000,-10.753305,2.560000,-2.560000,-13.313305
lichess_db_broadcast_2022-11_3549,17,h1g1,649,,-649.000000,0.000000,-14.740967,0.000000,0.000000,-14.740967
lichess_db_broadcast_2022-11_3549,17,h2h3,638,,-638.000000,0.000000,-1.615630,0.000000,0.000000,-1.615630
lichess_db_broadcast_2022-11_3549,17,h2h4,600,,-600.000000,0.000000,-3.207283,0.000000,0.000000,-3.207283
lichess_db_broadcast_2022-11_3597,19,a1a2,93,,-93.000000,0.000000,10.409029,0.000000,0.000000,10.409029
lichess_db_broadcast_2022-11_3597,19,a1b1,54,,-54.000000,0.000000,11.961681,0.000000,0.000000,11.961681
lichess_db_broadcast_2022-11_3597,19,a3a4,112,,-112.000000,0.000000,2.067124,0.000000,0.000000,2.067124
lichess_db_broadcast_2022-11_3597,19,b2b3,20,,-20.000000,0.000000,1.143894,0.000000,0.000000,1.143894
lichess_db_broadcast_2022-11_3597,19,b2b4,46,,-46.000000,0.000000,-2.053173,0.000000,0.000000,-2.053173
lichess_db_broadcast_2022-11_3597,19,c2a4,68,,-68.000000,0.000000,-15.827785,0.000000,0.000000,-15.827785
lichess_db_broadcast_2022-11_3597,19,c2b1,52,,-52.000000,0.000000,31.243791,0.000000,0.000000,31.243791
lichess_db_broadcast_2022-11_3597,19,c2b3,106,,-106.000000,0.000000,-5.219811,0.000000,0.000000,-5.219811
lichess_db_broadcast_2022-11_3597,19,c2d1,90,,-90.000000,0.000000,-34.784480,0.000000,0.000000,-34.784480
lichess_db_broadcast_2022-11_3597,19,c2d3,112,,-112.000000,0.000000,-18.998784,0.000000,0.000000,-18.998784
lichess_db_broadcast_2022-11_3597,19,c2e4,99,,-99.000000,0.000000,16.061899,0.000000,0.000000,16.061899
lichess_db_broadcast_2022-11_3597,19,c2f5,726,,-726.000000,0.000000,14.562414,5.400000,-5.400000,9.162414
lichess_db_broadcast_2022-11_3597,19,c2g6,723,,-723.000000,0.000000,8.329299,15.920000,-15.920000,-7.590701
lichess_db_broadcast_2022-11_3597,19,c2h7,673,,-673.000000,-7.960000,24.578102,6.300000,-14.260000,10.318102
lichess_db_broadcast_2022-11_3597,19,c3a2,40,,-40.000000,0.000000,-3.915866,0.000000,0.000000,-3.915866
lichess_db_broadcast_2022-11_3597,19,c3a4,50,,-50.000000,0.000000,-3.887291,0.000000,0.000000,-3.887291
lichess_db_broadcast_2022-11_3597,19,c3b1,84,,-84.000000,0.000000,-3.223213,0.000000,0.000000,-3.223213
lichess_db_broadcast_2022-11_3597,19,c3b5,52,,-52.000000,0.000000,3.271863,0.000000,0.000000,3.271863
lichess_db_broadcast_2022-11_3597,19,c3d1,84,,-84.000000,0.000000,-5.078355,0.000000,0.000000,-5.078355
lichess_db_broadcast_2022-11_3597,19,c3d5,469,,-469.000000,0.000000,-4.712016,0.000000,0.000000,-4.712016
lichess_db_broadcast_2022-11_3597,19,c3e4,16,,-16.000000,0.000000,2.344498,0.000000,0.000000,2.344498
lichess_db_broadcast_2022-11_3597,19,d2d3,34,,-34.000000,0.000000,1.479879,0.000000,0.000000,1.479879
lichess_db_broadcast_2022-11_3597,19,d2d4,91,,-91.000000,0.000000,-1.863428,0.000000,0.000000,-1.863428
lichess_db_broadcast_2022-11_3597,19,e2a6,537,,-537.000000,0.000000,-9.268191,3.960000,-3.960000,-13.228191
lichess_db_broadcast_2022-11_3597,19,e2b5,209,,-209.000000,0.000000,-7.343678,1.400000,-1.400000,-8.743678
lichess_db_broadcast_2022-11_3597,19,e2c4,55,,-55.000000,0.000000,-5.937044,0.000000,0.000000,-5.937044
lichess_db_broadcast_2022-11_3597,19,e2d1,89,,-89.000000,0.000000,-10.199828,0.000000,0.000000,-10.199828
lichess_db_broadcast_2022-11_3597,19,e2d3,69,,-69.000000,0.000000,-12.888579,0.000000,0.000000,-12.888579
lichess_db_broadcast_2022-11_3597,19,e3e4,141,,-141.000000,0.000000,1.671978,0.000000,0.000000,1.671978
lichess_db_broadcast_2022-11_3597,19,f1d1,33,,-33.000000,0.000000,-12.610364,0.000000,0.000000,-12.610364
lichess_db_broadcast_2022-11_3597,19,f1e1,57,,-57.000000,0.000000,9.521765,0.000000,0.000000,9.521765
lichess_db_broadcast_2022-11_3597,19,f3d4,557,,-557.000000,0.000000,-7.598782,2.320000,-2.320000,-9.918782
lichess_db_broadcast_2022-11_3597,19,f3e1,63,,-63.000000,0.000000,4.489743,0.000000,0.000000,4.489743
lichess_db_broadcast_2022-11_3597,19,f3e5,333,,-333.000000,-1.160000,16.450666,0.000000,-1.160000,15.290666
lichess_db_broadcast_2022-11_3597,19,f3g5,399,,-399.000000,0.000000,-5.361198,0.000000,0.000000,-5.361198
lichess_db_broadcast_2022-11_3597,19,f3h4,402,,-402.000000,0.000000,-4.744337,0.000000,0.000000,-4.744337
lichess_db_broadcast_2022-11_3597,19,g1h1,61,,-61.000000,0.000000,-3.358782,0.000000,0.000000,-3.358782
lichess_db_broadcast_2022-11_3597,19,g2g3,96,,-96.000000,0.000000,-1.495208,0.000000,0.000000,-1.495208
lichess_db_broadcast_2022-11_3597,19,g2g4,281,,-281.000000,0.000000,-1.951082,0.000000,0.000000,-1.951082
lichess_db_broadcast_2022-11_3597,19,h2h3,50,,-50.000000,0.000000,-1.723182,0.000000,0.000000,-1.723182
lichess_db_broadcast_2022-11_3597,19,h2h4,64,,-64.000000,0.000000,-2.314616,0.000000,0.000000,-2.314616
lichess_db_broadcast_2022-11_3662,28,a7a5,719,,-719.000000,0.000000,2.818783,0.000000,0.000000,2.818783
lichess_db_broadcast_2022-11_3662,28,a7a6,720,,-720.000000,0.000000,2.297682,0.000000,0.000000,2.297682
lichess_db_broadcast_2022-11_3662,28,a8b8,709,,-709.000000,0.000000,17.872046,0.000000,0.000000,17.872046
lichess_db_broadcast_2022-11_3662,28,a8c8,674,,-674.000000,0.000000,14.267776,0.000000,0.000000,14.267776
lichess_db_broadcast_2022-11_3662,28,b6b5,706,,-706.000000,0.000000,-2.845156,0.000000,0.000000,-2.845156
lichess_db_broadcast_2022-11_3662,28,b7a6,778,,-778.000000,0.000000,8.438188,0.000000,0.000000,8.438188
lichess_db_broadcast_2022-11_3662,28,b7c8,759,,-759.000000,0.000000,9.646502,0.000000,0.000000,9.646502
lichess_db_broadcast_2022-11_3662,28,c6a5,732,,-732.000000,0.000000,7.042396,0.000000,0.000000,7.042396
lichess_db_broadcast_2022-11_3662,28,c6b4,720,,-720.000000,0.000000,5.562696,0.000000,0.000000,5.562696
lichess_db_broadcast_2022-11_3662,28,c6b8,739,,-739.000000,0.000000,5.754138,0.000000,0.000000,5.754138
lichess_db_broadcast_2022-11_3662,28,c6d4,422,,-422.000000,-1.160000,17.587544,0.000000,-1.160000,16.427544
lichess_db_broadcast_2022-11_3662,28,c6e5,613,,-613.000000,0.000000,-4.249202,1.160000,-1.160000,-5.409202
lichess_db_broadcast_2022-11_3662,28,c6e7,-40,,40.000000,1.400000,-161.492017,0.000000,1.400000,-160.092017
lichess_db_broadcast_2022-11_3662,28,d5b4,652,,-652.000000,0.000000,-5.192733,0.000000,0.000000,-5.192733
lichess_db_broadcast_2022-11_3662,28,d5c3,656,,-656.000000,0.000000,-49.129726,1.160000,-1.160000,-50.289726
lichess_db_broadcast_2022-11_3662,28,d5c7,696,,-696.000000,0.000000,-5.991355,0.000000,0.000000,-5.991355
lichess_db_broadcast_2022-11_3662,28,d5e3,631,,-631.000000,0.000000,-5.725714,1.160000,-1.160000,-6.885714
lichess_db_broadcast_2022-11_3662,28,d5e7,-29,,29.000000,1.400000,-161.588717,0.000000,1.400000,-160.188717
lichess_db_broadcast_2022-11_3662,28,d5f4,700,,-700.000000,0.000000,-4.885256,0.000000,0.000000,-4.885256
lichess_db_broadcast_2022-11_3662,28,d5f6,681,,-681.000000,0.000000,5.520428,0.000000,0.000000,5.520428
lichess_db_broadcast_2022-11_3662,28,d8b8,634,,-634.000000,0.000000,27.472883,0.000000,0.000000,27.472883
lichess_db_broadcast_2022-11_3662,28,d8c7,616,,-616.000000,0.000000,-21.846711,0.000000,0.000000,-21.846711
lichess_db_broadcast_2022-11_3662,28,d8c8,623,,-623.000000,0.000000,30.775332,0.000000,0.000000,30.775332
lichess_db_broadcast_2022-11_3662,28,d8d6,863,,-863.000000,0.000000,-15.246109,5.400000,-5.400000,-20.646109
lichess_db_broadcast_2022-11_3662,28,d8d7,540,,-540.000000,0.000000,-17.375524,0.000000,0.000000,-17.375524
lichess_db_broadcast_2022-11_3662,28,d8e7,499,,-499.000000,-5.400000,-162.701420,0.000000,-5.400000,-168.101420
lichess_db_broadcast_2022-11_3662,28,d8e8,651,,-651.000000,0.000000,20.676718,0.000000,0.000000,20.676718
lichess_db_broadcast_2022-11_3662,28,e6e5,644,,-644.000000,0.000000,-1.831535,0.000000,0.000000,-1.831535
lichess_db_broadcast_2022-11_3662,28,f7f5,704,,-704.000000,0.000000,-1.703313,0.000000,0.000000,-1.703313
lichess_db_broadcast_2022-11_3662,28,f7f6,756,,-756.000000,0.000000,2.645968,0.000000,0.000000,2.645968
lichess_db_broadcast_2022-11_3662,28,f8e8,686,,-686.000000,0.000000,-8.733614,0.000000,0.000000,-8.733614
lichess_db_broadcast_2022-11_3662,28,g7g5,658,,-658.000000,0.000000,3.082160,0.000000,0.000000,3.082160
lichess_db_broadcast_2022-11_3662,28,g7g6,700,,-700.000000,0.000000,-2.197001,0.000000,0.000000,-2.197001
lichess_db_broadcast_2022-11_3662,28,g8h7,735,,-735.000000,0.000000,-6.450714,0.000000,0.000000,-6.450714
lichess_db_broadcast_2022-11_3662,28,g8h8,711,,-711.000000,0.000000,-2.751915,0.000000,0.000000,-2.751915
lichess_db_broadcast_2022-11_3662,28,h6h5,703,,-703.000000,0.000000,-2.272708,0.000000,0.000000,-2.272708
lichess_db_broadcast_2022-11_3662,82,c4b4,-118,,118.000000,-4.560000,15.944656,0.000000,-4.560000,11.384656
lichess_db_broadcast_2022-11_3662,82,c4c1,-23,,23.000000,0.000000,-0.429009,0.000000,0.000000,-0.429009
lichess_db_broadcast_2022-11_3662,82,c4c2,-77,,77.000000,0.000000,0.503548,0.000000,0.000000,0.503548
lichess_db_broadcast_2022-11_3662,82,c4c3,-92,,92.000000,0.000000,1.930024,0.000000,0.000000,1.930024
lichess_db_broadcast_2022-11_3662,82,c4c5,591,,-591.000000,0.000000,3.907899,4.560000,-4.560000,-0.652101
lichess_db_broadcast_2022-11_3662,82,c4c6,-82,,82.000000,0.000000,3.792105,0.000000,0.000000,3.792105
lichess_db_broadcast_2022-11_3662,82,c4c7,-18,,18.000000,0.000000,2.779270,0.000000,0.000000,2.779270
lichess_db_broadcast_2022-11_3662,82,c4c8,-8,,8.000000,0.000000,-0.429009,0.000000,0.000000,-0.429009
lichess_db_broadcast_2022-11_3662,82,c4d4,676,,-676.000000,0.000000,3.202240,2.900000,-2.900000,0.302240
lichess_db_broadcast_2022-11_3662,82,c4e4,627,,-627.000000,0.000000,2.480166,7.460000,-7.460000,-4.979834
lichess_db_broadcast_2022-11_3662,82,c4f4,-22,,22.000000,0.000000,2.399952,2.900000,-2.900000,-0.500048
lichess_db_broadcast_2022-11_3662,82,c4g4,571,,-571.000000,0.000000,-0.429009,9.120000,-9.120000,-9.549009
lichess_db_broadcast_2022-11_3662,82,c4h4,-22,,22.000000,0.000000,1.407345,0.000000,0.000000,1.407345
lichess_db_broadcast_2022-11_3662,82,d5d4,-23,,23.000000,0.000000,-1.459814,0.000000,0.000000,-1.459814
lichess_db_broadcast_2022-11_3662,82,d6c6,0,,-0.000000,0.000000,-1.131280,0.000000,0.000000,-1.131280
lichess_db_broadcast_2022-11_3662,82,d6c7,-43,,43.000000,0.000000,-1.040272,0.000000,0.000000,-1.040272
lichess_db_broadcast_2022-11_3662,82,d6d7,-26,,26.000000,0.000000,0.445686,0.000000,0.000000,0.445686
lichess_db_broadcast_2022-11_3662,82,d6e5,-138,,138.000000,0.000000,1.666562,0.000000,0.000000,1.666562
lichess_db_broadcast_2022-11_3662,82,d6e6,-26,,26.000000,0.000000,0.762856,0.000000,0.000000,0.762856
lichess_db_broadcast_2022-11_3662,82,d6e7,-34,,34.000000,0.000000,0.722324,0.000000,0.000000,0.722324
lichess_db_broadcast_2022-11_3662,82,f6f5,-21,,21.000000,0.000000,2.057954,0.000000,0.000000,2.057954
lichess_db_broadcast_2022-11_3662,82,g5g4,-14,,14.000000,0.000000,-1.416578,0.000000,0.000000,-1.416578
lichess_db_broadcast_2022-11_3662,82,g7g6,-24,,24.000000,0.000000,2.161591,0.000000,0.000000,2.161591
lichess_db_broadcast_2022-11_3777,87,a6a7,-99,,99.000000,0.000000,-1.920903,0.000000,0.000000,-1.920903
lichess_db_broadcast_2022-11_3777,87,b5a4,-155,,155.000000,0.000000,-2.909349,0.000000,0.000000,-2.909349
lichess_db_broadcast_2022-11_3777,87,b5a5,-167,,167.000000,0.000000,-4.055191,0.000000,0.000000,-4.055191
lichess_db_broadcast_2022-11_3777,87,b5b4,-172,,172.000000,0.000000,-2.909349,0.000000,0.000000,-2.909349
lichess_db_broadcast_2022-11_3777,87,b5c4,-58,,58.000000,0.000000,-3.078253,0.000000,0.000000,-3.078253
lichess_db_broadcast_2022-11_3777,87,b5c6,504,,-504.000000,0.000000,-3.163550,0.000000,0.000000,-3.163550
lichess_db_broadcast_2022-11_3777,87,b6a5,-17,,17.000000,0.000000,0.000000,0.000000,0.000000,0.000000
lichess_db_broadcast_2022-11_3777,87,b6a7,460,,-460.000000,0.000000,-2.518969,0.900000,-0.900000,-3.418969
lichess_db_broadcast_2022-11_3777,87,b6c5,339,,-339.000000,0.000000,2.646041,1.400000,-1.400000,1.246041
lichess_db_broadcast_2022-11_3777,87,b6c7,279,,-279.000000,0.000000,-3.494882,1.400000,-1.400000,-4.894882
lichess_db_broadcast_2022-11_3777,87,b6d4,594,,-594.000000,-2.560000,-16.427934,1.400000,-3.960000,-20.387934
lichess_db_broadcast_2022-11_3777,87,b6d8,476,,-476.000000,0.000000,-3.914740,1.400000,-1.400000,-5.314740
lichess_db_broadcast_2022-11_3777,87,c2a2,-86,,86.000000,0.000000,-0.463471,0.000000,0.000000,-0.463471
lichess_db_broadcast_2022-11_3777,87,c2b2,-83,,83.000000,0.000000,2.721698,0.000000,0.000000,2.721698
lichess_db_broadcast_2022-11_3777,87,c2c1,-100,,100.000000,0.000000,-0.472726,0.000000,0.000000,-0.472726
lichess_db_broadcast_2022-11_3777,87,c2c3,574,,-574.000000,0.000000,0.534799,4.560000,-4.560000,-4.025201
lichess_db_broadcast_2022-11_3777,87,c2c4,-78,,78.000000,0.000000,3.535723,0.000000,0.000000,3.535723
lichess_db_broadcast_2022-11_3777,87,c2c5,450,,-450.000000,0.000000,6.735098,3.400000,-3.400000,3.335098
lichess_db_broadcast_2022-11_3777,87,c2c6,-200,,200.000000,0.000000,3.771943,0.000000,0.000000,3.771943
lichess_db_broadcast_2022-11_3777,87,c2c7,470,,-470.000000,0.000000,5.679626,3.400000,-3.400000,2.279626
lichess_db_broadcast_2022-11_3777,87,c2c8,532,,-532.000000,0.000000,3.876138,0.000000,0.000000,3.876138
lichess_db_broadcast_2022-11_3777,87,c2d2,-139,,139.000000,0.000000,-0.472726,0.000000,0.000000,-0.472726
lichess_db_broadcast_2022-11_3777,87,c2e2,423,,-423.000000,0.000000,5.414376,0.000000,0.000000,5.414376
lichess_db_broadcast_2022-11_3777,87,f2f3,-52,,52.000000,0.000000,-1.232512,0.000000,0.000000,-1.232512
lichess_db_broadcast_2022-11_3777,87,f2f4,-28,,28.000000,0.000000,-1.542502,0.000000,0.000000,-1.542502
lichess_db_broadcast_2022-11_3777,87,g3g4,46,,-46.000000,0.000000,0.945001,0.000000,0.000000,0.945001
lichess_db_broadcast_2022-11_3777,87,h4g5,-237,,237.000000,0.000000,-16.076838,0.000000,0.000000,-16.076838
lichess_db_broadcast_2022-11_3777,87,h4h5,-277,,277.000000,0.000000,-1.348599,0.000000,0.000000,-1.348599
lichess_db_broadcast_2022-11_3777,125,c3a1,-13,,13.000000,0.000000,0.000000,0.000000,0.000000,0.000000
lichess_db_broadcast_2022-11_3777,125,c3a5,-6,,6.000000,0.000000,0.000000,0.000000,0.000000,0.000000
lichess_db_broadcast_2022-11_3777,125,c3b2,-13,,13.000000,0.000000,0.000000,0.000000,0.000000,0.000000
lichess_db_broadcast_2022-11_3777,125,c3b4,-2,,2.000000,0.000000,1.619550,0.000000,0.000000,1.619550
lichess_db_broadcast_2022-11_3777,125,c3d2,-4,,4.000000,0.000000,2.065560,0.000000,0.000000,2.065560
lichess_db_broadcast_2022-11_3777,125,c3d4,-10,,10.000000,0.000000,0.000000,0.000000,0.000000,0.000000
lichess_db_broadcast_2022-11_3777,125,c3e1,-1,,1.000000,0.000000,0.000000,0.000000,0.000000,0.000000
lichess_db_broadcast_2022-11_3777,125,c3e5,-11,,11.000000,0.000000,0.000000,0.000000,0.000000,0.000000
lichess_db_broadcast_2022-11_3777,125,c3f6,-10,,10.000000,0.000000,3.607787,0.900000,-0.900000,2.707787
lichess_db_broadcast_2022-11_3777,125,c3g7,0,,-0.000000,0.000000,-2.152423,0.900000,-0.900000,-3.052423
lichess_db_broadcast_2022-11_3777,125,c3h8,-11,,11.000000,0.000000,0.000000,0.000000,0.000000,0.000000
lichess_db_broadcast_2022-11_3777,125,g5f4,-4,,4.000000,0.000000,0.733116,0.000000,0.000000,0.733116
lichess_db_broadcast_2022-11_3777,125,g5h4,-1,,1.000000,0.000000,0.817277,0.000000,0.000000,0.817277
lichess_db_broadcast_2022-11_3777,125,g5h5,-9,,9.000000,0.000000,0.896888,0.000000,0.000000,0.896888
lichess_db_broadcast_2022-11_3777,125,g5h6,-10,,10.000000,0.000000,-0.691215,0.000000,0.000000,-0.691215
lichess_db_broadcast_2022-11_3779,5,a2a3,-16,,16.000000,0.000000,-1.475360,0.000000,0.000000,-1.475360
lichess_db_broadcast_2022-11_3779,5,a2a4,4,,-4.000000,0.000000,1.727431,0.000000,0.000000,1.727431
lichess_db_broadcast_2022-11_3779,5,b1a3,84,,-84.000000,0.000000,-4.692462,0.000000,0.000000,-4.692462
lichess_db_broadcast_2022-11_3779,5,b1c3,-30,,30.000000,0.000000,-8.640361,0.000000,0.000000,-8.640361
lichess_db_broadcast_2022-11_3779,5,b2b3,46,,-46.000000,0.000000,1.750555,0.000000,0.000000,1.750555
lichess_db_broadcast_2022-11_3779,5,b2b4,129,,-129.000000,0.000000,-1.575570,0.000000,0.000000,-1.575570
lichess_db_broadcast_2022-11_3779,5,c2c3,26,,-26.000000,0.000000,-1.670325,0.000000,0.000000,-1.670325
lichess_db_broadcast_2022-11_3779,5,c2c4,51,,-51.000000,0.000000,-1.689640,0.000000,0.000000,-1.689640
lichess_db_broadcast_2022-11_3779,5,d1e2,53,,-53.000000,0.000000,40.445169,0.000000,0.000000,40.445169
lichess_db_broadcast_2022-11_3779,5,d2d3,24,,-24.000000,0.000000,-1.485982,0.000000,0.000000,-1.485982
lichess_db_broadcast_2022-11_3779,5,d2d4,-45,,45.000000,0.000000,-1.312320,0.000000,0.000000,-1.312320
lichess_db_broadcast_2022-11_3779,5,e1e2,128,,-128.000000,0.000000,-15.451037,0.000000,0.000000,-15.451037
lichess_db_broadcast_2022-11_3779,5,f1a6,309,,-309.000000,0.000000,-8.550839,2.560000,-2.560000,-11.110839
lichess_db_broadcast_2022-11_3779,5,f1b5,-32,,32.000000,0.000000,-10.923887,0.000000,0.000000,-10.923887
lichess_db_broadcast_2022-11_3779,5,f1c4,-25,,25.000000,0.000000,-9.667851,0.000000,0.000000,-9.667851
lichess_db_broadcast_2022-11_3779,5,f1d3,15,,-15.000000,0.000000,-7.119662,0.000000,0.000000,-7.119662
lichess_db_broadcast_2022-11_3779,5,f1e2,16,,-16.000000,0.000000,-9.558483,0.000000,0.000000,-9.558483
lichess_db_broadcast_2022-11_3779,5,f3d4,473,,-473.000000,0.000000,-3.742700,1.160000,-1.160000,-4.902700
lichess_db_broadcast_2022-11_3779,5,f3e5,258,,-258.000000,-1.160000,16.606983,0.000000,-1.160000,15.446983
lichess_db_broadcast_2022-11_3779,5,f3g1,105,,-105.000000,0.000000,3.933420,0.000000,0.000000,3.933420
lichess_db_broadcast_2022-11_3779,5,f3g5,427,,-427.000000,0.000000,-4.505309,0.000000,0.000000,-4.505309
lichess_db_broadcast_2022-11_3779,5,f3h4,446,,-446.000000,0.000000,-5.207067,0.000000,0.000000,-5.207067
lichess_db_broadcast_2022-11_3779,5,g2g3,15,,-15.000000,0.000000,-1.131868,0.000000,0.000000,-1.131868
lichess_db_broadcast_2022-11_3779,5,g2g4,156,,-156.000000,0.000000,1.980420,0.000000,0.000000,1.980420
lichess_db_broadcast_2022-11_3779,5,h1g1,110,,-110.000000,0.000000,22.869336,0.000000,0.000000,22.869336
lichess_db_broadcast_2022-11_3779,5,h2h3,4,,-4.000000,0.000000,1.614777,0.000000,0.000000,1.614777
lichess_db_broadcast_2022-11_3779,5,h2h4,40,,-40.000000,0.000000,-1.707057,0.000000,0.000000,-1.707057
lichess_db_broadcast_2022-11_3779,10,a7a5,161,,-161.000000,0.000000,2.383949,0.000000,0.000000,2.383949
lichess_db_broadcast_2022-11_3779,10,a7a6,124,,-124.000000,0.000000,-2.414988,0.000000,0.000000,-2.414988
lichess_db_broadcast_2022-11_3779,10,a8b8,202,,-202.000000,0.000000,17.324529,0.000000,0.000000,17.324529
lichess_db_broadcast_2022-11_3779,10,b7b6,242,,-242.000000,0.000000,2.877332,0.000000,0.000000,2.877332
lichess_db_broadcast_2022-11_3779,10,c5a3,520,,-520.000000,0.000000,7.060109,3.960000,-3.960000,3.100109
lichess_db_broadcast_2022-11_3779,10,c5b4,498,,-498.000000,0.000000,3.586256,2.560000,-2.560000,1.026256
lichess_db_broadcast_2022-11_3779,10,c5b6,63,,-63.000000,0.000000,9.740244,0.000000,0.000000,9.740244
lichess_db_broadcast_2022-11_3779,10,c5d4,484,,-484.000000,0.000000,9.466651,3.960000,-3.960000,5.506651
lichess_db_broadcast_2022-11_3779,10,c5d6,175,,-175.000000,0.000000,8.943907,0.000000,0.000000,8.943907
lichess_db_broadcast_2022-11_3779,10,c5e3,478,,-478.000000,0.000000,5.740604,5.120000,-5.120000,0.620604
lichess_db_broadcast_2022-11_3779,10,c5e7,96,,-96.000000,0.000000,12.680480,0.000000,0.000000,12.680480
lichess_db_broadcast_2022-11_3779,10,c5f2,377,,-377.000000,-2.560000,16.369593,0.900000,-3.460000,12.909593
lichess_db_broadcast_2022-11_3779,10,c5f8,164,,-164.000000,0.000000,10.427091,0.000000,0.000000,10.427091
lichess_db_broadcast_2022-11_3779,10,c6a5,407,,-407.000000,0.000000,8.562218,0.000000,0.000000,8.562218
lichess_db_broadcast_2022-11_3779,10,c6b4,471,,-471.000000,0.000000,-7.384728,1.160000,-1.160000,-8.544728
lichess_db_broadcast_2022-11_3779,10,c6b8,207,,-207.000000,0.000000,8.714911,0.000000,0.000000,8.714911
lichess_db_broadcast_2022-11_3779,10,c6d4,421,,-421.000000,0.000000,9.090748,1.160000,-1.160000,7.930748
lichess_db_broadcast_2022-11_3779,10,c6e7,163,,-163.000000,0.000000,8.054623,0.000000,0.000000,8.054623
lichess_db_broadcast_2022-11_3779,10,d7d5,121,,-121.000000,0.000000,-2.284251,0.000000,0.000000,-2.284251
lichess_db_broadcast_2022-11_3779,10,d7d6,279,,-279.000000,0.000000,-2.295926,0.000000,0.000000,-2.295926
lichess_db_broadcast_2022-11_3779,10,d8e7,164,,-164.000000,0.000000,36.741230,0.000000,0.000000,36.741230
lichess_db_broadcast_2022-11_3779,10,e8e7,295,,-295.000000,0.000000,-12.130199,0.000000,0.000000,-12.130199
lichess_db_broadcast_2022-11_3779,10,e8f8,200,,-200.000000,0.000000,-4.746166,0.000000,0.000000,-4.746166
lichess_db_broadcast_2022-11_3779,10,e8g8,61,,-61.000000,0.000000,-19.739507,0.000000,0.000000,-19.739507
lichess_db_broadcast_2022-11_3779,10,f6d5,538,,-538.000000,0.000000,-3.569280,1.160000,-1.160000,-4.729280
lichess_db_broadcast_2022-11_3779,10,f6e4,66,,-66.000000,-1.160000,16.407700,0.000000,-1.160000,15.247700
lichess_db_broadcast_2022-11_3779,10,f6g4,196,,-196.000000,0.000000,-4.601237,0.000000,0.000000,-4.601237
lichess_db_broadcast_2022-11_3779,10,f6g8,219,,-219.000000,0.000000,3.965240,0.000000,0.000000,3.965240
lichess_db_broadcast_2022-11_3779,10,f6h5,257,,-257.000000,0.000000,-4.252043,0.000000,0.000000,-4.252043
lichess_db_broadcast_2022-11_3779,10,g7g5,237,,-237.000000,0.000000,2.477346,0.000000,0.000000,2.477346
lichess_db_broadcast_2022-11_3779,10,g7g6,232,,-232.000000,0.000000,2.161591,0.000000,0.000000,2.161591
lichess_db_broadcast_2022-11_3779,10,h7h5,212,,-212.000000,0.000000,-2.610030,0.000000,0.000000,-2.610030
lichess_db_broadcast_2022-11_3779,10,h7h6,141,,-141.000000,0.000000,-2.976309,0.000000,0.000000,-2.976309
lichess_db_broadcast_2022-11_3779,10,h8f8,292,,-292.000000,0.000000,-19.290967,0.000000,0.000000,-19.290967
lichess_db_broadcast_2022-11_3779,10,h8g8,268,,-268.000000,0.000000,-19.770845,0.000000,0.000000,-19.770845
lichess_db_broadcast_2022-11_3792,19,a1b1,-12,,12.000000,0.000000,-19.956908,0.000000,0.000000,-19.956908
lichess_db_broadcast_2022-11_3792,19,a2a3,-51,,51.000000,0.000000,1.155567,0.000000,0.000000,1.155567
lichess_db_broadcast_2022-11_3792,19,a2a4,-34,,34.000000,0.000000,1.727431,0.000000,0.000000,1.727431
lichess_db_broadcast_2022-11_3792,19,b2b3,333,,-333.000000,0.000000,2.083727,0.000000,0.000000,2.083727
lichess_db_broadcast_2022-11_3792,19,b2b4,349,,-349.000000,0.000000,-1.996712,0.000000,0.000000,-1.996712
lichess_db_broadcast_2022-11_3792,19,c2c3,-19,,19.000000,0.000000,-1.958814,0.000000,0.000000,-1.958814
lichess_db_broadcast_2022-11_3792,19,c2c4,-49,,49.000000,0.000000,-1.708953,0.000000,0.000000,-1.708953
lichess_db_broadcast_2022-11_3792,19,d1e2,-32,,32.000000,0.000000,-37.809439,0.000000,0.000000,-37.809439
lichess_db_broadcast_2022-11_3792,19,d2b1,-24,,24.000000,0.000000,3.215744,0.000000,0.000000,3.215744
lichess_db_broadcast_2022-11_3792,19,d2b3,-8,,8.000000,0.000000,-3.844444,0.000000,0.000000,-3.844444
lichess_db_broadcast_2022-11_3792,19,d2c4,15,,-15.000000,0.000000,-4.222494,0.000000,0.000000,-4.222494
lichess_db_broadcast_2022-11_3792,19,d2e4,-35,,35.000000,0.000000,-3.910015,0.000000,0.000000,-3.910015
lichess_db_broadcast_2022-11_3792,19,d2f1,-22,,22.000000,0.000000,4.549615,0.000000,0.000000,4.549615
lichess_db_broadcast_2022-11_3792,19,d3d4,17,,-17.000000,0.000000,1.414325,0.000000,0.000000,1.414325
lichess_db_broadcast_2022-11_3792,19,e1e2,5,,-5.000000,0.000000,-17.022293,0.000000,0.000000,-17.022293
lichess_db_broadcast_2022-11_3792,19,e1e3,317,,-317.000000,0.000000,-18.972209,3.400000,-3.400000,-22.372209
lichess_db_broadcast_2022-11_3792,19,e1e4,51,,-51.000000,0.000000,-18.310808,0.000000,0.000000,-18.310808
lichess_db_broadcast_2022-11_3792,19,e1e5,422,,-422.000000,0.000000,-19.056285,5.400000,-5.400000,-24.456285
lichess_db_broadcast_2022-11_3792,19,e1e6,346,,-346.000000,0.000000,-17.927208,4.560000,-4.560000,-22.487208
lichess_db_broadcast_2022-11_3792,19,e1e7,393,,-393.000000,-4.560000,-24.718677,3.400000,-7.960000,-32.678677
lichess_db_broadcast_2022-11_3792,19,e1f1,39,,-39.000000,0.000000,-13.833021,0.000000,0.000000,-13.833021
lichess_db_broadcast_2022-11_3792,19,f3d4,77,,-77.000000,0.000000,-8.116550,1.160000,-1.160000,-9.276550
lichess_db_broadcast_2022-11_3792,19,f3e5,200,,-200.000000,0.000000,-9.121485,0.000000,0.000000,-9.121485
lichess_db_broadcast_2022-11_3792,19,f3g5,-2,,2.000000,0.000000,-8.447970,0.000000,0.000000,-8.447970
lichess_db_broadcast_2022-11_3792,19,f3h4,-2,,2.000000,0.000000,-8.312667,0.000000,0.000000,-8.312667
lichess_db_broadcast_2022-11_3792,19,g1f1,43,,-43.000000,0.000000,4.437625,0.000000,0.000000,4.437625
lichess_db_broadcast_2022-11_3792,19,g1h1,56,,-56.000000,0.000000,-3.609480,0.000000,0.000000,-3.609480
lichess_db_broadcast_2022-11_3792,19,g2f1,47,,-47.000000,0.000000,11.038377,0.000000,0.000000,11.038377
lichess_db_broadcast_2022-11_3792,19,g2h1,41,,-41.000000,0.000000,9.290663,0.000000,0.000000,9.290663
lichess_db_broadcast_2022-11_3792,19,g2h3,43,,-43.000000,0.000000,-7.973185,0.000000,0.000000,-7.973185
lichess_db_broadcast_2022-11_3792,19,g3g4,171,,-171.000000,0.000000,2.198046,0.000000,0.000000,2.198046
lichess_db_broadcast_2022-11_3792,19,h2h3,1,,-1.000000,0.000000,2.057879,0.000000,0.000000,2.057879
lichess_db_broadcast_2022-11_3792,19,h2h4,6,,-6.000000,0.000000,1.636158,0.000000,0.000000,1.636158
lichess_db_broadcast_2022-11_3792,29,a1a2,3,,-3.000000,0.000000,10.062718,0.000000,0.000000,10.062718
lichess_db_broadcast_2022-11_3792,29,a1b1,-44,,44.000000,0.000000,12.658354,0.000000,0.000000,12.658354
lichess_db_broadcast_2022-11_3792,29,b3a5,325,,-325.000000,0.000000,5.656371,0.000000,0.000000,5.656371
lichess_db_broadcast_2022-11_3792,29,b3c5,281,,-281.000000,-1.160000,17.421476,0.000000,-1.160000,16.261476
lichess_db_broadcast_2022-11_3792,29,b3d2,-25,,25.000000,0.000000,3.971196,0.000000,0.000000,3.971196
lichess_db_broadcast_2022-11_3792,29,b3d4,298,,-298.000000,0.000000,8.486786,1.160000,-1.160000,7.326786
lichess_db_broadcast_2022-11_3792,29,c1d2,-34,,34.000000,0.000000,6.733365,0.000000,0.000000,6.733365
lichess_db_broadcast_2022-11_3792,29,c1e3,-6,,6.000000,0.000000,7.996989,0.000000,0.000000,7.996989
lichess_db_broadcast_2022-11_3792,29,c1f4,-104,,104.000000,0.000000,10.306445,0.000000,0.000000,10.306445
lichess_db_broadcast_2022-11_3792,29,c1g5,5,,-5.000000,0.000000,9.429296,0.000000,0.000000,9.429296
lichess_db_broadcast_2022-11_3792,29,c1h6,439,,-439.000000,0.000000,9.478329,0.000000,0.000000,9.478329
lichess_db_broadcast_2022-11_3792,29,c2b1,35,,-35.000000,0.000000,34.758393,0.000000,0.000000,34.758393
lichess_db_broadcast_2022-11_3792,29,c2c3,500,,-500.000000,0.000000,17.758426,6.800000,-6.800000,10.958426
lichess_db_broadcast_2022-11_3792,29,c2d1,16,,-16.000000,0.000000,30.135596,0.000000,0.000000,30.135596
lichess_db_broadcast_2022-11_3792,29,c2d2,13,,-13.000000,0.000000,20.998838,0.000000,0.000000,20.998838
lichess_db_broadcast_2022-11_3792,29,c2e2,11,,-11.000000,0.000000,16.861257,0.000000,0.000000,16.861257
lichess_db_broadcast_2022-11_3792,29,d3d4,52,,-52.000000,0.000000,1.882757,0.000000,0.000000,1.882757
lichess_db_broadcast_2022-11_3792,29,e1d1,27,,-27.000000,0.000000,9.396080,0.000000,0.000000,9.396080
lichess_db_broadcast_2022-11_3792,29,e1e2,-13,,13.000000,0.000000,12.849172,0.000000,0.000000,12.849172
lichess_db_broadcast_2022-11_3792,29,e1e3,37,,-37.000000,0.000000,8.858625,0.000000,0.000000,8.858625
lichess_db_broadcast_2022-11_3792,29,e1e4,280,,-280.000000,0.000000,-12.132010,3.400000,-3.400000,-15.532010
lichess_db_broadcast_2022-11_3792,29,e1e5,22,,-22.000000,0.000000,11.706796,0.000000,0.000000,11.706796
lichess_db_broadcast_2022-11_3792,29,e1e6,395,,-395.000000,0.000000,-8.792238,6.560000,-6.560000,-15.352238
lichess_db_broadcast_2022-11_3792,29,e1e7,375,,-375.000000,-4.560000,21.633632,0.000000,-4.560000,17.073632
lichess_db_broadcast_2022-11_3792,29,e1f1,30,,-30.000000,0.000000,9.843640,0.000000,0.000000,9.843640
lichess_db_broadcast_2022-11_3792,29,f3d2,30,,-30.000000,0.000000,7.059727,0.000000,0.000000,7.059727
lichess_db_broadcast_2022-11_3792,29,f3d4,332,,-332.000000,0.000000,9.813752,1.160000,-1.160000,8.653752
lichess_db_broadcast_2022-11_3792,29,f3e5,-27,,27.000000,0.000000,7.703927,0.000000,0.000000,7.703927
lichess_db_broadcast_2022-11_3792,29,f3g5,39,,-39.000000,0.000000,-6.518402,0.000000,0.000000,-6.518402
lichess_db_broadcast_2022-11_3792,29,f3h4,48,,-48.000000,0.000000,-6.347978,0.000000,0.000000,-6.347978
lichess_db_broadcast_2022-11_3792,29,g1f1,11,,-11.000000,0.000000,-4.290601,0.000000,0.000000,-4.290601
lichess_db_broadcast_2022-11_3792,29,g1h1,21,,-21.000000,0.000000,-3.609480,0.000000,0.000000,-3.609480
lichess_db_broadcast_2022-11_3792,29,g2f1,8,,-8.000000,0.000000,7.760042,0.000000,0.000000,7.760042
lichess_db_broadcast_2022-11_3792,29,g2h1,14,,-14.000000,0.000000,7.197545,0.000000,0.000000,7.197545
lichess_db_broadcast_2022-11_3792,29,g2h3,498,,-498.000000,0.000000,-6.662898,0.000000,0.000000,-6.662898
lichess_db_broadcast_2022-11_3792,29,g3g4,199,,-199.000000,0.000000,-1.858960,0.000000,0.000000,-1.858960
lichess_db_broadcast_2022-11_3792,29,h2h3,-1,,1.000000,0.000000,-2.419440,0.000000,0.000000,-2.419440
lichess_db_broadcast_2022-11_3792,29,h2h4,55,,-55.000000,0.000000,2.284977,0.000000,0.000000,2.284977
lichess_db_broadcast_2022-11_3792,75,a5a6,-139,,139.000000,0.000000,-2.239472,0.000000,0.000000,-2.239472
lichess_db_broadcast_2022-11_3792,75,b5b6,-176,,176.000000,0.000000,-2.678444,0.000000,0.000000,-2.678444
lichess_db_broadcast_2022-11_3792,75,c3a1,-130,,130.000000,0.000000,11.108987,0.000000,0.000000,11.108987
lichess_db_broadcast_2022-11_3792,75,c3a3,-135,,135.000000,0.000000,21.973004,0.000000,0.000000,21.973004
lichess_db_broadcast_2022-11_3792,75,c3b2,-206,,206.000000,0.000000,17.199917,0.000000,0.000000,17.199917
lichess_db_broadcast_2022-11_3792,75,c3b3,-148,,148.000000,0.000000,-4.049465,0.000000,0.000000,-4.049465
lichess_db_broadcast_2022-11_3792,75,c3b4,581,,-581.000000,0.000000,18.663767,7.960000,-7.960000,10.703767
lichess_db_broadcast_2022-11_3792,75,c3c1,-129,,129.000000,0.000000,-2.385603,0.000000,0.000000,-2.385603
lichess_db_broadcast_2022-11_3792,75,c3c2,-104,,104.000000,0.000000,15.225681,0.000000,0.000000,15.225681
lichess_db_broadcast_2022-11_3792,75,c3d2,-153,,153.000000,0.000000,-18.705704,0.000000,0.000000,-18.705704
lichess_db_broadcast_2022-11_3792,75,c3d3,593,,-593.000000,0.000000,-14.768558,0.000000,0.000000,-14.768558
lichess_db_broadcast_2022-11_3792,75,c3d4,648,,-648.000000,0.000000,23.706328,7.960000,-7.960000,15.746328
lichess_db_broadcast_2022-11_3792,75,c3e1,-51,,51.000000,0.000000,7.865137,0.000000,0.000000,7.865137
lichess_db_broadcast_2022-11_3792,75,c3e3,-92,,92.000000,0.000000,7.957113,0.000000,0.000000,7.957113
lichess_db_broadcast_2022-11_3792,75,c3e5,-195,,195.000000,0.000000,19.559712,0.000000,0.000000,19.559712
lichess_db_broadcast_2022-11_3792,75,c3f3,-53,,53.000000,0.000000,19.404450,0.000000,0.000000,19.404450
lichess_db_broadcast_2022-11_3792,75,c3f6,453,,-453.000000,-6.800000,56.476305,6.300000,-13.100000,43.376305
lichess_db_broadcast_2022-11_3792,75,e2a2,-96,,96.000000,0.000000,4.525466,0.000000,0.000000,4.525466
lichess_db_broadcast_2022-11_3792,75,e2b2,-128,,128.000000,0.000000,-9.520862,0.000000,0.000000,-9.520862
lichess_db_broadcast_2022-11_3792,75,e2c2,-128,,128.000000,0.000000,-11.224715,0.000000,0.000000,-11.224715
lichess_db_broadcast_2022-11_3792,75,e2d2,-199,,199.000000,0.000000,-14.643557,0.000000,0.000000,-14.643557
lichess_db_broadcast_2022-11_3792,75,e2e1,-109,,109.000000,0.000000,-9.710012,0.000000,0.000000,-9.710012
lichess_db_broadcast_2022-11_3792,75,e2e3,-89,,89.000000,0.000000,-9.237420,0.000000,0.000000,-9.237420
lichess_db_broadcast_2022-11_3792,75,e2e4,-72,,72.000000,0.000000,6.967732,3.400000,-3.400000,3.567732
lichess_db_broadcast_2022-11_3792,75,e2e5,-106,,106.000000,0.000000,-14.351760,0.000000,0.000000,-14.351760
lichess_db_broadcast_2022-11_3792,75,e2e6,324,,-324.000000,-4.560000,-19.815741,4.560000,-9.120000,-28.935741
lichess_db_broadcast_2022-11_3792,75,e2f2,-118,,118.000000,0.000000,2.829030,0.000000,0.000000,2.829030
lichess_db_broadcast_2022-11_3792,75,g2a8,-82,,82.000000,0.000000,2.435646,0.000000,0.000000,2.435646
lichess_db_broadcast_2022-11_3792,75,g2b7,298,,-298.000000,0.000000,2.497674,0.000000,0.000000,2.497674
lichess_db_broadcast_2022-11_3792,75,g2c6,-138,,138.000000,0.000000,-9.330318,0.000000,0.000000,-9.330318
lichess_db_broadcast_2022-11_3792,75,g2d5,412,,-412.000000,0.000000,-6.301616,3.960000,-3.960000,-10.261616
lichess_db_broadcast_2022-11_3792,75,g2e4,-48,,48.000000,0.000000,3.539206,1.400000,-1.400000,2.139206
lichess_db_broadcast_2022-11_3792,75,g2f1,-78,,78.000000,0.000000,6.932610,0.000000,0.000000,6.932610
lichess_db_broadcast_2022-11_3792,75,g2f3,-101,,101.000000,0.000000,-7.513236,0.000000,0.000000,-7.513236
lichess_db_broadcast_2022-11_3792,75,g2h1,-105,,105.000000,0.000000,2.083741,0.000000,0.000000,2.083741
lichess_db_broadcast_2022-11_3792,75,h2g1,-113,,113.000000,0.000000,4.660723,0.000000,0.000000,4.660723
lichess_db_broadcast_2022-11_3792,75,h2h1,-115,,115.000000,0.000000,5.052511,0.000000,0.000000,5.052511
lichess_db_broadcast_2022-11_3792,75,h3h4,-81,,81.000000,0.000000,2.278520,0.000000,0.000000,2.278520
lichess_db_broadcast_2022-11_3845,55,a2a3,10,,-10.000000,0.000000,-2.579188,0.000000,0.000000,-2.579188
lichess_db_broadcast_2022-11_3845,55,a2a4,17,,-17.000000,0.000000,-1.123802,0.000000,0.000000,-1.123802
lichess_db_broadcast_2022-11_3845,55,b2b3,24,,-24.000000,0.000000,1.910612,0.000000,0.000000,1.910612
lichess_db_broadcast_2022-11_3845,55,b2b4,13,,-13.000000,0.000000,-1.802932,0.000000,0.000000,-1.802932
lichess_db_broadcast_2022-11_3845,55,d3a3,296,,-296.000000,0.000000,15.094326,0.000000,0.000000,15.094326
lichess_db_broadcast_2022-11_3845,55,d3a6,558,,-558.000000,0.000000,7.823907,7.960000,-7.960000,-0.136093
lichess_db_broadcast_2022-11_3845,55,d3b1,26,,-26.000000,0.000000,11.469530,0.000000,0.000000,11.469530
lichess_db_broadcast_2022-11_3845,55,d3b3,56,,-56.000000,0.000000,7.912810,0.000000,0.000000,7.912810
lichess_db_broadcast_2022-11_3845,55,d3b5,64,,-64.000000,0.000000,7.850894,0.000000,0.000000,7.850894
lichess_db_broadcast_2022-11_3845,55,d3c2,39,,-39.000000,0.000000,6.593450,0.000000,0.000000,6.593450
lichess_db_broadcast_2022-11_3845,55,d3c3,147,,-147.000000,0.000000,4.679583,0.000000,0.000000,4.679583
lichess_db_broadcast_2022-11_3845,55,d3c4,649,,-649.000000,0.000000,4.443567,14.760000,-14.760000,-10.316433
lichess_db_broadcast_2022-11_3845,55,d3d1,3,,-3.000000,0.000000,14.047650,0.000000,0.000000,14.047650
lichess_db_broadcast_2022-11_3845,55,d3d2,175,,-175.000000,0.000000,8.822060,0.000000,0.000000,8.822060
lichess_db_broadcast_2022-11_3845,55,d3e2,9,,-9.000000,0.000000,13.703828,0.000000,0.000000,13.703828
lichess_db_broadcast_2022-11_3845,55,d3e3,671,,-671.000000,0.000000,14.049717,0.000000,0.000000,14.049717
lichess_db_broadcast_2022-11_3845,55,d3e4,763,,-763.000000,0.000000,-12.266507,7.960000,-7.960000,-20.226507
lichess_db_broadcast_2022-11_3845,55,d3f1,279,,-279.000000,0.000000,15.904840,0.000000,0.000000,15.904840
lichess_db_broadcast_2022-11_3845,55,d3f3,-10,,10.000000,0.000000,12.028944,0.000000,0.000000,12.028944
lichess_db_broadcast_2022-11_3845,55,d3f5,571,,-571.000000,0.000000,9.651614,7.960000,-7.960000,1.691614
lichess_db_broadcast_2022-11_3845,55,d3g6,537,,-537.000000,-7.960000,17.232529,6.300000,-14.260000,2.972529
lichess_db_broadcast_2022-11_3845,55,d4b3,20,,-20.000000,0.000000,0.000000,0.000000,0.000000,0.000000
lichess_db_broadcast_2022-11_3845,55,d4b5,-29,,29.000000,0.000000,-0.436509,0.000000,0.000000,-0.436509
lichess_db_broadcast_2022-11_3845,55,d4c2,0,,-0.000000,0.000000,0.000000,0.000000,0.000000,0.000000
lichess_db_broadcast_2022-11_3845,55,d4c6,416,,-416.000000,0.000000,7.223935,1.160000,-1.160000,6.063935
lichess_db_broadcast_2022-11_3845,55,d4e2,6,,-6.000000,0.000000,-3.003582,0.000000,0.000000,-3.003582
lichess_db_broadcast_2022-11_3845,55,d4e6,390,,-390.000000,0.000000,-3.938470,0.000000,0.000000,-3.938470
lichess_db_broadcast_2022-11_3845,55,d4f3,44,,-44.000000,0.000000,1.857050,0.000000,0.000000,1.857050
lichess_db_broadcast_2022-11_3845,55,d4f5,393,,-393.000000,0.000000,4.458850,1.160000,-1.160000,3.298850
lichess_db_broadcast_2022-11_3845,55,f4f5,-60,,60.000000,0.000000,2.471443,0.000000,0.000000,2.471443
lichess_db_broadcast_2022-11_3845,55,g2f1,30,,-30.000000,0.000000,-7.398483,0.000000,0.000000,-7.398483
lichess_db_broadcast_2022-11_3845,55,g2f2,-33,,33.000000,0.000000,-5.781376,0.000000,0.000000,-5.781376
lichess_db_broadcast_2022-11_3845,55,g2f3,1,,-1.000000,0.000000,-7.233711,0.000000,0.000000,-7.233711
lichess_db_broadcast_2022-11_3845,55,g2g1,24,,-24.000000,0.000000,-6.755719,0.000000,0.000000,-6.755719
lichess_db_broadcast_2022-11_3845,55,g2h2,-7,,7.000000,0.000000,7.799195,0.000000,0.000000,7.799195
lichess_db_broadcast_2022-11_3845,55,g2h3,-28,,28.000000,0.000000,8.293306,0.000000,0.000000,8.293306
lichess_db_broadcast_2022-11_3845,55,g3g4,-12,,12.000000,0.000000,-2.141975,0.000000,0.000000,-2.141975
lichess_db_broadcast_2022-11_3845,55,h1a1,5,,-5.000000,0.000000,-7.170681,0.000000,0.000000,-7.170681
lichess_db_broadcast_2022-11_3845,55,h1b1,9,,-9.000000,0.000000,-10.781184,0.000000,0.000000,-10.781184
lichess_db_broadcast_2022-11_3845,55,h1c1,-52,,52.000000,0.000000,-7.170681,0.000000,0.000000,-7.170681
lichess_db_broadcast_2022-11_3845,55,h1d1,-25,,25.000000,0.000000,12.199215,0.000000,0.000000,12.199215
lichess_db_broadcast_2022-11_3845,55,h1e1,442,,-442.000000,0.000000,-11.695516,0.000000,0.000000,-11.695516
lichess_db_broadcast_2022-11_3845,55,h1f1,6,,-6.000000,0.000000,10.073681,0.000000,0.000000,10.073681
lichess_db_broadcast_2022-11_3845,55,h1g1,6,,-6.000000,0.000000,-5.416993,0.000000,0.000000,-5.416993
lichess_db_broadcast_2022-11_3845,55,h1h2,38,,-38.000000,0.000000,4.206159,0.000000,0.000000,4.206159
lichess_db_broadcast_2022-11_3845,55,h1h3,42,,-42.000000,0.000000,10.094996,0.000000,0.000000,10.094996
lichess_db_broadcast_2022-11_3845,55,h4h5,-27,,27.000000,0.000000,1.966992,0.000000,0.000000,1.966992
lichess_db_broadcast_2022-11_3905,29,a1b1,-9,,9.000000,0.000000,20.807799,0.000000,0.000000,20.807799
lichess_db_broadcast_2022-11_3905,29,a2a3,78,,-78.000000,0.000000,1.981154,0.000000,0.000000,1.981154
lichess_db_broadcast_2022-11_3905,29,a2a4,-38,,38.000000,0.000000,-1.558356,0.000000,0.000000,-1.558356
lichess_db_broadcast_2022-11_3905,29,b4b5,51,,-51.000000,0.000000,2.196970,0.000000,0.000000,2.196970
lichess_db_broadcast_2022-11_3905,29,c1a3,-23,,23.000000,0.000000,-29.787735,0.000000,0.000000,-29.787735
lichess_db_broadcast_2022-11_3905,29,c1b1,54,,-54.000000,0.000000,32.417362,0.000000,0.000000,32.417362
lichess_db_broadcast_2022-11_3905,29,c1b2,34,,-34.000000,0.000000,-36.925451,0.000000,0.000000,-36.925451
lichess_db_broadcast_2022-11_3905,29,c1c2,52,,-52.000000,0.000000,-34.321822,0.000000,0.000000,-34.321822
lichess_db_broadcast_2022-11_3905,29,c1d1,23,,-23.000000,0.000000,-27.650191,0.000000,0.000000,-27.650191
lichess_db_broadcast_2022-11_3905,29,c1d2,53,,-53.000000,0.000000,-35.914430,0.000000,0.000000,-35.914430
lichess_db_broadcast_2022-11_3905,29,c4a6,411,,-411.000000,0.000000,-7.061811,2.560000,-2.560000,-9.621811
lichess_db_broadcast_2022-11_3905,29,c4b3,66,,-66.000000,0.000000,-6.702656,0.000000,0.000000,-6.702656
lichess_db_broadcast_2022-11_3905,29,c4b5,88,,-88.000000,0.000000,-8.361227,0.000000,0.000000,-8.361227
lichess_db_broadcast_2022-11_3905,29,c4d5,38,,-38.000000,0.000000,-11.444351,1.400000,-1.400000,-12.844351
lichess_db_broadcast_2022-11_3905,29,c4e6,442,,-442.000000,0.000000,-8.649606,2.560000,-2.560000,-11.209606
lichess_db_broadcast_2022-11_3905,29,c4f7,407,,-407.000000,-2.560000,-18.802090,0.900000,-3.460000,-22.262090
lichess_db_broadcast_2022-11_3905,29,d3d4,139,,-139.000000,0.000000,-2.212478,0.000000,0.000000,-2.212478
lichess_db_broadcast_2022-11_3905,29,e1d1,85,,-85.000000,0.000000,10.038922,0.000000,0.000000,10.038922
lichess_db_broadcast_2022-11_3905,29,e1e2,59,,-59.000000,0.000000,-17.328584,0.000000,0.000000,-17.328584
lichess_db_broadcast_2022-11_3905,29,e3c2,134,,-134.000000,0.000000,-6.252228,0.000000,0.000000,-6.252228
lichess_db_broadcast_2022-11_3905,29,e3d1,133,,-133.000000,0.000000,4.031021,0.000000,0.000000,4.031021
lichess_db_broadcast_2022-11_3905,29,e3d5,103,,-103.000000,0.000000,-5.381408,0.000000,0.000000,-5.381408
lichess_db_broadcast_2022-11_3905,29,e3f5,168,,-168.000000,0.000000,-10.144394,0.000000,0.000000,-10.144394
lichess_db_broadcast_2022-11_3905,29,e3g4,374,,-374.000000,-1.160000,-17.818084,0.000000,-1.160000,-18.978084
lichess_db_broadcast_2022-11_3905,29,f1d2,130,,-130.000000,0.000000,-4.279386,0.000000,0.000000,-4.279386
lichess_db_broadcast_2022-11_3905,29,f1g3,320,,-320.000000,0.000000,-6.490558,1.160000,-1.160000,-7.650558
lichess_db_broadcast_2022-11_3905,29,f2f3,247,,-247.000000,0.000000,-0.926137,0.000000,0.000000,-0.926137
lichess_db_broadcast_2022-11_3905,29,f2f4,263,,-263.000000,0.000000,1.874475,0.000000,0.000000,1.874475
lichess_db_broadcast_2022-11_3905,29,g1h1,91,,-91.000000,0.000000,5.429808,0.000000,0.000000,5.429808
lichess_db_broadcast_2022-11_3905,29,g2g3,54,,-54.000000,0.000000,-1.118862,0.000000,0.000000,-1.118862
lichess_db_broadcast_2022-11_3905,29,h2h3,259,,-259.000000,0.000000,-1.188852,0.000000,0.000000,-1.188852
lichess_db_broadcast_2022-11_3905,34,a7a5,165,,-165.000000,0.000000,-2.639510,0.000000,0.000000,-2.639510
lichess_db_broadcast_2022-11_3905,34,a7a6,171,,-171.000000,0.000000,-2.510163,0.000000,0.000000,-2.510163
lichess_db_broadcast_2022-11_3905,34,a8b8,204,,-204.000000,0.000000,7.587771,0.000000,0.000000,7.587771
lichess_db_broadcast_2022-11_3905,34,a8c8,229,,-229.000000,0.000000,-9.909907,0.000000,0.000000,-9.909907
lichess_db_broadcast_2022-11_3905,34,a8d8,233,,-233.000000,0.000000,9.657159,0.000000,0.000000,9.657159
lichess_db_broadcast_2022-11_3905,34,b7b5,214,,-214.000000,0.000000,-2.700016,0.000000,0.000000,-2.700016
lichess_db_broadcast_2022-11_3905,34,b7b6,179,,-179.000000,0.000000,-2.761001,0.000000,0.000000,-2.761001
lichess_db_broadcast_2022-11_3905,34,c6a5,318,,-318.000000,0.000000,4.482878,1.160000,-1.160000,3.322878
lichess_db_broadcast_2022-11_3905,34,c6b4,337,,-337.000000,-1.160000,-16.483446,1.160000,-2.320000,-18.803446
lichess_db_broadcast_2022-11_3905,34,c6b8,231,,-231.000000,0.000000,4.828886,0.000000,0.000000,4.828886
lichess_db_broadcast_2022-11_3905,34,c6d4,280,,-280.000000,0.000000,5.952204,1.160000,-1.160000,4.792204
lichess_db_broadcast_2022-11_3905,34,c6d8,114,,-114.000000,0.000000,4.932139,0.000000,0.000000,4.932139
lichess_db_broadcast_2022-11_3905,34,d6d5,299,,-299.000000,0.000000,-1.962709,0.000000,0.000000,-1.962709
lichess_db_broadcast_2022-11_3905,34,d7c8,175,,-175.000000,0.000000,-9.976990,0.000000,0.000000,-9.976990
lichess_db_broadcast_2022-11_3905,34,d7e6,103,,-103.000000,0.000000,-9.063470,0.000000,0.000000,-9.063470
lichess_db_broadcast_2022-11_3905,34,d7f5,386,,-386.000000,0.000000,9.675421,5.360000,-5.360000,4.315421
lichess_db_broadcast_2022-11_3905,34,d7g4,195,,-195.000000,0.000000,-4.502545,1.400000,-1.400000,-5.902545
lichess_db_broadcast_2022-11_3905,34,d7h3,293,,-293.000000,0.000000,8.236254,2.560000,-2.560000,5.676254
lichess_db_broadcast_2022-11_3905,34,e7c8,307,,-307.000000,0.000000,-6.047056,0.000000,0.000000,-6.047056
lichess_db_broadcast_2022-11_3905,34,e7d5,408,,-408.000000,0.000000,4.662276,1.160000,-1.160000,3.502276
lichess_db_broadcast_2022-11_3905,34,e7f5,368,,-368.000000,0.000000,5.873760,1.160000,-1.160000,4.713760
lichess_db_broadcast_2022-11_3905,34,e7g6,112,,-112.000000,0.000000,3.124889,0.000000,0.000000,3.124889
lichess_db_broadcast_2022-11_3905,34,e7g8,248,,-248.000000,0.000000,4.252643,0.000000,0.000000,4.252643
lichess_db_broadcast_2022-11_3905,34,e8c8,-13,,13.000000,0.000000,10.458843,0.000000,0.000000,10.458843
lichess_db_broadcast_2022-11_3905,34,e8d8,134,,-134.000000,0.000000,3.589408,0.000000,0.000000,3.589408
lichess_db_broadcast_2022-11_3905,34,e8f8,207,,-207.000000,0.000000,6.275191,0.000000,0.000000,6.275191
lichess_db_broadcast_2022-11_3905,34,e8g8,356,,-356.000000,0.000000,10.286510,0.000000,0.000000,10.286510
lichess_db_broadcast_2022-11_3905,34,f7f5,223,,-223.000000,0.000000,-2.973773,0.000000,0.000000,-2.973773
lichess_db_broadcast_2022-11_3905,34,f7f6,121,,-121.000000,0.000000,1.946706,0.000000,0.000000,1.946706
lichess_db_broadcast_2022-11_3905,34,g7f6,221,,-221.000000,0.000000,9.183243,0.000000,0.000000,9.183243
lichess_db_broadcast_2022-11_3905,34,g7f8,178,,-178.000000,0.000000,34.255483,0.000000,0.000000,34.255483
lichess_db_broadcast_2022-11_3905,34,g7g3,482,,-482.000000,-6.800000,53.727354,7.960000,-14.760000,38.967354
lichess_db_broadcast_2022-11_3905,34,g7g4,608,,-608.000000,0.000000,13.410692,6.800000,-6.800000,6.610692
lichess_db_broadcast_2022-11_3905,34,g7g5,206,,-206.000000,0.000000,-25.434986,0.000000,0.000000,-25.434986
lichess_db_broadcast_2022-11_3905,34,g7g6,175,,-175.000000,0.000000,9.458333,0.000000,0.000000,9.458333
lichess_db_broadcast_2022-11_3905,34,g7g8,164,,-164.000000,0.000000,21.043076,0.000000,0.000000,21.043076
lichess_db_broadcast_2022-11_3905,34,g7h6,107,,-107.000000,0.000000,-16.539953,0.000000,0.000000,-16.539953
lichess_db_broadcast_2022-11_3905,34,g7h7,48,,-48.000000,0.000000,22.577977,0.000000,0.000000,22.577977
lichess_db_broadcast_2022-11_3905,34,h8f8,191,,-191.000000,0.000000,-6.905448,0.000000,0.000000,-6.905448
lichess_db_broadcast_2022-11_3905,34,h8g8,289,,-289.000000,0.000000,-9.414712,0.000000,0.000000,-9.414712
lichess_db_broadcast_2022-11_3905,34,h8h2,301,,-301.000000,-4.560000,-21.722520,2.900000,-7.460000,-29.182520
lichess_db_broadcast_2022-11_3905,34,h8h3,368,,-368.000000,0.000000,16.170270,4.560000,-4.560000,11.610270
lichess_db_broadcast_2022-11_3905,34,h8h4,163,,-163.000000,0.000000,14.956348,0.000000,0.000000,14.956348
lichess_db_broadcast_2022-11_3905,34,h8h5,577,,-577.000000,0.000000,14.972746,3.400000,-3.400000,11.572746
lichess_db_broadcast_2022-11_3905,34,h8h6,166,,-166.000000,0.000000,-11.651844,0.000000,0.000000,-11.651844
lichess_db_broadcast_2022-11_3905,34,h8h7,146,,-146.000000,0.000000,12.649522,0.000000,0.000000,12.649522
lichess_db_broadcast_2022-11_3905,72,a7a5,448,,-448.000000,0.000000,-1.935474,0.000000,0.000000,-1.935474
lichess_db_broadcast_2022-11_3905,72,a7a6,450,,-450.000000,0.000000,-1.665585,0.000000,0.000000,-1.665585
lichess_db_broadcast_2022-11_3905,72,b7b6,386,,-386.000000,0.000000,-2.036471,0.000000,0.000000,-2.036471
lichess_db_broadcast_2022-11_3905,72,b8a8,481,,-481.000000,0.000000,-0.725277,0.000000,0.000000,-0.725277
lichess_db_broadcast_2022-11_3905,72,d8c8,600,,-600.000000,0.000000,7.319239,2.000000,-2.000000,5.319239
lichess_db_broadcast_2022-11_3905,72,d8d1,587,,-587.000000,0.000000,-7.343945,3.400000,-3.400000,-10.743945
lichess_db_broadcast_2022-11_3905,72,d8d2,439,,-439.000000,0.000000,-6.075277,0.000000,0.000000,-6.075277
lichess_db_broadcast_2022-11_3905,72,d8d3,97,,-97.000000,0.000000,-6.737912,0.000000,0.000000,-6.737912
lichess_db_broadcast_2022-11_3905,72,d8d4,416,,-416.000000,0.000000,-6.359053,0.000000,0.000000,-6.359053
lichess_db_broadcast_2022-11_3905,72,d8d5,735,,-735.000000,0.000000,-9.718500,9.960000,-9.960000,-19.678500
lichess_db_broadcast_2022-11_3905,72,d8d6,457,,-457.000000,0.000000,-5.948368,0.000000,0.000000,-5.948368
lichess_db_broadcast_2022-11_3905,72,d8d7,713,,-713.000000,0.000000,-8.579204,2.000000,-2.000000,-10.579204
lichess_db_broadcast_2022-11_3905,72,d8e8,498,,-498.000000,0.000000,-4.303878,0.000000,0.000000,-4.303878
lichess_db_broadcast_2022-11_3905,72,f4d3,504,,-504.000000,0.000000,4.891633,0.000000,0.000000,4.891633
lichess_db_broadcast_2022-11_3905,72,f4d5,645,,-645.000000,0.000000,4.613373,1.160000,-1.160000,3.453373
lichess_db_broadcast_2022-11_3905,72,f4e2,609,,-609.000000,0.000000,-3.955390,0.000000,0.000000,-3.955390
lichess_db_broadcast_2022-11_3905,72,f4e6,50,,-50.000000,1.400000,160.978911,0.000000,1.400000,162.378911
lichess_db_broadcast_2022-11_3905,72,f4g2,557,,-557.000000,-1.160000,-16.419093,0.000000,-1.160000,-17.579093
lichess_db_broadcast_2022-11_3905,72,f4g6,492,,-492.000000,0.000000,-3.786290,0.000000,0.000000,-3.786290
lichess_db_broadcast_2022-11_3905,72,f4h3,568,,-568.000000,0.000000,-3.802595,1.160000,-1.160000,-4.962595
lichess_db_broadcast_2022-11_3905,72,f4h5,644,,-644.000000,0.000000,-3.447159,0.000000,0.000000,-3.447159
lichess_db_broadcast_2022-11_3905,72,f8e8,517,,-517.000000,0.000000,-4.954660,0.000000,0.000000,-4.954660
lichess_db_broadcast_2022-11_3905,72,f8f5,725,,-725.000000,0.000000,-9.705907,13.360000,-13.360000,-23.065907
lichess_db_broadcast_2022-11_3905,72,f8f6,499,,-499.000000,0.000000,-6.958792,0.000000,0.000000,-6.958792
lichess_db_broadcast_2022-11_3905,72,f8f7,677,,-677.000000,0.000000,-9.503645,2.000000,-2.000000,-11.503645
lichess_db_broadcast_2022-11_3905,72,f8g8,593,,-593.000000,0.000000,-7.114472,2.000000,-2.000000,-9.114472
lichess_db_broadcast_2022-11_3905,72,f8h8,478,,-478.000000,0.000000,6.971715,0.000000,0.000000,6.971715
lichess_db_broadcast_2022-11_3958,58,a5a4,22,,-22.000000,0.000000,-1.472627,0.000000,0.000000,-1.472627
lichess_db_broadcast_2022-11_3958,58,a8a6,435,,-435.000000,0.000000,-17.435470,2.000000,-2.000000,-19.435470
lichess_db_broadcast_2022-11_3958,58,a8a7,39,,-39.000000,0.000000,-6.383306,0.000000,0.000000,-6.383306
lichess_db_broadcast_2022-11_3958,58,a8b8,62,,-62.000000,0.000000,-9.515525,0.000000,0.000000,-9.515525
lichess_db_broadcast_2022-11_3958,58,a8c8,139,,-139.000000,0.000000,-6.568388,0.000000,0.000000,-6.568388
lichess_db_broadcast_2022-11_3958,58,a8d8,50,,-50.000000,0.000000,10.095710,0.000000,0.000000,10.095710
lichess_db_broadcast_2022-11_3958,58,c6c5,263,,-263.000000,0.000000,-1.557743,0.000000,0.000000,-1.557743
lichess_db_broadcast_2022-11_3958,58,d6a3,674,,-674.000000,0.000000,9.837868,11.360000,-11.360000,-1.522132
lichess_db_broadcast_2022-11_3958,58,d6b4,84,,-84.000000,0.000000,14.206354,0.000000,0.000000,14.206354
lichess_db_broadcast_2022-11_3958,58,d6b8,137,,-137.000000,0.000000,21.871808,0.000000,0.000000,21.871808
lichess_db_broadcast_2022-11_3958,58,d6c5,688,,-688.000000,0.000000,18.399121,7.960000,-7.960000,10.439121
lichess_db_broadcast_2022-11_3958,58,d6c7,209,,-209.000000,0.000000,-6.873529,0.000000,0.000000,-6.873529
lichess_db_broadcast_2022-11_3958,58,d6d4,623,,-623.000000,-7.960000,35.557714,3.400000,-11.360000,24.197714
lichess_db_broadcast_2022-11_3958,58,d6d5,557,,-557.000000,0.000000,-8.509241,5.400000,-5.400000,-13.909241
lichess_db_broadcast_2022-11_3958,58,d6d7,100,,-100.000000,0.000000,-5.193874,0.000000,0.000000,-5.193874
lichess_db_broadcast_2022-11_3958,58,d6d8,170,,-170.000000,0.000000,15.434304,0.000000,0.000000,15.434304
lichess_db_broadcast_2022-11_3958,58,d6e5,707,,-707.000000,0.000000,15.854958,7.960000,-7.960000,7.894958
lichess_db_broadcast_2022-11_3958,58,d6e6,568,,-568.000000,0.000000,-18.034865,5.400000,-5.400000,-23.434865
lichess_db_broadcast_2022-11_3958,58,d6e7,41,,-41.000000,0.000000,-14.511329,0.000000,0.000000,-14.511329
lichess_db_broadcast_2022-11_3958,58,d6f4,32,,-32.000000,0.000000,6.940254,0.000000,0.000000,6.940254
lichess_db_broadcast_2022-11_3958,58,d6f8,57,,-57.000000,0.000000,25.609286,0.000000,0.000000,25.609286
lichess_db_broadcast_2022-11_3958,58,d6g3,649,,-649.000000,0.000000,9.265913,11.360000,-11.360000,-2.094087
lichess_db_broadcast_2022-11_3958,58,d6h2,619,,-619.000000,0.000000,23.174882,6.300000,-6.300000,16.874882
lichess_db_broadcast_2022-11_3958,58,e4e3,122,,-122.000000,0.000000,-1.219983,0.000000,0.000000,-1.219983
lichess_db_broadcast_2022-11_3958,58,e8b8,150,,-150.000000,0.000000,11.939007,0.000000,0.000000,11.939007
lichess_db_broadcast_2022-11_3958,58,e8c8,167,,-167.000000,0.000000,10.237271,0.000000,0.000000,10.237271
lichess_db_broadcast_2022-11_3958,58,e8d8,142,,-142.000000,0.000000,13.427658,0.000000,0.000000,13.427658
lichess_db_broadcast_2022-11_3958,58,e8e5,513,,-513.000000,0.000000,-10.686288,4.560000,-4.560000,-15.246288
lichess_db_broadcast_2022-11_3958,58,e8e6,279,,-279.000000,0.000000,-12.587044,2.000000,-2.000000,-14.587044
lichess_db_broadcast_2022-11_3958,58,e8e7,12,,-12.000000,0.000000,-10.408101,0.000000,0.000000,-10.408101
lichess_db_broadcast_2022-11_3958,58,e8f8,98,,-98.000000,0.000000,12.127177,0.000000,0.000000,12.127177
lichess_db_broadcast_2022-11_3958,58,e8g8,335,,-335.000000,0.000000,11.768509,2.000000,-2.000000,9.768509
lichess_db_broadcast_2022-11_3958,58,e8h8,270,,-270.000000,0.000000,13.219920,0.000000,0.000000,13.219920
lichess_db_broadcast_2022-11_3958,58,f6f5,290,,-290.000000,0.000000,2.616678,0.000000,0.000000,2.616678
lichess_db_broadcast_2022-11_3958,58,g6f5,67,,-67.000000,0.000000,8.076198,0.000000,0.000000,8.076198
lichess_db_broadcast_2022-11_3958,58,g6f7,422,,-422.000000,0.000000,8.827314,0.000000,0.000000,8.827314
lichess_db_broadcast_2022-11_3958,58,g6h5,397,,-397.000000,0.000000,11.432621,0.000000,0.000000,11.432621
lichess_db_broadcast_2022-11_3958,58,h6h5,53,,-53.000000,0.000000,-2.754356,0.000000,0.000000,-2.754356
lichess_db_broadcast_2022-11_3958,58,h7h8,32,,-32.000000,0.000000,3.816914,0.000000,0.000000,3.816914
lichess_db_broadcast_2022-11_3958,67,a2a3,160,,-160.000000,0.000000,2.857012,0.000000,0.000000,2.857012
lichess_db_broadcast_2022-11_3958,67,b2b3,12,,-12.000000,0.000000,1.832878,0.000000,0.000000,1.832878
lichess_db_broadcast_2022-11_3958,67,b2b4,108,,-108.000000,0.000000,1.963061,0.000000,0.000000,1.963061
lichess_db_broadcast_2022-11_3958,67,c5a5,47,,-47.000000,0.000000,-14.529599,0.000000,0.000000,-14.529599
lichess_db_broadcast_2022-11_3958,67,c5b5,455,,-455.000000,0.000000,-15.525801,4.560000,-4.560000,-20.085801
lichess_db_broadcast_2022-11_3958,67,c5c1,158,,-158.000000,0.000000,-8.529397,0.000000,0.000000,-8.529397
lichess_db_broadcast_2022-11_3958,67,c5c2,231,,-231.000000,0.000000,-16.356777,0.000000,0.000000,-16.356777
lichess_db_broadcast_2022-11_3958,67,c5c3,222,,-222.000000,0.000000,-8.963193,0.000000,0.000000,-8.963193
lichess_db_broadcast_2022-11_3958,67,c5c4,56,,-56.000000,0.000000,-14.490979,0.000000,0.000000,-14.490979
lichess_db_broadcast_2022-11_3958,67,c5c6,453,,-453.000000,-4.560000,-18.784902,0.000000,-4.560000,-23.344902
lichess_db_broadcast_2022-11_3958,67,c5d5,441,,-441.000000,0.000000,-10.502337,4.560000,-4.560000,-15.062337
lichess_db_broadcast_2022-11_3958,67,c5e5,5,,-5.000000,0.000000,4.887826,0.000000,0.000000,4.887826
lichess_db_broadcast_2022-11_3958,67,c5f5,386,,-386.000000,-4.560000,-21.734243,2.000000,-6.560000,-28.294243
lichess_db_broadcast_2022-11_3958,67,d2c2,35,,-35.000000,0.000000,-17.027070,0.000000,0.000000,-17.027070
lichess_db_broadcast_2022-11_3958,67,d2d1,201,,-201.000000,0.000000,-11.274768,0.000000,0.000000,-11.274768
lichess_db_broadcast_2022-11_3958,67,d2d3,519,,-519.000000,0.000000,7.247488,4.560000,-4.560000,2.687488
lichess_db_broadcast_2022-11_3958,67,d4d5,131,,-131.000000,0.000000,-1.964649,0.000000,0.000000,-1.964649
lichess_db_broadcast_2022-11_3958,67,e2a6,33,,-33.000000,0.000000,-5.787899,0.000000,0.000000,-5.787899
lichess_db_broadcast_2022-11_3958,67,e2b5,482,,-482.000000,0.000000,-6.428960,2.560000,-2.560000,-8.988960
lichess_db_broadcast_2022-11_3958,67,e2c4,44,,-44.000000,0.000000,-5.627292,0.000000,0.000000,-5.627292
lichess_db_broadcast_2022-11_3958,67,e2d1,-1,,1.000000,0.000000,-6.096642,0.000000,0.000000,-6.096642
lichess_db_broadcast_2022-11_3958,67,e2d3,384,,-384.000000,0.000000,8.313844,2.560000,-2.560000,5.753844
lichess_db_broadcast_2022-11_3958,67,e2f1,12,,-12.000000,0.000000,-5.886479,0.000000,0.000000,-5.886479
lichess_db_broadcast_2022-11_3958,67,e2f3,419,,-419.000000,0.000000,2.375914,2.560000,-2.560000,-0.184086
lichess_db_broadcast_2022-11_3958,67,e2g4,433,,-433.000000,0.000000,-6.113717,5.120000,-5.120000,-11.233717
lichess_db_broadcast_2022-11_3958,67,e2h5,307,,-307.000000,-2.560000,17.329231,0.000000,-2.560000,14.769231
lichess_db_broadcast_2022-11_3958,67,e3a3,50,,-50.000000,0.000000,-25.318403,0.000000,0.000000,-25.318403
lichess_db_broadcast_2022-11_3958,67,e3b3,650,,-650.000000,0.000000,-30.841425,11.360000,-11.360000,-42.201425
lichess_db_broadcast_2022-11_3958,67,e3c3,-23,,23.000000,0.000000,-25.248977,0.000000,0.000000,-25.248977
lichess_db_broadcast_2022-11_3958,67,e3d3,721,,-721.000000,0.000000,-32.994101,7.960000,-7.960000,-40.954101
lichess_db_broadcast_2022-11_3958,67,e3e4,538,,-538.000000,-7.960000,-33.197015,7.960000,-15.920000,-49.117015
lichess_db_broadcast_2022-11_3958,67,e3f3,669,,-669.000000,0.000000,-27.235037,7.960000,-7.960000,-35.195037
lichess_db_broadcast_2022-11_3958,67,e3f4,549,,-549.000000,0.000000,-30.761895,0.000000,0.000000,-30.761895
lichess_db_broadcast_2022-11_3958,67,e3g3,186,,-186.000000,0.000000,-34.296883,0.000000,0.000000,-34.296883
lichess_db_broadcast_2022-11_3958,67,e3g5,-68,,68.000000,0.000000,-26.755459,0.000000,0.000000,-26.755459
lichess_db_broadcast_2022-11_3958,67,e3h3,232,,-232.000000,0.000000,-28.819450,0.000000,0.000000,-28.819450
lichess_db_broadcast_2022-11_3958,67,e3h6,533,,-533.000000,0.000000,-30.319835,14.260000,-14.260000,-44.579835
lichess_db_broadcast_2022-11_3958,67,f2f3,119,,-119.000000,0.000000,1.309418,0.000000,0.000000,1.309418
lichess_db_broadcast_2022-11_3958,67,f2f4,63,,-63.000000,0.000000,1.953658,0.000000,0.000000,1.953658
lichess_db_broadcast_2022-11_3958,67,g1f1,145,,-145.000000,0.000000,-4.722926,0.000000,0.000000,-4.722926
lichess_db_broadcast_2022-11_3958,67,g1h1,116,,-116.000000,0.000000,-3.978869,0.000000,0.000000,-3.978869
lichess_db_broadcast_2022-11_3958,67,g2g3,-33,,33.000000,0.000000,2.875142,0.000000,0.000000,2.875142
lichess_db_broadcast_2022-11_3958,67,g2g4,151,,-151.000000,0.000000,1.453788,0.000000,0.000000,1.453788
lichess_db_broadcast_2022-11_4033,31,a1a2,277,,-277.000000,0.000000,-15.163646,0.000000,0.000000,-15.163646
lichess_db_broadcast_2022-11_4033,31,a1b1,336,,-336.000000,0.000000,12.805343,0.000000,0.000000,12.805343
lichess_db_broadcast_2022-11_4033,31,a1c1,-325,,325.000000,0.000000,17.479230,0.000000,0.000000,17.479230
lichess_db_broadcast_2022-11_4033,31,a1d1,-239,,239.000000,0.000000,12.508027,0.000000,0.000000,12.508027
lichess_db_broadcast_2022-11_4033,31,a3a4,-176,,176.000000,0.000000,2.930312,0.000000,0.000000,2.930312
lichess_db_broadcast_2022-11_4033,31,d2a5,205,,-205.000000,0.000000,-15.046388,3.960000,-3.960000,-19.006388
lichess_db_broadcast_2022-11_4033,31,d2b4,153,,-153.000000,0.000000,-11.034980,1.400000,-1.400000,-12.434980
lichess_db_broadcast_2022-11_4033,31,d2c1,284,,-284.000000,0.000000,10.688593,0.000000,0.000000,10.688593
lichess_db_broadcast_2022-11_4033,31,d2c3,660,,-660.000000,0.000000,-13.072107,0.000000,0.000000,-13.072107
lichess_db_broadcast_2022-11_4033,31,d2e3,344,,-344.000000,0.000000,13.243551,1.400000,-1.400000,11.843551
lichess_db_broadcast_2022-11_4033,31,e1e2,24,,-24.000000,0.000000,-9.937971,0.000000,0.000000,-9.937971
lichess_db_broadcast_2022-11_4033,31,f1a6,-226,,226.000000,0.000000,-7.158646,0.000000,0.000000,-7.158646
lichess_db_broadcast_2022-11_4033,31,f1b5,-82,,82.000000,0.000000,-10.860328,0.000000,0.000000,-10.860328
lichess_db_broadcast_2022-11_4033,31,f1c4,164,,-164.000000,0.000000,-10.962346,2.560000,-2.560000,-13.522346
lichess_db_broadcast_2022-11_4033,31,f1d3,182,,-182.000000,0.000000,-14.120233,0.000000,0.000000,-14.120233
lichess_db_broadcast_2022-11_4033,31,f1e2,-232,,232.000000,0.000000,-8.105453,0.000000,0.000000,-8.105453
lichess_db_broadcast_2022-11_4033,31,f2f3,-204,,204.000000,0.000000,-1.487124,0.000000,0.000000,-1.487124
lichess_db_broadcast_2022-11_4033,31,f4e3,420,,-420.000000,0.000000,14.534456,6.800000,-6.800000,7.734456
lichess_db_broadcast_2022-11_4033,31,f4e4,503,,-503.000000,0.000000,29.429615,7.960000,-7.960000,21.469615
lichess_db_broadcast_2022-11_4033,31,f4f3,9,,-9.000000,0.000000,-16.451996,0.000000,0.000000,-16.451996
lichess_db_broadcast_2022-11_4033,31,f4f5,318,,-318.000000,-6.800000,54.917118,7.960000,-14.760000,40.157118
lichess_db_broadcast_2022-11_4033,31,f4g3,440,,-440.000000,0.000000,-17.211987,10.200000,-10.200000,-27.411987
lichess_db_broadcast_2022-11_4033,31,f4g4,366,,-366.000000,0.000000,-23.755465,3.400000,-3.400000,-27.155465
lichess_db_broadcast_2022-11_4033,31,f4g5,282,,-282.000000,0.000000,-14.265474,3.400000,-3.400000,-17.665474
lichess_db_broadcast_2022-11_4033,31,f4h2,28,,-28.000000,0.000000,20.837248,0.000000,0.000000,20.837248
lichess_db_broadcast_2022-11_4033,31,f4h4,348,,-348.000000,0.000000,23.260565,6.800000,-6.800000,16.460565
lichess_db_broadcast_2022-11_4033,31,g1e2,-300,,300.000000,0.000000,-6.293633,0.000000,0.000000,-6.293633
lichess_db_broadcast_2022-11_4033,31,g1f3,-266,,266.000000,0.000000,6.952991,0.000000,0.000000,6.952991
lichess_db_broadcast_2022-11_4033,31,g1h3,-136,,136.000000,0.000000,-4.240046,0.000000,0.000000,-4.240046
lichess_db_broadcast_2022-11_4033,31,g2g3,-197,,197.000000,0.000000,2.198588,0.000000,0.000000,2.198588
lichess_db_broadcast_2022-11_4033,31,g2g4,-225,,225.000000,0.000000,2.272238,0.000000,0.000000,2.272238
lichess_db_broadcast_2022-11_4033,31,h1h2,-188,,188.000000,0.000000,20.967238,0.000000,0.000000,20.967238
lichess_db_broadcast_2022-11_4033,31,h1h3,-257,,257.000000,0.000000,-17.147224,0.000000,0.000000,-17.147224
lichess_db_broadcast_2022-11_4033,31,h1h4,19,,-19.000000,0.000000,17.898227,3.400000,-3.400000,14.498227
lichess_db_broadcast_2022-11_4033,31,h1h5,-206,,206.000000,0.000000,-16.706221,0.000000,0.000000,-16.706221
lichess_db_broadcast_2022-11_4033,31,h6h7,-338,,338.000000,0.000000,-3.498741,0.000000,0.000000,-3.498741
lichess_db_broadcast_2022-11_4052,56,a6a5,158,,-158.000000,0.000000,1.590355,0.000000,0.000000,1.590355
lichess_db_broadcast_2022-11_4052,56,b7b5,214,,-214.000000,0.000000,1.942350,0.000000,0.000000,1.942350
lichess_db_broadcast_2022-11_4052,56,b7b6,241,,-241.000000,0.000000,2.149722,0.000000,0.000000,2.149722
lichess_db_broadcast_2022-11_4052,56,c7c5,237,,-237.000000,0.000000,-2.424706,0.000000,0.000000,-2.424706
lichess_db_broadcast_2022-11_4052,56,c7c6,292,,-292.000000,0.000000,2.493861,0.000000,0.000000,2.493861
lichess_db_broadcast_2022-11_4052,56,c8a8,263,,-263.000000,0.000000,-0.540914,0.000000,0.000000,-0.540914
lichess_db_broadcast_2022-11_4052,56,c8b8,251,,-251.000000,0.000000,-0.540914,0.000000,0.000000,-0.540914
lichess_db_broadcast_2022-11_4052,56,c8d8,596,,-596.000000,0.000000,4.757154,0.000000,0.000000,4.757154
lichess_db_broadcast_2022-11_4052,56,c8e8,220,,-220.000000,0.000000,2.251733,0.000000,0.000000,2.251733
lichess_db_broadcast_2022-11_4052,56,c8f8,245,,-245.000000,0.000000,-0.490016,0.000000,0.000000,-0.490016
lichess_db_broadcast_2022-11_4052,56,c8g8,245,,-245.000000,0.000000,-0.609036,0.000000,0.000000,-0.609036
lichess_db_broadcast_2022-11_4052,56,c8h8,536,,-536.000000,0.000000,5.492448,0.000000,0.000000,5.492448
lichess_db_broadcast_2022-11_4052,56,e6b6,145,,-145.000000,0.000000,-3.130332,0.000000,0.000000,-3.130332
lichess_db_broadcast_2022-11_4052,56,e6c6,102,,-102.000000,0.000000,4.683899,0.000000,0.000000,4.683899
lichess_db_broadcast_2022-11_4052,56,e6d6,68,,-68.000000,0.000000,-3.142993,0.000000,0.000000,-3.142993
lichess_db_broadcast_2022-11_4052,56,e6e7,328,,-328.000000,0.000000,5.447531,0.000000,0.000000,5.447531
lichess_db_broadcast_2022-11_4052,56,e6e8,213,,-213.000000,0.000000,5.239793,0.000000,0.000000,5.239793
lichess_db_broadcast_2022-11_4052,56,g6g5,311,,-311.000000,0.000000,-1.842067,0.000000,0.000000,-1.842067
lichess_db_broadcast_2022-11_4092,30,d7f6,74,,-74.000000,0.000000,-49.106227,0.000000,0.000000,-49.106227
lichess_db_broadcast_2022-11_4092,30,e7f6,65,,-65.000000,-6.800000,-52.864970,0.000000,-6.800000,-59.664970
lichess_db_broadcast_2022-11_4092,30,g7f6,140,,-140.000000,1.160000,-49.173028,0.000000,1.160000,-48.013028
lichess_db_broadcast_2022-11_4092,30,g8h8,,1,-9990.000000,0.000000,-3.375197,0.000000,0.000000,-3.375197
lichess_db_broadcast_2022-11_4092,52,a5a4,368,,-368.000000,0.000000,2.161216,0.000000,0.000000,2.161216
lichess_db_broadcast_2022-11_4092,52,c6c5,466,,-466.000000,0.000000,2.198071,0.000000,0.000000,2.198071
lichess_db_broadcast_2022-11_4092,52,c8a8,405,,-405.000000,0.000000,-12.961486,0.000000,0.000000,-12.961486
lichess_db_broadcast_2022-11_4092,52,c8b8,429,,-429.000000,0.000000,-10.268942,0.000000,0.000000,-10.268942
lichess_db_broadcast_2022-11_4092,52,c8c7,632,,-632.000000,0.000000,-9.079943,4.560000,-4.560000,-13.639943
lichess_db_broadcast_2022-11_4092,52,c8d8,378,,-378.000000,0.000000,-10.423423,0.000000,0.000000,-10.423423
lichess_db_broadcast_2022-11_4092,52,c8e8,494,,-494.000000,0.000000,-10.392240,0.000000,0.000000,-10.392240
lichess_db_broadcast_2022-11_4092,52,d5b4,653,,-653.000000,0.000000,3.222205,1.160000,-1.160000,2.062205
lichess_db_broadcast_2022-11_4092,52,d5b6,435,,-435.000000,0.000000,-3.499340,0.000000,0.000000,-3.499340
lichess_db_broadcast_2022-11_4092,52,d5c3,647,,-647.000000,0.000000,3.955869,0.000000,0.000000,3.955869
lichess_db_broadcast_2022-11_4092,52,d5c7,583,,-583.000000,0.000000,1.490103,1.160000,-1.160000,0.330103
lichess_db_broadcast_2022-11_4092,52,d5e3,619,,-619.000000,0.000000,-9.961364,1.160000,-1.160000,-11.121364
lichess_db_broadcast_2022-11_4092,52,d5e7,579,,-579.000000,0.000000,-5.763841,1.160000,-1.160000,-6.923841
lichess_db_broadcast_2022-11_4092,52,d5f4,620,,-620.000000,0.000000,3.247811,1.160000,-1.160000,2.087811
lichess_db_broadcast_2022-11_4092,52,d5f6,446,,-446.000000,0.000000,-4.573217,0.000000,0.000000,-4.573217
lichess_db_broadcast_2022-11_4092,52,e6e5,534,,-534.000000,0.000000,-2.181455,0.000000,0.000000,-2.181455
lichess_db_broadcast_2022-11_4092,52,f7f5,584,,-584.000000,0.000000,-2.314513,0.000000,0.000000,-2.314513
lichess_db_broadcast_2022-11_4092,52,f7f6,611,,-611.000000,0.000000,-2.462152,0.000000,0.000000,-2.462152
lichess_db_broadcast_2022-11_4092,52,f8d6,246,,-246.000000,-7.960000,22.962157,0.000000,-7.960000,15.002157
lichess_db_broadcast_2022-11_4092,52,f8d8,359,,-359.000000,0.000000,-11.785466,0.000000,0.000000,-11.785466
lichess_db_broadcast_2022-11_4092,52,f8e7,826,,-826.000000,0.000000,-16.213713,7.960000,-7.960000,-24.173713
lichess_db_broadcast_2022-11_4092,52,f8e8,374,,-374.000000,0.000000,-12.457530,0.000000,0.000000,-12.457530
lichess_db_broadcast_2022-11_4092,52,g7g5,521,,-521.000000,0.000000,-2.321281,0.000000,0.000000,-2.321281
lichess_db_broadcast_2022-11_4092,52,g7g6,487,,-487.000000,0.000000,-2.714852,0.000000,0.000000,-2.714852
lichess_db_broadcast_2022-11_4092,52,g8h8,518,,-518.000000,0.000000,-5.776891,0.000000,0.000000,-5.776891
lichess_db_broadcast_2022-11_4092,52,h7h5,425,,-425.000000,0.000000,-2.247238,0.000000,0.000000,-2.247238
lichess_db_broadcast_2022-11_4092,52,h7h6,467,,-467.000000,0.000000,3.195196,0.000000,0.000000,3.195196
lichess_db_broadcast_2022-11_4234,71,a1a2,607,,-607.000000,0.000000,-5.305984,2.000000,-2.000000,-7.305984
lichess_db_broadcast_2022-11_4234,71,a1a3,588,,-588.000000,0.000000,0.606132,0.000000,0.000000,0.606132
lichess_db_broadcast_2022-11_4234,71,a1a4,474,,-474.000000,0.000000,3.606162,0.000000,0.000000,3.606162
lichess_db_broadcast_2022-11_4234,71,a1a5,588,,-588.000000,0.000000,-1.396798,0.000000,0.000000,-1.396798
lichess_db_broadcast_2022-11_4234,71,a1a6,542,,-542.000000,-4.560000,22.152667,2.000000,-6.560000,15.592667
lichess_db_broadcast_2022-11_4234,71,a1b1,742,,-742.000000,0.000000,-11.925157,0.000000,0.000000,-11.925157
lichess_db_broadcast_2022-11_4234,71,a1c1,103,,-103.000000,0.000000,-0.778673,0.000000,0.000000,-0.778673
lichess_db_broadcast_2022-11_4234,71,a1d1,149,,-149.000000,0.000000,3.784042,0.000000,0.000000,3.784042
lichess_db_broadcast_2022-11_4234,71,a1e1,187,,-187.000000,0.000000,3.977120,0.000000,0.000000,3.977120
lichess_db_broadcast_2022-11_4234,71,a1f1,527,,-527.000000,0.000000,6.168400,2.000000,-2.000000,4.168400
lichess_db_broadcast_2022-11_4234,71,d6a6,510,,-510.000000,-4.560000,23.182500,2.000000,-6.560000,16.622500
lichess_db_broadcast_2022-11_4234,71,d6b6,566,,-566.000000,0.000000,-11.246967,4.560000,-4.560000,-15.806967
lichess_db_broadcast_2022-11_4234,71,d6c6,575,,-575.000000,0.000000,-10.411563,0.000000,0.000000,-10.411563
lichess_db_broadcast_2022-11_4234,71,d6d1,78,,-78.000000,0.000000,7.389356,0.000000,0.000000,7.389356
lichess_db_broadcast_2022-11_4234,71,d6d2,103,,-103.000000,0.000000,3.748413,0.000000,0.000000,3.748413
lichess_db_broadcast_2022-11_4234,71,d6d3,588,,-588.000000,0.000000,-5.652605,2.000000,-2.000000,-7.652605
lichess_db_broadcast_2022-11_4234,71,d6d4,96,,-96.000000,0.000000,3.921743,0.000000,0.000000,3.921743
lichess_db_broadcast_2022-11_4234,71,d6d5,568,,-568.000000,0.000000,-12.783107,2.000000,-2.000000,-14.783107
lichess_db_broadcast_2022-11_4234,71,d6d7,583,,-583.000000,0.000000,11.975266,0.000000,0.000000,11.975266
lichess_db_broadcast_2022-11_4234,71,d6d8,178,,-178.000000,0.000000,-0.954478,0.000000,0.000000,-0.954478
lichess_db_broadcast_2022-11_4234,71,d6e6,521,,-521.000000,0.000000,-5.422794,6.560000,-6.560000,-11.982794
lichess_db_broadcast_2022-11_4234,71,d6f6,517,,-517.000000,0.000000,-5.371027,2.900000,-2.900000,-8.271027
lichess_db_broadcast_2022-11_4234,71,d6g6,493,,-493.000000,-4.560000,17.186596,12.020000,-16.580000,0.606596
lichess_db_broadcast_2022-11_4234,71,f3d2,143,,-143.000000,0.000000,4.079731,0.000000,0.000000,4.079731
lichess_db_broadcast_2022-11_4234,71,f3d4,227,,-227.000000,0.000000,4.208522,0.000000,0.000000,4.208522
lichess_db_broadcast_2022-11_4234,71,f3e1,254,,-254.000000,0.000000,4.568436,0.000000,0.000000,4.568436
lichess_db_broadcast_2022-11_4234,71,f3e5,177,,-177.000000,0.000000,5.098795,0.000000,0.000000,5.098795
lichess_db_broadcast_2022-11_4234,71,f3g5,241,,-241.000000,0.000000,4.095930,0.000000,0.000000,4.095930
lichess_db_broadcast_2022-11_4234,71,f3h2,269,,-269.000000,0.000000,4.286460,0.000000,0.000000,4.286460
lichess_db_broadcast_2022-11_4234,71,f3h4,269,,-269.000000,0.000000,4.190397,0.000000,0.000000,4.190397
lichess_db_broadcast_2022-11_4234,71,g1h1,246,,-246.000000,0.000000,-5.125977,0.000000,0.000000,-5.125977
lichess_db_broadcast_2022-11_4234,71,g1h2,287,,-287.000000,0.000000,2.543976,0.000000,0.000000,2.543976
lichess_db_broadcast_2022-11_4234,71,g2g3,510,,-510.000000,0.000000,2.120845,0.000000,0.000000,2.120845
lichess_db_broadcast_2022-11_4234,71,g2g4,502,,-502.000000,0.000000,2.225289,0.000000,0.000000,2.225289
lichess_db_broadcast_2022-11_4234,71,h3h4,132,,-132.000000,0.000000,1.122929,0.000000,0.000000,1.122929
lichess_db_broadcast_2022-11_4239,17,a2a3,450,,-450.000000,0.000000,-1.481984,0.000000,0.000000,-1.481984
lichess_db_broadcast_2022-11_4239,17,a2a4,439,,-439.000000,0.000000,1.727431,0.000000,0.000000,1.727431
lichess_db_broadcast_2022-11_4239,17,b1a3,434,,-434.000000,0.000000,-4.229694,0.000000,0.000000,-4.229694
lichess_db_broadcast_2022-11_4239,17,b1c3,426,,-426.000000,0.000000,-7.057072,0.000000,0.000000,-7.057072
lichess_db_broadcast_2022-11_4239,17,b1d2,455,,-455.000000,0.000000,-4.866558,0.000000,0.000000,-4.866558
lichess_db_broadcast_2022-11_4239,17,b3b4,465,,-465.000000,0.000000,-1.992000,0.000000,0.000000,-1.992000
lichess_db_broadcast_2022-11_4239,17,c1a3,524,,-524.000000,0.000000,-6.627545,0.000000,0.000000,-6.627545
lichess_db_broadcast_2022-11_4239,17,c1b2,391,,-391.000000,0.000000,-9.755144,0.000000,0.000000,-9.755144
lichess_db_broadcast_2022-11_4239,17,c1d2,463,,-463.000000,0.000000,-5.972790,0.000000,0.000000,-5.972790
lichess_db_broadcast_2022-11_4239,17,c2c3,446,,-446.000000,0.000000,-1.817673,0.000000,0.000000,-1.817673
lichess_db_broadcast_2022-11_4239,17,c2c4,359,,-359.000000,0.000000,-1.747758,0.000000,0.000000,-1.747758
lichess_db_broadcast_2022-11_4239,17,d1d2,410,,-410.000000,0.000000,-19.960344,0.000000,0.000000,-19.960344
lichess_db_broadcast_2022-11_4239,17,d1d3,413,,-413.000000,0.000000,-19.729945,0.000000,0.000000,-19.729945
lichess_db_broadcast_2022-11_4239,17,d1d4,7,,-7.000000,-6.800000,-56.104737,0.000000,-6.800000,-62.904737
lichess_db_broadcast_2022-11_4239,17,d1e1,556,,-556.000000,0.000000,22.269668,0.000000,0.000000,22.269668
lichess_db_broadcast_2022-11_4239,17,d1e2,961,,-961.000000,0.000000,27.160844,6.800000,-6.800000,20.360844
lichess_db_broadcast_2022-11_4239,17,d1f3,811,,-811.000000,0.000000,24.698484,6.800000,-6.800000,17.898484
lichess_db_broadcast_2022-11_4239,17,d1g4,763,,-763.000000,0.000000,26.207959,6.800000,-6.800000,19.407959
lichess_db_broadcast_2022-11_4239,17,d1h5,770,,-770.000000,0.000000,31.860985,6.800000,-6.800000,25.060985
lichess_db_broadcast_2022-11_4239,17,e3d4,31,,-31.000000,1.160000,-49.319800,0.000000,1.160000,-48.159800
lichess_db_broadcast_2022-11_4239,17,e3e4,464,,-464.000000,0.000000,-1.658965,0.000000,0.000000,-1.658965
lichess_db_broadcast_2022-11_4239,17,f1e1,424,,-424.000000,0.000000,12.726531,0.000000,0.000000,12.726531
lichess_db_broadcast_2022-11_4239,17,f2f3,494,,-494.000000,0.000000,2.191203,0.000000,0.000000,2.191203
lichess_db_broadcast_2022-11_4239,17,f2f4,505,,-505.000000,0.000000,-1.353536,0.000000,0.000000,-1.353536
lichess_db_broadcast_2022-11_4239,17,g1h1,462,,-462.000000,0.000000,-4.925565,0.000000,0.000000,-4.925565
lichess_db_broadcast_2022-11_4239,17,g2d5,509,,-509.000000,-2.560000,19.811381,3.960000,-6.520000,13.291381
lichess_db_broadcast_2022-11_4239,17,g2e4,604,,-604.000000,0.000000,6.102314,3.960000,-3.960000,2.142314
lichess_db_broadcast_2022-11_4239,17,g2f3,613,,-613.000000,0.000000,7.111175,1.400000,-1.400000,5.711175
lichess_db_broadcast_2022-11_4239,17,g2h1,464,,-464.000000,0.000000,9.746198,0.000000,0.000000,9.746198
lichess_db_broadcast_2022-11_4239,17,g2h3,477,,-477.000000,0.000000,-5.624794,0.000000,0.000000,-5.624794
lichess_db_broadcast_2022-11_4239,17,g3g4,423,,-423.000000,0.000000,2.045371,0.000000,0.000000,2.045371
lichess_db_broadcast_2022-11_4239,17,h2h3,420,,-420.000000,0.000000,-1.694161,0.000000,0.000000,-1.694161
lichess_db_broadcast_2022-11_4239,17,h2h4,436,,-436.000000,0.000000,-2.090960,0.000000,0.000000,-2.090960
lichess_db_broadcast_2022-11_4239,48,a7a5,48,,-48.000000,0.000000,-1.900243,0.000000,0.000000,-1.900243
lichess_db_broadcast_2022-11_4239,48,a7a6,150,,-150.000000,0.000000,1.840350,0.000000,0.000000,1.840350
lichess_db_broadcast_2022-11_4239,48,b6b5,531,,-531.000000,0.000000,2.265903,0.000000,0.000000,2.265903
lichess_db_broadcast_2022-11_4239,48,c5a4,462,,-462.000000,0.000000,-3.762777,1.160000,-1.160000,-4.922777
lichess_db_broadcast_2022-11_4239,48,c5a6,153,,-153.000000,0.000000,-3.592097,0.000000,0.000000,-3.592097
lichess_db_broadcast_2022-11_4239,48,c5b3,470,,-470.000000,-1.160000,16.555588,0.000000,-1.160000,15.395588
lichess_db_broadcast_2022-11_4239,48,c5b7,28,,-28.000000,0.000000,3.847361,0.000000,0.000000,3.847361
lichess_db_broadcast_2022-11_4239,48,c5d3,509,,-509.000000,0.000000,6.286976,0.000000,0.000000,6.286976
lichess_db_broadcast_2022-11_4239,48,c5e4,474,,-474.000000,0.000000,6.479896,0.000000,0.000000,6.479896
lichess_db_broadcast_2022-11_4239,48,d7b7,504,,-504.000000,0.000000,4.802963,3.400000,-3.400000,1.402963
lichess_db_broadcast_2022-11_4239,48,d7c7,398,,-398.000000,0.000000,-7.044648,0.000000,0.000000,-7.044648
lichess_db_broadcast_2022-11_4239,48,d7d6,252,,-252.000000,-3.400000,49.204136,4.560000,-7.960000,41.244136
lichess_db_broadcast_2022-11_4239,48,d7e7,200,,-200.000000,0.000000,-5.138183,0.000000,0.000000,-5.138183
lichess_db_broadcast_2022-11_4239,48,d8a8,129,,-129.000000,0.000000,-3.754515,0.000000,0.000000,-3.754515
lichess_db_broadcast_2022-11_4239,48,d8b8,125,,-125.000000,0.000000,-3.252740,0.000000,0.000000,-3.252740
lichess_db_broadcast_2022-11_4239,48,d8c8,474,,-474.000000,0.000000,6.848439,3.400000,-3.400000,3.448439
lichess_db_broadcast_2022-11_4239,48,d8e8,462,,-462.000000,0.000000,4.821197,3.400000,-3.400000,1.421197
lichess_db_broadcast_2022-11_4239,48,d8f8,124,,-124.000000,0.000000,-4.083071,0.000000,0.000000,-4.083071
lichess_db_broadcast_2022-11_4239,48,f7f5,39,,-39.000000,0.000000,-1.755628,0.000000,0.000000,-1.755628
lichess_db_broadcast_2022-11_4239,48,f7f6,94,,-94.000000,0.000000,1.938316,0.000000,0.000000,1.938316
lichess_db_broadcast_2022-11_4239,48,g7g5,119,,-119.000000,0.000000,-1.739453,0.000000,0.000000,-1.739453
lichess_db_broadcast_2022-11_4239,48,g7g6,169,,-169.000000,0.000000,2.237805,0.000000,0.000000,2.237805
lichess_db_broadcast_2022-11_4239,48,g8f8,114,,-114.000000,0.000000,-0.840720,0.000000,0.000000,-0.840720
lichess_db_broadcast_2022-11_4239,48,g8h7,81,,-81.000000,0.000000,2.533642,0.000000,0.000000,2.533642
lichess_db_broadcast_2022-11_4239,48,g8h8,114,,-114.000000,0.000000,-0.680062,0.000000,0.000000,-0.680062
lichess_db_broadcast_2022-11_4239,48,h6h5,131,,-131.000000,0.000000,1.764897,0.000000,0.000000,1.764897
lichess_db_broadcast_2022-11_4249,64,a7a5,-28,,28.000000,0.000000,2.592033,0.000000,0.000000,2.592033
lichess_db_broadcast_2022-11_4249,64,a7a6,63,,-63.000000,0.000000,2.608493,0.000000,0.000000,2.608493
lichess_db_broadcast_2022-11_4249,64,b6b5,-40,,40.000000,0.000000,-2.985096,0.000000,0.000000,-2.985096
lichess_db_broadcast_2022-11_4249,64,c7b8,-29,,29.000000,0.000000,7.507330,0.000000,0.000000,7.507330
lichess_db_broadcast_2022-11_4249,64,c7d8,8,,-8.000000,0.000000,7.879896,0.000000,0.000000,7.879896
lichess_db_broadcast_2022-11_4249,64,d5d4,40,,-40.000000,0.000000,-1.658942,0.000000,0.000000,-1.658942
lichess_db_broadcast_2022-11_4249,64,d6a3,616,,-616.000000,0.000000,-17.340400,7.960000,-7.960000,-25.300400
lichess_db_broadcast_2022-11_4249,64,d6b4,599,,-599.000000,0.000000,20.714319,7.960000,-7.960000,12.754319
lichess_db_broadcast_2022-11_4249,64,d6c5,-32,,32.000000,0.000000,-15.304213,0.000000,0.000000,-15.304213
lichess_db_broadcast_2022-11_4249,64,d6c6,577,,-577.000000,0.000000,-18.738774,5.400000,-5.400000,-24.138774
lichess_db_broadcast_2022-11_4249,64,d6d7,0,,-0.000000,0.000000,-10.292284,0.000000,0.000000,-10.292284
lichess_db_broadcast_2022-11_4249,64,d6d8,-20,,20.000000,0.000000,1.851254,0.000000,0.000000,1.851254
lichess_db_broadcast_2022-11_4249,64,d6e5,558,,-558.000000,0.000000,-13.701824,6.800000,-6.800000,-20.501824
lichess_db_broadcast_2022-11_4249,64,d6e6,-30,,30.000000,0.000000,-15.574867,0.000000,0.000000,-15.574867
lichess_db_broadcast_2022-11_4249,64,d6f4,-1,,1.000000,0.000000,11.800357,0.000000,0.000000,11.800357
lichess_db_broadcast_2022-11_4249,64,d6f6,-17,,17.000000,0.000000,-15.321590,0.000000,0.000000,-15.321590
lichess_db_broadcast_2022-11_4249,64,d6g3,-19,,19.000000,0.000000,-11.927563,0.000000,0.000000,-11.927563
lichess_db_broadcast_2022-11_4249,64,d6h2,556,,-556.000000,0.000000,17.906474,13.100000,-13.100000,4.806474
lichess_db_broadcast_2022-11_4249,64,e7c6,-21,,21.000000,0.000000,-3.496136,0.000000,0.000000,-3.496136
lichess_db_broadcast_2022-11_4249,64,e7c8,322,,-322.000000,0.000000,-5.186439,0.000000,0.000000,-5.186439
lichess_db_broadcast_2022-11_4249,64,e7f5,365,,-365.000000,0.000000,-6.734393,1.160000,-1.160000,-7.894393
lichess_db_broadcast_2022-11_4249,64,f7f5,33,,-33.000000,0.000000,1.760512,0.000000,0.000000,1.760512
lichess_db_broadcast_2022-11_4249,64,f7f6,-7,,7.000000,0.000000,2.398830,0.000000,0.000000,2.398830
lichess_db_broadcast_2022-11_4249,64,g6g5,58,,-58.000000,0.000000,2.495489,0.000000,0.000000,2.495489
lichess_db_broadcast_2022-11_4249,64,g8f8,-38,,38.000000,0.000000,4.307976,0.000000,0.000000,4.307976
lichess_db_broadcast_2022-11_4249,64,g8g7,-34,,34.000000,0.000000,3.323762,0.000000,0.000000,3.323762
lichess_db_broadcast_2022-11_4249,64,g8h8,-25,,25.000000,0.000000,-1.318011,0.000000,0.000000,-1.318011
lichess_db_broadcast_2022-11_4249,64,h7h5,11,,-11.000000,0.000000,-2.247238,0.000000,0.000000,-2.247238
lichess_db_broadcast_2022-11_4249,64,h7h6,16,,-16.000000,0.000000,3.771141,0.000000,0.000000,3.771141
lichess_db_broadcast_2022-11_4342,37,a2a3,0,,-0.000000,0.000000,-2.214970,0.000000,0.000000,-2.214970
lichess_db_broadcast_2022-11_4342,37,a2a4,-2,,2.000000,0.000000,1.564898,0.000000,0.000000,1.564898
lichess_db_broadcast_2022-11_4342,37,b2b3,11,,-11.000000,0.000000,1.435031,0.000000,0.000000,1.435031
lichess_db_broadcast_2022-11_4342,37,b2b4,60,,-60.000000,0.000000,-1.808941,0.000000,0.000000,-1.808941
lichess_db_broadcast_2022-11_4342,37,c1a1,18,,-18.000000,0.000000,-11.797149,0.000000,0.000000,-11.797149
lichess_db_broadcast_2022-11_4342,37,c1b1,20,,-20.000000,0.000000,-11.654890,0.000000,0.000000,-11.654890
lichess_db_broadcast_2022-11_4342,37,c2a4,691,,-691.000000,0.000000,-14.396053,7.960000,-7.960000,-22.356053
lichess_db_broadcast_2022-11_4342,37,c2b1,24,,-24.000000,0.000000,15.562647,0.000000,0.000000,15.562647
lichess_db_broadcast_2022-11_4342,37,c2b3,33,,-33.000000,0.000000,16.736059,0.000000,0.000000,16.736059
lichess_db_broadcast_2022-11_4342,37,c2c3,39,,-39.000000,0.000000,-11.996141,0.000000,0.000000,-11.996141
lichess_db_broadcast_2022-11_4342,37,c2c4,620,,-620.000000,0.000000,12.789539,7.960000,-7.960000,4.829539
lichess_db_broadcast_2022-11_4342,37,c2c5,570,,-570.000000,-7.960000,-27.221125,8.800000,-16.760000,-43.981125
lichess_db_broadcast_2022-11_4342,37,c2d2,47,,-47.000000,0.000000,33.022535,0.000000,0.000000,33.022535
lichess_db_broadcast_2022-11_4342,37,c2d3,38,,-38.000000,0.000000,13.500811,0.000000,0.000000,13.500811
lichess_db_broadcast_2022-11_4342,37,c2e4,529,,-529.000000,0.000000,16.312398,6.800000,-6.800000,9.512398
lichess_db_broadcast_2022-11_4342,37,c2f5,15,,-15.000000,0.000000,20.626999,0.000000,0.000000,20.626999
lichess_db_broadcast_2022-11_4342,37,c2g6,666,,-666.000000,0.000000,20.745864,15.920000,-15.920000,4.825864
lichess_db_broadcast_2022-11_4342,37,c2h7,603,,-603.000000,-7.960000,-24.433659,13.100000,-21.060000,-45.493659
lichess_db_broadcast_2022-11_4342,37,d1d2,16,,-16.000000,0.000000,14.374693,0.000000,0.000000,14.374693
lichess_db_broadcast_2022-11_4342,37,d1d3,33,,-33.000000,0.000000,-8.666088,0.000000,0.000000,-8.666088
lichess_db_broadcast_2022-11_4342,37,d1d4,428,,-428.000000,0.000000,-11.904500,4.560000,-4.560000,-16.464500
lichess_db_broadcast_2022-11_4342,37,d1e1,524,,-524.000000,0.000000,-8.412030,0.000000,0.000000,-8.412030
lichess_db_broadcast_2022-11_4342,37,d1f1,514,,-514.000000,0.000000,-9.313489,0.000000,0.000000,-9.313489
lichess_db_broadcast_2022-11_4342,37,d5a8,494,,-494.000000,0.000000,-4.868361,0.000000,0.000000,-4.868361
lichess_db_broadcast_2022-11_4342,37,d5b3,177,,-177.000000,0.000000,14.781190,0.000000,0.000000,14.781190
lichess_db_broadcast_2022-11_4342,37,d5b7,472,,-472.000000,0.000000,7.924013,0.000000,0.000000,7.924013
lichess_db_broadcast_2022-11_4342,37,d5c4,385,,-385.000000,0.000000,6.448462,2.560000,-2.560000,3.888462
lichess_db_broadcast_2022-11_4342,37,d5c6,531,,-531.000000,0.000000,8.578928,0.000000,0.000000,8.578928
lichess_db_broadcast_2022-11_4342,37,d5e4,22,,-22.000000,0.000000,12.994176,1.400000,-1.400000,11.594176
lichess_db_broadcast_2022-11_4342,37,d5e6,516,,-516.000000,0.000000,9.285197,2.560000,-2.560000,6.725197
lichess_db_broadcast_2022-11_4342,37,d5f3,-63,,63.000000,0.000000,8.202681,0.000000,0.000000,8.202681
lichess_db_broadcast_2022-11_4342,37,d5f7,431,,-431.000000,-2.560000,-16.679606,0.900000,-3.460000,-20.139606
lichess_db_broadcast_2022-11_4342,37,d5g2,-29,,29.000000,0.000000,6.618178,0.000000,0.000000,6.618178
lichess_db_broadcast_2022-11_4342,37,d5h1,-33,,33.000000,0.000000,4.315158,0.000000,0.000000,4.315158
lichess_db_broadcast_2022-11_4342,37,e2e3,15,,-15.000000,0.000000,1.954001,0.000000,0.000000,1.954001
lichess_db_broadcast_2022-11_4342,37,e2e4,-17,,17.000000,0.000000,1.624832,0.000000,0.000000,1.624832
lichess_db_broadcast_2022-11_4342,37,f2f3,51,,-51.000000,0.000000,-2.278332,0.000000,0.000000,-2.278332
lichess_db_broadcast_2022-11_4342,37,f4b8,446,,-446.000000,0.000000,-7.398610,0.000000,0.000000,-7.398610
lichess_db_broadcast_2022-11_4342,37,f4c7,461,,-461.000000,0.000000,11.501988,0.000000,0.000000,11.501988
lichess_db_broadcast_2022-11_4342,37,f4d2,447,,-447.000000,0.000000,8.190023,0.000000,0.000000,8.190023
lichess_db_broadcast_2022-11_4342,37,f4d6,469,,-469.000000,0.000000,-12.556255,0.000000,0.000000,-12.556255
lichess_db_broadcast_2022-11_4342,37,f4e3,31,,-31.000000,0.000000,-8.307188,0.000000,0.000000,-8.307188
lichess_db_broadcast_2022-11_4342,37,f4e5,21,,-21.000000,0.000000,-7.752444,0.000000,0.000000,-7.752444
lichess_db_broadcast_2022-11_4342,37,f4g5,20,,-20.000000,0.000000,-7.790293,0.000000,0.000000,-7.790293
lichess_db_broadcast_2022-11_4342,37,f4h6,409,,-409.000000,0.000000,-8.381375,2.560000,-2.560000,-10.941375
lichess_db_broadcast_2022-11_4342,37,g1f1,38,,-38.000000,0.000000,3.756831,0.000000,0.000000,3.756831
lichess_db_broadcast_2022-11_4342,37,g1g2,15,,-15.000000,0.000000,6.346901,0.000000,0.000000,6.346901
lichess_db_broadcast_2022-11_4342,37,g1h1,33,,-33.000000,0.000000,4.044565,0.000000,0.000000,4.044565
lichess_db_broadcast_2022-11_4342,37,g3g4,59,,-59.000000,0.000000,-1.538319,0.000000,0.000000,-1.538319
lichess_db_broadcast_2022-11_4342,37,h2h3,23,,-23.000000,0.000000,-1.902719,0.000000,0.000000,-1.902719
lichess_db_broadcast_2022-11_4342,37,h2h4,10,,-10.000000,0.000000,-2.047880,0.000000,0.000000,-2.047880
lichess_db_broadcast_2022-11_4425,81,b4b5,366,,-366.000000,0.000000,2.186918,0.000000,0.000000,2.186918
lichess_db_broadcast_2022-11_4425,81,c3c4,215,,-215.000000,0.000000,1.662195,0.000000,0.000000,1.662195
lichess_db_broadcast_2022-11_4425,81,d3a6,456,,-456.000000,-2.560000,16.522063,2.560000,-5.120000,11.402063
lichess_db_broadcast_2022-11_4425,81,d3b1,233,,-233.000000,0.000000,-4.780320,0.000000,0.000000,-4.780320
lichess_db_broadcast_2022-11_4425,81,d3b5,420,,-420.000000,0.000000,-6.997989,5.120000,-5.120000,-12.117989
lichess_db_broadcast_2022-11_4425,81,d3c2,282,,-282.000000,0.000000,-4.960209,0.000000,0.000000,-4.960209
lichess_db_broadcast_2022-11_4425,81,d3c4,438,,-438.000000,0.000000,4.826456,2.560000,-2.560000,2.266456
lichess_db_broadcast_2022-11_4425,81,d3e4,457,,-457.000000,0.000000,-4.918078,2.560000,-2.560000,-7.478078
lichess_db_broadcast_2022-11_4425,81,d3f5,104,,-104.000000,0.000000,-5.940491,0.900000,-0.900000,-6.840491
lichess_db_broadcast_2022-11_4425,81,d3g6,487,,-487.000000,0.000000,-7.580073,0.900000,-0.900000,-8.480073
lichess_db_broadcast_2022-11_4425,81,d3h7,378,,-378.000000,0.000000,-4.374367,0.000000,0.000000,-4.374367
lichess_db_broadcast_2022-11_4425,81,e1a1,455,,-455.000000,0.000000,4.721581,0.000000,0.000000,4.721581
lichess_db_broadcast_2022-11_4425,81,e1b1,488,,-488.000000,0.000000,7.114127,0.000000,0.000000,7.114127
lichess_db_broadcast_2022-11_4425,81,e1c1,446,,-446.000000,0.000000,4.622798,0.000000,0.000000,4.622798
lichess_db_broadcast_2022-11_4425,81,e1d1,488,,-488.000000,0.000000,6.250161,0.000000,0.000000,6.250161
lichess_db_broadcast_2022-11_4425,81,e1f1,498,,-498.000000,0.000000,9.449027,0.000000,0.000000,9.449027
lichess_db_broadcast_2022-11_4425,81,e1g1,518,,-518.000000,0.000000,6.600540,0.000000,0.000000,6.600540
lichess_db_broadcast_2022-11_4425,81,e1h1,503,,-503.000000,0.000000,6.450711,0.000000,0.000000,6.450711
lichess_db_broadcast_2022-11_4425,81,e2a2,508,,-508.000000,0.000000,-7.269120,0.000000,0.000000,-7.269120
lichess_db_broadcast_2022-11_4425,81,e2b2,502,,-502.000000,0.000000,-7.380262,0.000000,0.000000,-7.380262
lichess_db_broadcast_2022-11_4425,81,e2c2,533,,-533.000000,0.000000,5.748554,0.000000,0.000000,5.748554
lichess_db_broadcast_2022-11_4425,81,e2d2,504,,-504.000000,0.000000,-7.369815,0.000000,0.000000,-7.369815
lichess_db_broadcast_2022-11_4425,81,e2f2,540,,-540.000000,0.000000,9.341899,0.000000,0.000000,9.341899
lichess_db_broadcast_2022-11_4425,81,e3c2,224,,-224.000000,0.000000,3.940471,0.000000,0.000000,3.940471
lichess_db_broadcast_2022-11_4425,81,e3c4,464,,-464.000000,0.000000,4.009450,1.160000,-1.160000,2.849450
lichess_db_broadcast_2022-11_4425,81,e3d1,272,,-272.000000,0.000000,-2.020976,0.000000,0.000000,-2.020976
lichess_db_broadcast_2022-11_4425,81,e3d5,447,,-447.000000,-1.160000,16.366668,1.160000,-2.320000,14.046668
lichess_db_broadcast_2022-11_4425,81,e3f1,279,,-279.000000,0.000000,3.326704,0.000000,0.000000,3.326704
lichess_db_broadcast_2022-11_4425,81,e3f5,271,,-271.000000,0.000000,4.001314,0.000000,0.000000,4.001314
lichess_db_broadcast_2022-11_4425,81,f3f4,209,,-209.000000,0.000000,-1.568034,0.000000,0.000000,-1.568034
lichess_db_broadcast_2022-11_4425,81,g2f1,127,,-127.000000,0.000000,5.993103,0.000000,0.000000,5.993103
lichess_db_broadcast_2022-11_4425,81,g2f2,198,,-198.000000,0.000000,8.673957,0.000000,0.000000,8.673957
lichess_db_broadcast_2022-11_4425,81,g2g1,214,,-214.000000,0.000000,3.406294,0.000000,0.000000,3.406294
lichess_db_broadcast_2022-11_4425,81,g2h1,266,,-266.000000,0.000000,3.406294,0.000000,0.000000,3.406294
lichess_db_broadcast_2022-11_4425,81,g2h2,543,,-543.000000,0.000000,-2.983501,0.000000,0.000000,-2.983501
lichess_db_broadcast_2022-11_4425,105,b4b5,313,,-313.000000,0.000000,1.562493,0.000000,0.000000,1.562493
lichess_db_broadcast_2022-11_4425,105,c1a2,315,,-315.000000,0.000000,2.057190,0.000000,0.000000,2.057190
lichess_db_broadcast_2022-11_4425,105,c1b3,12,,-12.000000,0.000000,-1.974916,0.000000,0.000000,-1.974916
lichess_db_broadcast_2022-11_4425,105,c1d3,12,,-12.000000,0.000000,2.741237,0.000000,0.000000,2.741237
lichess_db_broadcast_2022-11_4425,105,c1e2,84,,-84.000000,0.000000,-2.190149,0.000000,0.000000,-2.190149
lichess_db_broadcast_2022-11_4425,105,c3c4,589,,-589.000000,0.000000,1.087955,0.000000,0.000000,1.087955
lichess_db_broadcast_2022-11_4425,105,f3e2,543,,-543.000000,0.000000,2.689197,0.000000,0.000000,2.689197
lichess_db_broadcast_2022-11_4425,105,f3g2,581,,-581.000000,0.000000,-1.994393,0.000000,0.000000,-1.994393
lichess_db_broadcast_2022-11_4425,105,g4g5,601,,-601.000000,0.000000,1.615079,0.000000,0.000000,1.615079
lichess_db_broadcast_2022-11_4425,125,e2c1,385,,-385.000000,0.000000,-0.452808,0.000000,0.000000,-0.452808
lichess_db_broadcast_2022-11_4425,125,e2c3,390,,-390.000000,0.000000,1.092354,0.000000,0.000000,1.092354
lichess_db_broadcast_2022-11_4425,125,e2f4,363,,-363.000000,0.000000,1.493331,0.000000,0.000000,1.493331
lichess_db_broadcast_2022-11_4425,125,e2g1,407,,-407.000000,0.000000,1.760076,0.000000,0.000000,1.760076
lichess_db_broadcast_2022-11_4425,125,e2g3,783,,-783.000000,0.000000,1.194344,1.160000,-1.160000,0.034344
lichess_db_broadcast_2022-11_4425,125,f5f4,208,,-208.000000,0.000000,1.132021,0.000000,0.000000,1.132021
lichess_db_broadcast_2022-11_4425,125,f5f6,323,,-323.000000,0.000000,-0.000000,0.000000,0.000000,-0.000000
lichess_db_broadcast_2022-11_4425,125,f5g4,287,,-287.000000,0.000000,0.000000,0.000000,0.000000,0.000000
lichess_db_broadcast_2022-11_4425,125,f5g5,338,,-338.000000,0.000000,0.691215,0.000000,0.000000,0.691215
lichess_db_broadcast_2022-11_4425,125,f5g6,377,,-377.000000,0.000000,-0.000000,0.000000,0.000000,-0.000000
lichess_db_broadcast_2022-11_4425,163,f6e7,507,,-507.000000,0.000000,2.259106,0.000000,0.000000,2.259106
lichess_db_broadcast_2022-11_4425,163,f6f7,368,,-368.000000,0.000000,2.259106,0.000000,0.000000,2.259106
lichess_db_broadcast_2022-11_4425,187,e8d7,481,,-481.000000,0.000000,4.818871,0.000000,0.000000,4.818871
lichess_db_broadcast_2022-11_4425,187,e8d8,456,,-456.000000,0.000000,4.843645,0.000000,0.000000,4.843645
lichess_db_broadcast_2022-11_4425,187,e8f7,374,,-374.000000,0.000000,4.626660,0.000000,0.000000,4.626660
lichess_db_broadcast_2022-11_4425,187,e8f8,392,,-392.000000,0.000000,4.626660,0.000000,0.000000,4.626660
lichess_db_broadcast_2022-11_4457,11,a2a3,160,,-160.000000,0.000000,-1.475360,0.000000,0.000000,-1.475360
lichess_db_broadcast_2022-11_4457,11,a2a4,169,,-169.000000,0.000000,1.727431,0.000000,0.000000,1.727431
lichess_db_broadcast_2022-11_4457,11,b1a3,126,,-126.000000,0.000000,-4.692462,0.000000,0.000000,-4.692462
lichess_db_broadcast_2022-11_4457,11,b1c3,86,,-86.000000,0.000000,-7.607264,0.000000,0.000000,-7.607264
lichess_db_broadcast_2022-11_4457,11,b2b3,95,,-95.000000,0.000000,1.891664,0.000000,0.000000,1.891664
lichess_db_broadcast_2022-11_4457,11,b2b4,110,,-110.000000,0.000000,-1.449501,0.000000,0.000000,-1.449501
lichess_db_broadcast_2022-11_4457,11,c4c5,228,,-228.000000,0.000000,-1.531923,0.000000,0.000000,-1.531923
lichess_db_broadcast_2022-11_4457,11,c4d5,-23,,23.000000,0.000000,16.952797,0.000000,0.000000,16.952797
lichess_db_broadcast_2022-11_4457,11,d1a4,194,,-194.000000,0.000000,28.584994,0.000000,0.000000,28.584994
lichess_db_broadcast_2022-11_4457,11,d1b3,162,,-162.000000,0.000000,33.899329,0.000000,0.000000,33.899329
lichess_db_broadcast_2022-11_4457,11,d1c2,146,,-146.000000,0.000000,34.842592,0.000000,0.000000,34.842592
lichess_db_broadcast_2022-11_4457,11,d2d3,-12,,12.000000,0.000000,-1.068764,0.000000,0.000000,-1.068764
lichess_db_broadcast_2022-11_4457,11,d4b3,418,,-418.000000,0.000000,5.302575,0.000000,0.000000,5.302575
lichess_db_broadcast_2022-11_4457,11,d4b5,349,,-349.000000,0.000000,4.487660,1.160000,-1.160000,3.327660
lichess_db_broadcast_2022-11_4457,11,d4c2,84,,-84.000000,0.000000,4.528791,0.000000,0.000000,4.528791
lichess_db_broadcast_2022-11_4457,11,d4c6,361,,-361.000000,-1.160000,18.552492,1.160000,-2.320000,16.232492
lichess_db_broadcast_2022-11_4457,11,d4e6,490,,-490.000000,0.000000,9.979886,1.160000,-1.160000,8.819886
lichess_db_broadcast_2022-11_4457,11,d4f3,449,,-449.000000,0.000000,4.469935,1.160000,-1.160000,3.309935
lichess_db_broadcast_2022-11_4457,11,d4f5,490,,-490.000000,0.000000,4.580844,0.000000,0.000000,4.580844
lichess_db_broadcast_2022-11_4457,11,e1f1,196,,-196.000000,0.000000,-4.506535,0.000000,0.000000,-4.506535
lichess_db_broadcast_2022-11_4457,11,e1g1,107,,-107.000000,0.000000,18.494324,0.000000,0.000000,18.494324
lichess_db_broadcast_2022-11_4457,11,e2e3,117,,-117.000000,0.000000,-1.919986,0.000000,0.000000,-1.919986
lichess_db_broadcast_2022-11_4457,11,f2f3,238,,-238.000000,0.000000,2.189704,0.000000,0.000000,2.189704
lichess_db_broadcast_2022-11_4457,11,f2f4,196,,-196.000000,0.000000,-1.336827,0.000000,0.000000,-1.336827
lichess_db_broadcast_2022-11_4457,11,g2e4,479,,-479.000000,-2.560000,16.573739,3.960000,-6.520000,10.053739
lichess_db_broadcast_2022-11_4457,11,g2f1,230,,-230.000000,0.000000,10.928499,0.000000,0.000000,10.928499
lichess_db_broadcast_2022-11_4457,11,g2f3,493,,-493.000000,0.000000,10.700125,2.560000,-2.560000,8.140125
lichess_db_broadcast_2022-11_4457,11,g2h3,563,,-563.000000,0.000000,-7.964229,0.000000,0.000000,-7.964229
lichess_db_broadcast_2022-11_4457,11,g3g4,298,,-298.000000,0.000000,2.045371,0.000000,0.000000,2.045371
lichess_db_broadcast_2022-11_4457,11,h1f1,205,,-205.000000,0.000000,18.332086,0.000000,0.000000,18.332086
lichess_db_broadcast_2022-11_4457,11,h1g1,219,,-219.000000,0.000000,21.991261,0.000000,0.000000,21.991261
lichess_db_broadcast_2022-11_4457,11,h2h3,155,,-155.000000,0.000000,-1.662548,0.000000,0.000000,-1.662548
lichess_db_broadcast_2022-11_4457,11,h2h4,143,,-143.000000,0.000000,-1.707057,0.000000,0.000000,-1.707057
lichess_db_broadcast_2022-11_4457,23,a2a3,58,,-58.000000,0.000000,-1.662964,0.000000,0.000000,-1.662964
lichess_db_broadcast_2022-11_4457,23,a2a4,151,,-151.000000,0.000000,1.727431,0.000000,0.000000,1.727431
lichess_db_broadcast_2022-11_4457,23,b1a1,145,,-145.000000,0.000000,20.824169,0.000000,0.000000,20.824169
lichess_db_broadcast_2022-11_4457,23,b2b3,69,,-69.000000,0.000000,2.533068,0.000000,0.000000,2.533068
lichess_db_broadcast_2022-11_4457,23,b2b4,76,,-76.000000,0.000000,2.409962,0.000000,0.000000,2.409962
lichess_db_broadcast_2022-11_4457,23,c3a4,75,,-75.000000,0.000000,-11.053887,0.000000,0.000000,-11.053887
lichess_db_broadcast_2022-11_4457,23,c3b5,427,,-427.000000,0.000000,-10.005320,1.160000,-1.160000,-11.165320
lichess_db_broadcast_2022-11_4457,23,c3d5,476,,-476.000000,0.000000,10.496149,1.160000,-1.160000,9.336149
lichess_db_broadcast_2022-11_4457,23,c3e4,440,,-440.000000,-1.160000,19.524909,0.000000,-1.160000,18.364909
lichess_db_broadcast_2022-11_4457,23,d1a4,90,,-90.000000,0.000000,-40.219846,0.000000,0.000000,-40.219846
lichess_db_broadcast_2022-11_4457,23,d1b3,96,,-96.000000,0.000000,-34.336897,0.000000,0.000000,-34.336897
lichess_db_broadcast_2022-11_4457,23,d1c2,73,,-73.000000,0.000000,-36.027213,0.000000,0.000000,-36.027213
lichess_db_broadcast_2022-11_4457,23,d2d3,188,,-188.000000,0.000000,-1.365798,0.000000,0.000000,-1.365798
lichess_db_broadcast_2022-11_4457,23,d2d4,194,,-194.000000,0.000000,-2.061855,0.000000,0.000000,-2.061855
lichess_db_broadcast_2022-11_4457,23,e1f1,155,,-155.000000,0.000000,6.363036,0.000000,0.000000,6.363036
lichess_db_broadcast_2022-11_4457,23,e1g1,57,,-57.000000,0.000000,-18.169061,0.000000,0.000000,-18.169061
lichess_db_broadcast_2022-11_4457,23,e3c2,101,,-101.000000,0.000000,9.473396,0.000000,0.000000,9.473396
lichess_db_broadcast_2022-11_4457,23,e3c4,82,,-82.000000,0.000000,-10.184267,0.000000,0.000000,-10.184267
lichess_db_broadcast_2022-11_4457,23,e3d5,404,,-404.000000,0.000000,8.678232,1.160000,-1.160000,7.518232
lichess_db_broadcast_2022-11_4457,23,e3f1,173,,-173.000000,0.000000,10.176673,0.000000,0.000000,10.176673
lichess_db_broadcast_2022-11_4457,23,e3f5,414,,-414.000000,0.000000,-8.329624,0.000000,0.000000,-8.329624
lichess_db_broadcast_2022-11_4457,23,e3g4,132,,-132.000000,0.000000,9.702609,0.000000,0.000000,9.702609
lichess_db_broadcast_2022-11_4457,23,f2f3,373,,-373.000000,0.000000,2.106707,0.000000,0.000000,2.106707
lichess_db_broadcast_2022-11_4457,23,f2f4,386,,-386.000000,0.000000,2.493431,0.000000,0.000000,2.493431
lichess_db_broadcast_2022-11_4457,23,g2e4,410,,-410.000000,-2.560000,19.250363,1.400000,-3.960000,15.290363
lichess_db_broadcast_2022-11_4457,23,g2f1,158,,-158.000000,0.000000,8.185492,0.000000,0.000000,8.185492
lichess_db_broadcast_2022-11_4457,23,g2f3,551,,-551.000000,0.000000,9.835640,2.560000,-2.560000,7.275640
lichess_db_broadcast_2022-11_4457,23,g3g4,155,,-155.000000,0.000000,2.566593,0.000000,0.000000,2.566593
lichess_db_broadcast_2022-11_4457,23,h1f1,162,,-162.000000,0.000000,17.069610,0.000000,0.000000,17.069610
lichess_db_broadcast_2022-11_4457,23,h1g1,151,,-151.000000,0.000000,19.457607,0.000000,0.000000,19.457607
lichess_db_broadcast_2022-11_4457,23,h1h2,156,,-156.000000,0.000000,-21.486862,0.000000,0.000000,-21.486862
lichess_db_broadcast_2022-11_4457,23,h3h4,78,,-78.000000,0.000000,1.413132,0.000000,0.000000,1.413132
lichess_db_broadcast_2022-11_4483,15,a1b1,-17,,17.000000,0.000000,18.664461,0.000000,0.000000,18.664461
lichess_db_broadcast_2022-11_4483,15,a2a3,-61,,61.000000,0.000000,-1.332117,0.000000,0.000000,-1.332117
lichess_db_broadcast_2022-11_4483,15,a2a4,-43,,43.000000,0.000000,1.727431,0.000000,0.000000,1.727431
lichess_db_broadcast_2022-11_4483,15,b2b3,304,,-304.000000,0.000000,2.079777,0.000000,0.000000,2.079777
lichess_db_broadcast_2022-11_4483,15,b2b4,89,,-89.000000,0.000000,2.139068,0.000000,0.000000,2.139068
lichess_db_broadcast_2022-11_4483,15,c1d2,-67,,67.000000,0.000000,-7.810230,0.000000,0.000000,-7.810230
lichess_db_broadcast_2022-11_4483,15,c1e3,-30,,30.000000,0.000000,-7.512469,0.000000,0.000000,-7.512469
lichess_db_broadcast_2022-11_4483,15,c1f4,-43,,43.000000,0.000000,-7.022459,0.000000,0.000000,-7.022459
lichess_db_broadcast_2022-11_4483,15,c1g5,-30,,30.000000,0.000000,-7.972774,0.000000,0.000000,-7.972774
lichess_db_broadcast_2022-11_4483,15,c1h6,464,,-464.000000,0.000000,-11.208490,0.000000,0.000000,-11.208490
lichess_db_broadcast_2022-11_4483,15,c3a4,-2,,2.000000,0.000000,8.681102,0.000000,0.000000,8.681102
lichess_db_broadcast_2022-11_4483,15,c3b1,-4,,4.000000,0.000000,8.478366,0.000000,0.000000,8.478366
lichess_db_broadcast_2022-11_4483,15,c3b5,359,,-359.000000,0.000000,-7.458468,1.160000,-1.160000,-8.618468
lichess_db_broadcast_2022-11_4483,15,c3d5,381,,-381.000000,0.000000,8.455648,1.160000,-1.160000,7.295648
lichess_db_broadcast_2022-11_4483,15,c3e4,427,,-427.000000,0.000000,-8.452021,0.000000,0.000000,-8.452021
lichess_db_broadcast_2022-11_4483,15,c4c5,103,,-103.000000,0.000000,1.966518,0.000000,0.000000,1.966518
lichess_db_broadcast_2022-11_4483,15,d1a4,2,,-2.000000,0.000000,-30.806464,0.000000,0.000000,-30.806464
lichess_db_broadcast_2022-11_4483,15,d1b3,-46,,46.000000,0.000000,-33.575139,0.000000,0.000000,-33.575139
lichess_db_broadcast_2022-11_4483,15,d1c2,-39,,39.000000,0.000000,-34.580733,0.000000,0.000000,-34.580733
lichess_db_broadcast_2022-11_4483,15,d1d2,-54,,54.000000,0.000000,-32.974926,0.000000,0.000000,-32.974926
lichess_db_broadcast_2022-11_4483,15,d1d3,-38,,38.000000,0.000000,-33.969786,0.000000,0.000000,-33.969786
lichess_db_broadcast_2022-11_4483,15,d1e1,-44,,44.000000,0.000000,-28.011595,0.000000,0.000000,-28.011595
lichess_db_broadcast_2022-11_4483,15,d4d5,-2,,2.000000,0.000000,2.585498,0.000000,0.000000,2.585498
lichess_db_broadcast_2022-11_4483,15,e2e3,-36,,36.000000,0.000000,-1.852761,0.000000,0.000000,-1.852761
lichess_db_broadcast_2022-11_4483,15,e2e4,-62,,62.000000,0.000000,-1.856843,0.000000,0.000000,-1.856843
lichess_db_broadcast_2022-11_4483,15,f1e1,-39,,39.000000,0.000000,15.795233,0.000000,0.000000,15.795233
lichess_db_broadcast_2022-11_4483,15,f3d2,-39,,39.000000,0.000000,6.251138,0.000000,0.000000,6.251138
lichess_db_broadcast_2022-11_4483,15,f3e1,-38,,38.000000,0.000000,5.311953,0.000000,0.000000,5.311953
lichess_db_broadcast_2022-11_4483,15,f3e5,372,,-372.000000,0.000000,-6.234840,1.160000,-1.160000,-7.394840
lichess_db_broadcast_2022-11_4483,15,f3g5,-22,,22.000000,0.000000,-5.786738,0.000000,0.000000,-5.786738
lichess_db_broadcast_2022-11_4483,15,f3h4,-8,,8.000000,0.000000,-5.499716,0.000000,0.000000,-5.499716
lichess_db_broadcast_2022-11_4483,15,g1h1,-17,,17.000000,0.000000,-4.705750,0.000000,0.000000,-4.705750
lichess_db_broadcast_2022-11_4483,15,g2h1,15,,-15.000000,0.000000,8.325249,0.000000,0.000000,8.325249
lichess_db_broadcast_2022-11_4483,15,g2h3,500,,-500.000000,0.000000,3.998211,0.000000,0.000000,3.998211
lichess_db_broadcast_2022-11_4483,15,g3g4,145,,-145.000000,0.000000,2.045371,0.000000,0.000000,2.045371
lichess_db_broadcast_2022-11_4483,15,h2h3,-63,,63.000000,0.000000,1.809806,0.000000,0.000000,1.809806
lichess_db_broadcast_2022-11_4483,15,h2h4,-32,,32.000000,0.000000,-1.010740,0.000000,0.000000,-1.010740
lichess_db_broadcast_2022-11_4483,19,a1b1,4,,-4.000000,0.000000,18.845217,0.000000,0.000000,18.845217
lichess_db_broadcast_2022-11_4483,19,a2a3,40,,-40.000000,0.000000,-1.332117,0.000000,0.000000,-1.332117
lichess_db_broadcast_2022-11_4483,19,a2a4,23,,-23.000000,0.000000,1.727431,0.000000,0.000000,1.727431
lichess_db_broadcast_2022-11_4483,19,b3b4,32,,-32.000000,0.000000,-1.737771,0.000000,0.000000,-1.737771
lichess_db_broadcast_2022-11_4483,19,c1a3,331,,-331.000000,0.000000,-9.531337,0.000000,0.000000,-9.531337
lichess_db_broadcast_2022-11_4483,19,c1b2,11,,-11.000000,0.000000,-9.277420,0.000000,0.000000,-9.277420
lichess_db_broadcast_2022-11_4483,19,c1d2,-12,,12.000000,0.000000,-4.825491,0.000000,0.000000,-4.825491
lichess_db_broadcast_2022-11_4483,19,c1e3,31,,-31.000000,0.000000,-7.552734,0.000000,0.000000,-7.552734
lichess_db_broadcast_2022-11_4483,19,c1f4,-32,,32.000000,0.000000,-7.209324,0.000000,0.000000,-7.209324
lichess_db_broadcast_2022-11_4483,19,c1g5,-28,,28.000000,0.000000,-8.237485,0.000000,0.000000,-8.237485
lichess_db_broadcast_2022-11_4483,19,c1h6,350,,-350.000000,0.000000,-11.159690,0.000000,0.000000,-11.159690
lichess_db_broadcast_2022-11_4483,19,c3a4,311,,-311.000000,0.000000,9.225385,1.160000,-1.160000,8.065385
lichess_db_broadcast_2022-11_4483,19,c3b1,56,,-56.000000,0.000000,7.834199,0.000000,0.000000,7.834199
lichess_db_broadcast_2022-11_4483,19,c3b5,291,,-291.000000,-1.160000,17.831910,1.160000,-2.320000,15.511910
lichess_db_broadcast_2022-11_4483,19,c3d5,423,,-423.000000,0.000000,7.915551,1.160000,-1.160000,6.755551
lichess_db_broadcast_2022-11_4483,19,c3e4,368,,-368.000000,0.000000,-7.191345,0.000000,0.000000,-7.191345
lichess_db_broadcast_2022-11_4483,19,c4b5,-27,,27.000000,0.000000,16.289279,0.000000,0.000000,16.289279
lichess_db_broadcast_2022-11_4483,19,c4c5,-15,,15.000000,0.000000,-1.974472,0.000000,0.000000,-1.974472
lichess_db_broadcast_2022-11_4483,19,d1c2,38,,-38.000000,0.000000,-35.533167,0.000000,0.000000,-35.533167
lichess_db_broadcast_2022-11_4483,19,d1d2,25,,-25.000000,0.000000,-38.326673,0.000000,0.000000,-38.326673
lichess_db_broadcast_2022-11_4483,19,d1d3,21,,-21.000000,0.000000,-32.604972,0.000000,0.000000,-32.604972
lichess_db_broadcast_2022-11_4483,19,d1e1,43,,-43.000000,0.000000,33.460632,0.000000,0.000000,33.460632
lichess_db_broadcast_2022-11_4483,19,d4d5,99,,-99.000000,0.000000,2.159497,0.000000,0.000000,2.159497
lichess_db_broadcast_2022-11_4483,19,e2e3,36,,-36.000000,0.000000,-2.539061,0.000000,0.000000,-2.539061
lichess_db_broadcast_2022-11_4483,19,e2e4,-52,,52.000000,0.000000,-2.469523,0.000000,0.000000,-2.469523
lichess_db_broadcast_2022-11_4483,19,f1e1,-20,,20.000000,0.000000,16.639449,0.000000,0.000000,16.639449
lichess_db_broadcast_2022-11_4483,19,f3d2,-39,,39.000000,0.000000,-5.559267,0.000000,0.000000,-5.559267
lichess_db_broadcast_2022-11_4483,19,f3e1,64,,-64.000000,0.000000,3.795706,0.000000,0.000000,3.795706
lichess_db_broadcast_2022-11_4483,19,f3e5,183,,-183.000000,0.000000,-5.715773,1.160000,-1.160000,-6.875773
lichess_db_broadcast_2022-11_4483,19,f3g5,64,,-64.000000,0.000000,-5.231051,0.000000,0.000000,-5.231051
lichess_db_broadcast_2022-11_4483,19,f3h2,53,,-53.000000,0.000000,-5.457581,0.000000,0.000000,-5.457581
lichess_db_broadcast_2022-11_4483,19,f3h4,63,,-63.000000,0.000000,-5.145671,0.000000,0.000000,-5.145671
lichess_db_broadcast_2022-11_4483,19,g1h1,70,,-70.000000,0.000000,-4.481758,0.000000,0.000000,-4.481758
lichess_db_broadcast_2022-11_4483,19,g1h2,33,,-33.000000,0.000000,-6.706848,0.000000,0.000000,-6.706848
lichess_db_broadcast_2022-11_4483,19,g2h1,160,,-160.000000,0.000000,8.625275,0.000000,0.000000,8.625275
lichess_db_broadcast_2022-11_4483,19,g3g4,30,,-30.000000,0.000000,2.045371,0.000000,0.000000,2.045371
lichess_db_broadcast_2022-11_4483,19,h3h4,59,,-59.000000,0.000000,-1.865393,0.000000,0.000000,-1.865393
lichess_db_broadcast_2022-11_4483,20,a6a2,687,,-687.000000,-7.960000,20.734970,10.200000,-18.160000,2.574970
lichess_db_broadcast_2022-11_4483,20,a6a3,731,,-731.000000,0.000000,10.169296,5.400000,-5.400000,4.769296
lichess_db_broadcast_2022-11_4483,20,a6a4,683,,-683.000000,0.000000,-19.335211,14.760000,-14.760000,-34.095211
lichess_db_broadcast_2022-11_4483,20,a6a5,133,,-133.000000,0.000000,9.608273,0.000000,0.000000,9.608273
lichess_db_broadcast_2022-11_4483,20,a6b6,160,,-160.000000,0.000000,17.474460,0.000000,0.000000,17.474460
lichess_db_broadcast_2022-11_4483,20,a6b7,158,,-158.000000,0.000000,37.775782,0.000000,0.000000,37.775782
lichess_db_broadcast_2022-11_4483,20,b5b4,82,,-82.000000,0.000000,2.254600,0.000000,0.000000,2.254600
lichess_db_broadcast_2022-11_4483,20,b5c4,56,,-56.000000,0.000000,16.111948,0.000000,0.000000,16.111948
lichess_db_broadcast_2022-11_4483,20,b8d7,332,,-332.000000,0.000000,-5.799776,0.000000,0.000000,-5.799776
lichess_db_broadcast_2022-11_4483,20,c6c5,346,,-346.000000,0.000000,2.526115,0.000000,0.000000,2.526115
lichess_db_broadcast_2022-11_4483,20,c8b7,53,,-53.000000,0.000000,16.302789,0.000000,0.000000,16.302789
lichess_db_broadcast_2022-11_4483,20,c8d7,126,,-126.000000,0.000000,-10.240703,0.000000,0.000000,-10.240703
lichess_db_broadcast_2022-11_4483,20,c8e6,119,,-119.000000,0.000000,-7.839536,0.000000,0.000000,-7.839536
lichess_db_broadcast_2022-11_4483,20,c8f5,198,,-198.000000,0.000000,-9.646359,0.000000,0.000000,-9.646359
lichess_db_broadcast_2022-11_4483,20,c8g4,473,,-473.000000,0.000000,-15.299226,2.560000,-2.560000,-17.859226
lichess_db_broadcast_2022-11_4483,20,c8h3,423,,-423.000000,-2.560000,21.562932,0.000000,-2.560000,19.002932
lichess_db_broadcast_2022-11_4483,20,d6d5,82,,-82.000000,0.000000,-2.447045,0.000000,0.000000,-2.447045
lichess_db_broadcast_2022-11_4483,20,e7e5,251,,-251.000000,0.000000,-1.738855,0.000000,0.000000,-1.738855
lichess_db_broadcast_2022-11_4483,20,e7e6,252,,-252.000000,0.000000,2.605115,0.000000,0.000000,2.605115
lichess_db_broadcast_2022-11_4483,20,f6d5,360,,-360.000000,0.000000,-5.552641,1.160000,-1.160000,-6.712641
lichess_db_broadcast_2022-11_4483,20,f6d7,241,,-241.000000,0.000000,-6.607986,0.000000,0.000000,-6.607986
lichess_db_broadcast_2022-11_4483,20,f6e4,454,,-454.000000,0.000000,6.212198,0.000000,0.000000,6.212198
lichess_db_broadcast_2022-11_4483,20,f6e8,218,,-218.000000,0.000000,4.805957,0.000000,0.000000,4.805957
lichess_db_broadcast_2022-11_4483,20,f6g4,378,,-378.000000,0.000000,-5.215033,1.160000,-1.160000,-6.375033
lichess_db_broadcast_2022-11_4483,20,f6h5,253,,-253.000000,0.000000,-5.096414,0.000000,0.000000,-5.096414
lichess_db_broadcast_2022-11_4483,20,f8d8,185,,-185.000000,0.000000,-10.865258,0.000000,0.000000,-10.865258
lichess_db_broadcast_2022-11_4483,20,f8e8,206,,-206.000000,0.000000,10.885864,0.000000,0.000000,10.885864
lichess_db_broadcast_2022-11_4483,20,g6g5,299,,-299.000000,0.000000,2.351443,0.000000,0.000000,2.351443
lichess_db_broadcast_2022-11_4483,20,g7h6,311,,-311.000000,0.000000,-6.527793,0.000000,0.000000,-6.527793
lichess_db_broadcast_2022-11_4483,20,g7h8,259,,-259.000000,0.000000,6.426203,0.000000,0.000000,6.426203
lichess_db_broadcast_2022-11_4483,20,g8h8,239,,-239.000000,0.000000,-4.730869,0.000000,0.000000,-4.730869
lichess_db_broadcast_2022-11_4483,20,h7h5,214,,-214.000000,0.000000,-2.639431,0.000000,0.000000,-2.639431
lichess_db_broadcast_2022-11_4483,20,h7h6,219,,-219.000000,0.000000,-3.684810,0.000000,0.000000,-3.684810
lichess_db_broadcast_2022-11_4483,22,a6a2,701,,-701.000000,-7.960000,25.246796,10.200000,-18.160000,7.086796
lichess_db_broadcast_2022-11_4483,22,a6a3,714,,-714.000000,0.000000,-13.571610,5.400000,-5.400000,-18.971610
lichess_db_broadcast_2022-11_4483,22,a6a4,662,,-662.000000,0.000000,-20.698499,14.760000,-14.760000,-35.458499
lichess_db_broadcast_2022-11_4483,22,a6a5,203,,-203.000000,0.000000,-11.779889,0.000000,0.000000,-11.779889
lichess_db_broadcast_2022-11_4483,22,a6b6,61,,-61.000000,0.000000,19.126139,0.000000,0.000000,19.126139
lichess_db_broadcast_2022-11_4483,22,b5b4,105,,-105.000000,0.000000,2.254600,0.000000,0.000000,2.254600
lichess_db_broadcast_2022-11_4483,22,b5c4,72,,-72.000000,0.000000,16.111948,0.000000,0.000000,16.111948
lichess_db_broadcast_2022-11_4483,22,b7c8,295,,-295.000000,0.000000,-16.302789,0.000000,0.000000,-16.302789
lichess_db_broadcast_2022-11_4483,22,b8d7,57,,-57.000000,0.000000,-5.290472,0.000000,0.000000,-5.290472
lichess_db_broadcast_2022-11_4483,22,c6c5,304,,-304.000000,0.000000,-3.080222,0.000000,0.000000,-3.080222
lichess_db_broadcast_2022-11_4483,22,d6d5,94,,-94.000000,0.000000,2.806424,0.000000,0.000000,2.806424
lichess_db_broadcast_2022-11_4483,22,e7e5,180,,-180.000000,0.000000,-2.394342,0.000000,0.000000,-2.394342
lichess_db_broadcast_2022-11_4483,22,e7e6,185,,-185.000000,0.000000,2.409364,0.000000,0.000000,2.409364
lichess_db_broadcast_2022-11_4483,22,f6d5,392,,-392.000000,0.000000,7.272046,1.160000,-1.160000,6.112046
lichess_db_broadcast_2022-11_4483,22,f6d7,65,,-65.000000,0.000000,7.435535,0.000000,0.000000,7.435535
lichess_db_broadcast_2022-11_4483,22,f6e4,487,,-487.000000,0.000000,7.661328,0.000000,0.000000,7.661328
lichess_db_broadcast_2022-11_4483,22,f6e8,92,,-92.000000,0.000000,6.016404,0.000000,0.000000,6.016404
lichess_db_broadcast_2022-11_4483,22,f6g4,447,,-447.000000,0.000000,-5.873801,1.160000,-1.160000,-7.033801
lichess_db_broadcast_2022-11_4483,22,f6h5,75,,-75.000000,0.000000,-6.113014,0.000000,0.000000,-6.113014
lichess_db_broadcast_2022-11_4483,22,f8c8,95,,-95.000000,0.000000,12.949136,0.000000,0.000000,12.949136
lichess_db_broadcast_2022-11_4483,22,f8d8,95,,-95.000000,0.000000,-10.128229,0.000000,0.000000,-10.128229
lichess_db_broadcast_2022-11_4483,22,f8e8,107,,-107.000000,0.000000,9.637721,0.000000,0.000000,9.637721
lichess_db_broadcast_2022-11_4483,22,g6g5,209,,-209.000000,0.000000,2.291936,0.000000,0.000000,2.291936
lichess_db_broadcast_2022-11_4483,22,g7h6,146,,-146.000000,0.000000,6.816384,0.000000,0.000000,6.816384
lichess_db_broadcast_2022-11_4483,22,g7h8,129,,-129.000000,0.000000,7.619712,0.000000,0.000000,7.619712
lichess_db_broadcast_2022-11_4483,22,g8h8,134,,-134.000000,0.000000,-6.183247,0.000000,0.000000,-6.183247
lichess_db_broadcast_2022-11_4483,22,h7h5,113,,-113.000000,0.000000,-2.639431,0.000000,0.000000,-2.639431
lichess_db_broadcast_2022-11_4483,22,h7h6,125,,-125.000000,0.000000,-3.490507,0.000000,0.000000,-3.490507
lichess_db_broadcast_2022-11_4483,113,e4f4,242,,-242.000000,0.000000,-2.739518,0.000000,0.000000,-2.739518
lichess_db_broadcast_2022-11_4483,113,f5c8,508,,-508.000000,0.000000,-8.171233,0.900000,-0.900000,-9.071233
lichess_db_broadcast_2022-11_4483,113,f5d7,445,,-445.000000,0.000000,-8.342608,0.900000,-0.900000,-9.242608
lichess_db_broadcast_2022-11_4483,113,f5e6,255,,-255.000000,0.000000,-7.930220,2.560000,-2.560000,-10.490220
lichess_db_broadcast_2022-11_4483,113,f5g4,485,,-485.000000,0.000000,-8.196851,0.000000,0.000000,-8.196851
lichess_db_broadcast_2022-11_4483,113,f5g6,464,,-464.000000,0.000000,-7.496061,2.560000,-2.560000,-10.056061
lichess_db_broadcast_2022-11_4483,113,f5h3,298,,-298.000000,0.000000,-8.409032,0.000000,0.000000,-8.409032
lichess_db_broadcast_2022-11_4483,113,h7f7,164,,-164.000000,-4.560000,-16.964157,0.000000,-4.560000,-21.524157
lichess_db_broadcast_2022-11_4483,113,h7g7,670,,-670.000000,0.000000,-9.592023,2.000000,-2.000000,-11.592023
lichess_db_broadcast_2022-11_4483,113,h7h1,260,,-260.000000,0.000000,-5.738737,0.000000,0.000000,-5.738737
lichess_db_broadcast_2022-11_4483,113,h7h2,284,,-284.000000,0.000000,-5.738737,0.000000,0.000000,-5.738737
lichess_db_broadcast_2022-11_4483,113,h7h3,215,,-215.000000,0.000000,4.318096,0.000000,0.000000,4.318096
lichess_db_broadcast_2022-11_4483,113,h7h4,274,,-274.000000,0.000000,-5.694293,0.000000,0.000000,-5.694293
lichess_db_broadcast_2022-11_4483,113,h7h5,298,,-298.000000,0.000000,-6.405144,0.000000,0.000000,-6.405144
lichess_db_broadcast_2022-11_4483,113,h7h6,311,,-311.000000,0.000000,-5.681874,0.000000,0.000000,-5.681874
lichess_db_broadcast_2022-11_4483,113,h7h8,735,,-735.000000,0.000000,-8.618469,2.000000,-2.000000,-10.618469
lichess_db_broadcast_2022-11_4483,120,b5a4,-181,,181.000000,0.000000,-1.416041,0.000000,0.000000,-1.416041
lichess_db_broadcast_2022-11_4483,120,b5a5,-208,,208.000000,0.000000,-1.416041,0.000000,0.000000,-1.416041
lichess_db_broadcast_2022-11_4483,120,b5a6,-82,,82.000000,0.000000,-1.416041,0.000000,0.000000,-1.416041
lichess_db_broadcast_2022-11_4483,120,b5c4,-229,,229.000000,0.000000,-1.416041,0.000000,0.000000,-1.416041
lichess_db_broadcast_2022-11_4503,50,a5b3,202,,-202.000000,-1.160000,-16.526633,1.160000,-2.320000,-18.846633
lichess_db_broadcast_2022-11_4503,50,a5b7,-205,,205.000000,0.000000,5.115591,0.000000,0.000000,5.115591
lichess_db_broadcast_2022-11_4503,50,a5c4,234,,-234.000000,0.000000,-4.711617,1.160000,-1.160000,-5.871617
lichess_db_broadcast_2022-11_4503,50,a5c6,-214,,214.000000,0.000000,-6.457773,0.000000,0.000000,-6.457773
lichess_db_broadcast_2022-11_4503,50,c3c2,96,,-96.000000,0.000000,-1.095969,0.000000,0.000000,-1.095969
lichess_db_broadcast_2022-11_4503,50,c5a7,-154,,154.000000,0.000000,-13.570689,0.000000,0.000000,-13.570689
lichess_db_broadcast_2022-11_4503,50,c5b6,-113,,113.000000,0.000000,-14.715295,0.000000,0.000000,-14.715295
lichess_db_broadcast_2022-11_4503,50,c5d4,-200,,200.000000,-1.400000,51.944612,2.560000,-3.960000,47.984612
lichess_db_broadcast_2022-11_4503,50,d6b6,-200,,200.000000,0.000000,-8.450424,0.000000,0.000000,-8.450424
lichess_db_broadcast_2022-11_4503,50,d6c6,-3,,3.000000,0.000000,-12.270867,3.400000,-3.400000,-15.670867
lichess_db_broadcast_2022-11_4503,50,d6d4,-62,,62.000000,-3.400000,49.607357,4.560000,-7.960000,41.647357
lichess_db_broadcast_2022-11_4503,50,d6d5,267,,-267.000000,0.000000,-14.576433,3.400000,-3.400000,-17.976433
lichess_db_broadcast_2022-11_4503,50,d6d7,-145,,145.000000,0.000000,-7.741623,0.000000,0.000000,-7.741623
lichess_db_broadcast_2022-11_4503,50,d6d8,-171,,171.000000,0.000000,-7.141411,0.000000,0.000000,-7.141411
lichess_db_broadcast_2022-11_4503,50,e6e5,277,,-277.000000,0.000000,2.343376,0.000000,0.000000,2.343376
lichess_db_broadcast_2022-11_4503,50,e7a7,48,,-48.000000,0.000000,-24.596188,0.000000,0.000000,-24.596188
lichess_db_broadcast_2022-11_4503,50,e7b7,101,,-101.000000,0.000000,-24.436438,0.000000,0.000000,-24.436438
lichess_db_broadcast_2022-11_4503,50,e7c7,-127,,127.000000,0.000000,-23.161494,0.000000,0.000000,-23.161494
lichess_db_broadcast_2022-11_4503,50,e7d7,-134,,134.000000,0.000000,-24.578575,0.000000,0.000000,-24.578575
lichess_db_broadcast_2022-11_4503,50,e7d8,-110,,110.000000,0.000000,-29.625948,0.000000,0.000000,-29.625948
lichess_db_broadcast_2022-11_4503,50,e7f6,-181,,181.000000,0.000000,-26.077410,0.000000,0.000000,-26.077410
lichess_db_broadcast_2022-11_4503,50,e7f8,-155,,155.000000,0.000000,32.438916,0.000000,0.000000,32.438916
lichess_db_broadcast_2022-11_4503,50,e7g5,-132,,132.000000,0.000000,-31.040380,0.000000,0.000000,-31.040380
lichess_db_broadcast_2022-11_4503,50,e7h4,539,,-539.000000,0.000000,-31.877520,7.960000,-7.960000,-39.837520
lichess_db_broadcast_2022-11_4503,50,e8a4,129,,-129.000000,0.000000,-9.492565,2.560000,-2.560000,-12.052565
lichess_db_broadcast_2022-11_4503,50,e8b5,-80,,80.000000,0.000000,-7.587237,1.400000,-1.400000,-8.987237
lichess_db_broadcast_2022-11_4503,50,e8c6,-142,,142.000000,0.000000,-8.784332,1.400000,-1.400000,-10.184332
lichess_db_broadcast_2022-11_4503,50,e8d7,-132,,132.000000,0.000000,-7.885140,0.000000,0.000000,-7.885140
lichess_db_broadcast_2022-11_4503,50,f7f6,-194,,194.000000,0.000000,-2.587083,0.000000,0.000000,-2.587083
lichess_db_broadcast_2022-11_4503,50,g8f8,-184,,184.000000,0.000000,11.141741,0.000000,0.000000,11.141741
lichess_db_broadcast_2022-11_4503,50,g8g3,389,,-389.000000,-4.560000,-16.094026,9.120000,-13.680000,-29.774026
lichess_db_broadcast_2022-11_4503,50,g8g4,-189,,189.000000,0.000000,8.950160,0.000000,0.000000,8.950160
lichess_db_broadcast_2022-11_4503,50,g8g5,-194,,194.000000,0.000000,12.934414,0.000000,0.000000,12.934414
lichess_db_broadcast_2022-11_4503,50,g8g6,-37,,37.000000,0.000000,10.579588,3.400000,-3.400000,7.179588
lichess_db_broadcast_2022-11_4503,50,g8g7,-174,,174.000000,0.000000,9.518520,0.000000,0.000000,9.518520
lichess_db_broadcast_2022-11_4503,50,h7h6,,1,-9990.000000,0.000000,-3.141235,0.000000,0.000000,-3.141235
lichess_db_broadcast_2022-11_4503,50,h8g7,-164,,164.000000,0.000000,9.487314,0.000000,0.000000,9.487314
lichess_db_broadcast_2022-11_4503,87,e2d3,750,,-750.000000,0.000000,3.517912,0.000000,0.000000,3.517912
lichess_db_broadcast_2022-11_4514,17,a1b1,275,,-275.000000,0.000000,15.413462,0.000000,0.000000,15.413462
lichess_db_broadcast_2022-11_4514,17,a1c1,209,,-209.000000,0.000000,15.200894,0.000000,0.000000,15.200894
lichess_db_broadcast_2022-11_4514,17,a1d1,137,,-137.000000,0.000000,15.395161,0.000000,0.000000,15.395161
lichess_db_broadcast_2022-11_4514,17,a2a3,369,,-369.000000,0.000000,-1.659848,0.000000,0.000000,-1.659848
lichess_db_broadcast_2022-11_4514,17,a2a4,258,,-258.000000,0.000000,-1.765742,0.000000,0.000000,-1.765742
lichess_db_broadcast_2022-11_4514,17,b2b3,231,,-231.000000,0.000000,-2.633589,0.000000,0.000000,-2.633589
lichess_db_broadcast_2022-11_4514,17,b2b4,248,,-248.000000,0.000000,-1.536663,0.000000,0.000000,-1.536663
lichess_db_broadcast_2022-11_4514,17,c3a5,282,,-282.000000,0.000000,-16.042013,0.000000,0.000000,-16.042013
lichess_db_broadcast_2022-11_4514,17,c3b4,516,,-516.000000,0.000000,-15.197727,2.560000,-2.560000,-17.757727
lichess_db_broadcast_2022-11_4514,17,d2c1,278,,-278.000000,0.000000,35.925352,0.000000,0.000000,35.925352
lichess_db_broadcast_2022-11_4514,17,d2c2,261,,-261.000000,0.000000,17.807076,0.000000,0.000000,17.807076
lichess_db_broadcast_2022-11_4514,17,d2d1,262,,-262.000000,0.000000,25.058050,0.000000,0.000000,25.058050
lichess_db_broadcast_2022-11_4514,17,d2d3,284,,-284.000000,0.000000,-12.201744,0.000000,0.000000,-12.201744
lichess_db_broadcast_2022-11_4514,17,d2e2,269,,-269.000000,0.000000,22.858806,0.000000,0.000000,22.858806
lichess_db_broadcast_2022-11_4514,17,d2e3,601,,-601.000000,0.000000,18.770020,0.000000,0.000000,18.770020
lichess_db_broadcast_2022-11_4514,17,d2f4,253,,-253.000000,0.000000,18.577980,0.000000,0.000000,18.577980
lichess_db_broadcast_2022-11_4514,17,d2g5,259,,-259.000000,0.000000,26.433306,0.000000,0.000000,26.433306
lichess_db_broadcast_2022-11_4514,17,d2h6,651,,-651.000000,0.000000,19.749326,5.400000,-5.400000,14.349326
lichess_db_broadcast_2022-11_4514,17,d4c5,32,,-32.000000,0.000000,16.395854,0.000000,0.000000,16.395854
lichess_db_broadcast_2022-11_4514,17,d4d5,-20,,20.000000,0.000000,-2.031804,0.000000,0.000000,-2.031804
lichess_db_broadcast_2022-11_4514,17,e1c1,154,,-154.000000,0.000000,-17.044807,0.000000,0.000000,-17.044807
lichess_db_broadcast_2022-11_4514,17,e1d1,318,,-318.000000,0.000000,-5.331382,0.000000,0.000000,-5.331382
lichess_db_broadcast_2022-11_4514,17,e1e2,503,,-503.000000,0.000000,13.069891,0.000000,0.000000,13.069891
lichess_db_broadcast_2022-11_4514,17,e4e5,271,,-271.000000,0.000000,1.947458,0.000000,0.000000,1.947458
lichess_db_broadcast_2022-11_4514,17,f1a6,466,,-466.000000,0.000000,-6.282791,3.960000,-3.960000,-10.242791
lichess_db_broadcast_2022-11_4514,17,f1b5,243,,-243.000000,0.000000,-6.457656,0.000000,0.000000,-6.457656
lichess_db_broadcast_2022-11_4514,17,f1c4,254,,-254.000000,0.000000,7.177740,0.000000,0.000000,7.177740
lichess_db_broadcast_2022-11_4514,17,f1d3,247,,-247.000000,0.000000,-9.182300,0.000000,0.000000,-9.182300
lichess_db_broadcast_2022-11_4514,17,f1e2,205,,-205.000000,0.000000,7.893775,0.000000,0.000000,7.893775
lichess_db_broadcast_2022-11_4514,17,f2f3,290,,-290.000000,0.000000,-1.663150,0.000000,0.000000,-1.663150
lichess_db_broadcast_2022-11_4514,17,f2f4,255,,-255.000000,0.000000,-1.073220,0.000000,0.000000,-1.073220
lichess_db_broadcast_2022-11_4514,17,g1e2,84,,-84.000000,0.000000,-4.810601,0.000000,0.000000,-4.810601
lichess_db_broadcast_2022-11_4514,17,g1f3,84,,-84.000000,0.000000,-9.331375,0.000000,0.000000,-9.331375
lichess_db_broadcast_2022-11_4514,17,g1h3,350,,-350.000000,0.000000,-3.089947,0.000000,0.000000,-3.089947
lichess_db_broadcast_2022-11_4514,17,g2g3,315,,-315.000000,0.000000,-1.935325,0.000000,0.000000,-1.935325
lichess_db_broadcast_2022-11_4514,17,g2g4,380,,-380.000000,0.000000,-2.081322,0.000000,0.000000,-2.081322
lichess_db_broadcast_2022-11_4514,17,h2h3,226,,-226.000000,0.000000,-1.887259,0.000000,0.000000,-1.887259
lichess_db_broadcast_2022-11_4514,17,h2h4,213,,-213.000000,0.000000,-2.110152,0.000000,0.000000,-2.110152
lichess_db_broadcast_2022-11_4514,28,a7a5,40,,-40.000000,0.000000,-3.161475,0.000000,0.000000,-3.161475
lichess_db_broadcast_2022-11_4514,28,a7a6,90,,-90.000000,0.000000,1.619081,0.000000,0.000000,1.619081
lichess_db_broadcast_2022-11_4514,28,a8b8,64,,-64.000000,0.000000,16.465517,0.000000,0.000000,16.465517
lichess_db_broadcast_2022-11_4514,28,a8c8,54,,-54.000000,0.000000,-15.275427,0.000000,0.000000,-15.275427
lichess_db_broadcast_2022-11_4514,28,b7b5,245,,-245.000000,0.000000,-2.137262,0.000000,0.000000,-2.137262
lichess_db_broadcast_2022-11_4514,28,b7b6,316,,-316.000000,0.000000,-2.663571,0.000000,0.000000,-2.663571
lichess_db_broadcast_2022-11_4514,28,c5c4,79,,-79.000000,0.000000,2.249453,0.000000,0.000000,2.249453
lichess_db_broadcast_2022-11_4514,28,d8a5,597,,-597.000000,0.000000,20.754666,5.400000,-5.400000,15.354666
lichess_db_broadcast_2022-11_4514,28,d8b6,1,,-1.000000,0.000000,15.197179,0.000000,0.000000,15.197179
lichess_db_broadcast_2022-11_4514,28,d8b8,13,,-13.000000,0.000000,24.036143,0.000000,0.000000,24.036143
lichess_db_broadcast_2022-11_4514,28,d8c7,47,,-47.000000,0.000000,15.060003,0.000000,0.000000,15.060003
lichess_db_broadcast_2022-11_4514,28,d8c8,60,,-60.000000,0.000000,29.106072,0.000000,0.000000,29.106072
lichess_db_broadcast_2022-11_4514,28,d8d5,540,,-540.000000,-5.400000,162.197392,7.960000,-13.360000,148.837392
lichess_db_broadcast_2022-11_4514,28,d8d6,67,,-67.000000,0.000000,-12.938668,0.000000,0.000000,-12.938668
lichess_db_broadcast_2022-11_4514,28,d8d7,41,,-41.000000,0.000000,15.821194,0.000000,0.000000,15.821194
lichess_db_broadcast_2022-11_4514,28,d8e7,-18,,18.000000,0.000000,25.445029,0.000000,0.000000,25.445029
lichess_db_broadcast_2022-11_4514,28,d8e8,59,,-59.000000,0.000000,25.506559,0.000000,0.000000,25.506559
lichess_db_broadcast_2022-11_4514,28,e6c8,362,,-362.000000,0.000000,8.214556,0.000000,0.000000,8.214556
lichess_db_broadcast_2022-11_4514,28,e6d5,-57,,57.000000,0.000000,161.673181,2.560000,-2.560000,159.113181
lichess_db_broadcast_2022-11_4514,28,e6d7,215,,-215.000000,0.000000,-8.329176,0.000000,0.000000,-8.329176
lichess_db_broadcast_2022-11_4514,28,e6f5,389,,-389.000000,0.000000,-4.102029,2.560000,-2.560000,-6.662029
lichess_db_broadcast_2022-11_4514,28,e6g4,95,,-95.000000,0.000000,-7.682145,0.000000,0.000000,-7.682145
lichess_db_broadcast_2022-11_4514,28,e6h3,445,,-445.000000,0.000000,-3.869870,2.560000,-2.560000,-6.429870
lichess_db_broadcast_2022-11_4514,28,f6d5,75,,-75.000000,1.400000,161.552649,1.160000,0.240000,161.792649
lichess_db_broadcast_2022-11_4514,28,f6d7,451,,-451.000000,0.000000,5.820254,0.000000,0.000000,5.820254
lichess_db_broadcast_2022-11_4514,28,f6e4,340,,-340.000000,-1.160000,18.877941,0.000000,-1.160000,17.717941
lichess_db_broadcast_2022-11_4514,28,f6e8,171,,-171.000000,0.000000,3.944589,0.000000,0.000000,3.944589
lichess_db_broadcast_2022-11_4514,28,f6g4,139,,-139.000000,0.000000,5.286744,0.000000,0.000000,5.286744
lichess_db_broadcast_2022-11_4514,28,f6h5,114,,-114.000000,0.000000,5.398609,0.000000,0.000000,5.398609
lichess_db_broadcast_2022-11_4514,28,f8e8,64,,-64.000000,0.000000,12.677121,0.000000,0.000000,12.677121
lichess_db_broadcast_2022-11_4514,28,g6g5,303,,-303.000000,0.000000,-2.770888,0.000000,0.000000,-2.770888
lichess_db_broadcast_2022-11_4514,28,g7h6,577,,-577.000000,0.000000,-5.937686,0.000000,0.000000,-5.937686
lichess_db_broadcast_2022-11_4514,28,g7h8,58,,-58.000000,0.000000,8.978215,0.000000,0.000000,8.978215
lichess_db_broadcast_2022-11_4514,28,g8h8,106,,-106.000000,0.000000,-7.463557,0.000000,0.000000,-7.463557
lichess_db_broadcast_2022-11_4514,28,h7h5,54,,-54.000000,0.000000,-2.247238,0.000000,0.000000,-2.247238
lichess_db_broadcast_2022-11_4514,28,h7h6,58,,-58.000000,0.000000,-3.517069,0.000000,0.000000,-3.517069
lichess_db_broadcast_2022-11_4584,34,a8a6,254,,-254.000000,0.000000,8.139975,0.000000,0.000000,8.139975
lichess_db_broadcast_2022-11_4584,34,a8a7,230,,-230.000000,0.000000,10.960490,0.000000,0.000000,10.960490
lichess_db_broadcast_2022-11_4584,34,a8b8,17,,-17.000000,0.000000,9.510925,0.000000,0.000000,9.510925
lichess_db_broadcast_2022-11_4584,34,a8c8,10,,-10.000000,0.000000,9.782866,0.000000,0.000000,9.782866
lichess_db_broadcast_2022-11_4584,34,b6b5,24,,-24.000000,0.000000,-2.612561,0.000000,0.000000,-2.612561
lichess_db_broadcast_2022-11_4584,34,c6c5,191,,-191.000000,0.000000,-1.557743,0.000000,0.000000,-1.557743
lichess_db_broadcast_2022-11_4584,34,c7a7,66,,-66.000000,0.000000,21.628387,0.000000,0.000000,21.628387
lichess_db_broadcast_2022-11_4584,34,c7b7,27,,-27.000000,0.000000,15.842362,0.000000,0.000000,15.842362
lichess_db_broadcast_2022-11_4584,34,c7b8,233,,-233.000000,0.000000,29.387707,0.000000,0.000000,29.387707
lichess_db_broadcast_2022-11_4584,34,c7c8,30,,-30.000000,0.000000,24.127860,0.000000,0.000000,24.127860
lichess_db_broadcast_2022-11_4584,34,c7d7,27,,-27.000000,0.000000,-22.256286,0.000000,0.000000,-22.256286
lichess_db_broadcast_2022-11_4584,34,c7e7,35,,-35.000000,0.000000,-15.132602,0.000000,0.000000,-15.132602
lichess_db_broadcast_2022-11_4584,34,d6d5,139,,-139.000000,0.000000,-2.334791,0.000000,0.000000,-2.334791
lichess_db_broadcast_2022-11_4584,34,d8b8,60,,-60.000000,0.000000,10.398476,0.000000,0.000000,10.398476
lichess_db_broadcast_2022-11_4584,34,d8c8,34,,-34.000000,0.000000,13.019063,0.000000,0.000000,13.019063
lichess_db_broadcast_2022-11_4584,34,d8d7,20,,-20.000000,0.000000,-7.379641,0.000000,0.000000,-7.379641
lichess_db_broadcast_2022-11_4584,34,d8e8,27,,-27.000000,0.000000,-14.881293,0.000000,0.000000,-14.881293
lichess_db_broadcast_2022-11_4584,34,e5d4,61,,-61.000000,0.000000,16.228343,0.000000,0.000000,16.228343
lichess_db_broadcast_2022-11_4584,34,f6d5,480,,-480.000000,0.000000,-6.242837,1.160000,-1.160000,-7.402837
lichess_db_broadcast_2022-11_4584,34,f6d7,45,,-45.000000,0.000000,-5.121198,0.000000,0.000000,-5.121198
lichess_db_broadcast_2022-11_4584,34,f6e4,376,,-376.000000,-1.160000,17.910391,0.000000,-1.160000,16.750391
lichess_db_broadcast_2022-11_4584,34,f6e8,58,,-58.000000,0.000000,-4.981100,0.000000,0.000000,-4.981100
lichess_db_broadcast_2022-11_4584,34,f6g4,494,,-494.000000,0.000000,-1.884154,1.160000,-1.160000,-3.044154
lichess_db_broadcast_2022-11_4584,34,f6g8,52,,-52.000000,0.000000,2.511071,0.000000,0.000000,2.511071
lichess_db_broadcast_2022-11_4584,34,f6h5,83,,-83.000000,0.000000,-1.970047,0.000000,0.000000,-1.970047
lichess_db_broadcast_2022-11_4584,34,f8d7,37,,-37.000000,0.000000,-5.500671,0.000000,0.000000,-5.500671
lichess_db_broadcast_2022-11_4584,34,f8e6,21,,-21.000000,0.000000,-10.782259,0.000000,0.000000,-10.782259
lichess_db_broadcast_2022-11_4584,34,g6g5,349,,-349.000000,0.000000,-2.466952,0.000000,0.000000,-2.466952
lichess_db_broadcast_2022-11_4584,34,g7g8,65,,-65.000000,0.000000,-9.245741,0.000000,0.000000,-9.245741
lichess_db_broadcast_2022-11_4584,34,g7h8,67,,-67.000000,0.000000,-8.593771,0.000000,0.000000,-8.593771
lichess_db_broadcast_2022-11_4584,34,h7h5,39,,-39.000000,0.000000,-2.746329,0.000000,0.000000,-2.746329
lichess_db_broadcast_2022-11_4584,34,h7h6,23,,-23.000000,0.000000,-3.259559,0.000000,0.000000,-3.259559
lichess_db_broadcast_2022-11_4614,28,a7a5,292,,-292.000000,0.000000,-2.305480,0.000000,0.000000,-2.305480
lichess_db_broadcast_2022-11_4614,28,a7a6,528,,-528.000000,0.000000,-2.312844,0.000000,0.000000,-2.312844
lichess_db_broadcast_2022-11_4614,28,a8b8,502,,-502.000000,0.000000,10.204115,2.000000,-2.000000,8.204115
lichess_db_broadcast_2022-11_4614,28,a8c8,504,,-504.000000,0.000000,8.562395,0.000000,0.000000,8.562395
lichess_db_broadcast_2022-11_4614,28,a8d8,474,,-474.000000,0.000000,10.076555,0.000000,0.000000,10.076555
lichess_db_broadcast_2022-11_4614,28,b4a3,430,,-430.000000,-2.560000,18.476120,2.560000,-5.120000,13.356120
lichess_db_broadcast_2022-11_4614,28,b4a5,0,,-0.000000,0.000000,-10.410123,0.000000,0.000000,-10.410123
lichess_db_broadcast_2022-11_4614,28,b4c3,37,,-37.000000,-1.400000,49.832713,2.560000,-3.960000,45.872713
lichess_db_broadcast_2022-11_4614,28,b4c5,444,,-444.000000,0.000000,6.189464,2.560000,-2.560000,3.629464
lichess_db_broadcast_2022-11_4614,28,b4d6,-13,,13.000000,0.000000,6.278782,0.000000,0.000000,6.278782
lichess_db_broadcast_2022-11_4614,28,b6a4,462,,-462.000000,0.000000,4.540038,0.000000,0.000000,4.540038
lichess_db_broadcast_2022-11_4614,28,b6c4,387,,-387.000000,0.000000,-4.629939,0.000000,0.000000,-4.629939
lichess_db_broadcast_2022-11_4614,28,b6c8,529,,-529.000000,0.000000,5.174882,0.000000,0.000000,5.174882
lichess_db_broadcast_2022-11_4614,28,b6d7,468,,-468.000000,0.000000,4.627059,0.000000,0.000000,4.627059
lichess_db_broadcast_2022-11_4614,28,c6c5,409,,-409.000000,0.000000,2.421122,0.000000,0.000000,2.421122
lichess_db_broadcast_2022-11_4614,28,e7c5,690,,-690.000000,0.000000,-12.300585,7.960000,-7.960000,-20.260585
lichess_db_broadcast_2022-11_4614,28,e7c7,678,,-678.000000,0.000000,-15.522399,5.400000,-5.400000,-20.922399
lichess_db_broadcast_2022-11_4614,28,e7d6,580,,-580.000000,0.000000,-12.596548,5.400000,-5.400000,-17.996548
lichess_db_broadcast_2022-11_4614,28,e7d7,521,,-521.000000,0.000000,22.406031,0.000000,0.000000,22.406031
lichess_db_broadcast_2022-11_4614,28,e7d8,502,,-502.000000,0.000000,28.487915,0.000000,0.000000,28.487915
lichess_db_broadcast_2022-11_4614,28,e7e3,586,,-586.000000,-7.960000,37.339497,7.960000,-15.920000,21.419497
lichess_db_broadcast_2022-11_4614,28,e7e4,638,,-638.000000,0.000000,32.377044,13.600000,-13.600000,18.777044
lichess_db_broadcast_2022-11_4614,28,e7e5,724,,-724.000000,0.000000,-22.097618,13.360000,-13.360000,-35.457618
lichess_db_broadcast_2022-11_4614,28,e7e6,496,,-496.000000,0.000000,21.991354,0.000000,0.000000,21.991354
lichess_db_broadcast_2022-11_4614,28,e7f8,540,,-540.000000,0.000000,34.499127,0.000000,0.000000,34.499127
lichess_db_broadcast_2022-11_4614,28,e8b8,538,,-538.000000,0.000000,-10.492130,2.000000,-2.000000,-12.492130
lichess_db_broadcast_2022-11_4614,28,e8c8,524,,-524.000000,0.000000,-9.789838,0.000000,0.000000,-9.789838
lichess_db_broadcast_2022-11_4614,28,e8d8,491,,-491.000000,0.000000,-6.934427,0.000000,0.000000,-6.934427
lichess_db_broadcast_2022-11_4614,28,e8f8,529,,-529.000000,0.000000,9.631061,0.000000,0.000000,9.631061
lichess_db_broadcast_2022-11_4614,28,f5b1,548,,-548.000000,0.000000,5.743642,2.800000,-2.800000,2.943642
lichess_db_broadcast_2022-11_4614,28,f5c2,567,,-567.000000,0.000000,7.431130,0.000000,0.000000,7.431130
lichess_db_broadcast_2022-11_4614,28,f5c8,549,,-549.000000,0.000000,4.613982,0.000000,0.000000,4.613982
lichess_db_broadcast_2022-11_4614,28,f5d3,514,,-514.000000,0.000000,9.070292,0.000000,0.000000,9.070292
lichess_db_broadcast_2022-11_4614,28,f5d7,561,,-561.000000,0.000000,8.128415,0.000000,0.000000,8.128415
lichess_db_broadcast_2022-11_4614,28,f5e4,525,,-525.000000,0.000000,11.160805,2.800000,-2.800000,8.360805
lichess_db_broadcast_2022-11_4614,28,f5e6,524,,-524.000000,0.000000,7.628857,0.000000,0.000000,7.628857
lichess_db_broadcast_2022-11_4614,28,f5g4,471,,-471.000000,0.000000,4.296078,0.000000,0.000000,4.296078
lichess_db_broadcast_2022-11_4614,28,f5g6,498,,-498.000000,0.000000,5.460336,0.000000,0.000000,5.460336
lichess_db_broadcast_2022-11_4614,28,f5h3,554,,-554.000000,0.000000,6.658661,2.560000,-2.560000,4.098661
lichess_db_broadcast_2022-11_4614,28,f5h7,538,,-538.000000,0.000000,6.067236,0.000000,0.000000,6.067236
lichess_db_broadcast_2022-11_4614,28,f6d7,514,,-514.000000,0.000000,5.991336,0.000000,0.000000,5.991336
lichess_db_broadcast_2022-11_4614,28,f6e4,528,,-528.000000,0.000000,8.097884,0.000000,0.000000,8.097884
lichess_db_broadcast_2022-11_4614,28,f6g4,516,,-516.000000,0.000000,-6.620743,0.000000,0.000000,-6.620743
lichess_db_broadcast_2022-11_4614,28,f6h5,481,,-481.000000,0.000000,-6.574380,0.000000,0.000000,-6.574380
lichess_db_broadcast_2022-11_4614,28,f6h7,539,,-539.000000,0.000000,6.175232,0.000000,0.000000,6.175232
lichess_db_broadcast_2022-11_4614,28,g7g5,507,,-507.000000,0.000000,-1.686637,0.000000,0.000000,-1.686637
lichess_db_broadcast_2022-11_4614,28,g7g6,517,,-517.000000,0.000000,-2.688647,0.000000,0.000000,-2.688647
lichess_db_broadcast_2022-11_4614,28,g8f8,548,,-548.000000,0.000000,7.045430,0.000000,0.000000,7.045430
lichess_db_broadcast_2022-11_4614,28,g8h7,522,,-522.000000,0.000000,5.851700,0.000000,0.000000,5.851700
lichess_db_broadcast_2022-11_4614,28,g8h8,547,,-547.000000,0.000000,-3.468417,0.000000,0.000000,-3.468417
lichess_db_broadcast_2022-11_4614,28,h6h5,470,,-470.000000,0.000000,2.044535,0.000000,0.000000,2.044535
lichess_db_broadcast_2022-11_4614,30,a7a5,811,,-811.000000,0.000000,-2.321356,0.000000,0.000000,-2.321356
lichess_db_broadcast_2022-11_4614,30,a7a6,790,,-790.000000,0.000000,-2.312844,0.000000,0.000000,-2.312844
lichess_db_broadcast_2022-11_4614,30,a8b8,759,,-759.000000,0.000000,11.270451,2.000000,-2.000000,9.270451
lichess_db_broadcast_2022-11_4614,30,a8c8,729,,-729.000000,0.000000,8.562395,0.000000,0.000000,8.562395
lichess_db_broadcast_2022-11_4614,30,a8d8,742,,-742.000000,0.000000,10.141266,0.000000,0.000000,10.141266
lichess_db_broadcast_2022-11_4614,30,b6a4,709,,-709.000000,0.000000,4.540038,0.000000,0.000000,4.540038
lichess_db_broadcast_2022-11_4614,30,b6c4,650,,-650.000000,0.000000,6.405100,0.000000,0.000000,6.405100
lichess_db_broadcast_2022-11_4614,30,b6c8,701,,-701.000000,0.000000,4.835599,0.000000,0.000000,4.835599
lichess_db_broadcast_2022-11_4614,30,b6d7,752,,-752.000000,0.000000,4.627059,0.000000,0.000000,4.627059
lichess_db_broadcast_2022-11_4614,30,c6c5,734,,-734.000000,0.000000,2.487230,0.000000,0.000000,2.487230
lichess_db_broadcast_2022-11_4614,30,e7c7,850,,-850.000000,0.000000,-5.031476,5.400000,-5.400000,-10.431476
lichess_db_broadcast_2022-11_4614,30,e7d6,-14,,14.000000,-5.400000,-161.112444,0.000000,-5.400000,-166.512444
lichess_db_broadcast_2022-11_4614,30,e7d7,518,,-518.000000,0.000000,19.647889,0.000000,0.000000,19.647889
lichess_db_broadcast_2022-11_4614,30,e7d8,514,,-514.000000,0.000000,21.937430,0.000000,0.000000,21.937430
lichess_db_broadcast_2022-11_4614,30,e7e3,736,,-736.000000,-7.960000,28.860766,7.960000,-15.920000,12.940766
lichess_db_broadcast_2022-11_4614,30,e7e4,680,,-680.000000,0.000000,26.527403,13.600000,-13.600000,12.927403
lichess_db_broadcast_2022-11_4614,30,e7e5,855,,-855.000000,0.000000,12.325047,13.360000,-13.360000,-1.034953
lichess_db_broadcast_2022-11_4614,30,e7e6,503,,-503.000000,0.000000,18.092381,0.000000,0.000000,18.092381
lichess_db_broadcast_2022-11_4614,30,e7f8,758,,-758.000000,0.000000,23.507515,5.400000,-5.400000,18.107515
lichess_db_broadcast_2022-11_4614,30,e8b8,857,,-857.000000,0.000000,11.441930,2.000000,-2.000000,9.441930
lichess_db_broadcast_2022-11_4614,30,e8c8,872,,-872.000000,0.000000,-9.789838,0.000000,0.000000,-9.789838
lichess_db_broadcast_2022-11_4614,30,e8d8,869,,-869.000000,0.000000,-7.262888,0.000000,0.000000,-7.262888
lichess_db_broadcast_2022-11_4614,30,e8f8,874,,-874.000000,0.000000,9.920847,0.000000,0.000000,9.920847
lichess_db_broadcast_2022-11_4614,30,f5b1,882,,-882.000000,0.000000,5.743642,2.800000,-2.800000,2.943642
lichess_db_broadcast_2022-11_4614,30,f5c2,713,,-713.000000,0.000000,7.431130,0.000000,0.000000,7.431130
lichess_db_broadcast_2022-11_4614,30,f5c8,825,,-825.000000,0.000000,4.613982,0.000000,0.000000,4.613982
lichess_db_broadcast_2022-11_4614,30,f5d3,732,,-732.000000,0.000000,9.070292,0.000000,0.000000,9.070292
lichess_db_broadcast_2022-11_4614,30,f5d7,762,,-762.000000,0.000000,8.128415,0.000000,0.000000,8.128415
lichess_db_broadcast_2022-11_4614,30,f5e4,739,,-739.000000,0.000000,11.160805,2.800000,-2.800000,8.360805
lichess_db_broadcast_2022-11_4614,30,f5e6,760,,-760.000000,0.000000,7.628857,0.000000,0.000000,7.628857
lichess_db_broadcast_2022-11_4614,30,f5g4,760,,-760.000000,0.000000,4.296078,0.000000,0.000000,4.296078
lichess_db_broadcast_2022-11_4614,30,f5g6,754,,-754.000000,0.000000,5.460336,0.000000,0.000000,5.460336
lichess_db_broadcast_2022-11_4614,30,f5h3,791,,-791.000000,0.000000,6.658661,2.560000,-2.560000,4.098661
lichess_db_broadcast_2022-11_4614,30,f5h7,688,,-688.000000,0.000000,6.067236,0.000000,0.000000,6.067236
lichess_db_broadcast_2022-11_4614,30,f6d7,748,,-748.000000,0.000000,-5.991336,0.000000,0.000000,-5.991336
lichess_db_broadcast_2022-11_4614,30,f6e4,561,,-561.000000,0.000000,8.097884,0.000000,0.000000,8.097884
lichess_db_broadcast_2022-11_4614,30,f6g4,724,,-724.000000,0.000000,-6.620743,0.000000,0.000000,-6.620743
lichess_db_broadcast_2022-11_4614,30,f6h5,747,,-747.000000,0.000000,-6.597619,0.000000,0.000000,-6.597619
lichess_db_broadcast_2022-11_4614,30,f6h7,734,,-734.000000,0.000000,-6.175232,0.000000,0.000000,-6.175232
lichess_db_broadcast_2022-11_4614,30,g7g5,730,,-730.000000,0.000000,-1.686637,0.000000,0.000000,-1.686637
lichess_db_broadcast_2022-11_4614,30,g7g6,729,,-729.000000,0.000000,-2.688647,0.000000,0.000000,-2.688647
lichess_db_broadcast_2022-11_4614,30,g8f8,755,,-755.000000,0.000000,7.158251,0.000000,0.000000,7.158251
lichess_db_broadcast_2022-11_4614,30,g8h7,756,,-756.000000,0.000000,5.851700,0.000000,0.000000,5.851700
lichess_db_broadcast_2022-11_4614,30,g8h8,723,,-723.000000,0.000000,-3.468417,0.000000,0.000000,-3.468417
lichess_db_broadcast_2022-11_4614,30,h6h5,717,,-717.000000,0.000000,2.044535,0.000000,0.000000,2.044535
lichess_db_broadcast_2022-11_4614,125,b1a2,223,,-223.000000,0.000000,3.873248,0.000000,0.000000,3.873248
lichess_db_broadcast_2022-11_4614,125,b1c2,205,,-205.000000,0.000000,2.260454,0.000000,0.000000,2.260454
lichess_db_broadcast_2022-11_4614,125,b1d3,265,,-265.000000,0.000000,2.322636,0.000000,0.000000,2.322636
lichess_db_broadcast_2022-11_4614,125,b1e4,619,,-619.000000,0.000000,2.310114,5.120000,-5.120000,-2.809886
lichess_db_broadcast_2022-11_4614,125,b1f5,439,,-439.000000,-2.560000,-16.140771,0.900000,-3.460000,-19.600771
lichess_db_broadcast_2022-11_4614,125,d4c3,494,,-494.000000,0.000000,0.552166,0.000000,0.000000,0.552166
lichess_db_broadcast_2022-11_4614,125,d4d3,425,,-425.000000,0.000000,-2.297465,0.000000,0.000000,-2.297465
lichess_db_broadcast_2022-11_4614,125,e3e4,475,,-475.000000,0.000000,-1.217036,0.000000,0.000000,-1.217036
lichess_db_broadcast_2022-11_4614,125,f3f4,250,,-250.000000,0.000000,1.030072,0.000000,0.000000,1.030072
lichess_db_broadcast_2022-11_4614,125,g3g4,335,,-335.000000,0.000000,0.945001,0.000000,0.000000,0.945001
lichess_db_broadcast_2022-11_4614,125,h2h1,247,,-247.000000,0.000000,2.286511,0.000000,0.000000,2.286511
lichess_db_broadcast_2022-11_4614,125,h2h3,246,,-246.000000,0.000000,1.040863,0.000000,0.000000,1.040863
lichess_db_broadcast_2022-11_4614,125,h2h4,249,,-249.000000,0.000000,0.876910,0.000000,0.000000,0.876910
lichess_db_broadcast_2022-11_4614,125,h2h5,504,,-504.000000,-4.560000,-16.792829,2.000000,-6.560000,-23.352829
lichess_db_broadcast_2022-11_4614,128,a4a3,-122,,122.000000,0.000000,-1.380077,0.000000,0.000000,-1.380077
lichess_db_broadcast_2022-11_4614,128,f5f4,-93,,93.000000,0.000000,-2.003614,0.000000,0.000000,-2.003614
lichess_db_broadcast_2022-11_4614,128,f6e6,-187,,187.000000,0.000000,3.131465,0.000000,0.000000,3.131465
lichess_db_broadcast_2022-11_4614,128,f6e7,-104,,104.000000,0.000000,3.031090,0.000000,0.000000,3.031090
lichess_db_broadcast_2022-11_4614,128,f6g5,-196,,196.000000,0.000000,-2.603828,0.000000,0.000000,-2.603828
lichess_db_broadcast_2022-11_4614,128,f6g6,-105,,105.000000,0.000000,4.928419,0.000000,0.000000,4.928419
lichess_db_broadcast_2022-11_4614,128,f7e6,-220,,220.000000,0.000000,1.874172,0.000000,0.000000,1.874172
lichess_db_broadcast_2022-11_4614,128,f7e8,-198,,198.000000,0.000000,4.628699,0.000000,0.000000,4.628699
lichess_db_broadcast_2022-11_4614,128,f7g6,-201,,201.000000,0.000000,2.555448,0.000000,0.000000,2.555448
lichess_db_broadcast_2022-11_4614,128,f7g8,-198,,198.000000,0.000000,-3.744824,0.000000,0.000000,-3.744824
lichess_db_broadcast_2022-11_4614,128,g7g5,-203,,203.000000,0.000000,-1.640245,0.000000,0.000000,-1.640245
lichess_db_broadcast_2022-11_4614,128,g7g6,-221,,221.000000,0.000000,2.489742,0.000000,0.000000,2.489742
lichess_db_broadcast_2022-11_4614,128,h5h4,-40,,40.000000,0.000000,-1.563051,0.000000,0.000000,-1.563051
lichess_db_broadcast_2022-11_4614,128,h8a8,-230,,230.000000,0.000000,-5.350605,0.000000,0.000000,-5.350605
lichess_db_broadcast_2022-11_4614,128,h8b8,-216,,216.000000,0.000000,-5.067575,0.000000,0.000000,-5.067575
lichess_db_broadcast_2022-11_4614,128,h8c8,-202,,202.000000,0.000000,-5.107184,0.000000,0.000000,-5.107184
lichess_db_broadcast_2022-11_4614,128,h8d8,-223,,223.000000,0.000000,-5.003362,0.000000,0.000000,-5.003362
lichess_db_broadcast_2022-11_4614,128,h8e8,-204,,204.000000,0.000000,6.781389,0.000000,0.000000,6.781389
lichess_db_broadcast_2022-11_4614,128,h8f8,-229,,229.000000,0.000000,-6.379067,0.000000,0.000000,-6.379067
lichess_db_broadcast_2022-11_4614,128,h8g8,-218,,218.000000,0.000000,6.798737,0.000000,0.000000,6.798737
lichess_db_broadcast_2022-11_4614,128,h8h6,-214,,214.000000,0.000000,4.098260,0.000000,0.000000,4.098260
lichess_db_broadcast_2022-11_4614,128,h8h7,-142,,142.000000,0.000000,6.123170,0.000000,0.000000,6.123170
