ply,norm_total,E_magn_A1minus,E_magn_A2minus,E_magn_B1minus,E_magn_B2minus,E_magn_Eminus,E_occ_A1plus,E_occ_A2plus,E_occ_B1plus,E_occ_B2plus,E_occ_Eplus,E_sheaf_pending_black,E_sheaf_pending_white
0,40.0,0.0,0.0,0.0,4.0,0.0,4.0,0.0,0.0,0.0,0.0,16.0,16.0
1,34.0,1.125,0.125,0.125,1.125,2.5,4.125,0.125,0.125,0.125,0.5,12.0,12.0
2,57.0,0.0,0.0,0.5,0.5,5.0,4.5,0.5,0.0,0.0,1.0,22.0,23.0
3,50.0,1.25,0.0,0.5,1.75,3.5,4.75,0.5,0.0,0.25,1.5,19.0,17.0
4,84.0,0.375,0.125,1.125,0.375,6.0,5.375,0.125,0.125,0.375,2.0,24.0,44.0
5,107.0,1.25,0.5,2.0,1.75,3.5,6.25,0.5,0.0,0.75,1.5,53.0,36.0
6,168.0,0.375,1.125,1.125,1.375,6.0,7.375,0.125,0.125,0.375,2.0,80.0,68.0
7,148.0,2.125,1.125,1.125,3.125,3.5,8.125,0.125,0.125,1.125,1.5,73.0,53.0
8,149.0,0.375,1.125,1.125,7.375,2.0,9.375,0.125,0.125,0.375,2.0,82.0,43.0
9,146.0,1.25,0.5,0.5,5.25,5.5,10.75,0.0,0.0,0.75,1.5,78.0,42.0
10,201.0,0.875,2.125,2.125,2.875,6.0,10.875,0.125,0.125,0.875,2.0,75.0,98.0
11,226.0,0.75,2.5,0.0,3.25,8.5,11.25,0.0,0.5,0.75,2.5,86.0,110.0
12,245.0,0.375,1.125,0.625,2.875,11.0,11.375,0.125,0.625,0.875,3.0,99.0,114.0
13,204.0,1.0,0.75,1.25,2.5,11.5,11.5,0.25,0.75,1.0,3.5,69.0,101.0
14,274.0,1.375,0.625,1.125,0.875,14.0,11.875,0.125,0.625,1.375,4.0,119.0,119.0
15,218.0,3.5,2.25,0.25,4.5,8.5,12.5,0.25,0.25,1.5,4.5,92.0,88.0
16,262.0,2.375,2.125,2.125,4.375,9.0,13.375,0.125,0.125,1.375,5.0,103.0,119.0
17,257.0,3.25,3.0,0.5,4.75,9.5,13.75,0.5,0.0,1.25,5.5,94.0,121.0
18,264.0,3.375,2.625,2.125,3.875,10.0,14.375,0.625,0.125,0.875,6.0,101.0,119.0
19,286.0,4.0,3.25,0.75,4.5,10.5,14.5,0.75,0.25,1.0,6.5,144.0,96.0
20,229.0,3.125,3.375,0.375,6.125,11.0,15.125,0.375,0.375,1.125,7.0,129.0,52.0
21,173.0,1.75,2.0,1.0,8.75,11.5,15.25,0.5,0.5,1.25,7.5,80.0,43.0
22,232.0,1.875,2.625,0.625,7.875,13.0,16.875,0.625,0.625,0.875,7.0,115.0,65.0
23,194.0,3.0,2.75,3.75,7.0,10.5,18.0,0.75,0.75,1.0,6.5,103.0,37.0
24,285.0,0.875,2.125,1.625,7.375,16.0,19.375,0.625,1.125,0.875,6.0,170.0,59.0
25,278.0,1.75,3.5,2.5,6.75,14.5,19.75,0.5,1.5,0.75,6.5,159.0,61.0
26,259.0,1.375,2.625,3.125,4.875,18.0,21.375,0.625,1.125,0.875,6.0,168.0,31.0
27,240.0,1.25,2.5,3.0,5.75,18.5,22.25,0.5,1.0,0.75,6.5,133.0,45.0
28,223.0,0.875,1.625,5.625,6.875,17.0,22.875,0.625,0.625,0.875,7.0,116.0,43.0
29,216.0,5.25,2.0,5.0,8.25,12.5,24.75,0.5,0.5,0.75,6.5,102.0,48.0
30,281.0,1.125,1.875,7.875,5.125,18.0,26.625,0.375,0.375,0.625,6.0,125.0,88.0
31,260.0,1.5,4.75,3.75,7.5,17.5,27.5,0.75,0.75,0.5,5.5,114.0,76.0
32,246.0,1.875,3.625,7.125,8.375,15.0,28.375,1.125,0.625,0.875,5.0,102.0,72.0
33,242.0,2.5,2.75,2.75,9.5,19.5,29.5,0.75,0.75,0.5,5.5,91.0,77.0
34,244.0,2.625,4.375,1.375,7.625,22.0,30.625,0.375,0.375,0.625,6.0,87.0,81.0
35,234.0,4.5,2.75,2.25,7.0,22.5,31.0,0.25,0.75,0.5,6.5,76.0,80.0
36,208.0,5.375,1.625,1.625,5.375,26.0,32.375,0.625,0.625,0.375,6.0,74.0,54.0
37,195.0,4.5,1.75,2.25,5.0,27.5,34.0,0.25,0.75,0.5,5.5,45.0,68.0
38,184.0,5.375,1.625,1.625,6.375,27.0,35.375,0.625,0.625,0.375,5.0,46.0,54.0
39,174.0,9.5,3.75,1.75,5.5,22.5,36.5,0.75,0.75,0.5,4.5,18.0,70.0
40,187.0,7.375,7.125,3.125,6.375,20.0,37.875,0.625,0.625,0.875,4.0,25.0,74.0
41,189.0,6.5,8.25,3.75,5.0,21.5,39.5,0.25,0.75,1.0,3.5,29.0,70.0
42,162.0,4.125,4.375,1.375,7.125,29.0,40.125,0.375,1.375,1.125,3.0,26.0,44.0
43,161.0,5.875,4.375,1.375,6.875,28.5,41.875,0.375,1.375,0.875,2.5,23.0,44.0
44,174.0,4.75,4.25,4.25,6.75,28.0,43.75,0.25,1.25,0.75,2.0,26.0,52.0
45,168.0,5.125,3.125,3.125,7.125,30.5,44.625,0.625,0.625,0.625,2.5,28.0,42.0
46,171.0,3.375,3.125,3.125,9.375,31.0,44.875,0.625,0.625,0.875,3.0,32.0,39.0
47,173.0,2.0,3.25,6.25,11.0,28.5,46.5,0.75,0.75,0.5,2.5,28.0,43.0
48,173.0,5.375,3.625,5.625,7.375,30.0,48.375,0.625,0.625,0.375,2.0,56.0,13.0
49,167.0,5.75,6.0,4.0,7.75,29.5,50.25,0.5,0.5,0.25,1.5,46.0,15.0
50,156.0,2.875,5.625,1.625,7.875,36.0,51.375,0.125,0.125,0.375,2.0,37.0,11.0
51,164.0,2.75,7.5,1.0,10.25,33.5,52.75,0.5,0.0,0.25,1.5,37.0,17.0
52,158.0,2.5,7.0,1.5,9.0,36.0,53.0,0.5,0.0,0.5,2.0,31.0,15.0
53,158.0,3.625,3.125,2.125,10.625,37.5,54.625,0.125,0.125,0.625,1.5,25.0,19.0
54,151.0,8.375,3.125,2.125,6.375,38.0,55.375,0.125,0.125,0.375,2.0,24.0,11.0
55,148.0,8.75,1.5,1.5,3.75,43.5,57.25,0.0,0.0,0.25,1.5,19.0,11.0
56,142.0,13.5,2.0,2.0,3.5,39.0,58.5,0.0,0.0,0.5,1.0,17.0,5.0
57,133.0,13.75,1.5,7.5,4.75,33.5,59.25,0.0,0.0,0.25,1.5,6.0,5.0
58,131.0,22.0,1.0,7.0,5.0,27.0,61.0,0.0,0.0,0.0,1.0,7.0,0.0
59,130.0,20.25,1.0,7.0,2.25,32.5,62.25,0.0,0.0,0.25,0.5,4.0,0.0
60,130.0,20.25,1.0,7.0,2.25,32.5,62.25,0.0,0.0,0.25,0.5,4.0,0.0
61,128.0,26.0,1.0,7.0,4.0,26.0,64.0,0.0,0.0,0.0,0.0,0.0,0.0
62,40.0,0.0,0.0,0.0,4.0,0.0,4.0,0.0,0.0,0.0,0.0,16.0,16.0
63,34.0,1.125,0.125,0.125,1.125,2.5,4.125,0.125,0.125,0.125,0.5,12.0,12.0
64,57.0,0.0,0.0,0.5,0.5,5.0,4.5,0.5,0.0,0.0,1.0,22.0,23.0
65,74.0,1.125,0.125,1.125,1.125,3.5,5.125,0.125,0.125,0.125,1.5,38.0,22.0
66,79.0,1.0,0.0,0.5,1.5,5.0,6.0,0.0,0.5,0.5,1.0,30.0,33.0
67,136.0,0.125,0.125,0.125,0.125,8.5,7.125,0.125,0.125,1.125,0.5,50.0,68.0
68,123.0,1.375,0.125,0.125,1.375,7.0,7.375,0.125,0.125,1.375,1.0,49.0,54.0
69,131.0,0.75,0.0,0.0,0.75,9.5,8.75,0.0,0.0,0.75,1.5,44.0,65.0
70,150.0,2.5,0.0,0.0,2.5,7.0,9.5,0.0,0.0,1.5,1.0,50.0,76.0
71,174.0,3.125,0.125,0.125,3.125,6.5,11.125,0.125,0.125,1.125,0.5,86.0,62.0
72,177.0,3.375,0.125,0.125,1.375,9.0,12.375,0.125,0.125,0.375,1.0,86.0,63.0
73,189.0,3.5,1.25,0.25,2.5,7.5,12.5,0.25,0.25,0.5,1.5,96.0,63.0
74,217.0,2.625,0.375,0.375,0.625,12.0,12.625,0.375,0.375,0.625,2.0,96.0,89.0
75,233.0,1.0,0.25,0.25,1.0,14.5,13.0,0.25,0.25,1.0,2.5,89.0,110.0
76,222.0,0.625,0.875,0.875,0.625,15.0,13.125,0.375,0.375,1.125,3.0,87.0,99.0
77,265.0,1.75,1.5,2.5,2.75,10.5,13.75,0.5,0.5,1.75,2.5,115.0,112.0
78,258.0,4.125,1.375,2.375,3.125,9.0,14.125,0.375,0.375,2.125,3.0,116.0,102.0
79,215.0,8.5,0.75,5.25,1.0,5.5,15.0,0.25,0.75,1.5,3.5,83.0,90.0
80,299.0,5.125,1.875,3.375,2.625,9.0,15.625,0.375,0.875,2.125,3.0,86.0,169.0
81,292.0,3.5,1.25,5.75,2.0,10.5,16.5,0.25,0.75,3.0,2.5,88.0,158.0
82,240.0,1.125,1.875,2.375,1.625,17.0,16.625,0.375,0.875,3.125,3.0,83.0,109.0
83,210.0,2.75,0.5,2.0,4.25,15.5,17.75,0.5,1.0,2.25,3.5,52.0,108.0
84,261.0,1.875,1.625,3.625,2.875,16.0,18.875,0.625,0.625,1.875,4.0,79.0,130.0
85,223.0,5.75,0.5,2.0,4.25,14.5,19.25,1.0,0.5,1.75,4.5,83.0,86.0
86,276.0,4.5,0.5,2.0,3.0,18.0,21.0,1.0,0.5,1.5,4.0,97.0,123.0
87,251.0,5.375,0.875,1.375,4.875,16.5,22.375,0.875,0.375,0.875,4.5,99.0,94.0
88,268.0,6.25,0.75,2.75,3.25,17.0,22.75,1.25,0.25,0.75,5.0,99.0,109.0
89,276.0,6.875,0.875,3.875,4.875,14.5,24.375,1.375,0.375,0.375,4.5,91.0,123.0
90,254.0,8.0,1.0,1.5,3.5,18.0,25.0,2.0,0.5,0.5,4.0,89.0,101.0
91,280.0,13.375,0.875,1.875,3.375,13.5,26.375,1.875,0.875,0.375,3.5,87.0,127.0
92,322.0,12.0,1.0,1.5,0.5,19.0,28.0,2.0,0.5,0.5,3.0,89.0,165.0
93,297.0,11.875,1.375,1.875,0.375,19.5,28.875,1.375,0.875,0.375,3.5,79.0,148.0
94,374.0,9.5,2.0,2.0,2.5,20.0,29.5,1.0,1.0,0.5,4.0,82.0,220.0
95,322.0,10.625,2.625,5.625,3.625,14.5,30.625,0.625,0.625,0.625,4.5,76.0,172.0
96,348.0,5.0,2.0,10.0,3.0,18.0,32.5,0.5,0.5,0.5,4.0,104.0,168.0
97,332.0,8.875,2.375,6.875,1.375,19.5,33.875,0.375,0.875,0.375,3.5,69.0,185.0
98,323.0,8.25,2.75,9.75,2.25,17.0,34.75,0.25,1.25,0.75,3.0,70.0,173.0
99,328.0,6.375,1.875,8.875,2.375,21.5,34.875,0.375,1.375,0.875,3.5,75.0,171.0
100,251.0,7.5,3.0,4.5,6.0,21.0,36.0,0.5,1.0,1.5,3.0,75.0,92.0
101,246.0,8.125,4.125,7.125,5.125,18.5,37.625,0.625,0.625,1.625,2.5,61.0,99.0
102,235.0,10.0,5.0,6.0,5.0,18.0,38.0,1.0,1.0,2.0,2.0,66.0,81.0
103,234.0,8.375,3.875,6.875,5.375,20.5,39.375,0.875,0.875,1.375,2.5,49.0,95.0
104,225.0,11.0,3.5,6.5,4.0,21.0,40.0,1.5,0.5,1.0,3.0,49.0,84.0
105,187.0,10.375,2.875,3.875,3.375,26.5,41.875,1.375,0.375,0.875,2.5,31.0,62.0
106,198.0,10.5,3.5,2.5,5.5,26.0,43.5,1.5,0.5,0.5,2.0,52.0,50.0
107,181.0,6.375,2.875,4.875,4.375,30.5,44.375,0.875,0.875,0.375,2.5,34.0,49.0
108,176.0,5.625,2.875,4.875,7.625,29.0,44.625,0.875,0.875,0.625,3.0,27.0,49.0
109,157.0,4.5,2.75,3.75,7.5,32.5,46.5,0.75,0.75,0.5,2.5,19.0,36.0
110,158.0,6.25,2.75,3.75,4.25,35.0,47.25,0.75,0.75,0.25,3.0,28.0,26.0
111,159.0,3.5,2.75,3.75,11.5,31.5,47.5,0.75,0.75,0.5,3.5,20.0,33.0
112,160.0,4.625,2.375,4.375,10.625,32.0,48.625,0.375,0.375,0.625,4.0,18.0,34.0
113,161.0,6.5,4.75,15.25,13.0,15.5,50.0,0.25,0.75,0.5,3.5,15.0,36.0
114,157.0,6.375,2.625,17.125,10.875,19.0,51.875,0.125,0.625,0.375,3.0,11.0,34.0
115,149.0,10.625,2.625,17.125,8.125,18.5,53.125,0.125,0.625,0.625,2.5,6.0,29.0
116,152.0,8.5,2.5,23.0,6.0,18.0,55.0,0.0,0.5,0.5,2.0,17.0,19.0
117,160.0,8.75,3.0,21.5,2.25,23.5,56.75,0.0,0.5,0.25,1.5,9.0,33.0
118,152.0,4.5,3.0,21.5,7.0,24.0,57.5,0.0,0.5,0.0,2.0,9.0,23.0
119,138.0,11.125,1.125,6.125,9.125,33.5,59.125,0.125,0.125,0.125,1.5,0.0,16.0
120,145.0,12.375,1.125,6.125,11.375,31.0,60.375,0.125,0.125,0.375,1.0,0.0,21.0
121,145.0,12.375,1.125,6.125,11.375,31.0,60.375,0.125,0.125,0.375,1.0,0.0,21.0
122,131.0,16.125,1.125,1.125,4.125,40.5,62.125,0.125,0.125,0.125,0.5,2.0,3.0
123,128.0,13.5,1.5,1.5,5.5,42.0,64.0,0.0,0.0,0.0,0.0,0.0,0.0
124,40.0,0.0,0.0,0.0,4.0,0.0,4.0,0.0,0.0,0.0,0.0,16.0,16.0
125,34.0,1.125,0.125,0.125,1.125,2.5,4.125,0.125,0.125,0.125,0.5,12.0,12.0
126,57.0,0.0,0.0,0.5,0.5,5.0,4.5,0.5,0.0,0.0,1.0,22.0,23.0
127,50.0,1.25,0.0,0.5,1.75,3.5,4.75,0.5,0.0,0.25,1.5,19.0,17.0
128,96.0,0.375,0.125,0.125,1.375,6.0,5.375,0.125,0.125,0.375,2.0,40.0,40.0
129,82.0,2.125,0.125,0.125,3.125,3.5,6.125,0.125,0.125,1.125,1.5,37.0,27.0
130,110.0,2.25,0.25,0.25,1.25,6.0,6.25,0.25,0.25,1.25,2.0,36.0,54.0
131,109.0,2.5,0.25,1.25,0.5,6.5,7.5,0.25,0.25,0.5,2.5,45.0,42.0
132,120.0,0.875,0.125,1.125,0.875,9.0,7.875,0.125,0.125,0.875,3.0,58.0,38.0
133,117.0,3.0,0.25,1.25,1.0,7.5,8.0,0.25,0.25,1.0,3.5,53.0,38.0
134,143.0,3.875,0.125,2.125,1.875,6.0,8.875,0.125,0.125,0.875,4.0,62.0,53.0
135,167.0,4.0,0.25,3.25,2.0,5.5,10.0,0.25,0.25,1.0,3.5,66.0,71.0
136,181.0,4.375,0.125,2.125,2.375,7.0,11.375,0.125,0.125,1.375,3.0,77.0,72.0
137,206.0,3.5,0.75,4.75,2.5,5.5,12.0,0.25,0.25,1.0,3.5,85.0,87.0
138,248.0,3.625,0.375,6.375,2.625,5.0,13.625,0.375,0.375,0.625,3.0,111.0,101.0
139,249.0,3.5,0.25,8.25,2.5,4.5,15.5,0.25,0.25,0.5,2.5,119.0,92.0
140,250.0,0.875,1.125,5.125,1.875,11.0,15.875,0.125,0.125,0.875,3.0,81.0,129.0
141,276.0,1.0,1.25,6.25,1.0,11.5,16.0,0.25,0.25,1.0,3.5,86.0,148.0
142,265.0,1.625,0.875,5.875,1.625,12.0,16.125,0.375,0.375,1.125,4.0,99.0,122.0
143,321.0,3.5,0.75,2.75,1.5,14.5,17.0,0.25,0.25,1.0,4.5,87.0,188.0
144,312.0,1.875,0.625,0.625,3.875,17.0,17.375,0.125,0.125,1.375,5.0,61.0,203.0
145,290.0,1.5,0.75,1.75,3.5,17.5,18.0,0.25,0.25,1.0,5.5,73.0,167.0
146,293.0,1.875,1.625,2.125,2.375,18.0,18.375,0.125,0.625,0.875,6.0,72.0,169.0
147,287.0,2.5,1.25,2.75,2.0,18.5,18.5,0.25,0.75,1.0,6.5,68.0,165.0
148,307.0,3.125,0.875,2.375,1.625,20.0,19.625,0.375,0.875,1.125,6.0,117.0,134.0
149,253.0,8.0,1.75,2.25,4.5,12.5,20.5,0.25,0.75,1.0,6.5,66.0,129.0
150,307.0,6.375,2.625,1.625,3.375,16.0,21.875,0.125,1.125,0.875,6.0,82.0,165.0
151,306.0,6.5,3.25,2.25,4.5,14.5,22.5,0.25,1.25,0.5,6.5,83.0,161.0
152,244.0,7.125,3.375,1.875,4.625,15.0,23.125,0.375,0.875,0.625,7.0,77.0,103.0
153,238.0,8.0,6.75,2.75,2.0,13.5,23.5,0.25,1.25,0.5,7.5,64.0,108.0
154,222.0,10.125,6.875,3.875,2.125,11.0,24.625,0.375,1.375,0.625,7.0,65.0,89.0
155,207.0,9.0,6.75,1.75,2.0,15.5,25.5,0.25,1.25,0.5,7.5,52.0,85.0
156,229.0,8.625,6.375,3.375,2.625,15.0,26.625,0.375,1.375,0.625,7.0,66.0,91.0
157,237.0,10.0,3.75,2.25,2.5,18.5,27.5,0.25,1.75,1.0,6.5,62.0,101.0
158,265.0,8.625,2.875,7.875,1.625,17.0,28.125,0.375,1.375,1.125,7.0,52.0,137.0
159,178.0,9.25,1.5,11.0,1.75,15.5,29.25,0.5,1.0,0.75,7.5,34.0,66.0
160,169.0,5.375,1.125,10.125,6.375,17.0,30.875,0.625,0.625,0.875,7.0,44.0,45.0
161,203.0,6.75,2.5,12.5,4.75,14.5,32.75,0.5,0.5,0.75,6.5,46.0,75.0
162,162.0,9.125,2.875,11.375,4.625,14.0,34.125,0.875,0.375,0.625,6.0,54.0,24.0
163,172.0,7.5,3.75,15.25,5.0,11.5,35.5,0.75,0.25,1.0,5.5,58.0,28.0
164,228.0,6.75,2.25,13.75,2.25,19.0,37.25,0.75,0.25,0.75,5.0,120.0,20.0
165,244.0,6.875,3.875,11.375,2.375,20.5,38.875,0.875,0.375,0.375,4.5,122.0,32.0
166,220.0,9.0,3.0,8.0,2.0,24.0,40.5,0.5,0.5,0.5,4.0,104.0,24.0
167,213.0,10.25,3.0,8.0,3.25,22.5,40.75,0.5,0.5,0.75,4.5,86.0,33.0
168,210.0,10.125,2.375,5.375,4.125,26.0,41.625,0.875,0.875,0.625,4.0,83.0,31.0
169,209.0,10.5,3.25,7.25,4.5,23.5,43.0,0.75,0.75,1.0,3.5,79.0,32.0
170,198.0,5.25,3.25,7.25,12.25,22.0,43.75,0.75,0.75,0.75,4.0,70.0,28.0
171,155.0,5.125,3.125,8.125,17.125,17.5,45.625,0.625,0.625,0.625,3.5,27.0,26.0
172,157.0,3.25,2.75,7.75,13.25,25.0,47.25,0.75,0.75,0.25,3.0,21.0,32.0
173,168.0,3.5,2.75,16.75,12.5,17.5,47.5,0.75,0.75,0.5,3.5,32.0,30.0
174,162.0,5.25,2.75,16.75,9.25,20.0,48.25,0.75,0.75,0.25,4.0,34.0,20.0
175,159.0,4.875,2.875,17.875,9.875,19.5,49.375,0.375,1.375,0.375,3.5,32.0,17.0
176,175.0,15.625,3.375,16.375,3.625,17.0,50.625,0.375,1.375,0.625,3.0,59.0,4.0
177,165.0,7.875,3.375,16.375,12.875,16.5,51.875,0.375,1.375,0.875,2.5,43.0,8.0
178,150.0,6.75,3.25,21.25,10.75,16.0,53.25,0.75,0.75,1.25,2.0,30.0,4.0
179,147.0,6.625,3.125,11.125,10.625,27.5,55.125,0.625,0.625,1.125,1.5,22.0,7.0
180,153.0,14.5,3.0,11.0,10.5,21.0,57.0,0.5,0.5,1.0,1.0,33.0,0.0
181,148.0,10.625,6.125,13.125,7.625,23.5,58.625,0.125,0.125,0.625,1.5,22.0,4.0
182,141.0,6.375,6.125,15.125,9.375,25.0,60.375,0.125,0.125,0.375,1.0,17.0,0.0
183,131.0,9.25,7.0,11.0,11.25,24.5,62.25,0.0,0.0,0.25,0.5,3.0,2.0
184,128.0,7.5,5.5,11.5,13.5,26.0,64.0,0.0,0.0,0.0,0.0,0.0,0.0
185,40.0,0.0,0.0,0.0,4.0,0.0,4.0,0.0,0.0,0.0,0.0,16.0,16.0
186,34.0,1.125,0.125,0.125,1.125,2.5,4.125,0.125,0.125,0.125,0.5,12.0,12.0
187,57.0,0.0,0.0,0.5,0.5,5.0,4.5,0.5,0.0,0.0,1.0,22.0,23.0
188,50.0,1.25,0.0,0.5,1.75,3.5,4.75,0.5,0.0,0.25,1.5,19.0,17.0
189,84.0,0.375,0.125,1.125,0.375,6.0,5.375,0.125,0.125,0.375,2.0,24.0,44.0
190,107.0,1.25,0.5,2.0,1.75,3.5,6.25,0.5,0.0,0.75,1.5,53.0,36.0
191,168.0,0.375,1.125,1.125,1.375,6.0,7.375,0.125,0.125,0.375,2.0,80.0,68.0
192,148.0,2.125,1.125,1.125,3.125,3.5,8.125,0.125,0.125,1.125,1.5,73.0,53.0
193,120.0,3.25,0.25,0.25,2.25,6.0,8.25,0.25,0.25,1.25,2.0,45.0,51.0
194,148.0,3.5,0.25,1.25,1.5,6.5,9.5,0.25,0.25,0.5,2.5,55.0,67.0
195,150.0,6.875,0.125,2.125,0.875,4.0,10.875,0.125,0.125,0.875,2.0,62.0,60.0
196,211.0,6.5,0.25,0.25,0.5,7.5,12.5,0.25,0.25,0.5,1.5,89.0,92.0
197,237.0,6.625,1.375,1.375,0.625,6.0,12.625,0.375,0.375,0.625,2.0,75.0,130.0
198,244.0,6.5,0.75,0.75,0.5,8.5,13.0,0.25,0.25,1.0,2.5,101.0,109.0
199,235.0,6.625,2.375,1.375,1.625,6.0,13.625,0.375,0.375,1.625,2.0,107.0,92.0
200,273.0,3.5,1.25,1.75,2.0,10.5,14.0,0.75,0.25,1.5,2.5,118.0,117.0
201,212.0,7.875,0.625,3.625,0.875,7.0,14.875,0.625,0.625,0.875,3.0,82.0,90.0
202,240.0,7.5,0.25,2.25,1.5,9.5,15.0,0.75,0.75,1.0,3.5,99.0,99.0
203,241.0,7.875,1.125,3.625,1.375,8.0,15.375,0.625,1.125,0.875,4.0,95.0,102.0
204,211.0,7.0,1.25,1.75,2.5,10.5,15.5,0.75,1.25,1.0,4.5,98.0,67.0
205,256.0,8.125,0.375,2.375,2.125,11.0,16.125,0.375,1.375,1.125,5.0,111.0,97.0
206,251.0,8.5,0.25,3.75,1.0,11.5,16.5,0.25,1.75,1.0,5.5,117.0,84.0
207,283.0,8.375,0.125,3.625,1.875,12.0,17.375,0.125,1.625,0.875,6.0,169.0,62.0
208,270.0,9.5,0.75,1.75,2.5,12.5,18.0,0.25,1.25,1.0,6.5,147.0,69.0
209,211.0,9.625,1.375,1.875,2.125,13.0,18.625,0.375,0.875,1.125,7.0,113.0,42.0
210,214.0,4.0,1.75,2.25,2.5,18.5,20.5,0.25,0.75,1.0,6.5,99.0,57.0
211,254.0,5.125,1.875,2.375,6.625,14.0,21.625,0.375,0.875,1.125,6.0,147.0,47.0
212,203.0,5.0,0.75,3.25,3.5,18.5,22.5,0.25,0.75,1.0,6.5,87.0,54.0
213,220.0,4.25,1.25,1.75,4.75,20.0,24.25,0.25,0.75,0.75,6.0,104.0,52.0
214,263.0,4.375,0.375,3.375,3.375,21.5,25.375,0.375,1.375,0.375,5.5,141.0,56.0
215,230.0,4.5,1.5,3.5,3.5,21.0,26.5,0.5,1.5,0.5,5.0,118.0,44.0
216,242.0,4.375,3.875,3.375,4.875,18.5,27.875,0.375,1.875,0.375,4.5,114.0,58.0
217,214.0,5.25,2.25,2.75,3.75,22.0,28.75,0.75,2.25,0.25,4.0,98.0,44.0
218,243.0,4.875,5.375,5.875,3.375,17.5,29.875,0.375,2.875,0.375,3.5,115.0,54.0
219,226.0,3.5,4.0,5.5,3.0,22.0,30.0,0.5,3.0,0.5,4.0,99.0,51.0
220,188.0,6.875,3.875,3.375,3.375,21.5,31.375,0.375,2.875,0.875,3.5,64.0,46.0
221,220.0,4.75,3.25,6.25,7.75,18.0,32.75,0.25,2.25,0.75,4.0,106.0,34.0
222,187.0,6.875,0.875,3.375,12.375,17.5,34.375,0.375,1.875,0.875,3.5,61.0,44.0
223,176.0,3.75,1.25,2.75,12.25,22.0,34.75,0.25,1.75,1.25,4.0,61.0,31.0
224,163.0,5.875,0.875,0.875,13.875,21.5,36.375,0.375,1.375,1.375,3.5,23.0,54.0
225,202.0,4.25,1.25,1.25,18.25,19.0,38.25,0.25,1.25,1.25,3.0,45.0,69.0
226,151.0,4.625,2.125,1.625,15.125,21.5,39.625,0.125,0.625,1.125,3.5,23.0,38.0
227,156.0,4.0,1.5,1.0,18.5,21.0,41.5,0.0,0.5,1.0,3.0,27.0,37.0
228,168.0,5.25,1.5,1.0,15.75,23.5,41.75,0.0,0.5,1.25,3.5,17.0,57.0
229,173.0,2.875,3.625,0.125,16.375,25.0,43.375,0.125,0.625,0.875,3.0,19.0,58.0
230,165.0,3.0,4.25,0.75,17.5,23.5,44.0,0.25,0.75,0.5,3.5,17.0,50.0
231,169.0,3.25,4.25,0.75,17.75,24.0,44.25,0.25,0.75,0.75,4.0,17.0,52.0
232,172.0,3.875,5.375,1.375,14.875,25.5,45.875,0.375,0.375,0.875,3.5,19.0,51.0
233,166.0,4.25,5.75,0.75,10.25,31.0,47.75,0.25,0.25,0.75,3.0,20.0,42.0
234,168.0,8.625,5.125,3.125,9.625,26.5,49.625,0.125,0.125,0.625,2.5,13.0,49.0
235,159.0,8.5,8.0,4.5,11.0,22.0,50.5,0.0,0.5,1.0,2.0,15.0,36.0
236,156.0,9.125,5.625,6.625,13.125,20.5,51.625,0.125,0.125,0.625,2.5,17.0,29.0
237,167.0,5.875,2.625,7.625,14.875,25.0,52.375,0.125,0.125,0.375,3.0,28.0,27.0
238,156.0,7.625,1.625,10.625,13.625,23.5,53.125,0.125,0.125,0.125,3.5,18.0,24.0
239,153.0,6.875,0.625,13.625,17.875,19.0,54.375,0.125,0.125,0.375,3.0,21.0,16.0
240,164.0,4.625,0.625,13.625,25.625,14.5,56.125,0.125,0.125,0.125,2.5,15.0,31.0
241,148.0,16.875,0.625,13.625,14.875,14.0,57.375,0.125,0.125,0.375,2.0,22.0,6.0
242,140.0,4.625,0.625,13.625,28.625,13.5,59.125,0.125,0.125,0.125,1.5,10.0,8.0
243,141.0,5.5,1.0,13.0,25.5,17.0,60.5,0.0,0.0,0.5,1.0,6.0,11.0
244,129.0,4.625,1.625,13.625,24.625,18.5,62.125,0.125,0.125,0.125,0.5,0.0,3.0
245,128.0,6.0,3.0,15.0,22.0,18.0,64.0,0.0,0.0,0.0,0.0,0.0,0.0
246,40.0,0.0,0.0,0.0,4.0,0.0,4.0,0.0,0.0,0.0,0.0,16.0,16.0
247,34.0,1.125,0.125,0.125,1.125,2.5,4.125,0.125,0.125,0.125,0.5,12.0,12.0
248,57.0,0.0,0.0,0.5,0.5,5.0,4.5,0.5,0.0,0.0,1.0,22.0,23.0
249,50.0,1.25,0.0,0.5,1.75,3.5,4.75,0.5,0.0,0.25,1.5,19.0,17.0
250,84.0,0.375,0.125,1.125,0.375,6.0,5.375,0.125,0.125,0.375,2.0,24.0,44.0
251,107.0,1.25,0.5,2.0,1.75,3.5,6.25,0.5,0.0,0.75,1.5,53.0,36.0
252,168.0,0.375,1.125,1.125,1.375,6.0,7.375,0.125,0.125,0.375,2.0,80.0,68.0
253,148.0,2.125,1.125,1.125,3.125,3.5,8.125,0.125,0.125,1.125,1.5,73.0,53.0
254,149.0,0.375,1.125,1.125,7.375,2.0,9.375,0.125,0.125,0.375,2.0,82.0,43.0
255,139.0,1.75,0.5,0.0,5.25,5.5,10.75,0.5,0.0,0.25,1.5,70.0,43.0
256,198.0,1.375,0.125,0.625,3.875,8.0,10.875,0.625,0.125,0.375,2.0,57.0,113.0
257,216.0,1.75,1.0,0.0,5.75,6.5,11.25,0.5,0.5,0.25,2.5,83.0,103.0
258,235.0,4.375,1.625,0.125,3.875,6.0,12.875,0.125,0.625,0.375,2.0,106.0,97.0
259,222.0,8.125,1.625,1.125,2.625,3.5,14.625,0.125,0.625,0.125,1.5,71.0,117.0
260,213.0,6.25,1.25,0.25,4.25,6.0,15.25,0.25,0.25,0.25,2.0,75.0,102.0
261,240.0,3.125,1.125,0.125,3.125,11.5,17.125,0.125,0.125,0.125,1.5,80.0,122.0
262,278.0,1.75,1.75,0.75,1.75,14.0,17.25,0.25,0.25,0.25,2.0,127.0,111.0
263,249.0,1.625,1.125,2.125,1.625,14.5,17.625,0.125,0.125,0.625,2.5,103.0,104.0
264,302.0,1.25,0.75,0.75,2.25,17.0,17.75,0.25,0.25,0.75,3.0,107.0,151.0
265,258.0,1.375,0.875,1.875,1.375,17.5,17.875,0.375,0.375,0.875,3.5,107.0,105.0
266,298.0,2.25,1.25,0.75,1.75,18.0,18.25,0.25,0.75,0.75,4.0,110.0,140.0
267,277.0,3.625,2.625,1.125,3.125,14.5,19.125,0.125,0.625,0.625,4.5,119.0,108.0
268,258.0,4.5,1.5,1.5,3.5,15.0,19.5,0.5,0.5,0.5,5.0,94.0,112.0
269,288.0,3.625,3.125,1.625,3.125,15.5,20.125,0.625,0.125,0.625,5.5,130.0,104.0
270,263.0,5.0,1.5,1.0,2.5,18.0,21.0,0.5,0.0,0.5,6.0,79.0,128.0
271,281.0,9.125,3.625,1.125,1.625,13.5,22.125,0.625,0.125,0.625,5.5,58.0,165.0
272,247.0,6.25,1.25,0.75,1.75,20.0,22.75,0.75,0.25,0.25,6.0,45.0,142.0
273,234.0,6.625,1.625,1.125,3.125,18.5,23.625,0.625,0.125,0.125,6.5,45.0,127.0
274,271.0,6.25,1.25,0.75,1.75,22.0,24.75,0.75,0.25,0.25,6.0,53.0,154.0
275,272.0,4.875,1.875,0.875,2.875,22.5,25.375,0.375,0.375,0.375,6.5,46.0,160.0
276,281.0,3.75,3.25,0.25,2.75,24.0,26.75,0.25,0.25,0.75,6.0,69.0,144.0
277,252.0,0.875,2.375,4.375,2.875,24.5,26.875,0.375,0.375,0.875,6.5,72.0,110.0
278,211.0,1.75,0.75,4.25,1.25,28.0,28.25,0.25,0.75,0.75,6.0,69.0,70.0
279,234.0,1.625,1.125,6.625,2.125,25.5,29.125,0.625,1.125,0.625,5.5,84.0,76.0
280,241.0,2.75,1.75,7.75,2.75,23.0,30.75,0.75,0.75,0.75,5.0,102.0,63.0
281,231.0,2.875,0.875,4.875,3.875,26.5,31.875,0.875,0.875,0.875,4.5,92.0,61.0
282,201.0,8.5,1.0,5.0,5.5,20.0,33.5,1.0,1.0,0.5,4.0,71.0,50.0
283,195.0,4.125,1.125,4.125,5.125,26.5,34.625,0.625,0.625,0.625,4.5,75.0,38.0
284,192.0,10.375,1.125,4.125,3.375,23.0,34.875,0.625,0.625,0.875,5.0,79.0,29.0
285,245.0,7.75,1.5,3.5,3.75,26.5,36.75,0.5,0.5,0.75,4.5,101.0,58.0
286,214.0,10.125,1.375,8.875,3.625,20.0,38.125,0.375,0.875,0.625,4.0,94.0,32.0
287,263.0,4.0,2.25,12.75,4.5,21.5,40.0,0.25,0.75,0.5,3.5,131.0,42.0
288,262.0,9.875,2.125,11.125,5.875,17.0,41.375,0.625,0.625,0.375,3.0,127.0,43.0
289,252.0,7.125,2.125,11.125,7.125,19.5,41.625,0.625,0.625,0.625,3.5,120.0,38.0
290,202.0,16.25,1.75,7.25,5.75,17.0,43.25,0.75,0.25,0.75,3.0,85.0,21.0
291,197.0,5.125,1.625,15.125,6.625,20.5,45.125,0.625,0.125,0.625,2.5,76.0,23.0
292,181.0,6.25,0.75,11.75,7.25,24.0,46.75,0.25,0.25,0.75,2.0,58.0,23.0
293,167.0,8.125,2.125,16.625,3.625,20.5,47.125,0.125,0.625,0.625,2.5,44.0,21.0
294,193.0,7.375,1.625,14.125,4.875,24.0,47.875,0.125,0.625,1.375,2.0,70.0,19.0
295,180.0,8.125,1.625,14.125,9.625,19.5,48.625,0.125,0.625,2.125,1.5,53.0,21.0
296,175.0,6.75,1.75,14.75,8.75,22.0,49.25,0.25,0.25,2.25,2.0,48.0,19.0
297,151.0,13.625,2.625,2.625,8.625,27.5,51.125,0.125,0.125,2.125,1.5,12.0,29.0
298,153.0,14.875,1.625,5.625,9.875,24.0,52.375,0.125,0.125,1.375,2.0,12.0,29.0
299,146.0,21.75,3.0,2.5,8.25,21.5,53.25,0.5,0.0,1.75,1.5,15.0,17.0
300,149.0,22.875,3.625,2.625,11.875,17.0,54.375,0.125,0.125,2.375,1.0,15.0,18.0
301,140.0,24.125,3.625,2.625,11.125,17.5,55.625,0.125,0.125,1.625,1.5,5.0,17.0
302,134.0,33.0,4.0,0.0,7.0,16.0,57.0,0.0,0.0,1.0,2.0,2.0,12.0
303,148.0,34.75,4.0,0.0,6.75,15.5,58.75,0.0,0.0,0.75,1.5,0.0,26.0
304,134.0,32.5,4.0,0.0,10.5,15.0,60.5,0.0,0.0,0.5,1.0,6.0,4.0
305,131.0,30.125,3.125,0.125,11.125,18.5,62.125,0.125,0.125,0.125,0.5,0.0,5.0
306,128.0,38.5,2.5,0.5,8.5,14.0,64.0,0.0,0.0,0.0,0.0,0.0,0.0
307,40.0,0.0,0.0,0.0,4.0,0.0,4.0,0.0,0.0,0.0,0.0,16.0,16.0
308,34.0,1.125,0.125,0.125,1.125,2.5,4.125,0.125,0.125,0.125,0.5,12.0,12.0
309,57.0,0.0,0.0,0.5,0.5,5.0,4.5,0.5,0.0,0.0,1.0,22.0,23.0
310,66.0,1.125,0.125,1.125,2.125,2.5,5.125,1.125,0.125,0.125,0.5,27.0,25.0
311,102.0,0.0,0.5,2.0,0.5,5.0,6.0,0.5,0.0,0.5,1.0,32.0,54.0
312,82.0,1.125,0.125,1.125,2.125,4.5,7.125,0.125,0.125,1.125,0.5,33.0,31.0
313,117.0,1.0,0.5,0.5,3.0,5.0,8.5,0.0,0.0,0.5,1.0,59.0,38.0
314,144.0,1.125,1.125,0.125,2.125,6.5,10.125,0.125,0.125,0.125,0.5,79.0,43.0
315,130.0,1.375,0.125,1.125,4.375,5.0,10.375,0.125,0.125,0.375,1.0,68.0,38.0
316,131.0,1.125,1.125,0.125,2.125,8.5,11.125,0.125,0.125,1.125,0.5,50.0,55.0
317,146.0,0.375,0.125,0.125,4.375,9.0,12.375,0.125,0.125,0.375,1.0,65.0,53.0
318,180.0,1.5,1.25,0.25,2.5,9.5,12.5,0.25,0.25,0.5,1.5,89.0,61.0
319,233.0,1.375,3.625,1.625,1.375,8.0,12.875,0.125,0.125,0.875,2.0,108.0,93.0
320,229.0,1.5,2.25,0.25,2.5,10.5,13.5,0.25,0.25,0.5,2.5,117.0,78.0
321,220.0,4.875,1.625,0.625,4.875,6.0,15.375,0.125,0.125,0.375,2.0,117.0,67.0
322,243.0,0.75,0.5,2.5,2.75,12.5,16.25,0.0,0.0,0.25,2.5,161.0,44.0
323,244.0,2.375,0.125,0.125,3.375,14.0,17.375,0.125,0.125,0.375,2.0,133.0,71.0
324,253.0,2.5,0.25,0.25,3.5,14.5,17.5,0.25,0.25,0.5,2.5,98.0,113.0
325,273.0,2.625,0.375,1.375,2.625,15.0,17.625,0.375,0.375,0.625,3.0,98.0,131.0
326,247.0,2.75,0.5,0.5,3.75,15.5,17.75,0.5,0.5,0.75,3.5,94.0,107.0
327,261.0,2.875,0.625,0.625,3.875,16.0,17.875,0.625,0.625,0.875,4.0,92.0,121.0
328,243.0,1.75,1.5,1.0,2.25,18.5,18.25,1.0,0.5,0.75,4.5,99.0,94.0
329,225.0,2.125,2.375,0.875,1.625,19.0,18.625,0.875,0.375,1.125,5.0,86.0,87.0
330,223.0,2.0,1.75,1.75,2.0,19.5,19.0,0.75,0.75,1.0,5.5,72.0,97.0
331,264.0,1.625,1.375,1.875,3.125,20.0,19.625,0.375,0.875,1.125,6.0,80.0,128.0
332,293.0,1.75,2.0,3.0,1.75,20.5,20.25,0.5,0.5,1.25,6.5,119.0,116.0
333,262.0,2.125,0.875,1.875,4.125,21.0,20.625,0.375,0.375,1.625,7.0,74.0,128.0
334,332.0,1.5,0.25,1.75,3.0,24.5,21.5,0.25,0.75,2.0,6.5,101.0,169.0
335,299.0,2.375,0.625,1.625,5.375,22.0,22.375,0.625,0.625,2.375,6.0,93.0,142.0
336,271.0,6.125,0.625,3.625,7.125,15.5,24.125,0.625,0.625,2.125,5.5,61.0,144.0
337,280.0,5.0,1.0,3.0,6.0,19.0,25.5,0.5,0.5,2.5,5.0,79.0,133.0
338,271.0,14.125,1.625,1.625,5.125,12.5,27.125,0.625,0.625,2.125,4.5,56.0,145.0
339,285.0,4.75,0.75,5.75,5.75,19.0,27.75,0.75,0.75,1.75,5.0,75.0,138.0
340,294.0,6.875,2.375,1.875,6.375,19.5,28.875,0.375,0.875,1.375,5.5,88.0,132.0
341,323.0,6.0,2.5,1.5,8.0,20.0,30.0,0.5,0.5,1.0,6.0,121.0,126.0
342,333.0,6.375,3.375,1.375,8.375,19.5,31.375,0.375,0.375,1.375,5.5,101.0,154.0
343,358.0,4.75,4.75,2.75,6.75,21.0,33.25,0.25,0.25,1.25,5.0,126.0,152.0
344,358.0,8.875,5.375,4.375,5.875,16.5,34.875,0.375,0.375,0.875,4.5,93.0,183.0
345,305.0,4.25,3.25,2.75,3.75,28.0,36.25,0.25,0.75,0.75,4.0,110.0,111.0
346,289.0,4.125,1.625,5.625,4.125,27.5,37.125,0.625,0.625,1.125,3.5,85.0,118.0
347,255.0,4.75,3.75,3.25,3.25,29.0,38.75,0.75,0.25,1.25,3.0,86.0,81.0
348,222.0,3.875,1.375,7.375,4.875,27.5,39.875,0.375,0.375,0.875,3.5,65.0,67.0
349,186.0,13.25,0.75,2.75,10.25,19.0,41.75,0.25,0.25,0.75,3.0,49.0,45.0
350,201.0,7.625,1.125,3.125,10.625,24.5,43.625,0.125,0.125,0.625,2.5,58.0,49.0
351,186.0,9.75,0.75,2.75,7.75,27.0,44.25,0.25,0.25,0.25,3.0,53.0,37.0
352,185.0,10.125,2.625,2.625,11.125,22.5,45.625,0.125,0.125,0.625,2.5,52.0,35.0
353,197.0,13.75,3.75,2.75,9.75,20.0,47.25,0.25,0.25,0.25,2.0,56.0,41.0
354,183.0,10.0,3.75,2.75,14.0,20.5,47.5,0.25,0.25,0.5,2.5,44.0,37.0
355,174.0,10.25,3.75,2.75,14.25,21.0,47.75,0.25,0.25,0.75,3.0,47.0,23.0
356,172.0,9.625,4.125,3.125,14.625,21.5,48.625,0.125,0.125,0.625,3.5,45.0,21.0
357,165.0,11.0,1.5,7.5,13.0,21.0,50.5,0.0,0.0,0.5,3.0,53.0,4.0
358,155.0,4.75,1.5,7.5,11.75,29.5,51.25,0.0,0.0,0.25,3.5,43.0,2.0
359,166.0,7.5,1.5,7.5,10.5,29.0,52.0,0.0,0.0,1.0,3.0,54.0,0.0
360,165.0,8.75,1.5,7.5,10.75,28.5,53.25,0.0,0.0,1.25,2.5,45.0,6.0
361,147.0,7.375,1.125,7.125,10.375,32.0,54.375,0.125,0.125,1.375,2.0,31.0,0.0
362,145.0,5.75,1.5,5.0,11.25,35.5,55.75,0.5,0.0,1.25,1.5,23.0,4.0
363,148.0,7.5,1.0,4.5,13.0,34.0,57.0,0.5,0.0,0.5,2.0,26.0,2.0
364,146.0,6.625,1.125,3.125,18.625,31.5,58.625,0.125,0.125,0.625,1.5,22.0,2.0
365,141.0,5.375,1.125,3.125,17.375,35.0,60.375,0.125,0.125,0.375,1.0,17.0,0.0
366,135.0,10.75,2.5,2.5,8.75,38.5,62.25,0.0,0.0,0.25,0.5,9.0,0.0
367,135.0,10.75,2.5,2.5,8.75,38.5,62.25,0.0,0.0,0.25,0.5,9.0,0.0
368,128.0,27.0,2.0,2.0,3.0,30.0,64.0,0.0,0.0,0.0,0.0,0.0,0.0
369,40.0,0.0,0.0,0.0,4.0,0.0,4.0,0.0,0.0,0.0,0.0,16.0,16.0
370,34.0,1.125,0.125,0.125,1.125,2.5,4.125,0.125,0.125,0.125,0.5,12.0,12.0
371,57.0,0.0,0.0,0.5,0.5,5.0,4.5,0.5,0.0,0.0,1.0,22.0,23.0
372,50.0,1.25,0.0,0.5,1.75,3.5,4.75,0.5,0.0,0.25,1.5,19.0,17.0
373,84.0,0.375,0.125,1.125,0.375,6.0,5.375,0.125,0.125,0.375,2.0,24.0,44.0
374,107.0,1.25,0.5,2.0,1.75,3.5,6.25,0.5,0.0,0.75,1.5,53.0,36.0
375,168.0,0.375,1.125,1.125,1.375,6.0,7.375,0.125,0.125,0.375,2.0,80.0,68.0
376,99.0,4.25,0.5,2.0,0.75,3.5,8.75,0.0,0.5,0.25,1.5,48.0,29.0
377,118.0,4.5,0.0,0.5,0.0,7.0,9.5,0.0,0.5,1.0,1.0,64.0,30.0
378,117.0,4.125,0.125,0.125,0.125,8.5,11.125,0.125,0.125,1.125,0.5,46.0,45.0
379,181.0,0.25,0.25,1.25,1.25,11.0,11.25,0.25,0.25,1.25,1.0,60.0,93.0
380,177.0,4.125,0.125,2.125,2.125,6.5,13.125,0.125,0.125,1.125,0.5,83.0,64.0
381,199.0,5.0,0.5,0.5,1.0,9.0,13.5,0.0,0.0,1.5,1.0,80.0,87.0
382,180.0,4.625,0.125,0.125,0.625,11.5,13.625,0.125,0.125,1.625,1.5,77.0,69.0
383,201.0,2.0,1.0,0.5,2.5,12.0,14.0,0.0,0.5,1.5,2.0,89.0,76.0
384,192.0,1.625,1.625,1.125,2.125,12.5,14.125,0.125,0.625,1.625,2.5,72.0,82.0
385,225.0,3.25,1.75,2.25,1.75,11.0,14.75,0.25,0.75,1.25,3.0,81.0,104.0
386,220.0,4.5,1.75,0.25,1.0,13.5,16.0,0.25,0.75,0.5,3.5,112.0,66.0
387,293.0,5.125,1.375,0.875,0.625,14.0,16.125,0.375,0.875,0.625,4.0,141.0,108.0
388,274.0,5.5,0.25,2.25,0.5,14.5,16.5,0.25,1.25,0.5,4.5,126.0,102.0
389,214.0,5.125,0.375,1.875,3.625,13.0,17.125,0.375,0.875,0.625,5.0,126.0,40.0
390,207.0,4.0,0.75,1.75,5.0,13.5,17.5,0.25,1.25,0.5,5.5,102.0,55.0
391,222.0,4.75,0.75,1.75,5.75,13.0,19.25,0.25,1.25,0.25,5.0,124.0,46.0
392,250.0,5.375,0.375,2.375,5.375,13.5,19.375,0.375,1.375,0.375,5.5,170.0,26.0
393,225.0,7.75,0.75,3.75,3.75,12.0,20.25,0.25,1.25,0.25,6.0,151.0,18.0
394,209.0,3.125,0.625,4.125,1.625,19.5,21.125,0.625,1.125,0.625,5.5,134.0,17.0
395,281.0,4.375,0.625,4.125,2.875,18.0,21.375,0.625,1.125,0.875,6.0,186.0,35.0
396,272.0,5.5,1.25,2.25,3.5,18.5,22.0,0.75,0.75,1.0,6.5,179.0,31.0
397,240.0,11.125,1.375,5.875,2.625,11.0,22.625,0.875,0.375,1.125,7.0,163.0,13.0
398,277.0,13.0,0.75,3.25,2.5,13.5,23.0,0.75,0.25,1.5,7.5,198.0,13.0
399,332.0,16.625,0.375,3.875,2.125,11.0,24.125,0.875,0.375,1.625,7.0,253.0,11.0
400,329.0,7.25,0.5,5.5,2.25,19.5,25.25,0.5,0.5,1.25,7.5,241.0,18.0
401,295.0,5.875,0.625,6.625,2.875,20.0,25.875,0.625,0.625,0.875,8.0,207.0,16.0
402,257.0,6.75,0.5,0.5,2.75,26.5,26.75,0.5,0.5,0.75,8.5,155.0,28.0
403,246.0,5.125,1.875,1.875,4.125,25.0,27.625,0.375,0.375,0.625,9.0,149.0,21.0
404,261.0,7.25,1.0,1.0,3.25,26.5,28.75,0.5,0.5,0.75,8.5,156.0,27.0
405,237.0,5.125,1.375,3.875,3.625,26.0,30.125,0.375,0.875,0.625,8.0,135.0,22.0
406,281.0,6.25,3.5,2.0,5.75,23.5,31.25,0.5,1.0,0.75,7.5,176.0,23.0
407,227.0,2.125,2.375,4.375,4.125,29.0,32.125,0.375,1.375,1.125,7.0,124.0,19.0
408,172.0,4.5,1.25,3.75,3.0,30.5,33.5,0.25,1.75,1.0,6.5,78.0,8.0
409,169.0,4.25,1.25,4.75,6.75,27.0,34.25,0.25,1.75,0.75,7.0,69.0,12.0
410,192.0,5.125,1.125,4.125,8.125,26.5,35.625,0.625,1.625,0.625,6.5,47.0,55.0
411,158.0,3.75,0.75,4.25,10.25,27.0,36.75,0.75,1.25,0.25,7.0,45.0,21.0
412,179.0,4.375,1.875,3.875,10.375,26.5,38.375,0.875,0.875,0.375,6.5,41.0,44.0
413,193.0,4.25,4.25,3.75,15.75,20.0,39.75,0.75,1.25,0.25,6.0,45.0,52.0
414,188.0,4.625,4.125,2.125,14.625,23.5,41.125,0.625,1.625,0.125,5.5,43.0,47.0
415,155.0,5.25,2.25,2.75,16.75,23.0,42.75,0.75,1.25,0.25,5.0,43.0,12.0
416,134.0,1.375,0.875,4.875,15.375,28.5,44.375,0.875,0.875,0.375,4.5,27.0,5.0
417,164.0,6.5,1.0,4.5,8.0,32.0,46.0,0.5,1.0,0.5,4.0,55.0,5.0
418,145.0,7.125,1.125,5.125,10.125,29.5,47.625,0.625,0.625,0.625,3.5,33.0,6.0
419,143.0,6.0,1.0,10.0,10.0,27.0,49.5,0.5,0.5,0.5,3.0,35.0,0.0
420,161.0,2.375,0.375,9.375,6.375,36.5,51.375,0.375,0.375,0.375,2.5,41.0,10.0
421,163.0,4.25,1.25,10.25,4.25,36.0,53.25,0.25,0.25,0.25,2.0,41.0,10.0
422,147.0,9.625,1.625,3.625,8.625,33.5,55.125,0.125,0.125,0.125,1.5,14.0,19.0
423,134.0,4.5,0.5,2.5,7.5,43.0,57.0,0.0,0.0,0.0,1.0,8.0,10.0
424,128.0,8.75,0.5,2.5,5.75,41.5,57.25,0.0,0.0,0.25,1.5,5.0,5.0
425,140.0,6.0,0.5,6.5,4.0,43.0,58.5,0.0,0.0,0.5,1.0,12.0,8.0
426,138.0,8.75,0.5,6.5,3.75,41.5,59.25,0.0,0.0,0.25,1.5,14.0,2.0
427,135.0,4.5,0.5,6.5,5.5,45.0,61.0,0.0,0.0,0.0,1.0,11.0,0.0
428,133.0,20.75,0.5,12.5,2.75,26.5,62.25,0.0,0.0,0.25,0.5,7.0,0.0
429,133.0,20.75,0.5,12.5,2.75,26.5,62.25,0.0,0.0,0.25,0.5,7.0,0.0
430,128.0,40.5,0.5,6.5,2.5,14.0,64.0,0.0,0.0,0.0,0.0,0.0,0.0
431,40.0,0.0,0.0,0.0,4.0,0.0,4.0,0.0,0.0,0.0,0.0,16.0,16.0
432,34.0,1.125,0.125,0.125,1.125,2.5,4.125,0.125,0.125,0.125,0.5,12.0,12.0
433,57.0,0.0,0.0,0.5,0.5,5.0,4.5,0.5,0.0,0.0,1.0,22.0,23.0
434,74.0,1.125,0.125,1.125,1.125,3.5,5.125,0.125,0.125,0.125,1.5,38.0,22.0
435,79.0,1.0,0.0,0.5,1.5,5.0,6.0,0.0,0.5,0.5,1.0,30.0,33.0
436,86.0,1.625,0.625,0.125,1.125,5.5,6.125,0.125,0.625,0.625,1.5,23.0,45.0
437,70.0,1.0,0.0,1.0,2.0,6.0,6.5,0.5,0.5,0.5,2.0,23.0,27.0
438,88.0,0.125,0.125,1.625,0.625,8.5,7.625,0.625,0.125,0.125,2.5,37.0,29.0
439,95.0,1.375,0.125,1.625,1.875,7.0,7.875,0.625,0.125,0.375,3.0,26.0,45.0
440,104.0,1.5,0.25,1.75,2.0,7.5,8.0,0.75,0.25,0.5,3.5,31.0,47.0
441,66.0,4.625,0.375,4.375,0.625,4.0,8.625,0.375,0.375,0.625,4.0,15.0,23.0
442,94.0,4.5,0.75,1.75,0.5,7.5,9.5,0.75,0.75,0.5,3.5,38.0,26.0
443,78.0,4.375,1.125,3.625,0.875,6.0,9.875,0.625,1.125,0.375,4.0,14.0,32.0
444,148.0,1.5,2.75,1.75,3.5,7.5,10.5,0.75,1.75,0.5,3.5,72.0,42.0
445,133.0,4.375,2.125,1.125,3.375,7.0,11.875,0.625,1.625,0.875,3.0,40.0,57.0
446,198.0,7.125,2.125,1.125,1.125,7.5,12.625,0.625,1.625,0.625,3.5,68.0,92.0
447,225.0,5.75,4.25,3.25,1.75,5.0,13.75,0.25,2.25,0.75,3.0,88.0,97.0
448,224.0,2.375,3.375,4.375,2.375,8.5,15.375,0.375,2.375,0.375,2.5,84.0,98.0
449,280.0,1.75,2.75,3.75,3.75,10.0,16.75,0.75,1.75,0.75,2.0,121.0,115.0
450,257.0,6.625,3.625,2.625,4.625,5.5,18.625,0.625,1.625,0.625,1.5,101.0,110.0
451,351.0,2.875,3.625,2.625,9.875,5.0,19.875,0.625,1.625,0.875,1.0,122.0,181.0
452,333.0,5.75,3.0,1.0,5.75,9.5,20.75,1.0,1.0,0.75,1.5,126.0,157.0
453,395.0,1.5,3.0,1.0,5.5,15.0,22.5,1.0,1.0,0.5,1.0,195.0,148.0
454,398.0,1.125,2.625,0.625,5.125,17.5,22.625,1.125,1.125,0.625,1.5,158.0,186.0
455,376.0,1.25,4.75,0.75,7.25,14.0,22.75,1.25,1.25,0.75,2.0,192.0,128.0
456,352.0,1.625,4.625,1.125,7.125,14.5,23.125,1.125,1.625,0.625,2.5,168.0,126.0
457,431.0,4.25,5.25,3.75,3.75,13.0,24.75,0.75,1.25,0.25,3.0,259.0,112.0
458,427.0,3.375,2.875,6.375,1.875,16.5,25.875,0.375,1.875,0.375,2.5,242.0,123.0
459,399.0,5.25,3.25,4.25,2.25,17.0,27.25,0.25,1.25,0.25,3.0,231.0,104.0
460,352.0,5.125,3.125,1.625,3.625,19.5,27.625,0.625,1.125,0.125,3.5,180.0,106.0
461,361.0,3.75,4.25,3.25,2.75,20.0,28.25,0.75,0.75,0.25,4.0,185.0,108.0
462,328.0,7.625,4.125,1.125,1.625,20.5,29.125,0.625,0.625,0.125,4.5,155.0,103.0
463,342.0,4.75,3.25,1.25,2.75,24.0,30.25,0.75,0.75,0.25,4.0,181.0,89.0
464,305.0,6.125,2.625,4.125,2.625,21.5,31.625,1.125,0.625,0.125,3.5,124.0,107.0
465,286.0,6.25,1.75,8.25,1.75,20.0,31.75,1.25,0.75,0.25,4.0,130.0,80.0
466,291.0,7.375,2.875,6.875,1.375,20.5,32.375,0.875,0.875,0.375,4.5,126.0,87.0
467,276.0,4.75,2.75,12.25,1.25,19.0,32.75,0.75,1.25,0.25,5.0,114.0,82.0
468,296.0,5.875,3.375,9.375,1.875,20.5,34.375,0.875,0.875,0.375,4.5,67.0,147.0
469,291.0,6.25,1.75,12.75,3.25,18.0,36.25,0.75,0.75,0.25,4.0,88.0,119.0
470,284.0,8.125,3.625,8.125,3.625,19.5,37.125,0.625,1.125,0.625,3.5,56.0,142.0
471,280.0,5.75,3.25,11.25,2.75,21.0,38.75,0.25,1.25,0.75,3.0,60.0,132.0
472,235.0,9.875,2.375,2.875,3.375,26.5,39.875,0.375,1.875,0.375,2.5,37.0,108.0
473,229.0,8.75,3.25,4.75,3.25,26.0,41.75,0.25,1.75,0.25,2.0,31.0,106.0
474,183.0,14.125,1.625,5.125,2.625,23.5,43.125,0.625,1.125,0.625,1.5,9.0,80.0
475,181.0,9.25,2.75,3.25,4.75,28.0,44.75,0.25,0.75,0.25,2.0,20.0,65.0
476,184.0,16.5,2.75,3.25,4.0,22.5,45.0,0.25,0.75,0.5,2.5,7.0,79.0
477,177.0,14.625,4.375,2.375,3.625,25.0,45.625,0.375,0.375,0.625,3.0,9.0,68.0
478,171.0,16.5,2.75,2.75,4.5,24.5,46.5,0.75,0.75,0.5,2.5,2.0,67.0
479,187.0,13.375,4.625,1.625,4.375,28.0,48.375,0.625,0.625,0.375,2.0,4.0,79.0
480,174.0,13.5,3.25,2.25,2.5,31.5,49.5,1.25,0.25,0.5,1.5,2.0,66.0
481,166.0,10.875,3.625,2.625,7.875,29.0,50.875,0.625,0.625,0.875,1.0,6.0,52.0
482,160.0,10.625,3.125,2.125,7.625,31.5,51.125,0.625,0.625,1.125,1.5,4.0,46.0
483,166.0,8.875,3.625,2.625,9.875,31.0,51.875,0.625,0.625,1.875,1.0,2.0,52.0
484,166.0,11.25,3.0,3.0,7.25,32.5,53.75,0.5,0.5,1.75,0.5,3.0,49.0
485,150.0,12.0,3.0,3.0,8.0,32.0,54.5,0.5,0.5,2.5,0.0,0.0,34.0
486,150.0,12.0,3.0,3.0,8.0,32.0,54.5,0.5,0.5,2.5,0.0,0.0,34.0
487,138.0,9.625,4.625,0.625,5.625,38.5,56.125,0.125,0.125,2.125,0.5,2.0,18.0
488,137.0,10.375,4.125,0.125,8.375,37.0,57.375,0.125,0.125,1.375,1.0,0.0,17.0
489,136.0,13.625,4.125,0.125,3.625,39.5,58.625,0.125,0.125,0.625,1.5,0.0,14.0
490,136.0,13.625,4.125,0.125,3.625,39.5,58.625,0.125,0.125,0.625,1.5,0.0,14.0
491,128.0,15.375,3.125,1.125,1.375,41.0,60.375,0.125,0.125,0.375,1.0,4.0,0.0
492,126.0,10.25,1.0,3.0,4.25,44.5,62.25,0.0,0.0,0.25,0.5,0.0,0.0
493,40.0,0.0,0.0,0.0,4.0,0.0,4.0,0.0,0.0,0.0,0.0,16.0,16.0
494,34.0,1.125,0.125,0.125,1.125,2.5,4.125,0.125,0.125,0.125,0.5,12.0,12.0
495,57.0,0.0,0.0,0.5,0.5,5.0,4.5,0.5,0.0,0.0,1.0,22.0,23.0
496,50.0,1.25,0.0,0.5,1.75,3.5,4.75,0.5,0.0,0.25,1.5,19.0,17.0
497,84.0,0.375,0.125,1.125,0.375,6.0,5.375,0.125,0.125,0.375,2.0,24.0,44.0
498,82.0,2.125,0.125,1.125,1.125,4.5,6.125,0.125,0.125,0.125,2.5,33.0,31.0
499,94.0,2.5,0.5,0.5,1.5,5.0,7.0,0.0,0.0,0.0,3.0,41.0,33.0
500,125.0,2.125,1.125,0.125,1.125,6.5,8.125,0.125,0.125,0.125,2.5,49.0,54.0
501,177.0,5.0,2.0,0.5,0.5,4.0,9.5,0.5,0.0,0.0,2.0,97.0,56.0
502,151.0,5.625,0.625,0.125,0.125,6.5,9.625,0.625,0.125,0.125,2.5,67.0,58.0
503,151.0,5.25,2.25,0.75,0.75,5.0,9.75,0.75,0.25,0.25,3.0,62.0,61.0
504,140.0,3.0,0.75,0.25,4.5,6.5,11.0,0.75,0.25,0.5,2.5,61.0,49.0
505,199.0,3.625,0.375,0.375,1.625,10.0,12.625,0.375,0.375,0.625,2.0,78.0,89.0
506,125.0,5.0,0.25,1.25,2.0,8.5,13.0,0.25,0.25,1.0,2.5,39.0,52.0
507,214.0,2.625,0.375,0.375,0.625,14.0,13.625,0.375,0.375,1.625,2.0,53.0,125.0
508,216.0,4.0,0.75,1.25,0.5,12.5,14.5,0.25,0.75,1.0,2.5,76.0,102.0
509,281.0,3.625,1.375,3.375,2.625,9.0,15.625,0.375,0.375,0.625,3.0,124.0,117.0
510,177.0,5.75,0.5,1.5,1.75,11.5,15.75,0.5,0.5,0.75,3.5,64.0,71.0
511,233.0,3.125,0.875,0.875,2.125,15.0,16.125,0.875,0.875,1.125,3.0,105.0,84.0
512,219.0,3.75,0.5,1.5,3.75,13.5,16.75,1.5,0.5,0.75,3.5,80.0,93.0
513,264.0,2.125,0.875,1.375,2.625,17.0,18.125,1.875,0.375,0.625,3.0,112.0,104.0
514,230.0,4.0,0.75,1.75,3.0,15.5,18.5,2.25,0.25,0.5,3.5,97.0,83.0
515,243.0,4.375,0.625,2.125,4.875,14.0,19.375,1.625,0.125,0.875,4.0,100.0,91.0
516,231.0,4.0,1.25,1.75,3.5,16.5,19.5,1.75,0.25,1.0,4.5,75.0,102.0
517,236.0,6.125,1.875,1.875,1.125,17.0,20.625,1.375,0.375,0.625,5.0,115.0,65.0
518,255.0,6.5,0.75,2.75,1.5,17.5,21.0,1.25,0.25,1.0,5.5,128.0,69.0
519,285.0,8.875,1.125,2.125,2.875,15.0,22.875,1.125,0.125,0.875,5.0,152.0,73.0
520,275.0,3.625,1.125,2.125,5.625,18.5,24.625,1.125,0.125,0.625,4.5,81.0,132.0
521,289.0,6.75,1.25,2.75,5.25,16.0,26.25,0.75,0.25,0.75,4.0,102.0,123.0
522,320.0,3.125,0.625,5.125,6.625,17.5,28.125,0.625,0.125,0.625,3.5,104.0,150.0
523,313.0,1.75,1.75,2.25,6.25,22.0,28.75,0.75,0.25,0.25,4.0,96.0,149.0
524,293.0,6.875,2.875,1.875,4.875,18.5,29.375,0.375,0.375,0.375,4.5,62.0,161.0
525,326.0,6.25,1.75,1.75,2.25,24.0,30.75,0.25,0.25,0.75,4.0,82.0,172.0
526,299.0,14.125,2.625,2.625,1.125,16.5,31.625,0.125,0.125,0.625,4.5,56.0,169.0
527,297.0,10.5,3.0,3.0,2.5,19.0,32.5,0.0,0.0,0.5,5.0,73.0,148.0
528,263.0,12.125,2.625,4.625,5.125,14.5,33.625,0.125,0.125,0.625,4.5,61.0,124.0
529,266.0,9.75,4.25,10.25,2.75,13.0,33.75,0.25,0.25,0.75,5.0,53.0,133.0
530,223.0,16.375,3.875,10.875,1.375,8.5,34.875,0.375,0.375,0.875,4.5,32.0,109.0
531,238.0,14.0,3.0,8.0,3.0,14.0,36.5,0.5,0.5,0.5,4.0,40.0,114.0
532,177.0,13.875,1.375,5.375,4.875,17.5,37.875,0.375,0.375,0.875,3.5,20.0,71.0
533,213.0,12.0,2.0,7.0,6.0,17.0,39.5,0.5,0.5,0.5,3.0,23.0,102.0
534,209.0,13.25,2.0,6.0,8.25,15.5,39.75,0.5,0.5,0.75,3.5,21.0,98.0
535,230.0,8.125,2.375,4.875,7.625,23.0,41.125,0.375,0.875,0.625,3.0,21.0,117.0
536,204.0,8.5,2.75,5.75,4.5,25.5,41.5,0.75,0.75,0.5,3.5,12.0,98.0
537,177.0,9.375,1.625,5.625,6.375,25.0,43.375,0.625,0.625,0.375,3.0,24.0,57.0
538,173.0,11.25,1.5,5.5,6.25,24.5,45.25,0.5,0.5,0.25,2.5,12.0,63.0
539,167.0,12.375,2.125,6.625,6.875,22.0,46.875,0.625,0.125,0.375,2.0,20.0,47.0
540,150.0,12.75,1.5,4.0,7.25,25.5,48.75,0.5,0.0,0.25,1.5,16.0,32.0
541,150.0,10.875,1.625,12.625,5.875,21.0,49.375,1.125,0.125,0.375,1.0,16.0,30.0
542,163.0,10.625,1.625,12.625,4.625,23.5,50.125,1.125,0.125,0.125,1.5,14.0,43.0
543,148.0,6.875,1.625,12.625,10.875,22.0,50.375,1.125,0.125,0.375,2.0,18.0,22.0
544,160.0,7.75,2.0,12.0,10.75,22.5,51.25,0.5,0.5,0.25,2.5,23.0,27.0
545,145.0,4.875,2.625,11.625,12.875,24.0,52.375,1.125,0.125,0.375,2.0,13.0,20.0
546,141.0,4.625,1.625,3.625,12.625,34.5,53.125,1.125,0.125,0.125,2.5,7.0,20.0
547,139.0,11.875,1.625,3.625,6.875,34.0,54.375,1.125,0.125,0.375,2.0,2.0,21.0
548,146.0,12.125,2.125,2.125,5.125,37.5,56.125,1.125,0.125,0.125,1.5,0.0,28.0
549,149.0,11.5,1.5,2.0,5.0,40.0,57.5,0.5,0.0,0.0,2.0,0.0,29.0
550,149.0,11.5,1.5,2.0,5.0,40.0,57.5,0.5,0.0,0.0,2.0,0.0,29.0
551,140.0,18.625,1.625,1.625,7.625,31.5,59.125,0.125,0.125,0.125,1.5,0.0,18.0
552,140.0,18.625,1.625,1.625,7.625,31.5,59.125,0.125,0.125,0.125,1.5,0.0,18.0
553,136.0,19.875,1.625,2.625,8.875,29.0,60.375,0.125,0.125,0.375,1.0,0.0,12.0
554,136.0,19.875,1.625,2.625,8.875,29.0,60.375,0.125,0.125,0.375,1.0,0.0,12.0
555,133.0,23.625,1.625,2.625,6.625,28.5,62.125,0.125,0.125,0.125,0.5,2.0,5.0
556,128.0,20.0,2.0,2.0,8.0,32.0,64.0,0.0,0.0,0.0,0.0,0.0,0.0
557,40.0,0.0,0.0,0.0,4.0,0.0,4.0,0.0,0.0,0.0,0.0,16.0,16.0
558,34.0,1.125,0.125,0.125,1.125,2.5,4.125,0.125,0.125,0.125,0.5,12.0,12.0
559,57.0,0.0,0.0,0.5,0.5,5.0,4.5,0.5,0.0,0.0,1.0,22.0,23.0
560,50.0,1.25,0.0,0.5,1.75,3.5,4.75,0.5,0.0,0.25,1.5,19.0,17.0
561,84.0,0.375,0.125,1.125,0.375,6.0,5.375,0.125,0.125,0.375,2.0,24.0,44.0
562,107.0,1.25,0.5,2.0,1.75,3.5,6.25,0.5,0.0,0.75,1.5,53.0,36.0
563,168.0,0.375,1.125,1.125,1.375,6.0,7.375,0.125,0.125,0.375,2.0,80.0,68.0
564,148.0,2.125,1.125,1.125,3.125,3.5,8.125,0.125,0.125,1.125,1.5,73.0,53.0
565,149.0,0.375,1.125,1.125,7.375,2.0,9.375,0.125,0.125,0.375,2.0,82.0,43.0
566,138.0,1.5,0.25,3.25,3.5,4.5,9.5,0.25,0.25,0.5,2.5,69.0,43.0
567,194.0,0.625,1.375,1.375,3.625,7.0,9.625,0.375,0.375,0.625,3.0,81.0,85.0
568,148.0,4.5,0.75,0.75,4.5,4.5,11.0,0.25,0.25,1.0,2.5,60.0,58.0
569,184.0,4.875,0.625,1.125,2.375,7.0,11.375,0.125,0.625,0.875,3.0,68.0,84.0
570,138.0,5.0,0.25,3.25,1.0,7.5,12.0,0.25,0.25,1.0,3.5,60.0,44.0
571,225.0,4.625,0.375,4.375,1.625,7.0,13.625,0.375,0.375,0.625,3.0,74.0,115.0
572,126.0,8.0,0.25,1.25,2.0,7.5,14.0,0.25,0.25,1.0,3.5,51.0,37.0
573,190.0,5.375,0.625,1.625,1.375,11.0,15.875,0.125,0.125,0.875,3.0,74.0,76.0
574,207.0,7.625,0.125,3.125,1.625,8.5,17.625,0.125,0.125,0.625,2.5,84.0,81.0
575,254.0,5.75,0.75,1.75,2.75,11.0,18.25,0.25,0.25,0.25,3.0,92.0,118.0
576,245.0,7.125,0.625,4.125,2.625,8.5,19.125,0.625,0.125,0.625,2.5,98.0,101.0
577,337.0,2.75,1.75,1.75,4.75,13.0,20.25,0.25,0.25,0.25,3.0,97.0,192.0
578,344.0,4.625,1.625,3.125,5.125,10.5,21.125,0.125,0.625,0.625,2.5,127.0,167.0
579,420.0,1.75,2.75,1.75,5.75,14.0,22.25,0.25,1.25,0.25,2.0,185.0,183.0
580,377.0,2.875,1.875,1.875,3.875,16.5,22.375,0.375,1.375,0.375,2.5,164.0,159.0
581,404.0,1.25,1.75,1.25,2.75,21.0,22.75,0.25,1.75,0.25,3.0,150.0,198.0
582,365.0,1.375,0.875,3.375,1.875,21.5,22.875,0.375,1.875,0.375,3.5,122.0,185.0
583,381.0,0.25,0.75,3.25,0.75,25.0,24.25,0.75,1.25,0.75,3.0,171.0,150.0
584,341.0,1.625,0.625,4.625,0.625,23.5,24.625,0.625,1.625,0.625,3.5,192.0,87.0
585,344.0,0.75,0.25,3.75,0.25,27.0,25.25,0.75,2.25,0.75,3.0,191.0,89.0
586,352.0,1.875,0.875,4.875,0.875,24.5,25.875,0.875,2.875,0.875,2.5,211.0,75.0
587,311.0,0.75,0.75,3.75,0.75,28.0,26.75,0.75,3.75,0.75,2.0,158.0,85.0
588,312.0,2.125,1.125,1.625,1.625,28.5,27.625,0.625,3.125,1.125,2.5,138.0,104.0
589,265.0,7.25,1.25,2.75,3.75,21.0,29.25,0.25,2.75,0.75,3.0,129.0,64.0
590,277.0,8.375,2.375,1.875,2.875,21.5,30.375,0.375,1.875,0.875,3.5,157.0,46.0
591,244.0,7.0,2.0,3.0,4.0,22.0,31.5,0.5,1.5,0.5,4.0,123.0,45.0
592,221.0,3.375,1.875,3.875,6.375,23.5,32.875,0.375,1.375,0.875,3.5,100.0,43.0
593,283.0,1.125,1.375,5.375,4.125,28.0,33.125,0.375,1.375,1.125,4.0,142.0,61.0
594,261.0,7.0,2.75,3.25,1.5,26.5,34.5,0.25,0.75,1.0,4.5,113.0,66.0
595,258.0,6.625,2.375,6.875,1.125,25.0,34.625,0.375,0.875,1.125,5.0,113.0,61.0
596,288.0,9.0,4.75,6.25,0.5,22.5,36.5,0.25,0.75,1.0,4.5,117.0,85.0
597,272.0,4.875,4.125,3.625,4.375,27.0,36.875,0.125,0.625,1.375,5.0,118.0,66.0
598,290.0,9.25,3.0,5.0,3.25,24.5,38.25,0.0,1.0,1.25,4.5,126.0,74.0
599,285.0,10.375,2.625,3.625,2.375,27.0,38.875,0.125,1.125,0.875,5.0,121.0,72.0
600,287.0,13.5,1.25,5.25,4.5,22.5,40.5,0.25,1.25,0.5,4.5,104.0,89.0
601,235.0,9.125,0.375,8.875,3.625,26.0,42.125,0.375,0.875,0.625,4.0,76.0,63.0
602,222.0,12.375,0.375,8.875,2.875,24.5,42.375,0.375,0.875,0.875,4.5,75.0,49.0
603,212.0,11.25,1.25,7.25,10.25,20.0,43.25,0.25,1.25,1.25,4.0,63.0,49.0
604,190.0,10.875,1.875,6.375,2.375,29.5,44.375,0.375,0.875,1.875,3.5,46.0,42.0
605,193.0,8.5,1.0,9.0,4.5,29.0,46.0,0.5,0.5,2.0,3.0,44.0,45.0
606,175.0,12.875,2.375,3.375,3.875,30.5,47.875,0.375,0.375,1.875,2.5,19.0,50.0
607,168.0,9.25,2.75,5.75,6.25,30.0,49.75,0.25,0.25,1.75,2.0,15.0,45.0
608,153.0,9.125,1.125,3.125,9.125,32.5,51.125,0.125,0.125,1.125,2.5,4.0,39.0
609,158.0,7.875,1.125,3.125,8.875,35.0,51.875,0.125,0.125,0.875,3.0,16.0,30.0
610,158.0,9.75,1.0,3.0,10.75,32.5,53.75,0.0,0.0,0.75,2.5,16.0,28.0
611,141.0,7.375,1.125,2.125,3.375,44.0,55.375,0.125,0.125,0.375,2.0,13.0,12.0
612,145.0,9.125,1.125,2.125,2.125,44.5,56.125,0.125,0.125,0.125,2.5,13.0,14.0
613,140.0,13.0,1.0,7.0,3.0,36.0,58.0,0.0,0.0,0.0,2.0,13.0,7.0
614,142.0,8.25,1.0,25.0,3.25,23.5,59.25,0.0,0.0,0.25,1.5,13.0,7.0
615,138.0,7.5,1.0,25.0,5.5,23.0,60.5,0.0,0.0,0.5,1.0,9.0,5.0
616,133.0,15.25,1.0,7.0,5.25,34.5,62.25,0.0,0.0,0.25,0.5,2.0,5.0
617,128.0,18.5,1.5,7.5,4.5,32.0,64.0,0.0,0.0,0.0,0.0,0.0,0.0
618,40.0,0.0,0.0,0.0,4.0,0.0,4.0,0.0,0.0,0.0,0.0,16.0,16.0
619,34.0,1.125,0.125,0.125,1.125,2.5,4.125,0.125,0.125,0.125,0.5,12.0,12.0
620,50.0,0.375,0.125,0.125,4.375,1.0,4.375,0.125,0.125,0.375,1.0,12.0,26.0
621,52.0,1.75,0.0,0.0,1.75,3.5,4.75,0.0,0.0,0.75,1.5,26.0,12.0
622,104.0,0.375,0.125,1.125,0.375,6.0,5.375,0.125,0.125,0.375,2.0,50.0,38.0
623,113.0,1.125,0.125,1.125,1.125,5.5,6.125,0.125,0.125,1.125,1.5,43.0,52.0
624,89.0,2.0,0.0,0.0,0.0,8.0,7.0,0.0,0.0,1.0,2.0,33.0,36.0
625,118.0,3.25,0.0,0.0,1.25,6.5,8.25,0.0,0.0,0.25,2.5,51.0,45.0
626,124.0,3.375,0.125,0.125,0.375,8.0,9.375,0.125,0.125,0.375,2.0,49.0,51.0
627,135.0,1.5,0.25,0.25,0.5,10.5,9.5,0.25,0.25,0.5,2.5,58.0,51.0
628,163.0,3.625,0.375,0.375,0.625,9.0,9.625,0.375,0.375,0.625,3.0,58.0,77.0
629,250.0,3.0,0.75,1.25,2.5,7.5,10.0,0.75,0.25,0.5,3.5,130.0,90.0
630,241.0,3.875,1.125,2.125,1.875,7.0,11.375,0.625,0.625,0.375,3.0,147.0,62.0
631,257.0,2.0,0.75,3.25,0.5,10.5,13.0,0.75,0.25,0.5,2.5,147.0,76.0
632,290.0,1.625,0.375,4.375,0.625,11.0,13.625,0.375,0.375,0.625,3.0,192.0,62.0
633,216.0,2.5,0.25,1.75,1.0,13.5,14.0,0.75,0.25,0.5,3.5,102.0,76.0
634,266.0,0.875,0.625,1.125,3.375,14.0,14.875,0.625,0.125,0.375,4.0,123.0,103.0
635,279.0,3.0,0.75,1.75,1.0,14.5,15.5,0.25,0.25,0.5,4.5,128.0,109.0
636,323.0,1.375,1.125,2.125,3.375,14.0,17.375,0.125,0.125,0.375,4.0,165.0,114.0
637,338.0,0.5,0.25,4.25,2.5,15.5,18.5,0.25,0.25,0.5,3.5,168.0,124.0
638,370.0,2.625,0.375,2.375,4.625,14.0,18.625,0.375,0.375,0.625,4.0,172.0,150.0
639,353.0,1.5,0.75,5.75,7.5,9.5,19.5,0.75,0.75,0.5,3.5,178.0,125.0
640,348.0,2.625,0.375,6.375,2.625,14.0,20.625,0.375,0.375,0.625,4.0,204.0,92.0
641,376.0,1.5,0.75,4.75,1.5,18.5,21.0,0.25,0.25,1.0,4.5,195.0,127.0
642,312.0,2.125,1.375,7.375,2.125,15.0,21.125,0.375,0.375,1.125,5.0,151.0,105.0
643,314.0,3.25,2.0,6.0,2.25,15.5,21.75,0.5,0.5,0.75,5.5,148.0,108.0
644,276.0,3.375,2.125,5.125,3.375,16.0,21.875,0.625,0.625,0.875,6.0,110.0,106.0
645,243.0,3.25,2.0,3.5,2.75,19.5,23.25,1.0,0.5,0.75,5.5,70.0,111.0
646,315.0,3.375,3.125,5.125,3.375,17.0,24.875,0.625,0.625,0.875,5.0,122.0,129.0
647,294.0,2.75,2.0,7.5,4.25,16.5,26.25,0.5,1.0,0.75,4.5,82.0,146.0
648,318.0,3.0,2.5,6.0,2.5,20.0,28.0,0.5,1.0,0.5,4.0,93.0,157.0
649,317.0,4.625,4.625,4.625,5.625,15.5,29.625,0.625,0.625,0.625,3.5,74.0,173.0
650,333.0,5.0,4.0,2.5,6.5,18.0,30.0,1.0,0.5,0.5,4.0,93.0,168.0
651,338.0,4.625,5.625,1.625,8.625,16.5,30.625,0.625,0.625,0.625,4.5,89.0,175.0
652,346.0,4.5,2.0,4.5,4.0,23.0,31.0,0.5,1.0,0.5,5.0,99.0,171.0
653,299.0,4.875,1.375,4.375,1.875,26.5,31.875,0.375,1.375,0.875,4.5,68.0,153.0
654,286.0,4.5,2.0,2.5,2.0,29.0,33.0,0.5,1.0,0.5,5.0,68.0,138.0
655,231.0,5.875,1.375,1.875,3.375,28.5,34.875,0.375,0.875,0.375,4.5,35.0,114.0
656,285.0,6.25,1.25,3.25,5.25,26.0,36.25,0.25,1.25,0.25,4.0,45.0,156.0
657,249.0,12.125,1.125,5.125,5.125,19.5,38.125,0.125,1.125,0.125,3.5,22.0,141.0
658,256.0,13.75,2.25,3.75,3.25,21.0,39.75,0.25,0.75,0.25,3.0,28.0,140.0
659,208.0,23.5,1.75,3.25,5.0,11.5,40.0,0.25,0.75,0.5,3.5,14.0,104.0
660,296.0,15.375,3.125,6.625,5.875,15.0,40.875,0.625,1.125,0.375,3.0,18.0,186.0
661,255.0,17.0,2.25,5.75,5.5,16.5,42.0,0.25,1.75,0.5,2.5,16.0,145.0
662,259.0,23.125,0.875,8.875,3.125,12.0,42.625,0.375,2.375,0.625,2.0,16.0,147.0
663,278.0,23.0,1.25,12.25,2.0,10.5,43.5,0.75,1.75,0.5,2.5,13.0,167.0
664,214.0,14.375,1.125,9.625,5.875,19.0,44.875,0.625,1.125,0.375,3.0,25.0,89.0
665,225.0,19.125,0.125,8.625,5.625,17.5,45.625,0.625,1.125,0.125,3.5,12.0,111.0
666,224.0,20.75,1.25,4.75,11.25,14.0,46.75,0.25,0.75,0.25,4.0,14.0,106.0
667,225.0,21.5,0.75,4.25,15.0,11.5,48.0,0.25,0.75,0.5,3.5,12.0,107.0
668,221.0,16.75,0.75,4.25,18.25,14.0,48.25,0.25,0.75,0.75,4.0,15.0,98.0
669,204.0,10.625,0.125,13.625,7.125,23.5,49.625,0.125,0.625,1.125,3.5,4.0,90.0
670,190.0,8.375,0.125,13.625,5.875,28.0,50.375,0.125,0.625,0.875,4.0,6.0,72.0
671,181.0,10.0,0.25,14.75,6.5,25.5,52.0,0.25,0.75,0.5,3.5,4.0,63.0
672,162.0,6.875,1.125,14.625,4.375,31.0,53.875,0.125,0.625,0.375,3.0,13.0,33.0
673,163.0,9.0,0.75,13.75,5.0,30.5,55.5,0.25,0.25,0.5,2.5,9.0,36.0
674,147.0,8.875,1.625,10.625,6.875,32.0,57.375,0.125,0.125,0.375,2.0,8.0,19.0
675,153.0,14.625,0.625,15.625,2.625,27.5,59.125,0.125,0.125,0.125,1.5,0.0,31.0
676,143.0,11.875,0.625,15.625,6.875,27.0,60.375,0.125,0.125,0.375,1.0,0.0,19.0
677,143.0,11.875,0.625,15.625,6.875,27.0,60.375,0.125,0.125,0.375,1.0,0.0,19.0
678,131.0,37.625,0.625,10.625,1.625,12.5,62.125,0.125,0.125,0.125,0.5,2.0,3.0
679,128.0,33.0,1.0,11.0,3.0,16.0,64.0,0.0,0.0,0.0,0.0,0.0,0.0
680,40.0,0.0,0.0,0.0,4.0,0.0,4.0,0.0,0.0,0.0,0.0,16.0,16.0
681,34.0,1.125,0.125,0.125,1.125,2.5,4.125,0.125,0.125,0.125,0.5,12.0,12.0
682,80.0,0.0,0.5,0.0,0.5,5.0,4.5,0.0,0.5,0.0,1.0,34.0,34.0
683,88.0,1.125,1.125,0.125,1.125,3.5,5.125,0.125,0.125,0.125,1.5,46.0,28.0
684,71.0,1.25,0.25,0.25,2.25,4.0,5.25,0.25,0.25,0.25,2.0,34.0,21.0
685,96.0,1.375,1.375,0.375,1.375,4.5,5.375,0.375,0.375,0.375,2.5,56.0,22.0
686,99.0,0.625,0.375,1.375,4.625,3.0,5.625,0.375,0.375,0.625,3.0,55.0,24.0
687,111.0,1.5,0.25,2.25,1.5,5.5,6.5,0.25,0.25,0.5,3.5,38.0,51.0
688,139.0,1.625,0.375,3.375,1.625,5.0,7.625,0.375,0.375,0.625,3.0,57.0,58.0
689,156.0,0.375,0.375,3.375,5.375,3.5,8.375,0.375,0.375,0.375,3.5,80.0,50.0
690,126.0,2.5,1.5,1.5,2.5,6.0,8.5,0.5,0.5,0.5,4.0,44.0,54.0
691,105.0,0.375,0.375,0.875,6.875,6.5,8.875,0.875,0.375,0.375,4.5,41.0,34.0
692,146.0,1.75,1.75,1.75,5.75,5.0,9.25,1.25,0.25,0.25,5.0,65.0,49.0
693,208.0,3.125,2.625,2.625,2.125,6.5,10.625,1.125,0.125,0.625,4.5,60.0,114.0
694,248.0,2.75,2.25,2.75,3.25,7.0,11.25,0.75,0.25,0.75,5.0,95.0,117.0
695,216.0,1.125,0.625,1.625,6.125,9.5,11.625,1.125,0.125,0.625,5.5,102.0,76.0
696,216.0,2.0,0.5,1.5,4.0,12.0,12.5,1.0,0.0,0.5,6.0,98.0,78.0
697,170.0,1.625,0.125,3.125,3.625,12.5,12.625,1.125,0.125,0.625,6.5,62.0,66.0
698,212.0,2.25,0.75,1.25,4.75,13.0,13.25,0.75,0.25,0.75,7.0,69.0,99.0
699,187.0,1.375,0.875,3.875,3.375,13.5,13.875,0.375,0.375,0.875,7.5,68.0,73.0
700,150.0,1.625,0.875,3.875,4.625,13.0,15.125,0.375,0.375,1.125,7.0,53.0,49.0
701,199.0,3.0,0.75,2.75,3.0,15.5,15.5,0.25,0.25,1.5,7.5,96.0,53.0
702,166.0,1.625,1.375,4.375,2.625,16.0,15.625,0.375,0.375,1.625,8.0,56.0,58.0
703,218.0,2.0,1.75,2.75,4.0,16.5,16.5,0.25,0.25,1.5,8.5,104.0,60.0
704,178.0,2.625,1.875,3.875,2.625,17.0,17.125,0.375,0.375,1.125,9.0,64.0,58.0
705,190.0,1.75,2.5,4.5,1.75,18.5,18.75,0.5,0.5,0.75,8.5,61.0,71.0
706,178.0,1.625,1.375,2.875,2.125,22.0,19.625,0.375,0.875,1.125,8.0,53.0,65.0
707,194.0,4.375,1.375,3.875,3.875,17.5,21.375,0.375,0.875,0.875,7.5,51.0,81.0
708,196.0,2.5,1.5,3.5,2.5,22.0,22.5,0.5,0.5,0.5,8.0,64.0,68.0
709,211.0,4.125,3.125,4.125,2.125,19.5,23.625,0.625,0.625,0.625,7.5,52.0,93.0
710,192.0,1.75,0.75,2.75,1.75,27.0,24.75,0.75,0.75,0.75,7.0,58.0,66.0
711,192.0,8.125,0.625,3.125,2.625,20.5,26.125,0.625,1.125,0.625,6.5,56.0,66.0
712,269.0,5.0,0.5,3.0,5.5,22.0,28.0,0.5,1.0,0.5,6.0,93.0,104.0
713,293.0,7.375,1.375,5.375,5.375,17.5,29.375,0.375,1.375,0.375,5.5,83.0,136.0
714,261.0,6.25,1.25,3.25,7.25,20.0,30.25,0.25,1.25,0.25,6.0,72.0,113.0
715,234.0,12.375,1.875,3.375,5.875,15.5,31.875,0.375,0.875,0.375,5.5,26.0,130.0
716,228.0,8.0,1.5,3.0,2.5,25.0,33.0,0.5,1.0,0.5,5.0,24.0,124.0
717,249.0,9.875,0.875,5.875,3.875,20.5,34.375,0.375,1.375,0.375,4.5,27.0,140.0
718,262.0,5.5,1.0,7.5,4.0,24.0,36.0,0.5,1.0,0.5,4.0,56.0,122.0
719,284.0,9.875,0.875,6.875,4.875,20.5,36.375,0.375,1.375,0.375,4.5,62.0,136.0
720,296.0,10.625,0.375,7.375,4.625,21.0,36.625,0.375,1.375,0.625,5.0,56.0,152.0
721,309.0,16.875,0.375,3.375,2.875,21.5,36.875,0.375,1.375,0.875,5.5,52.0,167.0
722,296.0,16.5,0.5,3.0,2.0,24.0,37.5,0.5,1.0,1.0,6.0,47.0,157.0
723,337.0,18.25,0.5,3.0,2.75,22.5,38.25,0.5,1.0,0.75,6.5,45.0,198.0
724,298.0,15.875,0.625,4.625,2.875,24.0,39.875,0.625,0.625,0.875,6.0,45.0,157.0
725,275.0,17.25,1.5,4.5,2.25,23.5,40.75,1.0,1.0,0.75,5.5,23.0,154.0
726,283.0,16.125,0.875,4.875,3.125,25.0,42.125,0.875,0.875,1.125,5.0,24.0,159.0
727,269.0,22.375,0.875,5.875,1.375,20.5,43.375,0.875,0.875,1.375,4.5,15.0,152.0
728,193.0,11.25,1.75,11.75,3.25,24.0,45.25,0.75,0.75,1.25,4.0,32.0,57.0
729,182.0,13.625,1.125,7.125,3.625,27.5,47.125,0.625,0.625,1.125,3.5,21.0,55.0
730,187.0,13.5,1.0,5.0,3.5,31.0,49.0,0.5,0.5,1.0,3.0,22.0,57.0
731,182.0,14.125,0.125,4.125,4.125,32.5,50.625,0.625,0.625,0.625,2.5,13.0,59.0
732,182.0,13.875,0.125,4.125,4.875,33.0,51.375,0.625,0.625,0.375,3.0,15.0,55.0
733,204.0,16.125,0.625,2.625,9.125,28.5,53.125,0.625,0.625,0.125,2.5,4.0,86.0
734,190.0,15.25,0.25,2.25,7.25,33.0,54.25,0.25,0.25,0.25,3.0,0.0,74.0
735,190.0,15.25,0.25,2.25,7.25,33.0,54.25,0.25,0.25,0.25,3.0,0.0,74.0
736,166.0,7.625,0.625,5.125,5.125,40.5,55.625,0.625,0.125,0.125,2.5,24.0,24.0
737,162.0,8.0,0.0,6.5,7.5,38.0,57.5,0.5,0.0,0.0,2.0,7.0,35.0
738,139.0,16.125,0.125,6.125,7.125,31.5,59.125,0.125,0.125,0.125,1.5,15.0,2.0
739,137.0,11.375,0.125,7.125,10.375,33.0,60.375,0.125,0.125,0.375,1.0,11.0,2.0
740,133.0,15.25,1.0,5.0,11.25,30.5,62.25,0.0,0.0,0.25,0.5,7.0,0.0
741,128.0,10.5,0.5,10.5,4.5,38.0,64.0,0.0,0.0,0.0,0.0,0.0,0.0
742,40.0,0.0,0.0,0.0,4.0,0.0,4.0,0.0,0.0,0.0,0.0,16.0,16.0
743,34.0,1.125,0.125,0.125,1.125,2.5,4.125,0.125,0.125,0.125,0.5,12.0,12.0
744,57.0,0.0,0.0,0.5,0.5,5.0,4.5,0.5,0.0,0.0,1.0,22.0,23.0
745,74.0,1.125,0.125,1.125,1.125,3.5,5.125,0.125,0.125,0.125,1.5,38.0,22.0
746,79.0,1.0,0.0,0.5,1.5,5.0,6.0,0.0,0.5,0.5,1.0,30.0,33.0
747,136.0,0.125,0.125,0.125,0.125,8.5,7.125,0.125,0.125,1.125,0.5,50.0,68.0
748,123.0,1.375,0.125,0.125,1.375,7.0,7.375,0.125,0.125,1.375,1.0,49.0,54.0
749,131.0,0.75,0.0,0.0,0.75,9.5,8.75,0.0,0.0,0.75,1.5,44.0,65.0
750,151.0,1.0,0.5,0.5,0.0,10.0,9.5,0.0,0.0,0.5,2.0,65.0,62.0
751,193.0,2.125,1.125,1.125,1.125,7.5,11.125,0.125,0.125,0.125,1.5,103.0,64.0
752,165.0,2.25,0.25,0.25,1.25,10.0,11.25,0.25,0.25,0.25,2.0,73.0,64.0
753,149.0,2.375,1.375,0.375,2.375,8.5,11.375,0.375,0.375,0.375,2.5,58.0,61.0
754,189.0,2.75,0.75,0.75,1.75,10.0,13.25,0.25,0.25,0.25,2.0,77.0,80.0
755,205.0,2.125,0.125,0.625,1.625,12.5,13.625,0.625,0.125,0.125,2.5,71.0,100.0
756,195.0,3.375,0.125,0.625,1.875,12.0,14.875,0.625,0.125,0.375,2.0,83.0,76.0
757,244.0,1.75,0.5,0.5,1.75,14.5,15.25,1.0,0.0,0.25,2.5,127.0,79.0
758,281.0,3.375,1.125,0.625,1.875,13.0,15.875,0.625,0.125,0.375,3.0,113.0,128.0
759,300.0,3.0,1.75,1.75,2.0,12.5,16.5,1.25,0.25,0.5,2.5,135.0,123.0
760,357.0,2.375,2.125,1.625,1.875,14.0,17.375,1.125,0.625,0.875,2.0,150.0,163.0
761,269.0,8.75,2.0,4.5,1.25,6.5,18.25,0.5,1.0,0.75,2.5,106.0,117.0
762,312.0,8.375,2.625,3.125,0.875,9.0,18.375,0.625,1.125,0.875,3.0,117.0,147.0
763,304.0,8.75,2.5,4.5,1.75,7.5,18.75,0.5,1.5,0.75,3.5,118.0,136.0
764,291.0,7.375,3.125,2.125,1.375,12.0,18.875,0.625,1.625,0.875,4.0,91.0,148.0
765,328.0,9.0,3.75,3.25,1.5,9.5,20.0,0.75,2.25,0.5,3.5,120.0,154.0
766,319.0,9.375,1.625,4.625,0.375,12.0,20.375,0.625,2.625,0.375,4.0,102.0,161.0
767,292.0,13.5,2.25,2.25,0.5,10.5,21.5,0.25,2.25,0.5,4.5,80.0,154.0
768,376.0,8.125,1.375,2.875,2.625,15.0,22.125,0.375,1.875,0.625,5.0,112.0,204.0
769,312.0,7.5,0.75,1.75,2.5,18.5,23.0,0.25,2.25,1.0,4.5,88.0,162.0
770,240.0,3.875,0.625,3.125,0.375,24.0,24.375,0.125,2.625,0.875,4.0,86.0,90.0
771,299.0,2.625,0.625,1.125,1.125,27.5,26.125,0.125,2.625,0.625,3.5,98.0,135.0
772,307.0,5.25,1.75,1.75,2.25,23.0,26.75,0.25,3.25,0.75,3.0,105.0,134.0
773,269.0,2.125,1.625,2.625,2.125,26.5,27.625,0.125,4.125,0.625,2.5,107.0,92.0
774,240.0,6.5,1.0,2.0,2.5,24.0,29.0,0.5,3.5,1.0,2.0,114.0,54.0
775,243.0,7.125,2.625,0.625,2.125,24.5,30.125,0.625,2.625,1.125,2.5,108.0,61.0
776,259.0,9.25,4.25,1.75,0.75,22.0,31.75,0.75,2.25,1.25,2.0,135.0,48.0
777,220.0,2.625,2.625,1.125,1.125,31.5,33.125,1.125,1.625,1.625,1.5,83.0,59.0
778,212.0,4.75,2.75,1.25,3.25,28.0,33.25,1.25,1.75,1.75,2.0,81.0,51.0
779,207.0,4.375,2.375,1.375,2.375,30.5,34.375,1.375,1.375,1.375,2.5,61.0,64.0
780,199.0,7.75,4.75,1.25,3.25,25.0,34.75,1.75,1.25,1.25,3.0,68.0,47.0
781,188.0,6.875,2.875,2.375,3.375,27.5,36.375,1.375,0.875,0.875,3.5,65.0,37.0
782,192.0,7.5,1.5,1.5,3.5,30.0,37.0,1.0,1.0,1.0,4.0,62.0,42.0
783,182.0,6.375,0.875,1.375,2.875,33.5,38.375,0.875,1.375,0.875,3.5,60.0,32.0
784,184.0,19.25,0.75,4.25,1.75,20.0,39.25,0.75,1.25,0.75,4.0,54.0,38.0
785,198.0,13.875,0.375,4.875,5.375,22.5,40.875,0.375,0.875,0.375,4.5,58.0,46.0
786,187.0,13.25,0.75,5.25,6.75,22.0,42.75,0.25,0.75,0.25,4.0,55.0,36.0
787,186.0,13.875,1.875,5.875,5.875,21.5,44.375,0.375,0.375,0.375,3.5,30.0,58.0
788,177.0,14.75,3.75,4.75,3.75,23.0,46.25,0.25,0.25,0.25,3.0,41.0,36.0
789,153.0,16.125,4.125,8.125,4.125,18.5,48.125,0.125,0.125,0.125,2.5,22.0,29.0
790,147.0,26.25,2.25,3.25,4.25,16.0,49.25,0.25,0.25,0.25,2.0,22.0,21.0
791,147.0,26.625,2.625,4.625,5.625,13.5,51.125,0.125,0.125,0.125,1.5,20.0,21.0
792,143.0,27.5,3.0,3.5,3.0,17.0,52.5,0.0,0.5,0.0,1.0,18.0,17.0
793,150.0,30.25,1.5,2.0,1.75,19.5,52.75,0.0,0.5,0.25,1.5,7.0,33.0
794,156.0,28.0,1.5,2.0,3.5,21.0,53.5,0.0,0.5,1.0,1.0,9.0,35.0
795,162.0,29.75,3.0,1.5,3.25,19.5,54.75,0.0,0.5,0.25,1.5,7.0,41.0
796,145.0,32.0,3.0,1.5,1.5,20.0,55.0,0.0,0.5,0.5,2.0,9.0,20.0
797,148.0,30.625,3.125,2.125,1.625,21.5,56.625,0.125,0.125,0.625,1.5,12.0,18.0
798,149.0,27.375,1.125,4.125,2.375,25.0,58.375,0.125,0.125,0.375,1.0,16.0,13.0
799,148.0,23.125,1.125,4.125,11.125,21.5,59.125,0.125,0.125,0.125,1.5,18.0,8.0
800,145.0,23.0,1.0,3.0,10.0,25.0,61.0,0.0,0.0,0.0,1.0,21.0,0.0
801,141.0,16.25,1.0,11.0,2.25,32.5,62.25,0.0,0.0,0.25,0.5,15.0,0.0
802,141.0,16.25,1.0,11.0,2.25,32.5,62.25,0.0,0.0,0.25,0.5,15.0,0.0
803,128.0,21.5,0.5,8.5,1.5,32.0,64.0,0.0,0.0,0.0,0.0,0.0,0.0
804,40.0,0.0,0.0,0.0,4.0,0.0,4.0,0.0,0.0,0.0,0.0,16.0,16.0
805,34.0,1.125,0.125,0.125,1.125,2.5,4.125,0.125,0.125,0.125,0.5,12.0,12.0
806,50.0,0.375,0.125,0.125,4.375,1.0,4.375,0.125,0.125,0.375,1.0,12.0,26.0
807,52.0,1.75,0.0,0.0,1.75,3.5,4.75,0.0,0.0,0.75,1.5,26.0,12.0
808,104.0,0.375,0.125,1.125,0.375,6.0,5.375,0.125,0.125,0.375,2.0,50.0,38.0
809,133.0,0.5,0.25,1.25,0.5,6.5,5.5,0.25,0.25,0.5,2.5,56.0,59.0
810,82.0,4.875,0.125,2.125,0.875,2.0,6.375,0.625,0.625,0.375,2.0,34.0,28.0
811,123.0,5.625,0.125,0.125,0.625,4.5,7.125,0.625,0.625,0.125,2.5,60.0,41.0
812,136.0,5.25,0.75,0.75,2.25,3.0,7.25,0.75,0.75,0.25,3.0,51.0,61.0
813,164.0,1.375,1.375,1.375,1.375,7.5,8.375,0.375,0.375,0.375,3.5,65.0,73.0
814,184.0,2.75,0.25,3.75,1.25,6.0,8.75,0.25,0.75,0.25,4.0,68.0,88.0
815,191.0,2.375,0.875,3.375,1.875,6.5,8.875,0.375,0.875,0.375,4.5,51.0,110.0
816,191.0,3.0,0.5,4.0,1.5,7.0,9.0,0.5,1.0,0.5,5.0,71.0,88.0
817,179.0,2.375,1.375,1.375,2.375,9.5,9.375,0.375,1.375,0.375,5.5,51.0,94.0
818,184.0,2.5,2.0,0.5,3.0,10.0,10.0,0.5,1.0,0.5,6.0,73.0,75.0
819,217.0,1.875,1.875,2.375,1.375,11.5,11.375,0.375,0.875,0.875,5.5,79.0,100.0
820,225.0,2.5,2.0,1.5,3.0,11.0,13.0,0.5,1.0,0.5,5.0,102.0,83.0
821,201.0,2.875,0.875,2.875,2.875,11.5,13.375,0.375,1.375,0.375,5.5,96.0,63.0
822,223.0,3.5,0.5,3.5,2.5,12.0,13.5,0.5,1.5,0.5,6.0,84.0,95.0
823,214.0,4.75,0.5,3.5,2.75,11.5,14.75,0.5,1.5,0.75,5.5,72.0,96.0
824,226.0,3.125,0.375,3.375,5.125,12.0,15.125,0.375,1.375,1.125,6.0,95.0,83.0
825,246.0,8.0,0.25,2.25,5.0,9.5,17.0,0.25,1.25,1.0,5.5,55.0,141.0
826,269.0,3.75,0.25,2.25,10.75,9.0,18.75,0.25,1.25,0.75,5.0,57.0,160.0
827,271.0,6.625,1.125,2.125,9.625,7.5,19.625,0.125,1.125,0.625,5.5,35.0,182.0
828,292.0,5.75,0.75,1.75,8.75,11.0,20.25,0.25,1.25,1.25,5.0,42.0,194.0
829,292.0,7.875,0.875,1.875,5.875,12.5,21.375,0.375,1.375,1.375,4.5,73.0,161.0
830,350.0,4.75,0.25,1.75,7.25,16.0,22.75,0.25,1.75,1.25,4.0,101.0,189.0
831,307.0,11.875,0.875,1.875,5.875,10.5,23.375,0.375,1.375,1.375,4.5,85.0,160.0
832,313.0,11.5,1.0,1.5,3.0,15.0,24.0,0.5,1.0,1.5,5.0,126.0,123.0
833,321.0,11.75,1.0,1.5,7.25,11.5,24.25,0.5,1.0,1.75,5.5,111.0,144.0
834,269.0,13.125,2.375,1.875,6.625,10.0,25.125,0.375,0.875,1.625,6.0,83.0,118.0
835,273.0,13.5,2.75,2.25,3.0,13.5,26.0,0.25,0.75,2.5,5.5,66.0,137.0
836,288.0,10.625,3.875,2.375,3.125,16.0,27.125,0.375,0.875,1.625,6.0,68.0,148.0
837,301.0,9.0,1.25,2.75,3.5,20.5,28.0,0.25,0.75,1.5,6.5,65.0,162.0
838,244.0,8.125,1.375,4.875,3.625,20.0,29.125,0.375,0.875,1.625,6.0,39.0,129.0
839,242.0,3.5,1.25,3.25,3.5,27.5,30.5,0.25,1.25,1.5,5.5,32.0,132.0
840,233.0,4.125,2.875,2.875,3.125,27.0,31.625,0.375,1.375,1.625,5.0,26.0,127.0
841,226.0,4.0,3.25,6.25,4.0,23.5,32.0,0.25,1.25,2.0,5.5,17.0,127.0
842,223.0,2.375,3.125,7.125,5.375,24.0,33.375,0.125,1.125,1.375,6.0,24.0,115.0
843,204.0,2.5,2.75,7.75,1.5,28.5,34.0,0.25,1.25,1.0,6.5,11.0,107.0
844,205.0,1.875,3.625,5.125,3.375,30.0,35.375,0.125,1.625,0.875,6.0,15.0,102.0
845,194.0,4.125,3.125,4.625,8.625,24.5,36.125,0.125,1.625,0.625,6.5,17.0,87.0
846,247.0,1.75,3.25,4.75,16.25,20.0,37.75,0.25,1.75,0.25,6.0,84.0,71.0
847,190.0,6.125,3.625,4.125,8.625,24.5,38.625,0.125,1.625,0.125,6.5,29.0,67.0
848,194.0,7.75,2.75,3.75,5.75,28.0,40.25,0.25,1.25,0.25,6.0,53.0,45.0
849,206.0,6.0,2.75,3.75,13.0,23.5,41.5,0.25,1.25,0.5,5.5,60.0,48.0
850,208.0,6.875,1.625,4.625,13.875,23.0,43.375,0.125,1.125,0.375,5.0,58.0,50.0
851,162.0,4.0,1.25,3.75,17.5,24.5,45.0,0.25,0.75,0.5,4.5,17.0,43.0
852,183.0,5.125,1.875,3.875,15.125,26.0,46.625,0.375,0.375,0.625,4.0,31.0,48.0
853,196.0,3.5,2.25,4.25,13.5,29.5,48.5,0.25,0.25,0.5,3.5,26.0,64.0
854,200.0,8.75,2.25,4.25,8.75,30.0,48.75,0.25,0.25,0.75,4.0,29.0,63.0
855,176.0,10.625,2.125,3.125,5.625,33.5,50.625,0.125,0.125,0.625,3.5,23.0,43.0
856,187.0,14.375,2.125,3.125,5.375,31.0,52.375,0.125,0.125,0.375,3.0,14.0,61.0
857,178.0,16.5,2.25,4.25,3.5,30.5,53.5,0.25,0.25,0.5,2.5,16.0,48.0
858,174.0,24.75,1.75,1.75,4.75,25.0,54.25,0.25,0.25,0.25,3.0,6.0,52.0
859,174.0,25.125,0.625,0.625,6.125,26.5,55.625,0.125,0.125,0.625,2.5,0.0,56.0
860,170.0,31.375,0.625,0.625,7.375,20.0,56.875,0.125,0.125,0.875,2.0,0.0,50.0
861,170.0,31.375,0.625,0.625,7.375,20.0,56.875,0.125,0.125,0.875,2.0,0.0,50.0
862,145.0,30.0,0.75,0.75,8.0,21.5,58.5,0.25,0.25,0.5,1.5,15.0,8.0
863,136.0,18.75,0.75,0.75,14.75,27.0,60.25,0.25,0.25,0.25,1.0,4.0,8.0
864,130.0,25.625,1.625,1.625,11.625,22.5,62.125,0.125,0.125,0.125,0.5,0.0,4.0
865,130.0,25.625,1.625,1.625,11.625,22.5,62.125,0.125,0.125,0.125,0.5,0.0,4.0
866,128.0,27.5,1.5,1.5,11.5,22.0,64.0,0.0,0.0,0.0,0.0,0.0,0.0
867,40.0,0.0,0.0,0.0,4.0,0.0,4.0,0.0,0.0,0.0,0.0,16.0,16.0
868,34.0,1.125,0.125,0.125,1.125,2.5,4.125,0.125,0.125,0.125,0.5,12.0,12.0
869,57.0,0.0,0.0,0.5,0.5,5.0,4.5,0.5,0.0,0.0,1.0,22.0,23.0
870,74.0,1.125,0.125,1.125,1.125,3.5,5.125,0.125,0.125,0.125,1.5,38.0,22.0
871,79.0,1.0,0.0,0.5,1.5,5.0,6.0,0.0,0.5,0.5,1.0,30.0,33.0
872,136.0,0.125,0.125,0.125,0.125,8.5,7.125,0.125,0.125,1.125,0.5,50.0,68.0
873,123.0,1.375,0.125,0.125,1.375,7.0,7.375,0.125,0.125,1.375,1.0,49.0,54.0
874,131.0,0.75,0.0,0.0,0.75,9.5,8.75,0.0,0.0,0.75,1.5,44.0,65.0
875,151.0,1.0,0.5,0.5,0.0,10.0,9.5,0.0,0.0,0.5,2.0,65.0,62.0
876,193.0,2.125,1.125,1.125,1.125,7.5,11.125,0.125,0.125,0.125,1.5,103.0,64.0
877,165.0,2.25,0.25,0.25,1.25,10.0,11.25,0.25,0.25,0.25,2.0,73.0,64.0
878,168.0,2.125,1.625,0.625,2.125,8.5,11.625,0.125,0.125,0.625,2.5,72.0,66.0
879,211.0,2.5,1.0,1.0,1.5,10.0,13.5,0.0,0.0,0.5,2.0,91.0,88.0
880,208.0,2.125,0.125,1.125,1.125,12.5,14.125,0.125,0.125,0.125,2.5,71.0,103.0
881,198.0,3.375,0.125,1.125,1.375,12.0,15.375,0.125,0.125,0.375,2.0,83.0,79.0
882,257.0,3.25,0.5,2.5,1.25,11.5,16.25,0.5,0.5,0.25,1.5,144.0,75.0
883,273.0,2.875,0.125,2.125,0.875,14.0,16.375,0.625,0.625,0.375,2.0,119.0,114.0
884,221.0,9.5,0.25,5.25,0.5,5.5,17.5,0.25,1.25,0.5,1.5,108.0,71.0
885,261.0,8.625,1.375,3.375,0.625,8.0,17.625,0.375,1.375,0.625,2.0,119.0,98.0
886,252.0,9.5,0.75,5.25,1.0,6.5,18.0,0.25,1.75,0.5,2.5,120.0,86.0
887,240.0,7.625,1.875,2.375,1.125,11.0,18.125,0.375,1.875,0.625,3.0,93.0,99.0
888,274.0,9.0,1.75,3.75,1.0,9.5,18.5,0.25,2.25,0.5,3.5,119.0,105.0
889,258.0,10.125,1.375,3.875,0.625,10.0,19.125,0.375,1.875,0.625,4.0,108.0,98.0
890,257.0,10.0,2.25,2.75,1.5,10.5,20.0,0.25,1.75,0.5,4.5,95.0,108.0
891,314.0,2.75,2.25,6.75,6.25,10.0,21.75,0.25,1.75,0.25,4.0,140.0,118.0
892,329.0,4.625,2.625,3.625,5.625,12.5,23.125,0.125,1.125,0.125,4.5,127.0,144.0
893,286.0,3.0,1.5,2.0,6.5,17.0,23.5,0.0,1.5,0.0,5.0,85.0,141.0
894,260.0,3.125,1.125,3.125,6.125,17.5,24.125,0.125,1.125,0.125,5.5,70.0,128.0
895,234.0,4.75,0.75,3.75,3.75,19.0,25.25,0.25,1.25,0.25,5.0,75.0,95.0
896,251.0,2.375,0.875,6.375,1.875,21.5,25.875,0.375,0.875,0.375,5.5,91.0,94.0
897,241.0,2.25,1.75,8.75,2.25,19.0,26.75,0.25,1.25,0.75,5.0,94.0,79.0
898,240.0,1.875,1.875,9.375,1.375,20.5,28.375,0.375,0.875,0.875,4.5,74.0,96.0
899,268.0,3.25,1.75,8.25,2.75,20.0,29.75,0.25,0.75,1.25,4.0,82.0,114.0
900,232.0,4.875,1.375,5.375,3.875,21.5,30.875,0.375,1.375,0.875,3.5,58.0,100.0
901,254.0,9.75,2.75,4.25,1.25,20.0,32.25,0.25,0.75,0.75,4.0,89.0,89.0
902,219.0,8.625,1.625,1.625,1.625,25.5,33.125,0.125,1.125,1.125,3.5,66.0,75.0
903,187.0,10.25,3.25,1.25,1.25,24.0,33.25,0.25,1.25,1.25,4.0,43.0,64.0
904,223.0,6.125,3.125,1.125,1.125,29.5,35.125,0.125,1.125,1.125,3.5,56.0,85.0
905,157.0,16.25,1.25,1.75,0.75,22.0,36.25,0.25,0.75,0.75,4.0,18.0,55.0
906,126.0,14.375,0.875,0.875,1.375,25.5,37.875,0.375,0.375,0.875,3.5,4.0,36.0
907,121.0,19.75,1.25,1.25,0.75,21.0,38.25,0.75,0.75,1.25,3.0,2.0,31.0
908,141.0,18.5,0.75,0.75,1.5,23.5,38.5,0.75,0.75,1.5,3.5,10.0,41.0
909,136.0,19.875,1.625,1.125,2.375,21.0,39.875,0.625,1.125,1.375,3.0,14.0,30.0
910,132.0,18.0,0.75,2.25,2.5,23.5,40.5,1.25,0.75,1.0,3.5,12.0,26.0
911,145.0,18.25,0.75,2.25,2.75,24.0,40.75,1.25,0.75,1.25,4.0,15.0,34.0
912,135.0,18.125,1.125,3.125,2.125,24.5,41.625,0.625,0.625,1.625,4.5,12.0,25.0
913,149.0,27.875,1.125,2.125,1.875,17.0,42.375,0.625,0.625,1.375,5.0,12.0,37.0
914,216.0,20.625,1.125,2.125,10.625,16.5,43.125,0.625,0.625,2.125,4.5,55.0,59.0
915,143.0,29.875,1.125,2.125,2.875,16.0,44.375,0.625,0.625,2.375,4.0,7.0,32.0
916,179.0,19.5,2.25,2.75,7.0,21.5,45.5,0.25,0.75,3.0,3.5,40.0,33.0
917,161.0,24.875,2.625,2.125,7.375,17.0,47.375,0.125,0.625,2.875,3.0,49.0,4.0
918,201.0,16.5,3.75,2.25,6.0,26.5,49.0,0.25,0.75,2.5,2.5,51.0,40.0
919,159.0,30.125,1.875,1.875,8.125,14.0,50.625,0.375,0.375,2.625,2.0,41.0,6.0
920,163.0,24.0,2.25,4.25,8.0,18.5,52.0,0.25,0.25,2.0,2.5,45.0,4.0
921,161.0,28.875,4.125,6.125,4.875,14.0,53.875,0.125,0.125,1.875,2.0,40.0,5.0
922,172.0,20.125,3.125,13.125,6.125,16.5,55.125,0.125,0.125,1.125,2.5,39.0,15.0
923,151.0,40.875,1.125,11.125,0.875,6.0,56.875,0.125,0.125,0.875,2.0,29.0,2.0
924,144.0,28.0,0.75,15.75,1.0,15.5,58.5,0.25,0.25,0.5,1.5,22.0,0.0
925,144.0,28.0,0.75,15.75,1.0,15.5,58.5,0.25,0.25,0.5,1.5,22.0,0.0
926,137.0,26.75,0.75,6.75,0.75,27.0,60.25,0.25,0.25,0.25,1.0,7.0,6.0
927,133.0,25.625,0.625,7.625,2.625,26.5,62.125,0.125,0.125,0.125,0.5,5.0,2.0
928,128.0,16.5,1.5,5.5,4.5,36.0,64.0,0.0,0.0,0.0,0.0,0.0,0.0
929,40.0,0.0,0.0,0.0,4.0,0.0,4.0,0.0,0.0,0.0,0.0,16.0,16.0
930,34.0,1.125,0.125,0.125,1.125,2.5,4.125,0.125,0.125,0.125,0.5,12.0,12.0
931,57.0,0.0,0.0,0.5,0.5,5.0,4.5,0.5,0.0,0.0,1.0,22.0,23.0
932,50.0,1.25,0.0,0.5,1.75,3.5,4.75,0.5,0.0,0.25,1.5,19.0,17.0
933,84.0,0.375,0.125,1.125,0.375,6.0,5.375,0.125,0.125,0.375,2.0,24.0,44.0
934,107.0,1.25,0.5,2.0,1.75,3.5,6.25,0.5,0.0,0.75,1.5,53.0,36.0
935,168.0,0.375,1.125,1.125,1.375,6.0,7.375,0.125,0.125,0.375,2.0,80.0,68.0
936,148.0,2.125,1.125,1.125,3.125,3.5,8.125,0.125,0.125,1.125,1.5,73.0,53.0
937,149.0,0.375,1.125,1.125,7.375,2.0,9.375,0.125,0.125,0.375,2.0,82.0,43.0
938,138.0,1.5,0.25,3.25,3.5,4.5,9.5,0.25,0.25,0.5,2.5,69.0,43.0
939,194.0,0.625,1.375,1.375,3.625,7.0,9.625,0.375,0.375,0.625,3.0,81.0,85.0
940,148.0,4.5,0.75,0.75,4.5,4.5,11.0,0.25,0.25,1.0,2.5,60.0,58.0
941,184.0,4.875,0.625,1.125,2.375,7.0,11.375,0.125,0.625,0.875,3.0,68.0,84.0
942,138.0,5.0,0.25,3.25,1.0,7.5,12.0,0.25,0.25,1.0,3.5,60.0,44.0
943,225.0,4.625,0.375,4.375,1.625,7.0,13.625,0.375,0.375,0.625,3.0,74.0,115.0
944,126.0,8.0,0.25,1.25,2.0,7.5,14.0,0.25,0.25,1.0,3.5,51.0,37.0
945,208.0,7.625,0.375,2.375,1.625,8.0,14.625,0.375,0.375,0.625,4.0,77.0,91.0
946,185.0,9.5,0.25,3.25,1.5,6.5,15.5,0.25,0.25,0.5,4.5,70.0,73.0
947,239.0,7.875,0.625,2.625,1.875,9.0,16.375,0.125,0.125,0.375,5.0,90.0,105.0
948,177.0,8.0,0.75,2.75,2.0,9.5,16.5,0.25,0.25,0.5,5.5,77.0,54.0
949,204.0,7.375,0.625,2.125,3.875,10.0,16.875,0.125,0.625,0.375,6.0,70.0,86.0
950,203.0,8.5,0.75,1.25,4.0,10.5,17.0,0.25,0.75,0.5,6.5,68.0,85.0
951,218.0,1.625,0.875,2.375,7.125,14.0,18.125,0.375,0.875,0.625,6.0,73.0,93.0
952,233.0,4.25,1.5,3.0,6.75,11.5,19.25,0.5,1.0,0.75,5.5,49.0,130.0
953,237.0,5.625,2.375,3.875,5.125,11.0,20.625,0.375,0.875,1.125,5.0,84.0,97.0
954,284.0,3.0,2.75,3.25,5.5,14.5,22.5,0.25,0.75,1.0,4.5,105.0,121.0
955,271.0,5.125,2.375,6.375,3.125,13.0,23.125,0.375,0.375,1.125,5.0,97.0,114.0
956,255.0,3.0,2.75,3.75,6.0,15.5,23.5,0.25,0.25,1.5,5.5,82.0,111.0
957,250.0,2.125,5.875,2.875,5.125,16.0,23.625,0.375,0.375,1.625,6.0,82.0,104.0
958,307.0,1.75,4.0,3.0,4.75,19.5,25.25,0.5,0.5,1.25,5.5,85.0,156.0
959,216.0,4.125,3.875,5.375,3.625,17.0,26.625,0.375,0.875,1.125,5.0,65.0,83.0
960,263.0,4.875,3.875,5.375,4.375,16.5,28.375,0.375,0.875,0.875,4.5,98.0,95.0
961,268.0,4.75,1.75,5.25,5.25,19.0,29.25,0.25,0.75,0.75,5.0,121.0,75.0
962,262.0,4.875,0.375,5.875,4.375,21.5,29.875,0.375,0.875,0.375,5.5,109.0,79.0
963,307.0,5.25,0.25,7.25,5.25,20.0,30.25,0.25,1.25,0.25,6.0,126.0,105.0
964,284.0,8.375,1.375,4.375,3.375,21.5,31.375,0.375,1.375,0.375,5.5,65.0,141.0
965,266.0,6.75,1.25,4.25,4.75,23.0,32.25,0.75,1.75,0.25,5.0,50.0,136.0
966,265.0,7.0,2.25,3.25,7.0,21.5,32.5,0.75,1.75,0.5,5.5,46.0,137.0
967,281.0,5.125,1.875,3.375,10.625,21.0,34.125,0.875,1.375,0.625,5.0,84.0,113.0
968,246.0,8.0,2.75,3.75,6.0,22.5,35.5,1.25,1.25,0.5,4.5,50.0,110.0
969,235.0,2.75,2.75,3.75,13.75,21.0,36.25,1.25,1.25,0.25,5.0,56.0,91.0
970,230.0,4.875,2.375,3.375,8.875,25.5,37.375,0.875,0.875,0.375,5.5,55.0,85.0
971,249.0,4.5,2.0,5.5,9.0,25.0,39.0,0.5,1.0,0.5,5.0,45.0,112.0
972,227.0,10.375,1.375,7.875,6.875,20.5,40.375,0.375,0.875,0.875,4.5,20.0,113.0
973,215.0,9.0,1.5,7.5,8.0,22.0,41.0,0.5,1.5,1.0,4.0,13.0,106.0
974,208.0,9.25,1.5,6.5,7.25,24.5,41.25,0.5,1.5,1.25,4.5,4.0,106.0
975,202.0,8.625,1.875,6.375,8.125,25.0,42.125,0.375,0.875,1.625,5.0,0.0,102.0
976,202.0,8.625,1.875,6.375,8.125,25.0,42.125,0.375,0.875,1.625,5.0,0.0,102.0
977,205.0,9.0,2.25,2.75,4.5,32.5,44.0,0.25,0.75,1.5,4.5,23.0,80.0
978,190.0,10.625,2.375,2.875,6.125,30.0,45.625,0.375,0.875,1.125,4.0,4.0,82.0
979,202.0,6.875,3.375,2.875,10.375,29.5,46.875,0.375,0.875,1.375,3.5,17.0,79.0
980,213.0,10.25,2.75,3.25,10.75,27.0,48.75,0.25,0.75,1.25,3.0,9.0,96.0
981,186.0,5.125,4.625,4.125,10.625,30.5,50.625,0.125,0.625,1.125,2.5,9.0,67.0
982,188.0,8.875,4.625,4.125,8.375,30.0,51.375,0.125,0.625,1.875,2.0,7.0,69.0
983,171.0,6.125,4.625,4.125,11.625,30.5,52.625,0.125,0.625,1.125,2.5,2.0,55.0
984,162.0,5.75,5.25,4.25,11.75,31.0,53.75,0.25,0.25,0.75,3.0,0.0,46.0
985,160.0,5.625,5.125,2.625,9.125,36.5,55.125,0.625,0.125,0.625,2.5,8.0,34.0
986,155.0,7.375,7.125,5.625,7.875,32.0,56.875,0.625,0.125,0.375,2.0,4.0,31.0
987,146.0,6.5,5.25,6.25,13.5,29.5,58.5,0.25,0.25,0.5,1.5,0.0,24.0
988,146.0,6.5,5.25,6.25,13.5,29.5,58.5,0.25,0.25,0.5,1.5,0.0,24.0
989,136.0,7.875,5.625,5.625,9.875,33.0,60.375,0.125,0.125,0.375,1.0,8.0,4.0
990,132.0,6.25,3.0,5.0,14.25,34.5,62.25,0.0,0.0,0.25,0.5,0.0,6.0
991,128.0,9.5,2.5,2.5,13.5,36.0,64.0,0.0,0.0,0.0,0.0,0.0,0.0
992,40.0,0.0,0.0,0.0,4.0,0.0,4.0,0.0,0.0,0.0,0.0,16.0,16.0
993,34.0,1.125,0.125,0.125,1.125,2.5,4.125,0.125,0.125,0.125,0.5,12.0,12.0
994,80.0,0.0,0.5,0.0,0.5,5.0,4.5,0.0,0.5,0.0,1.0,34.0,34.0
995,88.0,1.125,1.125,0.125,1.125,3.5,5.125,0.125,0.125,0.125,1.5,46.0,28.0
996,71.0,1.25,0.25,0.25,2.25,4.0,5.25,0.25,0.25,0.25,2.0,34.0,21.0
997,96.0,1.375,1.375,0.375,1.375,4.5,5.375,0.375,0.375,0.375,2.5,56.0,22.0
998,99.0,0.625,0.375,1.375,4.625,3.0,5.625,0.375,0.375,0.625,3.0,55.0,24.0
999,135.0,1.5,0.25,2.25,1.5,5.5,6.5,0.25,0.25,0.5,3.5,82.0,31.0
1000,129.0,1.625,0.375,3.375,1.625,5.0,7.625,0.375,0.375,0.625,3.0,57.0,48.0
1001,192.0,2.0,0.75,1.25,1.5,7.5,8.0,0.75,0.25,0.5,3.5,81.0,85.0
1002,175.0,4.875,0.625,0.625,0.875,7.0,9.375,1.125,0.125,0.375,3.0,78.0,69.0
1003,217.0,2.0,0.75,1.25,2.5,8.5,11.0,0.75,0.25,0.5,2.5,108.0,79.0
1004,235.0,1.625,2.375,3.375,1.625,7.0,11.625,0.375,0.375,0.625,3.0,101.0,102.0
1005,243.0,1.0,1.75,4.75,1.0,8.5,13.5,0.25,0.25,0.5,2.5,96.0,113.0
1006,264.0,1.25,1.25,8.25,1.25,6.0,14.25,0.25,0.25,1.25,2.0,88.0,140.0
1007,294.0,1.5,1.25,8.25,3.5,4.5,15.5,0.25,0.25,0.5,2.5,139.0,117.0
1008,306.0,1.375,1.625,5.125,2.875,9.0,15.875,0.125,0.625,0.375,3.0,126.0,140.0
1009,330.0,2.25,0.5,9.0,3.75,5.5,16.75,0.0,0.5,0.25,3.5,158.0,130.0
1010,289.0,6.875,0.625,2.625,1.875,10.0,17.375,0.125,0.125,0.375,4.0,131.0,114.0
1011,319.0,10.0,0.75,0.75,1.0,10.5,17.5,0.25,0.25,0.5,4.5,132.0,141.0
1012,298.0,8.625,1.375,1.375,1.625,11.0,17.625,0.375,0.375,0.625,5.0,135.0,115.0
1013,289.0,8.5,1.25,0.75,3.0,11.5,18.0,0.75,0.25,0.5,5.5,141.0,98.0
1014,282.0,7.375,1.625,1.625,3.375,12.0,18.375,0.625,0.625,0.375,6.0,142.0,88.0
1015,230.0,6.0,1.75,3.25,3.5,12.5,19.0,0.75,0.25,0.5,6.5,119.0,57.0
1016,185.0,5.125,0.875,5.875,3.125,13.0,19.625,0.375,0.375,0.625,7.0,77.0,52.0
1017,171.0,5.25,1.0,5.0,1.25,16.5,20.75,0.5,0.5,0.75,6.5,54.0,59.0
1018,185.0,3.125,0.375,7.375,3.125,16.0,21.625,0.875,0.875,0.625,6.0,64.0,61.0
1019,183.0,3.0,0.75,4.75,3.0,19.5,22.5,1.25,1.25,0.5,5.5,58.0,63.0
1020,181.0,3.625,0.375,6.375,3.625,18.0,22.625,1.375,1.375,0.625,6.0,56.0,61.0
1021,206.0,2.0,1.25,7.75,6.5,15.5,23.5,1.75,1.25,1.0,5.5,34.0,106.0
1022,208.0,2.125,0.875,8.875,9.125,13.0,24.625,2.375,1.375,0.625,5.0,46.0,94.0
1023,238.0,2.5,0.75,8.25,5.0,18.5,26.0,2.25,1.75,0.5,4.5,46.0,122.0
1024,249.0,2.375,2.625,6.625,7.375,17.0,27.375,1.625,1.625,0.375,5.0,45.0,132.0
1025,295.0,3.5,1.25,7.75,6.0,18.5,29.0,1.75,1.25,0.5,4.5,33.0,188.0
1026,284.0,5.125,1.375,5.875,4.625,21.0,30.125,1.375,0.875,0.625,5.0,49.0,159.0
1027,264.0,1.25,2.0,11.5,2.75,21.5,31.25,1.0,0.5,0.75,5.5,32.0,154.0
1028,223.0,2.375,2.125,10.125,8.375,17.0,32.875,0.625,0.625,0.875,5.0,30.0,113.0
1029,204.0,4.25,2.5,14.5,7.25,12.5,34.25,0.5,0.5,1.25,4.5,13.0,109.0
1030,220.0,3.625,2.875,15.875,5.625,14.0,36.125,0.375,0.375,1.125,4.0,31.0,105.0
1031,198.0,4.75,1.5,16.5,2.75,17.5,37.75,0.5,0.5,0.75,3.5,11.0,101.0
1032,192.0,2.5,0.5,17.5,4.5,19.0,39.5,0.5,0.5,0.5,3.0,41.0,63.0
1033,208.0,7.375,1.375,14.375,7.375,14.5,41.375,0.375,0.375,0.375,2.5,6.0,112.0
1034,189.0,3.25,2.25,13.75,6.75,20.0,42.75,0.75,0.25,0.25,2.0,14.0,83.0
1035,201.0,6.5,2.25,13.75,6.0,18.5,43.0,0.75,0.25,0.5,2.5,21.0,86.0
1036,183.0,6.625,1.375,10.375,7.625,22.0,44.625,0.375,0.375,0.625,2.0,17.0,70.0
1037,164.0,7.875,1.875,8.875,6.875,23.5,45.375,0.375,0.375,1.375,1.5,15.0,51.0
1038,157.0,7.25,2.25,9.25,6.25,25.0,45.75,0.75,0.75,1.75,1.0,6.0,51.0
1039,166.0,8.5,2.25,9.25,7.5,23.5,46.0,0.75,0.75,2.0,1.5,17.0,47.0
1040,161.0,8.125,1.875,5.875,8.125,28.0,46.625,0.375,0.375,2.625,2.0,8.0,49.0
1041,157.0,8.5,1.25,1.75,9.0,32.5,47.5,0.25,0.75,2.0,2.5,0.0,51.0
1042,190.0,9.25,1.25,1.75,9.75,32.0,48.25,0.25,0.75,2.75,2.0,2.0,80.0
1043,177.0,8.375,1.375,1.375,8.375,35.5,49.375,0.375,0.375,3.375,1.5,0.0,67.0
1044,162.0,8.75,1.75,1.75,4.75,39.0,51.25,0.25,0.25,3.25,1.0,23.0,27.0
1045,162.0,4.0,1.75,1.75,12.0,37.5,52.5,0.25,0.25,2.5,1.5,0.0,48.0
1046,153.0,1.375,1.125,1.125,9.375,45.0,53.875,0.625,0.625,1.875,1.0,11.0,26.0
1047,148.0,1.625,1.125,1.125,9.625,45.5,55.125,0.625,0.625,1.125,1.5,7.0,23.0
1048,147.0,1.25,0.75,0.75,9.25,48.0,56.75,0.25,0.25,0.75,2.0,3.0,24.0
1049,142.0,2.125,2.625,2.625,10.125,43.5,58.625,0.125,0.125,0.625,1.5,0.0,20.0
1050,134.0,3.5,3.0,15.0,11.5,29.0,60.5,0.0,0.0,0.5,1.0,3.0,7.0
1051,132.0,2.25,2.0,14.0,10.25,34.5,62.25,0.0,0.0,0.25,0.5,0.0,6.0
1052,128.0,11.0,2.0,14.0,3.0,34.0,64.0,0.0,0.0,0.0,0.0,0.0,0.0
1053,40.0,0.0,0.0,0.0,4.0,0.0,4.0,0.0,0.0,0.0,0.0,16.0,16.0
1054,34.0,1.125,0.125,0.125,1.125,2.5,4.125,0.125,0.125,0.125,0.5,12.0,12.0
1055,57.0,0.0,0.0,0.5,0.5,5.0,4.5,0.5,0.0,0.0,1.0,22.0,23.0
1056,50.0,1.25,0.0,0.5,1.75,3.5,4.75,0.5,0.0,0.25,1.5,19.0,17.0
1057,78.0,0.0,0.0,0.5,5.5,2.0,5.5,0.5,0.0,0.0,2.0,31.0,31.0
1058,64.0,1.125,0.125,1.125,2.125,4.5,6.125,0.125,0.125,0.125,2.5,27.0,19.0
1059,107.0,0.25,1.25,0.25,1.25,7.0,6.25,0.25,0.25,0.25,3.0,62.0,25.0
1060,137.0,1.125,2.125,0.125,2.125,5.5,7.125,0.125,0.125,0.125,3.5,86.0,29.0
1061,171.0,2.25,1.25,0.25,3.25,5.0,8.25,0.25,0.25,0.25,3.0,98.0,49.0
1062,152.0,4.625,0.625,0.125,3.125,4.5,9.625,0.625,0.125,0.125,2.5,59.0,67.0
1063,157.0,6.375,0.125,0.625,0.875,6.0,10.875,0.625,0.125,0.375,2.0,69.0,60.0
1064,153.0,5.0,0.75,0.25,0.5,8.5,11.0,0.75,0.25,0.5,2.5,62.0,61.0
1065,208.0,2.625,1.375,0.375,1.625,10.0,12.625,0.375,0.375,0.625,2.0,91.0,85.0
1066,209.0,1.5,0.75,0.75,1.5,12.5,13.0,0.25,0.25,1.0,2.5,105.0,70.0
1067,173.0,4.875,1.125,1.125,0.875,10.0,14.875,0.125,0.125,0.875,2.0,65.0,72.0
1068,209.0,4.125,0.625,0.625,0.125,13.5,16.625,0.125,0.125,0.625,1.5,93.0,78.0
1069,276.0,4.75,1.75,0.75,0.75,12.0,17.25,0.25,0.25,0.25,2.0,150.0,86.0
1070,217.0,0.375,0.375,1.375,0.375,18.5,17.375,0.375,0.375,0.375,2.5,94.0,81.0
1071,273.0,1.75,0.75,2.75,1.75,15.0,18.25,0.25,0.25,0.25,3.0,104.0,125.0
1072,280.0,1.375,0.375,1.375,1.375,18.5,19.375,0.375,0.375,0.375,2.5,123.0,111.0
1073,231.0,3.25,0.25,0.75,3.75,16.0,20.75,0.75,0.25,0.25,2.0,94.0,89.0
1074,216.0,4.125,0.625,0.125,3.625,16.5,21.125,0.625,0.125,0.625,2.5,86.0,80.0
1075,186.0,3.25,0.25,0.75,4.75,17.0,21.75,0.75,0.25,0.25,3.0,70.0,64.0
1076,264.0,2.125,1.125,1.625,7.625,14.5,22.125,1.125,0.625,0.625,2.5,147.0,63.0
1077,305.0,2.5,1.5,1.0,10.0,13.0,23.0,1.0,0.5,0.5,3.0,159.0,90.0
1078,303.0,2.125,3.125,1.625,8.625,13.5,23.125,1.125,0.625,0.625,3.5,134.0,111.0
1079,268.0,3.0,2.0,4.0,7.0,14.0,23.5,1.5,0.5,0.5,4.0,120.0,88.0
1080,270.0,2.625,1.625,2.125,8.125,16.5,24.125,1.125,0.625,0.625,4.5,122.0,86.0
1081,280.0,2.75,1.75,3.25,7.25,17.0,24.25,1.25,0.75,0.75,5.0,118.0,98.0
1082,258.0,2.875,1.875,7.375,6.375,14.5,25.375,1.375,0.875,0.875,4.5,116.0,76.0
1083,272.0,3.5,2.5,7.0,8.0,13.0,26.0,1.0,1.5,0.5,5.0,139.0,65.0
1084,286.0,3.875,1.375,8.875,3.375,17.5,26.875,1.375,0.875,0.375,5.5,145.0,71.0
1085,237.0,4.5,2.5,8.0,3.0,18.0,28.0,1.0,0.5,0.5,6.0,126.0,39.0
1086,255.0,5.125,2.125,13.125,3.125,13.5,29.625,0.625,0.625,0.625,5.5,118.0,63.0
1087,296.0,4.0,2.5,10.0,4.5,17.0,31.0,0.5,1.0,0.5,5.0,142.0,78.0
1088,226.0,10.375,1.375,11.875,1.875,13.5,31.375,0.375,0.875,0.875,5.5,82.0,66.0
1089,250.0,9.25,1.75,8.75,3.25,17.0,32.75,0.25,1.25,0.75,5.0,90.0,80.0
1090,221.0,9.625,1.625,12.125,3.125,14.5,33.625,0.625,1.125,1.125,4.5,88.0,51.0
1091,215.0,8.25,1.75,9.75,5.25,17.0,34.75,0.25,1.25,0.75,5.0,93.0,38.0
1092,205.0,9.875,0.875,13.875,2.875,15.5,35.375,0.375,1.375,0.375,5.5,82.0,37.0
1093,196.0,7.625,1.375,18.375,4.625,12.0,35.625,0.375,1.375,0.625,6.0,71.0,37.0
1094,172.0,11.75,1.0,13.5,3.25,15.5,37.25,0.5,1.0,0.75,5.5,40.0,42.0
1095,200.0,7.625,0.875,14.375,4.125,19.0,39.125,0.375,0.875,0.625,5.0,59.0,49.0
1096,154.0,14.0,1.25,13.25,2.0,16.5,40.5,0.75,0.75,0.5,4.5,28.0,32.0
1097,167.0,12.125,2.375,16.875,2.625,14.0,42.125,0.375,0.875,0.625,4.0,41.0,30.0
1098,181.0,12.375,2.375,16.875,2.875,14.5,42.375,0.375,0.875,0.875,4.5,46.0,37.0
1099,186.0,12.25,2.25,16.25,3.25,16.0,43.25,0.25,1.25,1.25,4.0,39.0,47.0
1100,180.0,13.625,1.625,12.625,5.625,17.5,45.125,0.125,1.125,1.125,3.5,20.0,58.0
1101,176.0,11.75,0.75,22.25,5.25,12.0,46.25,0.25,0.75,0.75,4.0,18.0,54.0
1102,172.0,16.875,0.375,20.375,1.875,13.5,47.875,0.375,0.375,0.875,3.5,10.0,56.0
1103,159.0,13.25,0.75,8.75,4.25,27.0,49.75,0.25,0.25,0.75,3.0,18.0,33.0
1104,152.0,9.625,0.625,24.125,4.125,16.5,51.125,0.125,0.625,0.625,2.5,18.0,24.0
1105,145.0,4.375,1.625,22.125,10.875,17.0,51.875,0.125,0.625,0.375,3.0,16.0,17.0
1106,145.0,10.625,1.625,21.125,11.125,12.5,53.125,0.125,0.625,0.625,2.5,12.0,19.0
1107,151.0,10.375,1.625,21.125,13.875,11.0,53.875,0.125,0.625,0.375,3.0,8.0,27.0
1108,141.0,17.0,1.75,5.75,12.0,22.5,55.5,0.25,0.25,0.5,2.5,6.0,17.0
1109,152.0,9.875,1.625,6.625,11.875,30.0,57.375,0.125,0.125,0.375,2.0,25.0,7.0
1110,147.0,16.125,1.625,6.625,7.125,29.5,58.625,0.125,0.125,0.625,1.5,18.0,7.0
1111,142.0,8.875,1.625,1.625,6.875,43.0,60.375,0.125,0.125,0.375,1.0,18.0,0.0
1112,130.0,15.75,0.5,8.5,5.75,32.5,62.25,0.0,0.0,0.25,0.5,2.0,2.0
1113,128.0,13.0,1.0,9.0,5.0,36.0,64.0,0.0,0.0,0.0,0.0,0.0,0.0
1114,40.0,0.0,0.0,0.0,4.0,0.0,4.0,0.0,0.0,0.0,0.0,16.0,16.0
1115,34.0,1.125,0.125,0.125,1.125,2.5,4.125,0.125,0.125,0.125,0.5,12.0,12.0
1116,57.0,0.0,0.0,0.5,0.5,5.0,4.5,0.5,0.0,0.0,1.0,22.0,23.0
1117,74.0,1.125,0.125,1.125,1.125,3.5,5.125,0.125,0.125,0.125,1.5,38.0,22.0
1118,77.0,0.375,0.125,1.125,4.375,2.0,5.375,0.125,0.125,0.375,2.0,28.0,33.0
1119,98.0,1.75,0.5,0.5,1.75,4.5,6.25,0.0,0.0,0.25,2.5,64.0,16.0
1120,107.0,1.375,1.125,0.125,1.375,6.0,7.375,0.125,0.125,0.375,2.0,62.0,25.0
1121,116.0,1.125,0.125,1.125,2.125,6.5,8.125,0.125,0.125,0.125,2.5,43.0,51.0
1122,126.0,1.25,0.25,0.25,3.25,7.0,8.25,0.25,0.25,0.25,3.0,43.0,59.0
1123,167.0,1.375,0.375,1.375,2.375,7.5,8.375,0.375,0.375,0.375,3.5,77.0,64.0
1124,156.0,1.5,0.5,1.5,2.5,8.0,8.5,0.5,0.5,0.5,4.0,61.0,67.0
1125,170.0,1.375,0.875,0.875,1.375,10.5,8.875,0.375,0.375,0.875,4.5,79.0,61.0
1126,213.0,0.75,0.75,1.75,1.75,11.0,9.25,0.25,0.25,1.25,5.0,82.0,99.0
1127,226.0,1.875,0.375,1.375,1.875,11.5,9.875,0.375,0.375,0.875,5.5,120.0,72.0
1128,211.0,2.5,0.5,1.5,3.5,10.0,10.5,0.5,0.5,0.5,6.0,101.0,74.0
1129,264.0,3.875,0.875,0.875,2.875,10.5,11.375,0.375,0.375,0.375,6.5,129.0,97.0
1130,192.0,5.75,1.75,0.75,2.75,9.0,12.25,0.25,0.25,0.25,7.0,95.0,57.0
1131,232.0,4.625,1.125,1.125,1.625,12.5,13.625,0.125,0.125,0.625,6.5,115.0,75.0
1132,212.0,7.75,0.75,0.75,0.75,12.0,15.25,0.25,0.25,0.25,6.0,99.0,69.0
1133,284.0,5.375,0.375,0.375,0.375,16.5,15.375,0.375,0.375,0.375,6.5,164.0,74.0
1134,273.0,6.75,0.75,0.75,1.75,14.0,17.25,0.25,0.25,0.25,6.0,149.0,76.0
1135,291.0,5.375,2.375,0.375,3.375,13.5,18.375,0.375,0.375,0.375,5.5,123.0,118.0
1136,249.0,3.75,2.75,0.25,3.25,16.0,18.75,0.75,0.25,0.25,6.0,108.0,89.0
1137,256.0,3.375,1.375,0.875,1.875,19.5,19.875,0.875,0.375,0.375,5.5,86.0,116.0
1138,294.0,2.75,1.25,1.25,1.75,21.0,21.25,0.75,0.75,0.25,5.0,149.0,89.0
1139,290.0,1.375,2.875,1.375,1.875,21.5,21.875,0.375,0.875,0.375,5.5,132.0,100.0
1140,232.0,2.75,1.75,1.75,1.75,22.0,22.25,0.25,1.25,0.25,6.0,102.0,70.0
1141,249.0,4.0,1.75,1.75,4.0,19.5,23.5,0.25,1.25,0.5,5.5,112.0,75.0
1142,238.0,5.125,0.875,1.875,4.125,20.0,23.625,0.375,1.375,0.625,6.0,101.0,73.0
1143,234.0,4.0,2.25,3.25,4.0,19.5,25.0,0.25,1.25,1.0,5.5,74.0,94.0
1144,279.0,5.125,0.875,2.375,4.625,21.0,26.625,0.375,0.875,1.125,5.0,106.0,105.0
1145,231.0,3.5,0.75,1.25,5.0,24.5,27.5,0.75,1.25,1.0,4.5,78.0,83.0
1146,260.0,7.875,1.125,1.625,5.375,20.0,29.375,0.625,1.125,0.875,4.0,75.0,113.0
1147,238.0,7.0,0.75,0.75,5.0,23.5,30.0,0.75,1.75,1.0,3.5,67.0,97.0
1148,213.0,7.875,1.625,1.125,5.375,22.0,30.875,0.625,1.125,1.375,4.0,74.0,63.0
1149,251.0,4.625,1.625,1.125,4.125,27.5,32.625,0.625,1.125,1.125,3.5,79.0,94.0
1150,268.0,6.75,3.25,0.75,8.25,21.0,33.75,0.25,1.75,1.25,3.0,95.0,93.0
1151,219.0,4.625,1.625,1.625,9.625,23.5,35.125,0.125,1.125,1.125,3.5,61.0,76.0
1152,226.0,6.75,3.75,1.25,9.25,21.0,36.25,0.25,0.75,1.75,3.0,62.0,80.0
1153,192.0,5.125,4.125,2.125,10.125,21.5,36.625,0.625,0.625,1.625,3.5,37.0,69.0
1154,179.0,7.5,3.5,2.5,13.5,17.0,38.0,1.0,1.0,1.0,3.0,27.0,64.0
1155,183.0,5.625,2.625,2.125,12.125,22.5,38.625,1.625,1.125,1.125,2.5,32.0,61.0
1156,191.0,8.25,3.75,2.25,9.75,22.0,40.25,1.75,1.25,0.75,2.0,55.0,44.0
1157,180.0,6.125,2.625,2.125,10.625,25.5,42.125,1.625,1.125,0.625,1.5,28.0,58.0
1158,165.0,10.25,1.75,2.25,9.75,24.0,43.75,1.25,0.75,0.25,2.0,28.0,41.0
1159,155.0,2.625,2.125,1.625,7.125,35.5,45.625,1.125,0.625,0.125,1.5,18.0,39.0
1160,159.0,4.5,1.0,3.5,6.0,35.0,46.5,2.0,0.5,0.0,1.0,18.0,41.0
1161,166.0,11.75,1.0,3.5,1.25,33.5,46.75,2.0,0.5,0.25,1.5,21.0,43.0
1162,176.0,13.5,1.0,5.5,1.0,31.0,47.5,2.0,0.5,1.0,1.0,28.0,44.0
1163,175.0,11.125,3.125,7.125,3.125,28.5,49.125,2.125,0.125,1.125,0.5,28.0,41.0
1164,170.0,11.0,5.0,9.0,3.0,26.0,51.0,2.0,0.0,1.0,0.0,42.0,20.0
1165,158.0,10.25,3.0,13.0,4.25,24.5,52.25,2.0,0.0,0.25,0.5,31.0,17.0
1166,135.0,7.5,3.0,15.0,13.5,17.0,52.5,2.0,0.0,0.5,1.0,17.0,6.0
1167,136.0,6.75,2.5,16.5,16.75,14.5,54.25,2.0,0.0,0.25,0.5,11.0,11.0
1168,143.0,11.375,1.125,14.125,10.375,21.0,55.375,1.125,0.125,0.375,1.0,13.0,14.0
1169,150.0,10.125,1.125,14.125,14.125,19.5,56.125,1.125,0.125,0.125,1.5,26.0,6.0
1170,148.0,19.5,0.5,14.5,10.5,15.0,57.5,0.5,0.5,0.5,1.0,28.0,0.0
1171,141.0,13.75,0.5,8.5,9.75,28.5,58.75,0.5,0.5,0.75,0.5,19.0,0.0
1172,141.0,13.75,0.5,8.5,9.75,28.5,58.75,0.5,0.5,0.75,0.5,19.0,0.0
1173,137.0,5.375,1.125,9.125,13.375,33.0,60.375,0.125,0.125,0.375,1.0,13.0,0.0
1174,137.0,5.375,1.125,9.125,13.375,33.0,60.375,0.125,0.125,0.375,1.0,13.0,0.0
1175,137.0,7.125,1.125,9.125,15.125,30.5,62.125,0.125,0.125,0.125,0.5,11.0,0.0
1176,137.0,7.125,1.125,9.125,15.125,30.5,62.125,0.125,0.125,0.125,0.5,11.0,0.0
1177,128.0,13.0,2.0,16.0,19.0,14.0,64.0,0.0,0.0,0.0,0.0,0.0,0.0
1178,40.0,0.0,0.0,0.0,4.0,0.0,4.0,0.0,0.0,0.0,0.0,16.0,16.0
1179,34.0,1.125,0.125,0.125,1.125,2.5,4.125,0.125,0.125,0.125,0.5,12.0,12.0
1180,50.0,0.375,0.125,0.125,4.375,1.0,4.375,0.125,0.125,0.375,1.0,12.0,26.0
1181,52.0,1.75,0.0,0.0,1.75,3.5,4.75,0.0,0.0,0.75,1.5,26.0,12.0
1182,104.0,0.375,0.125,1.125,0.375,6.0,5.375,0.125,0.125,0.375,2.0,50.0,38.0
1183,125.0,0.5,0.25,0.25,1.5,6.5,5.5,0.25,0.25,0.5,2.5,72.0,35.0
1184,145.0,0.625,0.375,1.375,0.625,7.0,5.625,0.375,0.375,0.625,3.0,59.0,66.0
1185,139.0,0.75,0.5,1.5,0.75,7.5,5.75,0.5,0.5,0.75,3.5,48.0,69.0
1186,124.0,5.125,0.875,0.875,1.125,4.0,6.625,0.375,0.375,0.625,4.0,64.0,36.0
1187,118.0,5.0,0.25,0.75,2.5,4.5,7.0,0.25,0.75,0.5,4.5,57.0,35.0
1188,149.0,4.625,0.875,0.375,3.125,5.0,7.125,0.375,0.875,0.625,5.0,57.0,64.0
1189,155.0,5.5,0.25,1.25,2.5,5.5,7.5,0.25,1.25,0.5,5.5,75.0,50.0
1190,143.0,5.625,0.875,1.375,2.125,6.0,8.125,0.375,0.875,0.625,6.0,82.0,29.0
1191,188.0,6.25,1.0,1.0,2.25,6.5,8.75,0.5,0.5,0.75,6.5,99.0,55.0
1192,137.0,8.625,0.875,0.375,1.125,7.0,9.125,0.375,0.875,0.625,7.0,56.0,45.0
1193,184.0,7.375,0.875,2.375,0.875,7.5,9.875,0.375,0.875,0.375,7.5,87.0,59.0
1194,204.0,6.25,0.75,2.25,2.75,8.0,10.75,0.25,0.75,0.25,8.0,109.0,55.0
1195,226.0,5.125,1.125,3.625,2.625,8.5,11.125,0.125,0.625,0.625,8.5,127.0,57.0
1196,191.0,4.5,1.5,3.0,4.0,9.0,12.0,0.0,0.5,0.5,9.0,111.0,36.0
1197,206.0,4.625,1.625,2.125,4.125,10.5,13.125,0.125,0.625,0.625,8.5,108.0,52.0
1198,180.0,4.25,1.25,1.75,6.75,10.0,14.25,0.25,0.75,0.75,8.0,87.0,45.0
1199,207.0,4.5,1.25,1.75,4.0,13.5,15.5,0.25,0.75,1.0,7.5,106.0,51.0
1200,189.0,5.125,2.375,3.375,1.125,14.0,16.125,0.375,0.375,1.125,8.0,77.0,60.0
1201,173.0,4.75,1.5,3.5,2.75,14.5,16.75,0.5,0.5,0.75,8.5,73.0,46.0
1202,189.0,8.125,1.875,0.875,4.125,13.0,17.625,0.375,0.375,0.625,9.0,79.0,54.0
1203,195.0,4.0,1.75,1.25,5.5,16.5,19.0,0.75,0.25,0.5,8.5,81.0,56.0
1204,173.0,10.125,0.875,0.875,6.125,12.0,20.625,0.375,0.375,0.625,8.0,49.0,64.0
1205,191.0,6.0,0.75,0.75,12.0,11.5,22.5,0.25,0.25,0.5,7.5,50.0,79.0
1206,174.0,7.125,1.875,1.875,7.125,14.0,22.625,0.375,0.375,0.625,8.0,47.0,63.0
1207,204.0,4.5,1.75,2.25,5.0,19.5,24.0,0.25,0.75,0.5,7.5,61.0,77.0
1208,197.0,4.625,0.875,1.375,4.125,23.0,25.125,0.375,0.875,0.625,7.0,85.0,44.0
1209,202.0,6.375,0.875,3.375,3.875,20.5,26.875,0.375,0.875,0.375,6.5,60.0,72.0
1210,229.0,5.0,1.0,1.0,3.0,26.0,28.5,0.5,0.5,0.5,6.0,99.0,58.0
1211,220.0,6.375,1.375,3.375,2.375,23.5,30.375,0.375,0.375,0.375,5.5,80.0,66.0
1212,237.0,6.5,1.5,2.5,6.5,21.0,31.5,0.5,0.5,0.5,5.0,80.0,81.0
1213,228.0,5.875,3.375,2.375,6.875,20.5,32.875,0.375,0.375,0.875,4.5,62.0,88.0
1214,224.0,9.25,4.25,3.25,5.25,18.0,33.75,0.75,0.75,0.75,4.0,77.0,67.0
1215,222.0,6.375,2.875,2.875,7.375,21.5,35.375,0.875,0.875,0.375,3.5,58.0,82.0
1216,208.0,10.0,2.0,4.0,9.0,17.0,36.5,0.5,1.5,0.5,3.0,80.0,44.0
1217,180.0,12.375,1.875,3.875,4.375,20.5,37.875,0.375,1.375,0.875,2.5,63.0,31.0
1218,193.0,10.5,2.5,2.5,4.5,24.0,39.5,0.5,1.5,0.5,2.0,77.0,28.0
1219,203.0,11.75,2.5,2.5,5.75,22.5,39.75,0.5,1.5,0.75,2.5,85.0,28.0
1220,223.0,11.625,2.375,2.375,5.625,24.0,41.625,0.375,1.375,0.625,2.0,89.0,42.0
1221,209.0,10.0,3.75,2.75,9.0,21.5,43.5,0.25,1.25,0.5,1.5,50.0,65.0
1222,236.0,10.75,3.75,2.75,9.75,21.0,44.25,0.25,1.25,1.25,1.0,69.0,71.0
1223,226.0,6.125,3.125,9.125,8.125,22.5,45.625,0.625,0.625,1.625,0.5,45.0,83.0
1224,198.0,16.75,3.75,1.75,4.75,23.0,47.25,0.25,0.25,1.25,1.0,54.0,44.0
1225,184.0,9.625,1.625,7.125,3.125,29.5,47.625,0.625,0.125,1.125,1.5,43.0,39.0
1226,179.0,9.25,1.25,9.25,4.25,28.0,48.25,0.25,0.25,1.25,2.0,38.0,37.0
1227,181.0,10.0,1.75,3.75,5.0,32.5,48.5,0.25,0.25,1.5,2.5,36.0,39.0
1228,176.0,8.875,2.125,3.625,3.375,36.0,49.375,0.625,0.125,1.875,2.0,31.0,37.0
1229,163.0,10.25,0.5,9.0,3.75,31.5,51.25,0.5,0.0,1.75,1.5,33.0,20.0
1230,160.0,19.0,1.0,5.5,4.5,26.0,52.5,0.5,0.0,1.0,2.0,39.0,9.0
1231,155.0,18.625,0.125,9.125,2.625,26.5,53.625,0.125,0.125,0.625,2.5,30.0,11.0
1232,160.0,22.875,0.625,7.625,4.875,22.0,55.375,0.125,0.125,0.375,2.0,37.0,7.0
1233,149.0,24.625,0.625,7.625,1.625,24.5,56.125,0.125,0.125,0.125,2.5,22.0,9.0
1234,147.0,25.0,1.0,8.5,3.5,22.0,57.5,0.5,0.0,0.0,2.0,20.0,7.0
1235,142.0,26.25,1.0,8.5,3.75,21.5,58.75,0.5,0.0,0.25,1.5,11.0,9.0
1236,140.0,26.875,0.625,7.625,5.875,21.0,60.375,0.125,0.125,0.375,1.0,9.0,7.0
1237,128.0,40.75,0.5,0.5,6.75,14.5,62.25,0.0,0.0,0.25,0.5,0.0,2.0
1238,128.0,42.5,0.5,0.5,6.5,14.0,64.0,0.0,0.0,0.0,0.0,0.0,0.0
1239,40.0,0.0,0.0,0.0,4.0,0.0,4.0,0.0,0.0,0.0,0.0,16.0,16.0
1240,34.0,1.125,0.125,0.125,1.125,2.5,4.125,0.125,0.125,0.125,0.5,12.0,12.0
1241,57.0,0.0,0.0,0.5,0.5,5.0,4.5,0.5,0.0,0.0,1.0,22.0,23.0
1242,74.0,1.125,0.125,1.125,1.125,3.5,5.125,0.125,0.125,0.125,1.5,38.0,22.0
1243,79.0,1.0,0.0,0.5,1.5,5.0,6.0,0.0,0.5,0.5,1.0,30.0,33.0
1244,136.0,0.125,0.125,0.125,0.125,8.5,7.125,0.125,0.125,1.125,0.5,50.0,68.0
1245,123.0,1.375,0.125,0.125,1.375,7.0,7.375,0.125,0.125,1.375,1.0,49.0,54.0
1246,131.0,0.75,0.0,0.0,0.75,9.5,8.75,0.0,0.0,0.75,1.5,44.0,65.0
1247,151.0,1.0,0.5,0.5,0.0,10.0,9.5,0.0,0.0,0.5,2.0,65.0,62.0
1248,193.0,2.125,1.125,1.125,1.125,7.5,11.125,0.125,0.125,0.125,1.5,103.0,64.0
1249,165.0,2.25,0.25,0.25,1.25,10.0,11.25,0.25,0.25,0.25,2.0,73.0,64.0
1250,149.0,2.375,1.375,0.375,2.375,8.5,11.375,0.375,0.375,0.375,2.5,58.0,61.0
1251,189.0,2.75,0.75,0.75,1.75,10.0,13.25,0.25,0.25,0.25,2.0,77.0,80.0
1252,206.0,2.125,0.125,0.625,1.625,12.5,13.625,0.625,0.125,0.125,2.5,102.0,70.0
1253,218.0,2.5,1.0,1.0,2.5,11.0,14.0,0.5,0.5,0.0,3.0,84.0,98.0
1254,234.0,2.125,0.625,1.125,2.625,12.5,14.625,1.125,0.625,0.125,2.5,78.0,118.0
1255,236.0,3.375,0.625,1.125,2.875,12.0,15.875,1.125,0.625,0.375,2.0,96.0,100.0
1256,270.0,5.75,0.5,4.0,2.25,8.5,16.75,0.5,1.0,0.25,2.5,115.0,113.0
1257,273.0,5.375,1.125,2.625,1.875,11.0,16.875,0.625,1.125,0.375,3.0,126.0,103.0
1258,284.0,5.75,1.0,4.0,2.75,9.5,17.25,0.5,1.5,0.25,3.5,127.0,111.0
1259,230.0,4.375,1.625,1.625,2.375,14.0,17.375,0.625,1.625,0.375,4.0,101.0,81.0
1260,271.0,9.0,1.75,3.25,1.5,9.5,18.0,0.75,2.25,0.5,3.5,119.0,102.0
1261,263.0,9.375,0.625,3.625,0.375,12.0,18.375,0.625,2.625,0.375,4.0,104.0,107.0
1262,218.0,12.0,0.75,2.25,1.5,10.5,19.0,0.75,2.25,0.5,4.5,66.0,98.0
1263,242.0,7.625,0.875,2.375,2.125,15.0,20.125,0.375,1.875,0.625,5.0,66.0,120.0
1264,229.0,9.5,0.75,2.75,4.5,11.5,21.0,0.25,1.25,1.0,5.5,61.0,110.0
1265,219.0,12.875,1.125,2.125,1.875,12.0,21.875,0.125,1.125,0.875,6.0,55.0,104.0
1266,212.0,11.0,0.75,4.25,2.5,12.5,22.5,0.25,0.75,1.0,6.5,42.0,108.0
1267,223.0,11.875,1.625,3.125,2.375,13.0,23.375,0.125,0.625,0.875,7.0,44.0,115.0
1268,226.0,13.0,1.75,2.75,2.0,13.5,24.5,0.25,0.25,0.5,7.5,23.0,137.0
1269,224.0,8.625,0.375,0.375,4.625,20.0,24.625,0.375,0.375,0.625,8.0,25.0,131.0
1270,221.0,7.5,1.25,1.75,6.0,18.5,25.0,0.75,0.25,0.5,8.5,30.0,121.0
1271,233.0,8.25,1.75,1.25,5.75,19.0,25.25,0.75,0.25,0.75,9.0,25.0,136.0
1272,219.0,7.875,1.375,0.375,7.875,19.5,25.875,0.375,0.375,0.875,9.5,22.0,123.0
1273,230.0,9.125,1.375,0.375,5.125,22.0,26.125,0.375,0.375,1.125,10.0,23.0,131.0
1274,230.0,4.875,0.375,5.375,5.875,22.5,26.875,0.375,0.375,0.875,10.5,33.0,119.0
1275,255.0,2.75,0.75,5.75,6.75,24.0,28.25,0.25,0.25,1.25,10.0,51.0,124.0
1276,221.0,7.875,0.875,6.875,5.875,19.5,29.375,0.375,0.375,1.375,9.5,26.0,113.0
1277,226.0,2.0,1.5,8.5,7.0,23.0,31.0,0.5,0.5,1.0,9.0,63.0,79.0
1278,203.0,1.875,0.875,7.875,7.875,24.5,32.375,0.375,0.375,1.375,8.5,35.0,82.0
1279,210.0,2.0,2.0,6.0,10.0,24.0,33.5,0.5,0.5,1.5,8.0,41.0,81.0
1280,199.0,2.375,0.875,8.375,7.875,25.5,34.875,0.375,0.875,1.375,7.5,37.0,72.0
1281,222.0,2.75,0.75,3.75,7.75,31.0,36.25,0.25,1.25,1.25,7.0,35.0,95.0
1282,219.0,3.5,0.75,3.75,8.5,30.5,38.0,0.25,1.25,1.0,6.5,28.0,97.0
1283,192.0,4.875,1.125,3.125,12.875,26.0,39.875,0.125,1.125,0.875,6.0,38.0,58.0
1284,210.0,3.0,2.75,2.75,13.0,27.5,41.5,0.25,1.25,0.5,5.5,45.0,67.0
1285,199.0,4.375,2.125,2.625,11.875,29.0,42.375,0.125,1.625,0.875,5.0,48.0,51.0
1286,172.0,4.0,2.25,2.25,8.0,34.5,44.0,0.25,1.25,1.0,4.5,22.0,48.0
1287,203.0,7.375,2.625,3.625,4.375,34.0,45.875,0.125,1.125,0.875,4.0,42.0,57.0
1288,171.0,3.0,1.25,3.75,10.5,34.5,47.0,0.25,0.75,0.5,4.5,21.0,44.0
1289,193.0,4.375,4.625,5.125,9.875,30.0,48.875,0.125,0.625,0.375,4.0,48.0,37.0
1290,150.0,5.625,3.125,3.625,12.125,30.5,49.625,0.125,0.625,0.125,4.5,17.0,23.0
1291,161.0,4.25,3.25,6.25,12.25,30.0,51.25,0.25,0.25,0.25,4.0,25.0,24.0
1292,146.0,1.125,3.125,1.125,10.125,41.5,53.125,0.125,0.125,0.125,3.5,15.0,17.0
1293,141.0,4.0,1.5,3.0,8.5,41.0,54.5,0.0,0.5,0.0,3.0,17.0,8.0
1294,144.0,11.75,3.0,4.5,9.25,30.5,55.75,0.0,0.5,0.25,2.5,8.0,18.0
1295,136.0,14.0,3.0,4.5,4.5,34.0,57.0,0.0,0.5,0.5,2.0,10.0,6.0
1296,133.0,16.125,3.625,4.625,5.125,31.5,58.625,0.125,0.125,0.625,1.5,8.0,3.0
1297,136.0,17.0,3.5,1.5,9.0,31.0,60.5,0.0,0.0,0.5,1.0,12.0,0.0
1298,136.0,17.25,2.0,2.0,7.25,34.5,62.25,0.0,0.0,0.25,0.5,10.0,0.0
1299,136.0,17.25,2.0,2.0,7.25,34.5,62.25,0.0,0.0,0.25,0.5,10.0,0.0
1300,128.0,22.5,1.5,1.5,6.5,32.0,64.0,0.0,0.0,0.0,0.0,0.0,0.0
1301,40.0,0.0,0.0,0.0,4.0,0.0,4.0,0.0,0.0,0.0,0.0,16.0,16.0
1302,34.0,1.125,0.125,0.125,1.125,2.5,4.125,0.125,0.125,0.125,0.5,12.0,12.0
1303,57.0,0.0,0.0,0.5,0.5,5.0,4.5,0.5,0.0,0.0,1.0,22.0,23.0
1304,50.0,1.25,0.0,0.5,1.75,3.5,4.75,0.5,0.0,0.25,1.5,19.0,17.0
1305,84.0,0.375,0.125,1.125,0.375,6.0,5.375,0.125,0.125,0.375,2.0,24.0,44.0
1306,107.0,1.25,0.5,2.0,1.75,3.5,6.25,0.5,0.0,0.75,1.5,53.0,36.0
1307,168.0,0.375,1.125,1.125,1.375,6.0,7.375,0.125,0.125,0.375,2.0,80.0,68.0
1308,99.0,4.25,0.5,2.0,0.75,3.5,8.75,0.0,0.5,0.25,1.5,48.0,29.0
1309,171.0,2.375,0.625,0.125,0.875,8.0,8.875,0.125,0.625,0.375,2.0,83.0,64.0
1310,210.0,1.0,2.25,0.75,2.5,6.5,9.0,0.25,0.75,0.5,2.5,112.0,72.0
1311,188.0,2.875,0.625,0.625,0.875,9.0,9.375,0.125,1.125,0.375,3.0,79.0,81.0
1312,268.0,1.625,0.625,2.625,0.625,9.5,10.125,0.125,1.125,0.125,3.5,161.0,77.0
1313,269.0,2.75,1.25,3.75,1.25,7.0,11.75,0.25,0.75,0.25,3.0,167.0,70.0
1314,256.0,2.125,0.625,1.125,0.625,12.5,13.625,0.125,0.625,0.125,2.5,119.0,103.0
1315,242.0,1.75,0.75,0.75,1.75,13.0,14.25,0.25,0.25,0.25,3.0,118.0,88.0
1316,239.0,0.875,0.875,0.875,2.875,13.5,14.375,0.375,0.375,0.375,3.5,109.0,92.0
1317,231.0,5.25,1.25,5.25,2.25,6.0,15.25,0.25,0.25,0.25,4.0,114.0,77.0
1318,202.0,4.875,0.875,6.875,1.875,6.5,15.375,0.375,0.375,0.375,4.5,83.0,77.0
1319,219.0,6.25,2.75,4.25,3.75,5.0,15.75,0.25,0.75,0.25,5.0,99.0,76.0
1320,273.0,5.875,1.875,6.875,0.875,7.5,16.375,0.375,0.375,0.375,5.5,140.0,87.0
1321,254.0,5.75,0.75,7.25,2.25,8.0,16.75,0.75,0.25,0.25,6.0,116.0,90.0
1322,330.0,5.375,2.375,3.875,1.875,11.5,17.875,0.875,0.375,0.375,5.5,187.0,93.0
1323,294.0,5.5,2.5,6.5,1.5,10.0,18.5,0.5,0.5,0.5,6.0,151.0,91.0
1324,278.0,5.625,3.625,6.625,0.625,10.5,18.625,0.625,0.625,0.625,6.5,150.0,74.0
1325,248.0,5.375,2.125,5.125,1.375,14.0,19.875,0.625,0.625,0.875,6.0,138.0,54.0
1326,207.0,6.25,1.0,6.0,1.25,14.5,20.75,0.5,0.5,0.75,6.5,120.0,29.0
1327,189.0,10.125,1.375,3.875,5.625,9.0,21.125,0.375,0.875,0.625,7.0,105.0,24.0
1328,191.0,12.0,1.25,4.25,4.0,9.5,21.5,0.75,0.75,0.5,7.5,105.0,24.0
1329,174.0,12.625,1.375,5.875,2.125,10.0,22.125,0.875,0.375,0.625,8.0,97.0,13.0
1330,207.0,11.5,1.25,2.75,1.0,16.5,23.0,0.75,0.25,0.5,8.5,136.0,5.0
1331,228.0,11.375,1.125,5.625,0.875,15.0,23.875,0.625,0.125,0.375,9.0,157.0,3.0
1332,293.0,9.5,1.25,4.75,1.0,18.5,25.0,0.75,0.25,0.5,8.5,197.0,26.0
1333,236.0,14.625,1.375,6.875,1.125,12.0,26.125,0.875,0.375,0.625,8.0,162.0,2.0
1334,254.0,13.75,1.5,5.0,1.25,15.5,27.25,1.0,0.5,0.75,7.5,170.0,10.0
1335,225.0,14.125,1.375,8.375,1.125,13.0,28.625,0.875,0.875,0.625,7.0,145.0,4.0
1336,225.0,10.5,2.25,5.75,2.0,18.5,30.0,0.75,1.25,0.5,6.5,141.0,6.0
1337,227.0,11.375,1.625,9.625,1.375,16.0,31.375,0.625,1.625,0.375,6.0,143.0,4.0
1338,212.0,8.5,2.75,7.25,3.0,19.5,32.0,1.25,1.75,0.5,5.5,125.0,5.0
1339,206.0,13.75,2.75,7.25,2.25,16.0,32.25,1.25,1.75,0.75,6.0,107.0,15.0
1340,200.0,12.375,1.875,7.875,5.375,15.5,33.875,1.375,1.375,0.875,5.5,73.0,41.0
1341,201.0,12.75,3.75,6.25,1.25,20.0,34.75,0.75,1.25,1.25,6.0,98.0,15.0
1342,200.0,8.375,3.875,6.875,2.375,23.5,36.375,0.875,0.875,1.375,5.5,50.0,60.0
1343,224.0,13.125,3.875,2.875,2.125,24.0,37.125,0.875,0.875,1.125,6.0,68.0,64.0
1344,201.0,13.375,3.875,2.875,6.375,20.5,37.375,0.875,0.875,1.375,6.5,47.0,60.0
1345,177.0,12.25,4.75,1.25,5.75,24.0,38.75,1.25,0.75,1.25,6.0,59.0,22.0
1346,172.0,10.375,3.375,3.375,5.375,26.5,39.875,0.875,0.875,0.875,6.5,48.0,26.0
1347,197.0,11.25,2.25,5.25,7.25,24.0,41.75,0.75,0.75,0.75,6.0,77.0,20.0
1348,206.0,12.125,3.125,3.125,11.125,21.5,43.625,0.625,0.625,0.625,5.5,63.0,41.0
1349,202.0,12.875,3.125,3.125,9.875,23.0,45.375,0.625,0.625,0.375,5.0,72.0,26.0
1350,185.0,11.5,4.25,2.75,10.0,24.5,47.0,0.75,0.25,0.5,4.5,37.0,42.0
1351,172.0,11.125,3.875,3.875,9.125,26.0,48.625,0.375,0.375,0.625,4.0,31.0,33.0
1352,165.0,13.5,2.75,4.25,11.0,23.5,50.0,0.25,0.75,0.5,3.5,25.0,30.0
1353,148.0,10.75,2.75,4.25,21.25,17.0,51.25,0.25,0.75,0.75,3.0,14.0,22.0
1354,145.0,10.625,2.625,3.125,20.125,20.5,53.125,0.125,0.625,0.625,2.5,16.0,15.0
1355,134.0,7.25,1.75,5.75,15.25,28.0,54.75,0.25,0.25,0.75,2.0,13.0,5.0
1356,132.0,8.125,1.625,8.625,17.125,23.5,56.625,0.125,0.125,0.625,1.5,9.0,5.0
1357,129.0,12.875,0.625,7.625,7.875,31.0,58.375,0.125,0.125,0.375,1.0,9.0,0.0
1358,126.0,13.75,2.5,6.5,5.75,32.5,60.25,0.0,0.0,0.25,0.5,4.0,0.0
1359,126.0,13.75,2.5,6.5,5.75,32.5,60.25,0.0,0.0,0.25,0.5,4.0,0.0
1360,131.0,11.5,2.5,6.5,15.5,26.0,61.0,0.0,0.0,1.0,0.0,7.0,0.0
1361,131.0,11.5,2.5,6.5,15.5,26.0,61.0,0.0,0.0,1.0,0.0,7.0,0.0
1362,133.0,30.75,2.5,0.5,14.75,14.5,62.25,0.0,0.0,0.25,0.5,7.0,0.0
1363,133.0,30.75,2.5,0.5,14.75,14.5,62.25,0.0,0.0,0.25,0.5,7.0,0.0
1364,128.0,44.5,2.5,0.5,2.5,14.0,64.0,0.0,0.0,0.0,0.0,0.0,0.0
1365,40.0,0.0,0.0,0.0,4.0,0.0,4.0,0.0,0.0,0.0,0.0,16.0,16.0
1366,34.0,1.125,0.125,0.125,1.125,2.5,4.125,0.125,0.125,0.125,0.5,12.0,12.0
1367,57.0,0.0,0.0,0.5,0.5,5.0,4.5,0.5,0.0,0.0,1.0,22.0,23.0
1368,74.0,1.125,0.125,1.125,1.125,3.5,5.125,0.125,0.125,0.125,1.5,38.0,22.0
1369,79.0,1.0,0.0,0.5,1.5,5.0,6.0,0.0,0.5,0.5,1.0,30.0,33.0
1370,136.0,0.125,0.125,0.125,0.125,8.5,7.125,0.125,0.125,1.125,0.5,50.0,68.0
1371,123.0,1.375,0.125,0.125,1.375,7.0,7.375,0.125,0.125,1.375,1.0,49.0,54.0
1372,131.0,0.75,0.0,0.0,0.75,9.5,8.75,0.0,0.0,0.75,1.5,44.0,65.0
1373,150.0,2.5,0.0,0.0,2.5,7.0,9.5,0.0,0.0,1.5,1.0,50.0,76.0
1374,174.0,3.125,0.125,0.125,3.125,6.5,11.125,0.125,0.125,1.125,0.5,86.0,62.0
1375,177.0,3.375,0.125,0.125,1.375,9.0,12.375,0.125,0.125,0.375,1.0,86.0,63.0
1376,189.0,3.5,1.25,0.25,2.5,7.5,12.5,0.25,0.25,0.5,1.5,96.0,63.0
1377,217.0,2.625,0.375,0.375,0.625,12.0,12.625,0.375,0.375,0.625,2.0,96.0,89.0
1378,189.0,8.0,0.25,1.75,0.5,6.5,13.0,0.25,0.75,0.5,2.5,93.0,62.0
1379,218.0,7.625,0.875,1.375,1.125,7.0,13.125,0.375,0.875,0.625,3.0,104.0,78.0
1380,217.0,8.0,0.75,1.75,1.0,7.5,13.5,0.25,1.25,0.5,3.5,105.0,74.0
1381,197.0,7.125,1.875,0.875,2.125,8.0,13.625,0.375,1.375,0.625,4.0,78.0,79.0
1382,229.0,8.0,1.25,1.75,1.5,8.5,14.0,0.25,1.75,0.5,4.5,102.0,85.0
1383,223.0,8.875,0.625,2.625,0.875,9.0,14.375,0.125,2.125,0.375,5.0,89.0,90.0
1384,273.0,6.5,0.75,3.25,1.0,11.5,15.0,0.25,1.75,0.5,5.5,81.0,146.0
1385,229.0,9.125,0.875,0.875,1.125,12.0,15.625,0.375,1.375,0.625,6.0,77.0,104.0
1386,218.0,9.25,1.5,2.0,1.75,10.5,16.25,0.5,1.0,0.75,6.5,67.0,101.0
1387,244.0,7.125,1.875,0.875,2.125,14.0,17.125,0.875,0.875,1.125,6.0,67.0,125.0
1388,255.0,5.5,1.25,0.75,2.0,17.5,18.0,0.75,1.25,1.5,5.5,50.0,151.0
1389,264.0,5.125,0.875,1.875,2.125,18.0,19.125,0.875,0.875,1.125,6.0,68.0,140.0
1390,282.0,4.25,2.5,3.0,2.75,16.5,20.25,0.5,1.0,0.75,6.5,80.0,144.0
1391,260.0,7.125,1.375,2.875,1.625,17.0,21.125,0.375,0.875,0.625,7.0,59.0,141.0
1392,260.0,4.25,2.5,2.0,1.75,20.5,22.25,0.5,1.0,0.75,6.5,56.0,142.0
1393,266.0,4.875,1.625,2.625,1.875,21.0,22.875,0.625,0.625,0.875,7.0,52.0,150.0
1394,241.0,4.75,1.5,3.5,1.75,21.5,23.75,0.5,0.5,0.75,7.5,38.0,137.0
1395,239.0,10.875,1.625,1.625,1.875,18.0,23.875,0.625,0.625,0.875,8.0,29.0,142.0
1396,227.0,9.75,0.5,2.0,4.25,18.5,24.25,1.0,0.5,0.75,8.5,23.0,134.0
1397,239.0,10.5,1.0,1.5,4.0,19.0,24.5,1.0,0.5,1.0,9.0,18.0,149.0
1398,240.0,9.125,1.625,0.625,6.125,19.5,25.125,0.625,0.625,1.125,9.5,18.0,148.0
1399,236.0,12.375,1.625,0.625,3.375,20.0,25.375,0.625,0.625,1.375,10.0,18.0,142.0
1400,242.0,7.125,0.625,4.625,4.125,22.5,26.125,0.625,0.625,1.125,10.5,22.0,142.0
1401,230.0,6.0,2.0,5.0,5.0,22.0,27.5,0.5,0.5,1.5,10.0,35.0,115.0
1402,220.0,3.375,1.875,4.875,5.375,25.5,28.875,0.375,0.375,1.875,9.5,30.0,108.0
1403,192.0,4.0,1.0,6.0,4.0,27.0,30.5,0.5,0.5,1.5,9.0,44.0,64.0
1404,236.0,3.125,2.625,4.625,6.125,26.5,32.125,0.625,0.625,1.125,8.5,45.0,105.0
1405,196.0,5.5,1.5,5.0,6.0,26.0,33.5,0.5,1.0,1.0,8.0,36.0,72.0
1406,228.0,8.625,0.625,5.125,5.125,25.5,34.625,0.625,1.125,1.125,7.5,44.0,94.0
1407,190.0,11.0,0.5,3.5,4.0,27.0,36.0,0.5,1.5,1.0,7.0,17.0,81.0
1408,185.0,7.75,0.5,11.5,5.75,21.5,36.75,0.5,1.5,0.75,7.5,13.0,78.0
1409,183.0,7.125,0.875,10.875,8.125,21.0,38.625,0.375,1.375,0.625,7.0,26.0,61.0
1410,206.0,9.0,0.75,9.75,7.0,22.5,40.5,0.25,1.25,0.5,6.5,25.0,83.0
1411,207.0,7.625,0.875,8.375,7.125,26.0,42.125,0.375,0.875,0.625,6.0,41.0,66.0
1412,200.0,9.0,1.75,7.25,9.5,23.5,43.0,0.75,1.25,0.5,5.5,41.0,57.0
1413,218.0,8.875,1.625,9.125,9.375,23.0,44.875,0.625,1.125,0.375,5.0,69.0,45.0
1414,190.0,9.625,1.625,5.125,8.125,28.5,46.625,0.625,1.125,0.125,4.5,53.0,31.0
1415,215.0,8.875,1.625,5.125,12.375,26.0,47.875,0.625,1.125,0.375,4.0,72.0,35.0
1416,181.0,15.125,1.625,5.125,7.625,25.5,49.125,0.625,1.125,0.625,3.5,31.0,40.0
1417,169.0,12.75,1.75,4.25,8.25,29.0,50.25,0.25,1.75,0.75,3.0,29.0,28.0
1418,169.0,15.125,2.125,3.625,3.625,32.5,51.625,0.625,1.125,1.125,2.5,14.0,41.0
1419,166.0,5.75,2.25,4.25,3.75,42.0,53.25,0.75,0.75,1.25,2.0,17.0,33.0
1420,159.0,7.375,2.875,4.875,5.375,38.5,54.875,0.375,0.375,0.875,2.5,14.0,27.0
1421,150.0,4.75,2.25,4.25,2.75,46.0,56.75,0.25,0.25,0.75,2.0,20.0,10.0
1422,145.0,4.625,4.125,2.125,2.625,47.5,58.625,0.125,0.125,0.625,1.5,10.0,13.0
1423,141.0,4.375,4.125,2.125,2.375,49.0,60.375,0.125,0.125,0.375,1.0,10.0,7.0
1424,136.0,6.625,2.625,2.625,2.625,48.5,62.125,0.125,0.125,0.125,0.5,4.0,6.0
1425,128.0,6.5,5.5,1.5,2.5,48.0,64.0,0.0,0.0,0.0,0.0,0.0,0.0
1426,40.0,0.0,0.0,0.0,4.0,0.0,4.0,0.0,0.0,0.0,0.0,16.0,16.0
1427,34.0,1.125,0.125,0.125,1.125,2.5,4.125,0.125,0.125,0.125,0.5,12.0,12.0
1428,57.0,0.0,0.0,0.5,0.5,5.0,4.5,0.5,0.0,0.0,1.0,22.0,23.0
1429,50.0,1.25,0.0,0.5,1.75,3.5,4.75,0.5,0.0,0.25,1.5,19.0,17.0
1430,84.0,0.375,0.125,1.125,0.375,6.0,5.375,0.125,0.125,0.375,2.0,24.0,44.0
1431,107.0,1.25,0.5,2.0,1.75,3.5,6.25,0.5,0.0,0.75,1.5,53.0,36.0
1432,168.0,0.375,1.125,1.125,1.375,6.0,7.375,0.125,0.125,0.375,2.0,80.0,68.0
1433,148.0,2.125,1.125,1.125,3.125,3.5,8.125,0.125,0.125,1.125,1.5,73.0,53.0
1434,120.0,3.25,0.25,0.25,2.25,6.0,8.25,0.25,0.25,1.25,2.0,45.0,51.0
1435,148.0,3.5,0.25,1.25,1.5,6.5,9.5,0.25,0.25,0.5,2.5,55.0,67.0
1436,150.0,6.875,0.125,2.125,0.875,4.0,10.875,0.125,0.125,0.875,2.0,62.0,60.0
1437,211.0,6.5,0.25,0.25,0.5,7.5,12.5,0.25,0.25,0.5,1.5,89.0,92.0
1438,233.0,6.875,1.625,0.625,1.875,5.0,12.875,0.625,0.625,0.875,1.0,95.0,106.0
1439,243.0,4.0,0.75,0.75,2.0,9.5,13.0,0.75,0.75,1.0,1.5,110.0,99.0
1440,201.0,8.625,0.375,2.375,0.625,6.0,13.625,0.375,1.375,0.625,2.0,66.0,99.0
1441,233.0,7.75,0.5,1.5,0.75,8.5,13.75,0.5,1.5,0.75,2.5,85.0,110.0
1442,232.0,8.625,0.875,2.375,1.125,7.0,14.125,0.375,1.875,0.625,3.0,81.0,111.0
1443,212.0,7.25,1.5,1.0,1.75,9.5,14.25,0.5,2.0,0.75,3.5,86.0,84.0
1444,246.0,8.125,0.875,1.875,1.125,10.0,14.625,0.375,2.375,0.625,4.0,92.0,110.0
1445,238.0,9.0,0.25,2.75,0.5,10.5,15.0,0.25,2.75,0.5,4.5,97.0,95.0
1446,290.0,6.625,0.375,3.375,0.625,13.0,15.625,0.375,2.375,0.625,5.0,155.0,87.0
1447,244.0,9.25,0.5,1.0,0.75,13.5,16.25,0.5,2.0,0.75,5.5,111.0,83.0
1448,209.0,6.625,0.375,2.375,1.625,15.0,17.125,0.875,1.875,1.125,5.0,112.0,45.0
1449,201.0,3.5,0.25,3.25,3.5,16.5,19.0,0.75,1.75,1.0,4.5,93.0,54.0
1450,221.0,2.75,0.75,1.75,4.75,18.0,20.75,0.75,1.75,0.75,4.0,114.0,51.0
1451,251.0,2.125,0.125,1.625,4.625,20.5,21.625,0.625,1.125,1.125,4.5,118.0,75.0
1452,212.0,3.75,1.25,2.25,1.75,21.0,22.25,0.75,0.75,1.25,5.0,103.0,49.0
1453,236.0,2.875,0.375,1.875,1.375,24.5,23.375,0.875,0.375,1.875,4.5,93.0,81.0
1454,243.0,5.25,0.25,1.75,3.75,21.0,24.75,0.75,0.25,1.25,5.0,113.0,66.0
1455,220.0,4.125,0.125,1.625,1.625,25.5,25.625,0.625,0.125,1.125,5.5,99.0,55.0
1456,219.0,4.25,0.75,2.25,1.75,25.0,27.25,0.75,0.25,0.75,5.0,110.0,41.0
1457,224.0,4.375,0.375,1.375,1.375,27.5,28.375,0.375,0.375,0.375,5.5,120.0,34.0
1458,273.0,8.625,0.375,1.375,1.625,24.0,28.625,0.375,0.375,0.625,6.0,119.0,82.0
1459,281.0,8.5,0.25,1.75,5.0,21.5,30.0,0.75,0.25,0.5,5.5,102.0,105.0
1460,272.0,9.125,0.875,3.375,1.625,23.0,31.125,0.875,0.375,0.625,5.0,120.0,76.0
1461,309.0,3.0,1.75,6.25,5.5,22.5,33.0,0.75,0.25,0.5,4.5,149.0,82.0
1462,312.0,2.375,1.625,8.625,7.375,20.0,33.875,1.125,0.125,0.875,4.0,156.0,76.0
1463,270.0,5.0,1.75,5.25,2.5,26.5,35.0,0.75,0.25,0.5,4.5,144.0,44.0
1464,266.0,6.125,2.875,3.375,4.625,25.0,35.125,0.875,0.375,0.625,5.0,127.0,55.0
1465,264.0,5.75,1.5,2.5,8.75,24.5,36.75,0.5,0.5,0.75,4.5,107.0,71.0
1466,222.0,6.125,0.875,1.375,5.625,30.0,38.125,0.875,0.375,0.625,4.0,83.0,51.0
1467,224.0,7.25,2.0,2.0,6.25,27.5,39.75,0.5,0.5,0.75,3.5,76.0,58.0
1468,209.0,8.125,3.375,10.875,3.625,20.0,40.125,0.375,0.875,0.625,4.0,76.0,41.0
1469,199.0,5.5,5.25,9.25,7.5,19.5,41.5,0.25,1.25,0.5,3.5,56.0,49.0
1470,189.0,4.375,3.125,11.125,8.375,21.0,43.375,0.125,1.125,0.375,3.0,50.0,43.0
1471,196.0,4.625,3.125,11.125,8.625,21.5,43.625,0.125,1.125,0.625,3.5,50.0,48.0
1472,195.0,13.75,2.75,8.25,3.25,22.0,44.25,0.25,0.75,0.75,4.0,68.0,27.0
1473,203.0,12.375,3.875,11.875,3.375,19.5,45.875,0.375,0.375,0.875,3.5,75.0,26.0
1474,191.0,14.75,5.25,9.25,4.75,18.0,46.75,0.25,0.25,0.75,4.0,66.0,21.0
1475,196.0,18.0,5.75,3.75,5.0,20.5,47.5,0.25,0.25,0.5,4.5,69.0,21.0
1476,195.0,19.75,3.75,1.75,1.75,27.0,48.25,0.25,0.25,0.25,5.0,71.0,16.0
1477,178.0,14.625,4.625,3.625,1.625,30.5,50.125,0.125,0.125,0.125,4.5,49.0,19.0
1478,193.0,18.375,4.125,9.125,2.375,22.0,51.375,0.125,0.125,0.375,4.0,73.0,8.0
1479,175.0,17.625,4.125,9.125,2.625,23.5,52.625,0.125,0.125,0.625,3.5,47.0,14.0
1480,171.0,14.25,3.75,12.75,2.25,25.0,53.75,0.25,0.25,0.75,3.0,52.0,3.0
1481,155.0,8.125,1.125,14.125,5.125,30.5,55.125,0.125,0.125,1.125,2.5,37.0,0.0
1482,155.0,8.125,1.125,14.125,5.125,30.5,55.125,0.125,0.125,1.125,2.5,37.0,0.0
1483,139.0,8.75,3.25,13.25,2.75,32.0,56.75,0.25,0.25,0.75,2.0,13.0,6.0
1484,138.0,8.625,2.125,13.125,3.625,33.5,58.625,0.125,0.125,0.625,1.5,14.0,2.0
1485,134.0,20.875,1.625,12.625,3.875,23.0,60.375,0.125,0.125,0.375,1.0,0.0,10.0
1486,134.0,17.25,4.0,14.0,5.25,22.5,62.25,0.0,0.0,0.25,0.5,2.0,6.0
1487,128.0,20.5,3.5,15.5,4.5,20.0,64.0,0.0,0.0,0.0,0.0,0.0,0.0
1488,40.0,0.0,0.0,0.0,4.0,0.0,4.0,0.0,0.0,0.0,0.0,16.0,16.0
1489,34.0,1.125,0.125,0.125,1.125,2.5,4.125,0.125,0.125,0.125,0.5,12.0,12.0
1490,50.0,0.375,0.125,0.125,4.375,1.0,4.375,0.125,0.125,0.375,1.0,12.0,26.0
1491,52.0,1.75,0.0,0.0,1.75,3.5,4.75,0.0,0.0,0.75,1.5,26.0,12.0
1492,104.0,0.375,0.125,1.125,0.375,6.0,5.375,0.125,0.125,0.375,2.0,50.0,38.0
1493,125.0,0.5,0.25,0.25,1.5,6.5,5.5,0.25,0.25,0.5,2.5,72.0,35.0
1494,145.0,0.625,0.375,1.375,0.625,7.0,5.625,0.375,0.375,0.625,3.0,59.0,66.0
1495,179.0,1.0,0.25,0.75,1.5,7.5,6.0,0.25,0.75,0.5,3.5,113.0,44.0
1496,164.0,1.625,1.375,1.375,1.625,6.0,6.625,0.375,0.375,0.625,4.0,79.0,61.0
1497,171.0,0.375,0.375,2.375,5.375,4.5,7.375,0.375,0.375,0.375,4.5,51.0,94.0
1498,195.0,1.25,0.25,3.25,2.25,7.0,8.25,0.25,0.25,0.25,5.0,60.0,107.0
1499,243.0,0.375,0.375,2.375,1.375,10.5,9.375,0.375,0.375,0.375,4.5,126.0,87.0
1500,265.0,1.25,0.25,1.75,2.75,10.0,10.75,0.75,0.25,0.25,4.0,149.0,84.0
1501,282.0,0.375,0.375,2.375,2.375,11.5,12.375,0.375,0.375,0.375,3.5,158.0,90.0
1502,278.0,1.25,1.25,5.25,2.25,8.0,13.25,0.25,0.25,0.25,4.0,139.0,103.0
1503,327.0,2.125,1.625,5.625,1.125,8.5,13.625,0.125,0.125,0.625,4.5,176.0,113.0
1504,290.0,6.75,4.25,2.25,1.75,5.0,13.75,0.25,0.25,0.75,5.0,146.0,104.0
1505,270.0,6.125,4.125,3.625,1.625,5.5,14.125,0.125,0.625,0.625,5.5,121.0,107.0
1506,225.0,8.75,2.75,1.25,1.25,8.0,14.25,0.25,0.75,0.75,6.0,99.0,82.0
1507,231.0,9.375,2.375,1.875,0.875,8.5,14.375,0.375,0.875,0.875,6.5,120.0,65.0
1508,191.0,9.5,2.0,2.0,1.5,9.0,15.0,0.5,0.5,1.0,7.0,103.0,40.0
1509,254.0,6.375,1.875,1.375,3.875,11.5,15.375,0.875,0.375,0.875,7.5,154.0,50.0
1510,214.0,6.75,2.25,2.75,2.25,12.0,16.25,0.75,0.25,0.75,8.0,118.0,44.0
1511,236.0,8.375,2.875,0.875,0.375,14.5,16.875,0.375,0.375,0.875,8.5,118.0,64.0
1512,234.0,9.25,1.75,1.75,2.25,13.0,17.75,0.25,0.25,0.75,9.0,122.0,56.0
1513,227.0,11.125,1.125,1.625,1.625,13.5,18.125,0.125,0.625,0.625,9.5,118.0,51.0
1514,244.0,13.25,2.75,1.25,0.75,12.0,18.75,0.25,0.75,0.25,10.0,135.0,49.0
1515,218.0,5.875,2.375,2.875,0.375,19.5,19.875,0.375,0.875,0.375,9.5,87.0,69.0
1516,258.0,7.25,4.25,1.25,0.25,19.0,21.25,0.25,1.25,0.25,9.0,117.0,77.0
1517,251.0,6.125,8.125,1.125,0.125,17.5,22.125,0.125,1.125,0.125,9.5,111.0,74.0
1518,243.0,8.375,7.125,1.125,3.375,14.0,22.375,0.125,1.125,0.375,10.0,118.0,57.0
1519,214.0,7.5,3.75,0.25,5.0,18.5,23.0,0.25,0.75,0.5,10.5,79.0,65.0
1520,215.0,10.75,1.75,0.25,3.25,20.0,24.25,0.25,0.75,0.75,10.0,106.0,37.0
1521,211.0,10.875,1.875,2.375,2.375,19.5,25.375,0.375,0.875,0.875,9.5,88.0,49.0
1522,253.0,12.25,1.25,1.75,3.75,19.0,27.25,0.25,0.75,0.75,9.0,129.0,48.0
1523,226.0,11.625,1.125,2.125,1.625,22.5,28.625,0.125,1.125,0.625,8.5,68.0,80.0
1524,236.0,10.875,1.625,2.625,2.875,22.0,30.375,0.125,1.125,0.375,8.0,99.0,57.0
1525,218.0,13.0,2.25,1.75,8.5,15.5,32.0,0.25,0.75,0.5,7.5,59.0,77.0
1526,259.0,14.125,1.875,1.875,5.125,19.0,33.625,0.375,0.375,0.625,7.0,82.0,93.0
1527,224.0,12.25,2.0,2.0,8.25,18.5,34.75,0.5,0.5,0.75,6.5,62.0,76.0
1528,191.0,11.875,3.625,1.625,6.875,20.0,35.875,0.625,0.625,0.875,6.0,44.0,59.0
1529,166.0,12.75,3.0,2.0,11.75,15.5,37.25,0.5,0.5,1.25,5.5,23.0,53.0
1530,166.0,13.125,1.875,2.375,9.625,19.0,38.625,0.375,0.875,1.125,5.0,27.0,47.0
1531,163.0,18.75,2.0,2.5,9.25,14.5,40.25,0.5,1.0,0.75,4.5,34.0,35.0
1532,174.0,19.375,3.125,3.125,8.375,14.0,41.875,0.625,0.625,0.875,4.0,47.0,31.0
1533,164.0,20.25,2.0,2.0,7.25,17.5,43.75,0.5,0.5,0.75,3.5,25.0,41.0
1534,164.0,9.125,0.375,3.375,18.125,19.0,44.625,0.875,0.875,0.625,3.0,34.0,30.0
1535,151.0,10.0,0.25,3.25,11.0,26.5,46.5,0.75,0.75,0.5,2.5,22.0,27.0
1536,158.0,7.875,1.125,4.125,14.875,24.0,48.375,0.625,0.625,0.375,2.0,26.0,28.0
1537,150.0,15.0,0.75,3.75,5.0,28.5,49.5,0.25,0.25,0.5,2.5,14.0,30.0
1538,173.0,12.25,1.25,4.25,5.25,31.0,50.25,0.25,0.25,0.25,3.0,32.0,33.0
1539,170.0,11.5,1.25,4.25,6.5,31.5,50.5,0.25,0.25,0.5,3.5,24.0,36.0
1540,162.0,12.375,1.625,4.625,6.375,31.0,51.875,0.125,0.125,0.875,3.0,11.0,39.0
1541,153.0,12.5,1.25,6.25,8.5,28.5,53.5,0.25,0.25,0.5,2.5,9.0,30.0
1542,139.0,9.875,0.625,10.625,10.875,26.0,55.375,0.125,0.125,0.375,2.0,13.0,10.0
1543,143.0,7.125,0.625,8.625,11.125,31.5,56.625,0.125,0.125,0.625,1.5,10.0,15.0
1544,132.0,9.0,1.5,7.5,9.0,33.0,58.5,0.0,0.0,0.5,1.0,4.0,8.0
1545,134.0,6.25,1.0,7.0,12.25,34.5,60.25,0.0,0.0,0.25,0.5,0.0,12.0
1546,130.0,1.5,0.5,2.5,12.5,45.0,61.0,0.0,0.0,0.0,1.0,0.0,6.0
1547,130.0,1.5,0.5,2.5,12.5,45.0,61.0,0.0,0.0,0.0,1.0,0.0,6.0
1548,133.0,12.75,0.5,2.5,2.75,44.5,62.25,0.0,0.0,0.25,0.5,0.0,7.0
1549,133.0,12.75,0.5,2.5,2.75,44.5,62.25,0.0,0.0,0.25,0.5,0.0,7.0
1550,128.0,19.5,0.5,8.5,3.5,32.0,64.0,0.0,0.0,0.0,0.0,0.0,0.0
1551,40.0,0.0,0.0,0.0,4.0,0.0,4.0,0.0,0.0,0.0,0.0,16.0,16.0
1552,34.0,1.125,0.125,0.125,1.125,2.5,4.125,0.125,0.125,0.125,0.5,12.0,12.0
1553,57.0,0.0,0.0,0.5,0.5,5.0,4.5,0.5,0.0,0.0,1.0,22.0,23.0
1554,50.0,1.25,0.0,0.5,1.75,3.5,4.75,0.5,0.0,0.25,1.5,19.0,17.0
1555,84.0,0.375,0.125,1.125,0.375,6.0,5.375,0.125,0.125,0.375,2.0,24.0,44.0
1556,107.0,1.25,0.5,2.0,1.75,3.5,6.25,0.5,0.0,0.75,1.5,53.0,36.0
1557,168.0,0.375,1.125,1.125,1.375,6.0,7.375,0.125,0.125,0.375,2.0,80.0,68.0
1558,148.0,2.125,1.125,1.125,3.125,3.5,8.125,0.125,0.125,1.125,1.5,73.0,53.0
1559,153.0,2.25,0.25,0.25,1.25,8.0,8.25,0.25,0.25,1.25,2.0,74.0,55.0
1560,183.0,1.125,0.625,1.125,1.625,8.5,8.625,0.125,0.625,1.125,2.5,80.0,77.0
1561,137.0,4.0,0.5,0.5,3.0,6.0,10.0,0.5,0.5,1.0,2.0,49.0,60.0
1562,192.0,1.125,0.625,1.125,4.625,7.5,11.625,0.125,0.625,1.125,1.5,74.0,88.0
1563,181.0,5.5,1.0,0.5,6.0,3.0,13.5,0.0,0.5,1.0,1.0,64.0,85.0
1564,166.0,6.125,0.625,1.125,5.625,3.5,13.625,0.125,0.625,1.125,1.5,55.0,77.0
1565,189.0,7.25,2.25,3.25,3.25,2.0,14.25,0.25,0.25,1.25,2.0,69.0,84.0
1566,216.0,6.125,1.125,1.125,6.125,4.5,15.125,0.125,0.125,1.125,2.5,88.0,90.0
1567,196.0,9.25,1.25,1.25,1.25,7.0,15.25,0.25,0.25,1.25,3.0,84.0,72.0
1568,289.0,1.875,0.875,5.875,1.875,10.5,16.375,0.375,0.375,1.375,2.5,163.0,84.0
1569,340.0,3.125,0.875,5.875,3.125,9.0,17.625,0.375,0.375,0.625,3.0,170.0,126.0
1570,357.0,2.5,2.25,3.75,3.0,11.5,18.0,0.75,0.25,0.5,3.5,179.0,132.0
1571,393.0,1.625,2.375,5.875,2.125,12.0,18.125,0.875,0.375,0.625,4.0,198.0,147.0
1572,352.0,1.25,5.0,5.0,6.25,7.5,18.75,1.5,0.5,0.75,3.5,136.0,166.0
1573,388.0,0.5,2.5,6.5,5.5,11.0,20.5,1.5,0.5,0.5,3.0,173.0,163.0
1574,379.0,2.375,0.875,5.875,2.375,15.5,21.375,0.875,0.875,0.375,3.5,130.0,195.0
1575,407.0,0.75,2.25,8.75,1.25,15.0,22.75,1.25,0.75,0.25,3.0,173.0,178.0
1576,358.0,1.625,3.125,6.125,0.625,17.5,23.125,1.625,0.625,0.125,3.5,124.0,176.0
1577,380.0,2.0,1.0,3.0,2.0,22.0,23.5,1.5,0.5,0.5,4.0,168.0,152.0
1578,313.0,3.625,1.125,1.125,2.625,22.5,24.125,1.625,0.625,0.125,4.5,77.0,174.0
1579,309.0,2.75,2.25,0.75,1.25,25.0,24.75,1.25,0.75,0.25,5.0,81.0,164.0
1580,310.0,2.125,3.625,1.125,2.625,23.5,25.625,1.125,0.625,0.125,5.5,62.0,182.0
1581,307.0,2.5,1.5,0.5,2.5,27.0,26.5,1.5,0.5,0.5,5.0,67.0,172.0
1582,301.0,3.625,1.625,1.625,0.625,27.5,26.625,1.625,0.625,0.625,5.5,62.0,169.0
1583,301.0,3.25,2.75,1.75,1.25,27.0,27.75,1.25,1.25,0.75,5.0,71.0,158.0
1584,275.0,6.125,1.625,2.125,1.625,25.5,28.125,1.625,1.125,0.625,5.5,40.0,161.0
1585,285.0,3.75,2.25,1.75,3.25,27.0,29.25,1.75,1.25,0.75,5.0,56.0,153.0
1586,289.0,10.875,1.375,2.375,0.875,23.5,29.875,1.375,1.375,0.875,5.5,30.0,181.0
1587,312.0,12.0,1.0,3.5,1.5,22.0,31.0,1.0,1.5,0.5,6.0,40.0,192.0
1588,241.0,12.375,1.875,1.875,1.375,23.5,32.375,0.875,1.875,0.375,5.5,30.0,129.0
1589,250.0,9.0,2.5,2.0,1.5,27.0,34.0,0.5,2.0,0.5,5.0,37.0,129.0
1590,224.0,11.25,2.5,2.0,3.75,23.5,34.25,0.5,2.0,0.75,5.5,21.0,117.0
1591,227.0,9.125,2.375,2.375,3.125,27.0,35.125,0.375,2.375,1.125,5.0,33.0,106.0
1592,210.0,10.0,2.75,3.25,1.5,27.5,36.5,0.25,1.75,1.0,5.5,15.0,105.0
1593,224.0,6.125,2.375,3.375,3.125,31.0,38.125,0.375,1.375,1.125,5.0,43.0,89.0
1594,181.0,14.25,4.0,5.5,0.75,22.5,39.75,0.5,1.0,1.25,4.5,12.0,75.0
1595,163.0,10.625,3.375,3.375,2.625,28.0,41.125,0.875,0.875,1.125,4.0,16.0,51.0
1596,164.0,11.0,3.75,6.75,2.0,25.5,43.0,0.75,0.75,1.0,3.5,17.0,49.0
1597,175.0,7.375,6.125,4.125,3.375,29.0,44.875,0.625,0.625,0.875,3.0,25.0,50.0
1598,160.0,9.25,4.0,7.0,4.25,26.5,46.75,0.5,0.5,0.75,2.5,17.0,41.0
1599,166.0,8.5,4.0,7.0,3.5,29.0,47.0,0.5,0.5,1.0,3.0,21.0,41.0
1600,159.0,14.125,4.625,3.125,4.625,26.5,48.625,0.125,0.625,1.125,2.5,8.0,45.0
1601,160.0,11.25,6.75,2.75,4.25,29.0,49.75,0.25,0.25,0.75,3.0,6.0,46.0
1602,158.0,16.5,3.25,5.25,6.5,23.5,50.5,0.25,0.25,0.5,3.5,2.0,46.0
1603,160.0,8.75,3.25,16.25,4.75,23.0,51.75,0.25,0.25,0.75,3.0,2.0,46.0
1604,155.0,11.0,1.75,16.75,6.0,21.5,52.5,0.25,0.25,0.5,3.5,0.0,41.0
1605,157.0,6.25,0.75,17.75,12.25,21.0,53.75,0.25,0.25,0.75,3.0,13.0,28.0
1606,158.0,15.125,1.625,15.125,8.625,18.5,55.125,0.625,0.125,0.625,2.5,3.0,37.0
1607,156.0,9.0,1.5,19.0,8.5,22.0,57.0,0.5,0.0,0.5,2.0,0.0,36.0
1608,156.0,9.0,1.5,19.0,8.5,22.0,57.0,0.5,0.0,0.5,2.0,0.0,36.0
1609,144.0,7.125,1.625,5.625,13.125,33.5,58.625,0.125,0.125,0.625,1.5,0.0,22.0
1610,144.0,7.125,1.625,5.625,13.125,33.5,58.625,0.125,0.125,0.625,1.5,0.0,22.0
1611,144.0,8.875,1.625,6.625,13.875,31.0,60.375,0.125,0.125,0.375,1.0,0.0,20.0
1612,144.0,8.875,1.625,6.625,13.875,31.0,60.375,0.125,0.125,0.375,1.0,0.0,20.0
1613,136.0,10.625,1.625,6.625,5.625,38.5,62.125,0.125,0.125,0.125,0.5,0.0,10.0
1614,136.0,10.625,1.625,6.625,5.625,38.5,62.125,0.125,0.125,0.125,0.5,0.0,10.0
1615,128.0,29.5,0.5,6.5,3.5,24.0,64.0,0.0,0.0,0.0,0.0,0.0,0.0
1616,40.0,0.0,0.0,0.0,4.0,0.0,4.0,0.0,0.0,0.0,0.0,16.0,16.0
1617,34.0,1.125,0.125,0.125,1.125,2.5,4.125,0.125,0.125,0.125,0.5,12.0,12.0
1618,57.0,0.0,0.0,0.5,0.5,5.0,4.5,0.5,0.0,0.0,1.0,22.0,23.0
1619,50.0,1.25,0.0,0.5,1.75,3.5,4.75,0.5,0.0,0.25,1.5,19.0,17.0
1620,84.0,0.375,0.125,1.125,0.375,6.0,5.375,0.125,0.125,0.375,2.0,24.0,44.0
1621,107.0,1.25,0.5,2.0,1.75,3.5,6.25,0.5,0.0,0.75,1.5,53.0,36.0
1622,168.0,0.375,1.125,1.125,1.375,6.0,7.375,0.125,0.125,0.375,2.0,80.0,68.0
1623,148.0,2.125,1.125,1.125,3.125,3.5,8.125,0.125,0.125,1.125,1.5,73.0,53.0
1624,149.0,0.375,1.125,1.125,7.375,2.0,9.375,0.125,0.125,0.375,2.0,82.0,43.0
1625,146.0,1.25,0.5,0.5,5.25,5.5,10.75,0.0,0.0,0.75,1.5,78.0,42.0
1626,201.0,0.875,2.125,2.125,2.875,6.0,10.875,0.125,0.125,0.875,2.0,75.0,98.0
1627,226.0,0.75,2.5,0.0,3.25,8.5,11.25,0.0,0.5,0.75,2.5,86.0,110.0
1628,237.0,0.875,2.625,0.125,1.375,11.0,11.375,0.125,0.625,0.875,3.0,96.0,109.0
1629,281.0,5.5,3.75,0.25,1.0,6.5,13.0,0.25,0.75,0.5,2.5,107.0,140.0
1630,265.0,0.625,3.375,1.375,0.625,12.0,13.625,0.375,1.375,0.625,2.0,88.0,141.0
1631,307.0,1.5,1.25,3.75,2.0,10.5,14.5,0.25,0.75,1.0,2.5,105.0,164.0
1632,329.0,1.875,3.125,2.125,1.875,11.0,14.875,0.125,1.125,0.875,3.0,114.0,175.0
1633,351.0,2.0,1.25,0.75,2.5,14.5,16.0,0.25,1.75,0.5,2.5,157.0,152.0
1634,364.0,1.875,0.625,0.625,1.875,17.0,17.375,0.125,1.125,0.375,3.0,155.0,165.0
1635,374.0,2.0,2.25,0.75,3.5,14.5,19.0,0.25,0.75,0.5,2.5,143.0,185.0
1636,278.0,6.875,1.125,0.625,3.375,12.0,20.875,0.125,0.625,0.375,2.0,109.0,121.0
1637,379.0,4.625,1.125,2.625,3.125,13.5,22.625,0.125,0.625,0.125,1.5,218.0,111.0
1638,394.0,4.75,0.25,2.75,2.25,16.0,22.75,0.25,0.75,0.25,2.0,234.0,108.0
1639,369.0,6.625,0.125,2.625,0.125,17.5,24.625,0.125,0.625,0.125,1.5,194.0,121.0
1640,397.0,5.75,0.75,0.75,0.75,20.0,25.25,0.25,0.25,0.25,2.0,201.0,140.0
1641,362.0,3.875,0.875,2.875,0.875,20.5,25.375,0.375,0.375,0.375,2.5,168.0,136.0
1642,372.0,2.25,0.75,0.75,1.25,25.0,25.75,0.25,0.25,0.75,3.0,186.0,126.0
1643,405.0,4.125,0.625,0.125,3.625,22.5,26.625,0.125,0.625,1.125,2.5,167.0,176.0
1644,373.0,5.0,1.0,1.0,4.0,21.0,27.0,0.0,1.0,1.0,3.0,125.0,184.0
1645,379.0,4.125,0.625,0.625,4.125,23.5,27.625,0.125,1.125,0.625,3.5,143.0,170.0
1646,396.0,5.25,0.75,0.75,3.25,24.0,27.75,0.25,1.25,0.75,4.0,139.0,189.0
1647,358.0,11.875,1.375,0.875,2.375,18.5,28.875,0.375,0.875,0.375,4.5,102.0,186.0
1648,324.0,9.5,2.5,2.5,3.5,18.0,29.5,0.5,1.5,0.5,4.0,107.0,145.0
1649,382.0,12.875,1.375,2.375,2.875,17.5,30.875,0.375,1.375,0.875,3.5,109.0,199.0
1650,274.0,15.75,1.25,1.75,5.25,14.0,31.75,0.25,0.75,1.25,4.0,80.0,118.0
1651,310.0,14.625,2.625,1.125,7.125,13.5,32.625,0.625,1.125,1.125,3.5,81.0,151.0
1652,271.0,10.25,1.25,4.25,5.25,19.0,33.75,0.75,1.75,0.75,3.0,85.0,106.0
1653,280.0,10.875,2.375,3.375,5.875,18.5,35.375,0.875,1.875,0.375,2.5,78.0,120.0
1654,232.0,11.75,2.25,3.25,4.75,20.0,35.75,1.25,2.25,0.75,2.0,66.0,82.0
1655,209.0,9.375,2.875,3.875,4.375,22.5,36.375,1.875,1.875,0.375,2.5,48.0,75.0
1656,236.0,8.75,5.25,3.25,4.75,22.0,38.25,1.75,1.75,0.25,2.0,82.0,66.0
1657,201.0,6.625,2.625,5.125,2.125,28.5,39.125,1.125,1.625,0.625,2.5,49.0,62.0
1658,185.0,11.875,1.625,8.125,3.375,21.0,39.375,1.125,1.625,0.875,3.0,42.0,51.0
1659,195.0,10.5,2.75,5.75,4.5,23.5,40.5,0.75,1.75,0.5,3.5,40.0,61.0
1660,184.0,21.875,4.125,2.125,2.875,17.0,41.875,1.125,1.125,0.875,3.0,64.0,24.0
1661,180.0,17.0,5.25,3.25,4.0,19.5,43.5,0.75,0.75,0.5,3.5,57.0,25.0
1662,163.0,23.25,3.75,3.75,3.25,16.0,44.25,0.75,0.75,0.25,4.0,50.0,13.0
1663,174.0,21.125,2.625,6.125,3.625,17.5,45.625,1.125,0.625,0.125,3.5,57.0,15.0
1664,152.0,28.375,2.625,4.125,3.875,13.0,46.875,1.125,0.625,0.375,3.0,44.0,4.0
1665,161.0,17.0,3.75,9.25,6.5,16.5,48.0,1.75,0.25,0.5,2.5,48.0,7.0
1666,159.0,27.75,1.75,7.25,3.25,14.0,49.75,1.75,0.25,0.25,2.0,49.0,2.0
1667,185.0,19.625,1.625,16.125,4.125,13.5,51.625,1.625,0.125,0.125,1.5,71.0,4.0
1668,192.0,18.5,2.5,13.5,5.5,16.0,53.0,1.0,0.0,0.0,2.0,75.0,5.0
1669,170.0,13.75,2.5,13.5,8.75,18.5,53.25,1.0,0.0,0.25,2.5,56.0,0.0
1670,170.0,13.75,2.5,13.5,8.75,18.5,53.25,1.0,0.0,0.25,2.5,56.0,0.0
1671,161.0,12.5,2.5,13.5,15.5,14.0,54.0,1.0,0.0,1.0,2.0,43.0,2.0
1672,165.0,13.125,2.125,14.625,11.625,17.5,55.625,0.625,0.125,1.125,1.5,47.0,0.0
1673,148.0,19.375,2.125,3.625,6.875,28.0,56.875,0.625,0.125,0.375,2.0,26.0,2.0
1674,144.0,19.25,2.0,3.5,8.75,27.5,58.75,0.5,0.0,0.25,1.5,22.0,0.0
1675,130.0,21.875,0.625,6.625,5.875,27.0,60.375,0.125,0.125,0.375,1.0,6.0,0.0
1676,130.0,21.875,0.625,6.625,5.875,27.0,60.375,0.125,0.125,0.375,1.0,6.0,0.0
1677,135.0,22.625,0.625,6.625,4.625,28.5,62.125,0.125,0.125,0.125,0.5,9.0,0.0
1678,135.0,22.625,0.625,6.625,4.625,28.5,62.125,0.125,0.125,0.125,0.5,9.0,0.0
1679,128.0,31.5,2.5,2.5,3.5,24.0,64.0,0.0,0.0,0.0,0.0,0.0,0.0
1680,40.0,0.0,0.0,0.0,4.0,0.0,4.0,0.0,0.0,0.0,0.0,16.0,16.0
1681,34.0,1.125,0.125,0.125,1.125,2.5,4.125,0.125,0.125,0.125,0.5,12.0,12.0
1682,57.0,0.0,0.0,0.5,0.5,5.0,4.5,0.5,0.0,0.0,1.0,22.0,23.0
1683,50.0,1.25,0.0,0.5,1.75,3.5,4.75,0.5,0.0,0.25,1.5,19.0,17.0
1684,84.0,0.375,0.125,1.125,0.375,6.0,5.375,0.125,0.125,0.375,2.0,24.0,44.0
1685,107.0,1.25,0.5,2.0,1.75,3.5,6.25,0.5,0.0,0.75,1.5,53.0,36.0
1686,168.0,0.375,1.125,1.125,1.375,6.0,7.375,0.125,0.125,0.375,2.0,80.0,68.0
1687,99.0,4.25,0.5,2.0,0.75,3.5,8.75,0.0,0.5,0.25,1.5,48.0,29.0
1688,128.0,4.375,0.625,2.125,0.875,4.0,8.875,0.125,0.625,0.375,2.0,56.0,48.0
1689,102.0,4.75,0.5,1.0,2.25,4.5,9.25,0.0,0.5,0.75,2.5,38.0,38.0
1690,176.0,4.375,0.625,3.625,1.375,4.0,10.875,0.125,0.125,0.875,2.0,56.0,92.0
1691,212.0,4.5,0.75,1.75,3.5,4.5,11.0,0.25,0.25,1.0,2.5,84.0,98.0
1692,234.0,1.375,1.125,1.125,3.375,9.0,11.375,0.125,0.125,1.375,3.0,116.0,86.0
1693,232.0,1.125,1.125,2.125,3.125,9.5,12.125,0.125,0.125,1.125,3.5,119.0,79.0
1694,243.0,1.75,0.75,1.75,3.75,10.0,12.25,0.25,0.25,1.25,4.0,124.0,83.0
1695,248.0,3.625,0.625,0.625,2.625,11.5,14.125,0.125,0.125,1.125,3.5,94.0,116.0
1696,288.0,2.25,1.75,1.75,1.25,13.0,14.75,0.25,0.25,1.75,3.0,116.0,132.0
1697,260.0,3.375,1.375,1.375,2.375,12.5,15.375,0.375,0.375,2.375,2.5,102.0,116.0
1698,350.0,2.125,1.875,1.875,2.125,14.0,16.625,0.375,0.375,2.625,2.0,153.0,153.0
1699,350.0,3.375,1.375,3.375,5.375,9.5,18.375,0.375,0.375,2.375,1.5,115.0,189.0
1700,415.0,3.25,1.75,2.25,2.75,14.0,19.25,0.75,0.25,1.75,2.0,177.0,190.0
1701,395.0,3.625,4.125,1.125,1.625,14.5,20.125,0.625,0.625,1.125,2.5,130.0,215.0
1702,360.0,3.75,2.75,1.25,1.25,17.0,21.25,0.25,0.75,0.75,3.0,147.0,161.0
1703,400.0,7.375,5.375,0.875,1.875,11.5,21.375,0.375,0.875,0.875,3.5,157.0,189.0
1704,343.0,2.75,3.25,1.25,1.75,19.0,22.75,0.25,1.25,0.75,3.0,166.0,121.0
1705,366.0,1.625,3.125,2.125,1.625,20.5,23.125,0.625,1.625,1.125,2.5,177.0,131.0
1706,343.0,2.75,4.25,1.25,2.75,19.0,23.75,0.25,2.25,0.75,3.0,160.0,123.0
1707,361.0,2.375,6.875,0.375,4.875,16.5,24.875,0.375,2.875,0.375,2.5,153.0,146.0
1708,354.0,2.75,4.25,0.75,8.25,16.0,26.25,0.75,2.25,0.75,2.0,175.0,115.0
1709,333.0,1.875,3.875,0.875,4.875,21.5,27.875,0.875,1.875,0.875,1.5,143.0,124.0
1710,328.0,3.0,5.0,1.0,5.0,20.0,29.5,0.5,1.5,0.5,2.0,189.0,71.0
1711,304.0,3.875,2.375,3.375,2.875,22.5,29.875,0.375,1.375,0.875,2.5,165.0,69.0
1712,326.0,4.0,2.0,2.0,3.0,25.0,30.5,0.5,1.5,0.5,3.0,195.0,59.0
1713,317.0,3.875,1.875,2.875,1.875,26.5,31.375,0.375,2.375,0.375,2.5,182.0,61.0
1714,306.0,6.75,0.75,2.25,4.25,24.0,32.25,0.25,2.75,0.75,2.0,179.0,51.0
1715,263.0,3.125,1.125,2.625,4.625,27.5,34.125,0.125,2.625,0.625,1.5,130.0,55.0
1716,256.0,3.75,1.75,1.25,5.25,28.0,34.25,0.25,2.75,0.75,2.0,117.0,59.0
1717,274.0,2.875,0.875,2.875,3.875,30.5,35.375,0.375,2.375,0.375,2.5,93.0,99.0
1718,266.0,6.75,1.25,7.75,2.25,24.0,36.75,0.25,2.75,0.25,2.0,88.0,94.0
1719,238.0,4.875,0.875,11.875,1.875,23.5,38.375,0.375,2.375,0.375,1.5,76.0,76.0
1720,217.0,6.25,0.75,8.75,2.25,26.0,38.75,0.25,2.25,0.75,2.0,65.0,64.0
1721,230.0,10.625,1.125,10.125,3.625,19.5,40.625,0.125,2.125,0.625,1.5,48.0,92.0
1722,221.0,8.75,3.25,11.25,8.75,14.0,41.75,0.25,1.25,0.75,2.0,65.0,64.0
1723,205.0,6.125,3.125,10.625,8.625,18.5,43.125,0.125,0.625,0.625,2.5,53.0,58.0
1724,178.0,9.5,1.5,8.0,7.0,22.0,45.0,0.0,0.5,0.5,2.0,68.0,14.0
1725,182.0,11.625,1.125,11.125,3.625,21.5,46.625,0.125,0.125,0.625,1.5,49.0,35.0
1726,153.0,11.5,1.0,5.0,3.5,29.0,48.5,0.0,0.0,0.5,1.0,42.0,11.0
1727,163.0,10.75,1.0,5.0,6.75,27.5,48.75,0.0,0.0,0.75,1.5,47.0,14.0
1728,155.0,16.375,2.125,4.125,5.375,24.0,49.375,0.125,0.125,0.375,2.0,41.0,10.0
1729,157.0,15.625,2.125,4.125,6.625,24.5,49.625,0.125,0.125,0.625,2.5,49.0,2.0
1730,168.0,16.0,2.5,4.5,6.0,25.0,50.5,0.0,0.0,0.5,3.0,55.0,5.0
1731,169.0,12.75,2.5,0.5,5.75,33.5,51.25,0.0,0.0,0.25,3.5,54.0,5.0
1732,188.0,17.5,2.5,0.5,2.5,33.0,52.0,0.0,0.0,1.0,3.0,76.0,0.0
1733,174.0,14.75,2.5,0.5,6.75,32.5,53.25,0.0,0.0,1.25,2.5,54.0,6.0
1734,150.0,13.375,2.125,1.125,5.375,36.0,54.375,0.125,0.125,1.375,2.0,34.0,0.0
1735,149.0,10.625,2.125,5.125,2.625,38.5,55.625,0.125,0.125,0.625,2.5,31.0,0.0
1736,149.0,10.625,2.125,5.125,2.625,38.5,55.625,0.125,0.125,0.625,2.5,31.0,0.0
1737,141.0,20.0,2.0,2.0,6.0,30.0,57.0,0.0,0.0,1.0,2.0,21.0,0.0
1738,141.0,20.0,2.0,2.0,6.0,30.0,57.0,0.0,0.0,1.0,2.0,21.0,0.0
1739,136.0,23.625,5.125,2.125,2.625,27.5,58.625,0.125,0.125,0.625,1.5,14.0,0.0
1740,136.0,23.625,5.125,2.125,2.625,27.5,58.625,0.125,0.125,0.625,1.5,14.0,0.0
1741,131.0,31.875,4.625,1.625,0.875,23.0,60.375,0.125,0.125,0.375,1.0,5.0,2.0
1742,132.0,27.75,5.5,1.5,1.75,26.5,62.25,0.0,0.0,0.25,0.5,6.0,0.0
1743,128.0,35.0,5.0,7.0,1.0,16.0,64.0,0.0,0.0,0.0,0.0,0.0,0.0
1744,40.0,0.0,0.0,0.0,4.0,0.0,4.0,0.0,0.0,0.0,0.0,16.0,16.0
1745,34.0,1.125,0.125,0.125,1.125,2.5,4.125,0.125,0.125,0.125,0.5,12.0,12.0
1746,57.0,0.0,0.0,0.5,0.5,5.0,4.5,0.5,0.0,0.0,1.0,22.0,23.0
1747,50.0,1.25,0.0,0.5,1.75,3.5,4.75,0.5,0.0,0.25,1.5,19.0,17.0
1748,84.0,0.375,0.125,1.125,0.375,6.0,5.375,0.125,0.125,0.375,2.0,24.0,44.0
1749,107.0,1.25,0.5,2.0,1.75,3.5,6.25,0.5,0.0,0.75,1.5,53.0,36.0
1750,168.0,0.375,1.125,1.125,1.375,6.0,7.375,0.125,0.125,0.375,2.0,80.0,68.0
1751,148.0,2.125,1.125,1.125,3.125,3.5,8.125,0.125,0.125,1.125,1.5,73.0,53.0
1752,149.0,0.375,1.125,1.125,7.375,2.0,9.375,0.125,0.125,0.375,2.0,82.0,43.0
1753,138.0,1.5,0.25,3.25,3.5,4.5,9.5,0.25,0.25,0.5,2.5,69.0,43.0
1754,194.0,0.625,1.375,1.375,3.625,7.0,9.625,0.375,0.375,0.625,3.0,81.0,85.0
1755,148.0,4.5,0.75,0.75,4.5,4.5,11.0,0.25,0.25,1.0,2.5,60.0,58.0
1756,133.0,4.625,0.875,0.875,4.625,5.0,11.125,0.375,0.375,1.125,3.0,52.0,49.0
1757,133.0,5.75,0.5,0.5,5.75,4.5,12.75,0.5,0.5,0.75,2.5,47.0,52.0
1758,196.0,5.125,0.875,1.375,1.625,9.0,13.125,0.875,0.375,0.625,3.0,77.0,83.0
1759,176.0,8.0,1.25,0.25,2.0,7.5,13.5,0.75,0.75,0.5,3.5,79.0,59.0
1760,215.0,5.125,0.875,0.375,1.625,12.0,14.125,0.875,0.375,0.625,4.0,76.0,99.0
1761,220.0,4.75,1.5,0.5,1.75,12.5,14.75,0.5,0.5,0.75,4.5,65.0,113.0
1762,202.0,6.125,1.375,0.875,0.625,13.0,15.125,0.375,0.875,0.625,5.0,50.0,108.0
1763,255.0,6.5,2.75,1.25,1.0,11.5,16.0,0.25,0.75,0.5,5.5,108.0,101.0
1764,243.0,8.625,2.375,0.375,0.625,12.0,16.625,0.375,0.375,0.625,6.0,85.0,110.0
1765,248.0,7.25,3.0,1.0,1.25,12.5,16.75,0.5,0.5,0.75,6.5,91.0,107.0
1766,231.0,9.125,1.875,0.875,1.125,13.0,17.625,0.375,0.375,0.625,7.0,67.0,112.0
1767,201.0,8.5,0.75,2.25,4.0,11.5,18.0,0.25,0.75,0.5,7.5,55.0,92.0
1768,244.0,1.875,1.125,2.625,3.375,19.0,19.875,0.125,0.625,0.375,7.0,97.0,91.0
1769,214.0,4.0,1.25,2.75,3.5,17.5,20.0,0.25,0.75,0.5,7.5,69.0,87.0
1770,282.0,4.125,2.375,3.875,6.625,13.0,21.125,0.375,0.875,0.625,7.0,117.0,105.0
1771,277.0,8.25,2.0,3.0,6.25,11.5,21.75,0.5,0.5,0.75,7.5,106.0,109.0
1772,304.0,11.625,4.375,1.875,3.125,11.0,23.125,0.875,0.375,0.625,7.0,172.0,68.0
1773,232.0,7.0,1.25,4.75,5.5,14.5,24.0,1.25,0.75,0.5,6.5,73.0,93.0
1774,248.0,8.125,0.375,7.375,4.125,14.0,25.625,0.875,0.875,0.625,6.0,102.0,78.0
1775,255.0,7.75,1.5,4.5,4.75,16.5,26.75,0.5,0.5,0.75,6.5,103.0,82.0
1776,256.0,4.625,2.875,10.875,2.625,15.0,27.125,0.375,0.375,1.125,7.0,101.0,83.0
1777,252.0,4.0,3.25,15.25,2.0,12.5,29.0,0.25,0.25,1.0,6.5,76.0,102.0
1778,287.0,1.125,3.375,11.375,2.125,20.0,30.125,0.375,0.375,1.125,6.0,119.0,92.0
1779,299.0,2.875,3.375,7.375,3.875,21.5,31.875,0.375,0.375,0.875,5.5,134.0,87.0
1780,256.0,3.25,2.25,5.25,4.25,25.0,32.75,0.75,0.75,0.75,5.0,126.0,50.0
1781,267.0,3.125,2.125,4.625,4.625,26.5,34.125,1.125,0.625,0.625,4.5,118.0,67.0
1782,228.0,3.5,3.0,4.0,5.5,26.0,35.5,1.0,1.0,0.5,4.0,90.0,54.0
1783,262.0,4.625,1.625,8.625,5.625,22.5,36.125,1.125,1.125,0.125,4.5,124.0,52.0
1784,239.0,4.0,1.0,10.0,4.0,25.0,37.0,1.0,1.0,0.0,5.0,119.0,32.0
1785,212.0,9.125,1.625,8.625,10.125,15.5,38.125,0.625,0.625,0.125,5.5,78.0,44.0
1786,190.0,7.25,3.25,11.75,6.75,17.0,39.75,0.75,0.25,0.25,5.0,61.0,37.0
1787,151.0,12.625,3.125,14.125,2.625,14.5,41.125,0.625,0.625,0.125,4.5,20.0,37.0
1788,184.0,9.875,3.125,14.125,3.875,17.0,41.375,0.625,0.625,0.375,5.0,38.0,50.0
1789,174.0,14.25,3.5,12.5,4.25,14.5,43.25,0.5,0.5,0.25,4.5,24.0,52.0
1790,167.0,10.875,2.625,17.125,5.375,14.0,44.875,0.625,0.125,0.375,4.0,16.0,51.0
1791,175.0,17.5,2.25,17.25,2.5,11.5,46.5,0.25,0.25,0.5,3.5,14.0,59.0
1792,183.0,10.625,1.375,16.375,2.625,21.0,47.625,0.375,0.375,0.625,3.0,11.0,68.0
1793,169.0,10.875,1.375,18.375,2.875,19.5,47.875,0.375,0.375,0.875,3.5,2.0,61.0
1794,161.0,2.75,1.25,22.25,2.75,25.0,49.75,0.25,0.25,0.75,3.0,28.0,25.0
1795,147.0,3.125,1.625,21.125,2.625,26.5,51.125,0.625,0.125,0.625,2.5,10.0,27.0
1796,145.0,1.875,2.625,26.125,6.375,19.0,51.875,0.625,0.125,0.375,3.0,11.0,22.0
1797,144.0,6.125,2.625,18.125,5.625,24.5,53.125,0.625,0.125,0.625,2.5,14.0,16.0
1798,150.0,4.75,6.25,20.25,6.75,20.0,54.75,0.25,0.25,0.75,2.0,21.0,13.0
1799,137.0,19.5,6.25,6.25,2.5,24.5,55.5,0.25,0.25,0.5,2.5,4.0,15.0
1800,146.0,13.875,4.625,5.625,1.875,34.0,57.375,0.125,0.125,0.375,2.0,2.0,24.0
1801,145.0,15.125,3.125,4.125,3.125,35.5,59.125,0.125,0.125,0.125,1.5,0.0,23.0
1802,137.0,2.875,1.625,1.625,6.875,49.0,60.375,0.125,0.125,0.375,1.0,0.0,13.0
1803,137.0,2.875,1.625,1.625,6.875,49.0,60.375,0.125,0.125,0.375,1.0,0.0,13.0
1804,130.0,1.75,1.5,3.5,7.75,48.5,62.25,0.0,0.0,0.25,0.5,0.0,4.0
1805,130.0,1.75,1.5,3.5,7.75,48.5,62.25,0.0,0.0,0.25,0.5,0.0,4.0
1806,128.0,2.0,1.0,3.0,8.0,50.0,64.0,0.0,0.0,0.0,0.0,0.0,0.0
1807,40.0,0.0,0.0,0.0,4.0,0.0,4.0,0.0,0.0,0.0,0.0,16.0,16.0
1808,34.0,1.125,0.125,0.125,1.125,2.5,4.125,0.125,0.125,0.125,0.5,12.0,12.0
1809,57.0,0.0,0.0,0.5,0.5,5.0,4.5,0.5,0.0,0.0,1.0,22.0,23.0
1810,66.0,1.125,0.125,1.125,2.125,2.5,5.125,1.125,0.125,0.125,0.5,27.0,25.0
1811,102.0,0.0,0.5,2.0,0.5,5.0,6.0,0.5,0.0,0.5,1.0,32.0,54.0
1812,100.0,1.125,0.125,3.125,1.125,3.5,7.125,0.125,0.125,0.125,1.5,41.0,41.0
1813,117.0,1.0,0.5,2.0,1.5,5.0,8.5,0.0,0.5,0.0,1.0,56.0,41.0
1814,123.0,0.75,0.0,4.5,4.25,1.5,8.75,0.0,0.5,0.25,1.5,40.0,61.0
1815,148.0,1.375,0.125,6.125,1.375,3.0,10.375,0.125,0.125,0.375,1.0,55.0,69.0
1816,154.0,5.125,0.125,1.125,1.125,5.5,11.125,0.125,0.125,0.125,1.5,25.0,103.0
1817,193.0,3.25,1.25,0.25,1.25,8.0,11.25,0.25,0.25,0.25,2.0,60.0,105.0
1818,210.0,4.125,2.125,0.125,1.125,7.5,13.125,0.125,0.125,0.125,1.5,51.0,129.0
1819,212.0,0.875,0.625,0.625,4.875,9.0,14.375,0.125,0.125,0.375,1.0,71.0,109.0
1820,207.0,3.5,0.25,0.25,3.5,9.5,14.5,0.25,0.25,0.5,1.5,47.0,126.0
1821,245.0,1.375,0.625,1.125,0.875,14.0,14.875,0.125,0.625,0.375,2.0,81.0,128.0
1822,229.0,3.25,0.0,0.5,2.75,12.5,15.25,0.0,0.5,0.75,2.5,69.0,122.0
1823,249.0,2.5,0.5,1.0,2.0,14.0,17.0,0.0,0.5,0.5,2.0,83.0,126.0
1824,243.0,3.625,0.125,1.125,3.625,12.5,17.625,0.125,0.125,0.625,2.5,109.0,92.0
1825,290.0,2.75,0.75,1.75,2.75,14.0,18.25,0.25,0.25,1.25,2.0,110.0,136.0
1826,285.0,7.375,0.375,0.375,4.375,10.5,18.375,0.375,0.375,1.375,2.5,115.0,124.0
1827,315.0,1.75,1.25,0.75,2.25,18.0,19.25,0.75,0.25,1.75,2.0,139.0,128.0
1828,315.0,1.625,1.125,1.125,2.625,18.5,19.625,1.125,0.125,1.625,2.5,133.0,132.0
1829,304.0,0.75,2.25,0.75,1.25,21.0,20.25,0.75,0.25,1.75,3.0,104.0,148.0
1830,324.0,2.375,2.375,0.375,2.375,19.5,21.375,0.375,0.375,1.375,3.5,118.0,152.0
1831,320.0,0.5,0.5,1.5,1.5,24.0,21.5,0.5,0.5,1.5,4.0,87.0,177.0
1832,315.0,2.125,1.125,2.125,3.125,20.5,21.625,0.625,0.625,1.625,4.5,108.0,149.0
1833,338.0,3.5,1.5,2.0,2.0,21.0,22.0,1.0,0.5,1.5,5.0,119.0,159.0
1834,300.0,3.375,0.875,2.375,2.875,21.5,22.375,0.875,0.375,1.875,5.5,115.0,123.0
1835,298.0,5.75,0.25,4.25,6.75,15.0,23.75,1.25,0.25,1.75,5.0,168.0,66.0
1836,321.0,6.125,1.125,2.625,3.625,19.5,24.625,1.625,0.125,1.125,5.5,138.0,117.0
1837,334.0,4.75,3.25,4.25,2.75,19.0,25.75,1.25,0.25,1.75,5.0,176.0,90.0
1838,313.0,3.875,2.375,2.875,2.375,23.5,26.375,0.875,0.375,1.875,5.5,127.0,116.0
1839,307.0,5.25,1.75,4.25,4.75,20.0,27.25,0.75,0.25,1.75,6.0,143.0,92.0
1840,302.0,8.625,0.625,5.125,7.125,15.5,28.125,1.125,0.625,1.625,5.5,114.0,114.0
1841,308.0,11.75,0.75,4.75,5.75,15.0,29.75,0.75,0.75,1.75,5.0,152.0,80.0
1842,261.0,7.375,0.875,3.875,6.375,20.5,30.875,1.375,0.375,1.875,4.5,75.0,108.0
1843,305.0,9.0,1.5,4.5,7.0,18.0,32.0,1.5,0.5,2.0,4.0,97.0,128.0
1844,290.0,7.875,1.375,7.875,6.375,17.5,33.375,1.875,0.375,1.875,3.5,95.0,113.0
1845,264.0,13.5,1.0,9.0,3.5,15.0,35.0,1.5,0.5,2.0,3.0,106.0,74.0
1846,253.0,11.875,0.875,7.875,2.875,19.5,36.375,1.375,0.375,1.375,3.5,95.0,72.0
1847,267.0,11.125,0.875,7.875,6.125,18.0,36.625,1.375,0.375,1.625,4.0,93.0,86.0
1848,241.0,10.5,0.25,7.25,5.5,21.5,38.5,1.25,0.25,1.5,3.5,84.0,67.0
1849,238.0,10.375,1.125,10.625,1.875,22.0,39.875,0.625,0.125,1.375,4.0,97.0,49.0
1850,196.0,7.5,1.75,8.25,4.0,25.5,41.5,0.75,0.25,1.0,3.5,52.0,50.0
1851,212.0,3.875,1.125,8.625,3.375,31.0,43.375,0.625,0.125,0.875,3.0,73.0,43.0
1852,228.0,8.0,0.75,2.25,5.5,32.5,44.0,0.75,0.25,1.5,2.5,87.0,43.0
1853,233.0,8.125,2.875,4.875,2.125,32.0,45.625,0.375,0.375,1.625,2.0,109.0,24.0
1854,207.0,19.0,2.75,3.25,1.5,24.5,46.5,0.25,0.75,1.0,2.5,86.0,19.0
1855,218.0,19.25,2.75,3.25,1.75,25.0,46.75,0.25,0.75,1.25,3.0,88.0,26.0
1856,195.0,22.375,2.875,5.875,1.375,20.5,47.875,0.375,1.375,0.875,2.5,67.0,22.0
1857,194.0,10.125,2.875,6.875,1.125,33.0,48.625,0.375,1.375,0.625,3.0,67.0,19.0
1858,179.0,10.375,1.375,7.375,4.375,31.5,49.375,0.375,1.375,0.375,3.5,52.0,17.0
1859,154.0,8.25,1.25,5.25,4.25,37.0,51.25,0.25,1.25,0.25,3.0,29.0,13.0
1860,142.0,13.125,2.625,2.125,5.625,33.5,52.625,0.125,0.625,0.125,3.5,9.0,19.0
1861,141.0,9.5,3.0,2.5,6.0,37.0,54.5,0.0,0.5,0.0,3.0,10.0,15.0
1862,144.0,8.75,3.0,2.5,10.25,34.5,55.75,0.0,0.5,0.25,2.5,8.0,18.0
1863,146.0,16.0,3.0,2.5,4.5,34.0,57.0,0.0,0.5,0.5,2.0,10.0,16.0
1864,144.0,17.25,2.5,4.0,5.75,31.5,58.75,0.0,0.5,0.25,1.5,4.0,18.0
1865,133.0,36.5,2.0,8.5,2.0,13.0,60.5,0.0,0.5,0.0,1.0,4.0,5.0
1866,136.0,32.125,2.125,9.125,3.125,16.5,62.125,0.125,0.125,0.125,0.5,2.0,8.0
1867,128.0,45.5,2.5,4.5,3.5,8.0,64.0,0.0,0.0,0.0,0.0,0.0,0.0
1868,40.0,0.0,0.0,0.0,4.0,0.0,4.0,0.0,0.0,0.0,0.0,16.0,16.0
1869,34.0,1.125,0.125,0.125,1.125,2.5,4.125,0.125,0.125,0.125,0.5,12.0,12.0
1870,57.0,0.0,0.0,0.5,0.5,5.0,4.5,0.5,0.0,0.0,1.0,22.0,23.0
1871,50.0,1.25,0.0,0.5,1.75,3.5,4.75,0.5,0.0,0.25,1.5,19.0,17.0
1872,84.0,0.375,0.125,1.125,0.375,6.0,5.375,0.125,0.125,0.375,2.0,24.0,44.0
1873,107.0,1.25,0.5,2.0,1.75,3.5,6.25,0.5,0.0,0.75,1.5,53.0,36.0
1874,168.0,0.375,1.125,1.125,1.375,6.0,7.375,0.125,0.125,0.375,2.0,80.0,68.0
1875,99.0,4.25,0.5,2.0,0.75,3.5,8.75,0.0,0.5,0.25,1.5,48.0,29.0
1876,128.0,4.375,0.625,2.125,0.875,4.0,8.875,0.125,0.625,0.375,2.0,56.0,48.0
1877,102.0,4.75,0.5,1.0,2.25,4.5,9.25,0.0,0.5,0.75,2.5,38.0,38.0
1878,209.0,0.875,0.625,1.125,2.375,9.0,9.375,0.125,0.625,0.875,3.0,72.0,109.0
1879,208.0,1.625,0.625,1.125,2.125,9.5,10.125,0.125,0.625,0.625,3.5,94.0,84.0
1880,233.0,0.5,1.0,2.5,2.0,10.0,10.5,0.0,0.5,1.0,4.0,123.0,78.0
1881,210.0,4.625,1.625,1.625,1.625,7.5,12.125,0.125,0.125,1.125,3.5,105.0,71.0
1882,258.0,2.0,1.0,1.0,3.0,11.0,14.0,0.0,0.0,1.0,3.0,116.0,106.0
1883,285.0,1.625,1.125,2.125,2.625,11.5,14.625,0.125,0.125,0.625,3.5,107.0,140.0
1884,314.0,3.0,2.5,2.5,2.0,10.0,15.5,0.0,0.0,0.5,4.0,124.0,150.0
1885,331.0,1.625,1.625,2.625,2.625,12.5,16.125,0.125,0.125,0.125,4.5,144.0,145.0
1886,286.0,3.25,1.25,3.25,4.25,10.0,17.25,0.25,0.25,0.25,4.0,143.0,99.0
1887,332.0,4.625,2.125,5.125,5.625,5.5,18.625,0.125,0.125,0.625,3.5,144.0,142.0
1888,342.0,0.875,2.125,5.125,10.875,5.0,19.875,0.125,0.125,0.875,3.0,157.0,137.0
1889,345.0,1.5,1.25,8.25,5.5,8.5,21.5,0.25,0.25,0.5,2.5,149.0,146.0
1890,383.0,4.375,2.125,8.125,4.375,7.0,22.375,0.125,0.125,0.375,3.0,179.0,152.0
1891,309.0,1.0,0.75,6.75,5.0,13.5,22.5,0.25,0.25,0.5,3.5,127.0,128.0
1892,353.0,3.625,0.375,6.375,4.625,13.0,23.625,0.375,0.375,0.625,3.0,141.0,156.0
1893,341.0,1.0,0.75,6.25,10.5,10.5,25.0,0.75,0.25,0.5,2.5,127.0,156.0
1894,367.0,0.375,0.625,6.625,15.375,7.0,25.375,0.625,0.625,0.375,3.0,156.0,151.0
1895,320.0,5.0,1.25,2.25,13.0,9.5,25.5,0.75,0.75,0.5,3.5,121.0,137.0
1896,322.0,2.875,2.625,1.625,12.875,12.0,25.875,0.625,0.625,0.875,4.0,120.0,138.0
1897,305.0,8.0,2.75,0.75,7.0,14.5,26.0,0.75,0.75,1.0,4.5,77.0,162.0
1898,314.0,7.625,2.375,0.875,11.125,12.0,27.625,0.375,0.875,1.125,4.0,104.0,142.0
1899,211.0,10.25,3.5,2.5,4.25,14.5,28.25,0.5,0.5,1.25,4.5,74.0,67.0
1900,255.0,7.5,3.0,4.0,3.5,18.0,30.0,0.5,0.5,1.0,4.0,80.0,103.0
1901,234.0,12.125,2.125,3.125,5.125,14.5,30.625,0.625,0.625,0.625,4.5,61.0,99.0
1902,238.0,10.0,2.5,5.0,4.5,16.0,31.5,1.0,0.5,1.0,4.0,71.0,91.0
1903,228.0,12.125,3.125,3.125,6.125,14.5,32.625,0.625,0.625,0.625,4.5,58.0,92.0
1904,248.0,12.0,1.5,5.5,5.0,16.0,33.5,1.0,1.0,0.5,4.0,55.0,113.0
1905,229.0,13.375,1.875,4.875,7.375,13.5,35.375,0.875,0.875,0.375,3.5,45.0,102.0
1906,304.0,6.75,2.25,5.25,10.75,17.0,37.25,0.75,0.75,0.25,3.0,75.0,145.0
1907,251.0,11.375,4.375,7.375,7.375,12.5,38.375,1.375,0.375,0.375,2.5,29.0,136.0
1908,257.0,7.25,3.75,10.25,4.75,18.0,39.75,1.25,0.75,0.25,2.0,27.0,142.0
1909,224.0,10.125,1.625,2.125,1.625,29.5,41.125,0.625,1.125,0.625,1.5,11.0,123.0
1910,217.0,7.5,1.5,3.5,1.5,32.0,41.5,0.5,1.5,0.5,2.0,15.0,110.0
1911,201.0,10.125,1.625,6.125,1.625,27.5,43.125,0.625,1.125,0.625,1.5,12.0,95.0
1912,206.0,8.75,1.75,4.75,2.75,30.0,43.75,0.75,0.75,0.75,2.0,18.0,92.0
1913,191.0,10.875,0.875,6.875,1.875,28.5,45.375,0.375,0.375,0.375,2.5,14.0,79.0
1914,188.0,8.25,1.25,3.25,2.25,35.0,46.25,0.25,0.25,0.25,3.0,9.0,79.0
1915,186.0,10.0,0.75,4.75,2.0,33.5,46.5,0.25,0.25,0.5,3.5,14.0,70.0
1916,184.0,10.25,0.75,4.75,2.25,34.0,46.75,0.25,0.25,0.75,4.0,14.0,66.0
1917,178.0,12.5,1.25,3.25,3.5,32.5,47.5,0.25,0.25,0.5,4.5,10.0,62.0
1918,195.0,11.75,1.25,3.25,7.75,30.0,48.75,0.25,0.25,0.75,4.0,15.0,72.0
1919,191.0,13.875,1.375,3.375,8.875,27.5,49.875,0.375,0.375,0.875,3.5,6.0,75.0
1920,177.0,18.625,1.375,3.375,4.625,28.0,50.625,0.375,0.375,0.625,4.0,0.0,65.0
1921,177.0,18.625,1.375,3.375,4.625,28.0,50.625,0.375,0.375,0.625,4.0,0.0,65.0
1922,160.0,16.5,2.25,6.25,4.5,27.5,52.5,0.25,0.25,0.5,3.5,19.0,27.0
1923,151.0,19.875,2.625,5.125,3.375,27.0,53.875,0.625,0.125,0.375,3.0,4.0,31.0
1924,148.0,20.75,3.5,4.0,2.25,28.5,55.75,0.5,0.0,0.25,2.5,0.0,30.0
1925,148.0,20.75,3.5,4.0,2.25,28.5,55.75,0.5,0.0,0.25,2.5,0.0,30.0
1926,141.0,26.375,3.125,4.125,2.375,24.0,57.375,0.125,0.125,0.375,2.0,3.0,18.0
1927,140.0,29.125,2.125,3.125,1.125,25.5,59.125,0.125,0.125,0.125,1.5,0.0,18.0
1928,138.0,33.375,1.125,3.125,3.375,21.0,60.375,0.125,0.125,0.375,1.0,0.0,14.0
1929,138.0,33.375,1.125,3.125,3.375,21.0,60.375,0.125,0.125,0.375,1.0,0.0,14.0
1930,128.0,38.75,0.5,2.5,2.75,18.5,62.25,0.0,0.0,0.25,0.5,0.0,2.0
1931,128.0,38.75,0.5,2.5,2.75,18.5,62.25,0.0,0.0,0.25,0.5,0.0,2.0
1932,128.0,44.0,0.0,2.0,2.0,16.0,64.0,0.0,0.0,0.0,0.0,0.0,0.0
1933,40.0,0.0,0.0,0.0,4.0,0.0,4.0,0.0,0.0,0.0,0.0,16.0,16.0
1934,34.0,1.125,0.125,0.125,1.125,2.5,4.125,0.125,0.125,0.125,0.5,12.0,12.0
1935,57.0,0.0,0.0,0.5,0.5,5.0,4.5,0.5,0.0,0.0,1.0,22.0,23.0
1936,74.0,1.125,0.125,1.125,1.125,3.5,5.125,0.125,0.125,0.125,1.5,38.0,22.0
1937,79.0,1.0,0.0,0.5,1.5,5.0,6.0,0.0,0.5,0.5,1.0,30.0,33.0
1938,136.0,0.125,0.125,0.125,0.125,8.5,7.125,0.125,0.125,1.125,0.5,50.0,68.0
1939,123.0,1.375,0.125,0.125,1.375,7.0,7.375,0.125,0.125,1.375,1.0,49.0,54.0
1940,131.0,0.75,0.0,0.0,0.75,9.5,8.75,0.0,0.0,0.75,1.5,44.0,65.0
1941,150.0,2.5,0.0,0.0,2.5,7.0,9.5,0.0,0.0,1.5,1.0,50.0,76.0
1942,153.0,3.125,0.625,0.625,1.125,7.5,9.625,0.125,0.125,1.625,1.5,65.0,62.0
1943,237.0,1.5,2.5,0.0,2.0,8.0,10.0,0.0,0.5,1.5,2.0,134.0,75.0
1944,182.0,5.125,1.625,0.125,2.625,5.5,11.625,0.125,0.625,1.125,1.5,83.0,69.0
1945,228.0,3.375,0.625,0.125,1.875,10.0,12.875,0.125,0.625,0.375,2.0,105.0,91.0
1946,206.0,1.5,1.75,0.25,3.0,10.5,13.0,0.25,0.75,0.5,2.5,83.0,89.0
1947,254.0,2.125,1.375,0.875,2.625,11.0,13.125,0.375,0.875,0.625,3.0,85.0,133.0
1948,257.0,5.75,0.5,1.5,3.75,7.5,13.75,0.5,0.5,0.75,3.5,92.0,127.0
1949,252.0,6.625,0.875,2.875,1.625,8.0,14.125,0.375,0.375,1.125,4.0,91.0,121.0
1950,241.0,7.25,0.5,2.5,2.25,8.5,14.25,0.5,0.5,1.25,4.5,100.0,99.0
1951,254.0,7.125,0.875,2.875,2.125,9.0,14.625,0.375,0.375,1.625,5.0,87.0,123.0
1952,241.0,7.25,1.0,3.0,2.25,9.5,14.75,0.5,0.5,1.75,5.5,100.0,95.0
1953,242.0,3.625,0.875,1.375,1.125,17.0,15.625,0.875,0.375,2.125,5.0,122.0,72.0
1954,227.0,2.25,1.0,1.5,1.75,18.5,16.25,1.0,0.5,2.75,4.5,94.0,83.0
1955,207.0,5.0,1.0,1.5,4.5,14.0,18.0,1.0,0.5,2.5,4.0,91.0,64.0
1956,238.0,2.875,2.875,1.875,2.875,16.5,18.375,1.375,0.375,2.375,4.5,108.0,76.0
1957,250.0,4.25,2.25,1.25,4.25,16.0,20.25,1.25,0.25,2.25,4.0,112.0,82.0
1958,268.0,4.125,2.125,1.625,2.625,18.5,21.125,1.125,0.625,1.625,4.5,93.0,117.0
1959,336.0,5.75,4.25,1.25,2.75,16.0,22.25,0.75,0.75,2.25,4.0,153.0,123.0
1960,352.0,4.125,3.625,1.625,4.125,17.5,23.625,1.125,1.125,1.625,3.5,154.0,136.0
1961,301.0,4.25,2.75,2.25,2.75,20.0,24.25,0.75,1.25,1.75,4.0,104.0,133.0
1962,340.0,3.875,4.875,1.375,4.375,18.5,24.875,0.875,1.375,1.375,4.5,144.0,130.0
1963,300.0,4.25,2.75,2.25,2.75,22.0,25.75,1.25,1.75,1.25,4.0,97.0,135.0
1964,265.0,6.625,2.125,2.125,2.625,21.5,26.625,1.125,2.125,1.625,3.5,50.0,145.0
1965,289.0,5.25,3.75,3.25,2.75,21.0,27.75,1.25,2.75,1.25,3.0,84.0,133.0
1966,248.0,13.625,5.625,0.625,1.625,15.5,29.125,1.125,2.125,1.125,3.5,19.0,155.0
1967,276.0,10.875,5.625,0.625,2.875,18.0,29.375,1.125,2.125,1.375,4.0,50.0,150.0
1968,241.0,13.125,5.625,0.625,5.125,14.5,29.625,1.125,2.125,1.625,4.5,26.0,137.0
1969,238.0,7.75,4.75,1.75,6.75,19.0,30.75,0.75,1.75,1.75,5.0,28.0,130.0
1970,210.0,10.625,4.125,2.625,6.125,17.5,31.125,0.625,2.125,1.625,5.5,16.0,112.0
1971,228.0,8.375,3.125,4.625,7.875,18.0,31.875,0.625,2.125,1.375,6.0,14.0,130.0
1972,167.0,13.75,1.0,8.0,4.75,15.5,33.25,0.5,2.5,1.25,5.5,8.0,73.0
1973,181.0,13.875,1.125,3.625,4.375,21.0,34.375,0.625,3.125,0.875,5.0,6.0,87.0
1974,167.0,18.0,1.25,1.75,4.5,19.5,36.0,0.25,2.75,0.5,5.5,4.0,73.0
1975,175.0,15.625,1.375,2.375,3.625,23.0,37.625,0.375,2.375,0.625,5.0,20.0,63.0
1976,223.0,22.0,0.75,1.75,4.0,18.5,39.5,0.25,2.25,0.5,4.5,8.0,121.0
1977,213.0,13.375,0.625,3.125,3.875,27.0,40.875,0.125,1.625,0.375,5.0,19.0,98.0
1978,203.0,15.5,1.25,4.25,3.5,24.5,41.5,0.25,2.25,0.5,4.5,15.0,90.0
1979,202.0,6.125,1.375,3.875,4.625,34.0,43.125,0.375,1.875,0.625,4.0,32.0,70.0
1980,191.0,8.0,2.25,4.25,4.0,32.5,44.0,0.25,1.25,1.0,4.5,23.0,66.0
1981,181.0,8.25,2.25,4.25,1.25,36.0,45.25,0.25,1.25,1.25,4.0,15.0,62.0
1982,194.0,16.5,1.75,2.75,4.5,27.5,46.0,0.25,1.25,2.0,3.5,2.0,86.0
1983,190.0,14.625,3.375,4.875,6.125,25.0,47.625,0.375,0.875,2.125,3.0,4.0,78.0
1984,192.0,16.5,2.25,2.75,5.0,28.5,49.5,0.25,0.75,2.0,2.5,4.0,78.0
1985,180.0,5.75,2.25,3.75,5.25,39.0,50.75,0.25,0.75,1.25,3.0,9.0,59.0
1986,157.0,11.375,1.875,6.875,3.375,33.5,51.875,0.375,0.375,0.875,3.5,2.0,41.0
1987,148.0,8.25,4.25,7.25,5.25,33.0,53.25,0.25,0.25,1.25,3.0,2.0,30.0
1988,152.0,6.875,3.375,6.375,5.875,36.5,54.875,0.375,0.375,0.875,2.5,0.0,34.0
1989,154.0,11.125,4.875,8.875,5.125,30.0,56.625,0.375,0.375,0.625,2.0,0.0,34.0
1990,154.0,11.125,4.875,8.875,5.125,30.0,56.625,0.375,0.375,0.625,2.0,0.0,34.0
1991,142.0,6.875,4.875,3.875,7.875,37.5,58.375,0.375,0.375,0.375,1.5,2.0,18.0
1992,140.0,7.75,5.75,3.75,5.75,39.0,60.25,0.25,0.25,0.25,1.0,0.0,16.0
1993,133.0,18.625,2.625,0.625,2.625,38.5,62.125,0.125,0.125,0.125,0.5,0.0,7.0
1994,133.0,18.625,2.625,0.625,2.625,38.5,62.125,0.125,0.125,0.125,0.5,0.0,7.0
1995,128.0,22.5,2.5,0.5,4.5,34.0,64.0,0.0,0.0,0.0,0.0,0.0,0.0
1996,40.0,0.0,0.0,0.0,4.0,0.0,4.0,0.0,0.0,0.0,0.0,16.0,16.0
1997,34.0,1.125,0.125,0.125,1.125,2.5,4.125,0.125,0.125,0.125,0.5,12.0,12.0
1998,57.0,0.0,0.0,0.5,0.5,5.0,4.5,0.5,0.0,0.0,1.0,22.0,23.0
1999,50.0,1.25,0.0,0.5,1.75,3.5,4.75,0.5,0.0,0.25,1.5,19.0,17.0
2000,84.0,0.375,0.125,1.125,0.375,6.0,5.375,0.125,0.125,0.375,2.0,24.0,44.0
2001,107.0,1.25,0.5,2.0,1.75,3.5,6.25,0.5,0.0,0.75,1.5,53.0,36.0
2002,168.0,0.375,1.125,1.125,1.375,6.0,7.375,0.125,0.125,0.375,2.0,80.0,68.0
2003,99.0,4.25,0.5,2.0,0.75,3.5,8.75,0.0,0.5,0.25,1.5,48.0,29.0
2004,122.0,4.875,0.125,0.625,0.375,6.0,8.875,0.125,0.625,0.375,2.0,54.0,44.0
2005,134.0,4.25,1.0,2.0,1.25,4.5,9.25,0.0,1.0,0.25,2.5,64.0,44.0
2006,151.0,4.875,0.625,2.625,0.875,5.0,9.375,0.125,1.125,0.375,3.0,88.0,35.0
2007,150.0,5.25,0.5,1.5,2.25,5.5,9.75,0.0,1.0,0.75,3.5,70.0,50.0
2008,191.0,4.875,0.625,4.125,1.375,5.0,11.375,0.125,0.625,0.875,3.0,84.0,75.0
2009,251.0,4.5,1.25,3.75,2.0,5.5,11.5,0.25,0.75,1.0,3.5,113.0,104.0
2010,261.0,8.25,1.25,0.75,1.75,6.0,12.25,0.25,0.75,0.75,4.0,153.0,72.0
2011,237.0,8.875,0.875,0.375,2.375,6.5,12.375,0.375,0.875,0.875,4.5,128.0,71.0
2012,254.0,6.125,0.875,0.375,6.625,6.0,13.625,0.375,0.875,1.125,4.0,165.0,49.0
2013,283.0,4.5,1.25,0.75,7.0,7.5,15.5,0.25,0.75,1.0,3.5,190.0,51.0
2014,256.0,4.875,1.125,1.125,6.875,8.0,15.875,0.125,1.125,0.875,4.0,167.0,45.0
2015,244.0,5.25,1.0,1.5,6.75,8.5,16.25,0.0,1.5,0.75,4.5,152.0,46.0
2016,262.0,4.375,1.625,2.625,6.375,9.0,16.875,0.125,1.125,0.875,5.0,176.0,38.0
2017,229.0,3.0,0.75,2.25,11.5,7.5,17.5,0.25,0.75,1.0,5.5,141.0,38.0
2018,190.0,2.125,1.375,4.375,8.125,10.0,18.125,0.375,0.375,1.125,6.0,89.0,49.0
2019,239.0,2.0,0.75,6.75,6.0,11.5,19.0,0.75,0.75,1.0,5.5,120.0,65.0
2020,237.0,1.625,1.875,4.875,7.625,12.0,19.625,0.875,0.875,0.625,6.0,128.0,53.0
2021,256.0,2.375,1.875,4.875,10.375,9.5,21.375,0.875,0.875,0.375,5.5,139.0,59.0
2022,249.0,3.5,3.5,7.5,8.5,7.0,22.5,1.5,0.5,0.5,5.0,115.0,74.0
2023,284.0,3.375,2.375,4.875,8.875,11.5,23.875,0.875,0.375,0.375,5.5,120.0,102.0
2024,236.0,2.25,1.25,7.75,10.75,10.0,24.75,0.75,0.25,0.25,6.0,98.0,74.0
2025,315.0,3.125,2.125,4.625,10.625,12.5,25.625,0.625,0.125,0.125,6.5,173.0,76.0
2026,318.0,7.375,2.125,4.625,6.875,13.0,25.875,0.625,0.125,0.375,7.0,175.0,75.0
2027,308.0,2.625,2.125,4.625,14.125,11.5,26.125,0.625,0.125,0.625,7.5,174.0,64.0
2028,264.0,2.0,1.5,7.0,13.5,12.0,27.0,0.5,0.0,0.5,8.0,130.0,62.0
2029,272.0,2.625,1.125,8.125,9.625,15.5,28.625,0.125,0.125,0.625,7.5,106.0,92.0
2030,256.0,1.75,1.25,7.25,14.75,13.0,29.75,0.25,0.25,0.75,7.0,143.0,37.0
2031,252.0,1.875,1.375,11.375,13.875,10.5,30.875,0.375,0.375,0.875,6.5,125.0,49.0
2032,231.0,3.75,1.75,7.25,11.25,16.0,32.25,0.25,0.75,0.75,6.0,127.0,24.0
2033,234.0,3.625,1.125,12.125,6.625,17.5,33.625,0.125,1.125,0.625,5.5,138.0,14.0
2034,232.0,5.25,1.75,12.75,3.25,19.0,34.75,0.25,1.25,0.75,5.0,140.0,8.0
2035,265.0,4.125,2.125,15.125,5.125,16.5,36.125,0.125,1.125,1.125,4.5,161.0,18.0
2036,234.0,6.375,0.625,8.625,4.375,24.0,36.875,0.125,1.125,1.875,4.0,141.0,5.0
2037,226.0,6.0,0.75,11.75,3.0,23.5,38.5,0.25,1.25,1.5,3.5,127.0,9.0
2038,248.0,6.625,1.375,8.375,3.625,26.0,38.625,0.375,1.375,1.625,4.0,137.0,19.0
2039,240.0,4.5,0.25,8.75,5.0,28.5,39.0,0.75,1.25,1.5,4.5,135.0,11.0
2040,211.0,15.125,0.875,3.875,3.125,25.0,39.625,0.375,1.375,1.625,5.0,115.0,0.0
2041,208.0,11.0,0.75,8.75,3.0,25.5,40.5,0.25,1.25,1.5,5.5,110.0,0.0
2042,208.0,11.0,0.75,8.75,3.0,25.5,40.5,0.25,1.25,1.5,5.5,110.0,0.0
2043,235.0,17.75,0.75,2.75,2.75,26.0,41.25,0.25,1.25,1.25,6.0,135.0,0.0
2044,235.0,17.75,0.75,2.75,2.75,26.0,41.25,0.25,1.25,1.25,6.0,135.0,0.0
2045,245.0,10.0,0.75,4.75,1.0,34.5,42.5,0.25,1.25,0.5,6.5,139.0,4.0
2046,237.0,11.25,0.75,4.75,3.25,32.0,43.75,0.25,1.25,0.75,6.0,133.0,0.0
2047,238.0,12.875,1.375,2.375,4.875,31.5,44.875,0.375,1.375,0.875,5.5,132.0,0.0
2048,238.0,12.875,1.375,2.375,4.875,31.5,44.875,0.375,1.375,0.875,5.5,132.0,0.0
2049,190.0,21.25,1.75,2.25,7.75,21.0,46.25,0.75,1.25,0.75,5.0,60.0,22.0
2050,181.0,19.0,1.75,2.25,7.5,24.5,48.0,0.75,1.25,0.5,4.5,64.0,7.0
2051,174.0,25.125,0.875,2.875,7.125,20.0,49.625,0.375,1.375,0.625,4.0,58.0,4.0
2052,161.0,18.75,2.0,4.5,6.25,25.5,51.25,0.5,1.0,0.75,3.5,47.0,0.0
2053,142.0,21.5,1.0,5.5,5.0,25.0,53.0,0.5,1.0,0.5,3.0,24.0,2.0
2054,167.0,21.375,0.875,6.375,5.875,24.5,54.875,0.375,0.875,0.375,2.5,49.0,0.0
2055,142.0,25.75,3.25,5.75,3.25,22.0,56.75,0.25,0.75,0.25,2.0,20.0,2.0
2056,150.0,22.125,2.625,8.125,2.625,25.5,58.625,0.125,0.625,0.125,1.5,26.0,2.0
2057,138.0,29.25,3.25,5.25,3.25,21.0,60.25,0.25,0.25,0.25,1.0,8.0,6.0
2058,132.0,19.625,2.625,9.625,2.625,28.5,62.125,0.125,0.125,0.125,0.5,6.0,0.0
2059,128.0,30.5,0.5,6.5,0.5,26.0,64.0,0.0,0.0,0.0,0.0,0.0,0.0
2060,40.0,0.0,0.0,0.0,4.0,0.0,4.0,0.0,0.0,0.0,0.0,16.0,16.0
2061,34.0,1.125,0.125,0.125,1.125,2.5,4.125,0.125,0.125,0.125,0.5,12.0,12.0
2062,57.0,0.0,0.0,0.5,0.5,5.0,4.5,0.5,0.0,0.0,1.0,22.0,23.0
2063,50.0,1.25,0.0,0.5,1.75,3.5,4.75,0.5,0.0,0.25,1.5,19.0,17.0
2064,84.0,0.375,0.125,1.125,0.375,6.0,5.375,0.125,0.125,0.375,2.0,24.0,44.0
2065,107.0,1.25,0.5,2.0,1.75,3.5,6.25,0.5,0.0,0.75,1.5,53.0,36.0
2066,168.0,0.375,1.125,1.125,1.375,6.0,7.375,0.125,0.125,0.375,2.0,80.0,68.0
2067,148.0,2.125,1.125,1.125,3.125,3.5,8.125,0.125,0.125,1.125,1.5,73.0,53.0
2068,149.0,0.375,1.125,1.125,7.375,2.0,9.375,0.125,0.125,0.375,2.0,82.0,43.0
2069,138.0,1.5,0.25,3.25,3.5,4.5,9.5,0.25,0.25,0.5,2.5,69.0,43.0
2070,203.0,0.375,0.625,1.125,2.875,9.0,9.875,0.125,0.625,0.375,3.0,108.0,67.0
2071,209.0,0.75,1.0,0.0,2.75,10.5,11.25,0.5,0.5,0.25,2.5,84.0,95.0
2072,192.0,1.375,0.625,0.625,2.375,11.0,11.375,0.625,0.625,0.375,3.0,68.0,92.0
2073,184.0,6.0,1.25,0.75,2.5,6.5,13.0,0.25,0.75,0.5,2.5,53.0,97.0
2074,221.0,2.125,0.375,1.875,4.625,9.0,13.125,0.375,0.875,0.625,3.0,56.0,129.0
2075,214.0,3.0,0.75,0.75,7.0,7.5,13.5,0.25,1.25,0.5,3.5,51.0,125.0
2076,223.0,2.125,1.375,1.875,2.625,12.0,14.125,0.375,0.875,0.625,4.0,51.0,132.0
2077,284.0,2.75,3.0,0.5,2.25,12.5,14.25,0.5,1.0,0.75,4.5,117.0,125.0
2078,233.0,3.5,3.0,0.5,3.0,12.0,16.0,0.5,1.0,0.5,4.0,99.0,90.0
2079,227.0,3.875,2.875,0.875,2.875,12.5,16.375,0.375,1.375,0.375,4.5,96.0,85.0
2080,268.0,2.5,2.0,1.5,3.0,15.0,17.0,0.5,1.0,0.5,5.0,147.0,73.0
2081,287.0,1.875,2.375,0.875,2.375,17.5,17.875,0.375,0.875,0.375,5.5,145.0,92.0
2082,264.0,3.25,1.75,1.25,3.75,16.0,18.75,0.25,0.75,0.25,6.0,101.0,111.0
2083,359.0,3.625,2.125,1.625,4.125,15.5,20.625,0.125,0.625,0.125,5.5,167.0,138.0
2084,345.0,3.0,1.5,3.5,4.0,16.0,21.0,0.5,0.5,0.0,6.0,167.0,122.0
2085,295.0,3.625,3.625,3.125,2.125,16.5,21.625,0.625,0.125,0.125,6.5,114.0,123.0
2086,334.0,1.75,4.75,6.25,3.25,14.0,22.75,0.75,0.25,0.25,6.0,126.0,148.0
2087,310.0,2.875,3.875,4.875,2.875,16.5,23.375,0.375,0.375,0.375,6.5,133.0,115.0
2088,283.0,2.25,3.75,0.75,3.25,22.0,24.75,0.25,0.25,0.75,6.0,160.0,59.0
2089,270.0,3.625,3.125,1.125,2.625,22.5,25.625,0.125,0.125,0.625,6.5,158.0,46.0
2090,328.0,4.75,4.25,1.25,3.75,20.0,26.75,0.25,0.25,0.75,6.0,222.0,38.0
2091,335.0,6.875,3.875,2.875,3.875,17.5,28.375,0.375,0.375,0.375,5.5,192.0,73.0
2092,304.0,3.5,3.5,2.5,5.5,21.0,29.5,0.5,0.5,0.5,5.0,195.0,37.0
2093,292.0,4.375,3.375,2.375,5.375,21.5,30.375,0.375,0.375,0.375,5.5,188.0,30.0
2094,255.0,5.75,2.25,2.75,2.25,25.0,31.75,0.25,0.75,0.25,5.0,155.0,24.0
2095,269.0,6.875,2.375,2.875,1.375,25.5,31.875,0.375,0.875,0.375,5.5,171.0,20.0
2096,303.0,12.625,0.875,7.375,1.125,18.0,32.125,0.375,0.875,0.625,6.0,215.0,8.0
2097,275.0,11.5,0.75,5.75,2.5,20.5,32.5,0.75,0.75,0.5,6.5,183.0,10.0
2098,315.0,13.75,1.25,7.25,0.75,19.0,33.25,0.75,0.75,0.25,7.0,223.0,8.0
2099,265.0,10.0,1.25,7.25,3.0,21.5,33.5,0.75,0.75,0.5,7.5,165.0,14.0
2100,326.0,20.125,0.875,4.375,1.625,17.0,35.125,0.875,0.375,0.625,7.0,228.0,10.0
2101,269.0,8.0,0.75,11.75,2.0,22.5,36.5,1.25,0.25,0.5,6.5,160.0,19.0
2102,282.0,8.625,1.375,8.875,2.125,25.0,37.125,0.875,0.375,0.625,7.0,174.0,16.0
2103,274.0,10.375,0.375,8.875,2.875,24.5,37.875,0.875,0.375,1.375,6.5,170.0,10.0
2104,275.0,11.5,1.5,7.0,4.0,24.0,39.0,1.0,0.5,1.5,6.0,175.0,4.0
2105,258.0,8.875,0.875,7.875,3.875,27.5,39.875,0.875,0.875,1.875,5.5,157.0,3.0
2106,270.0,13.75,0.75,6.75,3.75,25.0,41.75,0.75,0.75,1.75,5.0,170.0,0.0
2107,256.0,8.875,0.875,7.375,5.375,28.5,43.375,0.375,0.875,1.875,4.5,148.0,6.0
2108,242.0,8.75,1.25,6.25,3.75,32.0,44.75,0.25,1.25,1.75,4.0,136.0,2.0
2109,177.0,13.125,0.625,16.625,3.125,19.5,46.625,0.125,1.125,1.625,3.5,54.0,17.0
2110,192.0,11.375,0.625,16.625,6.375,19.0,47.875,0.125,1.125,1.875,3.0,70.0,14.0
2111,181.0,12.625,0.625,16.625,3.625,21.5,49.125,0.125,1.125,1.125,3.5,62.0,9.0
2112,176.0,11.25,1.25,11.75,6.75,25.0,50.25,0.25,1.75,0.75,3.0,62.0,2.0
2113,198.0,22.0,1.25,13.75,7.5,12.5,52.0,0.25,1.75,0.5,2.5,80.0,4.0
2114,194.0,18.875,1.625,14.625,7.875,15.0,53.375,0.125,1.125,0.375,3.0,76.0,2.0
2115,163.0,19.5,1.75,11.25,10.0,16.5,55.0,0.25,0.75,0.5,2.5,34.0,11.0
2116,174.0,16.75,2.25,13.75,9.25,18.0,56.75,0.25,0.75,0.25,2.0,48.0,6.0
2117,145.0,25.125,1.625,6.125,10.625,17.5,58.625,0.125,0.625,0.125,1.5,20.0,3.0
2118,144.0,20.75,2.75,9.75,9.75,19.0,60.25,0.25,0.25,0.25,1.0,20.0,0.0
2119,131.0,38.125,1.125,3.125,6.125,14.5,62.125,0.125,0.125,0.125,0.5,5.0,0.0
2120,131.0,38.125,1.125,3.125,6.125,14.5,62.125,0.125,0.125,0.125,0.5,5.0,0.0
2121,128.0,47.5,1.5,1.5,3.5,10.0,64.0,0.0,0.0,0.0,0.0,0.0,0.0
2122,40.0,0.0,0.0,0.0,4.0,0.0,4.0,0.0,0.0,0.0,0.0,16.0,16.0
2123,34.0,1.125,0.125,0.125,1.125,2.5,4.125,0.125,0.125,0.125,0.5,12.0,12.0
2124,57.0,0.0,0.0,0.5,0.5,5.0,4.5,0.5,0.0,0.0,1.0,22.0,23.0
2125,56.0,1.25,0.0,0.5,1.75,3.5,4.75,0.5,0.0,0.25,1.5,28.0,14.0
2126,67.0,1.375,0.125,0.125,2.375,4.0,5.375,0.125,0.125,0.375,2.0,24.0,27.0
2127,92.0,1.75,0.5,0.5,1.75,4.5,6.25,0.0,0.0,0.25,2.5,28.0,46.0
2128,84.0,1.375,0.125,2.125,1.375,5.0,6.375,0.125,0.125,0.375,3.0,34.0,30.0
2129,120.0,1.75,1.0,0.5,2.25,5.5,6.75,0.0,0.5,0.25,3.5,56.0,42.0
2130,132.0,1.0,0.5,2.0,2.5,6.0,7.5,0.0,0.5,0.0,4.0,50.0,58.0
2131,157.0,1.125,0.625,3.125,2.625,5.5,8.625,0.125,0.625,0.125,3.5,64.0,67.0
2132,197.0,1.0,1.0,4.5,2.5,5.0,10.0,0.0,0.5,0.5,3.0,56.0,113.0
2133,197.0,1.125,0.625,6.125,2.625,4.5,11.625,0.125,0.625,0.125,2.5,63.0,104.0
2134,255.0,1.0,0.5,8.0,2.5,4.0,13.5,0.0,0.5,0.0,2.0,106.0,117.0
2135,249.0,0.25,0.5,8.0,6.75,1.5,14.75,0.0,0.5,0.25,1.5,97.0,118.0
2136,270.0,1.875,1.125,4.625,4.375,6.0,14.875,0.125,0.625,0.375,2.0,112.0,122.0
2137,281.0,0.25,0.5,2.5,5.25,10.5,15.25,0.5,0.5,0.25,2.5,103.0,140.0
2138,302.0,1.375,0.625,5.625,3.375,9.0,15.375,0.625,0.625,0.375,3.0,111.0,151.0
2139,299.0,1.5,0.25,9.75,4.0,5.5,16.0,0.75,0.25,0.5,3.5,118.0,139.0
2140,350.0,1.25,0.25,9.75,5.75,5.0,17.75,0.75,0.25,0.25,3.0,132.0,174.0
2141,295.0,2.875,0.875,6.875,2.875,9.5,18.375,0.375,0.375,0.375,3.5,109.0,140.0
2142,356.0,2.75,0.75,11.25,2.25,7.0,19.25,0.25,0.75,0.75,3.0,132.0,176.0
2143,310.0,3.875,0.875,10.375,2.375,7.5,19.375,0.375,0.875,0.875,3.5,102.0,158.0
2144,285.0,5.5,1.5,3.5,1.5,14.0,20.5,0.5,0.5,0.5,4.0,99.0,134.0
2145,308.0,1.875,1.375,0.875,2.375,20.5,20.875,0.375,0.875,0.375,4.5,85.0,169.0
2146,291.0,0.75,1.25,1.25,3.75,21.0,21.25,0.75,0.75,0.25,5.0,96.0,139.0
2147,276.0,2.375,0.875,0.875,1.375,23.5,21.375,0.875,0.875,0.375,5.5,87.0,131.0
2148,306.0,3.5,3.0,2.5,1.0,20.0,22.0,0.5,1.0,0.5,6.0,110.0,136.0
2149,299.0,4.875,1.875,2.875,0.875,20.5,22.375,0.375,1.375,0.375,6.5,106.0,131.0
2150,272.0,5.75,1.75,4.25,0.25,20.0,23.25,0.25,1.75,0.75,6.0,88.0,120.0
2151,282.0,8.375,1.375,4.375,1.375,17.5,24.375,0.375,1.375,1.375,5.5,87.0,129.0
2152,274.0,10.0,0.5,4.0,1.5,18.0,25.0,0.5,1.0,1.5,6.0,82.0,124.0
2153,261.0,8.375,0.375,3.875,2.875,19.5,26.375,0.375,0.875,1.875,5.5,66.0,125.0
2154,280.0,16.0,0.5,2.0,4.5,13.0,28.0,0.5,1.0,1.5,5.0,102.0,106.0
2155,243.0,9.875,0.375,1.875,5.375,19.5,28.875,0.375,0.875,1.375,5.5,77.0,92.0
2156,249.0,7.75,0.25,1.75,9.25,19.0,30.25,0.75,1.25,0.75,5.0,95.0,78.0
2157,211.0,9.125,0.125,3.625,9.625,16.5,31.125,1.125,1.625,0.625,4.5,55.0,78.0
2158,212.0,5.75,0.25,1.75,8.25,24.0,32.25,0.75,2.25,0.75,4.0,90.0,42.0
2159,223.0,6.875,1.375,2.875,4.375,25.5,33.375,0.875,2.375,0.875,3.5,67.0,74.0
2160,240.0,8.25,2.25,4.25,5.25,22.0,34.75,0.75,1.75,0.75,4.0,88.0,68.0
2161,199.0,9.375,0.875,1.375,5.875,25.5,36.375,0.875,1.375,0.875,3.5,76.0,37.0
2162,196.0,8.0,1.5,2.0,8.5,24.0,38.0,0.5,1.0,0.5,4.0,71.0,37.0
2163,223.0,6.875,2.375,2.875,3.375,29.5,39.875,0.375,0.875,0.375,3.5,80.0,53.0
2164,211.0,5.0,1.0,1.0,4.0,35.0,40.5,0.5,1.5,0.5,3.0,81.0,38.0
2165,209.0,6.375,1.375,1.375,1.375,36.5,42.375,0.375,1.375,0.375,2.5,77.0,38.0
2166,207.0,9.25,1.75,3.75,2.25,31.0,43.25,0.75,0.75,0.25,3.0,76.0,35.0
2167,207.0,9.625,1.125,3.625,2.125,32.5,44.625,1.125,0.625,0.125,2.5,81.0,28.0
2168,210.0,8.75,0.75,5.25,2.25,33.0,45.75,0.75,0.25,0.25,3.0,70.0,40.0
2169,189.0,9.125,1.125,2.625,1.625,36.5,47.625,0.625,0.125,0.125,2.5,35.0,52.0
2170,165.0,11.5,1.0,5.5,2.0,32.0,49.0,0.5,0.0,0.5,2.0,41.0,20.0
2171,170.0,11.125,0.625,4.625,1.125,35.5,50.625,0.125,0.125,0.625,1.5,37.0,27.0
2172,160.0,14.75,0.75,10.75,0.75,27.0,52.25,0.25,0.25,0.25,1.0,30.0,22.0
2173,144.0,13.625,1.625,12.625,4.625,22.5,54.125,0.125,0.125,0.125,0.5,10.0,24.0
2174,162.0,9.375,1.125,14.125,6.375,25.0,54.375,0.125,0.125,0.375,1.0,18.0,32.0
2175,160.0,9.625,1.125,14.125,6.625,25.5,54.625,0.125,0.125,0.625,1.5,20.0,26.0
2176,160.0,14.875,1.625,12.625,8.875,20.0,55.375,0.125,0.125,0.375,2.0,28.0,16.0
2177,155.0,12.625,1.625,3.625,8.625,32.5,56.125,0.125,0.125,0.125,2.5,21.0,16.0
2178,151.0,17.875,1.625,3.625,4.875,32.0,57.375,0.125,0.125,0.375,2.0,20.0,11.0
2179,151.0,12.125,1.625,3.625,14.125,29.5,58.625,0.125,0.125,0.625,1.5,22.0,7.0
2180,142.0,16.375,1.125,3.125,12.375,29.0,60.375,0.125,0.125,0.375,1.0,18.0,0.0
2181,140.0,35.125,1.125,6.125,4.125,16.5,62.125,0.125,0.125,0.125,0.5,14.0,0.0
2182,140.0,35.125,1.125,6.125,4.125,16.5,62.125,0.125,0.125,0.125,0.5,14.0,0.0
2183,128.0,47.0,1.0,3.0,1.0,12.0,64.0,0.0,0.0,0.0,0.0,0.0,0.0
