obf,side_to_move,n_empties,black_count,white_count,disc_diff_player_minus_opp,count_wthor,edax_score,edax_alpha,edax_beta,a1_minus_energy,b1_energy,b2_energy,e_energy,d4_a1_occupation_energy,archive_n_children,archive_mean_lb,archive_mean_ub,archive_median_lb,archive_median_ub,archive_min_lb,archive_max_ub,archive_exact_fraction
------------O------OOX-----XOX----XXOO----XO-O------------------ X;,1,50,6,8,-2,6397,0,-64,64,0.875,2.125,2.875,6.0,10.875,10618479,-27.150323412609282,32.1957929191177,2.0,64.0,-64.0,64.0,0.9941184608454752
------------------OOXX-----OXX----XXOO----XO-O------------------ X;,1,50,7,7,0,96,4,-64,0,0.0,0.5,10.0,3.0,12.5,1619018,5.092158950672569,63.96248281365618,4.0,64.0,-64.0,64.0,0.9996306403017138
--------------------XX----OXXO----XXO----OOOOO------------------ X;,1,50,6,8,-2,14,4,-64,0,1.875,0.125,1.875,10.0,10.875,1598677,5.295182829301979,63.94970278549075,4.0,64.0,-64.0,64.0,0.9998379910388402
-------------------OXX-----XXX---OOOOO----XO-O------------------ X;,1,50,6,8,-2,27,6,-64,0,0.875,0.125,2.875,10.0,10.875,3434520,5.332313394593713,63.973152289111724,4.0,64.0,-64.0,64.0,0.9999499202217486
-------------------OXX-----XXX----XXOO---OOO-O------------------ X;,1,50,7,7,0,20,6,-64,0,1.375,0.625,3.375,8.0,10.875,2307078,5.379843247605846,63.970795959217675,4.0,64.0,-64.0,64.0,0.9969901321065001
-------------------OXX---O-XXX----OXOO----XO-O------------------ X;,1,50,7,7,0,4,6,-64,0,1.875,0.125,3.875,8.0,10.875,2264316,5.294216884922423,63.97772130745002,4.0,64.0,-64.0,64.0,0.9999076983954537
--------------------XX----OXXO----OXO-----OOOO----O------------- X;,1,50,5,9,-4,0,8,-64,0,3.375,0.625,1.375,8.0,10.875,290265,8.77204623361411,63.79516648579746,4.0,64.0,-64.0,64.0,0.9926997743441338
-----------------OO-OX---XOXXX----XOO-----X-O------------------- X;,1,50,7,7,0,319,-4,0,64,0.6250000000000001,1.375,3.625,7.0,9.625,2481429,-63.459430030035115,-5.248586197711077,-64.0,-4.0,-64.0,64.0,0.9953434089792615
------------------OOXX----XOX-----XOOO----XO-------O------------ X;,1,50,6,8,-2,344,-4,0,64,1.375,0.625,3.875,8.0,10.875,3248475,-63.71231116139111,-4.164501804692971,-64.0,-4.0,-64.0,64.0,0.9971765212907595
-------------------OOX----XXOX----XXOO----XO-O------------------ X;,1,50,7,7,0,37,-6,0,64,0.37499999999999994,3.125,2.375,7.0,12.375,2427012,-63.58119036906287,-4.830547191361229,-64.0,-4.0,-64.0,64.0,0.9923510884989444
------------X-----O-XX----OOXX----XOO-----XOO------------------- X;,1,50,7,7,0,9,-6,0,64,1.375,0.625,5.375,6.0,10.875,991360,-63.58347724338283,-5.006397272433828,-64.0,-4.0,-64.0,64.0,0.9968679389928986
----------X--------X-X-----OXX---OOOOO----XO-O------------------ X;,1,50,6,8,-2,3,-6,0,64,1.6249999999999998,0.375,3.625,7.0,9.625,2359796,-63.779398303921184,-4.211330555692102,-64.0,-4.0,-64.0,64.0,0.9976904783294828
-----------X------O-XX----OOXX----XOO-----XOO------------------- X;,1,50,7,7,0,1,-8,0,64,1.375,0.625,5.375,6.0,10.875,744888,-63.57128991204047,-4.820033347295164,-64.0,-4.0,-64.0,64.0,0.9976842156136224
-------------X----O-XX----OXXX---OOOO-----X-O------------------- X;,1,50,7,7,0,1,-8,0,64,0.6250000000000001,0.375,3.625,9.0,9.625,1775658,-63.697532970876146,-4.4096160409268,-64.0,-4.0,-64.0,64.0,0.981885588328383
-----------------XO-OX----XOXX----XOO-----XOO------------------- X;,1,50,7,7,0,0,-10,0,64,1.375,4.625,3.375,4.0,10.875,1521314,-63.35837177597787,-5.224282429531313,-64.0,-4.0,-64.0,64.0,0.9956123456433057
-----------X-------XOX-----XOX----XXOO----XO-O------------------ X;,1,50,8,6,2,0,-14,0,64,0.37499999999999994,0.625,2.375,6.0,10.875,844312,-63.166141189512885,-6.737280768246809,-64.0,-4.0,-64.0,64.0,0.998680582533471
----------X-------X-OX----XOXX----OXO----OX-O------------------- X;,1,50,8,6,2,0,-6,0,64,2.3749999999999996,1.625,4.875,5.0,9.875,2377730,-63.601731903958814,-5.221767820568357,-64.0,-4.0,-64.0,64.0,0.9965214721604219
--------------------XX---OOXXO----OXX-----XOO------O------------ X;,1,50,7,7,0,1088,0,-64,0,7.5,0.5,1.0,4.0,10.0,11815881,-39.74650557161163,19.787450804557018,-64.0,-2.0,-64.0,64.0,0.9910186976324491
-------------------OXX----OOXO----XOX-----XOO------O------------ X;,1,50,6,8,-2,610,2,-64,0,2.25,0.25,2.25,9.0,11.25,5895495,4.6576830274641905,63.98152131415598,4.0,64.0,-64.0,64.0,0.9948553938218928
--------------------XX----OXXO----XXX----OOOO------O------------ X;,1,50,7,7,0,572,2,-64,0,4.750000000000001,0.25,0.75,8.0,9.75,2585371,4.3905764395129365,63.85016811900497,4.0,64.0,-64.0,64.0,0.997167911297837
--------------------XX----OXXO---OXXX-----OOO------O------------ X;,1,50,7,7,0,52,2,-64,0,5.000000000000001,0.0,1.0,8.0,10.0,2438270,5.172714670647632,63.97131777858892,4.0,64.0,-64.0,64.0,0.9998626075045012
-------------------OXX-----XXOO--OOOOO----XO-------------------- X;,1,50,5,9,-4,11,2,-64,0,3.5,1.0,1.5,7.0,10.0,2159888,5.034410117561651,63.97737938263465,4.0,64.0,-64.0,64.0,0.997141055462135
------------------XX------OXXO-----XXO-----OOO------OO---------- X;,1,50,6,8,-2,1,4,-64,0,6.25,0.75,0.25,6.0,9.75,800960,5.796243258090292,63.92774046144626,4.0,64.0,-64.0,64.0,0.9995667698761487
-------------------OXX-----XXOO---XXXO---OOO-------------------- X;,1,50,7,7,0,1,8,-64,0,4.750000000000001,0.25,0.75,8.0,9.75,993888,7.111594062912522,63.951109179303906,4.0,64.0,-64.0,64.0,0.9996981551241186
-------------------OXX---O-XXOO---OXXO----XO-------------------- X;,1,50,7,7,0,0,10,-64,0,7.5,1.0,1.0,4.0,10.0,719730,5.625537354285635,63.88656857432648,4.0,64.0,-64.0,64.0,0.9948508468453447
------------------XXXX-----OOO----OOOO----XO-------O------------ X;,1,50,5,9,-4,586,2,-64,0,6.875,2.125,0.875,4.0,10.875,5019108,5.858601169769608,63.98162661572535,4.0,64.0,-64.0,64.0,0.9999398299458788
-------------O----XXOX-----OX-----OOOO----XO-------O------------ X;,1,50,5,9,-4,0,10,-64,0,4.625,0.375,2.625,5.0,9.625,2585091,6.377118639150421,63.96473315639565,4.0,64.0,-64.0,64.0,0.9998394640652882
-----------O------XOXX-----OX-----OOOO----XO-------O------------ X;,1,50,5,9,-4,0,10,-64,0,4.875000000000001,0.625,1.375,7.0,9.875,3826582,8.565534725245664,63.950582791640166,4.0,64.0,-64.0,64.0,0.9999090572213009
------------------XXXX-----XO-----OOOO------OO------OO---------- X;,1,50,5,9,-4,1,12,-64,0,1.6249999999999998,1.375,1.625,9.0,9.625,902886,8.59318119895535,63.90304091546441,4.0,64.0,-64.0,64.0,0.9998759533318714
----------O-------XOXX-----OO-----OOOO----XO-------O------------ X;,1,50,4,10,-6,0,12,-64,0,7.625000000000001,0.375,0.625,5.0,9.625,1938738,7.250039974457611,63.95253200793506,4.0,64.0,-64.0,64.0,0.9999148930902474
------------------XXXX-----XO-----OOOO------OOO-----O----------- X;,1,50,5,9,-4,0,12,-64,0,1.6249999999999998,1.375,1.625,9.0,9.625,893587,7.004659870835185,63.93188240204927,4.0,64.0,-64.0,64.0,0.9998489234959774
------------O-----XXOX-----OO-----OOOO----XO-------O------------ X;,1,50,4,10,-6,2,14,-64,0,7.875,0.625,1.875,2.0,9.875,2281228,7.551399071026657,63.94435058661388,4.0,64.0,-64.0,64.0,0.9998855879377248
------------------XXXX-----XO-----OOOOO-----OO------O----------- X;,1,50,5,9,-4,0,14,-64,0,1.875,1.125,1.875,9.0,9.875,651838,8.297569334712,63.90406051810419,4.0,64.0,-64.0,64.0,0.9999447715536682
---------O--------OXXX-----OX-----OOOO----XO-------O------------ X;,1,50,5,9,-4,0,24,-64,0,1.7500000000000002,1.25,3.75,7.0,9.75,1828493,11.980275560256452,63.91966280428746,4.0,64.0,-64.0,64.0,0.9999600764126524
------------------X-OX----XOOOO---XOO-----O-O----O-------------- X;,1,50,4,10,-6,0,28,-64,0,4.750000000000001,1.25,0.75,7.0,9.75,1799698,7.737581527567403,63.93324991192967,4.0,64.0,-64.0,64.0,0.9989492681549904
------------------XXXX-----XO-----OOOO------OO------O-O--------- X;,1,50,5,9,-4,0,28,-64,0,1.7500000000000002,1.25,1.75,9.0,9.75,952080,8.144513066128896,63.93385219729434,4.0,64.0,-64.0,64.0,0.9999768926980926
------------X-----O-XX----OOXO----XXO-O---X-O------------------- X;,1,50,7,7,0,2,4,-64,0,0.37499999999999994,0.625,7.875,5.0,9.875,1761373,4.899514185808457,63.889831398573726,4.0,64.0,-64.0,64.0,0.994970400931546
-------------------OXX-----XX----XXXOO---OOO--------O----------- X;,1,50,7,7,0,0,4,-64,0,1.2500000000000002,0.75,2.75,9.0,8.75,1316033,5.8503472177369416,63.97698993870215,4.0,64.0,-64.0,64.0,0.9963192412348323
-------------------OXX---O-XX----XOXOO----XO--------O----------- X;,1,50,7,7,0,0,6,-64,0,3.2499999999999996,0.25,3.25,7.0,9.25,1751557,5.859527266312201,63.97618575929873,4.0,64.0,-64.0,64.0,0.9998218727680572
------------X-------XX----OXXO---OOOO-O---X-O------------------- X;,1,50,6,8,-2,0,8,-64,0,2.25,2.25,1.25,7.0,9.25,1214504,5.417999446687701,63.97066786111861,4.0,64.0,-64.0,64.0,0.9996187744132584
-------------------OXX-----XX---OOOOOO----XO--------O----------- X;,1,50,5,9,-4,0,10,-64,0,2.75,0.25,1.25,9.0,8.75,1731271,5.0410813789406745,63.98278836762125,4.0,64.0,-64.0,64.0,0.9999387733058545
------------X-------XX----OXXO----OXO-O---O-O-----O------------- X;,1,50,6,8,-2,0,12,-64,0,2.25,1.75,1.75,7.0,8.75,341781,7.395926046210878,63.945640629525926,4.0,64.0,-64.0,64.0,0.9998624850415909
------------------XXX-----OXXO-----OOO-----OOO-------O---------- X;,1,50,5,9,-4,9,6,-64,0,1.2500000000000002,1.25,0.25,11.0,11.25,2488217,5.754551552376662,63.97192728769235,4.0,64.0,-64.0,64.0,0.998334952297167
------------------OXXX----OOXO-----XO-----XOO-----O------------- X;,1,50,6,8,-2,1,8,-64,0,0.875,0.625,6.375,6.0,10.875,1585963,5.956031130612757,63.96827101262766,4.0,64.0,-64.0,64.0,0.9080413603596048
-------------------O-XO---XXXO----XXOO---OOO-------------------- X;,1,50,6,8,-2,0,10,-64,0,2.0000000000000004,1.0,1.5,9.0,10.0,1172619,5.81847556623251,63.95606160227661,4.0,64.0,-64.0,64.0,0.9998379695365673
--------------------OX----OOXO----OOOOO--OX-O------------------- X;,1,50,3,11,-8,0,14,-64,0,6.75,0.75,2.25,4.0,9.75,1520053,6.275336452084237,63.96266709121327,4.0,64.0,-64.0,64.0,0.9998171116401863
-------------------O-XO---OXXO---OOOOO----XO-------------------- X;,1,50,4,10,-6,0,14,-64,0,5.749999999999999,0.75,1.25,6.0,9.75,1573514,6.884599056633751,63.87691815897412,4.0,64.0,-64.0,64.0,0.9944506372361479
-------------------XXX----OXXO-----XO----OOOO-----O------------- X;,1,50,6,8,-2,0,16,-64,0,2.0000000000000004,0.5,1.5,10.0,10.0,542928,5.748975923142663,63.955773141189994,4.0,64.0,-64.0,64.0,0.9999521115138655
------------O-----XXOX-----XO-----OXOO----OO------O------------- X;,1,50,5,9,-4,3,14,-64,0,1.6249999999999998,0.375,1.625,9.0,9.625,999026,7.403047568331555,63.90768708722295,4.0,64.0,-64.0,64.0,0.9996426519429925
-------------O----XXOX-----OX-----OXOO----OO------O------------- X;,1,50,5,9,-4,3,16,-64,0,1.875,0.625,5.875,4.0,9.875,276211,10.028590461639833,63.79044643406671,4.0,64.0,-64.0,64.0,0.9996451987791942
----------O-------XOXX-----XO-----OXOO----OO------O------------- X;,1,50,5,9,-4,2,16,-64,0,1.875,0.625,0.375,11.0,9.875,340111,7.6160224162111785,63.89323779589605,4.0,64.0,-64.0,64.0,0.9997794837567735
------------O-----XXOX-----XO-----OOOO------OO-------O---------- X;,1,50,4,10,-6,1,16,-64,0,2.625,0.375,1.625,9.0,9.625,698122,11.761043198753226,63.7786275178264,4.0,64.0,-64.0,64.0,0.9996347343301027
--------------O---XXXO-----XO-----OOOO----OO------O------------- X;,1,50,4,10,-6,0,32,-64,0,1.7500000000000002,1.25,3.75,7.0,9.75,413634,12.727125913246978,63.79632235261125,4.0,64.0,-64.0,64.0,0.9999298897092599
---------O--------OXXX-----OX-----OXOO----OO------O------------- X;,1,50,5,9,-4,0,32,-64,0,0.7499999999999999,1.25,4.75,7.0,9.75,246244,14.820462630561558,63.798858043241665,6.0,64.0,-64.0,64.0,0.9999147187342636
-----------------XO-OX----OOXX----OXO-----O-O-----O------------- X;,1,50,5,9,-4,0,14,-64,0,1.375,0.625,4.875,7.0,9.875,546582,8.869035204232851,63.930841118075605,4.0,64.0,-64.0,64.0,0.9999121815207965
---------------O--XO--O---XXXO-----OOO-----O-O-------O---------- X;,1,50,4,10,-6,0,16,-64,0,1.7500000000000002,0.25,0.25,11.0,8.75,1122871,5.33639037787956,63.98074222239242,4.0,64.0,-64.0,64.0,0.9999617053071992
----------X--------XOOO----XX-----OXOO----OO------O------------- X;,1,50,5,9,-4,0,16,-64,0,3.2499999999999996,0.25,4.25,5.0,9.25,170056,8.983840617208449,63.83225525709178,4.0,64.0,-64.0,64.0,0.9971538787223032
-----------------X--OX----XXXO----OXO-O---O-O-----O------------- X;,1,50,6,8,-2,0,18,-64,0,2.25,0.75,2.75,7.0,8.75,292164,8.149467422406593,63.95906751002861,4.0,64.0,-64.0,64.0,0.9999281225613011
--------------O--X--OO----XXOX----OOO-----O-O-----O------------- X;,1,50,4,10,-6,0,22,-64,0,2.3749999999999996,1.625,2.875,7.0,8.875,1397176,5.611158508305325,63.98423677475135,4.0,64.0,-64.0,64.0,0.9999742337400586
----------X------OOOO-----XXXO----XXXX-----O-------------------- X;,1,50,8,6,2,2395,0,0,64,4.375,3.625,1.375,4.0,10.875,8209309,-42.12878757517837,14.689514915323567,-64.0,-4.0,-64.0,64.0,0.9961262269455322
------------X----OOOO-----XXXO----XXXX-----O-------------------- X;,1,50,8,6,2,242,-4,0,64,4.625,3.375,1.625,4.0,10.625,4663247,-63.46884349038342,-6.396575604937933,-64.0,-4.0,-64.0,64.0,0.9894543437223033
------------X-------XOO---OXXO----XXXO------OO------------------ X;,1,50,7,7,0,98,-6,0,64,5.749999999999999,0.75,2.25,5.0,9.75,6420551,-63.509583211783536,-5.6676954984081584,-64.0,-4.0,-64.0,64.0,0.99553698740186
------------------X-OOO---XXXO----XXXXO-----O------------------- X;,1,50,8,6,2,20,-8,0,64,4.25,2.25,1.75,5.0,9.75,1552861,-62.590880961013255,-8.604153237153874,-64.0,-4.0,-64.0,64.0,0.992825500801424
-----------X-------X-----OXXXX----OXXO---OOO-------------------- X;,1,50,8,6,2,2,-8,0,64,4.375,0.625,0.875,7.0,9.375,2233475,-62.86100269759008,-7.678496513280874,-64.0,-4.0,-64.0,64.0,0.9932437121525873
------------X------X-----OXXXX----OXXO---OOO-------------------- X;,1,50,8,6,2,2,-8,0,64,4.375,0.625,1.375,7.0,9.375,2385057,-63.07551266070371,-6.6421108594050375,-64.0,-4.0,-64.0,64.0,0.9228659943976182
----------X--------X-----OXXXX----OXXO---OOO-------------------- X;,1,50,8,6,2,2,-8,0,64,4.375,0.625,1.375,7.0,9.375,1981340,-62.723517922214256,-8.238008115719664,-64.0,-4.0,-64.0,64.0,0.9926680933105878
--------------------O-----XXXXO--XXXXO------OOO----------------- X;,1,50,8,6,2,4,-12,0,64,4.375,2.125,0.875,6.0,9.375,1688190,-62.62272374554997,-8.447583506595821,-64.0,-4.0,-64.0,64.0,0.9823787606845201
-----------------X--OOO---XXXO----XXXXO-----O------------------- X;,1,50,8,6,2,2,-12,0,64,4.375,2.125,1.375,5.0,9.375,1656374,-62.501817222438895,-9.127766434392232,-64.0,-4.0,-64.0,64.0,0.9823729423427318
---------------X----OOX---OXXO----XXXO------OO------------------ X;,1,50,7,7,0,0,-16,0,64,7.249999999999999,0.25,0.75,5.0,9.75,7024957,-63.59325473451297,-6.467624499338572,-64.0,-4.0,-64.0,64.0,0.9988631958886012
---------X-------OXO------OXXO---OXXXX-----O-------------------- X;,1,50,8,6,2,0,-24,0,64,5.25,0.75,0.75,7.0,9.25,2808430,-62.1172747762985,-11.078406796679996,-64.0,-4.0,-64.0,64.0,0.994337761667551
-------------------OX----X-XXX----XXXO----OOO-----O------------- X;,1,50,8,6,2,376,-4,0,64,4.625,1.375,3.625,4.0,10.625,3014453,-63.3845288017428,-6.536128776929015,-64.0,-4.0,-64.0,64.0,0.9962052816879214
-------------O------XOX---OXXO----XXXO-----XO------------------- X;,1,50,8,6,2,103,-6,0,64,4.375,1.625,3.375,4.0,10.875,5021031,-63.380135474168554,-6.351999220877147,-64.0,-4.0,-64.0,64.0,0.9942679103156304
-------------------OX------XXX---XXXXO----OOO-----O------------- X;,1,50,8,6,2,19,-6,0,64,4.625,1.375,3.625,4.0,10.625,3443781,-63.34181296662012,-6.621826997709785,-64.0,-4.0,-64.0,64.0,0.9961013781073768
-------------------XXX----XXX-O---OXXO------OOO----------------- X;,1,50,8,6,2,20,-8,0,64,4.25,0.75,1.25,7.0,9.75,1465065,-63.029071747669896,-6.319907307866886,-64.0,-4.0,-64.0,64.0,0.9946944333527864
-------------------XXX----XXX-----OXXO-----OOO-------O---------- X;,1,50,8,6,2,7,-8,0,64,4.25,0.25,1.25,8.0,11.25,1784743,-63.217833604053915,-6.7335958174370205,-64.0,-4.0,-64.0,64.0,0.9959377904829995
------------X------XX-----XXX-----OXXO------OO-----O-O---------- X;,1,50,8,6,2,5,-8,0,64,4.375,0.625,0.375,8.0,9.375,1235388,-63.15143744313527,-6.871986776624024,-64.0,-4.0,-64.0,64.0,0.9901528912374088
------------X------XX-----XXX-O---OXXO------OOO----------------- X;,1,50,8,6,2,0,-8,0,64,4.375,1.125,0.375,7.0,9.375,1482008,-63.33619116765902,-6.477677583386864,-64.0,-4.0,-64.0,64.0,0.9967017721901636
-------------X-----XX-----XXX-O---OXXO------OOO----------------- X;,1,50,8,6,2,2,-8,0,64,4.375,1.125,0.875,7.0,9.375,1302165,-63.218987609097155,-6.920326533119843,-64.0,-4.0,-64.0,64.0,0.994067572081879
-------------X-----XX-----XXX-----OXXO------OO-----O-O---------- X;,1,50,8,6,2,0,-10,0,64,4.375,0.625,0.875,7.0,9.375,1325599,-63.25132713588348,-7.062552099088789,-64.0,-4.0,-64.0,64.0,0.9973792979626569
------X------X-----OOO----OXXO----XXX------XO------------------- X;,1,50,8,6,2,0,-16,0,64,5.625,0.375,1.625,6.0,10.625,4033627,-63.32393253020172,-7.156450013846099,-64.0,-4.0,-64.0,64.0,0.9979956004856175
------------OOX-----OX----OXOO----XXO------XO------------------- X;,1,50,6,8,-2,1,-20,0,64,1.2500000000000002,0.25,1.25,11.0,9.25,2756473,-62.66486121939159,-10.160346210537886,-64.0,-4.0,-64.0,64.0,0.9970179283453892
------------------XXXO----XXXO-----XXO-----OOO------------------ X;,1,50,8,6,2,194,-4,0,64,4.375,0.125,0.375,9.0,12.375,3968030,-63.54557626832458,-5.19735107849487,-64.0,-4.0,-64.0,64.0,0.9865830147453523
------------------OXXX---XOXXX----OOO-----O-O------------------- X;,1,50,7,7,0,141,-6,0,64,0.37499999999999994,0.625,0.875,12.0,10.875,2420509,-63.35449692605977,-5.326724255105021,-64.0,-4.0,-64.0,64.0,0.9814142397322216
-----------O------OOXX----OOXX----XXO-----X-O------------------- X;,1,50,7,7,0,0,-8,0,64,0.37499999999999994,0.625,10.875,2.0,10.875,1720281,-63.52384755746299,-4.7021701687108095,-64.0,-4.0,-64.0,64.0,0.9970888476940686
------------------OXXX---OOOXX---XXOO-------O------------------- X;,1,50,7,7,0,5,-8,0,64,1.4999999999999998,0.0,4.5,7.0,10.0,1289774,-62.9374456300096,-6.362158796812465,-64.0,-4.0,-64.0,64.0,0.9918667921666897
----------O------XOXXX----OOXX----XOO-------O------------------- X;,1,50,7,7,0,5,-10,0,64,1.4999999999999998,0.5,4.0,7.0,10.0,1713786,-63.29899765781725,-6.231876091880784,-64.0,-4.0,-64.0,64.0,0.9961337063087223
------------O-----XXOO----XXOO----XXXX-----O-------------------- X;,1,50,8,6,2,0,-12,0,64,1.2500000000000002,1.25,5.25,6.0,11.25,1637474,-63.51966565576003,-5.406663556184709,-64.0,-4.0,-64.0,64.0,0.9976634743513485
-------------X----XXXX----XXOX-----OOOO----O-------------------- X;,1,50,8,6,2,0,-14,0,64,2.75,0.25,1.25,9.0,9.75,1088316,-63.37210240408117,-5.543291654262181,-64.0,-4.0,-64.0,64.0,0.9955812466232234
--------------------XX---XXXXX-----OOOO----XOO------------------ X;,1,50,8,6,2,1,-16,0,64,0.5000000000000001,0.0,3.0,10.0,10.0,500162,-61.83209840011836,-8.424466472862793,-64.0,-4.0,-64.0,64.0,0.9907869850168546
------------------X-XX---XXXXO-----OOO----OOO------------------- X;,1,50,7,7,0,4,-8,0,64,0.875,0.125,0.375,12.0,10.875,1368571,-63.611119919974925,-5.022656478911214,-64.0,-4.0,-64.0,64.0,0.9971715022457731
-----------X------XXO-----XOOO----OOOX----XO-------------------- X;,1,50,6,8,-2,4,-10,0,64,5.25,0.25,6.25,2.0,11.25,1584670,-63.66823881312828,-4.654998201518297,-64.0,-4.0,-64.0,64.0,0.9959732941243288
------------X-----XXO-----XOOO----OOOX----XO-------------------- X;,1,50,6,8,-2,1,-10,0,64,5.25,0.25,6.25,2.0,11.25,1337871,-63.54669545868025,-4.97058759775793,-64.0,-4.0,-64.0,64.0,0.9967687467625802
------------------X-XX----XXXO----XOOO----OOO------------------- X;,1,50,7,7,0,0,-10,0,64,0.37499999999999994,0.125,0.375,13.0,12.375,1545540,-63.460409953802554,-5.405776621763267,-64.0,-4.0,-64.0,64.0,0.9964866648550021
-------------X----XOX-----XXOO----OOOX----XO-------------------- X;,1,50,7,7,0,0,-10,0,64,2.25,0.25,2.25,6.0,11.25,3379541,-63.68863759901123,-4.438908715710211,-64.0,-4.0,-64.0,64.0,0.9970528542189605
----------X-------XXO-----XOXO----OOOX----XO-------------------- X;,1,50,7,7,0,0,-10,0,64,2.25,0.25,7.25,4.0,11.25,1249932,-63.548387432276314,-5.131659162258427,-64.0,-4.0,-64.0,64.0,0.9967270219499941
------------------XOOX-----XOX----XXOO----XOO------------------- X;,1,50,7,7,0,5,-12,0,64,3.375,3.125,1.375,5.0,12.375,1355144,-63.72285675913408,-4.410005873914507,-64.0,-4.0,-64.0,64.0,0.9975102276953594
------------------XOO-----XOXXX---OOOX----XO-------------------- X;,1,50,7,7,0,2,-12,0,64,2.25,3.25,2.25,6.0,11.25,1279059,-63.34566192802678,-5.505986041300675,-64.0,-4.0,-64.0,64.0,0.9916125839386611
------------O-----XXOX----XXOX-----XOX----XO-------------------- X;,1,50,9,5,4,1,-12,0,64,2.875,2.125,2.375,6.0,10.875,769665,-63.32282096756381,-5.2740439022171985,-64.0,-4.0,-64.0,64.0,0.9961658643695633
-----------X------XXO-----XXOO----XXOX-----OO------------------- X;,1,50,8,6,2,1,-8,0,64,0.37499999999999994,2.125,2.375,9.0,12.375,1352244,-63.50551675585175,-5.116255646170366,-64.0,-4.0,-64.0,64.0,0.9952693448815451
------------------XX-----XXXXO----OOOO-----OOO------------------ X;,1,50,6,8,-2,0,-10,0,64,1.2500000000000002,0.25,1.25,11.0,11.25,2238163,-63.62593162338936,-5.012304287042543,-64.0,-4.0,-64.0,64.0,0.994986960288415
------------X------OXX----OOXX----XOO-----XOO------------------- X;,1,50,7,7,0,1,-12,0,64,2.25,1.25,5.25,5.0,11.25,1045515,-63.41532450514818,-5.437837811987394,-64.0,-4.0,-64.0,64.0,0.9949613348445503
-----------OX-----XOXX----XOXX----XOO-------O------------------- X;,1,50,8,6,2,1,-12,0,64,2.5000000000000004,2.0,3.5,5.0,10.0,993777,-63.22181334444247,-5.33387470227224,-64.0,-4.0,-64.0,64.0,0.9952786188450728
-----------X-X----XXX-----XXOO-----OOO-----O-O------------------ X;,1,50,7,7,0,0,-14,0,64,1.2500000000000002,0.75,1.75,10.0,9.75,718301,-63.32369160003954,-6.036571019670027,-64.0,-4.0,-64.0,64.0,0.9961840509758444
------------X------XXX----XOXX---XOOO----O--O------------------- X;,1,50,8,6,2,0,-14,0,64,2.3749999999999996,0.125,1.875,9.0,9.375,479104,-63.04537845645204,-7.559083205316591,-64.0,-4.0,-64.0,64.0,0.996877504675394
------------------XX-----XXXXXX---OOO------OOO------------------ X;,1,50,8,6,2,0,-18,0,64,0.5000000000000001,1.0,0.5,12.0,10.0,581213,-63.06538050594188,-6.529184653474716,-64.0,-4.0,-64.0,64.0,0.9970458334552049
------------X-----OOXX---XXOXX----XOO-------O------------------- X;,1,50,8,6,2,0,-18,0,64,2.0000000000000004,2.0,4.0,5.0,10.0,616237,-63.014194214239005,-6.865439757755539,-64.0,-4.0,-64.0,64.0,0.9966198069898432
------------------XOOX----XOXX----OOOX----XO-------------------- X;,1,50,7,7,0,4,-10,0,64,3.375,3.125,2.375,5.0,12.375,1004672,-63.33081642565932,-5.41238931711046,-64.0,-4.0,-64.0,64.0,0.9901510144604408
----------XO------XOOX----XOXX----XOO-------O------------------- X;,1,50,7,7,0,3,-10,0,64,2.25,4.75,1.75,5.0,9.75,1989842,-63.5524775333921,-5.075219540043883,-64.0,-4.0,-64.0,64.0,0.9956770437049776
------------------XOOX----XXOX----XXOX-----OO------------------- X;,1,50,8,6,2,2,-10,0,64,1.0,8.0,0.0,5.0,13.0,2317146,-63.574775607579326,-4.948203954347288,-64.0,-4.0,-64.0,64.0,0.9936620307913269
-------------X----XOXX----XXOX----XOOO------O------------------- X;,1,50,8,6,2,1,-10,0,64,2.25,1.25,4.25,6.0,11.25,1384594,-63.30859298826949,-5.804572315061311,-64.0,-4.0,-64.0,64.0,0.9931748945900387
-----------X------XOXX----XOOX----XOOO------O------------------- X;,1,50,7,7,0,4,-12,0,64,5.25,1.25,3.25,4.0,11.25,694351,-63.16745277244506,-5.981559758681128,-64.0,-4.0,-64.0,64.0,0.9941600141715069
------------------XOOX----XOXX----XOX-----OOO------------------- X;,1,50,7,7,0,2,-12,0,64,0.37499999999999994,6.125,0.375,7.0,12.375,2151701,-63.693152068991,-4.440457572869093,-64.0,-4.0,-64.0,64.0,0.8864716798477111
------------------XOOX----XOOX----XXOO----X-O------------------- X;,1,50,7,7,0,2,-14,0,64,3.375,3.125,2.375,5.0,12.375,796224,-63.40762524113817,-5.173419791415481,-64.0,-4.0,-64.0,64.0,0.9937341753074511
-----------O------XOX-----OOO-----OXXXX---XX-------------------- X;,1,50,8,6,2,0,-16,0,64,1.0,1.0,0.5,9.0,10.0,686140,-62.364304660856384,-8.475678432972863,-64.0,-4.0,-64.0,64.0,0.9957690850263795
------------------XXO-X---OOOX----OOX-----XXX------------------- X;,1,50,8,6,2,0,-20,0,64,2.25,1.25,1.25,8.0,11.25,334677,-62.80280987340032,-6.836878542594801,-64.0,-4.0,-64.0,64.0,0.9901965178366007
-------------X-----OXX----OOOX----XOOO-----XO------------------- X;,1,50,6,8,-2,1,-10,0,64,4.375,0.125,8.375,1.0,12.375,1326335,-63.596097516841525,-4.717046598333001,-64.0,-4.0,-64.0,64.0,0.9971213909004889
----------X-------XXO-----XXOO----XXOX-----OO------------------- X;,1,50,8,6,2,0,-10,0,64,0.37499999999999994,2.125,2.375,9.0,12.375,1589338,-63.637440242415394,-4.820763110175432,-64.0,-4.0,-64.0,64.0,0.9965476191974268
-------------X----XXXX---OOOXX----XOO-------O------------------- X;,1,50,8,6,2,0,-12,0,64,2.75,0.25,3.25,7.0,9.75,1909543,-63.60712955927151,-4.884066501775556,-64.0,-4.0,-64.0,64.0,0.9974590779050275
-------------X-----OXX----OOOX----XXOO----X-O------------------- X;,1,50,7,7,0,0,-14,0,64,2.25,0.25,8.25,3.0,11.25,1121270,-63.51568667671479,-4.988539780784289,-64.0,-4.0,-64.0,64.0,0.9971041765141313
--------------------XXX--XXXXX-----OOO----OOO------------------- X;,1,50,8,6,2,0,-14,0,64,0.25,0.75,0.75,12.0,9.75,821441,-63.297516194102805,-6.056837922626214,-64.0,-4.0,-64.0,64.0,0.991899600823431
-------------X----OOXX---XXOXX----XOO-------O------------------- X;,1,50,8,6,2,0,-14,0,64,1.7500000000000002,2.25,4.25,5.0,9.75,1123302,-63.255008003190596,-5.789419942277322,-64.0,-4.0,-64.0,64.0,0.9923769387039283
----------X--X----XXX-----XXOO-----OOO-----O-O------------------ X;,1,50,7,7,0,0,-14,0,64,1.4999999999999998,1.0,1.5,10.0,10.0,759373,-63.41174495274391,-5.628033917455585,-64.0,-4.0,-64.0,64.0,0.994885254018776
------------------XOO-----XXOXX---XXOX-----OO------------------- X;,1,50,8,6,2,0,-10,0,64,0.37499999999999994,8.125,0.375,5.0,12.375,1658344,-63.53318491217745,-5.137981022031617,-64.0,-4.0,-64.0,64.0,0.9965809265146435
------------------XXXX---XXOXX----OOO----O--O------------------- X;,1,50,8,6,2,1,-12,0,64,2.75,0.25,1.25,9.0,9.75,707409,-63.142695385554894,-7.2353150723273245,-64.0,-4.0,-64.0,64.0,0.9966087510902463
----------X--------XOX---XXOXX---OOOO-------O------------------- X;,1,50,7,7,0,0,-14,0,64,1.375,0.625,2.375,9.0,9.375,1194291,-63.18815012421596,-5.767834639966306,-64.0,-4.0,-64.0,64.0,0.9907509978723779
-------------------OOX---XXOXX----XOX-----OOO------------------- X;,1,50,7,7,0,0,-14,0,64,0.25,6.25,0.25,7.0,11.25,1925864,-63.573933050308845,-5.24624324459048,-64.0,-4.0,-64.0,64.0,0.9970859832262299
-----------X------OX-------OOX----XXOXX---XOO------------------- X;,1,50,8,6,2,0,-14,0,64,2.0000000000000004,2.0,2.5,7.0,10.0,1313489,-63.54471487770358,-5.166534321947119,-64.0,-4.0,-64.0,64.0,0.997313262615827
-----------X-------OXX---XXOOX----XOOO------O------------------- X;,1,50,7,7,0,0,-14,0,64,4.875000000000001,1.125,3.875,4.0,10.875,1109956,-63.54998396332827,-5.275625340103572,-64.0,-4.0,-64.0,64.0,0.9978755914648869
-------------------OOX---XXOOX----XXOO----X-O------------------- X;,1,50,7,7,0,0,-16,0,64,2.25,3.25,3.25,5.0,11.25,862885,-63.50311802847425,-5.015586086210793,-64.0,-4.0,-64.0,64.0,0.997752887117055
------------X------XXX---XXOXX----OOO----O--O------------------- X;,1,50,8,6,2,0,-18,0,64,2.3749999999999996,0.125,1.375,9.0,9.375,435543,-63.28505107417637,-6.923176356869471,-64.0,-4.0,-64.0,64.0,0.9949281701232714
----------X--------X------OOXX----XOOXX---XOO------------------- X;,1,50,8,6,2,0,-20,0,64,1.6249999999999998,1.375,1.625,8.0,10.625,359437,-62.82377718487523,-6.7902080197642425,-64.0,-4.0,-64.0,64.0,0.9961523159830513
-----------X-------OXX----OOXX----XXOX------OO------------------ X;,1,50,8,6,2,0,-10,0,64,0.25,1.25,8.25,4.0,11.25,1648223,-63.64917247241423,-4.490324428187205,-64.0,-4.0,-64.0,64.0,0.9972103289421395
------------X-----XXXX----XXOX-----OOO-----O--O----------------- X;,1,50,8,6,2,0,-10,0,64,2.75,0.25,1.25,9.0,9.75,792986,-63.379258902427026,-5.664297982562113,-64.0,-4.0,-64.0,64.0,0.9937199395701816
------------XX----XXX-----XXOO-----OOO-----O-O------------------ X;,1,50,7,7,0,0,-12,0,64,1.2500000000000002,0.75,1.75,10.0,9.75,957646,-63.3616837537044,-5.913067041474616,-64.0,-4.0,-64.0,64.0,0.9960256712814547
-----------X-------OXX----OOOX----XXOO----X-O------------------- X;,1,50,7,7,0,0,-14,0,64,2.25,0.25,8.25,3.0,11.25,882086,-63.56417628213122,-4.863809197742624,-64.0,-4.0,-64.0,64.0,0.9976136113712268
-----------X-------OXX---XXXOX----XOOO------O------------------- X;,1,50,8,6,2,0,-14,0,64,1.875,1.125,4.875,6.0,10.875,1154124,-63.44856445234654,-5.553255109502965,-64.0,-4.0,-64.0,64.0,0.9966641366092378
-------------------OXX---XXOOX-----OOOX----XO------------------- X;,1,50,7,7,0,0,-16,0,64,4.875000000000001,0.625,3.875,3.0,10.875,752518,-63.19962977629771,-5.9056620572531155,-64.0,-4.0,-64.0,64.0,0.9963921128796919
------------X-----XXX-----XXXO-----XXO-----OOO------------------ X;,1,50,9,5,4,0,-16,0,64,4.25,0.25,0.25,9.0,11.25,1334899,-63.29370311911238,-6.121593468869181,-64.0,-4.0,-64.0,64.0,0.9906240097565434
-----------------X-OX----OOOO-----OXXXX---XX-------------------- X;,1,50,8,6,2,4,-16,0,64,0.37499999999999994,0.625,0.875,10.0,9.375,859058,-63.03083843000123,-6.501600590414151,-64.0,-4.0,-64.0,64.0,0.9959211135918645
-------------------OXXX--XXOOX-----OXO-----XO------------------- X;,1,50,8,6,2,1,-16,0,64,1.6249999999999998,0.375,4.625,6.0,10.625,889847,-63.2251791600129,-6.114505077839224,-64.0,-4.0,-64.0,64.0,0.997010722067951
------------------XXX----OOOO-----XXXXX---XX-------------------- X;,1,50,10,4,6,1,-16,0,64,2.9999999999999996,0.5,0.5,10.0,10.0,393739,-62.29589144077676,-7.516253152469021,-64.0,-4.0,-64.0,64.0,0.9942347595742357
-----------X-------XOX-----XOX----XXOO----XOO------------------- X;,1,50,8,6,2,1,-18,0,64,1.2500000000000002,1.25,1.25,7.0,11.25,831971,-63.21495941565271,-5.959141604695356,-64.0,-4.0,-64.0,64.0,0.99663089218254
-----------X-------X------OOOX----XOXXX---XOO------------------- X;,1,50,8,6,2,0,-18,0,64,1.875,1.125,1.875,8.0,10.875,907484,-63.23560525585024,-6.107618426330381,-64.0,-4.0,-64.0,64.0,0.9973994031850699
----------X--------XX-----OOX-----OOXXX---XXO------------------- X;,1,50,9,5,4,0,-24,0,64,0.6250000000000001,1.375,0.625,10.0,10.625,415107,-62.3973915159224,-8.268118822375918,-64.0,-4.0,-64.0,64.0,0.9962443418203017
-------------------O-----OXXXX---OXXXO---OOO-------------------- X;,1,50,7,7,0,221,2,-64,0,4.875000000000001,2.625,0.875,5.0,9.375,1429038,6.069647553109155,63.9248298505708,4.0,64.0,-64.0,64.0,0.9893368825741513
-----------XO-----XXX-----OXXO-----XX------OOO------------------ X;,1,50,8,6,2,15,4,-64,0,4.499999999999999,0.5,0.5,8.0,10.0,374567,8.049721411656659,63.82904527093951,4.0,64.0,-64.0,64.0,0.9950582939767785
--------------------OX-O--OXXXO---XXXOO-----O------------------- X;,1,50,7,7,0,9,6,-64,0,5.375,1.125,2.375,3.0,9.375,392911,6.7462402427012735,63.93470276983846,4.0,64.0,-64.0,64.0,0.9996589558449623
------------------XO----OOOOOO---OXXXX-----O-------------------- X;,1,50,5,9,-4,6,6,-64,0,1.375,1.125,0.375,11.0,9.375,730412,8.22243610455469,63.82683471794001,4.0,64.0,-64.0,64.0,0.967663455693499
-----------OX------XXX----OXXO-----XO------OO-----O------------- X;,1,50,7,7,0,2,8,-64,0,1.875,0.625,1.875,9.0,9.375,433027,5.227971927847455,63.967805702646714,4.0,64.0,-64.0,64.0,0.9998475845617016
------------------XO-----XXXXO---OOOOOO----O-------------------- X;,1,50,5,9,-4,1,12,-64,0,2.3749999999999996,0.125,0.875,10.0,9.875,395914,8.525614148527206,63.824699303384065,4.0,64.0,-64.0,64.0,0.9998484519365317
--------------------OX----XOX-O---OOOOO-----OOO----------------- X;,1,50,3,11,-8,0,6,-64,0,2.75,0.75,2.25,8.0,8.75,2040147,6.236374143627885,63.94048860204681,4.0,64.0,-64.0,64.0,0.9998397174321262
-------------------X-------XX-----OXXO----O-OO----OOOO---------- X;,1,50,5,9,-4,1,8,-64,0,6.499999999999999,1.5,0.0,6.0,8.0,455500,6.777172338090011,63.91288254665203,4.0,64.0,-64.0,64.0,0.9972360043907794
-------------------X-------XX----OOXXO----O-OO-----OOO---------- X;,1,50,5,9,-4,0,8,-64,0,6.75,0.75,0.25,6.0,8.25,263554,5.822544905408379,63.915907176517905,4.0,64.0,-64.0,64.0,0.9976778952320966
------------------O-OX----XOX-O----XOOO-----OOO----------------- X;,1,50,4,10,-6,0,10,-64,0,1.375,1.125,6.375,5.0,8.875,368072,7.231036318981069,63.8879621378426,4.0,64.0,-64.0,64.0,0.9999293616466344
-------------------OOX----XXO-O----XXOO-----OOO----------------- X;,1,50,5,9,-4,0,12,-64,0,2.75,1.75,2.25,7.0,8.75,676148,7.437254861361714,63.920098854097034,4.0,64.0,-64.0,64.0,0.9997382229925993
------------------XO--O--O-XXO---OOXO----OOO-------------------- X;,1,50,4,10,-6,0,14,-64,0,4.0,1.0,3.0,5.0,8.0,151055,7.91642117109662,63.8368872265069,4.0,64.0,-64.0,64.0,0.9997153354738341
------------------OXX------XX-----OXOO----OO------OOO----------- X;,1,50,5,9,-4,13,10,-64,0,2.75,1.75,1.25,8.0,8.75,592677,5.563559915434546,63.97894299930654,4.0,64.0,-64.0,64.0,0.9998329612925759
------------------O-OX----XOXXX---OXO-O--O--O------------------- X;,1,50,6,8,-2,8,10,-64,0,0.25,1.25,5.75,6.0,8.75,820211,5.319251997351901,63.978762781772005,4.0,64.0,-64.0,64.0,0.9962046351487605
------------------XO-O---XXXXX---O-OOOO----O-------------------- X;,1,50,6,8,-2,12,12,-64,0,0.25,1.25,1.25,11.0,9.25,428595,11.17438374222751,63.87166672499679,4.0,64.0,-64.0,64.0,0.9998016775744001
-----------------OO-OX----OXXXX---XOO-O-----O------------------- X;,1,50,6,8,-2,16,14,-64,0,0.25,1.25,2.75,8.0,8.75,465127,5.6276156834584965,63.91594983735625,4.0,64.0,-64.0,64.0,0.9999226017840289
------------------O-OX----OXXXX---OXO-O---O-O------------------- X;,1,50,6,8,-2,2,18,-64,0,2.3749999999999996,0.125,1.875,9.0,9.875,306254,8.764874907756306,63.942498710220924,4.0,64.0,-64.0,64.0,0.999941225257466
------------------XXXO---XXXO----O-OOOO----O-------------------- X;,1,50,6,8,-2,0,14,-64,0,1.2500000000000002,0.25,2.25,10.0,9.25,428541,11.174774408983037,63.87165055385599,4.0,64.0,-64.0,64.0,0.9998039860830119
-----------O------XOX----XXOX----O-OOOO----O-------------------- X;,1,50,5,9,-4,0,18,-64,0,1.875,0.125,1.375,10.0,9.375,332644,10.162477002441047,63.81083981674102,4.0,64.0,-64.0,64.0,0.9999308570123014
-----------------OXXX----OOXX----O-OOOO----O-------------------- X;,1,50,5,9,-4,0,20,-64,0,1.6249999999999998,2.375,0.625,8.0,8.625,37682,25.608672575765617,62.902552943049734,12.0,64.0,-64.0,64.0,0.9990711745661058
----------O-------XOX----XXXO----O-OOOO----O-------------------- X;,1,50,5,9,-4,0,20,-64,0,1.6249999999999998,0.375,1.625,10.0,8.625,169465,19.492201929601983,63.55381937273183,6.0,64.0,-64.0,64.0,0.9998229722951641
-----------XO-----XO------OXOO---OOOO-------O-------O----------- X;,1,50,3,11,-8,0,26,-64,0,4.875000000000001,0.125,1.875,6.0,9.375,61570,17.296085756050026,63.28880948513886,6.0,64.0,-64.0,64.0,0.9996914081533215
---------O--------OXX----XXOX----O-OOOO----O-------------------- X;,1,50,5,9,-4,0,34,-64,0,1.7500000000000002,0.25,1.75,10.0,8.75,91132,28.673528508098144,63.11012597111882,16.0,64.0,-64.0,64.0,0.9999561076241057
------------------XO--O--XXXXO---O-OOO-----O--O----------------- X;,1,50,5,9,-4,0,16,-64,0,1.875,0.625,0.875,10.0,8.375,180622,6.291780624730099,63.88705694765865,4.0,64.0,-64.0,64.0,0.9996345960071309
-----------OX-------XX----OOXO-----XO------OOO----O------------- X;,1,50,5,9,-4,0,16,-64,0,1.2500000000000002,0.25,5.75,6.0,8.75,246375,6.170703196347032,63.91414307458143,4.0,64.0,-64.0,64.0,0.9998051750380518
-------------O-----XO------XX-----OXOO----OO------OOO----------- X;,1,50,4,10,-6,0,22,-64,0,3.375,1.125,2.875,5.0,8.375,106213,8.409083633830134,63.743063466807264,4.0,64.0,-64.0,64.0,0.9998776044363684
-------------------XXX----XOOO----OOOO------OOO----------------- X;,1,50,4,10,-6,74,2,-64,0,4.25,1.25,1.25,6.0,11.25,2788763,5.609975462238992,63.946849553009706,4.0,64.0,-64.0,64.0,0.9975397694246517
------------------XXX------XOOO---OOOO---OOO-------------------- X;,1,50,4,10,-6,25,4,-64,0,1.7500000000000002,2.25,2.75,7.0,9.75,3795590,4.604163779544155,63.9906949907656,4.0,64.0,-64.0,64.0,0.9999681208982003
------------------XXX-O----XOO----OOOO---OOO-------------------- X;,1,50,4,10,-6,1,6,-64,0,2.0000000000000004,2.5,3.0,6.0,10.0,1676071,5.831305475722687,63.96606110361673,4.0,64.0,-64.0,64.0,0.9985913484571954
------------------XXXO-----XOO----OOOO---OOO-------------------- X;,1,50,4,10,-6,1,8,-64,0,1.875,2.125,3.875,6.0,10.875,1660202,7.208744478081583,63.95269973171939,4.0,64.0,-64.0,64.0,0.9998927841310876
-------------O-----XOX----XOX-----OOOO------OOO----------------- X;,1,50,4,10,-6,0,10,-64,0,2.0000000000000004,0.0,2.5,9.0,10.0,1452242,6.44510901075716,63.92592006015526,4.0,64.0,-64.0,64.0,0.9990263330767186
-----------O-------OXX----XOX-----OOOO------OOO----------------- X;,1,50,4,10,-6,0,12,-64,0,1.7500000000000002,0.25,2.75,7.0,9.75,1047822,8.304141352252577,63.898956120409764,4.0,64.0,-64.0,64.0,0.9997690447423322
------------O------XOX----XOO-----OOOO------OOO----------------- X;,1,50,3,11,-8,0,14,-64,0,4.750000000000001,0.25,1.75,7.0,9.75,742174,9.689306011797772,63.79908619811527,4.0,64.0,-64.0,64.0,0.9997709432019984
----------O--------OXX----XOO-----OOOO------OOO----------------- X;,1,50,3,11,-8,0,18,-64,0,5.000000000000001,0.0,2.0,5.0,10.0,631967,7.8014089343272675,63.90000269001388,4.0,64.0,-64.0,64.0,0.9998702463894475
--------------O----XXO----XOO-----OOOO------OOO----------------- X;,1,50,3,11,-8,0,30,-64,0,5.375,0.625,0.375,7.0,9.875,493758,12.558320067725486,63.73878904240539,4.0,64.0,-64.0,64.0,0.9998643059960548
---O--------O-------XOO---XXX------XXO------OOO----------------- X;,1,50,6,8,-2,67,4,-64,0,5.749999999999999,0.75,0.75,6.0,7.75,1976937,4.938048101684576,63.96078175480554,4.0,64.0,-64.0,64.0,0.9998350984376335
------------X-------XOO---XXX-----OOOO------OOO----------------- X;,1,50,5,9,-4,4,8,-64,0,1.7500000000000002,0.75,0.25,10.0,8.75,1579199,5.382875749034795,63.9621580307485,4.0,64.0,-64.0,64.0,0.9998473909874563
-------------------X-------XX---OOOOOO----O-OO----O--O---------- X;,1,50,3,11,-8,2,10,-64,0,2.25,1.25,0.25,10.0,7.75,483643,5.942252860064138,63.917197188835566,4.0,64.0,-64.0,64.0,0.9998862797559357
-------------------X------OXX----XOOXO----O-OO----O--O---------- X;,1,50,5,9,-4,3,12,-64,0,3.7500000000000004,1.75,1.25,7.0,8.75,467220,9.282556397414494,63.8532725482642,4.0,64.0,-64.0,64.0,0.9998544582851762
-----------X-----OOX-------OXX----OXO----OOO-O------------------ X;,1,50,5,9,-4,0,12,-64,0,2.875,0.625,4.875,5.0,8.875,381994,6.346042084430645,63.93044916935868,4.0,64.0,-64.0,64.0,0.9997591585208144
------------X-----O-XOO---XOX------XOO------OOO----------------- X;,1,50,5,9,-4,0,12,-64,0,2.875,0.625,4.875,5.0,8.875,391780,6.25042625963551,63.89239879524223,4.0,64.0,-64.0,64.0,0.9976415335137067
-----------X-----OOX--O----XXO----OXO----OOO-------------------- X;,1,50,5,9,-4,0,16,-64,0,3.7500000000000004,1.75,3.25,5.0,8.25,237969,5.978850186368812,63.935205846139624,4.0,64.0,-64.0,64.0,0.9998066975110204
------------O-----XXOX----XXO------XXO------OOO----------------- X;,1,50,7,7,0,0,8,-64,0,1.6249999999999998,0.375,1.625,10.0,9.625,880620,8.175344643546593,63.925806817923736,4.0,64.0,-64.0,64.0,0.9997183802321092
------------------XXXX-----OOOO---OXX----OOO-------------------- X;,1,50,6,8,-2,0,8,-64,0,0.6250000000000001,1.375,1.625,10.0,9.625,1661263,6.160773459711075,63.962347322488974,4.0,64.0,-64.0,64.0,0.9989429729067583
------------------XXXX----XXO-----OOOO------OOO----------------- X;,1,50,6,8,-2,0,8,-64,0,1.375,0.625,1.375,10.0,10.875,1622312,6.894899994575643,63.85347762945722,4.0,64.0,-64.0,64.0,0.9945614653654784
------------------XXXX-----OXX----OXO----OOO-O------------------ X;,1,50,7,7,0,0,10,-64,0,0.25,0.25,4.25,9.0,11.25,1637738,5.674011960399038,63.97324297292974,4.0,64.0,-64.0,64.0,0.9997172929980254
----------O-------XOXX----XXO------XXO------OOO----------------- X;,1,50,7,7,0,0,14,-64,0,1.875,0.125,2.875,8.0,9.875,741266,7.43638046261396,63.91951337306716,4.0,64.0,-64.0,64.0,0.9995399762028745
------------------XXXXO----OXO----OXO----OOO-------------------- X;,1,50,6,8,-2,0,14,-64,0,0.875,1.625,5.875,5.0,9.875,870681,7.088480166674132,63.93599377958173,4.0,64.0,-64.0,64.0,0.9998702165316574
------------------XX------XXX-----XOXO----O-OO---O---O---------- X;,1,50,7,7,0,0,24,-64,0,1.7500000000000002,0.25,1.75,10.0,9.75,1168610,8.541018817227304,63.94626265392218,4.0,64.0,-64.0,64.0,0.9999700498883288
---------O--------OXXX----XOO------XOO------OOO----------------- X;,1,50,5,9,-4,0,26,-64,0,1.7500000000000002,0.25,3.75,8.0,9.75,811997,8.892584578514453,63.92515243282919,4.0,64.0,-64.0,64.0,0.9999125612533051
------------------XXXO-----XXO----OOOO---OOO-------------------- X;,1,50,5,9,-4,1,8,-64,0,0.875,2.125,2.875,8.0,10.875,2746266,6.644871618408414,63.88440413273878,4.0,64.0,-64.0,64.0,0.9975217258634087
------------------OX------OXX-----OXOO----O-OO----O--O---------- X;,1,50,4,10,-6,1,12,-64,0,4.875000000000001,1.625,1.375,6.0,9.875,368771,10.003199817773089,61.713046850213274,4.0,64.0,-64.0,64.0,0.9356809510509232
------------O-----OXOX----XXO------XOO------OOO----------------- X;,1,50,5,9,-4,0,12,-64,0,0.6250000000000001,0.375,2.625,10.0,9.625,485522,9.38589394507355,63.83877146658648,4.0,64.0,-64.0,64.0,0.9973492447304139
------------------XXXOO----XXO----OOO----OOO-------------------- X;,1,50,5,9,-4,0,12,-64,0,0.875,1.625,3.875,7.0,9.875,795208,4.910017253347552,63.97160868602931,4.0,64.0,-64.0,64.0,0.9976333236084144
----------O-------OOXX----XXO------XOO------OOO----------------- X;,1,50,5,9,-4,2,14,-64,0,0.875,0.125,3.875,8.0,9.875,571576,6.639759192128431,63.90071836466192,4.0,64.0,-64.0,64.0,0.9991619662127171
-------------O----XOOO----XOXO----XOO------O------O------------- X;,1,50,4,10,-6,0,14,-64,0,2.0000000000000004,2.5,3.0,6.0,10.0,686293,7.338948524901172,63.90818061673367,4.0,64.0,-64.0,64.0,0.999899459851696
------------------XXXOO----XOO----OOO----OOO-------------------- X;,1,50,4,10,-6,0,14,-64,0,1.875,1.625,4.875,5.0,9.875,869085,5.996488260641939,63.94651616355132,4.0,64.0,-64.0,64.0,0.9995558547207696
-------------O----X-OO----XXXO---OOOO------O------O------------- X;,1,50,4,10,-6,0,16,-64,0,1.7500000000000002,0.75,4.75,6.0,8.75,391659,7.980922179753306,63.90909439078382,4.0,64.0,-64.0,64.0,0.999931062480372
-------------O----XXO-O----OXO----OXO----OOO-------------------- X;,1,50,4,10,-6,0,18,-64,0,2.25,0.25,9.25,2.0,9.25,160463,9.791646672441622,63.84218791871023,4.0,64.0,-64.0,64.0,0.9996136180926444
------------O----O-OOX----OXO------OOO------OOO----------------- X;,1,50,2,12,-10,0,28,-64,0,4.750000000000001,0.75,3.75,4.0,8.75,25556,17.562098920018784,63.14810611989357,6.0,64.0,-64.0,64.0,0.9998826107372045
---------O--------OXX-O----OXO----OXO----OOO-------------------- X;,1,50,4,10,-6,0,38,-64,0,1.875,1.625,5.875,4.0,8.875,41292,18.481642933255838,62.74435726048629,6.0,64.0,-64.0,64.0,0.9986195873292647
-------------------OOX----XXO-----XXXO----O-OOO----------------- X;,1,50,6,8,-2,5,6,-64,0,1.875,2.125,1.875,8.0,10.875,1054510,5.6538790528302245,63.96486519805407,4.0,64.0,-64.0,64.0,0.9997230941385098
------------------OXX------XX-----OXXO----OO-O----O--O---------- X;,1,50,6,8,-2,3,8,-64,0,6.875,1.625,0.375,5.0,9.875,474207,5.377748535976904,63.91515097837021,4.0,64.0,-64.0,64.0,0.996682883213449
----------O-------OO-X----OOXO-----XO-----OOOO------------------ X;,1,50,3,11,-8,0,12,-64,0,4.25,0.25,5.25,4.0,11.25,781118,5.059765617998817,63.97463379412586,4.0,64.0,-64.0,64.0,0.9993918972549602
--------------------OX----XOX-----OXXO---OO-OOO----------------- X;,1,50,5,9,-4,1,14,-64,0,2.875,0.625,1.375,9.0,9.875,426770,5.805405722051691,63.9557771164796,4.0,64.0,-64.0,64.0,0.999753965836399
-----------------O--OX----OXX-----XOXO----O-OOO----------------- X;,1,50,5,9,-4,0,14,-64,0,2.875,0.625,2.875,6.0,9.875,614608,5.340804219925546,63.96657869731601,4.0,64.0,-64.0,64.0,0.9994126337437846
--------------------OX----XXX----OOOOO----O-OOO----------------- X;,1,50,4,10,-6,0,16,-64,0,1.6249999999999998,0.375,0.625,11.0,9.625,750397,5.788178790693459,63.896313551360144,4.0,64.0,-64.0,64.0,0.9975492972386617
------------------OXX------OX-----OXOO----OO-O----O---O--------- X;,1,50,4,10,-6,0,34,-64,0,2.75,1.25,4.75,5.0,9.75,203538,6.527601725476324,63.917622262182,4.0,64.0,-64.0,64.0,0.9999459560376932
-------------O----OXOX----XOXX----OXO----O--O------------------- X;,1,50,6,8,-2,1,8,-64,0,0.5000000000000001,0.5,6.0,7.0,10.0,3314376,4.381805805979768,63.984514732184884,4.0,64.0,-64.0,64.0,0.9997402225939362
------------------XXXOO---XXXO-----OOO-----O--O----------------- X;,1,50,6,8,-2,2,10,-64,0,0.5000000000000001,1.0,1.5,11.0,10.0,1051719,5.580645590694853,63.87069264699031,4.0,64.0,-64.0,64.0,0.9943977431234008
------------O-----OXOX----XXOX----OXO----O--O------------------- X;,1,50,6,8,-2,1,10,-64,0,0.25,0.75,1.75,11.0,9.75,3566535,7.6397410932459655,63.954435327285445,4.0,64.0,-64.0,64.0,0.9179778131996461
-------------O----OXO-----OXX-----OXOO----OO------O------------- X;,1,50,4,10,-6,0,18,-64,0,4.499999999999999,1.0,2.0,4.0,10.0,137616,10.495843506569004,63.694904662248575,4.0,64.0,-64.0,64.0,0.9994477386350424
------------------XXXOO---XXXO-----OOOO----O-------------------- X;,1,50,6,8,-2,9,10,-64,0,0.25,0.75,1.75,11.0,9.75,1309965,5.034081063234514,63.975284835854396,4.0,64.0,-64.0,64.0,0.999574034420767
----------O-------XOXO----XXOX-----OOOO----O-------------------- X;,1,50,5,9,-4,1,10,-64,0,1.2500000000000002,0.75,2.75,9.0,9.75,2327979,7.4610058767712255,63.90895493473094,4.0,64.0,-64.0,64.0,0.9995919207174979
------------O-----XXOO----XXOX-----OOOO----O-------------------- X;,1,50,5,9,-4,43,12,-64,0,1.4999999999999998,0.5,2.5,7.0,10.0,429627,15.873259827711015,63.68570643837561,4.0,64.0,-64.0,64.0,0.9996881015392421
-----------O------XOOO----XOXO-----OOOO----O-------------------- X;,1,50,3,11,-8,3,22,-64,0,3.5,0.5,3.0,7.0,10.0,87134,14.25017788693277,63.53794156127344,4.0,64.0,-64.0,64.0,0.9998852342369224
------------------OOOOO---XXXO---OOOO-------O------------------- X;,1,50,3,11,-8,0,22,-64,0,3.2499999999999996,0.75,0.75,7.0,9.75,82190,10.99089913614795,63.54670884535832,4.0,64.0,-64.0,64.0,0.9998539968365981
--------------O---OXXO----XXOX---OOOO-------O------------------- X;,1,50,5,9,-4,0,32,-64,0,2.875,0.125,1.375,9.0,9.875,406681,18.29694035374163,63.66651503266688,8.0,64.0,-64.0,64.0,0.9999237731784864
-----------------OO-OX----OXXX---OOOO-----X-O------------------- X;,1,50,5,9,-4,11,10,-64,0,1.6249999999999998,0.375,2.625,9.0,9.625,1747569,5.147274299326664,63.968872759816634,4.0,64.0,-64.0,64.0,0.9994294931988379
--------------------XX----OOXO-----XO-----XOOO----O--O---------- X;,1,50,5,9,-4,2,12,-64,0,1.875,0.625,6.375,5.0,9.875,957616,4.971302693355165,63.96785872416501,4.0,64.0,-64.0,64.0,0.9986779669512623
----------O-------OOXX-----OX-----OOOO----XO-------O------------ X;,1,50,4,10,-6,1,12,-64,0,2.625,0.375,3.625,7.0,9.625,1414981,5.8306365951203585,63.96883350377143,4.0,64.0,-64.0,64.0,0.9999724377924509
----------O-------OOXX-----XX-----OXOO----XO--------O----------- X;,1,50,6,8,-2,4,14,-64,0,2.625,0.375,3.625,7.0,9.625,463876,5.63388707326958,63.94562124360821,4.0,64.0,-64.0,64.0,0.999941794789987
-----------------OO-OX----OXXX----OXO-----O-O-----O------------- X;,1,50,5,9,-4,0,20,-64,0,2.875,0.125,1.375,9.0,9.875,319265,8.138305169686625,63.931805866599845,4.0,64.0,-64.0,64.0,0.9998778444239111
----------O-------OOXX-----XX-----OXOO----OO------O------------- X;,1,50,5,9,-4,1,22,-64,0,2.875,0.625,1.375,9.0,9.875,104018,9.470966563479397,63.66277951892942,4.0,64.0,-64.0,64.0,0.9979426637697322
----------------OOO-OX----XXXX----OXO-----O-O------------------- X;,1,50,6,8,-2,1,12,-64,0,1.6249999999999998,1.375,1.625,9.0,9.625,400035,6.652422912995113,63.96357818690865,4.0,64.0,-64.0,64.0,0.9997050258102416
----------X-------OXOO-----XX-----OXOO----OO------O------------- X;,1,50,5,9,-4,0,12,-64,0,4.375,0.125,2.875,5.0,9.875,86928,11.990704951224002,63.83761273697773,4.0,64.0,-64.0,64.0,0.9995858641634456
-----------------XO-OX----XXXO----OXO-O---O-O------------------- X;,1,50,6,8,-2,1,16,-64,0,2.625,0.375,2.625,7.0,9.625,306292,8.763878912932757,63.942087942225065,4.0,64.0,-64.0,64.0,0.9998204327896256
---------------O--XO-OO---XXXO-----OOO-----O-O------------------ X;,1,50,4,10,-6,0,20,-64,0,1.6249999999999998,0.375,0.625,11.0,9.625,187477,14.174890786603157,63.67754977943961,4.0,64.0,-64.0,64.0,0.9997866404945673
--------------O--XO-OO----XXOX----OOO-----O-O------------------- X;,1,50,4,10,-6,0,26,-64,0,3.7500000000000004,1.25,1.75,7.0,9.75,1234956,10.745398216616625,63.899921940538775,4.0,64.0,-64.0,64.0,0.9999230741824
-----------O-----OOOX-----OXX-----XOOOO----O-------------------- X;,1,50,4,10,-6,0,16,-64,0,1.375,0.125,2.875,9.0,9.375,766014,6.36626615179357,63.929093985227425,4.0,64.0,-64.0,64.0,0.9996736352077116
-----------O------XOX-----OXX----OOOOOO----O-------------------- X;,1,50,4,10,-6,2,18,-64,0,3.375,0.625,0.875,9.0,9.875,255924,13.377127584751722,63.620707710101435,4.0,64.0,-64.0,64.0,0.9998358887794814
-----------O------XOO-----XXXO----XOOOO----O-------------------- X;,1,50,5,9,-4,1,18,-64,0,1.875,1.125,0.875,10.0,10.875,417067,7.366624547135112,63.94186545567019,4.0,64.0,-64.0,64.0,0.9998705244001563
-----------O------OOX----OXXX-----OOOOO----O-------------------- X;,1,50,4,10,-6,0,20,-64,0,1.875,0.125,1.375,10.0,9.875,121897,18.480069238783564,63.30263255043192,6.0,64.0,-64.0,64.0,0.9995487993962116
------------------XXX----OOXOO---OOOO-------O-------O----------- X;,1,50,4,10,-6,1,22,-64,0,2.875,2.125,1.375,7.0,9.875,297518,13.374306764632728,63.6920152730255,4.0,64.0,-64.0,64.0,0.9998117760942196
------------------XXX----OOXOO----OOO-----O-O-------O----------- X;,1,50,4,10,-6,0,22,-64,0,2.0000000000000004,2.0,2.5,7.0,10.0,329958,8.379527091326775,63.855690724274,4.0,64.0,-64.0,64.0,0.9998818031385813
---------O-O------OOX-----XOX-----XOOOO----O-------------------- X;,1,50,4,10,-6,0,34,-64,0,2.0000000000000004,0.5,2.5,9.0,9.5,343865,23.50963604903087,63.390054236400914,12.0,64.0,-64.0,64.0,0.9999214808136914
----------O-------XOX-O---XXXO-----OOOO----O-------------------- X;,1,50,5,9,-4,0,16,-64,0,1.375,0.125,0.375,11.0,9.375,257667,14.348488553054912,63.560137697105176,4.0,64.0,-64.0,64.0,0.9998253559827219
-------------O-----XOO----XXXO---OOOOO------O------------------- X;,1,50,4,10,-6,0,16,-64,0,1.6249999999999998,0.375,1.625,10.0,10.625,291538,9.309853260981416,63.722677661231124,4.0,64.0,-64.0,64.0,0.99945804663543
-------------O-----XOX----XXXO---OOOO-O-----O------------------- X;,1,50,5,9,-4,0,18,-64,0,1.375,0.625,2.375,9.0,9.375,216365,14.934365539712985,63.59413953273404,4.0,64.0,-64.0,64.0,0.9997504217410395
----------O-O-----XOO-----XXOX-----OOOO----O-------------------- X;,1,50,4,10,-6,0,18,-64,0,2.3749999999999996,2.125,1.375,7.0,9.375,504908,15.601794782415807,63.629312666862084,4.0,64.0,-64.0,64.0,0.999691032821821
-----------------OXX------OXOO----OOO-----OOO-------O----------- X;,1,50,3,11,-8,0,18,-64,0,3.2499999999999996,0.75,2.75,7.0,9.75,468700,12.060132280776616,63.80081502026883,4.0,64.0,-64.0,64.0,0.9998207808832942
-------------O-----XOOO---XXXO---OOOO-------O------------------- X;,1,50,4,10,-6,0,20,-64,0,1.375,0.125,2.875,9.0,9.375,182725,9.378131071281981,63.73068271993433,4.0,64.0,-64.0,64.0,0.9997920372143932
----------OO------XOO-----XXXO-----OOOO----O-------------------- X;,1,50,4,10,-6,0,22,-64,0,2.875,0.625,1.375,9.0,9.375,153340,19.789937394026346,63.30811921220816,10.0,64.0,-64.0,64.0,0.9978218338333116
-------------OO----XOO----XXOX---OOOO-------O------------------- X;,1,50,4,10,-6,0,36,-64,0,1.7500000000000002,0.75,2.25,9.0,9.25,290945,15.077341078210658,63.551946244135486,4.0,64.0,-64.0,64.0,0.9998831394249772
-----------O-----OXOX----XXOX------OOOO----O-------------------- X;,1,50,5,9,-4,0,18,-64,0,1.6249999999999998,0.375,1.625,10.0,8.625,201718,19.052984860052153,63.27781358133632,6.0,64.0,-64.0,64.0,0.9997223847152956
-----------------OXXX----OXXX----O-OOOO----O-------------------- X;,1,50,6,8,-2,1,20,-64,0,1.6249999999999998,1.375,0.625,10.0,8.625,35458,26.239043375260874,62.842687122793166,14.0,64.0,-64.0,64.0,0.9990129166901687
----------O------OXOX----XXXO------OOOO----O-------------------- X;,1,50,5,9,-4,0,20,-64,0,1.875,0.125,1.875,10.0,8.375,129592,19.88518581393913,63.146050682140874,6.0,64.0,-64.0,64.0,0.9993440953145256
----------OX------OX------OXOO----OOO-----O-O-------O----------- X;,1,50,3,11,-8,0,20,-64,0,3.2499999999999996,1.25,1.25,8.0,8.75,29161,19.80792839751723,62.37594732690923,6.0,64.0,-64.0,64.0,0.9994170295943212
----------OX------XX------XXOO---OOOO-------O-------O----------- X;,1,50,5,9,-4,0,24,-64,0,1.6249999999999998,0.375,2.625,8.0,8.625,149405,21.293370369130887,63.536441216826745,10.0,64.0,-64.0,64.0,0.9998929085371976
---------O-------OOXX----XXOX------OOOO----O-------------------- X;,1,50,5,9,-4,0,36,-64,0,1.7500000000000002,0.25,1.75,10.0,8.25,114695,28.67669907145037,63.02114303151838,16.0,64.0,-64.0,64.0,0.9999389685688129
------------O-----XXXO----XXO-O----OOOO----O-------------------- X;,1,50,5,9,-4,0,18,-64,0,2.25,0.25,2.25,9.0,9.25,113205,18.94529393578022,63.22473388984586,8.0,64.0,-64.0,64.0,0.9998144958261561
-----------OO-----XOXX----XOO------OOOO----O-------------------- X;,1,50,4,10,-6,1,20,-64,0,6.25,0.25,0.25,7.0,9.25,157411,21.081766839674483,63.224196530102724,10.0,64.0,-64.0,64.0,0.9997458881526704
------------O-----XXXX---OOOO------OOOO----O-------------------- X;,1,50,4,10,-6,0,22,-64,0,6.25,1.25,0.25,4.0,9.25,79114,22.47177490709609,63.4812548979953,12.0,64.0,-64.0,64.0,0.9996334403518973
----------O-O-----XOXX----XXO------OOOO----O-------------------- X;,1,50,5,9,-4,0,22,-64,0,2.75,0.25,1.25,9.0,8.75,118212,25.144909146279566,63.05735458329104,14.0,64.0,-64.0,64.0,0.9996700842554055
------------O----OXXXX----OXO------OOOO----O-------------------- X;,1,50,5,9,-4,0,28,-64,0,2.75,1.25,1.25,7.0,8.75,141089,14.537462169269043,63.52971528609601,4.0,64.0,-64.0,64.0,0.99986533322938
------------O-----XOXX----OXO----O-OOOO----O-------------------- X;,1,50,4,10,-6,0,28,-64,0,4.25,0.25,2.25,7.0,9.25,79241,19.429537739301622,63.6022261203165,10.0,64.0,-64.0,64.0,0.9998990421625169
---------O--O-----OXXX----XOO------OOOO----O-------------------- X;,1,50,4,10,-6,0,34,-64,0,4.875000000000001,0.125,1.375,7.0,8.875,164382,24.049506636979718,63.408840383983645,12.0,64.0,-64.0,64.0,0.9999209159153679
------------O-O---XXXO----XXO------OOOO----O-------------------- X;,1,50,5,9,-4,0,38,-64,0,1.875,0.125,2.375,9.0,8.875,169971,23.57638067670367,63.43695689264639,12.0,64.0,-64.0,64.0,0.999452847838749
---------O--------OXX----OXXX-----OOOOO----O-------------------- X;,1,50,5,9,-4,0,34,-64,0,1.0,1.0,1.5,10.0,9.5,209870,18.55396197646162,63.41884023443084,6.0,64.0,-64.0,64.0,0.9999332920379282
---------O--------OXX-----XXX----OOOOOO----O-------------------- X;,1,50,5,9,-4,0,34,-64,0,1.0,1.0,1.0,11.0,9.5,175881,17.194728253762488,63.65237859689222,4.0,64.0,-64.0,64.0,0.9999431433753504
---------O-------OOXX-----OXX-----XOOOO----O-------------------- X;,1,50,5,9,-4,0,34,-64,0,0.7499999999999999,0.75,1.25,9.0,9.25,207212,15.356567187228539,63.53212651776924,4.0,64.0,-64.0,64.0,0.9999855220740111
---------O--------OXX-----OXX-----OOOOO---OO-------------------- X;,1,50,4,10,-6,0,34,-64,0,1.875,2.125,0.375,9.0,9.875,198636,20.788517690650234,63.36860387845103,10.0,64.0,-64.0,64.0,0.9998842103143438
---------O--------OXX-----OXOO----OOO-----O-O-------O----------- X;,1,50,3,11,-8,0,36,-64,0,2.875,2.125,1.375,7.0,9.875,155182,11.482059774973902,63.69067933136575,4.0,64.0,-64.0,64.0,0.9999033393048162
---------O--------OXX-----XXOO---OOOO-------O-------O----------- X;,1,50,4,10,-6,0,38,-64,0,2.0000000000000004,0.5,2.0,7.0,9.5,67117,23.55656540071815,63.07665718074407,12.0,64.0,-64.0,64.0,0.9997467109674151
---------O-------OOXX-----OXOO----XOO-------O-------O----------- X;,1,50,4,10,-6,0,42,-64,0,1.7500000000000002,0.75,2.25,9.0,9.25,64710,27.855231030752588,61.81653531138927,14.0,64.0,-64.0,64.0,0.9999072786277237
-----------------OO-OX---XOXXX----OOO----O--O------------------- X;,1,50,5,9,-4,1,10,-64,0,1.7500000000000002,0.75,1.25,10.0,8.75,776672,6.383439856206996,63.94018710601129,4.0,64.0,-64.0,64.0,0.9998609451608916
----------------O-O-OX---OXXXX----OXO----O--O------------------- X;,1,50,6,8,-2,0,12,-64,0,1.4999999999999998,1.5,2.5,8.0,8.5,488471,6.812332768987309,63.9342212741391,4.0,64.0,-64.0,64.0,0.995201352792694
------------------O-OX---OXXXX--O-OXO----O--O------------------- X;,1,50,6,8,-2,0,12,-64,0,1.4999999999999998,1.5,2.5,8.0,8.5,835512,5.47378134604889,63.95401621999444,4.0,64.0,-64.0,64.0,0.9998599661046161
------------------O-OX---XXXXO----OXO-O--O--O------------------- X;,1,50,6,8,-2,0,14,-64,0,2.25,0.25,3.25,7.0,8.75,210650,5.22443864229765,63.94893899833848,4.0,64.0,-64.0,64.0,0.999909802990743
-----------X-O----OXO------XX-----OXOO----OO------O------------- X;,1,50,5,9,-4,0,20,-64,0,3.7500000000000004,0.75,2.75,5.0,8.75,36853,10.248745013974439,63.42623395653,4.0,64.0,-64.0,64.0,0.9997015168371639
-----------------O--OX----OXXX----OXO----OOOO------------------- X;,1,50,5,9,-4,0,12,-64,0,3.5,1.0,1.0,8.0,10.0,907343,7.034649520633321,63.90216489243869,4.0,64.0,-64.0,64.0,0.999365179430491
-----------------O--OX----OXXO----OXO-O--OX-O------------------- X;,1,50,5,9,-4,0,16,-64,0,5.749999999999999,0.75,2.25,5.0,8.75,277160,6.525476259200462,63.935030307403665,4.0,64.0,-64.0,64.0,0.9999422716120653
-------------------O-XO----OXO---OOOOO----XO--O----------------- X;,1,50,3,11,-8,0,16,-64,0,5.749999999999999,0.75,2.25,5.0,8.75,744638,6.2718085834996335,63.94184959671679,4.0,64.0,-64.0,64.0,0.9998777929678582
----------O--O-----OOX-----XX-----OXOO----OO------O------------- X;,1,50,4,10,-6,0,18,-64,0,5.25,1.25,1.25,6.0,9.25,169202,7.158077327691162,63.840409687828746,4.0,64.0,-64.0,64.0,0.9997281356012341
-----------------O--OX----OXXX----OXO----OO-O-----O------------- X;,1,50,5,9,-4,0,20,-64,0,3.2499999999999996,0.25,1.25,9.0,9.25,218157,5.903670292495772,63.94452160599935,4.0,64.0,-64.0,64.0,0.9999083229050638
------------XO-----XXO-----XO-----OOOO----OO------O------------- X;,1,50,4,10,-6,0,18,-64,0,2.75,1.75,2.75,6.0,8.75,250550,7.169906206346039,63.75651965675514,4.0,64.0,-64.0,64.0,0.99976052684095
--------------------OOO---XXXO--OOOOO----O--O------------------- X;,1,50,3,11,-8,0,20,-64,0,2.125,0.875,2.125,7.0,8.125,157012,9.165675235013884,63.51424731867628,4.0,64.0,-64.0,64.0,0.9997707181616692
-----------------O--OOO---OXXO---XXOO----O--O------------------- X;,1,50,4,10,-6,0,20,-64,0,2.625,1.375,0.625,9.0,8.625,114771,8.295614745885285,63.69629958787499,4.0,64.0,-64.0,64.0,0.9998344529541434
------------XO----OXX------OX-----OXOO----OO------O------------- X;,1,50,5,9,-4,0,22,-64,0,1.7500000000000002,1.75,4.75,5.0,8.75,134403,9.548164847510844,63.701569161402645,4.0,64.0,-64.0,64.0,0.9992634092988996
----------OOO------XO------XO-----OOOO------OO-------O---------- X;,1,50,2,12,-10,0,26,-64,0,3.375,1.125,1.875,7.0,8.375,31622,16.968945670735565,63.19625577129846,6.0,64.0,-64.0,64.0,0.9992726582758839
------------------X-OX---OOOX-----XXOX----X-OO------------------ X;,1,50,7,7,0,17,-6,0,64,1.2500000000000002,1.25,5.25,6.0,11.25,2753409,-63.79027779745036,-4.143392064164822,-64.0,-4.0,-64.0,64.0,0.9921526369674829
----------------X-X-OX---XOOO-----XOOX------OO------------------ X;,1,50,6,8,-2,1,-10,0,64,4.625,1.375,0.625,7.0,9.625,1075091,-63.68802733908107,-4.307935793342145,-64.0,-4.0,-64.0,64.0,0.995327837364465
------------------X-OX---XOOO---X-OOXX----O-O------------------- X;,1,50,6,8,-2,0,-12,0,64,2.625,0.375,1.625,9.0,9.625,1013003,-63.320892435659125,-5.630273552990465,-64.0,-4.0,-64.0,64.0,0.9939496724096573
------------------XXXX-----XOOO---XXOO-----OO------------------- X;,1,50,7,7,0,4,-14,0,64,1.2500000000000002,0.25,0.25,12.0,11.25,1158702,-63.49122466345963,-5.385630645325545,-64.0,-4.0,-64.0,64.0,0.9966341647809359
------------------X-X-----OOXXX----OO-----XOO------OO----------- X;,1,50,6,8,-2,0,-14,0,64,2.25,1.25,2.25,8.0,9.25,354955,-62.55871025904692,-7.781924469298925,-64.0,-4.0,-64.0,64.0,0.99578538124551
------------------X-X-----OOXX-----OO-X---XOO------OO----------- X;,1,50,6,8,-2,0,-14,0,64,2.25,1.25,2.25,8.0,9.25,462423,-63.13138187330647,-6.24940152198312,-64.0,-4.0,-64.0,64.0,0.9967064787002377
----------X-------XXOX-----OOOO---XXOX-----O-------------------- X;,1,50,7,7,0,0,-14,0,64,2.25,0.75,3.25,7.0,9.75,1135460,-63.57850915047646,-5.285901749070861,-64.0,-4.0,-64.0,64.0,0.9927641660648547
-----------X------XX-X-----XOOO---XXOOO----O-------------------- X;,1,50,7,7,0,0,-14,0,64,1.2500000000000002,1.25,0.25,10.0,9.25,367938,-62.655933880164596,-6.6442036430050715,-64.0,-4.0,-64.0,64.0,0.9951404856252956
-------------------XXX----OXX-----XXOX-----OOO----O------------- X;,1,50,8,6,2,3,-8,0,64,1.2500000000000002,0.25,2.25,10.0,11.25,1418715,-63.7422301166901,-5.097993606890743,-64.0,-4.0,-64.0,64.0,0.9962367353555859
------------------XXXX----XOX-----XOOOO-----OO------------------ X;,1,50,7,7,0,0,-10,0,64,1.875,0.125,1.875,10.0,10.875,240429,-62.33269697083131,-8.4362119378278,-64.0,-4.0,-64.0,64.0,0.9837665173502365
-------------------OX-----XOO-----XOXXX---XOOO------------------ X;,1,50,7,7,0,0,-12,0,64,1.2500000000000002,3.25,2.25,6.0,11.25,1841087,-63.57928767081621,-5.007169134321192,-64.0,-4.0,-64.0,64.0,0.9974422718752562
-------------------XXX----XOX----XOOOX---O--OO------------------ X;,1,50,7,7,0,0,-12,0,64,1.7500000000000002,0.25,2.75,7.0,9.75,681568,-63.52708020329593,-5.5498776351002395,-64.0,-4.0,-64.0,64.0,0.9966811822151275
-------------------XXX----OOX-----XOOX----XOOO------------------ X;,1,50,7,7,0,6,-14,0,64,1.375,0.125,3.375,9.0,12.375,695240,-63.48259593809332,-5.06082503883551,-64.0,-4.0,-64.0,64.0,0.9970585697025488
------------------OX-X----OOXX---XOOOX-----XO------------------- X;,1,50,7,7,0,0,-14,0,64,1.2500000000000002,0.25,2.25,10.0,11.25,637512,-63.447908431527566,-5.5300402188507825,-64.0,-4.0,-64.0,64.0,0.9877649361894364
------------------XXX------XXXX---XOOOO---OO-------------------- X;,1,50,8,6,2,0,-16,0,64,0.5000000000000001,0.0,2.0,9.0,10.0,1198371,-63.531478982719044,-5.118485010067833,-64.0,-4.0,-64.0,64.0,0.9965720131745511
-----------------XXXOX----OOOX-----OOX-----XO------------------- X;,1,50,7,7,0,0,-16,0,64,5.25,0.25,0.25,8.0,11.25,781695,-63.46707219567734,-5.255575384261125,-64.0,-4.0,-64.0,64.0,0.9973966828494489
----------XO------XOXX-----OXX----XXOX-----O-------------------- X;,1,50,9,5,4,0,-10,0,64,1.7500000000000002,2.25,4.75,5.0,9.75,1132281,-63.42894387523945,-5.323065564113502,-64.0,-4.0,-64.0,64.0,0.9962924397742257
------------------OX-XX---XOOX---X-OOO-----XO------------------- X;,1,50,7,7,0,0,-18,0,64,4.750000000000001,0.25,1.75,7.0,9.75,418954,-63.56510977338801,-5.167424108613356,-64.0,-4.0,-64.0,64.0,0.9975629782744645
----------X--X----XXX------XOO----XOOX----OO-------------------- X;,1,50,8,6,2,1,-18,0,64,2.0000000000000004,0.5,2.5,9.0,10.0,959492,-63.61828446719723,-4.878259537338509,-64.0,-4.0,-64.0,64.0,0.9978342706348776
------------------OX-XX--XXOOX-----OOO-----XO------------------- X;,1,50,7,7,0,0,-18,0,64,4.750000000000001,0.25,1.75,7.0,9.75,435810,-63.42802826919988,-5.328186595075835,-64.0,-4.0,-64.0,64.0,0.9967394047864895
-------------X-----OXX----OOX-----XOXX----XOO------------------- X;,1,50,8,6,2,0,-20,0,64,1.2500000000000002,1.25,2.25,9.0,11.25,719666,-63.515145914910526,-4.975312158695839,-64.0,-4.0,-64.0,64.0,0.9976711418908216
-----------X------OOOX----XXOX-----XOO----XO-------------------- X;,1,50,7,7,0,1,-12,0,64,0.875,2.125,2.375,8.0,10.875,1286996,-63.62088149458118,-4.890921183904223,-64.0,-4.0,-64.0,64.0,0.9969813425993554
-------------------OXX----XOX-----XOOO----XOOO------------------ X;,1,50,6,8,-2,0,-12,0,64,1.375,1.125,4.375,7.0,12.375,804933,-63.412439296189866,-5.075566537836068,-64.0,-4.0,-64.0,64.0,0.9913185321014295
-----------OX-----OO-X----XOXX-----XOO----XO-------------------- X;,1,50,7,7,0,1,-14,0,64,0.37499999999999994,1.125,6.875,5.0,9.875,678277,-63.28552051742872,-5.516140161025658,-64.0,-4.0,-64.0,64.0,0.9958158687379934
------------------X-OX----XOX-----XOOX----XOOO------------------ X;,1,50,7,7,0,0,-14,0,64,2.0000000000000004,4.5,2.5,5.0,12.5,417127,-63.08259115329384,-6.2729576364033015,-64.0,-4.0,-64.0,64.0,0.9954570190853146
-----------X-------XXX-----XX-----OXOO----XOOO------------------ X;,1,50,8,6,2,0,-14,0,64,1.875,0.625,3.375,8.0,10.875,1280663,-63.378742885521014,-5.461495334838283,-64.0,-4.0,-64.0,64.0,0.9967602718279516
------------X-------XX----OOX-----XOOX----XOOO------------------ X;,1,50,7,7,0,2,-16,0,64,1.375,0.625,3.875,8.0,10.875,507518,-63.22197045227953,-5.57692929117785,-64.0,-4.0,-64.0,64.0,0.9966582466040613
-----------------X--OX----XOX-----XOOX----XOOO------------------ X;,1,50,7,7,0,0,-16,0,64,1.375,4.625,3.875,4.0,10.875,470428,-63.52324691557475,-5.056429464232571,-64.0,-4.0,-64.0,64.0,0.9943902148681626
-------------X----O-XX----OOX-----XXOX----X-OO------------------ X;,1,50,8,6,2,0,-16,0,64,0.25,0.25,9.25,4.0,11.25,687677,-63.67585218060223,-4.6585170072577675,-64.0,-4.0,-64.0,64.0,0.99844839946661
----------X-------XX-X----XOXX----OOOO----XO-------------------- X;,1,50,8,6,2,0,-20,0,64,3.375,0.125,1.875,8.0,10.875,275687,-63.48423393195907,-5.283520804390486,-64.0,-4.0,-64.0,64.0,0.9977293089627004
-----------------XXX-X---XXOOO-----OO-----OOO------------------- X;,1,50,6,8,-2,1,-12,0,64,4.625,0.375,1.625,7.0,9.625,541430,-63.62690837227343,-5.0192139334724715,-64.0,-4.0,-64.0,64.0,0.998206601037992
------------------XXX------OO-----OOOXX---XOOO------------------ X;,1,50,6,8,-2,1,-12,0,64,4.375,0.125,0.875,8.0,10.875,750536,-63.44726568745536,-5.365409520662566,-64.0,-4.0,-64.0,64.0,0.996907543408977
-----------------OOX-X---XOXXXX----OO------XO------------------- X;,1,50,8,6,2,0,-14,0,64,0.7499999999999999,0.75,2.25,10.0,8.75,506460,-63.12862022667141,-6.010656320341192,-64.0,-4.0,-64.0,64.0,0.9963827350629862
-----------X------OX-X---OOOXX-----XOO----XO-------------------- X;,1,50,7,7,0,0,-14,0,64,0.37499999999999994,0.625,6.375,3.0,9.875,924426,-63.50053763091908,-5.339179123045003,-64.0,-4.0,-64.0,64.0,0.996896452501336
----------X-------XX-X---XXOOO-----OO-----OOO------------------- X;,1,50,6,8,-2,0,-14,0,64,4.625,0.375,1.625,7.0,9.625,546704,-63.63078375135357,-4.9652279844303315,-64.0,-4.0,-64.0,64.0,0.997872706254207
------------------OX-X---XOOXX----OOOX-----XO------------------- X;,1,50,7,7,0,0,-14,0,64,1.2500000000000002,0.25,2.25,10.0,11.25,434857,-63.09035154085136,-6.218612095470465,-64.0,-4.0,-64.0,64.0,0.9951662270585503
-----------X------XX-X---XXOOO-----OO-----OOO------------------- X;,1,50,6,8,-2,0,-16,0,64,4.875000000000001,0.125,1.875,7.0,9.875,394955,-63.518231190895165,-5.173680545884975,-64.0,-4.0,-64.0,64.0,0.9982023268473623
----------X--------XX------OX-----OOOXX---XOOO------------------ X;,1,50,7,7,0,0,-20,0,64,1.2500000000000002,0.25,2.75,9.0,9.75,459403,-63.38537841502994,-5.507732861996983,-64.0,-4.0,-64.0,64.0,0.9979495127371828
----------O------XOX-X----OOXXX----OO------XO------------------- X;,1,50,7,7,0,0,-12,0,64,1.2500000000000002,0.75,3.25,8.0,8.75,770575,-63.42382506569769,-5.68307562534471,-64.0,-4.0,-64.0,64.0,0.9964494046653473
------------------OX-X---OOOXXX--X-OO------XO------------------- X;,1,50,7,7,0,0,-16,0,64,1.2500000000000002,0.25,4.25,7.0,9.25,289160,-63.306643380827225,-5.199097385530502,-64.0,-4.0,-64.0,64.0,0.9970120348595933
------------X-----X-XX----XOOO----XOOO------OO------------------ X;,1,50,6,8,-2,0,-18,0,64,4.375,0.125,0.875,8.0,10.875,214780,-63.28681907067697,-5.86732004842164,-64.0,-4.0,-64.0,64.0,0.9973880249557687
------------X------OXX---XXOX-----XOOX------OO------------------ X;,1,50,8,6,2,0,-18,0,64,2.0000000000000004,2.0,2.5,5.0,10.0,499274,-63.65851215965582,-4.991888221697906,-64.0,-4.0,-64.0,64.0,0.9984357286780405
------------------X-X-----OOXX----OOO-X---XOOO------------------ X;,1,50,6,8,-2,1,-14,0,64,1.875,0.125,1.875,10.0,10.875,572445,-63.423764728489196,-5.894199442741224,-64.0,-4.0,-64.0,64.0,0.9977762055743347
-------------------XOX----XXOXX--X-OO-----OOO------------------- X;,1,50,7,7,0,0,-14,0,64,1.4999999999999998,2.5,2.0,7.0,10.0,940599,-63.635111242941996,-5.024664070448725,-64.0,-4.0,-64.0,64.0,0.9985743127517678
------------------OX-X----XOXX---X-OOX----OOO------------------- X;,1,50,7,7,0,0,-14,0,64,1.875,2.125,1.875,8.0,10.875,590348,-63.24233502950802,-6.1413844037754,-64.0,-4.0,-64.0,64.0,0.997094933835636
------------X-----OX-X----XOXXX----OOO----XO-------------------- X;,1,50,8,6,2,0,-20,0,64,1.875,0.125,3.875,7.0,9.875,319490,-63.274634573852076,-5.421562490218786,-64.0,-4.0,-64.0,64.0,0.997298819994366
----------X-------OOOO-----OX-X---OOXX----X-X------------------- X;,1,50,7,7,0,0,-24,0,64,0.6250000000000001,0.375,1.625,11.0,9.625,219183,-62.710333374394914,-7.992047740928813,-64.0,-4.0,-64.0,64.0,0.9954649767545841
------------X-X---OX-X----XOXO-----XOO----XO-------------------- X;,1,50,8,6,2,0,-34,0,64,0.7499999999999999,0.25,7.75,5.0,9.75,399279,-62.68549310131512,-7.865545145124086,-64.0,-4.0,-64.0,64.0,0.9981341367815487
------------------XXXO-O---XXXO----OOO----XO-------------------- X;,1,50,7,7,0,1,-6,0,64,0.6250000000000001,0.375,0.625,11.0,9.625,1528061,-63.15269482042929,-5.131762410008501,-64.0,-4.0,-64.0,64.0,0.9912562391161086
------------------X-OX----OOOX-----XOX----XOOO------------------ X;,1,50,6,8,-2,2,-6,0,64,2.5000000000000004,2.0,2.0,7.0,12.5,2678852,-63.71875825913488,-4.2854106908481695,-64.0,-4.0,-64.0,64.0,0.995474180731149
------------------XXXXX---OOOO-----OOO----XO-------------------- X;,1,50,6,8,-2,1,-10,0,64,6.875,2.125,0.375,4.0,10.875,1175350,-63.55635342663887,-5.040076572935721,-64.0,-4.0,-64.0,64.0,0.9970349257667929
------------------XXXO----OOOX-----OOOX---XO-------------------- X;,1,50,6,8,-2,0,-10,0,64,4.375,0.625,0.875,6.0,10.875,2497289,-63.69182061026978,-4.629330045501342,-64.0,-4.0,-64.0,64.0,0.9865646306855154
------------------XO-OX----OOO-----XXO----XXXO------------------ X;,1,50,7,7,0,0,-10,0,64,0.25,1.25,0.25,12.0,11.25,1209484,-63.31399092505564,-5.5075098141025425,-64.0,-4.0,-64.0,64.0,0.9938122372846603
------------------X--X---XXXXX-----OOOO----OOO------------------ X;,1,50,7,7,0,1,-12,0,64,0.37499999999999994,1.125,0.375,12.0,9.875,972708,-62.93560760269269,-6.3213472080007564,-64.0,-4.0,-64.0,64.0,0.9956585121125764
------------------X-OX----XOOX----XXOX-----OOO------------------ X;,1,50,7,7,0,0,-12,0,64,1.375,6.125,1.375,5.0,12.375,1385787,-63.529461598355304,-5.269534206916359,-64.0,-4.0,-64.0,64.0,0.9963969931887079
-------------OX---XXXO-----XXO-----XOO----XO-------------------- X;,1,50,8,6,2,0,-26,0,64,1.7500000000000002,1.25,1.75,9.0,9.75,1155065,-62.22074082410946,-8.573056927532217,-64.0,-4.0,-64.0,64.0,0.9961803015414717
------------------XXXX-----OOOO---OXOX----XO-------------------- X;,1,50,7,7,0,1,-6,0,64,3.375,0.625,3.375,6.0,10.875,2078424,-63.52379832026574,-4.5949955350785014,-64.0,-4.0,-64.0,64.0,0.995863692874986
------------------XXX-----XOOO---OOOOX----XO-------------------- X;,1,50,6,8,-2,4,-8,0,64,5.25,0.25,3.25,4.0,11.25,1914363,-63.286226279968844,-4.985410812891808,-64.0,-4.0,-64.0,64.0,0.9921357652649994
------------------XXX------OOOO---OOOXX---XO-------------------- X;,1,50,6,8,-2,1,-8,0,64,5.000000000000001,0.5,2.5,5.0,10.0,2051233,-63.603309326634275,-4.617222421831162,-64.0,-4.0,-64.0,64.0,0.9953691267642437
-------------------XXX----OOX-----XXOO----X-OOO----------------- X;,1,50,7,7,0,0,-14,0,64,0.37499999999999994,0.625,8.375,4.0,10.875,595572,-63.1882308100448,-6.127284358566219,-64.0,-4.0,-64.0,64.0,0.9964084946908183
------------------XOOX---XXXOX-----OOX-----XO------------------- X;,1,50,8,6,2,1,-14,0,64,2.25,3.25,1.25,6.0,11.25,956949,-63.42897061389896,-5.370029123809106,-64.0,-4.0,-64.0,64.0,0.9967521780157563
------------------XXX-----OOOO----XOOX---XXO-------------------- X;,1,50,7,7,0,0,-14,0,64,5.25,0.25,0.25,8.0,11.25,561147,-63.396332868214564,-5.2477728652207,-64.0,-4.0,-64.0,64.0,0.9963414221229019
------------------XO-X----XOOX----XXOX-----XOO------------------ X;,1,50,8,6,2,2,-16,0,64,2.3749999999999996,3.125,2.375,5.0,12.375,561947,-63.05592342338334,-6.610030839207256,-64.0,-4.0,-64.0,64.0,0.9938552924030202
------------------XXX------OOO---XXXOX----XOO------------------- X;,1,50,8,6,2,1,-16,0,64,2.25,0.25,1.25,10.0,11.25,246745,-63.17832580194128,-5.628296419380332,-64.0,-4.0,-64.0,64.0,0.9918215161401447
------------X-------XX----XOX----OOOO-----X-OOO----------------- X;,1,50,6,8,-2,0,-8,0,64,1.375,0.625,3.375,6.0,8.875,876955,-63.86041244989766,-3.9717089246312525,-64.0,-4.0,-64.0,64.0,0.9984719854496525
-------------O----X--OX--XXXOO-----OOO-----XO------------------- X;,1,50,6,8,-2,0,-8,0,64,1.2500000000000002,0.75,2.25,8.0,8.75,714647,-63.576034041981565,-5.014523254138057,-64.0,-4.0,-64.0,64.0,0.99659552198498
------------X------OXX----XOX-----XOO----X--OOO----------------- X;,1,50,7,7,0,0,-10,0,64,1.2500000000000002,1.25,3.75,6.0,8.75,1103733,-63.78505943013392,-4.548640839768313,-64.0,-4.0,-64.0,64.0,0.9984371220213585
-------------------XO------OO----XXXOXX---X-OO-------O---------- X;,1,50,7,7,0,0,-16,0,64,1.7500000000000002,1.75,2.25,8.0,8.75,269593,-63.160686664713104,-6.160319444495962,-64.0,-4.0,-64.0,64.0,0.996450204567626
------------------X--X----OOXX----OOOX----XOX------O------------ X;,1,50,7,7,0,0,-12,0,64,3.375,0.125,1.875,8.0,10.875,868028,-63.1902703599423,-5.5186745128037344,-64.0,-4.0,-64.0,64.0,0.9951130608690042
------------------XOOX----XOX-----XOX-----XOOX------------------ X;,1,50,8,6,2,4,-14,0,64,4.499999999999999,4.5,0.0,5.0,12.5,263412,-63.586043915994715,-4.726356430230969,-64.0,-4.0,-64.0,64.0,0.99695154358951
------------------X--X----OOXXX---OOO-----XOX------O------------ X;,1,50,7,7,0,0,-14,0,64,3.375,0.625,1.375,7.0,9.875,632767,-63.31485681143296,-5.566535549420244,-64.0,-4.0,-64.0,64.0,0.9970968776816743
----------X-------XXOX-----OOOO----XOX----XO-------------------- X;,1,50,7,7,0,1,-14,0,64,3.6250000000000004,0.375,4.625,5.0,9.625,452724,-63.46927929599491,-5.38664616852652,-64.0,-4.0,-64.0,64.0,0.9929824793914173
------------------X--XX---OOXX----OOX-----XOX------O------------ X;,1,50,8,6,2,0,-18,0,64,2.625,0.375,0.625,9.0,9.625,478945,-62.95757968033908,-6.1859921285325035,-64.0,-4.0,-64.0,64.0,0.9966488845274509
----------OX------XOXX-----XOX-----XOX----XO-------------------- X;,1,50,9,5,4,0,-20,0,64,2.625,1.375,0.625,9.0,9.625,157152,-62.63854103034005,-7.473172469965384,-64.0,-4.0,-64.0,64.0,0.9973083384239463
------------------X--X----OXXX----OOOX----XOO------O------------ X;,1,50,7,7,0,0,-12,0,64,2.875,0.625,0.375,10.0,10.875,1179803,-63.18862301587638,-5.772020413577521,-64.0,-4.0,-64.0,64.0,0.9950720586402985
------------OX----XOOX-----XOX-----XOO----XO-------------------- X;,1,50,7,7,0,0,-14,0,64,3.6250000000000004,1.375,0.625,7.0,9.625,816595,-63.18726173929549,-5.981846570209222,-64.0,-4.0,-64.0,64.0,0.9953293860481635
------------------X--X---XXXXO----XOO-----XOO------O------------ X;,1,50,8,6,2,0,-16,0,64,2.3749999999999996,1.625,0.875,9.0,9.875,614113,-63.07052285165759,-6.263700654439818,-64.0,-4.0,-64.0,64.0,0.9917132514700063
------------------XOOX-----XOOO----XXXX---XO-------------------- X;,1,50,8,6,2,0,-18,0,64,4.375,1.125,2.875,5.0,9.875,1284683,-63.21574115949226,-5.833647678065328,-64.0,-4.0,-64.0,64.0,0.9961718182617814
------------------X--X----OXXXX---OOO-----XOO------O------------ X;,1,50,7,7,0,0,-18,0,64,3.375,0.625,0.375,9.0,9.875,589404,-62.8496328494547,-6.611259848932142,-64.0,-4.0,-64.0,64.0,0.9958958541170403
------------------X--XX---OXXX----OOOO----XXO------------------- X;,1,50,8,6,2,0,-18,0,64,2.875,0.625,2.375,8.0,10.875,560310,-63.487462297656656,-5.183348503506987,-64.0,-4.0,-64.0,64.0,0.9967642911959451
-------------------OX------OO----XXXXOX---X--OO------O---------- X;,1,50,7,7,0,0,-12,0,64,1.0,0.5,3.5,9.0,8.0,239139,-62.66730228026378,-7.652402995747243,-64.0,-4.0,-64.0,64.0,0.996533396894693
------------X------OXX---XXOX-----XOX-------OOO----------------- X;,1,50,8,6,2,0,-12,0,64,0.7499999999999999,1.25,2.25,8.0,8.75,692772,-63.60570577332802,-5.148467316808416,-64.0,-4.0,-64.0,64.0,0.9981537937445508
------------X-------XX----OOX-----XOX-----XOOOO----------------- X;,1,50,7,7,0,0,-14,0,64,0.6250000000000001,0.375,3.625,9.0,9.625,536231,-63.08876211931052,-5.985506246375163,-64.0,-4.0,-64.0,64.0,0.9963485885747001
------------X-----XOXX----XOX-----XOX-------OOO----------------- X;,1,50,8,6,2,0,-14,0,64,0.6250000000000001,1.375,1.625,9.0,9.625,399399,-63.41582227296513,-5.901967706478985,-64.0,-4.0,-64.0,64.0,0.9953279802903863
---------XO-------XO-X----OOXXX----OO------XO------------------- X;,1,50,7,7,0,0,-28,0,64,2.625,0.375,4.625,6.0,8.625,908384,-63.043901037446716,-7.1055621851551765,-64.0,-4.0,-64.0,64.0,0.9981230404762743
------------------X--XX---XXOX----XOOO----OOO------------------- X;,1,50,7,7,0,0,-14,0,64,1.375,2.125,1.875,8.0,10.875,910625,-63.3158391214825,-5.659183527796843,-64.0,-4.0,-64.0,64.0,0.9968614962251201
----------X-------XXXX-----OOOO----XOX----XO-------------------- X;,1,50,8,6,2,0,-16,0,64,3.6250000000000004,0.375,2.625,7.0,9.625,689420,-63.26084244727452,-5.437756374923849,-64.0,-4.0,-64.0,64.0,0.9939398334832178
------------------X--XX--XXXOX-----OOO-----OO------O------------ X;,1,50,7,7,0,0,-18,0,64,2.25,1.75,1.75,8.0,8.75,476967,-63.58744525302589,-4.9794702778179625,-64.0,-4.0,-64.0,64.0,0.9977377889874981
-------------X----X-XX---OOOO-----XXOX------OO------------------ X;,1,50,7,7,0,1,-10,0,64,1.6249999999999998,0.375,2.625,9.0,9.625,2069171,-63.82123807070561,-4.285925619487225,-64.0,-4.0,-64.0,64.0,0.9985356454348142
-------------X--X-X-XX---XOOO-----OOO-----O-O------------------- X;,1,50,6,8,-2,1,-10,0,64,5.125000000000001,0.875,1.125,6.0,8.625,492260,-63.53046967049933,-5.023087392841181,-64.0,-4.0,-64.0,64.0,0.9968776662739203
-------------X----X-XX---XOOO---X-OOO----O--O------------------- X;,1,50,6,8,-2,0,-14,0,64,5.749999999999999,1.25,0.75,5.0,7.75,401077,-63.062062895653455,-6.307095644975902,-64.0,-4.0,-64.0,64.0,0.9977011895471443
-------------X----X-XX---OOOX-----OOO-----XOO------------------- X;,1,50,6,8,-2,2,-18,0,64,4.625,0.375,1.625,7.0,9.625,296517,-63.37200902477767,-4.861104085094615,-64.0,-4.0,-64.0,64.0,0.9971536201971557
-----------------XX-------XXXXX----OO-----XOO------OO----------- X;,1,50,8,6,2,0,-26,0,64,1.2500000000000002,3.25,0.25,9.0,8.25,122205,-61.915625383576774,-7.4405548054498585,-64.0,-4.0,-64.0,64.0,0.9963831267133096
-------------X----X-XX----XOO-----XOOX-----OOO------------------ X;,1,50,7,7,0,1,-14,0,64,4.875000000000001,2.125,0.375,6.0,10.875,932868,-63.56862278478842,-5.0742141439088915,-64.0,-4.0,-64.0,64.0,0.9981594394919753
-------------X-----XXX----OOOO----XXOO------OO------------------ X;,1,50,6,8,-2,0,-14,0,64,1.2500000000000002,1.25,3.25,8.0,11.25,1364683,-63.54335915373753,-5.308010724834999,-64.0,-4.0,-64.0,64.0,0.9963039035439
-------------X---X--XX----XOO-----XOOX-----OOO------------------ X;,1,50,7,7,0,0,-16,0,64,5.000000000000001,2.0,1.0,5.0,10.0,725430,-63.6726272693437,-4.664383882662697,-64.0,-4.0,-64.0,64.0,0.9981335208083482
------------------OX-XX---XOOX---X-XO------OO-----O------------- X;,1,50,7,7,0,0,-18,0,64,1.2500000000000002,1.75,2.25,8.0,8.75,540656,-63.653683673167414,-5.156779911810837,-64.0,-4.0,-64.0,64.0,0.9985332632949602
-----------------XXX-XX---XOOX----OOO------XO------------------- X;,1,50,8,6,2,0,-18,0,64,5.999999999999999,0.5,0.0,7.0,10.0,249876,-63.39990635355136,-5.029106436792649,-64.0,-4.0,-64.0,64.0,0.9978669420032336
------------------OX-XX--XXXXX-----XO-----OOO------------------- X;,1,50,9,5,4,0,-18,0,64,1.6249999999999998,1.375,1.625,9.0,9.625,1306580,-63.372219841111914,-5.420377627087511,-64.0,-4.0,-64.0,64.0,0.9976281590105466
-------------X------XX----OOOX----XOO-X---XOO------------------- X;,1,50,7,7,0,1,-16,0,64,5.25,0.75,3.25,4.0,9.75,561496,-63.5001976861812,-5.105829783293203,-64.0,-4.0,-64.0,64.0,0.9980267001011583
-----------------X--OXX---XOOX----OOO-----XXO------------------- X;,1,50,7,7,0,0,-16,0,64,5.5,1.0,1.0,6.0,10.0,441620,-63.645052307413614,-4.670331959603279,-64.0,-4.0,-64.0,64.0,0.9980820615008378
-------------X----X-XX----XOOO----XOO-----XOO------------------- X;,1,50,7,7,0,0,-16,0,64,6.374999999999999,0.625,0.375,6.0,10.875,385662,-63.42773464847457,-5.136453682239889,-64.0,-4.0,-64.0,64.0,0.9966525091919868
-------------X----OXXX----OOOO----XXO-----X-O------------------- X;,1,50,7,7,0,0,-16,0,64,1.375,0.625,3.875,8.0,10.875,927679,-63.37468240630649,-4.975214486907648,-64.0,-4.0,-64.0,64.0,0.9922106676986329
-------------X------XX----OOOX----XOXX----XOO------------------- X;,1,50,8,6,2,0,-16,0,64,2.25,1.25,3.25,7.0,11.25,578590,-63.21321142778133,-5.580213968440519,-64.0,-4.0,-64.0,64.0,0.9971482396861335
-------------X---X--XX----XOOO----XOO-----XOO------------------- X;,1,50,7,7,0,0,-18,0,64,5.5,0.5,1.0,6.0,10.0,406402,-63.44020206593471,-5.411781930207036,-64.0,-4.0,-64.0,64.0,0.9978125107652029
-------------------OXX-----OOO----XXOXX--XXO-------------------- X;,1,50,8,6,2,0,-18,0,64,2.25,0.75,2.25,8.0,9.75,515913,-63.452316572755485,-5.475049087733785,-64.0,-4.0,-64.0,64.0,0.9976914712364294
------------------XXX------OO-----XOOXX--XXOO------------------- X;,1,50,8,6,2,0,-22,0,64,5.749999999999999,0.75,0.25,7.0,9.75,56298,-62.88816654232832,-6.835766812320154,-64.0,-4.0,-64.0,64.0,0.9959678851824221
-------------------OXX-----OOO----XXOXX--XX-O------------------- X;,1,50,8,6,2,0,-24,0,64,2.25,0.75,2.75,6.0,9.75,119102,-63.084431831539355,-5.780490671861094,-64.0,-4.0,-64.0,64.0,0.9971453040251214
-----------X------OXX------OO-----XXOXX--XX-O------------------- X;,1,50,9,5,4,0,-24,0,64,2.75,0.25,2.75,8.0,8.75,65825,-62.97927838966958,-5.909077098366882,-64.0,-4.0,-64.0,64.0,0.9975237371819218
----------X--------X-XX--XXOXX-----OO-----OOO------------------- X;,1,50,8,6,2,0,-26,0,64,1.7500000000000002,1.25,1.25,9.0,8.75,121393,-63.06997932335472,-5.918067763380096,-64.0,-4.0,-64.0,64.0,0.998162991276268
----------X--------XX------OX-----XOOXX--XXOO------------------- X;,1,50,9,5,4,0,-26,0,64,2.3749999999999996,0.625,1.375,9.0,9.375,65616,-63.092645086564254,-5.935610217020239,-64.0,-4.0,-64.0,64.0,0.9973939283101683
------------X------X-XX--XXOXX-----OO-----OOO------------------- X;,1,50,8,6,2,0,-28,0,64,1.7500000000000002,1.25,1.25,9.0,8.75,100878,-63.033803207835206,-5.898094728285652,-64.0,-4.0,-64.0,64.0,0.9988302702274034
-----------X------OX-XX--XXOXX-----XO------XO------------------- X;,1,50,10,4,6,0,-28,0,64,1.7500000000000002,0.25,5.75,6.0,8.75,72398,-62.630846155971156,-6.470979861322136,-64.0,-4.0,-64.0,64.0,0.9969612420232603
-----------------X---XX---XOOOO----XXO-----XOO------------------ X;,1,50,7,7,0,0,-12,0,64,0.7499999999999999,0.75,1.25,10.0,8.75,1552510,-63.4231779505446,-5.377909321034969,-64.0,-4.0,-64.0,64.0,0.9971729650694682
----------X-------OXX------OOO----XOOX---XX---X----------------- X;,1,50,8,6,2,0,-20,0,64,6.25,0.25,1.25,6.0,9.25,480283,-63.59022076567357,-5.022959380198758,-64.0,-4.0,-64.0,64.0,0.9979366331933465
-----------------X-X-XX---XXOOO----XO------XOO------------------ X;,1,50,8,6,2,0,-24,0,64,0.7499999999999999,0.75,1.25,10.0,8.75,412960,-63.03125726462611,-6.967793490895002,-64.0,-4.0,-64.0,64.0,0.9979344246416118
-----------------XX---X---XOOX-----OOO---XXXX------------------- X;,1,50,9,5,4,0,-24,0,64,7.249999999999999,1.25,0.25,5.0,9.25,120184,-62.92318445050922,-5.669340344804633,-64.0,-4.0,-64.0,64.0,0.9955651334620249
----------X------XXX-O----XOOX-----OO-----XO-O------------------ X;,1,50,7,7,0,1,-16,0,64,5.000000000000001,0.5,1.0,7.0,10.5,613999,-63.71745719455569,-4.670198159931856,-64.0,-4.0,-64.0,64.0,0.9986530922688799
-----------------XOOOX----XXOXX----XO------X-O------------------ X;,1,50,8,6,2,0,-16,0,64,0.6250000000000001,1.375,2.625,9.0,9.625,915168,-63.64812143781251,-5.048183502919683,-64.0,-4.0,-64.0,64.0,0.9980407968810098
-----------------XOOOXX---XOOX-----XX------X-O------------------ X;,1,50,8,6,2,0,-22,0,64,0.875,1.625,2.375,9.0,9.875,232712,-63.219060469593316,-6.003815875416824,-64.0,-4.0,-64.0,64.0,0.9980447935645776
-----------------XOX-X---OOOXX-----XXX-----X-O------------------ X;,1,50,9,5,4,0,-26,0,64,2.625,0.375,3.625,7.0,9.625,17957,-58.8661803196525,-11.733251656735534,-64.0,-4.0,-64.0,64.0,0.9983850309071671
----------X--------X-------OXXX----OOOO---XXXO------------------ X;,1,50,8,6,2,0,-18,0,64,2.25,1.25,2.75,6.0,8.75,371891,-63.25413629262338,-5.735029887789702,-64.0,-4.0,-64.0,64.0,0.9969076960722362
------------------X---X---XOOX----XOOO---XXXX------------------- X;,1,50,9,5,4,0,-18,0,64,7.5,0.5,1.0,4.0,10.0,236984,-63.06671758430949,-5.565341964014448,-64.0,-4.0,-64.0,64.0,0.9966748810046248
-------------X-----XXX-----XOOO---XOOX---X---X------------------ X;,1,50,9,5,4,0,-22,0,64,3.7500000000000004,0.25,1.75,8.0,8.75,226078,-62.46018630738064,-7.625598244853546,-64.0,-4.0,-64.0,64.0,0.996474668034926
-----------------XOX-X----XOXX-----XOX-----XOO------------------ X;,1,50,9,5,4,0,-26,0,64,2.3749999999999996,0.625,6.375,4.0,10.875,56682,-62.43317102431107,-5.904996295120144,-64.0,-4.0,-64.0,64.0,0.998765040047987
-------------------X-O-----XXX----XXXXX--X--OOO----------------- X;,1,50,10,4,6,0,-20,0,64,6.25,1.25,0.75,5.0,8.75,360906,-60.73930330889484,-13.389389480917469,-64.0,-4.0,-64.0,64.0,0.9957495857647144
-----------------X---XXX--XXXOX---OOO------X-O------------------ X;,1,50,9,5,4,0,-20,0,64,0.7499999999999999,1.25,1.75,8.0,7.75,331332,-63.685572175340745,-4.695489720280564,-64.0,-4.0,-64.0,64.0,0.9984758489973803
---------------X-XO--XX---XOXXX----XO------X-O------------------ X;,1,50,10,4,6,0,-30,0,64,2.125,0.875,6.625,4.0,8.125,167137,-62.973853784619806,-5.944602332218479,-64.0,-4.0,-64.0,64.0,0.9977802640947246
-------------------XXO-----XX-----XXXOX--X---OO------O---------- X;,1,50,9,5,4,0,-32,0,64,5.749999999999999,0.75,1.75,5.0,8.25,211995,-62.92930493643718,-5.90567702068445,-64.0,-4.0,-64.0,64.0,0.9983537347578952
----------O---X----O-X-----XO-----XXXOX--X---XO----------------- X;,1,50,9,5,4,0,-26,0,64,2.625,0.375,3.625,7.0,7.625,387738,-63.51524225121087,-6.601661431172596,-64.0,-4.0,-64.0,64.0,0.9989064780857176
--------------X--X---XX---XXXOX---OOO------X-O------------------ X;,1,50,9,5,4,0,-38,0,64,0.875,1.125,1.875,8.0,7.875,194368,-62.802246254527496,-8.155648049061574,-64.0,-4.0,-64.0,64.0,0.9977465426407639
------------------XXXO----XOOO---XXXOX-----O-------------------- X;,1,50,8,6,2,2,-16,0,64,2.25,0.25,3.25,8.0,11.25,927724,-63.189264263940565,-5.928438846036106,-64.0,-4.0,-64.0,64.0,0.9970583923666952
-----------------XXXXO----XOOO----XXOX-----O-------------------- X;,1,50,8,6,2,1,-16,0,64,2.25,0.25,3.25,8.0,11.25,1004498,-63.300906522461965,-5.748053256452477,-64.0,-4.0,-64.0,64.0,0.9974534543622785
-------------------XOX----XXOX---X-XOO-----X-OO----------------- X;,1,50,8,6,2,0,-18,0,64,0.7499999999999999,0.25,1.25,11.0,9.75,388279,-62.44549151512186,-8.634123916050056,-64.0,-4.0,-64.0,64.0,0.9978597863907139
-----------------XXXXX-----OOO----XXOO------OO------------------ X;,1,50,7,7,0,0,-18,0,64,1.375,0.625,1.875,10.0,10.875,364680,-63.299363825819896,-5.903279587583635,-64.0,-4.0,-64.0,64.0,0.9973209389053417
-----------------X-XOX----XXOX-----XOO-----X-OO----------------- X;,1,50,8,6,2,0,-20,0,64,0.5000000000000001,0.0,1.0,12.0,10.0,409028,-62.747340035401,-7.293248872937794,-64.0,-4.0,-64.0,64.0,0.9979854679875216
-------------------XOX---XXXOX-----XOO-----X-OO----------------- X;,1,50,8,6,2,0,-22,0,64,0.7499999999999999,0.25,1.25,11.0,9.75,365046,-62.626373114621174,-7.463462139018096,-64.0,-4.0,-64.0,64.0,0.9983152808139248
---------X--------XXXX-----XOO----XXOX-----OO------------------- X;,1,50,9,5,4,0,-34,0,64,1.375,0.125,0.375,12.0,11.375,356166,-63.079547177439736,-5.883868757826407,-64.0,-4.0,-64.0,64.0,0.9987898901074218
------------------XXXXX----OOO-----XOX----XOO------------------- X;,1,50,8,6,2,2,-16,0,64,3.375,0.125,1.875,8.0,10.875,301935,-63.087737426929635,-5.41885505158395,-64.0,-4.0,-64.0,64.0,0.9965257422955272
----------X-------X-XX----XOXO----XOOO----XO-------------------- X;,1,50,8,6,2,2,-18,0,64,3.375,0.125,1.375,9.0,10.875,352834,-63.329506226724185,-5.468971244267843,-64.0,-4.0,-64.0,64.0,0.9967435111128746
----------X-------XOX-----XOOXX---XOOO----X--------------------- X;,1,50,8,6,2,2,-18,0,64,5.749999999999999,0.75,2.25,5.0,9.75,282430,-62.85245901639344,-6.386106291824523,-64.0,-4.0,-64.0,64.0,0.9938675069928832
----------X-------X-X-----XOOX----XOXXX---XO-------------------- X;,1,50,10,4,6,0,-18,0,64,4.25,2.25,1.25,6.0,9.75,228837,-63.165676879176004,-6.2339656611474545,-64.0,-4.0,-64.0,64.0,0.9973168674646146
-----------------XXXXX-----OOO----XXOX-----OO------------------- X;,1,50,8,6,2,1,-20,0,64,2.25,0.25,1.25,10.0,11.25,331018,-63.12180002295948,-6.370559909128809,-64.0,-4.0,-64.0,64.0,0.996136161779722
-------------------XXX---XXXXX----OOOX-----X-O------------------ X;,1,50,10,4,6,0,-16,0,64,3.2499999999999996,0.25,1.25,8.0,11.25,553001,-63.54469521754933,-4.802779741808785,-64.0,-4.0,-64.0,64.0,0.9978408718971575
-------------X------XX---XXXOX-----XOOO----X-O------------------ X;,1,50,9,5,4,0,-22,0,64,1.2500000000000002,0.25,2.25,10.0,8.75,192272,-62.9535865856703,-6.979372971623533,-64.0,-4.0,-64.0,64.0,0.996869018889906
-----------X--------XX---XXXOX-----XOOO----X-O------------------ X;,1,50,9,5,4,0,-24,0,64,1.2500000000000002,0.25,2.25,10.0,9.25,129628,-62.437282068688866,-7.1973030518097945,-64.0,-4.0,-64.0,64.0,0.9961196655043664
----------X------OX-X-----OOX-----XOXXX---XO-------------------- X;,1,50,9,5,4,0,-26,0,64,1.2500000000000002,0.75,0.25,11.0,8.75,137212,-62.21251785558115,-7.728376526834388,-64.0,-4.0,-64.0,64.0,0.9969681952015859
---------X-------OX-X-----OXX-----XOXXX---XO-------------------- X;,1,50,10,4,6,0,-46,0,64,2.625,0.375,1.625,9.0,8.625,37477,-57.58878778984444,-12.120420524588415,-64.0,-4.0,-64.0,64.0,0.9985324332257117
------------------X---X---XOOOO--XOOX---X-O-X------------------- X;,1,50,7,7,0,0,-18,0,64,1.2500000000000002,0.75,4.25,7.0,7.75,152523,-63.58406273152246,-4.663336021452502,-64.0,-4.0,-64.0,64.0,0.9963153098221252
----------X--------X------XXXX-----OO-----XOOO-----OO----------- X;,1,50,7,7,0,0,-20,0,64,0.7499999999999999,1.75,1.25,10.0,8.75,92067,-60.89786785710407,-9.915648386501134,-64.0,-4.0,-64.0,64.0,0.9967089185050018
-----------------X---X----XOOX-----XXOXX---X-OO----------------- X;,1,50,9,5,4,0,-22,0,64,0.7499999999999999,0.25,1.75,11.0,7.75,85661,-61.68895997011475,-8.15010331422701,-64.0,-4.0,-64.0,64.0,0.9958324091476868
-------------X-----X-XO----XOOO---XOOX---X---X------------------ X;,1,50,8,6,2,0,-28,0,64,2.75,0.25,1.75,9.0,8.25,29101,-61.25030067695268,-9.094086113879248,-64.0,-4.0,-64.0,64.0,0.9952235318373939
------------------XXXX-----XX----OOOOO---X---O-------O---------- X;,1,50,7,7,0,39,2,-64,0,0.37499999999999994,2.625,0.875,10.0,8.875,3739980,5.942080973695046,63.97487259290157,4.0,64.0,-64.0,64.0,0.9967951700276472
------------O-----XXOX-----XO-----XOOO---X---O-------O---------- X;,1,50,6,8,-2,5,4,-64,0,1.375,0.625,1.875,8.0,8.875,3269220,5.54317910694294,63.97574100244095,4.0,64.0,-64.0,64.0,0.9998403288857892
-----------O------XOXX-----OX-----XOOO---X---O-------O---------- X;,1,50,6,8,-2,4,6,-64,0,1.375,0.625,3.875,8.0,8.875,2249275,6.469453045981483,63.98395705282813,4.0,64.0,-64.0,64.0,0.9987667137188649
----------O-------XOXX-----XO-----XOOO---X---O-------O---------- X;,1,50,6,8,-2,0,8,-64,0,1.375,1.125,4.375,7.0,9.375,1577935,5.503811627221654,63.983083587093255,4.0,64.0,-64.0,64.0,0.9998041744431805
-------------X----X-X-----XXO-----XOO-----O-OOO--O-------------- X;,1,50,6,8,-2,0,20,-64,0,2.0000000000000004,1.0,2.5,8.0,9.0,1644866,6.268238263785621,63.96977018188716,4.0,64.0,-64.0,64.0,0.9987470103947678
---------O--------OXXX-----OX-----XOOO---X---O-------O---------- X;,1,50,6,8,-2,0,22,-64,0,2.0000000000000004,1.0,4.5,6.0,9.0,1485143,9.759334286327983,63.97531079498742,4.0,64.0,-64.0,64.0,0.9999252597224645
----------XO------XXOX-----OOO----OOOO----X--------------------- X;,1,50,5,9,-4,19,2,-64,0,7.625000000000001,1.375,1.625,3.0,9.625,1489574,7.943053517314346,63.94442840704792,4.0,64.0,-64.0,64.0,0.9996106269309212
----------XO-O----XXOX-----OX-----OOOO----X--------------------- X;,1,50,6,8,-2,4,2,-64,0,3.875,0.625,2.375,6.0,8.875,640144,12.98207903221775,63.86513971856332,4.0,64.0,-64.0,64.0,0.9983238146417056
----------XOO-----XXOX-----OO-----OOOO----X--------------------- X;,1,50,5,9,-4,6,6,-64,0,7.375,1.125,0.875,4.0,8.875,775812,12.612430588854,63.885112630379524,4.0,64.0,-64.0,64.0,0.9997499394183127
----------XO------OXXX---O-OX-----OOOO----X--------------------- X;,1,50,6,8,-2,1,8,-64,0,1.875,2.125,3.875,6.0,8.875,918197,11.01429105083114,63.89031874423463,4.0,64.0,-64.0,64.0,0.99769766183074
------------OX----XXXX-----XO-----OOOO-------O-------O---------- X;,1,50,6,8,-2,0,10,-64,0,1.375,2.125,1.875,8.0,8.875,639680,14.575142258629315,63.77121529514758,4.0,64.0,-64.0,64.0,0.998258504252126
-O--------OO------XOXX-----OO-----OOOO----X--------------------- X;,1,50,4,10,-6,0,14,-64,0,7.125,0.875,1.125,4.0,8.625,2484656,10.269678378012891,63.945770360162534,4.0,64.0,-64.0,64.0,0.9996144335473401
-----------------XX-OX---OXOO-----XOO-----O-O----O-------------- X;,1,50,5,9,-4,0,22,-64,0,4.750000000000001,2.25,0.75,6.0,8.75,684241,16.84565087447259,63.88580485530683,4.0,64.0,-64.0,64.0,0.9999152345445538
------------OX----XXXX-----XO-----OOOO-------O--------O--------- X;,1,50,6,8,-2,0,22,-64,0,1.7500000000000002,2.25,1.75,8.0,8.75,769882,11.450619705357445,63.8485040564658,4.0,64.0,-64.0,64.0,0.9999233648792932
---------OOO------OXXX-----OX-----OOOO----X--------------------- X;,1,50,5,9,-4,0,32,-64,0,1.7500000000000002,2.25,3.75,6.0,8.75,593162,10.791443147066063,63.90101860874432,4.0,64.0,-64.0,64.0,0.9999443659573607
-----------OO-----XOOX-----OXX----OOOO----X--------------------- X;,1,50,5,9,-4,3,4,-64,0,4.875000000000001,0.625,1.375,7.0,9.875,4037062,5.0297065043836335,63.99121861393261,4.0,64.0,-64.0,64.0,0.9994818013694117
------------O-----XXOO-----XXXO---OOOO----X--------------------- X;,1,50,6,8,-2,0,6,-64,0,0.875,0.125,0.875,11.0,9.875,1325837,7.152594926827355,63.95572381823708,4.0,64.0,-64.0,64.0,0.9999238217065899
------------O-----XOOX----OXXX----OOOO----X--------------------- X;,1,50,6,8,-2,4,8,-64,0,4.375,0.125,0.875,8.0,10.875,1476466,9.624645606468418,63.932089191352865,4.0,64.0,-64.0,64.0,0.9998367724011253
------------O-----XXOX-----XXO----OOOOO---X--------------------- X;,1,50,6,8,-2,2,8,-64,0,3.875,1.125,1.375,7.0,9.875,4204248,6.0828892586736085,63.9759302971661,4.0,64.0,-64.0,64.0,0.9982543846128963
----------O-O-----XOOX-----XOX----OOOO----X--------------------- X;,1,50,5,9,-4,1,8,-64,0,4.625,0.375,1.625,7.0,9.625,1541351,8.085485395604247,63.94550559865988,4.0,64.0,-64.0,64.0,0.9997171312699055
-----------O------XOXX----XXX-----OOOO-------O-------O---------- X;,1,50,6,8,-2,1,12,-64,0,0.6250000000000001,0.375,0.625,11.0,9.625,617571,9.734535786168715,63.844608959941446,4.0,64.0,-64.0,64.0,0.9993863053802721
------------------X-OX----XXO----OOXO----OOOO------------------- X;,1,50,5,9,-4,0,12,-64,0,1.6249999999999998,1.375,1.625,9.0,9.625,707021,8.360348561075272,63.894732971156444,4.0,64.0,-64.0,64.0,0.9997199517411788
------------O----OOOOX-----XXX----OOOO----X--------------------- X;,1,50,5,9,-4,0,14,-64,0,1.6249999999999998,0.375,2.625,9.0,9.625,357105,8.714215706864927,63.93420422564792,4.0,64.0,-64.0,64.0,0.9998039792217975
------------------X-OX----XXO----OOXO-----OOO-----O------------- X;,1,50,5,9,-4,0,16,-64,0,1.6249999999999998,1.375,1.625,9.0,9.625,728046,9.102482535444189,63.87632100169495,4.0,64.0,-64.0,64.0,0.9998557783436761
------------O-O---XXOO-----XOX----OOOO----X--------------------- X;,1,50,5,9,-4,0,22,-64,0,1.7500000000000002,0.25,1.75,9.0,9.75,1966443,9.56043373746404,63.941085503113996,4.0,64.0,-64.0,64.0,0.9999099897632425
-----------O------XOXX----XXX-----OOOO-------O--------O--------- X;,1,50,6,8,-2,0,24,-64,0,0.7499999999999999,0.25,0.75,11.0,9.75,655070,10.016549376402521,63.84656754240005,4.0,64.0,-64.0,64.0,0.9999190926160563
---------O--O-----OXOX-----OXX----OOOO----X--------------------- X;,1,50,5,9,-4,0,26,-64,0,1.7500000000000002,0.25,3.75,7.0,9.75,679672,15.18291470003178,63.82351781447522,4.0,64.0,-64.0,64.0,0.9999396767852728
------------------X-OX----XXXX----OXO----OOOO------------------- X;,1,50,7,7,0,0,4,-64,0,1.875,2.125,1.875,8.0,10.875,2389278,6.3086932537779195,63.95971167859077,4.0,64.0,-64.0,64.0,0.9860786396559965
-----------------OX-OX----OXXX----OOO----OX-O------------------- X;,1,50,6,8,-2,0,4,-64,0,3.875,0.625,0.375,9.0,9.875,3373048,6.137673700463202,63.94904134183682,4.0,64.0,-64.0,64.0,0.9982019230085074
------------------X-OX----XXXX----OXO----OO-O-----O------------- X;,1,50,7,7,0,0,8,-64,0,1.875,1.125,1.875,9.0,9.875,716153,5.338198681008109,63.97229223364281,4.0,64.0,-64.0,64.0,0.9999650912584322
-------------O----XXOX-----XX-----OXOO----XO--------O----------- X;,1,50,7,7,0,0,8,-64,0,4.625,0.375,2.625,5.0,9.625,1319484,5.056037814782142,63.98516465527433,4.0,64.0,-64.0,64.0,0.9979120625941656
----------O-------O-OX----OXXX----OXO----OX-O------------------- X;,1,50,6,8,-2,0,10,-64,0,2.875,0.125,3.375,7.0,9.875,1498563,4.8978855076496615,63.9702675162806,4.0,64.0,-64.0,64.0,0.9978933151292272
-------------O----XXOX-----XX-----OXOO----OO------O------------- X;,1,50,6,8,-2,0,14,-64,0,2.875,0.625,2.875,6.0,9.875,180412,13.11284171784582,63.80214176440592,4.0,64.0,-64.0,64.0,0.9998780568920027
---------O--------O-OX----XOXX----OXO----OX-O------------------- X;,1,50,6,8,-2,0,24,-64,0,0.7499999999999999,1.25,6.75,5.0,9.75,1664055,7.24804588790635,63.97970680055647,4.0,64.0,-64.0,64.0,0.9999807698663806
----------O-------OOXX----OXXX----OOOO----X--------------------- X;,1,50,6,8,-2,0,8,-64,0,0.875,0.625,4.375,8.0,10.875,1802891,6.25915487957952,63.95610383545095,4.0,64.0,-64.0,64.0,0.9998918403830293
----------O------OOOXX-----XXX----OOOO----X--------------------- X;,1,50,6,8,-2,1,12,-64,0,0.875,0.125,3.875,9.0,9.875,1159773,5.737214954995504,63.95462646569631,4.0,64.0,-64.0,64.0,0.9999611993036568
-------------O----XXOX----XXX-----OOOO-------O-------O---------- X;,1,50,6,8,-2,0,12,-64,0,0.875,0.625,1.375,11.0,9.875,638735,9.739848293893399,63.86176426843683,4.0,64.0,-64.0,64.0,0.999826219011014
-----------------OX-OX----OXO-----OXO-----OOO-----O------------- X;,1,50,4,10,-6,0,16,-64,0,3.875,0.125,0.375,9.0,9.875,512363,7.374453268483477,63.89036093550862,4.0,64.0,-64.0,64.0,0.9999297373151457
-----------------OX-OX----OOO-----OXO----OOOO------------------- X;,1,50,3,11,-8,0,16,-64,0,4.875000000000001,0.625,1.375,7.0,9.875,225665,10.61929408636696,63.83434294197151,4.0,64.0,-64.0,64.0,0.9996233354751513
----------O---O---XOXO-----XOX----OOOO----X--------------------- X;,1,50,5,9,-4,0,24,-64,0,1.7500000000000002,0.25,2.75,9.0,9.75,1936878,8.164348503106545,63.96152726191325,4.0,64.0,-64.0,64.0,0.9999452727533691
---------OO-------OOXX-----OXX----OOOO----X--------------------- X;,1,50,5,9,-4,0,24,-64,0,1.7500000000000002,0.25,4.75,7.0,9.75,980315,13.363488266526575,63.886387538699296,4.0,64.0,-64.0,64.0,0.999913293176173
-------------O----XXOX----XXX-----OOOO-------O--------O--------- X;,1,50,6,8,-2,0,30,-64,0,0.7499999999999999,0.25,1.75,11.0,9.75,841745,5.825849871398107,63.96771468793993,4.0,64.0,-64.0,64.0,0.9999833678845731
------------------X-O-----XXXX---OOOO-----X-OO--------O--------- X;,1,50,6,8,-2,0,16,-64,0,0.7499999999999999,1.25,0.75,11.0,9.75,2772924,5.562189226967634,63.98960736031712,4.0,64.0,-64.0,64.0,0.999985574793972
------------------XXXX-----XX-----OXOO-----O-O------O-O--------- X;,1,50,7,7,0,0,18,-64,0,1.7500000000000002,1.25,1.75,9.0,9.75,1347996,4.8427435986456935,63.98963275855418,4.0,64.0,-64.0,64.0,0.9999873886866133
------------------XXXX-----XX-----OXOO-----O-O----O---O--------- X;,1,50,7,7,0,0,18,-64,0,1.7500000000000002,1.25,1.75,9.0,9.75,1521044,4.752976245263122,63.993049510730785,4.0,64.0,-64.0,64.0,0.9999875085796335
-----------------OX-O-----OXXX----XOO-----X-OO--------O--------- X;,1,50,6,8,-2,0,22,-64,0,0.7499999999999999,1.25,1.75,9.0,9.75,899308,5.914845636867458,63.966563179689274,4.0,64.0,-64.0,64.0,0.9999744247799419
------------------X-O-----XOXX----OXO----OX-OO--------O--------- X;,1,50,6,8,-2,0,30,-64,0,0.7499999999999999,1.25,4.75,7.0,9.75,861445,5.869991699992455,63.94120228221186,4.0,64.0,-64.0,64.0,0.9983504460528531
---------O--------OO-X-----OXX----XXOX-----O-O--------O--------- X;,1,50,6,8,-2,0,36,-64,0,1.375,3.125,7.375,2.0,10.375,769353,6.030147409576618,63.96353039502023,4.0,64.0,-64.0,64.0,0.9987729949710991
-------------OO---XXOO-----OXX----OOOO----X--------------------- X;,1,50,5,9,-4,0,24,-64,0,1.7500000000000002,0.25,1.75,9.0,9.75,1568747,8.7195551609023,63.93746984057977,4.0,64.0,-64.0,64.0,0.9999464540808684
------------------X-OX----XXO-----XXO-----OOO----OO------------- X;,1,50,6,8,-2,0,26,-64,0,0.7499999999999999,3.25,0.75,9.0,9.75,1909511,8.25376392175798,63.960630234651696,4.0,64.0,-64.0,64.0,0.9999769574514104
-----------O--O---XOXO-----OXX----OOOO----X--------------------- X;,1,50,5,9,-4,0,26,-64,0,1.7500000000000002,0.25,2.75,9.0,9.75,1589553,10.447368536940889,63.918895437899835,4.0,64.0,-64.0,64.0,0.9999685446160022
---------O--------OXXX----XXX-----OOOO-------O-------O---------- X;,1,50,6,8,-2,0,28,-64,0,0.7499999999999999,1.25,2.75,9.0,9.75,660467,7.896409661648501,63.98002019782972,4.0,64.0,-64.0,64.0,0.9999621479952822
---------------------X----OOOO----XXX-----OOOOO--O-------------- X;,1,50,4,10,-6,0,30,-64,0,1.7500000000000002,0.25,0.75,11.0,9.75,546722,9.022100811747103,63.88648161222706,4.0,64.0,-64.0,64.0,0.9999432984222328
---------O----O---OXXO-----OXX----OOOO----X--------------------- X;,1,50,5,9,-4,0,34,-64,0,2.3749999999999996,1.125,1.375,9.0,10.375,707755,15.43081716130582,63.86184202160352,4.0,64.0,-64.0,64.0,0.9999491349407634
---------O--------OXXX----XXX-----OOOO-------O--------O--------- X;,1,50,6,8,-2,0,38,-64,0,1.375,1.125,3.375,8.0,10.375,353263,17.16142647262804,63.726019990771746,4.0,64.0,-64.0,64.0,0.9999320619481803
---------O--------O-OX----XXXX---OOOO-----X-O------------------- X;,1,50,6,8,-2,0,24,-64,0,0.7499999999999999,1.25,2.75,9.0,9.75,1820909,10.562732679117957,63.95096020723715,4.0,64.0,-64.0,64.0,0.9999703444817946
---------O-------OO-OX----OXXX----XOO-----X-O------------------- X;,1,50,6,8,-2,0,24,-64,0,0.7499999999999999,1.25,3.75,7.0,9.75,1324102,5.988709329039605,63.97560610889494,4.0,64.0,-64.0,64.0,0.9999682803892751
---------O--------OXXX-----XX-----OXOO----XO--------O----------- X;,1,50,7,7,0,0,24,-64,0,1.7500000000000002,1.25,3.75,7.0,9.75,897866,6.284576985875398,63.93606841109921,4.0,64.0,-64.0,64.0,0.9961976508744067
---------O--------OXXX-----XX-----OXOO----OO------O------------- X;,1,50,6,8,-2,0,30,-64,0,1.7500000000000002,1.25,1.75,9.0,9.75,380431,12.450980598321378,63.86850440684382,4.0,64.0,-64.0,64.0,0.9999631996340992
---------O--------O-OX----OXXX----OXO-----O-O-----O------------- X;,1,50,5,9,-4,0,40,-64,0,2.75,0.25,1.75,9.0,9.75,151607,16.004557837039187,63.72289538082015,6.0,64.0,-64.0,64.0,0.9998746759714261
------------O-----OOOX----XOXX-----OOO----XO-------------------- X;,1,50,5,9,-4,26,2,-64,0,1.875,2.125,3.375,6.0,10.875,3869826,7.811756911034243,63.95731384305134,4.0,64.0,-64.0,64.0,0.9985743545058615
------------------OX-X----OXX----OOXO-----XOO-------O----------- X;,1,50,6,8,-2,1,4,-64,0,2.875,0.125,3.375,7.0,9.875,2938455,7.285996892925024,63.95839173987691,4.0,64.0,-64.0,64.0,0.9995977477960357
------------------X--------XOO----XXXXO---OOOO------O----------- X;,1,50,6,8,-2,0,4,-64,0,1.875,1.125,1.875,9.0,9.875,699875,7.503304161457403,63.95295016967316,4.0,64.0,-64.0,64.0,0.9997971066261833
------------------OX-X----OXX----OOXO----OOOO------------------- X;,1,50,5,9,-4,0,6,-64,0,2.625,0.375,1.625,9.0,9.625,627388,8.605344698974159,63.837959922727244,4.0,64.0,-64.0,64.0,0.9981590339630341
------------O-----OOOX----OXXX---O-XOO----X--------------------- X;,1,50,6,8,-2,2,8,-64,0,2.875,0.125,4.875,5.0,9.875,1495279,6.580426796604513,63.97450375481766,4.0,64.0,-64.0,64.0,0.9996856773886345
-------------------OXX-----OXOO----OOO----XOOO------------------ X;,1,50,4,10,-6,0,8,-64,0,3.375,0.125,3.875,6.0,10.875,1382107,8.27675208938237,63.91273106930216,4.0,64.0,-64.0,64.0,0.9998697640631297
------------------OX-X----OXX----OOXO-----OOO-----O------------- X;,1,50,5,9,-4,0,10,-64,0,2.625,0.375,1.625,9.0,9.625,751546,8.860918692934298,63.8501728437115,4.0,64.0,-64.0,64.0,0.9977246901719922
------------------X-X------XXOO----XXOO----OOO------O----------- X;,1,50,6,8,-2,39,4,-64,0,6.25,0.25,0.25,7.0,9.25,847090,9.080312599605708,63.90333258567566,4.0,64.0,-64.0,64.0,0.9930444226705545
------------------X-X------XXO----OOOOO----OOO------O----------- X;,1,50,4,10,-6,3,8,-64,0,2.5000000000000004,0.5,0.5,10.0,10.0,1257905,5.063934080872562,63.97043655919962,4.0,64.0,-64.0,64.0,0.9976906046164058
------------O------O-X----OXX----OXXX-----OOO------O------------ X;,1,50,6,8,-2,0,12,-64,0,6.25,1.25,2.25,4.0,9.25,562841,7.540683781032299,63.90539424100234,4.0,64.0,-64.0,64.0,0.9998578639438136
-------------------X-X----OOOO---OXXO-----OOO------O------------ X;,1,50,4,10,-6,0,12,-64,0,2.0000000000000004,0.0,1.5,10.0,10.0,435582,10.2768204379428,63.76751564573375,4.0,64.0,-64.0,64.0,0.9993250409796548
-----------O-------O-X----OOX----OXOX-----OOO------O------------ X;,1,50,4,10,-6,1,14,-64,0,2.25,1.25,1.25,9.0,9.25,404864,6.420284342396459,63.926469135314576,4.0,64.0,-64.0,64.0,0.9998468621561808
-------------------XOX----OXO----OXXO-----OOO------O------------ X;,1,50,5,9,-4,0,14,-64,0,1.0,0.5,0.5,10.0,10.0,893983,7.649517943853518,63.926223429304585,4.0,64.0,-64.0,64.0,0.9994507725538405
-----------O------OXO----OOOXX----OXO--------O--------O--------- X;,1,50,4,10,-6,0,30,-64,0,1.875,0.125,5.875,5.0,8.875,408787,6.994040906388902,63.92297944895508,4.0,64.0,-64.0,64.0,0.9999168271006661
------------------X-X------XXOO----XXO-----OOOO-----O----------- X;,1,50,6,8,-2,2,4,-64,0,5.749999999999999,0.25,0.25,7.0,8.75,2019501,5.438745511886352,63.98672444331545,4.0,64.0,-64.0,64.0,0.9997638030384733
-------------------X-X---OOXX-----OOOO----XOO------O------------ X;,1,50,5,9,-4,4,6,-64,0,3.5,0.5,1.0,8.0,10.0,1838491,6.216366574544015,63.97011135762971,4.0,64.0,-64.0,64.0,0.9999205870466594
------------------X-X------XXOO----XXO-----OOO------OO---------- X;,1,50,6,8,-2,1,8,-64,0,5.749999999999999,0.25,0.25,7.0,8.75,963536,7.055250660068746,63.931722322777766,4.0,64.0,-64.0,64.0,0.9998069610268843
---------------------X----OXX----OOOOOO---XOO-------O----------- X;,1,50,4,10,-6,0,10,-64,0,5.25,0.25,1.25,7.0,9.25,1018256,6.566227942678462,63.957872087176504,4.0,64.0,-64.0,64.0,0.9998634920884335
-----------O-------OOX----OXXOO--O-XXO----X--------------------- X;,1,50,6,8,-2,0,12,-64,0,9.249999999999998,0.25,1.25,2.0,9.25,873579,7.7970933367216935,63.936432766813304,4.0,64.0,-64.0,64.0,0.9997699120514573
-----------O-------OOX----XOXOO----OOO----XO-------------------- X;,1,50,4,10,-6,0,12,-64,0,4.499999999999999,0.5,2.5,6.0,10.0,886710,9.121669993571743,63.88598076033878,4.0,64.0,-64.0,64.0,0.9998951179077714
-----------O-------OOX----XOXOO---OOOO----X--------------------- X;,1,50,4,10,-6,0,12,-64,0,4.499999999999999,0.0,2.5,6.0,10.0,1380318,6.706460395358171,63.86526003428195,4.0,64.0,-64.0,64.0,0.9939535672214663
--------------------OX---XOOO----OXOO-----OOO------O------------ X;,1,50,3,11,-8,3,6,-64,0,5.25,1.25,1.25,5.0,9.25,1044108,6.525499277852482,63.93957713186759,4.0,64.0,-64.0,64.0,0.9996025315388829
--------------------OX---XOOO----OOXO----OOOO------------------- X;,1,50,3,11,-8,0,8,-64,0,4.25,0.25,1.75,7.0,8.75,201294,11.723439347422179,63.50335330412233,4.0,64.0,-64.0,64.0,0.9996621856587876
--------------------OX---XOOO----OOXO-----OOO-----O------------- X;,1,50,3,11,-8,0,10,-64,0,4.25,0.25,1.75,7.0,8.75,110086,15.163690205839071,63.71207964682158,4.0,64.0,-64.0,64.0,0.9997729048198681
----------OOO------OXX-----OXX----OOOO----X--------------------- X;,1,50,5,9,-4,0,12,-64,0,2.75,0.75,3.25,7.0,8.75,204702,12.297539838399233,63.75484851149476,4.0,64.0,-64.0,64.0,0.9997410870436049
---O-------OO------OXX-----OXX----OOOO----X--------------------- X;,1,50,5,9,-4,1,14,-64,0,2.75,0.75,3.25,7.0,8.75,247496,14.100842033810647,63.79161683421146,4.0,64.0,-64.0,64.0,0.9989009923392701
-----------OX-----XXO-----XXO-----OOOO-------O-------O---------- X;,1,50,5,9,-4,0,18,-64,0,1.2500000000000002,0.25,2.75,9.0,8.75,392788,15.212491216635947,63.59631658808314,4.0,64.0,-64.0,64.0,0.999549375235496
-----------XO-O----OXO-----OOX----OOOO----X--------------------- X;,1,50,4,10,-6,0,24,-64,0,4.375,0.125,1.875,7.0,8.875,286479,15.846072486988575,63.72670597146737,4.0,64.0,-64.0,64.0,0.9947395795154269
-----------OX-----XXO-----XXO-----OOOO-------O--------O--------- X;,1,50,5,9,-4,0,30,-64,0,1.375,0.125,2.875,9.0,8.875,328494,15.007172124909435,63.63729626720732,4.0,64.0,-64.0,64.0,0.9998843205659769
------------------X-OX-----XOO-----XOO-----OOO------OO---------- X;,1,50,4,10,-6,1,6,-64,0,3.6250000000000004,0.375,0.625,9.0,9.625,2260141,5.849076672650069,63.97823321642322,4.0,64.0,-64.0,64.0,0.9997716956596956
------------------X--X----OXX-----OOOO----OOO-----OO------------ X;,1,50,4,10,-6,1,6,-64,0,3.6250000000000004,0.375,0.625,9.0,9.625,1897092,4.659796151161884,63.98641710575976,4.0,64.0,-64.0,64.0,0.9994649705971034
------------------X--------XXO-----XXOO--OOOOOO----------------- X;,1,50,5,9,-4,0,6,-64,0,6.875,0.625,0.375,6.0,8.875,1206558,6.496585327849966,63.956341095910844,4.0,64.0,-64.0,64.0,0.9998624185492948
------------------X-OX----OOO-----OXO-----OOO-----OO------------ X;,1,50,3,11,-8,0,12,-64,0,4.625,0.375,1.625,7.0,9.625,506833,8.319260979454771,63.911016054597866,4.0,64.0,-64.0,64.0,0.9996981254180372
------------------X--X----OOOO----OXO-----OOO-----OO------------ X;,1,50,3,11,-8,0,14,-64,0,4.625,0.375,1.625,7.0,9.625,417112,7.22616707263277,63.91158969293619,4.0,64.0,-64.0,64.0,0.9995732561038762
---------O--------O--X-----OXO-----XOO-----OOO------OO---------- X;,1,50,3,11,-8,0,26,-64,0,2.75,0.25,6.75,4.0,8.75,670983,6.262771187943659,63.960909590854016,4.0,64.0,-64.0,64.0,0.9999627412318941
---------------------X----OOX----XXXO----OOOOO-----O------------ X;,1,50,5,9,-4,0,6,-64,0,0.875,1.125,4.875,6.0,8.875,1301274,5.710260098949184,63.960162886525055,4.0,64.0,-64.0,64.0,0.9976776605080867
---------------------X----OOX----OXXX---OOOOO------O------------ X;,1,50,5,9,-4,0,8,-64,0,2.25,0.75,2.25,8.0,7.75,812289,5.447012085600075,63.95759144836382,4.0,64.0,-64.0,64.0,0.999626980052666
---------------------X--O-OOX----OXXX----OOOO------O------------ X;,1,50,5,9,-4,0,10,-64,0,2.25,0.75,2.25,8.0,7.75,257115,11.792205822297415,63.81661513330611,4.0,64.0,-64.0,64.0,0.9997277482838418
---------------------X----OOOO---XXXO----OOOO------O------------ X;,1,50,4,10,-6,0,12,-64,0,2.25,0.75,1.25,9.0,8.75,314379,16.677338499072775,63.6991688376132,4.0,64.0,-64.0,64.0,0.9982091679151597
---------------------X----OXX----OOXO-----OOO-----OOO----------- X;,1,50,4,10,-6,0,14,-64,0,4.25,0.25,1.25,8.0,8.25,411779,7.61930792973901,63.88680578659912,4.0,64.0,-64.0,64.0,0.9998324343883491
--------------------OX----OOO----XXXO----OOOO------O------------ X;,1,50,4,10,-6,0,14,-64,0,2.25,1.75,1.25,7.0,8.75,855819,7.022314297766234,63.91862297985906,4.0,64.0,-64.0,64.0,0.9998574464927747
-----------O-----OOOO----XXOX-----OOO--------O--------O--------- X;,1,50,3,11,-8,0,30,-64,0,2.875,1.125,2.875,6.0,7.875,262210,10.666690820334846,63.70323404904466,4.0,64.0,-64.0,64.0,0.9998588917280042
---------------------X---XOOOO---OOXO----OOOO------------------- X;,1,50,3,11,-8,0,8,-64,0,4.25,0.25,1.75,7.0,8.75,128127,12.31319706228976,63.54464710794758,4.0,64.0,-64.0,64.0,0.9992039148657191
---------------------X---XOOOO---OXOO-----OOO------O------------ X;,1,50,3,11,-8,0,8,-64,0,5.25,0.25,1.25,7.0,9.25,712805,8.959448937647744,63.8884042620352,4.0,64.0,-64.0,64.0,0.9993785116546601
---------------------X---XOOOO---OOXO-----OOO-----O------------- X;,1,50,3,11,-8,1,12,-64,0,4.25,0.25,1.75,7.0,8.75,133622,15.341470715900076,63.67779257906632,4.0,64.0,-64.0,64.0,0.9912813758213468
-------------------OXX-----OXXO---OOOOOO--X--------------------- X;,1,50,5,9,-4,2,14,-64,0,2.75,0.75,3.25,7.0,8.75,289668,14.038934228150849,63.807400196086554,4.0,64.0,-64.0,64.0,0.9996892994738804
----------OOO------OXX-----OXX-----OOO----XO-------------------- X;,1,50,5,9,-4,0,16,-64,0,2.75,0.75,3.25,7.0,8.75,671291,11.993399285853675,63.771006910564864,4.0,64.0,-64.0,64.0,0.9998406056389851
-----------OX-----XXO-----XXO-----OOO-------OOO----------------- X;,1,50,5,9,-4,0,18,-64,0,1.2500000000000002,0.25,2.75,9.0,8.75,351467,16.379244708607068,63.5764780192735,6.0,64.0,-64.0,64.0,0.9991492800177542
-----------XO-O----OXO-----OOX-----OOO----XO-------------------- X;,1,50,4,10,-6,0,26,-64,0,4.375,0.125,1.875,7.0,8.875,466758,15.81726290711675,63.82380591227145,4.0,64.0,-64.0,64.0,0.9999507239297452
-----------OX-----XXO-----XXO-----OOO-------OO--------O--------- X;,1,50,5,9,-4,0,30,-64,0,1.375,0.125,2.875,9.0,8.875,441287,11.700700451180298,63.75619721405797,4.0,64.0,-64.0,64.0,0.9998119137885322
------------------OOXX---OXXX-----OOOO----XO-------------------- X;,1,50,6,8,-2,187,4,-64,0,0.875,0.125,2.375,10.0,10.875,4988033,4.481132943587181,63.98840645200222,4.0,64.0,-64.0,64.0,0.9998757025063788
-----------------OOOXX----OXX-----XOOO----XO-------------------- X;,1,50,6,8,-2,36,6,-64,0,0.875,0.125,4.375,8.0,10.875,2686126,6.128517798494933,63.97817786656322,4.0,64.0,-64.0,64.0,0.9998767742094005
------------------OOXX----XXX-----XOOO---OOO-------------------- X;,1,50,6,8,-2,7,6,-64,0,0.37499999999999994,0.625,0.875,12.0,10.875,2323865,4.953897063727885,63.98401542258264,4.0,64.0,-64.0,64.0,0.9999660049099238
------------------OOXX----OXX----OOOOO----XO-------------------- X;,1,50,5,9,-4,4,6,-64,0,2.3749999999999996,0.625,2.875,8.0,10.875,2940362,4.860861009630787,63.981727760051314,4.0,64.0,-64.0,64.0,0.9999255193748253
------------------OXXX----OXOO---OOOO-----X-O------------------- X;,1,50,5,9,-4,8,10,-64,0,1.875,2.125,3.375,6.0,10.875,2233389,9.397518748413285,63.90337957247931,4.0,64.0,-64.0,64.0,0.9996583667242921
------------------OXXX----OXOO----OXO-----O-O-----O------------- X;,1,50,5,9,-4,0,12,-64,0,0.875,2.125,0.375,10.0,10.875,530434,6.678191820283014,63.90399936655644,4.0,64.0,-64.0,64.0,0.999817130877734
------------------XXOO-----XXO----OOOO------OO-------O---------- X;,1,50,4,10,-6,0,12,-64,0,2.3749999999999996,0.625,0.875,10.0,10.875,548664,6.894870084423253,63.923142396803875,4.0,64.0,-64.0,64.0,0.9993128763687794
------------------OOXX----XXX-----XOOO----OO-----O-------------- X;,1,50,6,8,-2,0,22,-64,0,0.5000000000000001,0.5,1.0,12.0,11.0,2427248,5.1487977330705395,63.99177710724244,4.0,64.0,-64.0,64.0,0.9999901122588215
------------------OXXX----OXOO----XOO-----O-O----O-------------- X;,1,50,5,9,-4,0,26,-64,0,1.4999999999999998,0.5,2.0,10.0,11.0,1378491,8.010235830339116,63.952314523634904,4.0,64.0,-64.0,64.0,0.9999405146642234
------------------O-XX----OXX----OOXO-----XOO-------O----------- X;,1,50,6,8,-2,12,4,-64,0,2.875,0.125,3.375,7.0,9.875,1735439,5.243992442258126,63.97743107075501,4.0,64.0,-64.0,64.0,0.9998761120385101
---------------------X----OOXX---OXXX-----OOOO-----O------------ X;,1,50,6,8,-2,15,6,-64,0,1.875,1.125,2.875,7.0,9.875,1300093,7.012686015538888,63.96715158069461,4.0,64.0,-64.0,64.0,0.9995669540563636
------------O-----OOOX-----OXX----XOOO----XO-------------------- X;,1,50,5,9,-4,6,8,-64,0,1.875,2.125,3.875,4.0,10.875,2131193,7.818721720651297,63.93205354935006,4.0,64.0,-64.0,64.0,0.9994927723580174
------------------O-XX----OXX----OOXO----OOOO------------------- X;,1,50,5,9,-4,0,8,-64,0,2.625,0.375,1.625,9.0,9.625,936535,6.57859343217285,63.958403049538994,4.0,64.0,-64.0,64.0,0.999879342469849
------------------O-XX----OXX----OOXO-----OOO-----O------------- X;,1,50,5,9,-4,0,12,-64,0,2.625,0.375,1.625,9.0,9.625,627655,9.1822577689973,63.91387625367439,4.0,64.0,-64.0,64.0,0.9998789143717488
------------O-----OOOX-----XXX---OOOOO----X--------------------- X;,1,50,5,9,-4,1,14,-64,0,1.875,0.125,2.875,9.0,9.875,167568,10.684981619402272,63.733415687959514,4.0,64.0,-64.0,64.0,0.9996956459467201
-------------------OXX-----OXOO----XOO----XO-O----O------------- X;,1,50,5,9,-4,0,16,-64,0,1.6249999999999998,0.375,6.625,5.0,9.625,927254,5.895508673998711,63.9349455489003,4.0,64.0,-64.0,64.0,0.9997142099144355
------------------X-OX----XXOO-----XO-----OOOOO----------------- X;,1,50,5,9,-4,0,6,-64,0,1.2500000000000002,1.25,1.25,10.0,11.25,1546683,6.549991174662164,63.94603160440763,4.0,64.0,-64.0,64.0,0.9994426782993024
------------------X-OX----OXOX-----XO----OOOOO------------------ X;,1,50,5,9,-4,0,6,-64,0,1.2500000000000002,1.25,0.25,10.0,11.25,1256945,6.293234787520536,63.94776064187375,4.0,64.0,-64.0,64.0,0.9998567956434052
------------------XX-O-----XXO-----XXO---OOO-O-------O---------- X;,1,50,6,8,-2,1,12,-64,0,5.999999999999999,0.5,1.5,5.0,10.5,597164,4.973752603974788,63.98740379527232,4.0,64.0,-64.0,64.0,0.9999464133805789
------------------X--XO---OXXO-----XO----OOOOO------------------ X;,1,50,5,9,-4,0,12,-64,0,3.5,0.5,1.5,8.0,10.5,617302,6.614760684397588,63.92804980382374,4.0,64.0,-64.0,64.0,0.9998979429841471
------------------O-XX----OOX-----OXO-----O-OO----O---O--------- X;,1,50,4,10,-6,0,26,-64,0,1.875,0.625,5.875,5.0,10.375,342980,6.72609773164616,63.94356230684005,4.0,64.0,-64.0,64.0,0.9999504344276634
------------------X--X----OOOOO----XX----OOOOO------------------ X;,1,50,4,10,-6,0,30,-64,0,2.25,0.25,0.25,11.0,10.25,31696,12.081745330641091,63.68043286219081,4.0,64.0,-64.0,64.0,0.9997476022211005
---------O--------O--X----XOXO-----XO-----OOOOO----------------- X;,1,50,4,10,-6,0,30,-64,0,1.875,0.625,5.875,5.0,10.375,396087,8.255171212385157,63.89252866163242,4.0,64.0,-64.0,64.0,0.9999419319492939
------------O-----O-OX----OXXX---OOOO-----X-O------------------- X;,1,50,5,9,-4,2,12,-64,0,1.875,0.125,2.875,9.0,9.875,535089,7.325177680722272,63.894219466294395,4.0,64.0,-64.0,64.0,0.9999252460805585
------------------OOXX-----XX----OOXOO----XO--------O----------- X;,1,50,6,8,-2,2,12,-64,0,2.875,0.125,3.375,7.0,9.875,573691,5.230925707393005,63.97151951137459,4.0,64.0,-64.0,64.0,0.9999250467586209
--------------------XX----OOXOO----XO-----XOOO----O------------- X;,1,50,5,9,-4,0,14,-64,0,1.6249999999999998,0.375,6.625,5.0,9.625,440898,5.759665500864146,63.920664189903334,4.0,64.0,-64.0,64.0,0.999823088333356
------------------OOXX-----XX----OOXOO----OO------O------------- X;,1,50,5,9,-4,1,16,-64,0,2.625,0.375,1.625,9.0,9.625,195666,7.774631259391003,63.8579262620997,4.0,64.0,-64.0,64.0,0.9999182280007768
------------------XXOO-----XO-----OOOOO-----OO------O----------- X;,1,50,3,11,-8,1,18,-64,0,2.875,0.125,1.875,9.0,9.875,168903,6.542613215869464,63.8908426730135,4.0,64.0,-64.0,64.0,0.9999289533045594
------------O-----O-OX----OXXX----OXO-----O-O-----O------------- X;,1,50,5,9,-4,0,18,-64,0,2.625,0.375,1.625,9.0,9.625,96258,7.953697355025037,63.73580377734837,4.0,64.0,-64.0,64.0,0.9997298925803569
-------------------X-X----OXOO---OOOO----XO-O-----O------------- X;,1,50,4,10,-6,1,6,-64,0,2.25,1.75,1.25,8.0,8.75,2122873,8.336404014747938,63.970438646117785,4.0,64.0,-64.0,64.0,0.9997701228476692
------------OX----OOXX----XOO------OOO----XO-------------------- X;,1,50,5,9,-4,4,8,-64,0,4.625,0.375,2.625,6.0,9.625,957243,8.82428077301166,63.92164267589317,4.0,64.0,-64.0,64.0,0.999805691971631
------------OX-----OXX----OXO----O-OOO----XO-------------------- X;,1,50,5,9,-4,0,12,-64,0,3.7500000000000004,0.25,3.75,6.0,8.75,1000689,8.446692229054182,63.931077487611034,4.0,64.0,-64.0,64.0,0.9999110612787789
------------OX---O-OXX----OXO------OOO----XO-------------------- X;,1,50,5,9,-4,0,12,-64,0,3.2499999999999996,0.75,3.75,6.0,8.75,620553,9.846822108667592,63.87242830185335,4.0,64.0,-64.0,64.0,0.9956780484503338
------------OX-----OXX----XXO------OOO---OOO-------------------- X;,1,50,5,9,-4,0,12,-64,0,1.2500000000000002,0.75,1.25,10.0,8.75,928792,7.6239803960413095,63.9299757103851,4.0,64.0,-64.0,64.0,0.9999343232930517
-------------------X-X----OXOO---OXOO----XO-O------O------------ X;,1,50,5,9,-4,0,14,-64,0,1.7500000000000002,0.25,1.75,10.0,8.75,158969,13.991966987274248,63.79191540489026,4.0,64.0,-64.0,64.0,0.9988047984198177
------------OX-----OXX---OOOO------OOO----XO-------------------- X;,1,50,4,10,-6,1,20,-64,0,6.75,0.25,2.25,4.0,8.75,113772,15.38122736701473,63.69830010898991,4.0,64.0,-64.0,64.0,0.9998681573673663
------------OX-----OXX----XXO------OOO----OO-----O-------------- X;,1,50,5,9,-4,0,26,-64,0,1.6249999999999998,0.375,1.625,10.0,8.625,675384,7.912047072480248,63.91049832391647,4.0,64.0,-64.0,64.0,0.9999496582684814
-------------------X-X----OXOO---OXOO----OO-O----O-------------- X;,1,50,4,10,-6,0,32,-64,0,1.6249999999999998,0.375,1.625,10.0,8.625,455337,14.452548332334073,63.777145279210785,6.0,64.0,-64.0,64.0,0.9998879950454279
-----------XO------X-X----OXOO----OXO-----O-O-----O------------- X;,1,50,5,9,-4,0,6,-64,0,1.2500000000000002,1.25,0.75,10.0,8.75,1153748,5.6710832868182655,63.97686583205345,4.0,64.0,-64.0,64.0,0.9997789811986673
-----------XO------X-X----OXOO---OOOO-----X-O------------------- X;,1,50,5,9,-4,0,8,-64,0,3.2499999999999996,1.25,3.25,6.0,9.25,1008556,10.064741075359226,63.900647063722786,4.0,64.0,-64.0,64.0,0.9997769087685761
------------------OOXX---XXOX----O-OOO----XO-------------------- X;,1,50,6,8,-2,0,8,-64,0,1.375,0.125,3.875,8.0,9.875,2648673,6.093472089608645,63.97520229941559,4.0,64.0,-64.0,64.0,0.9998908887582575
-------------------OXX---XXXX----O-OOO----OO-------O------------ X;,1,50,6,8,-2,1,14,-64,0,0.25,0.25,1.25,12.0,9.25,420254,9.647965278141314,63.91042084072966,4.0,64.0,-64.0,64.0,0.9963831397202644
-------------------OXX---XXXX----O-OOO---OOO-------------------- X;,1,50,6,8,-2,0,14,-64,0,0.25,0.25,0.75,12.0,8.75,324627,11.078302174495652,63.79970858862633,4.0,64.0,-64.0,64.0,0.9998244138657598
-----------------O-OXX---OOXX----O-OOO----XO-------------------- X;,1,50,5,9,-4,0,14,-64,0,2.75,0.75,2.25,8.0,8.75,946983,5.547427989731601,63.86866923693456,4.0,64.0,-64.0,64.0,0.9936640890068776
-----------XO------X-X----OXOO----XOO-----O-O----O-------------- X;,1,50,5,9,-4,0,28,-64,0,1.375,0.125,1.875,10.0,8.875,622579,10.514885661096825,63.88436326956097,4.0,64.0,-64.0,64.0,0.999964663119058
-------------------OXX---XXXX----O-OOO----OO-----O-------------- X;,1,50,6,8,-2,0,28,-64,0,0.37499999999999994,0.125,0.875,12.0,8.875,648300,9.305859941385162,63.91409686873361,4.0,64.0,-64.0,64.0,0.9999722350763536
-----------------OOOXX---XXOX------OOO----XO-------------------- X;,1,50,6,8,-2,2,6,-64,0,1.6249999999999998,0.375,3.625,8.0,9.625,2681827,6.131736312595853,63.981190434729754,4.0,64.0,-64.0,64.0,0.999781119363777
----------OX-------X-X----OXOO----OXO-----O-O-----O------------- X;,1,50,5,9,-4,0,8,-64,0,1.7500000000000002,1.75,0.25,10.0,8.75,1205940,6.275423321226595,63.979287526742624,4.0,64.0,-64.0,64.0,0.9950403834353284
----------OX-------X-X----OXOO---OOOO-----X-O------------------- X;,1,50,5,9,-4,0,12,-64,0,3.2499999999999996,1.75,2.75,6.0,8.75,959809,11.327599553661198,63.89307872712175,4.0,64.0,-64.0,64.0,0.999867682007566
-----------------O-OXX---XXXX------OOO---OOO-------------------- X;,1,50,6,8,-2,0,14,-64,0,0.7499999999999999,0.75,0.25,12.0,8.75,422133,13.826983438868792,63.810306230500814,4.0,64.0,-64.0,64.0,0.9982896385736248
----------OX-------X-X----OXOO----XOO-----O-O----O-------------- X;,1,50,5,9,-4,0,26,-64,0,1.6249999999999998,0.375,1.625,10.0,8.625,580916,11.878722569183841,63.92225381982937,4.0,64.0,-64.0,64.0,0.999941471744624
-----------------O-OXX---XXXX------OOO----OO-----O-------------- X;,1,50,6,8,-2,0,28,-64,0,0.6250000000000001,0.375,0.625,12.0,8.625,722307,8.842943512938405,63.926936884178055,4.0,64.0,-64.0,64.0,0.9999681575839636
------------------OX-X----OOOO----XXO----XO-O-----O------------- X;,1,50,5,9,-4,0,6,-64,0,1.375,0.625,1.375,10.0,9.875,1589622,7.522892234757697,63.96514580195795,4.0,64.0,-64.0,64.0,0.999801210602269
------------O------O-X----OXOO----XXO----XO-O-----O------------- X;,1,50,5,9,-4,0,8,-64,0,1.2500000000000002,0.75,1.25,10.0,8.75,1275879,4.852457795762764,63.9936428140913,4.0,64.0,-64.0,64.0,0.9999835407589591
----------O--------O-X----OXOO----XXO----XO-O-----O------------- X;,1,50,5,9,-4,0,10,-64,0,1.2500000000000002,1.25,1.25,10.0,9.25,1524726,4.476557755295049,63.99450786567554,4.0,64.0,-64.0,64.0,0.9991913301143943
-------------------X-X----OXOO--O-XXO----OO-O-----O------------- X;,1,50,5,9,-4,0,12,-64,0,0.7499999999999999,0.25,0.75,12.0,8.75,848766,6.760189498636844,63.89539990998697,4.0,64.0,-64.0,64.0,0.9976895870004218
-------------------X-X----OXOO----XXO---OOO-O-----O------------- X;,1,50,5,9,-4,0,12,-64,0,0.7499999999999999,0.25,0.75,12.0,8.75,922965,6.004018570585017,63.91620158944272,4.0,64.0,-64.0,64.0,0.9975470359114376
-------------X-----OXOO---XXX------OOO---OOO-------------------- X;,1,50,5,9,-4,0,12,-64,0,1.2500000000000002,1.25,1.25,9.0,9.25,768220,5.5371755486709535,63.98903308947958,4.0,64.0,-64.0,64.0,0.9998216656686887
-------------X-----OXOO---XXX------OOO----OO-----O-------------- X;,1,50,5,9,-4,0,24,-64,0,1.375,0.625,1.375,10.0,8.875,980096,4.914958330612511,63.989744882134,4.0,64.0,-64.0,64.0,0.9999500048974794
------------O-----XXOX----XXO------OOO---OOO-------------------- X;,1,50,5,9,-4,0,12,-64,0,1.6249999999999998,0.375,2.625,8.0,9.625,377408,14.803281859420045,63.74324073681533,4.0,64.0,-64.0,64.0,0.9990593734102086
-----------O------XOXX----XOX------OOO---OOO-------------------- X;,1,50,5,9,-4,0,14,-64,0,1.6249999999999998,0.375,1.625,10.0,9.625,757604,11.29942027761205,63.762118468223505,4.0,64.0,-64.0,64.0,0.9947941140754273
-----------------OXXXX----OXX------OOO---OOO-------------------- X;,1,50,6,8,-2,0,14,-64,0,0.875,1.625,0.375,10.0,9.875,422204,13.82498507830338,63.81003495940351,4.0,64.0,-64.0,64.0,0.9981241295676971
----------O-------XOXX----XXO------OOO---OOO-------------------- X;,1,50,5,9,-4,0,16,-64,0,1.875,0.125,1.375,10.0,9.875,352607,12.942136713111198,63.707844710967166,4.0,64.0,-64.0,64.0,0.9998383469414958
---------O--------OXXX----XOX------OOO---OOO-------------------- X;,1,50,5,9,-4,0,26,-64,0,1.7500000000000002,0.25,1.75,10.0,9.75,459473,16.56597667327569,63.72049935469549,6.0,64.0,-64.0,64.0,0.9998890032711389
--------------O---XXXO----XXO------OOO---OOO-------------------- X;,1,50,5,9,-4,0,30,-64,0,1.7500000000000002,0.25,3.75,8.0,9.75,491152,13.910709922793759,63.84141976414633,4.0,64.0,-64.0,64.0,0.9999083786689253
------------------XX-X----XXOO---OOOO-----O-O----O-------------- X;,1,50,5,9,-4,0,26,-64,0,1.7500000000000002,0.25,2.75,8.0,9.75,544733,16.119339199204013,63.80028748028851,6.0,64.0,-64.0,64.0,0.9998916900573308
-----------O------XO-X----XOOO----XOO-----O-O----O-------------- X;,1,50,4,10,-6,0,26,-64,0,4.750000000000001,1.25,0.75,6.0,9.75,745342,10.363764553721648,63.89205089744037,4.0,64.0,-64.0,64.0,0.999804116767873
-----------------OXX-X----OXOO----XOO-----O-O----O-------------- X;,1,50,5,9,-4,0,28,-64,0,1.7500000000000002,0.25,1.75,10.0,9.75,667679,12.90425189349972,63.84286461008958,4.0,64.0,-64.0,64.0,0.9999266114405275
------------------XX-X---OOOOO----XOO-----O-O----O-------------- X;,1,50,4,10,-6,0,28,-64,0,4.750000000000001,0.25,0.75,8.0,9.75,902934,11.077556056145854,63.87108692329672,4.0,64.0,-64.0,64.0,0.9998748524255372
---------O--------OX-X----XOOO----XOO-----O-O----O-------------- X;,1,50,4,10,-6,0,36,-64,0,5.375,0.125,0.375,8.0,10.375,793197,15.033430534911252,63.848466396115974,6.0,64.0,-64.0,64.0,0.9999306603529766
----------O-------OO-X----OXOO----OOO-----O-O----O-------------- X;,1,50,2,12,-10,0,36,-64,0,4.750000000000001,0.25,1.75,6.0,9.75,87772,11.079581187622477,63.74412113202388,4.0,64.0,-64.0,64.0,0.99995442738003
--------------O---XXXO----XXO------OOO----OO-----O-------------- X;,1,50,5,9,-4,0,38,-64,0,2.3749999999999996,0.125,4.375,7.0,10.375,494413,11.022920109301333,63.87987168622184,4.0,64.0,-64.0,64.0,0.9999433671849244
------------O-----XXOX----XXO------OOO----OO-----O-------------- X;,1,50,5,9,-4,0,26,-64,0,1.7500000000000002,0.25,2.75,8.0,9.75,1079982,9.32124702078368,63.87673035291329,4.0,64.0,-64.0,64.0,0.9999333322222037
-----------O------XOXX----XOX------OOO----OO-----O-------------- X;,1,50,5,9,-4,0,28,-64,0,1.7500000000000002,0.25,1.75,10.0,9.75,1241239,9.025782303005304,63.919212174287146,4.0,64.0,-64.0,64.0,0.9999589120225839
-----------------OXXXX----OXX------OOO----OO-----O-------------- X;,1,50,6,8,-2,0,28,-64,0,0.7499999999999999,1.25,0.75,10.0,9.75,723439,8.84800377087771,63.92550996006574,4.0,64.0,-64.0,64.0,0.9999654428362308
----------O-------XOXX----XXO------OOO----OO-----O-------------- X;,1,50,5,9,-4,0,30,-64,0,1.7500000000000002,0.25,1.75,10.0,9.75,475867,10.650469563974807,63.8231249487777,4.0,64.0,-64.0,64.0,0.999936957175009
---------O--------OXXX----XOX------OOO----OO-----O-------------- X;,1,50,5,9,-4,0,34,-64,0,2.3749999999999996,0.125,1.375,10.0,10.375,583104,15.410528825046647,63.82614593623093,4.0,64.0,-64.0,64.0,0.9999468362419054
-----------------XO--X---OXXX---O-OXO-----O-O-----O------------- X;,1,50,6,8,-2,0,8,-64,0,1.6249999999999998,0.875,2.125,8.0,8.125,80514,8.108515289266464,63.76755595300196,4.0,64.0,-64.0,64.0,0.9898526964254664
----------------OOO--X---OXXX-----OXO-----O-O-----O------------- X;,1,50,5,9,-4,0,12,-64,0,2.125,0.375,1.625,8.0,8.125,435379,4.7992186118301525,63.97860025403155,4.0,64.0,-64.0,64.0,0.9984886730871264
-----------------XO-OX---XXOO-----OXO-----O-O-----O------------- X;,1,50,5,9,-4,0,14,-64,0,1.875,1.125,2.375,8.0,8.875,546635,8.870816907076934,63.930438043667166,4.0,64.0,-64.0,64.0,0.9999304837780237
--------O--------OO--X---XOXX-----OOO-----O-O-----O------------- X;,1,50,4,10,-6,0,14,-64,0,2.125,0.375,0.625,10.0,8.125,612035,8.416103654202782,63.960466313201046,4.0,64.0,-64.0,64.0,0.9999411798344866
----------XX------OXOOO----XO------OOO----O------O-------------- X;,1,50,4,10,-6,0,26,-64,0,3.7500000000000004,0.75,2.25,6.0,8.25,236346,12.898644360386891,63.681809719648314,4.0,64.0,-64.0,64.0,0.9998815296218256
--------O--------O---X----OXX-----OXO-----OOO-----O-O----------- X;,1,50,4,10,-6,0,20,-64,0,3.7500000000000004,0.25,1.25,8.0,7.75,622811,6.388731091775836,63.86858292483595,4.0,64.0,-64.0,64.0,0.9939243205402603
---------------------X----OOX-----XXO----OOOOO-------O--------O- X;,1,50,4,10,-6,0,20,-64,0,1.375,0.625,4.875,6.0,8.875,537573,10.544525115658711,63.931711600098964,4.0,64.0,-64.0,64.0,0.9999367527759021
---------------------X----OOOO----XXO----OOOO--------O--------O- X;,1,50,3,11,-8,0,22,-64,0,2.75,0.25,1.25,9.0,8.75,245266,15.763685141845995,63.80695245162395,4.0,64.0,-64.0,64.0,0.9999225330865265
--------------------OX----OOO-----XXO----OOOO--------O--------O- X;,1,50,3,11,-8,0,24,-64,0,2.75,1.25,1.25,7.0,8.75,532891,5.862412763585799,63.94701167781028,4.0,64.0,-64.0,64.0,0.9999249377452425
------O------O---OOOO-----XOX-----OOO--------O--------O--------- X;,1,50,2,12,-10,0,36,-64,0,3.375,0.625,2.875,6.0,7.875,433626,7.827358138119024,63.93749913519946,4.0,64.0,-64.0,64.0,0.9999446527652862
----------X--------XOOO----XXO-----OOOO---O------O-------------- X;,1,50,4,10,-6,0,26,-64,0,1.875,1.125,2.375,8.0,7.875,264446,9.479477851810955,63.80433812574212,4.0,64.0,-64.0,64.0,0.9999281516831413
-------------X---OOOX-----XXO-----OOOO-------O--------O--------- X;,1,50,4,10,-6,0,28,-64,0,2.3749999999999996,0.625,2.875,7.0,8.875,462365,9.5503833551415,63.92441253122533,4.0,64.0,-64.0,64.0,0.999945930163399
------------OX---OOOO-----XXO-----OOO--------O--------O--------- X;,1,50,3,11,-8,0,28,-64,0,2.875,1.125,3.375,6.0,7.875,752202,10.278947676289082,63.921982393027406,4.0,64.0,-64.0,64.0,0.9999574582359526
-------------X---OOOOO----XXO-----OOO--------O--------O--------- X;,1,50,3,11,-8,0,30,-64,0,4.0,1.0,2.5,6.0,9.0,99496,13.229969043981667,63.609642598697434,4.0,64.0,-64.0,64.0,0.9998190882045509
----------O-------OXXX----OOX------OX-----XOO------O------------ X;,1,50,6,8,-2,15,2,-64,0,0.6250000000000001,0.375,2.625,10.0,9.625,3806380,5.449708121627373,63.97235693756272,4.0,64.0,-64.0,64.0,0.9996258912667679
---------------------X-----XXX---OOXOOO---X-OOO----------------- X;,1,50,6,8,-2,5,4,-64,0,2.3749999999999996,0.625,3.875,7.0,8.875,2242361,5.226715056139489,63.97574431592415,4.0,64.0,-64.0,64.0,0.9995250541728116
------------------X-------XXX-----XOXOO--OOO-O------O----------- X;,1,50,6,8,-2,2,4,-64,0,1.875,0.625,1.875,9.0,8.875,1075125,6.488576677130566,63.944664108824554,4.0,64.0,-64.0,64.0,0.9994196023718173
------------------X-------XXX-----XOXOO--OOO-O-------O---------- X;,1,50,6,8,-2,2,4,-64,0,1.875,0.625,1.375,9.0,8.875,1572482,6.049288322537238,63.958911453358446,4.0,64.0,-64.0,64.0,0.999580917301438
----------O--O----OXOX----OOX------XX-----XO-------O------------ X;,1,50,6,8,-2,0,6,-64,0,2.3749999999999996,0.625,3.875,5.0,8.875,2016057,5.125497443772671,63.96583876348734,4.0,64.0,-64.0,64.0,0.9999166690227509
-------------------O-X-----XOX---OOXOO----X-OOO----------------- X;,1,50,5,9,-4,1,8,-64,0,1.6249999999999998,0.375,3.625,8.0,9.625,1989090,5.358847010441961,63.96643339416517,4.0,64.0,-64.0,64.0,0.9995460235585116
----------O-------OXXX----OOX------XO-----XO-O-----O------------ X;,1,50,6,8,-2,0,8,-64,0,0.25,0.75,8.25,4.0,10.25,1718144,4.440482287864114,63.97728711912389,4.0,64.0,-64.0,64.0,0.999712480444014
---------------------X-----XXXO--OOXOO----X-OOO----------------- X;,1,50,6,8,-2,0,10,-64,0,2.3749999999999996,0.625,4.375,6.0,8.875,1823821,6.218004946757385,63.90302666763898,4.0,64.0,-64.0,64.0,0.9977442961781885
-----------------OOO-X----XOXOO---XOO-----XO-------------------- X;,1,50,5,9,-4,0,10,-64,0,1.6249999999999998,1.375,3.625,7.0,9.625,1472411,7.936284773748634,63.92840246371428,4.0,64.0,-64.0,64.0,0.9997914984335217
------------O-------OX-----XX------XOO---OOOOO-------O---------- X;,1,50,4,10,-6,0,12,-64,0,3.875,0.625,1.375,7.0,8.875,2049016,5.831463980759545,63.950338601553135,4.0,64.0,-64.0,64.0,0.9997589086664038
------------O-----XXOX-----XXOX----XO-O-----O-------O----------- X;,1,50,7,7,0,9,4,-64,0,2.9999999999999996,0.5,2.0,8.0,9.0,750884,7.608024674916498,63.94500615274796,4.0,64.0,-64.0,64.0,0.9998455154191593
------------O-----XXOOO----XXOX----XO-------O-------O----------- X;,1,50,6,8,-2,0,6,-64,0,1.7500000000000002,1.25,2.75,8.0,8.25,1272460,9.91639187086431,63.93741728620153,4.0,64.0,-64.0,64.0,0.9994601009069047
-----------O------XOXX---XXXO------OOO-----O-------O------------ X;,1,50,6,8,-2,0,8,-64,0,2.25,1.25,1.25,9.0,9.25,1068246,11.436760821009393,63.91291893440275,4.0,64.0,-64.0,64.0,0.9990123997655971
------------O-----XXOO-----XXXO----XO--O----O-------O----------- X;,1,50,6,8,-2,0,10,-64,0,2.25,0.75,2.25,8.0,8.25,443361,10.094446737534424,63.93965639738272,4.0,64.0,-64.0,64.0,0.9999052690696746
-----------O------XOOX---XXXXO-----OO------O-------O------------ X;,1,50,6,8,-2,0,10,-64,0,2.25,2.25,1.25,8.0,9.25,527336,12.849488751005051,63.810022452478115,4.0,64.0,-64.0,64.0,0.9997762337485019
------------O----OOOOX-----XXXX----XO-------O-------O----------- X;,1,50,6,8,-2,0,10,-64,0,1.7500000000000002,3.25,2.75,6.0,8.25,433127,8.655380523495419,63.90460765549135,4.0,64.0,-64.0,64.0,0.9995613295869341
---------O--O-----OXOX-----OXXX----XO-------O-------O----------- X;,1,50,6,8,-2,0,28,-64,0,0.37499999999999994,1.625,5.375,6.0,8.375,676463,9.851402072249332,63.92620291131961,4.0,64.0,-64.0,64.0,0.9999334775146608
------------O-----XOOX---XXXO------OO------OO------O------------ X;,1,50,5,9,-4,0,4,-64,0,3.2499999999999996,4.25,2.25,4.0,9.25,2399332,8.547219392730977,63.941441617916986,4.0,64.0,-64.0,64.0,0.9994069182589154
------------O-----XOXX---XXXXO-----OO------O-------O------------ X;,1,50,7,7,0,0,8,-64,0,1.2500000000000002,1.25,1.25,9.0,9.25,3277397,5.878879488813836,63.984343062497466,4.0,64.0,-64.0,64.0,0.9998663573561579
-----------O------XXOX-----XXOX----XO-O-----O-------O----------- X;,1,50,7,7,0,1,10,-64,0,2.9999999999999996,0.5,3.5,7.0,9.0,1218789,8.196772369950828,63.92400489338187,4.0,64.0,-64.0,64.0,0.9996767282934126
-----------O------OXOX---O-XXXX----XO-------O-------O----------- X;,1,50,7,7,0,0,10,-64,0,1.4999999999999998,1.0,4.0,7.0,9.0,634341,9.31954894922447,63.874301046282675,4.0,64.0,-64.0,64.0,0.9989690087823426
-----------O------XXOOO----XXOX----XO-------O-------O----------- X;,1,50,6,8,-2,0,12,-64,0,1.7500000000000002,1.25,3.75,7.0,8.25,1263880,10.139278254264646,63.89930610500997,4.0,64.0,-64.0,64.0,0.9995838212488527
-----------O-----OOOOX-----XXXX----XO-------O-------O----------- X;,1,50,6,8,-2,0,12,-64,0,1.7500000000000002,3.25,3.75,5.0,8.25,215534,9.086942199374576,63.90080915308025,4.0,64.0,-64.0,64.0,0.9962697300657901
------------O-----XOXX---XXXO------OOO-----O-------O------------ X;,1,50,6,8,-2,0,16,-64,0,2.25,1.25,2.25,8.0,9.25,715189,13.56492060140746,63.8185542562875,4.0,64.0,-64.0,64.0,0.9959101719964932
---------O-O------OXOX-----OXXX----XO-------O-------O----------- X;,1,50,6,8,-2,0,24,-64,0,0.37499999999999994,1.625,6.375,5.0,8.375,470102,9.986298718150529,63.94607340534608,4.0,64.0,-64.0,64.0,0.9998978944994916
----------OX------XXXX-----XOO-----OO-----O-O-------O----------- X;,1,50,6,8,-2,0,4,-64,0,1.375,0.625,1.375,10.0,8.875,564609,9.393805270550063,63.88532418009631,4.0,64.0,-64.0,64.0,0.9973539210320771
-----------------OX------XXXX-----XOOOO--OOO-------------------- X;,1,50,6,8,-2,0,8,-64,0,0.5000000000000001,1.0,1.0,11.0,8.0,4050869,7.604992410270488,63.94821308711785,4.0,64.0,-64.0,64.0,0.9998429966508421
--O-------OO------XXOX-----XOO-----XO-------O-------O----------- X;,1,50,5,9,-4,1,10,-64,0,2.25,0.75,1.25,9.0,7.75,1951786,5.596932245645783,63.959680005902285,4.0,64.0,-64.0,64.0,0.9999462031185796
----------OX------XXXX-----XOO----OOO-------O-------O----------- X;,1,50,6,8,-2,0,10,-64,0,2.25,1.25,1.25,8.0,8.75,2709643,6.842696620920173,63.956880297515205,4.0,64.0,-64.0,64.0,0.9997833662958552
------------XO----XXXO----OOOO-----OO------O-------O------------ X;,1,50,4,10,-6,0,14,-64,0,4.25,1.25,1.25,7.0,8.75,933922,9.142477637318748,63.8799717749448,4.0,64.0,-64.0,64.0,0.9998543775604387
----------OOO-----XXOX-----XOO-----XO-------O-------O----------- X;,1,50,5,9,-4,0,16,-64,0,2.75,1.25,0.75,9.0,8.25,121584,20.96936274509804,62.79476740360574,8.0,64.0,-64.0,64.0,0.9983797210159231
-----------------OX------XXXX-----XOOOO---OO-----O-------------- X;,1,50,6,8,-2,0,24,-64,0,0.37499999999999994,0.625,1.375,11.0,7.875,1685410,12.239728018701681,63.94414890145425,4.0,64.0,-64.0,64.0,0.9999513471499516
---------OOX------OXXX-----OOO-----XO-------O-------O----------- X;,1,50,5,9,-4,0,28,-64,0,1.375,0.625,2.375,9.0,7.875,1089320,11.329758932177873,63.89477931186428,4.0,64.0,-64.0,64.0,0.9999375757353212
------------O-----XXOX---XXXO------OO------O-O-----O------------ X;,1,50,6,8,-2,1,6,-64,0,1.375,1.625,4.375,6.0,9.375,763627,12.159651243342626,63.913779895158235,4.0,64.0,-64.0,64.0,0.9995285656478883
-----------O------XOXX---XXOX------OO------O-O-----O------------ X;,1,50,6,8,-2,2,8,-64,0,1.375,1.625,1.375,9.0,9.375,990843,11.698040961080615,63.90101559984781,4.0,64.0,-64.0,64.0,0.9997335602108508
-----------------OXXXX---XOXX------OO------O-O-----O------------ X;,1,50,7,7,0,0,10,-64,0,0.37499999999999994,1.125,0.875,11.0,8.875,727066,10.097639003886854,63.94717398420501,4.0,64.0,-64.0,64.0,0.999738675718573
---------O--------OXXX---XXOX------OO------O-O-----O------------ X;,1,50,6,8,-2,0,24,-64,0,2.0000000000000004,0.5,4.5,7.0,9.0,948677,13.395254654640093,63.90763768911864,4.0,64.0,-64.0,64.0,0.9999251589318598
--------------O---XXXO---XXXO------OO------O-O-----O------------ X;,1,50,6,8,-2,0,26,-64,0,2.0000000000000004,0.5,2.5,9.0,9.0,1014085,9.233780205801288,63.96839909869488,4.0,64.0,-64.0,64.0,0.9999359028089362
------------------XO------XXXX----XOOOO--OOO-------------------- X;,1,50,6,8,-2,0,6,-64,0,0.25,2.25,1.75,9.0,9.75,2629178,5.073166974620965,63.97764434359332,4.0,64.0,-64.0,64.0,0.9995903662665669
------------------XXXX----OXOO-----XO------OO-----O-O----------- X;,1,50,6,8,-2,0,6,-64,0,1.7500000000000002,0.75,0.25,11.0,9.75,2836308,5.044481064820887,63.989907302027845,4.0,64.0,-64.0,64.0,0.9998039705137806
------------------XO-----OXXXX----OOOOO---XO-------------------- X;,1,50,6,8,-2,0,8,-64,0,2.0000000000000004,1.0,0.5,10.0,10.0,3343129,5.4681934199966555,63.97603442762753,4.0,64.0,-64.0,64.0,0.9999530380072083
------------------XXXX----OXOO-----OO-----OOO-------O----------- X;,1,50,5,9,-4,0,8,-64,0,1.875,0.625,1.375,10.0,10.875,1812914,5.993568365625728,63.97571534005474,4.0,64.0,-64.0,64.0,0.999557066689319
------------------XO------OXXX---OOOOOO---XO-------------------- X;,1,50,5,9,-4,0,8,-64,0,3.5,0.5,0.5,9.0,10.0,2131126,7.334380510584546,63.93042410444056,4.0,64.0,-64.0,64.0,0.99974755129448
------------------XXXX----OXOO----OOO------OO-------O----------- X;,1,50,5,9,-4,0,10,-64,0,3.2499999999999996,1.25,1.25,8.0,11.25,2583314,6.764698368065206,63.9676825968504,4.0,64.0,-64.0,64.0,0.9999442576473475
--------------------OX---OOOOX----XXXO------OOO----------------- X;,1,50,5,9,-4,0,12,-64,0,0.7499999999999999,0.75,3.25,7.0,9.75,1838081,6.1742110385777345,63.96530511985054,4.0,64.0,-64.0,64.0,0.999937434748523
------------------XO------XXXX----XOOOO---OO-----O-------------- X;,1,50,6,8,-2,0,22,-64,0,0.37499999999999994,2.125,1.875,9.0,9.875,2436507,6.1191106777037785,63.969234646155336,4.0,64.0,-64.0,64.0,0.999942540694527
--------------------OX---OOOOX----XXOX------OO--------O--------- X;,1,50,5,9,-4,0,28,-64,0,1.375,2.125,2.875,7.0,9.875,1707741,9.899400436014595,63.900489594148056,4.0,64.0,-64.0,64.0,0.9985735541864955
------------O-----XXOX---XXXO------OOO-----O-------O------------ X;,1,50,6,8,-2,7,8,-64,0,2.25,1.25,3.25,6.0,9.25,588012,13.786876798432685,63.90192887219989,4.0,64.0,-64.0,64.0,0.9996870812160296
-----------O------XOXX---XXOX------OOO-----O-------O------------ X;,1,50,6,8,-2,3,8,-64,0,2.25,1.25,1.25,9.0,9.25,1498904,7.799169926826535,63.95162665520941,4.0,64.0,-64.0,64.0,0.9999092670377823
-----------------OXXXX---XOXX------OOO-----O-------O------------ X;,1,50,7,7,0,1,12,-64,0,1.2500000000000002,1.75,0.75,9.0,8.75,1438892,8.703178556834008,63.954489982569925,4.0,64.0,-64.0,64.0,0.9998498844944582
----------O-------XOXX---XXXO------OOO-----O-------O------------ X;,1,50,6,8,-2,0,14,-64,0,2.25,0.75,1.75,9.0,8.75,831879,13.285736266933052,63.81589510012874,4.0,64.0,-64.0,64.0,0.9958239118910323
---------O--------OXXX---XXOX------OOO-----O-------O------------ X;,1,50,6,8,-2,0,24,-64,0,1.375,0.625,2.875,9.0,8.875,990475,14.758936873722204,63.862873873646485,4.0,64.0,-64.0,64.0,0.9999616345692723
--------------O---XXXO---XXXO------OOO-----O-------O------------ X;,1,50,6,8,-2,0,26,-64,0,1.375,0.625,2.875,9.0,8.875,915915,12.722701342373474,63.94069209479046,4.0,64.0,-64.0,64.0,0.9999475933902163
-------------OO---XXXOX----XOO-----XO-------O-------O----------- X;,1,50,6,8,-2,0,20,-64,0,0.37499999999999994,1.125,1.375,10.0,7.875,3649993,8.003596719226584,63.965521577712614,4.0,64.0,-64.0,64.0,0.9993002726306598
---------O-------XXXXX----OOOO-----OO------O-------O------------ X;,1,50,5,9,-4,0,22,-64,0,5.625,1.375,0.625,6.0,8.625,1092898,10.024757113655621,63.886751554124906,4.0,64.0,-64.0,64.0,0.9999551650748744
-----------O--O---XXOXX----XOO-----XO-------O-------O----------- X;,1,50,6,8,-2,0,24,-64,0,2.3749999999999996,0.625,1.375,9.0,7.875,644551,18.24891280907174,63.79793530690357,6.0,64.0,-64.0,64.0,0.9999689706477842
----------O---O---XOXXX----XOO-----XO-------O-------O----------- X;,1,50,6,8,-2,0,24,-64,0,1.875,0.625,1.375,8.0,7.875,1683654,12.28998357144639,63.945253597235535,4.0,64.0,-64.0,64.0,0.9999613934929623
--------------O---XXXXO----XOOO----XO-------O-------O----------- X;,1,50,6,8,-2,0,26,-64,0,1.875,0.625,0.375,10.0,7.875,333011,18.80030389386537,63.77712447937155,6.0,64.0,-64.0,64.0,0.9999699709619202
--------------O---XXXXX----XOO-----OO-----O-O-------O----------- X;,1,50,6,8,-2,0,26,-64,0,1.7500000000000002,0.75,1.75,9.0,8.75,564328,15.956158475212996,63.902813611941994,4.0,64.0,-64.0,64.0,0.9999149430827462
------------O-O---XXOXX----XOO-----XO-------O-------O----------- X;,1,50,6,8,-2,0,28,-64,0,2.3749999999999996,0.625,0.875,10.0,7.875,477558,22.42666231117477,63.77730034885815,10.0,64.0,-64.0,64.0,0.9999455563512705
--------------O---XXXXX----XOO----OOO-------O-------O----------- X;,1,50,6,8,-2,0,28,-64,0,2.625,1.375,1.625,7.0,8.625,330452,21.488797162674157,63.798191567913044,10.0,64.0,-64.0,64.0,0.9999182937310108
---------O----O---OXXXX----OOO-----XO-------O-------O----------- X;,1,50,5,9,-4,0,30,-64,0,2.25,0.75,2.25,8.0,8.25,1310174,10.363441802386554,63.96788365514809,4.0,64.0,-64.0,64.0,0.9999458087246427
--------------OO--XXXXO----XOO-----XO-------O-------O----------- X;,1,50,6,8,-2,0,34,-64,0,1.6249999999999998,0.875,0.625,10.0,7.625,318973,23.926492210939482,63.64804858091437,12.0,64.0,-64.0,64.0,0.9999310286450578
---------O--------O-X-----XXX-----XOOOO--OOO-------------------- X;,1,50,5,9,-4,0,22,-64,0,1.6249999999999998,0.375,0.625,11.0,8.625,2202515,5.469100550961061,63.981070730505806,4.0,64.0,-64.0,64.0,0.999856527651344
---------O--O-----OXOX-----XOO----XXO-------O-------O----------- X;,1,50,5,9,-4,0,24,-64,0,0.875,0.625,1.375,11.0,8.875,891582,7.596305219261941,63.978338503917755,4.0,64.0,-64.0,64.0,0.999975324759809
---------O-O------OXOX-----XOO----XXO-------O-------O----------- X;,1,50,5,9,-4,0,26,-64,0,0.875,0.625,1.875,10.0,8.875,734793,8.260990510252547,63.968151574661164,4.0,64.0,-64.0,64.0,0.99996053310252
---------O--------OXXX-----XOO----XOO-----O-O-------O----------- X;,1,50,5,9,-4,0,26,-64,0,1.7500000000000002,0.25,1.75,10.0,9.75,1074285,7.7194906379592005,63.98311900473338,4.0,64.0,-64.0,64.0,0.9999720744495176
---------O--------OXXX----OOOO----XOO-------O-------O----------- X;,1,50,4,10,-6,0,28,-64,0,4.375,0.625,1.875,7.0,9.875,1696731,9.885570547128566,63.92245205633657,4.0,64.0,-64.0,64.0,0.9999634591458516
---------OO-------OOXX-----XOO----XXO-------O-------O----------- X;,1,50,5,9,-4,0,28,-64,0,0.6250000000000001,0.375,2.625,9.0,8.625,1126322,11.252357673915629,63.87928141330809,4.0,64.0,-64.0,64.0,0.9988280438453657
--------------O----X-O-----XXO---OOOOO------OO-------O---------- X;,1,50,3,11,-8,0,28,-64,0,2.625,1.375,0.625,9.0,8.625,553892,10.505515515660093,63.87074556050638,4.0,64.0,-64.0,64.0,0.9999386161923263
---------O--------O-X-----XXX-----XOOOO---OO-----O-------------- X;,1,50,5,9,-4,0,30,-64,0,2.25,0.25,0.25,11.0,9.25,1139606,9.160135169523501,63.981080303192506,4.0,64.0,-64.0,64.0,0.9999552476908686
---------O--------OXXX-----XOO---OOOO-------O-------O----------- X;,1,50,4,10,-6,0,34,-64,0,1.875,1.125,2.375,7.0,8.875,312149,12.562157815658548,63.890702837427,4.0,64.0,-64.0,64.0,0.9999743712137473
---------------------X----OXX---XXOOX-----O-OOO----O------------ X;,1,50,6,8,-2,24,4,-64,0,2.625,0.875,1.625,8.0,8.125,601203,6.561870117081917,63.94598164014484,4.0,64.0,-64.0,64.0,0.9996939469696592
--------------------OX-----XO---XXXXO-----O-OOO----O------------ X;,1,50,6,8,-2,0,6,-64,0,0.6250000000000001,1.875,0.625,10.0,8.125,574521,4.969602503650868,63.97810872013382,4.0,64.0,-64.0,64.0,0.9999199333009585
---------------------X--O--XX---XOXXX-----O-OOO----O------------ X;,1,50,7,7,0,0,12,-64,0,4.875000000000001,0.625,1.875,6.0,7.875,80730,7.195565465130683,63.88859160163508,4.0,64.0,-64.0,64.0,0.9985259506998637
------------------O--X-----OX---XXXXO-----O-OOO----O------------ X;,1,50,6,8,-2,0,12,-64,0,1.2500000000000002,1.25,5.75,5.0,9.25,140967,5.6471869302744615,63.957245312732766,4.0,64.0,-64.0,64.0,0.9999432491292288
---X-------X------OX-----O-OX-----OXO-----O--O----O---O--------- X;,1,50,5,9,-4,0,28,-64,0,2.75,1.25,5.25,4.0,7.75,53764,11.575943010192693,63.828379584852314,4.0,64.0,-64.0,64.0,0.9999256007737519
---------------------X----OXX---XXOOX-----O-OOO---O------------- X;,1,50,6,8,-2,4,6,-64,0,3.1250000000000004,0.375,1.625,8.0,8.125,626245,5.6693466614503905,63.966195338884944,4.0,64.0,-64.0,64.0,0.9997285407468323
--------------------OX-----XO---XXXXO-----O-OOO---O------------- X;,1,50,6,8,-2,0,8,-64,0,1.1249999999999998,1.375,0.625,10.0,8.125,666554,4.749961743534658,63.97909846764103,4.0,64.0,-64.0,64.0,0.9998244703354867
---------------------X--O--XX---XOXXX-----O-OOO---O------------- X;,1,50,7,7,0,0,12,-64,0,4.875000000000001,0.625,1.375,6.0,7.875,82082,7.911210740479033,63.912063546209886,4.0,64.0,-64.0,64.0,0.9999756341219755
------------------O--X-----OX---XXXXO-----O-OOO---O------------- X;,1,50,6,8,-2,0,14,-64,0,1.7500000000000002,0.75,5.75,5.0,9.25,91557,6.183219196784517,63.95442183557784,4.0,64.0,-64.0,64.0,0.9997597125288072
---X-------X-----OOX-------OX-----OXO-----O--O----O---O--------- X;,1,50,5,9,-4,0,26,-64,0,3.2499999999999996,0.75,5.25,4.0,7.75,235045,5.533655257503883,63.93381692867323,4.0,64.0,-64.0,64.0,0.9999149099108682
----------O-------O--X----OXX----OXXX-----OOO------O------------ X;,1,50,6,8,-2,3,6,-64,0,5.375,0.625,1.375,6.0,8.875,686768,6.953674312140344,63.882485788505,4.0,64.0,-64.0,64.0,0.9955734687696572
-----------O-----OOOOX-----XXOO----XXO----X--------------------- X;,1,50,6,8,-2,1,6,-64,0,6.875,0.125,2.375,4.0,8.875,1186336,7.801201345993041,63.95731731988239,4.0,64.0,-64.0,64.0,0.9993163825425512
------------O------OOX-----XOX-----XOO----X-OO-------O---------- X;,1,50,5,9,-4,0,6,-64,0,1.6249999999999998,1.375,3.625,7.0,9.625,3231838,5.085393512917418,63.97811585853004,4.0,64.0,-64.0,64.0,0.9998152753943731
-----------------OOOXX-----XXOO---OOOO----X--------------------- X;,1,50,5,9,-4,0,8,-64,0,1.6249999999999998,1.375,2.625,7.0,9.625,1372566,5.603752387863316,63.96226920964092,4.0,64.0,-64.0,64.0,0.9999395293195372
----------O-------O--X----OXX-----XXX----OOOO------O------------ X;,1,50,6,8,-2,1,12,-64,0,5.375,0.625,0.875,6.0,8.875,317716,6.896177718465548,63.954991250047215,4.0,64.0,-64.0,64.0,0.9978943458938171
-----------------OOOXX-----OXOO----XOO----X--O------------------ X;,1,50,5,9,-4,0,12,-64,0,0.7499999999999999,0.75,8.75,3.0,10.25,1389784,5.70323877667321,63.966684031475395,4.0,64.0,-64.0,64.0,0.9999402784893192
-----------------OOOXX-----OXOO----OOO----XO-------------------- X;,1,50,4,10,-6,0,16,-64,0,2.625,0.375,3.625,7.0,9.625,732374,8.09230666298913,63.887818245868914,4.0,64.0,-64.0,64.0,0.9997815323864583
------------OX------XX-----XO-----OOOO----X-OO-------O---------- X;,1,50,5,9,-4,0,6,-64,0,1.875,0.625,4.375,6.0,8.875,2632650,5.8726268208839,63.9655651149982,4.0,64.0,-64.0,64.0,0.9997948834824226
---------------------X-----XX----OXOOO---XO-OOO----O------------ X;,1,50,5,9,-4,0,10,-64,0,0.875,0.125,2.375,10.0,8.375,186867,7.590799873706968,63.92881568174156,4.0,64.0,-64.0,64.0,0.9999197290051213
------------OX----O-XX-----OO------XOO----X-OO-------O---------- X;,1,50,5,9,-4,0,12,-64,0,1.2500000000000002,0.25,6.75,5.0,9.75,482663,6.430310589376024,63.907055233154395,4.0,64.0,-64.0,64.0,0.9974350633879124
------------OX------XX----OOO------OOO----X-OO-------O---------- X;,1,50,4,10,-6,0,20,-64,0,4.875000000000001,0.625,4.875,3.0,8.875,62438,5.6936801306896445,63.93074730132291,4.0,64.0,-64.0,64.0,1.0
------------OX------XX-----XO------OOO----O-OO---O---O---------- X;,1,50,4,10,-6,0,28,-64,0,1.7500000000000002,0.25,3.25,8.0,8.25,164623,7.933047022591011,63.82807991592912,4.0,64.0,-64.0,64.0,0.9999088827199115
---------------------X-----XX----OXOOO---OO-OOO--O-------------- X;,1,50,4,10,-6,0,30,-64,0,1.2500000000000002,0.75,1.75,10.0,8.25,300647,9.810864568746736,63.89535568291052,4.0,64.0,-64.0,64.0,0.9987227545925953
----------O-------OX-X----OXOO----OOO-----XO-------O------------ X;,1,50,4,10,-6,0,10,-64,0,2.625,1.375,4.625,5.0,9.625,2213936,7.043870283513164,63.954761113239044,4.0,64.0,-64.0,64.0,0.9994191340671095
-----------------OOO-X----OXXOO---OOO-----XO-------------------- X;,1,50,4,10,-6,0,10,-64,0,3.6250000000000004,0.375,2.625,7.0,9.625,2140635,6.390336979447687,63.965781648903246,4.0,64.0,-64.0,64.0,0.9998192125233868
----------O-------OX-X----OXOO-----OO-----XOO------O------------ X;,1,50,4,10,-6,0,12,-64,0,2.625,0.375,3.625,7.0,9.625,1641200,7.88930112113088,63.94626066292956,4.0,64.0,-64.0,64.0,0.9999530831099196
-----------------OOO-X---OOOOOO----OO-----XO-------------------- X;,1,50,2,12,-10,0,12,-64,0,6.875,0.625,2.375,4.0,8.875,138383,6.366793609041573,63.970169746283865,4.0,64.0,-64.0,64.0,0.9998988315038697
----------O-------OX-X----OXOO---O-XO-----OO-------O------------ X;,1,50,4,10,-6,0,14,-64,0,1.375,0.625,1.375,10.0,8.875,827945,7.303000803193449,63.953159932121096,4.0,64.0,-64.0,64.0,0.9998852580787371
----------O-------OX-X----OXOO-----XO----OOO-------O------------ X;,1,50,4,10,-6,0,14,-64,0,1.375,0.625,0.875,10.0,8.875,464108,8.507989519680764,63.907133684401046,4.0,64.0,-64.0,64.0,0.9998750290880571
-----------------OOO-X----XXXOO----OO----OOO-------------------- X;,1,50,4,10,-6,0,14,-64,0,1.375,1.125,0.875,10.0,8.875,602973,9.064900086736886,63.89119910841779,4.0,64.0,-64.0,64.0,0.999771134030877
-----------------OOO-X----OXXOO--O-OO-----XO-------------------- X;,1,50,4,10,-6,0,16,-64,0,2.875,0.625,2.875,7.0,8.875,676152,5.646362060601758,63.97371153231818,4.0,64.0,-64.0,64.0,0.9999689418947219
-----------------OOO-X----XXXOO----OO-----OO-----O-------------- X;,1,50,4,10,-6,0,30,-64,0,1.2500000000000002,0.75,1.25,10.0,8.75,1210865,6.590152494291271,63.894050121194354,4.0,64.0,-64.0,64.0,0.9941083440350493
----------O-------OX-X----OXOO-----OO-----OO-----O-O------------ X;,1,50,3,11,-8,0,32,-64,0,2.25,0.75,2.25,8.0,8.75,580748,9.492952192689428,63.91490801518042,4.0,64.0,-64.0,64.0,0.9999758931584783
------------------OX-X-----XX----OOXO-----O-OOO----O------------ X;,1,50,5,9,-4,0,12,-64,0,2.75,0.25,2.75,8.0,9.75,240094,7.2612560080635085,63.95605887693986,4.0,64.0,-64.0,64.0,0.9986338684015428
------------------OX-X-----XX----OOXO-----O-OOO---O------------- X;,1,50,5,9,-4,0,12,-64,0,2.75,0.25,2.25,8.0,9.75,402973,6.321093472763684,63.962141384162216,4.0,64.0,-64.0,64.0,0.9999429242157664
------------------OX-X----OXX----OOOO-----X-OOO----------------- X;,1,50,5,9,-4,0,12,-64,0,0.7499999999999999,0.75,4.25,8.0,10.25,645445,6.648230290729652,63.956924292542354,4.0,64.0,-64.0,64.0,0.9998171803949213
-----------------OOO-X-----OXOO----OO-----XOOO------------------ X;,1,50,3,11,-8,0,12,-64,0,3.2499999999999996,0.75,5.25,4.0,10.25,992831,5.4100969852875265,63.95809357282357,4.0,64.0,-64.0,64.0,0.9997612886785364
------------------X--X---OOOOX----XOOOO-----O-------O----------- X;,1,50,4,10,-6,1,4,-64,0,6.25,0.25,4.25,2.0,9.25,2676107,5.219174719097555,63.98490942253056,4.0,64.0,-64.0,64.0,0.9999316170840703
------------------X--X----XOOOO---XOOOO-----O-------O----------- X;,1,50,4,10,-6,1,6,-64,0,6.25,0.25,0.25,7.0,9.25,2276364,5.279725035187694,63.97949712787586,4.0,64.0,-64.0,64.0,0.9998774361218153
------------------X--X----XOOX---OOOOO-----O--O----O------------ X;,1,50,4,10,-6,0,6,-64,0,5.749999999999999,0.25,0.75,7.0,8.75,2381164,4.577258853233125,63.98998221038114,4.0,64.0,-64.0,64.0,0.9987917673877146
------------------X--X----XOOX---OOOOOO----O-------O------------ X;,1,50,4,10,-6,0,8,-64,0,6.25,0.25,0.25,7.0,9.25,1797242,4.990452593473778,63.984249756015046,4.0,64.0,-64.0,64.0,0.9998803722592728
------------------X-OX----XOOO----XOOOO-----O-------O----------- X;,1,50,4,10,-6,0,10,-64,0,5.999999999999999,0.5,0.5,7.0,10.0,2949059,6.82469187629003,63.971374258704216,4.0,64.0,-64.0,64.0,0.9997277097541961
------------------X--XO---XOOO----XOOOO-----O-------O----------- X;,1,50,4,10,-6,0,12,-64,0,5.749999999999999,0.25,0.75,7.0,8.75,1778181,7.079633063225847,63.9745622071094,4.0,64.0,-64.0,64.0,0.9997025049755902
------------------XXX------OO------OOOO--OOOO-------O----------- X;,1,50,3,11,-8,0,14,-64,0,4.750000000000001,0.25,1.75,7.0,8.75,1128727,5.6735481653225275,63.97118966765214,4.0,64.0,-64.0,64.0,0.999968991616219
-----------------OX--X----OOOX----XOOOO-----O-------O----------- X;,1,50,4,10,-6,0,14,-64,0,5.749999999999999,0.25,3.75,3.0,8.75,2070373,6.150804227064398,63.97285851390063,4.0,64.0,-64.0,64.0,0.9999729517338181
--------------O---X--O----XOOX----XOOOO-----O-------O----------- X;,1,50,4,10,-6,0,22,-64,0,4.875000000000001,1.125,2.875,5.0,8.875,1935811,8.715110617720429,63.96607365078512,4.0,64.0,-64.0,64.0,0.9993227644640928
---------O--------O--X----XOOX----XOOOO-----O-------O----------- X;,1,50,4,10,-6,0,26,-64,0,4.875000000000001,1.125,2.875,5.0,8.875,2228943,7.057805874802541,63.96848057577067,4.0,64.0,-64.0,64.0,0.9999789137721332
------------------X--X----XOXO---OOOO----OOO-------O------------ X;,1,50,4,10,-6,0,6,-64,0,2.3749999999999996,0.125,3.875,7.0,8.875,2189104,4.448425474532046,63.99133161329932,4.0,64.0,-64.0,64.0,0.9998853412172286
-------------O----XXXX-----OXOO---OOO-----XO-------------------- X;,1,50,6,8,-2,0,6,-64,0,3.6250000000000004,1.375,2.625,6.0,9.625,4299035,6.746606156963132,63.96815983121794,4.0,64.0,-64.0,64.0,0.9991502744220505
-----------O-O----XOOX-----OXOO----XO-----XO-------------------- X;,1,50,5,9,-4,0,8,-64,0,4.875000000000001,0.625,4.875,3.0,8.875,441300,9.297507364604577,63.9004260140494,4.0,64.0,-64.0,64.0,0.9997348742352141
-------------O----XXXX-----OXOO----XO----OOO-------------------- X;,1,50,6,8,-2,0,14,-64,0,0.875,0.625,5.375,7.0,8.875,408098,6.956155139206759,63.939521879548536,4.0,64.0,-64.0,64.0,0.9999264882454705
---------O---O----OXXX-----OXOO----XO-----XO-------------------- X;,1,50,6,8,-2,0,28,-64,0,0.7499999999999999,0.75,7.25,5.0,8.75,860276,8.4835122681558,63.94552213475675,4.0,64.0,-64.0,64.0,0.9999488536237208
----------O------OO-XX----OXOO----XOO------O-------O------------ X;,1,50,4,10,-6,1,8,-64,0,1.7500000000000002,0.25,2.75,9.0,8.75,1200560,7.862320083960818,63.89586276404344,4.0,64.0,-64.0,64.0,0.9996993069900713
-----------------OOOXX----OOOO----XOO------O-------O------------ X;,1,50,3,11,-8,1,12,-64,0,4.750000000000001,0.25,1.75,7.0,9.75,2310087,5.284676291412401,63.96600647508081,4.0,64.0,-64.0,64.0,0.998714767019597
-----------------OX-XX----OXOO----OOO-----OO-------O------------ X;,1,50,4,10,-6,0,12,-64,0,2.625,1.375,1.625,8.0,9.625,1846780,6.023851785269496,63.96246602194089,4.0,64.0,-64.0,64.0,0.9998115639112402
-----------------OX-XX---OOXOO----OOO------O-------O------------ X;,1,50,4,10,-6,0,12,-64,0,3.7500000000000004,1.25,1.25,7.0,8.75,1478928,6.858925519024591,63.942399494769184,4.0,64.0,-64.0,64.0,0.9998931658606774
----------O-------XOX------XOOO---XOO----OOO-------------------- X;,1,50,4,10,-6,0,12,-64,0,1.7500000000000002,0.25,2.25,9.0,8.75,867585,6.409147230530726,63.84638969092366,4.0,64.0,-64.0,64.0,0.9946506682342364
-----------------OX-XX----OXOO---OOOO------O-------O------------ X;,1,50,4,10,-6,0,14,-64,0,3.7500000000000004,1.25,1.75,7.0,8.75,1382258,7.25694117885373,63.9437319226946,4.0,64.0,-64.0,64.0,0.9998719486521329
------------O----OX-OX----OXOO----XOO------O-------O------------ X;,1,50,4,10,-6,0,18,-64,0,3.7500000000000004,0.75,1.75,6.0,8.75,387193,12.308004018667694,63.66581782211972,4.0,64.0,-64.0,64.0,0.9994782963534982
-----------O-----OX-OX----OXOO----XOO------O-------O------------ X;,1,50,4,10,-6,0,18,-64,0,3.7500000000000004,0.75,1.25,7.0,8.75,385828,11.719613402863452,63.67441191411717,4.0,64.0,-64.0,64.0,0.9997200825238189
---------O-------OO-XX----OOOO----XOO------O-------O------------ X;,1,50,3,11,-8,0,26,-64,0,4.625,0.375,1.625,7.0,8.625,1570852,5.619675819236949,63.982638084300746,4.0,64.0,-64.0,64.0,0.9999809020837099
----------O-------XOX------XOOO---XOO-----OO-----O-------------- X;,1,50,4,10,-6,0,26,-64,0,1.6249999999999998,0.375,2.625,9.0,8.625,924678,8.107978128602605,63.90896398530083,4.0,64.0,-64.0,64.0,0.9999632304434625
------------------X--X---OXOXO---OOOO-----OO-------O------------ X;,1,50,4,10,-6,1,10,-64,0,2.875,0.125,3.375,7.0,9.375,903266,5.893237429505816,63.96215400557532,4.0,64.0,-64.0,64.0,0.9995881611839702
-----------O------XXXX-----OXOO---OOO-----XO-------------------- X;,1,50,6,8,-2,0,12,-64,0,3.875,1.125,2.375,6.0,9.875,919157,7.534894473958203,63.94218071559048,4.0,64.0,-64.0,64.0,0.999130725218869
-----------O------XXXX-----OXOO----XO----OOO-------------------- X;,1,50,6,8,-2,0,14,-64,0,0.875,0.625,4.875,7.0,8.875,203765,6.84333914067676,63.92389762716855,4.0,64.0,-64.0,64.0,0.9993669177729247
-----------O------OXXX---O-OXOO----XO-----XO-------------------- X;,1,50,6,8,-2,0,16,-64,0,1.375,0.625,6.875,5.0,9.375,214378,7.0602627135247085,63.9131020906996,4.0,64.0,-64.0,64.0,0.9995755161443804
------------------X--X---OXOXO----OXO----OOO-------O------------ X;,1,50,5,9,-4,0,18,-64,0,1.375,0.125,6.375,5.0,8.875,48635,12.8127685822967,63.462012953634215,4.0,64.0,-64.0,64.0,0.9996915801377608
---------O-O------OXXX-----OXOO----XO-----XO-------------------- X;,1,50,6,8,-2,0,30,-64,0,1.0,0.5,7.0,5.0,9.0,274078,15.56968089376017,63.79924328110976,4.0,64.0,-64.0,64.0,0.9999671626325353
-------------------XXX---OOXO-----OOO-----O-OOO----------------- X;,1,50,4,10,-6,0,10,-64,0,1.6249999999999998,1.375,1.625,9.0,9.625,3770083,5.41083392593744,63.97682199569611,4.0,64.0,-64.0,64.0,0.9684609065635955
-------------------XXX---OOXO----OOOO-------OOO----------------- X;,1,50,4,10,-6,0,10,-64,0,1.7500000000000002,1.75,2.25,8.0,8.75,1385213,6.457420627730176,63.93793806439876,4.0,64.0,-64.0,64.0,0.9999393595064441
------------------OXXX---OOOO-----XOO-------OOO----------------- X;,1,50,4,10,-6,0,12,-64,0,4.625,0.375,3.625,5.0,9.625,665682,6.224787511153974,63.93712162864551,4.0,64.0,-64.0,64.0,0.9998843291541607
-------------------XXX---OOXO-----OOO------OOOO----------------- X;,1,50,4,10,-6,0,14,-64,0,1.7500000000000002,0.75,2.25,9.0,9.75,410524,7.551380674455086,63.87749071917842,4.0,64.0,-64.0,64.0,0.9998757685299763
----------O--------OXX---OOXO-----XOO-------OOO----------------- X;,1,50,4,10,-6,0,16,-64,0,1.7500000000000002,0.25,5.75,6.0,8.75,929812,8.372845263343558,63.918082365037236,4.0,64.0,-64.0,64.0,0.9996579953797111
-----------O-------OXX---OOOO-----XOO-------OOO----------------- X;,1,50,3,11,-8,0,16,-64,0,4.750000000000001,0.25,4.75,4.0,8.75,1636411,7.752952650648279,63.94562918484415,4.0,64.0,-64.0,64.0,0.9999352240971248
------------O------OOX---OOXO-----XOO-------OOO----------------- X;,1,50,3,11,-8,0,18,-64,0,2.75,1.25,3.25,6.0,8.75,704729,7.700711904859882,63.90928569705518,4.0,64.0,-64.0,64.0,0.9999063469787677
--------------O----XXO---OOXO-----XOO-------OOO----------------- X;,1,50,4,10,-6,0,34,-64,0,2.625,0.375,2.625,8.0,8.625,447492,10.41503758726413,63.8370473662099,4.0,64.0,-64.0,64.0,0.9999016742198743
-------------------XXX---OOXO-----OOO-----O-OO--------O--------- X;,1,50,4,10,-6,0,22,-64,0,1.7500000000000002,1.25,1.75,9.0,9.75,525681,8.060141036103644,63.90225060445403,4.0,64.0,-64.0,64.0,0.9999220059313538
------------------OXXX---OOOO-----XOO-------OO--------O--------- X;,1,50,4,10,-6,0,24,-64,0,4.750000000000001,0.25,3.75,5.0,9.75,927794,6.134733572323166,63.95092337307635,4.0,64.0,-64.0,64.0,0.9999590426323085
-------------------XXX---OOXO----OOOO-------OO--------O--------- X;,1,50,4,10,-6,0,24,-64,0,1.875,1.625,2.375,8.0,8.875,1294943,5.703546797040487,63.977379699338115,4.0,64.0,-64.0,64.0,0.9999822386004635
----------O--------OXX---OOXO-----XOO-------OO--------O--------- X;,1,50,4,10,-6,0,28,-64,0,1.6249999999999998,0.375,5.625,6.0,8.625,1137017,6.505927352009689,63.946310389378525,4.0,64.0,-64.0,64.0,0.9997686929922771
-----------O-------OXX---OOOO-----XOO-------OO--------O--------- X;,1,50,3,11,-8,0,28,-64,0,4.875000000000001,0.125,4.875,4.0,8.875,1299481,7.254540081771107,63.94031694191758,4.0,64.0,-64.0,64.0,0.9999653707903386
------------O------OOX---OOXO-----XOO-------OO--------O--------- X;,1,50,3,11,-8,0,30,-64,0,2.875,1.125,3.375,6.0,8.875,1040164,6.3429862983144965,63.946775700754884,4.0,64.0,-64.0,64.0,0.9999673128468203
-------------------XXX---OOXO-----OOO------OOO--------O--------- X;,1,50,4,10,-6,0,30,-64,0,1.875,0.625,2.375,9.0,9.875,590907,6.862584129143841,63.93001775237051,4.0,64.0,-64.0,64.0,0.9999593844716681
--------------O----XXO---OOXO-----XOO-------OO--------O--------- X;,1,50,4,10,-6,0,40,-64,0,3.2499999999999996,0.25,2.25,8.0,9.25,474333,8.850208608720035,63.88799851581062,4.0,64.0,-64.0,64.0,0.9999768095409765
---------O---O----OXO------OXOO----OOX----XO-------------------- X;,1,50,4,10,-6,0,26,-64,0,1.6249999999999998,0.375,5.625,6.0,8.625,435484,7.224180452094681,63.949874163000246,4.0,64.0,-64.0,64.0,0.9999770370438409
---------O--O-----OXO------OOOO----OOX----XO-------------------- X;,1,50,3,11,-8,0,26,-64,0,4.875000000000001,0.125,4.875,4.0,8.875,1704173,6.925908343812512,63.89916751409628,4.0,64.0,-64.0,64.0,0.9940698508895517
---------O--------O--X----XOOO----XXOO-----OO------O------------ X;,1,50,4,10,-6,0,26,-64,0,1.875,0.625,2.375,9.0,9.875,1542250,7.892444804668504,63.940909061436216,4.0,64.0,-64.0,64.0,0.9999721186578051
---------O--------O--X----XOOO----XXO------OOO-----O------------ X;,1,50,4,10,-6,0,28,-64,0,1.7500000000000002,1.25,3.75,7.0,9.75,1009504,8.736233833645038,63.915630844454306,4.0,64.0,-64.0,64.0,0.9999455177988398
---------O--------O--X----XOOO----XXO------OO------OO----------- X;,1,50,4,10,-6,0,28,-64,0,1.875,1.625,2.375,8.0,8.875,1192328,8.130736676484995,63.92451154380338,4.0,64.0,-64.0,64.0,0.9999714843566535
--------------------OX----XOO----OOXO------OOO------O-O--------- X;,1,50,3,11,-8,0,34,-64,0,2.875,1.125,3.375,6.0,8.875,168923,14.800731694322264,63.721103698134655,4.0,64.0,-64.0,64.0,0.9999585610011662
--------------------OX----XOO----OOOO-----OOOO--------O--------- X;,1,50,2,12,-10,0,34,-64,0,5.749999999999999,1.25,1.75,5.0,9.75,448693,9.551673415899067,63.845094530113016,4.0,64.0,-64.0,64.0,0.9999531973977753
----------------OOX--X---OXXX-----OOOO-----O-------O------------ X;,1,50,5,9,-4,0,6,-64,0,2.25,0.25,0.75,10.0,7.75,1315208,4.492020273599309,63.9851270673536,4.0,64.0,-64.0,64.0,0.8678079817032743
-----------------OX--X---OXXX----OOOOO-----O-------O------------ X;,1,50,5,9,-4,0,12,-64,0,2.75,0.25,0.75,10.0,8.25,198898,20.693601745618356,63.80741887801788,8.0,64.0,-64.0,64.0,0.9994720912226367
-----------------OX-OX---XXXO-----XOOO-----O-------O------------ X;,1,50,6,8,-2,1,14,-64,0,2.25,1.75,1.75,7.0,8.75,1105774,11.230164572507583,63.883516885005434,4.0,64.0,-64.0,64.0,0.9997006621606224
-----------------OOO-X---XXOO-----XOOO-----O-------O------------ X;,1,50,4,10,-6,0,14,-64,0,4.25,1.75,1.75,6.0,8.75,344353,16.28989728563422,63.83345868919394,4.0,64.0,-64.0,64.0,0.9991578409364809
---------O-------OO--X---XXOX-----XOOO-----O-------O------------ X;,1,50,5,9,-4,0,24,-64,0,1.375,1.125,2.875,8.0,7.875,452571,16.028534749243764,63.78001241794105,4.0,64.0,-64.0,64.0,0.9999580176370116
----------OX------XXX------XOOO----OO-----O-O----O-------------- X;,1,50,5,9,-4,0,26,-64,0,1.375,1.125,2.875,8.0,7.875,121379,16.721203832623434,63.788884403397624,4.0,64.0,-64.0,64.0,0.999892897453431
-------------O----XXOX---XXOO------OOO-----O-------O------------ X;,1,50,5,9,-4,0,6,-64,0,5.25,0.75,1.75,5.0,8.75,2365812,6.890287563001625,63.97338799532676,4.0,64.0,-64.0,64.0,0.99988376083983
------------O-----XXOX---XXOO------OOO-----O-------O------------ X;,1,50,5,9,-4,0,6,-64,0,5.25,1.25,2.25,4.0,9.25,1732570,10.00014371713697,63.931485019364295,4.0,64.0,-64.0,64.0,0.9915807153534922
-----------O------XOXX---XXOO------OOO-----O-------O------------ X;,1,50,5,9,-4,0,8,-64,0,5.25,1.25,0.25,7.0,9.25,1723777,9.103681044589875,63.92591037007687,4.0,64.0,-64.0,64.0,0.9998195822313443
----------O-------XOXX---XXOO------OOO-----O-------O------------ X;,1,50,5,9,-4,0,12,-64,0,5.25,0.75,0.75,7.0,8.75,1076164,11.552450184172672,63.89390371727729,4.0,64.0,-64.0,64.0,0.9996970721934575
-----------------OXXXX---XOOO------OOO-----O-------O------------ X;,1,50,5,9,-4,0,14,-64,0,5.25,1.75,0.75,5.0,8.75,1105774,11.230164572507583,63.883516885005434,4.0,64.0,-64.0,64.0,0.9997006621606224
------------------XXXX--OOOOO------OOO-----O-------O------------ X;,1,50,4,10,-6,0,16,-64,0,5.749999999999999,1.25,0.25,5.0,8.75,645114,10.28016288593954,63.88408715358836,4.0,64.0,-64.0,64.0,0.9998651401147705
--------------O---XXXO---XXOO------OOO-----O-------O------------ X;,1,50,5,9,-4,0,26,-64,0,4.375,0.625,1.875,7.0,8.875,915968,12.721976095234767,63.93731986270263,4.0,64.0,-64.0,64.0,0.9998951928451649
---------O--------OXXX---XXOO------OOO-----O-------O------------ X;,1,50,5,9,-4,0,28,-64,0,4.375,0.625,1.875,7.0,8.875,884970,17.197928743347234,63.772653310281704,6.0,64.0,-64.0,64.0,0.9999514107822864
-----------------OXXXX---XOXO------OOO-----O-------O------------ X;,1,50,6,8,-2,0,14,-64,0,2.25,1.75,1.75,7.0,8.75,1105774,11.230164572507583,63.883516885005434,4.0,64.0,-64.0,64.0,0.9997006621606224
--------------O---X-OO---XXXOX-----OOO-----O-------O------------ X;,1,50,5,9,-4,0,14,-64,0,1.375,1.625,2.875,7.0,8.875,1890010,8.197006894143417,63.97605356585415,4.0,64.0,-64.0,64.0,0.999966137745303
--------------O--OX--O---XOXXX-----OOO-----O-------O------------ X;,1,50,5,9,-4,0,26,-64,0,0.875,0.625,2.375,8.0,7.875,1502976,6.166933470660876,63.982563261156535,4.0,64.0,-64.0,64.0,0.9999807049480497
--------------O---XO-O---XXOOX-----OOO-----O-------O------------ X;,1,50,4,10,-6,0,26,-64,0,4.375,1.625,1.875,6.0,8.875,1544112,10.213782419928089,63.94658029987462,4.0,64.0,-64.0,64.0,0.9999164568373279
--------------O---X--OO--XXXXO-----OOO-----O-------O------------ X;,1,50,5,9,-4,0,30,-64,0,0.875,0.625,2.375,10.0,7.875,440782,6.334410207313366,63.974123262746666,4.0,64.0,-64.0,64.0,0.9999319391445204
---------O----O---O--O---XXOXX-----OOO-----O-------O------------ X;,1,50,4,10,-6,0,32,-64,0,2.9999999999999996,1.0,1.5,8.0,8.5,527323,11.178059747062047,63.9567437794293,4.0,64.0,-64.0,64.0,0.9999696580653603
---------O--------O--X---XOOX-----OOOO----XO-------O------------ X;,1,50,4,10,-6,0,18,-64,0,3.5,1.0,4.0,5.0,9.0,1985927,6.728086178394271,63.97723884110544,4.0,64.0,-64.0,64.0,0.9999657590636514
---O-----O-O------OO-X-----OXOO----XO-----X-O------------------- X;,1,50,4,10,-6,0,20,-64,0,2.25,0.25,6.75,3.0,8.25,1163984,4.835288113925965,63.99516144551815,4.0,64.0,-64.0,64.0,0.9999845358699089
---------O-X------OX-X-----OXOO----OO-----XOO------------------- X;,1,50,5,9,-4,0,20,-64,0,2.0000000000000004,0.5,4.5,7.0,9.0,1725255,8.656740018142246,63.96490489811651,4.0,64.0,-64.0,64.0,0.9999600059121695
---------O--------O--X---XXOX----O-XOO----OO-------O------------ X;,1,50,5,9,-4,0,22,-64,0,0.7499999999999999,0.25,5.75,7.0,8.75,462776,11.22661935796152,63.89144207996957,4.0,64.0,-64.0,64.0,0.9999459781838298
---------O-X------OX-X----OOXOO----OO-----X-O------------------- X;,1,50,5,9,-4,0,22,-64,0,2.0000000000000004,1.0,4.0,7.0,9.0,1382132,11.179532056272484,63.962834953535555,4.0,64.0,-64.0,64.0,0.9999594828858603
---------O-X------OX-X-----OXOO---OOO-----X-O------------------- X;,1,50,5,9,-4,0,26,-64,0,2.0000000000000004,1.0,4.5,6.0,9.0,1258640,10.453549863344563,63.95851395156677,4.0,64.0,-64.0,64.0,0.9999642471238798
----O----O-O------OX-X-----OXOO----XO-----X-O------------------- X;,1,50,5,9,-4,0,28,-64,0,1.2500000000000002,0.25,6.75,5.0,8.25,541649,12.245651704332511,63.909504125365316,4.0,64.0,-64.0,64.0,0.9999372287219214
---------O--------O--X---XXOX------XOO---OOO-------O------------ X;,1,50,5,9,-4,0,28,-64,0,0.7499999999999999,0.75,5.25,7.0,8.25,246775,15.043189139904772,63.87704183973255,4.0,64.0,-64.0,64.0,0.9999554249822713
----------O---O---O-XO----OXX-----XOX------OO------O------------ X;,1,50,5,9,-4,0,26,-64,0,2.625,0.375,2.625,8.0,8.625,758512,6.571455692197355,63.9231732655515,4.0,64.0,-64.0,64.0,0.9999512202839244
---------O---O----OX-O-----XXOO----XXO------O-------O----------- X;,1,50,5,9,-4,0,28,-64,0,6.374999999999999,0.625,0.375,6.0,7.875,666735,8.660802267767554,63.88957231883732,4.0,64.0,-64.0,64.0,0.9999205081479149
-----------------OOOX------OXOO---XXO-----O--O---O-------------- X;,1,50,4,10,-6,0,32,-64,0,2.75,0.25,5.25,5.0,8.75,498736,6.714670687497995,63.90070498219499,4.0,64.0,-64.0,64.0,0.9999498732796509
---------O---O----OX-O-----OXO-----XOO------OO------O----------- X;,1,50,3,11,-8,0,32,-64,0,3.2499999999999996,0.75,4.75,5.0,8.75,134638,12.336918254876037,63.535970528379806,4.0,64.0,-64.0,64.0,0.9999405814108944
-----------------OOOX------OXOO---XOO-----OO-----O-------------- X;,1,50,3,11,-8,0,32,-64,0,2.625,0.375,1.625,9.0,8.625,218679,9.463217775826669,63.699628222188686,4.0,64.0,-64.0,64.0,0.9998856771797933
------------O-------O------XOX-----XOO----OOOO---O---O---------- X;,1,50,3,11,-8,0,32,-64,0,2.625,1.375,0.625,8.0,8.625,476209,7.053293826870135,63.85447986073342,4.0,64.0,-64.0,64.0,0.9999349025322914
---------OOX------OOOX-----XOO-----XO-------O-------O----------- X;,1,50,4,10,-6,0,26,-64,0,2.3749999999999996,0.625,1.375,9.0,7.875,429798,19.513015416544516,63.634309605907895,8.0,64.0,-64.0,64.0,0.9987947826653452
---------O--------O------XXXX-----OOOOO--OOO-------------------- X;,1,50,4,10,-6,0,28,-64,0,1.875,0.125,0.875,11.0,7.875,556193,9.711787095486638,63.7859016564394,4.0,64.0,-64.0,64.0,0.9998615588473785
---------O--------O------XXXX-----OOOOO---OO------O------------- X;,1,50,4,10,-6,0,28,-64,0,1.875,0.125,0.875,11.0,7.875,351735,12.166921119592875,63.78001620538189,4.0,64.0,-64.0,64.0,0.9985614169758483
------------X-O---XOXO----OOOO-----OO------O-------O------------ X;,1,50,3,11,-8,0,30,-64,0,5.375,0.125,1.375,7.0,8.875,686179,12.904138715991017,63.82818040190679,4.0,64.0,-64.0,64.0,0.9999067298766066
----O----O-O------OXOX-----XOO-----XO-------O-------O----------- X;,1,50,4,10,-6,0,30,-64,0,1.375,0.625,2.375,9.0,7.875,98072,16.24624765478424,63.713047556896974,6.0,64.0,-64.0,64.0,0.9998674443266172
---------O-X------OXOX-----XOO-----OO-----O-O-------O----------- X;,1,50,4,10,-6,0,32,-64,0,2.0000000000000004,0.0,2.0,10.0,9.0,503043,11.181992394288361,63.871500050691495,4.0,64.0,-64.0,64.0,0.9999244597380343
------------X-O---XOXO----OOO------OOO-----O-------O------------ X;,1,50,3,11,-8,0,34,-64,0,5.375,0.125,2.375,6.0,8.875,204542,15.65170478434747,63.62379853526415,6.0,64.0,-64.0,64.0,0.9999804441141673
--O------O-O------OXOX-----XOO-----XO-------O-------O----------- X;,1,50,4,10,-6,0,34,-64,0,1.375,0.625,2.375,9.0,7.875,159762,14.46974875126751,63.731600756124735,4.0,64.0,-64.0,64.0,0.9996369599779672
---------O--------O------XXXX-----OOOOO---OO-----O-------------- X;,1,50,4,10,-6,0,38,-64,0,2.5000000000000004,0.0,0.5,11.0,8.5,430400,20.925341542750928,63.720638940520445,8.0,64.0,-64.0,64.0,0.9998629182156133
-----------X------XX------OOOOO---OOO-----O-O----O-------------- X;,1,50,3,11,-8,0,28,-64,0,5.375,1.625,1.875,5.0,8.875,529265,15.485509149480883,63.89201628673727,6.0,64.0,-64.0,64.0,0.9999244234929572
--------------O--OX-XO---XOXX------OOO-----O-------O------------ X;,1,50,5,9,-4,0,32,-64,0,0.875,1.125,2.375,9.0,7.875,481444,7.959656782512608,63.95299764874004,4.0,64.0,-64.0,64.0,0.9999916916609201
-----------X------XX-------XOOO--OOOO-----O-O----O-------------- X;,1,50,4,10,-6,0,32,-64,0,1.875,1.625,3.875,6.0,8.375,137984,16.45709647495362,63.75302933673469,8.0,64.0,-64.0,64.0,0.9998550556586271
---------O----O---O-XO---XXOX------OOO-----O-------O------------ X;,1,50,4,10,-6,0,34,-64,0,2.9999999999999996,0.5,1.5,9.0,8.5,378486,13.266295186611922,63.9345471166701,4.0,64.0,-64.0,64.0,0.9999075263021617
---------O--O----XXO-X----OOOO-----OO-------O-------O----------- X;,1,50,3,11,-8,0,34,-64,0,7.875,0.625,0.875,4.0,7.875,192072,14.798830646840768,63.72199487692115,4.0,64.0,-64.0,64.0,0.9999166979049523
---------O---O---XXX-O----OOOO-----OO-------O-------O----------- X;,1,50,3,11,-8,0,36,-64,0,4.875000000000001,1.125,1.875,6.0,7.875,70325,19.809427657305367,63.13248489157483,8.0,64.0,-64.0,64.0,0.999900462140064
---------O-O-----XXO-X----OOOO-----OO-------O-------O----------- X;,1,50,3,11,-8,0,36,-64,0,7.875,0.625,1.375,3.0,7.875,110111,23.74022577217535,63.14598904741579,12.0,64.0,-64.0,64.0,0.9998728555730126
---------OO------XOO-X----OOOO-----OO-------O-------O----------- X;,1,50,2,12,-10,0,38,-64,0,6.374999999999999,0.625,1.875,4.0,7.875,75031,22.679705721635056,62.9394916767736,10.0,64.0,-64.0,64.0,0.9999466887020032
---------O-------OXX-X---OOOOO-----OO-------O-------O----------- X;,1,50,3,11,-8,0,40,-64,0,6.374999999999999,0.625,0.875,6.0,7.875,19673,29.07218014537691,62.22147105169522,16.0,64.0,-64.0,64.0,0.9998475067351192
---------O----O--XXX-O----OOOO-----OO-------O-------O----------- X;,1,50,3,11,-8,0,44,-64,0,5.749999999999999,0.75,1.25,6.0,8.25,130358,18.213143803985947,63.62994983046687,8.0,64.0,-64.0,64.0,0.9999463017229476
--------OO-------OXX-X----OOOO-----OO-------O-------O----------- X;,1,50,3,11,-8,0,44,-64,0,6.125,0.875,0.625,6.0,7.625,18590,37.26551909628833,61.93458848843464,64.0,64.0,-64.0,64.0,1.0
------------------XO--X---OOOXO----OO-----XXOO------------------ X;,1,50,5,9,-4,0,4,-64,0,4.625,0.375,3.625,5.0,9.625,4341383,4.7943805004073585,63.991699419286434,4.0,64.0,-64.0,64.0,0.9997673552414058
------------------O-XX-----XX----OXOOO---X--OOO----------------- X;,1,50,6,8,-2,0,6,-64,0,0.37499999999999994,0.125,4.875,8.0,8.875,528002,4.667124366953155,63.98409665114905,4.0,64.0,-64.0,64.0,0.9996458346748687
------------------O-XX-----XX----OXOOO---X--OO-------O---------- X;,1,50,6,8,-2,0,6,-64,0,0.37499999999999994,0.625,4.875,8.0,8.875,489421,4.697922647373121,63.98432024780302,4.0,64.0,-64.0,64.0,0.9998896655435708
------------------XO--X---OOOXO----OX-----XO-O-----O------------ X;,1,50,5,9,-4,0,6,-64,0,2.3749999999999996,0.625,2.375,8.0,8.875,2250356,4.649802075760458,63.98813787685148,4.0,64.0,-64.0,64.0,0.9997578160966532
------------------O-XX-----XX----OXOOO---X--OO--------O--------- X;,1,50,6,8,-2,0,18,-64,0,0.7499999999999999,0.25,4.75,8.0,8.75,704869,4.754345842986427,63.99372223774914,4.0,64.0,-64.0,64.0,0.9999957438899995
----------XO-------X-O-----OX-----OOOX----XO-O--------O--------- X;,1,50,5,9,-4,0,20,-64,0,1.7500000000000002,0.25,3.75,8.0,8.75,720296,5.0518023146039965,63.99441479613937,4.0,64.0,-64.0,64.0,0.9999958350455924
------------------XX-O-----XX-----OOOXO---XO--O-------O--------- X;,1,50,6,8,-2,0,22,-64,0,0.7499999999999999,0.25,2.75,10.0,8.75,398261,6.164861736398994,63.97853668825218,4.0,64.0,-64.0,64.0,0.9999723799217096
------------------X-OX----XXOX----XOOO-----O-O-----O------------ X;,1,50,6,8,-2,0,6,-64,0,1.375,2.125,1.375,7.0,10.875,3956806,5.224119656106466,63.98286800009907,4.0,64.0,-64.0,64.0,0.997380210199843
------------------XO-X----XOOX----XOOO-----O-O-----O------------ X;,1,50,5,9,-4,0,6,-64,0,4.375,2.125,0.875,6.0,10.875,3923524,5.215804465577373,63.98357395035687,4.0,64.0,-64.0,64.0,0.9973602812165798
------------------X--X---OXXXX----OOOO-----O-O-----O------------ X;,1,50,6,8,-2,0,8,-64,0,0.875,0.125,0.375,12.0,9.875,1730914,4.492847131631034,63.9868635876768,4.0,64.0,-64.0,64.0,0.9998122379274764
------------------X--X----XXXX---OOOOO-----O-O-----O------------ X;,1,50,6,8,-2,0,8,-64,0,0.875,0.125,0.875,12.0,9.875,1514530,4.644199190507947,63.98779093184024,4.0,64.0,-64.0,64.0,0.9998600225812628
-----------------OX--X----OXXX----XOOO-----O-O-----O------------ X;,1,50,6,8,-2,0,8,-64,0,0.6250000000000001,0.375,1.625,8.0,9.625,1997399,5.510000255332059,63.979677070029574,4.0,64.0,-64.0,64.0,0.9998908580609082
------------------X--XO---XXXO----XOOO-----O-O-----O------------ X;,1,50,6,8,-2,0,8,-64,0,0.6250000000000001,0.375,0.625,12.0,9.625,2960939,4.884229968938907,63.98282538073226,4.0,64.0,-64.0,64.0,0.9997406228226924
-------------O----X--O----XXXO----XOOO-----O-O-----O------------ X;,1,50,5,9,-4,0,8,-64,0,0.6250000000000001,0.375,0.625,12.0,9.625,1275500,4.311064680517444,63.988348882791065,4.0,64.0,-64.0,64.0,0.9927252058016464
--------------O---X--O----XXOX----XOOO-----O-O-----O------------ X;,1,50,5,9,-4,0,20,-64,0,1.7500000000000002,1.25,1.75,8.0,9.75,2404208,5.612105524979536,63.98997216546988,4.0,64.0,-64.0,64.0,0.9999916812522045
---------O--------O--X----XOXX----XOOO-----O-O-----O------------ X;,1,50,5,9,-4,0,24,-64,0,1.7500000000000002,1.25,3.75,6.0,9.75,1222592,5.990839135214364,63.96551915929435,4.0,64.0,-64.0,64.0,0.9999672826257656
------------------O-XX----OXX----OOOX-----X-OOO----------------- X;,1,50,6,8,-2,0,6,-64,0,1.7500000000000002,0.75,5.75,5.0,10.25,1758111,4.826458056402582,63.981372620955106,4.0,64.0,-64.0,64.0,0.9997963723564667
------------------O-XX-----XX----OOOOO----X-OOO----------------- X;,1,50,5,9,-4,0,6,-64,0,0.7499999999999999,0.75,4.75,7.0,10.25,523427,5.487559869857688,63.94472008513126,4.0,64.0,-64.0,64.0,0.9994841687570568
------------------XX-O-----XX------XXOO--OOO-O------O----------- X;,1,50,6,8,-2,0,8,-64,0,5.749999999999999,0.25,1.75,5.0,9.75,177795,4.94153941336933,63.967170055400885,4.0,64.0,-64.0,64.0,0.9998481397114655
------------------XX-O-----XX------XXOO--OOO-O-------O---------- X;,1,50,6,8,-2,1,10,-64,0,5.749999999999999,0.25,1.25,5.0,9.75,240493,4.815391716183007,63.98209511295547,4.0,64.0,-64.0,64.0,0.999492708727489
-----------------OOO-X-----XXOO----XO-----XO-O----O------------- X;,1,50,5,9,-4,0,12,-64,0,2.75,0.25,5.25,5.0,9.75,1254715,4.828654315920349,63.98155198590915,4.0,64.0,-64.0,64.0,0.9997529319407196
------------O-----O-OX-----XX----OOOOO----X--O-------O---------- X;,1,50,4,10,-6,0,18,-64,0,1.7500000000000002,0.25,4.75,7.0,9.75,178688,6.771769788681948,63.87653339899713,4.0,64.0,-64.0,64.0,0.9998488986389685
-------------O---OX--O---XXXXO-----OO-----O-O-------O----------- X;,1,50,5,9,-4,0,12,-64,0,0.875,0.625,2.375,8.0,8.375,500205,8.211769174638398,63.913903299647146,4.0,64.0,-64.0,64.0,0.9998900450815166
-----------------OOO-X---XXOXO-----OO-----O-O-------O----------- X;,1,50,4,10,-6,0,12,-64,0,1.875,1.125,1.375,7.0,8.875,509318,10.630871086433231,63.83803439108769,4.0,64.0,-64.0,64.0,0.9960849606728999
-----------------OX--X---OXXXO---O-OO-----O-O-------O----------- X;,1,50,5,9,-4,0,12,-64,0,1.6249999999999998,0.375,0.625,10.0,8.625,106445,13.451792005260932,63.75732068204237,4.0,64.0,-64.0,64.0,0.9986002160740288
-----------------OX-OX---XXXOO-----OO-----O-O-------O----------- X;,1,50,5,9,-4,0,14,-64,0,1.875,1.125,1.875,8.0,8.875,742829,9.560671433129293,63.89877885758364,4.0,64.0,-64.0,64.0,0.99992461252859
------------------X--XO---OOOOOO---OO------O-O-----O------------ X;,1,50,2,12,-10,0,18,-64,0,6.125,0.375,1.125,6.0,8.125,139015,5.390583749955041,63.919907923605365,4.0,64.0,-64.0,64.0,0.9999784195950078
----------OX------XX-O-----XO------OOOO---OO-----O-------------- X;,1,50,4,10,-6,0,30,-64,0,1.7500000000000002,0.75,3.75,6.0,8.25,300327,7.875036210530522,63.887136354706705,4.0,64.0,-64.0,64.0,0.9999267465129675
---------O-------OO--X---XXOXO-----OO-----O-O-------O----------- X;,1,50,4,10,-6,0,32,-64,0,1.7500000000000002,0.75,1.75,8.0,8.25,66839,25.708224240338723,63.32314965813372,12.0,64.0,-64.0,64.0,0.9999251933751253
------------------XX-X---OOXOO----OOO-----O-O-------O----------- X;,1,50,4,10,-6,0,12,-64,0,2.875,1.125,1.875,8.0,9.875,1054641,6.520469998795798,63.95952461548527,4.0,64.0,-64.0,64.0,0.9999668133516524
-----------O------OX-X---OOXOO-----XO-----O-O-------O----------- X;,1,50,4,10,-6,0,12,-64,0,1.875,0.625,1.375,10.0,9.375,616372,9.407247571271894,63.914279039281475,4.0,64.0,-64.0,64.0,0.9998539842822192
-----------O------XO-O----XXX------OOOO--OOO-------------------- X;,1,50,4,10,-6,0,18,-64,0,1.375,0.625,2.875,9.0,8.875,133314,11.958796525496197,63.58993804101595,4.0,64.0,-64.0,64.0,0.9997524641072956
----------O-------OO-X---OOXOO-----XO-----O-O-------O----------- X;,1,50,3,11,-8,0,20,-64,0,2.875,0.125,1.375,9.0,8.875,158507,6.74018182162302,63.905139836095564,4.0,64.0,-64.0,64.0,0.9999116758250425
------------O-----XO-X---OOXOO-----XO-----O-O-------O----------- X;,1,50,4,10,-6,0,22,-64,0,3.375,0.125,0.875,9.0,9.375,315675,6.675286291280589,63.919160529025106,4.0,64.0,-64.0,64.0,0.9999746574800031
-----------O------XO-O----XXX------OOOO---OO-----O-------------- X;,1,50,4,10,-6,0,32,-64,0,1.4999999999999998,0.5,3.0,9.0,9.0,154750,10.730313408723749,63.703056542810984,4.0,64.0,-64.0,64.0,0.9998513731825525
---------O--------OX-X---OOOOO-----XO-----O-O-------O----------- X;,1,50,3,11,-8,0,34,-64,0,2.5000000000000004,0.5,2.0,9.0,9.0,52323,23.87313418573094,63.05001624524588,10.0,64.0,-64.0,64.0,0.9999808879460276
---------O--------OX-O----XXX------XOOO--OOO-------------------- X;,1,50,5,9,-4,0,26,-64,0,3.7500000000000004,0.25,2.25,7.0,8.75,121664,10.361462716991058,63.75743851920042,4.0,64.0,-64.0,64.0,0.9999589032088374
---------O--------OOOX----XXOO-----XO-----O-O-------O----------- X;,1,50,4,10,-6,0,26,-64,0,1.7500000000000002,1.25,0.75,9.0,9.75,773128,10.983318415579308,63.861742169472585,4.0,64.0,-64.0,64.0,0.9943657453875684
--------------O---X-XO----OXXO-----OOO-----O-O-----O------------ X;,1,50,4,10,-6,0,32,-64,0,1.7500000000000002,1.25,0.75,10.0,9.75,463324,10.504122385199127,63.8523711269004,4.0,64.0,-64.0,64.0,0.9947444984503285
--------------O---X-XOO---OXXO-----OO------O-O-----O------------ X;,1,50,4,10,-6,0,34,-64,0,1.2500000000000002,0.75,0.75,11.0,8.75,533613,9.421629533013625,63.90302710016435,4.0,64.0,-64.0,64.0,0.9999793858095661
---------O--------OX-O----XXO------OOOO---OO-----O-------------- X;,1,50,3,11,-8,0,48,-64,0,4.375,0.125,1.875,7.0,9.375,6151,28.311168915623476,60.34433425459275,16.0,64.0,-64.0,64.0,0.9996748496179483
------------------XXOO-----XOO-----OOOO---OO-----O-------------- X;,1,50,3,11,-8,0,28,-64,0,2.75,0.25,4.75,5.0,9.75,1206460,6.239716194486348,63.94858843227293,4.0,64.0,-64.0,64.0,0.9999693317640038
------------------XX-OO----XXO-----OOOO---OO-----O-------------- X;,1,50,4,10,-6,0,30,-64,0,1.2500000000000002,0.75,3.25,8.0,8.75,173819,6.181199983891289,63.94099609363764,4.0,64.0,-64.0,64.0,0.9999712344450261
-------------O----O-OX----XOX----OOOO-------OO--------O--------- X;,1,50,3,11,-8,0,34,-64,0,2.25,0.75,4.25,6.0,8.75,284145,8.541698780552183,63.851241443629135,4.0,64.0,-64.0,64.0,0.9999296134016084
------------O-----O-OX----XXO----OOOO-------OO--------O--------- X;,1,50,3,11,-8,0,34,-64,0,2.5000000000000004,0.5,4.5,6.0,9.0,84557,9.388022280828316,63.75102002199699,4.0,64.0,-64.0,64.0,0.9999526946320234
--------------O---O-XO----XXO----OOOO-------OO--------O--------- X;,1,50,3,11,-8,0,42,-64,0,4.375,0.125,1.375,6.0,9.375,292416,10.047774403589408,63.80630334865397,4.0,64.0,-64.0,64.0,0.9999623823593784
-------------------O-----OXXXX---OOXX-----OO-O-----O------------ X;,1,50,6,8,-2,0,6,-64,0,6.25,1.25,0.25,6.0,9.25,476863,7.663746191254092,63.889253307553744,4.0,64.0,-64.0,64.0,0.9995512337925149
------------------O-X------OX----OOXOO----OOOO-----O------------ X;,1,50,3,11,-8,0,14,-64,0,3.875,0.125,4.875,5.0,9.875,193681,7.657070130782059,63.805458460045124,4.0,64.0,-64.0,64.0,0.999783148579365
-------------------O------XXOX---OOOOO----OO-O-----O------------ X;,1,50,3,11,-8,0,14,-64,0,2.9999999999999996,0.5,1.5,9.0,10.0,526933,6.057587966591578,63.91482218802011,4.0,64.0,-64.0,64.0,0.9995388408013922
-------------------O-O----XXOX---OXOX-----OO-O-----O------------ X;,1,50,5,9,-4,0,18,-64,0,2.875,3.125,4.875,3.0,9.875,213663,6.505197437085504,63.89915895592592,4.0,64.0,-64.0,64.0,0.9998783130443736
------------O------XXO----OXXOO----XO------O-O----O------------- X;,1,50,5,9,-4,0,20,-64,0,2.75,1.25,1.75,8.0,8.75,111254,6.737106081579089,63.85426141981412,4.0,64.0,-64.0,64.0,0.9998741618278894
-------------------OO-----XXOX-----XXO----O-OOO-----O----------- X;,1,50,5,9,-4,0,10,-64,0,2.75,2.25,1.75,7.0,9.75,1091136,5.927803683500499,63.95045347234442,4.0,64.0,-64.0,64.0,0.9995243489354214
-------------------X-O-----XX-----OXXOO----OOO------OO---------- X;,1,50,5,9,-4,0,10,-64,0,6.75,0.25,0.75,6.0,8.75,461663,5.765974314597444,63.95367833246329,4.0,64.0,-64.0,64.0,0.9998678689866851
-------------------O------XXOX----OOOO---OOO-O-----O------------ X;,1,50,3,11,-8,0,14,-64,0,2.75,0.75,1.25,9.0,9.75,790270,5.887848456856517,63.944011540359625,4.0,64.0,-64.0,64.0,0.9996229136877269
------------------O-X------OX----OOXOO----OOOO----O------------- X;,1,50,3,11,-8,0,16,-64,0,3.6250000000000004,0.375,4.625,5.0,9.625,166025,7.189718415901219,63.77019725944888,4.0,64.0,-64.0,64.0,0.9972052401746725
------------------O-O-----XOXX-----XOO----O-OOO-----O----------- X;,1,50,4,10,-6,0,16,-64,0,2.625,1.375,4.625,5.0,9.625,358874,6.121262615848459,63.93002558000858,4.0,64.0,-64.0,64.0,0.9999191916940208
-------------O-----XOO----OXXOO----XO------O-O----O------------- X;,1,50,4,10,-6,0,18,-64,0,3.7500000000000004,0.75,2.75,5.0,8.75,347263,5.671652321151404,63.925482991277505,4.0,64.0,-64.0,64.0,0.9998790542038744
------------O-----O-OX----OXXXX---XOO-O-----O------------------- X;,1,50,6,8,-2,0,12,-64,0,0.25,1.25,2.25,8.0,9.25,288021,6.445373774828918,63.92320351641026,4.0,64.0,-64.0,64.0,0.9999305606188438
------------------O-X------XX----OOXOO----OO------OOO----------- X;,1,50,4,10,-6,2,16,-64,0,3.7500000000000004,0.75,1.25,8.0,8.25,187148,7.166066428708829,63.883338320473634,4.0,64.0,-64.0,64.0,0.9994656635390172
------------O-----O-OO-----XXXO---XXO-OO----O------------------- X;,1,50,5,9,-4,0,20,-64,0,3.2499999999999996,2.25,1.75,6.0,8.25,92140,6.386694161059258,63.83014977208595,4.0,64.0,-64.0,64.0,0.9998154981549815
-----------O------XO-O---XXXX----O-OOOO----O-------------------- X;,1,50,5,9,-4,1,22,-64,0,1.0,0.5,1.0,11.0,9.0,175925,7.548711098479465,63.90094074179338,4.0,64.0,-64.0,64.0,0.9996077874094074
-----------OX-------XX----OOXOO----XO------O-O----O------------- X;,1,50,5,9,-4,1,24,-64,0,0.7499999999999999,0.75,5.25,6.0,8.25,35259,10.331716724807851,63.662894580107206,4.0,64.0,-64.0,64.0,0.9998298306815281
-----------O------XXOO----XXXO-----OOOO----O-------------------- X;,1,50,5,9,-4,0,16,-64,0,1.0,0.0,3.5,9.0,10.0,127745,19.40313123801323,63.17725938392892,8.0,64.0,-64.0,64.0,0.9922736702023562
-----------OO-----XXOO----XXO------OOOO----O-------------------- X;,1,50,4,10,-6,0,18,-64,0,2.25,0.25,3.25,7.0,9.25,185032,18.63348501880756,63.429293311427216,6.0,64.0,-64.0,64.0,0.9997622032945652
----------OO------XOXO----XXO------OOOO----O-------------------- X;,1,50,4,10,-6,1,22,-64,0,1.7500000000000002,0.25,2.75,9.0,8.75,68121,17.733077905491697,63.01030519223147,4.0,64.0,-64.0,64.0,0.996682374010951
-----------O------OXXO---OXXX------OOOO----O-------------------- X;,1,50,5,9,-4,0,22,-64,0,2.25,0.25,1.25,10.0,9.25,70292,17.561813577647527,63.53449894724862,4.0,64.0,-64.0,64.0,0.9998861890400046
-----------O-----OOOOO----OXX------OOOO----O-------------------- X;,1,50,2,12,-10,0,24,-64,0,4.750000000000001,0.25,0.75,7.0,8.75,62431,9.997341064535247,63.63149717287886,4.0,64.0,-64.0,64.0,0.9998558408482965
---------O-O------OXXO----XOX------OOOO----O-------------------- X;,1,50,4,10,-6,0,38,-64,0,2.875,0.125,1.875,9.0,8.875,23898,33.80504644740146,61.92530755711775,26.0,64.0,-64.0,64.0,0.9997489329651017
-----------O------XO-OO---XXXO-----OOO-----O--O----------------- X;,1,50,4,10,-6,0,20,-64,0,1.7500000000000002,0.75,1.25,10.0,8.75,46642,16.784507525406287,62.954011406028904,4.0,64.0,-64.0,64.0,0.9997427211526092
------------O-----O-OO----XXXXO---OXO----O--O------------------- X;,1,50,5,9,-4,0,20,-64,0,2.75,1.25,1.75,8.0,8.75,105483,6.962211920404235,63.82775423527962,4.0,64.0,-64.0,64.0,0.9998672771915854
------------O-----O-OX----XXXO----OXO-O--O--O------------------- X;,1,50,5,9,-4,1,24,-64,0,2.75,0.25,3.25,6.0,8.75,35098,10.360960738503618,63.64815659011909,4.0,64.0,-64.0,64.0,0.9998575417402701
-------------O----OXO------XX----OOXOO----OO------O------------- X;,1,50,4,10,-6,0,24,-64,0,3.7500000000000004,0.75,2.75,5.0,8.75,50783,9.244176200697083,63.63706358427033,4.0,64.0,-64.0,64.0,0.9997637004509383
------------------XXXO-----XOO----XOXO-----OOO------------------ X;,1,50,6,8,-2,254,-4,0,64,0.37499999999999994,0.125,4.375,9.0,12.375,2090828,-63.654931443428154,-4.846395303678734,-64.0,-4.0,-64.0,64.0,0.9932323462283842
-------------------XO-----XOX----XOXOX---OOOO------------------- X;,1,50,6,8,-2,34,-6,0,64,0.6250000000000001,1.375,7.625,4.0,10.625,1532358,-63.38253528222517,-5.974296476410865,-64.0,-4.0,-64.0,64.0,0.9946402864082675
-----------X-------XXO-----XOO----XOXO-----OOO------------------ X;,1,50,6,8,-2,10,-6,0,64,1.2500000000000002,0.25,4.25,8.0,11.25,1894810,-63.39035101144706,-6.022037565771766,-64.0,-4.0,-64.0,64.0,0.9953641789941999
-------------------OX-----OXXX----XOXO----XOOO------------------ X;,1,50,7,7,0,80,-8,0,64,1.4999999999999998,0.5,6.5,5.0,13.0,3867121,-63.699900520309555,-4.694818962220215,-64.0,-4.0,-64.0,64.0,0.995247368778996
----------X-------OXX------OXX----XOOO-----OOO------------------ X;,1,50,6,8,-2,1,-8,0,64,2.25,0.25,3.25,7.0,11.25,2939132,-63.764556678638456,-4.553791731708546,-64.0,-4.0,-64.0,64.0,0.9943391450264908
-------------X----OOX-----OOOX----XOX------OO------O------------ X;,1,50,5,9,-4,0,-8,0,64,1.6249999999999998,1.375,4.625,6.0,10.625,1740882,-63.788182656837165,-4.464015941344675,-64.0,-4.0,-64.0,64.0,0.9979653991482479
------------------OOX-----OXXX---XXOXO-----XO------------------- X;,1,50,8,6,2,0,-8,0,64,1.375,0.125,9.375,3.0,12.375,3177255,-63.665325257179546,-4.824256472961723,-64.0,-4.0,-64.0,64.0,0.9970169218397642
-------------------XO-----XXX----OOOOX---XOOO------------------- X;,1,50,6,8,-2,1,-10,0,64,0.6250000000000001,1.375,3.625,8.0,10.625,3022996,-63.2601501953691,-6.560445002242808,-64.0,-4.0,-64.0,64.0,0.9952474300329871
----------X-------XOO-----XXOX----XOX-----OOO------------------- X;,1,50,7,7,0,0,-10,0,64,0.25,6.25,5.25,2.0,11.25,3094070,-63.666199859731684,-4.803179953911838,-64.0,-4.0,-64.0,64.0,0.9971613441195577
-----------------OOOX----XOXXX----XOXO-----X-------------------- X;,1,50,8,6,2,0,-14,0,64,1.6249999999999998,0.375,7.625,4.0,10.625,786793,-63.17097635591573,-6.540846194615356,-64.0,-4.0,-64.0,64.0,0.9966026642331591
---------XO-------OOX-----OXXX----OOXO-----X-------------------- X;,1,50,7,7,0,0,-24,0,64,1.7500000000000002,1.25,4.75,6.0,10.75,2411120,-63.09418610438303,-7.410940973489499,-64.0,-4.0,-64.0,64.0,0.9971656325690965
-----------X------XXX-----XXOO----XOO-----OOO------------------- X;,1,50,7,7,0,1,-8,0,64,1.2500000000000002,0.25,2.25,10.0,11.25,2148220,-63.667582929122716,-4.6570234892143265,-64.0,-4.0,-64.0,64.0,0.9969211719470072
-------------------XO-----XXXX----XOOO----XOOO------------------ X;,1,50,7,7,0,1,-10,0,64,0.0,2.0,1.0,9.0,13.0,2675745,-63.43919170175035,-5.791632610730844,-64.0,-4.0,-64.0,64.0,0.9825652294968317
------------X-----XXX-----XOOO----XOO------OO------O------------ X;,1,50,6,8,-2,0,-10,0,64,4.375,0.125,0.375,9.0,10.875,1377410,-63.675793699769855,-4.6618675630349715,-64.0,-4.0,-64.0,64.0,0.9973174290879259
-------------------XOX----XOOX---X-OOX-----OO-------O----------- X;,1,50,6,8,-2,0,-12,0,64,4.375,3.625,1.875,4.0,10.875,745409,-63.69424302631173,-4.608787927164818,-64.0,-4.0,-64.0,64.0,0.9971411667956787
-------------------XXX----XXOO----XOOO---X--OO------------------ X;,1,50,7,7,0,0,-14,0,64,1.2500000000000002,0.25,2.25,10.0,11.25,840991,-63.269040929094366,-5.885066546490985,-64.0,-4.0,-64.0,64.0,0.9964946117140374
-------------------XXX----XOOO---XXOOX-----OO------------------- X;,1,50,7,7,0,1,-14,0,64,4.875000000000001,0.625,0.875,7.0,12.375,456821,-63.41528519923558,-5.196372320887175,-64.0,-4.0,-64.0,64.0,0.9971389231230613
-------------------XXX----XOXO----XOOX----XOO------------------- X;,1,50,8,6,2,0,-18,0,64,2.5000000000000004,0.5,2.5,8.0,13.0,545076,-63.37075196853283,-5.27700357381356,-64.0,-4.0,-64.0,64.0,0.9972480901745812
------------------XOX-X---XOOX----XOX------OO------O------------ X;,1,50,7,7,0,0,-18,0,64,1.6249999999999998,3.375,2.625,6.0,10.625,340856,-63.76009517215481,-4.463342291172812,-64.0,-4.0,-64.0,64.0,0.9979580820053043
------------------XOX-----XXOXX---XOOO-----XO------------------- X;,1,50,8,6,2,0,-18,0,64,1.875,0.625,5.875,5.0,12.375,532810,-63.53077644939096,-5.344451117659203,-64.0,-4.0,-64.0,64.0,0.9966798671196111
-----------X-------XX-----OOXX----XOOO-----OOO------------------ X;,1,50,6,8,-2,0,-8,0,64,1.375,0.125,3.375,7.0,12.375,3381607,-63.74082440685745,-4.411487792638233,-64.0,-4.0,-64.0,64.0,0.9736844050772311
------------XO-----XO-----XOOO----XOOX----X-O------------------- X;,1,50,6,8,-2,0,-8,0,64,4.625,1.375,1.625,6.0,10.625,908082,-63.52219843582408,-5.7125336698668185,-64.0,-4.0,-64.0,64.0,0.9968262778031058
-----------X------XXX-----XOOOO---XOOO-----O-------------------- X;,1,50,6,8,-2,1,-10,0,64,4.375,0.625,0.875,8.0,10.875,1495988,-63.731090088957934,-4.471912876306495,-64.0,-4.0,-64.0,64.0,0.997100912574165
-------------------XO-----XOOXX--X-OOX-----OO-------O----------- X;,1,50,6,8,-2,1,-10,0,64,4.25,4.25,2.25,3.0,11.25,823946,-63.752037148065526,-4.547285865821304,-64.0,-4.0,-64.0,64.0,0.9976624681714579
------------X------XX----XXOOO----XOO------OO------O------------ X;,1,50,6,8,-2,0,-12,0,64,4.25,0.25,0.25,9.0,11.25,919149,-63.77378966848683,-4.49924984958913,-64.0,-4.0,-64.0,64.0,0.9978251621880675
-----------X-------XXO---XXXOO----XOOO-----O-------------------- X;,1,50,7,7,0,0,-12,0,64,1.875,0.125,1.875,10.0,10.875,1590963,-63.57729500937482,-5.334753856626459,-64.0,-4.0,-64.0,64.0,0.9976291089107666
------------X-----OXX-----XOOO----XOOX---X--O------------------- X;,1,50,7,7,0,0,-12,0,64,5.625,0.375,0.625,6.0,10.625,1512864,-63.53130948981534,-5.134915630221884,-64.0,-4.0,-64.0,64.0,0.991253014150644
------------X------XX-----XOOO---XXOOX-----OO------------------- X;,1,50,7,7,0,0,-16,0,64,5.000000000000001,0.5,1.0,7.0,12.5,319151,-63.30161271623777,-5.68950434120526,-64.0,-4.0,-64.0,64.0,0.9970672189653174
-------------------OX-X--XXOOX----XOOO-----XO------------------- X;,1,50,7,7,0,0,-20,0,64,4.750000000000001,0.75,4.75,3.0,12.25,419503,-63.00391177178709,-6.622598646493588,-64.0,-4.0,-64.0,64.0,0.996710393012684
-------------------OX----XXXOXX---XOOO-----XO------------------- X;,1,50,8,6,2,0,-20,0,64,2.0000000000000004,1.0,5.5,5.0,12.5,528377,-63.4097907365385,-5.911375779036559,-64.0,-4.0,-64.0,64.0,0.9979522197219031
--------------------X-----OXOX---OOOO-X--XOOO------------------- X;,1,50,5,9,-4,0,-12,0,64,1.875,0.125,2.375,9.0,9.375,713134,-63.436349970692746,-5.880757333123929,-64.0,-4.0,-64.0,64.0,0.9968266833442242
-------------------X------XOXXX--X-OOXO----OO--------O---------- X;,1,50,7,7,0,0,-14,0,64,1.7500000000000002,2.25,2.75,6.0,9.75,943913,-63.49767510353179,-5.719475205871728,-64.0,-4.0,-64.0,64.0,0.9974849377008262
------------X------X------XXXXX----XOOO----OO-------O----------- X;,1,50,8,6,2,0,-16,0,64,1.0,0.5,3.0,9.0,10.5,823927,-63.04100727370265,-7.460323548081322,-64.0,-4.0,-64.0,64.0,0.9970033752990253
-----------X------X-X-----XXOX----XOOO-----OO------O------------ X;,1,50,7,7,0,0,-18,0,64,1.375,1.125,2.875,8.0,10.875,410808,-63.574034585499795,-4.966042530817316,-64.0,-4.0,-64.0,64.0,0.997629062725166
------------X-------X----OOOXX---XOXX-----OOO------------------- X;,1,50,7,7,0,0,-12,0,64,1.875,0.125,2.875,9.0,9.875,2395064,-63.088681972590294,-6.905233012562504,-64.0,-4.0,-64.0,64.0,0.9961086634845666
-----------X-------XOX----XXOO-----XOO-----OOO------------------ X;,1,50,6,8,-2,0,-12,0,64,1.2500000000000002,0.25,2.25,10.0,11.25,1396362,-63.204836568167856,-6.860183820527915,-64.0,-4.0,-64.0,64.0,0.9960239536739041
--------------------X-----OXXXX--OOOO----XOOO------------------- X;,1,50,6,8,-2,0,-16,0,64,0.875,0.125,0.875,12.0,9.375,497373,-62.130736891628615,-9.809239745623506,-64.0,-4.0,-64.0,64.0,0.9935903235599841
-------------------X-O---XXXOOX----OOO-----OOO------------------ X;,1,50,5,9,-4,0,-16,0,64,2.9999999999999996,0.5,1.5,9.0,10.0,593254,-63.06717358837867,-6.454312992411345,-64.0,-4.0,-64.0,64.0,0.9953965754971732
------------X-------X----XXXXX----OOOO----OOO------------------- X;,1,50,7,7,0,0,-18,0,64,0.875,0.125,0.375,12.0,10.875,944659,-62.89092042737115,-7.250599422648808,-64.0,-4.0,-64.0,64.0,0.9971841691022898
------------X-------X-----OXXX---OOOX----XOOO------------------- X;,1,50,7,7,0,0,-20,0,64,1.875,0.625,1.875,9.0,9.375,566113,-62.181115784304545,-9.020955180326188,-64.0,-4.0,-64.0,64.0,0.995940739746305
--------------X----OOX-----OOO---XXXOO-----XO------------------- X;,1,50,6,8,-2,0,-32,0,64,2.75,0.25,2.75,8.0,10.75,640873,-62.150557130663955,-9.021809313233668,-64.0,-4.0,-64.0,64.0,0.9976063900335947
-------------------O-X----XOXX---XXXOX-----OOO------------------ X;,1,50,8,6,2,0,-14,0,64,0.25,6.25,5.25,2.0,11.25,1047299,-63.538279899054615,-5.0241898445429625,-64.0,-4.0,-64.0,64.0,0.9977198488683747
-------------------XXX----XXX-----XOOO---X-OOO------------------ X;,1,50,8,6,2,0,-18,0,64,0.25,0.25,1.25,12.0,11.25,465628,-62.917163486731894,-6.857326019912892,-64.0,-4.0,-64.0,64.0,0.9969782745023925
-------------------XXX----XOXX----XOOX----XOO------------------- X;,1,50,9,5,4,0,-18,0,64,4.0,2.0,2.0,6.0,13.0,124438,-62.963949918835084,-6.277326861569617,-64.0,-4.0,-64.0,64.0,0.9959015734743406
-------------X----X-X-----XXOX----XOOO-----OO------O------------ X;,1,50,7,7,0,0,-18,0,64,1.6249999999999998,1.375,2.625,8.0,10.625,488966,-63.58194639300074,-5.2360409517226145,-64.0,-4.0,-64.0,64.0,0.9978444309011261
------------X------XX-----XOX----XOXOX---O--OO------------------ X;,1,50,8,6,2,0,-16,0,64,1.375,0.125,5.375,5.0,9.375,482979,-63.39893038827775,-6.0804838305599205,-64.0,-4.0,-64.0,64.0,0.9977452435820191
------------X-------XO---XXXXX----XOX-----OOO------------------- X;,1,50,9,5,4,0,-18,0,64,2.9999999999999996,2.0,2.5,6.0,10.0,1268173,-63.4892179537019,-5.3846186600724035,-64.0,-4.0,-64.0,64.0,0.9981966182847293
-------------------XXX----XOX-O--XXXOO------OO------------------ X;,1,50,8,6,2,0,-20,0,64,0.5000000000000001,0.0,5.5,8.0,10.0,391847,-63.088141545041815,-6.256112717463704,-64.0,-4.0,-64.0,64.0,0.9908229487529572
-------------X------XX---XXXOX----XOX-----OOO------------------- X;,1,50,9,5,4,0,-20,0,64,0.7499999999999999,2.25,4.75,6.0,9.75,199109,-63.21745375648514,-5.721418921294366,-64.0,-4.0,-64.0,64.0,0.9980312291257553
-----------X-------XX----X-XOX---OOOXO----OX-------------------- X;,1,50,8,6,2,0,-22,0,64,0.875,2.125,5.875,5.0,9.875,256318,-63.46910088249752,-5.445364742234256,-64.0,-4.0,-64.0,64.0,0.998318494994499
-------------X-----XX-----XXX----XXXOOO-----OO------------------ X;,1,50,9,5,4,0,-26,0,64,1.875,0.125,2.375,9.0,9.375,106863,-61.58227824410694,-9.569907264441387,-64.0,-4.0,-64.0,64.0,0.9970710161608789
--------------------X-X---OXOX--XOXXX---O--XO------------------- X;,1,50,9,5,4,0,-16,0,64,2.0000000000000004,0.5,6.0,5.0,9.0,178331,-63.54444824511722,-5.169078847760625,-64.0,-4.0,-64.0,64.0,0.995166291895408
-------------X------X----XXXOX----XOOO-----OO------O------------ X;,1,50,7,7,0,0,-16,0,64,1.2500000000000002,1.75,2.75,8.0,10.75,575841,-63.54876432904222,-5.368766725537084,-64.0,-4.0,-64.0,64.0,0.9978118959921228
--------------------X-X---OXOX---OXOX----X-OO------O------------ X;,1,50,7,7,0,0,-18,0,64,1.0,1.0,7.0,4.0,9.5,508902,-63.73332783129168,-4.7839191042676195,-64.0,-4.0,-64.0,64.0,0.9982884720437334
--------------------X-X--XXXOX---OXOOO-----XO------------------- X;,1,50,8,6,2,0,-20,0,64,2.25,0.25,4.75,6.0,10.75,624951,-63.588919771310074,-5.020462404252493,-64.0,-4.0,-64.0,64.0,0.9980302455712527
----------X--------XOO----XXOO----XOOX----OO-------------------- X;,1,50,6,8,-2,238,-6,0,64,2.25,1.25,5.25,5.0,11.25,2176813,-63.75081231139285,-4.3857781995973015,-64.0,-4.0,-64.0,64.0,0.9976075115317669
------------X------XOO----XXOO----XOOX----OO-------------------- X;,1,50,6,8,-2,55,-6,0,64,2.25,1.25,5.25,5.0,11.25,2525416,-63.724234343965506,-4.492554493992277,-64.0,-4.0,-64.0,64.0,0.9976273215977091
-------------------OOO----XXOXX---XXOO-----O--O----------------- X;,1,50,6,8,-2,40,-8,0,64,0.6250000000000001,3.375,0.625,8.0,10.625,3316592,-63.43863791506462,-6.876612197098709,-64.0,-4.0,-64.0,64.0,0.9944325379787444
-------------------XX----XXXXO----OOO-----OOOO------------------ X;,1,50,6,8,-2,10,-8,0,64,1.2500000000000002,0.25,1.25,10.0,11.25,2531951,-63.45152414087003,-6.1764907772701765,-64.0,-4.0,-64.0,64.0,0.996512965693254
-------------------OOX----XXOX----XXOO-----OOO------------------ X;,1,50,6,8,-2,36,-10,0,64,0.5000000000000001,4.5,1.5,7.0,13.0,3072590,-63.61938690160419,-5.016245577834986,-64.0,-4.0,-64.0,64.0,0.9972085439319922
-----------X-------X------XXOX----XOOO----OOOO------------------ X;,1,50,6,8,-2,5,-10,0,64,2.25,1.25,1.25,8.0,11.25,1346640,-63.42420542981049,-6.084013544822669,-64.0,-4.0,-64.0,64.0,0.9972843521653895
------------X------X------XXOX----XOOO----OOOO------------------ X;,1,50,6,8,-2,3,-10,0,64,2.25,1.25,1.25,8.0,11.25,1244601,-63.31146367390031,-6.408975245882013,-64.0,-4.0,-64.0,64.0,0.9961995852486057
------------OX-----OOX----XXOX----XXOX-----O-------------------- X;,1,50,8,6,2,1,-12,0,64,0.6250000000000001,6.375,0.625,6.0,10.625,1061685,-63.35123506501458,-5.868343246819913,-64.0,-4.0,-64.0,64.0,0.9969124552009306
--------------X----OOX----XXOO----XXOO-----O--O----------------- X;,1,50,6,8,-2,0,-22,0,64,1.7500000000000002,1.25,0.75,10.0,10.75,2875869,-63.33818890916102,-9.756954854341418,-64.0,-4.0,-64.0,64.0,0.997070102984524
-------------------XXO---XXXOXX----OO-----OOO------------------- X;,1,50,7,7,0,18,-6,0,64,2.9999999999999996,1.0,2.0,8.0,10.0,3087010,-63.7500853576762,-4.539646130074084,-64.0,-4.0,-64.0,64.0,0.9965361304304164
-------------------XX----OOOXXX--X-OO------OOO------------------ X;,1,50,6,8,-2,0,-8,0,64,1.375,0.125,2.875,8.0,9.875,1311828,-63.60267580810899,-4.992473860902496,-64.0,-4.0,-64.0,64.0,0.9903729757254762
-------------------XX----XXXXO-----OOO----OOOO------------------ X;,1,50,6,8,-2,1,-10,0,64,1.2500000000000002,0.25,0.25,12.0,11.25,1995567,-63.54587242623275,-5.8248768395147845,-64.0,-4.0,-64.0,64.0,0.9973551376626292
-----------X-------XOO----XXOXX---XOOO-----O-------------------- X;,1,50,7,7,0,0,-12,0,64,1.875,1.125,1.375,6.0,10.875,1439168,-63.152621514652914,-6.75461655623249,-64.0,-4.0,-64.0,64.0,0.9961373515809134
-------------------XX-----OOXXX---OOO-----XOOO------------------ X;,1,50,6,8,-2,0,-12,0,64,1.2500000000000002,0.25,2.25,10.0,11.25,1447868,-63.50957200518279,-5.612356236894524,-64.0,-4.0,-64.0,64.0,0.9975764365259816
------------X-----O-X-----OOXX---XXOXX-----OO------------------- X;,1,50,8,6,2,1,-14,0,64,0.875,1.125,1.875,10.0,10.875,880222,-63.11682734582867,-6.750551565400547,-64.0,-4.0,-64.0,64.0,0.992639356889512
------------X-----OOX-----OOXX----XOOX---X--O------------------- X;,1,50,7,7,0,0,-14,0,64,1.6249999999999998,1.375,4.625,6.0,10.625,1010549,-63.21122577925464,-6.6867900517441505,-64.0,-4.0,-64.0,64.0,0.9956122859950384
-------------------XXO----XOXO---X-OOX-----OO-------O----------- X;,1,50,6,8,-2,0,-6,0,64,1.375,0.625,2.875,8.0,10.875,3434520,-63.75660266936865,-4.328638936445268,-64.0,-4.0,-64.0,64.0,0.9975242537530717
------------X------XX-----XXOO----XOOO----OO-O------------------ X;,1,50,6,8,-2,1,-8,0,64,2.25,0.25,1.25,10.0,11.25,2145004,-63.61060865154564,-5.17317450223869,-64.0,-4.0,-64.0,64.0,0.9970699355339198
-----------O-----XXOX-----OOOX-----OO-X----XO------------------- X;,1,50,6,8,-2,0,-12,0,64,4.375,0.625,4.875,3.0,9.375,670964,-63.385838882563,-5.7200594964856535,-64.0,-4.0,-64.0,64.0,0.9911843258356633
------------------OXX-----OOOX---XOOO-X----XO------------------- X;,1,50,6,8,-2,0,-14,0,64,4.875000000000001,1.625,1.375,6.0,10.875,924762,-63.30250486071011,-5.926142077637273,-64.0,-4.0,-64.0,64.0,0.9961135946329974
-------------------XO------OO-X--XXXOX----OOOO------------------ X;,1,50,6,8,-2,0,-14,0,64,2.5000000000000004,2.5,2.0,6.0,10.0,1151083,-63.70348445768029,-4.679158670573712,-64.0,-4.0,-64.0,64.0,0.9975857518528204
------------------XXX----X-OO-----XOOO-----OOO-----O------------ X;,1,50,5,9,-4,0,-16,0,64,4.0,0.5,1.0,8.0,10.0,326316,-63.24131823140759,-6.456863898797485,-64.0,-4.0,-64.0,64.0,0.9908340381715883
-----------X--------X----XXXXXO---XOOO------OO------------------ X;,1,50,8,6,2,0,-18,0,64,0.875,0.625,3.375,9.0,9.875,812604,-63.04806769348908,-6.605443733971282,-64.0,-4.0,-64.0,64.0,0.9967733360899036
-----------X-------XOX----XXOO----XXOO-----O-O------------------ X;,1,50,7,7,0,1,-8,0,64,0.25,0.25,2.25,10.0,11.25,2015138,-63.50333178174398,-5.713907930871236,-64.0,-4.0,-64.0,64.0,0.9974046442476893
------------------OXX-----XOXXX--X-OO-----OOO------------------- X;,1,50,7,7,0,0,-10,0,64,2.9999999999999996,1.0,1.5,8.0,10.0,1171739,-62.96324693468426,-6.634970757139602,-64.0,-4.0,-64.0,64.0,0.9955228937502294
-----------X-------XO-----XXOXX---XXOO-----O-O------------------ X;,1,50,8,6,2,0,-14,0,64,0.875,1.125,0.375,8.0,10.875,1244618,-63.106466401739326,-6.862582736229108,-64.0,-4.0,-64.0,64.0,0.9969934550199339
------------X------OX-----OOXX----XOXX---XO-O------------------- X;,1,50,8,6,2,0,-18,0,64,0.6250000000000001,1.375,3.625,8.0,10.625,863376,-63.072583671540556,-6.757654834046812,-64.0,-4.0,-64.0,64.0,0.9971345045495821
------------X-------X-----OOXX---XXOXX----OOO------------------- X;,1,50,8,6,2,0,-24,0,64,0.875,1.125,1.875,10.0,10.875,427420,-62.22645407327687,-8.572071966683824,-64.0,-4.0,-64.0,64.0,0.9967572879135277
--------------X----OOX-----OOO---XXXXO-----XX------------------- X;,1,50,8,6,2,0,-38,0,64,0.7499999999999999,0.25,0.75,12.0,10.75,363620,-59.782613717617295,-12.358429129310819,-64.0,-4.0,-64.0,64.0,0.9970958693141191
------------------OXX-----XOOX---X-OO-X---OOO------------------- X;,1,50,6,8,-2,1,-6,0,64,5.999999999999999,1.0,0.0,7.0,10.0,2210601,-63.67728595074371,-4.721342295601965,-64.0,-4.0,-64.0,64.0,0.9973210905088706
-------------------XX-----XXXO---X-OOO----OOOO------------------ X;,1,50,6,8,-2,0,-8,0,64,1.2500000000000002,0.25,0.25,12.0,11.25,1563574,-63.2905062376325,-6.637958932548123,-64.0,-4.0,-64.0,64.0,0.9964741035601768
-----------X------O-X-----OOXX----OOOX----XOO------------------- X;,1,50,6,8,-2,0,-12,0,64,1.2500000000000002,0.25,2.25,10.0,11.25,1595237,-63.58158442914752,-5.005332749929948,-64.0,-4.0,-64.0,64.0,0.9975784162478679
-----------X------OOX-----OOXX----XOOX---X--O------------------- X;,1,50,7,7,0,0,-14,0,64,1.6249999999999998,1.375,4.625,6.0,10.625,648207,-63.42902961553948,-5.541256111087971,-64.0,-4.0,-64.0,64.0,0.997451431410028
-----------X------O-X-----OOXX---XXOXX-----OO------------------- X;,1,50,8,6,2,0,-14,0,64,0.875,1.125,1.375,10.0,10.875,680634,-62.96534701469512,-6.928528401460991,-64.0,-4.0,-64.0,64.0,0.9916004783775128
-----------X------X-X----XXXXX----OOOOO-----O------------------- X;,1,50,8,6,2,0,-16,0,64,0.37499999999999994,0.125,0.875,12.0,9.875,1209835,-63.60660503291771,-5.025453057648357,-64.0,-4.0,-64.0,64.0,0.9975765290308183
------------------OOOX----XOXXX---XXOX-----O-------------------- X;,1,50,8,6,2,4,-10,0,64,0.25,6.25,5.25,2.0,11.25,1906648,-63.56186826304593,-5.192352757299722,-64.0,-4.0,-64.0,64.0,0.996655386835955
------------------XOO-----XOXX---XXOXX-----OO------------------- X;,1,50,8,6,2,0,-12,0,64,0.37499999999999994,8.125,0.375,5.0,12.375,1790132,-63.56933957942766,-4.942847231377351,-64.0,-4.0,-64.0,64.0,0.9971946202849846
----------X-------OOO-----XOXXX---XXOX-----O-------------------- X;,1,50,8,6,2,1,-14,0,64,0.6250000000000001,6.375,4.625,2.0,10.625,939400,-63.4394975516287,-6.081060251224185,-64.0,-4.0,-64.0,64.0,0.9960166063444752
-----------X--------X-----XOXX---XOOXX---O-OO------------------- X;,1,50,8,6,2,0,-14,0,64,0.7499999999999999,1.25,0.25,10.0,10.75,630170,-62.844416586000605,-8.02121014964216,-64.0,-4.0,-64.0,64.0,0.9936667883269594
-----------X-------OX----XXOXX----XOOX------OO------------------ X;,1,50,8,6,2,2,-16,0,64,2.875,3.125,2.875,4.0,10.875,909670,-63.579780579770684,-5.129298536832038,-64.0,-4.0,-64.0,64.0,0.9979498059735948
------------X-------X-----XOXX---XOOXX---O-OO------------------- X;,1,50,8,6,2,0,-16,0,64,0.7499999999999999,1.25,0.75,10.0,10.75,695768,-63.18564665233239,-6.979077796046958,-64.0,-4.0,-64.0,64.0,0.9961984454588311
-------------X----OOX-----XOOXX---XXOX-----O-------------------- X;,1,50,8,6,2,0,-16,0,64,2.625,3.375,1.625,6.0,10.625,963049,-63.32743920610478,-5.982705968232146,-64.0,-4.0,-64.0,64.0,0.9967800184621967
-------------X-----OX-----XOXX---XXOXX-----OO------------------- X;,1,50,9,5,4,0,-18,0,64,0.7499999999999999,4.75,0.75,7.0,12.25,591020,-63.40309634191736,-5.603123413759263,-64.0,-4.0,-64.0,64.0,0.9959629115765964
------------X------XX----XXOXX----XOOX------OO------------------ X;,1,50,9,5,4,0,-24,0,64,4.875000000000001,1.125,1.375,6.0,10.875,250040,-63.37452807550792,-5.460074388097905,-64.0,-4.0,-64.0,64.0,0.9979923212286034
------------------XXXX----XOOX----XOOX----OO-------------------- X;,1,50,8,6,2,3,-14,0,64,7.375,1.125,0.375,5.0,12.375,317759,-62.87364323276445,-6.52134479275174,-64.0,-4.0,-64.0,64.0,0.9962392882656352
-----------X------XOX-----XOOX----XOOX------OO------------------ X;,1,50,7,7,0,0,-14,0,64,5.25,3.25,1.25,3.0,11.25,779679,-63.398194641640984,-5.754425859873102,-64.0,-4.0,-64.0,64.0,0.9975823383725867
------------X-------X-----XOXX---OOOOX----XOO------------------- X;,1,50,7,7,0,2,-16,0,64,1.375,1.625,1.375,8.0,10.875,899753,-63.10801186547864,-6.515262522047718,-64.0,-4.0,-64.0,64.0,0.9966868685072459
----------X--------XOX----XOOOO---XXOX-----O-------------------- X;,1,50,7,7,0,1,-16,0,64,1.6249999999999998,1.375,4.625,6.0,10.625,532152,-63.06833761782348,-7.015146048497422,-64.0,-4.0,-64.0,64.0,0.9911998827402697
-----------X--------X-----XOXX---OOOOX----XOO------------------- X;,1,50,7,7,0,0,-18,0,64,1.375,1.625,1.875,8.0,10.875,665132,-62.794709922241,-7.639576805806968,-64.0,-4.0,-64.0,64.0,0.9957692608384501
-------------X-----OX-----XOXX----XOOX----XOO------------------- X;,1,50,8,6,2,0,-20,0,64,1.875,4.625,1.875,5.0,12.375,516278,-63.18142938494377,-6.161083757200578,-64.0,-4.0,-64.0,64.0,0.9970539128144139
-----------X-------XXX----XXOX----XOOX----OO-------------------- X;,1,50,9,5,4,0,-20,0,64,4.25,1.25,1.25,7.0,11.25,293292,-63.06093585914379,-6.2674740531620365,-64.0,-4.0,-64.0,64.0,0.9976269383413118
-------------------XX-X--XXXOX-----OOO----OOO------------------- X;,1,50,7,7,0,0,-16,0,64,1.6249999999999998,0.375,1.625,10.0,10.625,940365,-63.604364262812844,-5.250495286404747,-64.0,-4.0,-64.0,64.0,0.9978816736054618
-------------------XX-X---XXOOO--X-OOO-----XO------------------- X;,1,50,7,7,0,0,-16,0,64,1.2500000000000002,1.25,1.25,9.0,10.75,414442,-62.96468022063401,-7.090101871914526,-64.0,-4.0,-64.0,64.0,0.9911857388971195
----------X-O------XOX----XOOX----XXOX-----O-------------------- X;,1,50,8,6,2,0,-16,0,64,2.625,3.375,2.625,4.0,10.625,338273,-63.113783837314834,-5.64291267703896,-64.0,-4.0,-64.0,64.0,0.9956218793696215
----------X--X-----XX-----XXOO----XOOX----OO-------------------- X;,1,50,8,6,2,0,-18,0,64,2.875,0.625,2.375,8.0,10.875,942407,-63.53263929491186,-5.376611166937427,-64.0,-4.0,-64.0,64.0,0.9975647464418239
----------X-O------XOO-----XOXX---XOOO-----O-------------------- X;,1,50,6,8,-2,1,-6,0,64,1.375,1.125,1.375,5.0,9.375,3380097,-63.44383312076547,-5.205323989222794,-64.0,-4.0,-64.0,64.0,0.9926224010731053
----------X--------XXXX---OOOO----XOOO-----O-------------------- X;,1,50,6,8,-2,1,-8,0,64,4.875000000000001,1.125,0.375,6.0,10.875,2550755,-63.591127332887716,-4.812339091759107,-64.0,-4.0,-64.0,64.0,0.9948144764981348
-------------------XO-X---OOOX----XXOX-----OOO------------------ X;,1,50,6,8,-2,0,-8,0,64,1.375,2.125,1.375,7.0,12.375,4769081,-63.76662925205087,-4.3150028275887955,-64.0,-4.0,-64.0,64.0,0.9975341161116785
-------------------XO-X---XOOX---X-OOX-----OOO------------------ X;,1,50,6,8,-2,0,-10,0,64,4.625,3.375,1.625,4.0,10.625,1092324,-63.65698272673676,-4.901930196535094,-64.0,-4.0,-64.0,64.0,0.992078357703392
-------------X----OXX-----OXX-----OOOX---XO-O------------------- X;,1,50,7,7,0,0,-12,0,64,1.4999999999999998,0.5,0.5,11.0,10.0,2122176,-63.72814554495009,-4.745642679966223,-64.0,-4.0,-64.0,64.0,0.9978833046834947
-------------X----OXX-----OOX-----OOOX----XOO------------------- X;,1,50,6,8,-2,0,-14,0,64,1.2500000000000002,0.25,2.25,10.0,11.25,1510413,-63.59362042037509,-4.971111212628599,-64.0,-4.0,-64.0,64.0,0.9975231939873399
-------------------X--X--XXXXX-----OOOO----OOO------------------ X;,1,50,7,7,0,0,-14,0,64,0.37499999999999994,0.625,0.375,12.0,9.375,1372760,-63.07659022698797,-7.011400390454267,-64.0,-4.0,-64.0,64.0,0.9960801596783123
-------------X----OXX----OOOX----XXXXX------O------------------- X;,1,50,9,5,4,0,-24,0,64,1.875,0.125,2.375,9.0,9.375,240475,-61.32534359080986,-9.057872959767128,-64.0,-4.0,-64.0,64.0,0.9970059257719097
----------X--------XO-----XXOX----XOOO-----OOO------------------ X;,1,50,6,8,-2,0,-8,0,64,1.375,2.125,1.375,7.0,12.375,2446251,-63.669560482550644,-5.176674838354691,-64.0,-4.0,-64.0,64.0,0.9972275943883109
-------------X-----XX-----XXX-----OOOOO---OOO------------------- X;,1,50,6,8,-2,0,-10,0,64,0.6250000000000001,0.375,0.625,12.0,10.625,3017685,-63.696399723629206,-4.787976876314128,-64.0,-4.0,-64.0,64.0,0.980350169086568
----------X--------X------OOXX----XOOO----XOOO------------------ X;,1,50,6,8,-2,0,-10,0,64,1.2500000000000002,0.25,3.25,6.0,11.25,2507092,-63.63902760648592,-4.910377042406102,-64.0,-4.0,-64.0,64.0,0.9975325995216769
-------------X-----OX-----XOO-----XOOX---XOOO------------------- X;,1,50,6,8,-2,0,-14,0,64,4.875000000000001,3.125,0.875,4.0,10.875,1175048,-63.479663809478424,-5.680933885254049,-64.0,-4.0,-64.0,64.0,0.996073351897114
-------------X-----OX-----XOO----XXOXX----OOO------------------- X;,1,50,7,7,0,0,-14,0,64,1.6249999999999998,3.375,1.625,6.0,10.625,1281695,-63.564318344067814,-5.495554714655203,-64.0,-4.0,-64.0,64.0,0.9965061890699425
-------------------XXXX---OOOO----XOOO---X--X------------------- X;,1,50,7,7,0,0,-14,0,64,4.875000000000001,3.625,0.875,3.0,10.875,1036870,-63.5006895753566,-5.296012036224406,-64.0,-4.0,-64.0,64.0,0.9973381426794101
-----------------X--X-X---XOOX----OOOO-----XOO------------------ X;,1,50,6,8,-2,0,-14,0,64,4.875000000000001,0.625,1.375,6.0,10.875,861428,-63.66618452151544,-4.992519398022818,-64.0,-4.0,-64.0,64.0,0.9978640118500908
-----------------X--X-----XOOX-----XXOX----XOOO----------------- X;,1,50,8,6,2,1,-16,0,64,0.875,0.125,2.375,10.0,9.375,539756,-62.56865880138433,-7.873670695647663,-64.0,-4.0,-64.0,64.0,0.9937675542282068
-----------------X--XO----XXXOX----XOO-----XOO------------------ X;,1,50,8,6,2,0,-24,0,64,2.25,0.75,1.75,7.0,9.75,651513,-62.23917558053331,-8.770713707938292,-64.0,-4.0,-64.0,64.0,0.9948074712246724
----------XO-------OO-----XOXX----XOOO----XO-------------------- X;,1,50,6,8,-2,1,-8,0,64,1.6249999999999998,3.375,1.625,6.0,10.625,1896426,-63.60799630462776,-4.714169706595459,-64.0,-4.0,-64.0,64.0,0.9934840589614359
-----------------X--XX----XOXO----XOO-----XOO------O------------ X;,1,50,7,7,0,0,-8,0,64,2.25,0.75,2.25,8.0,9.75,1384223,-63.575198504865185,-5.173838319403738,-64.0,-4.0,-64.0,64.0,0.9972229908042274
------------------XX--X---OXOX-----OOO----XXO--------O---------- X;,1,50,7,7,0,0,-10,0,64,2.0000000000000004,1.0,3.5,7.0,10.0,860203,-63.50374155867859,-5.281354517480176,-64.0,-4.0,-64.0,64.0,0.9847931244136559
-----------------X--XX---XXOXO----XOO-----OOO------------------- X;,1,50,7,7,0,0,-12,0,64,1.2500000000000002,0.75,1.25,10.0,9.75,1060628,-63.230744426886716,-6.071404865796491,-64.0,-4.0,-64.0,64.0,0.9962201639028953
-------------X-----OOO----XXO-----XOXX---X--OX------------------ X;,1,50,8,6,2,0,-12,0,64,0.5000000000000001,4.5,5.5,3.0,10.0,1948016,-63.68646510090266,-4.838632228893397,-64.0,-4.0,-64.0,64.0,0.9976755837734392
------------------XX--X--XXXOX-----OOO-----OOO------------------ X;,1,50,7,7,0,0,-12,0,64,1.2500000000000002,0.75,1.25,10.0,9.75,531233,-63.35986280972756,-6.070447430788374,-64.0,-4.0,-64.0,64.0,0.9958191603307777
------------------XX--X---XXOX---X-OOO-----OO------O------------ X;,1,50,7,7,0,0,-12,0,64,1.375,1.125,1.375,9.0,9.375,673411,-63.549722235009526,-5.3103290561039245,-64.0,-4.0,-64.0,64.0,0.9969290670927561
-----------------X--XX----XXXO----XOO----XOOO------------------- X;,1,50,8,6,2,0,-16,0,64,0.5000000000000001,1.0,0.0,12.0,10.0,800038,-62.89872981033401,-7.462498031343511,-64.0,-4.0,-64.0,64.0,0.9942277741807264
------------------XX--X---XXOX----XOOO-----OOO------------------ X;,1,50,7,7,0,0,-16,0,64,1.2500000000000002,1.25,1.25,9.0,11.25,535655,-63.02836900617002,-7.614738964445398,-64.0,-4.0,-64.0,64.0,0.996208380394097
----------X--------XO------OOX----XXOXX---XOO------------------- X;,1,50,8,6,2,0,-18,0,64,1.6249999999999998,3.375,1.625,6.0,10.625,665719,-63.476358643812176,-5.2539915489868845,-64.0,-4.0,-64.0,64.0,0.9971579600401972
-----------------XXX--X---XXOX-----XOO-----OOO------------------ X;,1,50,8,6,2,0,-18,0,64,0.5000000000000001,1.0,0.0,12.0,10.0,596474,-63.43077653007507,-5.883869204692912,-64.0,-4.0,-64.0,64.0,0.9972924217987708
----------X-------OXXX----XOOX----XOOO-----O-------------------- X;,1,50,7,7,0,0,-10,0,64,5.25,0.25,1.25,6.0,11.25,1857303,-63.61617194394237,-4.935854300563775,-64.0,-4.0,-64.0,64.0,0.9970769443650283
-----------------X-XXO----XXOO----OOOX-----XO------------------- X;,1,50,7,7,0,0,-12,0,64,1.875,0.625,1.875,5.0,12.375,3047273,-63.64942195858395,-4.867612780344918,-64.0,-4.0,-64.0,64.0,0.9974363964108237
----------XX-------XX-----XXOOO---XOOO-----O-------------------- X;,1,50,7,7,0,0,-14,0,64,1.2500000000000002,0.75,1.75,10.0,10.75,1457622,-63.673766586947785,-4.897316999880627,-64.0,-4.0,-64.0,64.0,0.9978931437642955
----------X--X----OXX-----XOOX----XOOO-----O-------------------- X;,1,50,7,7,0,0,-16,0,64,5.875000000000001,0.625,0.375,6.0,10.875,1151761,-63.59045756888799,-5.457146925447207,-64.0,-4.0,-64.0,64.0,0.9970888057504986
-------------X----OOX-----XOXX----XOOX---X--O------------------- X;,1,50,8,6,2,0,-18,0,64,2.875,3.125,2.875,4.0,10.875,653576,-63.59799319436454,-5.268452329950916,-64.0,-4.0,-64.0,64.0,0.997937500765022
-----------------X-XX----OOOOX----OOO-X----XO------------------- X;,1,50,6,8,-2,0,-18,0,64,4.25,1.25,1.25,7.0,10.75,501370,-63.298591858308235,-6.193196641203103,-64.0,-4.0,-64.0,64.0,0.9951213674531783
-----------------X-XX-X---XXOX----OOOO-----XO------------------- X;,1,50,8,6,2,0,-20,0,64,2.0000000000000004,1.0,1.5,9.0,12.5,459430,-63.53638639183336,-5.315373397470779,-64.0,-4.0,-64.0,64.0,0.9978821583266221
-------------------XX-X--XXXXX-----OOO-----OOO------------------ X;,1,50,8,6,2,0,-22,0,64,0.6250000000000001,0.375,0.625,12.0,10.625,587396,-62.846442604307825,-7.441318973911978,-64.0,-4.0,-64.0,64.0,0.9918657941150434
-----------O-X----OOX-----XOX-----XOOX----X-O------------------- X;,1,50,7,7,0,0,-10,0,64,1.7500000000000002,2.25,2.75,5.0,9.75,1570974,-63.5685536488828,-4.853785613256489,-64.0,-4.0,-64.0,64.0,0.9966543049089291
----------X--X----X-X----OOOO-----XOOX----X-O------------------- X;,1,50,7,7,0,0,-14,0,64,5.749999999999999,0.75,1.25,6.0,8.75,392645,-63.44100650715023,-5.606153140877892,-64.0,-4.0,-64.0,64.0,0.9966407314495282
-------------X----OOX-----XOXX----XOOX----X-O------------------- X;,1,50,8,6,2,0,-16,0,64,2.25,3.25,3.25,4.0,11.25,576252,-63.364137564815394,-5.614996564003248,-64.0,-4.0,-64.0,64.0,0.9968017464581468
-------------------X--X---XOOX---X-OO-----XXOO------O----------- X;,1,50,7,7,0,0,-16,0,64,5.25,0.75,1.75,6.0,8.75,356431,-63.59313864394511,-5.194598674077171,-64.0,-4.0,-64.0,64.0,0.9978340828940244
-------------X----O-XX----XOX-----XOOX----XOO------------------- X;,1,50,8,6,2,0,-18,0,64,1.875,2.125,3.375,6.0,10.875,233180,-63.456081139034225,-5.117072647739944,-64.0,-4.0,-64.0,64.0,0.9980873145209709
-----------------X-X--X---XOOX----OOO-----XXXO------------------ X;,1,50,8,6,2,0,-20,0,64,6.499999999999999,1.0,1.5,5.0,10.0,278841,-63.42967497606163,-5.212024056720496,-64.0,-4.0,-64.0,64.0,0.9973533303925893
-------------------X--X--XXXXX-----OO-----XXOO-------O---------- X;,1,50,9,5,4,0,-32,0,64,1.2500000000000002,0.75,1.75,10.0,8.75,24234,-61.13567714780886,-7.40406041099282,-64.0,-4.0,-64.0,64.0,0.9978129900140299
-----------------X--X-----XOOX----XOO-X---XOO------O------------ X;,1,50,7,7,0,0,-10,0,64,4.875000000000001,2.625,1.375,5.0,9.375,1198023,-63.66454817645404,-4.7999036746372985,-64.0,-4.0,-64.0,64.0,0.9937246613796229
-------------------XX-X---XOXX---X-OOO-----OOO------------------ X;,1,50,7,7,0,0,-12,0,64,1.6249999999999998,0.375,1.625,10.0,10.625,1027446,-63.57539860975662,-5.345054630608324,-64.0,-4.0,-64.0,64.0,0.9971716275113242
-------------------X--X---XOOXX--X-OOX-----OO-------O----------- X;,1,50,7,7,0,0,-18,0,64,4.750000000000001,3.25,1.75,4.0,9.75,248765,-63.63789118244126,-5.421984603943481,-64.0,-4.0,-64.0,64.0,0.9980061503828915
-------------X----OXX-----OOO-X---XOOX---X--X------------------- X;,1,50,8,6,2,0,-18,0,64,6.875,0.625,0.875,5.0,9.375,194649,-63.66123637932895,-5.236512902712061,-64.0,-4.0,-64.0,64.0,0.9985820630981921
-----------------X--X-----XXOX----XOO-X--X-OO------O------------ X;,1,50,8,6,2,0,-22,0,64,2.0000000000000004,3.0,2.0,7.0,9.5,166326,-63.21279896107644,-6.065606098866082,-64.0,-4.0,-64.0,64.0,0.9974808508591562
-------------------XXX----OOO-X---OOOX---XO-X------------------- X;,1,50,7,7,0,0,-24,0,64,4.750000000000001,2.25,0.75,6.0,9.75,85912,-63.20796861905205,-6.052740013036596,-64.0,-4.0,-64.0,64.0,0.9972995623428624
------------X------XX-----OOX-X---OOXX---XO-X------------------- X;,1,50,9,5,4,0,-24,0,64,1.375,2.125,1.375,9.0,9.375,197659,-62.27036967707011,-8.68158292817428,-64.0,-4.0,-64.0,64.0,0.9967266858579675
-------------X----X-X----OXXO----XOXXX-----OO------------------- X;,1,50,9,5,4,0,-12,0,64,1.375,0.625,2.375,7.0,9.375,2035543,-63.279938571673505,-5.71541254593983,-64.0,-4.0,-64.0,64.0,0.9936287270767554
-------------X-----XX----OXXX----XOXXX-----OO------------------- X;,1,50,10,4,6,0,-12,0,64,4.25,0.25,1.75,6.0,10.75,629422,-62.714056705993755,-7.556686928642469,-64.0,-4.0,-64.0,64.0,0.9954990451557143
-------------X------XX---OOOOO---XXXXX------O------------------- X;,1,50,8,6,2,0,-16,0,64,0.37499999999999994,0.125,1.375,11.0,9.375,1780147,-63.79669319443844,-4.495293927973364,-64.0,-4.0,-64.0,64.0,0.9987905493198034
-------------X--X---X----XOOO----XXOXX-----OO------------------- X;,1,50,8,6,2,0,-18,0,64,1.7500000000000002,1.25,1.75,9.0,9.25,352325,-63.312030085858225,-5.683386078194848,-64.0,-4.0,-64.0,64.0,0.9973916128574469
-----------OX------OO------OOO----XOXXX--X--X------------------- X;,1,50,7,7,0,0,-18,0,64,1.2500000000000002,0.75,1.75,9.0,9.75,604904,-63.014359303294405,-6.736992977398066,-64.0,-4.0,-64.0,64.0,0.9963961223599117
-----------XO------XO------XO-----XOOX---XOX--X----------------- X;,1,50,8,6,2,0,-20,0,64,2.875,0.625,1.875,8.0,8.375,458987,-63.59721081424964,-5.018863279352138,-64.0,-4.0,-64.0,64.0,0.998435685542292
-----------OX------OX------OX-X---XOOX---X--XO------------------ X;,1,50,8,6,2,0,-22,0,64,2.625,0.375,2.625,8.0,8.625,401864,-63.48707522943085,-5.607061095295921,-64.0,-4.0,-64.0,64.0,0.9983402345071964
-------------X---X--X----XXOO----XXXOX------OO------------------ X;,1,50,9,5,4,0,-24,0,64,3.375,1.625,1.375,6.0,8.375,223964,-63.13511546498545,-5.59454644496437,-64.0,-4.0,-64.0,64.0,0.9979818185065457
-------------X----OXX-----XOOO----XOOX---X--O------------------- X;,1,50,7,7,0,0,-14,0,64,5.875000000000001,0.125,0.875,6.0,10.875,1488975,-63.69706543091724,-4.7551893080810625,-64.0,-4.0,-64.0,64.0,0.9975553652680536
-------------X---XXXX------OO-----XOOO---X--O-------O----------- X;,1,50,7,7,0,0,-16,0,64,5.625,0.375,1.625,6.0,8.625,357562,-63.7161723001885,-4.878119039495249,-64.0,-4.0,-64.0,64.0,0.9984701953787035
----------O--X----OOX------OO-X---XOOX---X--X------------------- X;,1,50,7,7,0,0,-18,0,64,5.625,0.375,1.625,6.0,8.625,79024,-62.906484106094354,-7.963226361611662,-64.0,-4.0,-64.0,64.0,0.9970388742660458
----------X-O------XOO-----XO-----XOOX---X-X--X----------------- X;,1,50,8,6,2,0,-18,0,64,3.6250000000000004,0.375,1.625,8.0,8.625,339266,-63.59490193535456,-4.826313276308266,-64.0,-4.0,-64.0,64.0,0.9973088962642882
------------OX----OXO------OO-----XXXXX--X--X------------------- X;,1,50,9,5,4,0,-28,0,64,1.875,0.625,2.375,8.0,8.375,83748,-60.55916559201414,-9.808747671586188,-64.0,-4.0,-64.0,64.0,0.9966327554090844
------------OX-----OX-----OOO-----XOOX---X-X--X----------------- X;,1,50,7,7,0,0,-16,0,64,5.749999999999999,0.25,2.25,5.0,9.75,510430,-63.55158004035813,-4.913674744822992,-64.0,-4.0,-64.0,64.0,0.9983406147757773
-----------------XX-X-X---XXOX-----OOO-----OO------O------------ X;,1,50,7,7,0,0,-16,0,64,1.875,1.125,1.875,9.0,9.375,456586,-63.471429259767056,-5.343317578725585,-64.0,-4.0,-64.0,64.0,0.9977419368968825
-----------XO-----OOO------OO-----XOOX---X-X--X----------------- X;,1,50,6,8,-2,0,-16,0,64,4.875000000000001,1.625,0.875,6.0,8.375,158856,-63.1846011482097,-7.026760084604925,-64.0,-4.0,-64.0,64.0,0.9973057360124893
-----------------X--X-X---XXOX----XOX-----OOO------O------------ X;,1,50,8,6,2,0,-18,0,64,1.375,2.625,4.875,5.0,9.375,411650,-63.743609862747476,-4.787365480383821,-64.0,-4.0,-64.0,64.0,0.9970144540264788
-----------------X--X-----XXXXX---XXO-----XOO-----O------------- X;,1,50,10,4,6,0,-18,0,64,1.875,2.625,2.375,7.0,9.375,643740,-63.10474415136546,-6.916500450492435,-64.0,-4.0,-64.0,64.0,0.9920853139466244
-------------X-----XX-----OXO-----OOXXX--XO-X------------------- X;,1,50,9,5,4,0,-20,0,64,1.375,2.125,5.375,5.0,9.375,415167,-63.348233361514765,-5.903754392810604,-64.0,-4.0,-64.0,64.0,0.9963243706749332
-----------------X--XO----XXOXX---XOO----X-XO------------------- X;,1,50,9,5,4,0,-24,0,64,3.875,1.125,3.375,5.0,9.375,326659,-63.268411401492074,-5.907267211373328,-64.0,-4.0,-64.0,64.0,0.9981662834944085
-----------OX------OX-----OOX-----XXXXX--X--X------------------- X;,1,50,10,4,6,0,-26,0,64,1.7500000000000002,0.25,1.75,9.0,9.75,178117,-62.97942363727213,-6.4945513342353625,-64.0,-4.0,-64.0,64.0,0.9960475417843327
-------------------XXX----OOX-----XXOXX--X--XO------------------ X;,1,50,10,4,6,0,-28,0,64,2.25,0.75,5.25,5.0,9.75,42836,-62.17258847698198,-7.653679148379867,-64.0,-4.0,-64.0,64.0,0.9967317209823513
-----------------X--X----XXXXXX---XOO-----OOO------------------- X;,1,50,9,5,4,0,-28,0,64,1.375,2.625,0.875,9.0,9.375,343093,-61.97942540360777,-7.962473731612128,-64.0,-4.0,-64.0,64.0,0.9976828440102247
-------------------XO------OO----XXXOXX---X-OO------O----------- X;,1,50,7,7,0,0,-14,0,64,1.2500000000000002,2.25,2.25,8.0,9.25,329154,-63.56204998268288,-5.2485128541655275,-64.0,-4.0,-64.0,64.0,0.9976302885579394
------------X-------XX----XOX-----XOOOO---XOO------------------- X;,1,50,7,7,0,0,-16,0,64,2.0000000000000004,1.0,3.0,8.0,10.0,243396,-63.35520715213068,-5.3486006343571795,-64.0,-4.0,-64.0,64.0,0.996791237325182
------------X-----O-XX----XOX-----XOOOO--X--O------------------- X;,1,50,7,7,0,1,-18,0,64,1.2500000000000002,0.75,3.75,8.0,8.75,469096,-63.76893855415523,-4.5746926002353465,-64.0,-4.0,-64.0,64.0,0.9984928458140765
-----------X------XX-----O-XOX---OOOOO---X-O-------------------- X;,1,50,6,8,-2,0,-18,0,64,1.6249999999999998,1.375,1.625,8.0,8.625,159459,-63.17988950137653,-5.479703246602575,-64.0,-4.0,-64.0,64.0,0.994939137960228
------------O-----X-O-X--XXXOX-----OOO-----XO------------------- X;,1,50,7,7,0,0,-18,0,64,1.375,1.125,2.375,9.0,9.375,276171,-63.594207936387235,-4.957363372693005,-64.0,-4.0,-64.0,64.0,0.9973060169242969
-----------X------X-X----OOOOX----XOX-------OOO----------------- X;,1,50,6,8,-2,0,-14,0,64,1.2500000000000002,0.75,4.25,7.0,8.75,460048,-63.78972628943067,-4.637994296247348,-64.0,-4.0,-64.0,64.0,0.9992587729976002
----------O-------O-X----XOXOX----OOO-X----XO------------------- X;,1,50,6,8,-2,0,-16,0,64,1.875,1.125,3.875,6.0,9.375,380545,-63.41901746179821,-5.951511647768332,-64.0,-4.0,-64.0,64.0,0.9976638768082619
-----------X--------X----XXXXX----XOOO------OOO----------------- X;,1,50,8,6,2,0,-16,0,64,1.375,0.625,2.875,9.0,9.375,671046,-63.09772355397394,-6.738472474316217,-64.0,-4.0,-64.0,64.0,0.9971402854647818
-------------OX----X-X----XOXO---X-OO------OOO------------------ X;,1,50,6,8,-2,0,-28,0,64,1.6249999999999998,0.375,3.625,8.0,8.625,1200534,-63.30504425530639,-6.357530898750056,-64.0,-4.0,-64.0,64.0,0.9972029113711065
------------X-------X-----OOXX----XOX-----XOOOO----------------- X;,1,50,7,7,0,0,-14,0,64,0.25,0.75,3.25,9.0,9.75,515741,-62.957257615741234,-6.887358189478827,-64.0,-4.0,-64.0,64.0,0.9979427658456473
------------X-----X-X-----XXXX----XOOO------OOO----------------- X;,1,50,8,6,2,0,-14,0,64,0.7499999999999999,0.75,2.25,10.0,9.75,477148,-62.89689362629624,-8.042919597273801,-64.0,-4.0,-64.0,64.0,0.9967200952325065
----------O-------O-XO---XXXOXX----OO------XO------------------- X;,1,50,7,7,0,0,-16,0,64,3.7500000000000004,0.75,2.25,6.0,8.75,833392,-63.35116007833049,-6.158295256013977,-64.0,-4.0,-64.0,64.0,0.9978365523067176
------------X-------X----XXXXX----XOOO------OOO----------------- X;,1,50,8,6,2,0,-18,0,64,1.375,0.625,2.375,9.0,9.375,499396,-62.686190918629705,-7.641316710586389,-64.0,-4.0,-64.0,64.0,0.9959230750746902
---------XO-------X-XO----OXOXX----OO------XO------------------- X;,1,50,7,7,0,0,-32,0,64,1.6249999999999998,0.375,5.625,6.0,8.625,1063470,-63.101840202356435,-7.129671734980771,-64.0,-4.0,-64.0,64.0,0.9972693164828345
------------X-------XX----XOOO----XOOX----XOO------------------- X;,1,50,7,7,0,0,-16,0,64,5.25,1.25,1.25,5.0,11.25,477012,-63.53549596236573,-4.905721449355572,-64.0,-4.0,-64.0,64.0,0.9971153765523718
------------------XXXX----XOOX----OOOX----XO-------------------- X;,1,50,8,6,2,0,-16,0,64,7.375,0.125,1.375,5.0,12.375,313846,-62.98779656264537,-5.760175372634986,-64.0,-4.0,-64.0,64.0,0.9957080861314148
-------------------XXX----XOOO----XOOX----XOO------------------- X;,1,50,7,7,0,1,-18,0,64,5.5,0.5,1.5,6.0,13.0,496796,-63.232244220967964,-5.404318875353264,-64.0,-4.0,-64.0,64.0,0.9973711543571204
------------X------XOX----XOOX----OOOX----XO-------------------- X;,1,50,7,7,0,0,-18,0,64,5.25,1.25,4.25,3.0,11.25,308861,-63.22636396307724,-5.950378973065554,-64.0,-4.0,-64.0,64.0,0.9965194699233636
----------X--------XOX----XOOOO----XOX----XO-------------------- X;,1,50,7,7,0,0,-20,0,64,2.25,0.75,6.75,4.0,9.75,249153,-63.500527788146236,-5.607923645310311,-64.0,-4.0,-64.0,64.0,0.9977202762960912
-----------XO------XOX----XXOX-----XOX----XO-------------------- X;,1,50,9,5,4,0,-20,0,64,1.4999999999999998,2.0,3.5,6.0,10.0,214010,-63.121938227185645,-5.573393766646419,-64.0,-4.0,-64.0,64.0,0.9963599831783562
-------------X-----OXX----XOX-----XOOX----XOO------------------- X;,1,50,8,6,2,0,-22,0,64,2.25,3.25,2.25,5.0,11.25,273935,-63.1458959242156,-5.578312373373246,-64.0,-4.0,-64.0,64.0,0.9971270556883932
-----------X------OX------OXXXX---OOOX----XO-------------------- X;,1,50,8,6,2,0,-18,0,64,0.5000000000000001,0.0,1.5,11.0,10.0,1049548,-63.39535685838094,-5.711651110763872,-64.0,-4.0,-64.0,64.0,0.9973979274887856
----------X-------XX------XOXXX---OOOX----XO-------------------- X;,1,50,9,5,4,0,-20,0,64,2.75,0.75,3.25,7.0,9.75,139515,-63.176138766440886,-5.450331505572877,-64.0,-4.0,-64.0,64.0,0.9956850517865462
------------X-------XX----XOX-O--XXXOO------OO------------------ X;,1,50,8,6,2,0,-22,0,64,0.25,0.25,6.25,7.0,9.25,439226,-63.20481255663371,-5.929737765979246,-64.0,-4.0,-64.0,64.0,0.9971335940950672
------------X------XX------OX-X---OXOX----X-OO------O----------- X;,1,50,8,6,2,0,-22,0,64,0.25,0.25,6.25,6.0,9.25,312878,-63.14180287524211,-5.965823739604574,-64.0,-4.0,-64.0,64.0,0.9974335044330378
-------------------XXX----XXX----XXXOOO-----OO------------------ X;,1,50,9,5,4,0,-24,0,64,1.4999999999999998,0.0,3.0,9.0,10.0,109561,-62.34501328027309,-7.664497403273063,-64.0,-4.0,-64.0,64.0,0.9981471509022372
-------------X------XX----XXX-O--XXXOO------OO------------------ X;,1,50,9,5,4,0,-24,0,64,1.2500000000000002,0.25,3.25,9.0,8.75,165560,-61.50530321333655,-8.848804058951437,-64.0,-4.0,-64.0,64.0,0.994473302730128
------------------X-X-X---XXOX----XOOO-----OO------O------------ X;,1,50,7,7,0,0,-18,0,64,1.6249999999999998,1.375,2.625,8.0,10.625,417234,-63.60346951590714,-5.059788991309433,-64.0,-4.0,-64.0,64.0,0.9974235081513012
------------------X-X-X--XXXOX-----OOO-----OO------O------------ X;,1,50,7,7,0,0,-18,0,64,1.375,1.125,2.375,9.0,9.375,433942,-63.49552013863604,-5.308416793027639,-64.0,-4.0,-64.0,64.0,0.9981725668407299
----------X-------OOO-----XOXXX----XOX----XO-------------------- X;,1,50,8,6,2,0,-20,0,64,0.25,4.75,5.75,3.0,9.75,283177,-63.11617822068883,-6.2693862849030815,-64.0,-4.0,-64.0,64.0,0.9969489047486201
----------X-O------XOX----XOOX-----XOX----XO-------------------- X;,1,50,8,6,2,0,-20,0,64,2.75,2.25,4.25,4.0,9.75,162013,-63.049625647324596,-5.914642652132853,-64.0,-4.0,-64.0,64.0,0.9955559121798868
----X-------XX----O-X----X-OO-----XOOO-----O------O------------- X;,1,50,6,8,-2,0,-10,0,64,4.875000000000001,0.125,0.875,7.0,7.375,409190,-63.804012805787046,-4.361939441335321,-64.0,-4.0,-64.0,64.0,0.9948556905105208
-----------X------O-X-----OXXX---OOOO----XO-O------------------- X;,1,50,6,8,-2,0,-12,0,64,1.2500000000000002,0.75,1.75,10.0,8.75,807411,-63.178981955905975,-6.876117615439968,-64.0,-4.0,-64.0,64.0,0.9952737824973898
-----------X------O-X------OOX---OXOX----XOOO------------------- X;,1,50,6,8,-2,0,-14,0,64,2.25,1.75,2.75,7.0,8.75,631681,-63.097851605478084,-6.815630041112524,-64.0,-4.0,-64.0,64.0,0.9958270076193522
-----------X------O-X-----OOOX---OXOXX---X--O------------------- X;,1,50,7,7,0,0,-14,0,64,1.875,1.125,3.875,7.0,9.375,485650,-62.870732008648204,-7.341070729949553,-64.0,-4.0,-64.0,64.0,0.9920086482034387
------------OX----O-X----X-OO-----XOXXX---OX-------------------- X;,1,50,8,6,2,0,-18,0,64,4.25,1.25,2.75,5.0,8.25,405317,-63.376169763419746,-6.152011882057748,-64.0,-4.0,-64.0,64.0,0.9974859184292788
-----------XXX----X-X----X-OO-----XOOO-----O-------O------------ X;,1,50,7,7,0,0,-20,0,64,4.875000000000001,0.125,1.375,7.0,8.375,226575,-63.75804479752841,-4.70649895178197,-64.0,-4.0,-64.0,64.0,0.9990643274853801
-------------------XOX----XOXXX--XOOO-------O-------O----------- X;,1,50,7,7,0,0,-10,0,64,1.375,1.625,2.875,8.0,9.875,1333961,-63.81028455854406,-4.4345966636206,-64.0,-4.0,-64.0,64.0,0.9976371123293709
----------XO-------X-------OOOX---OOOX----XOX------------------- X;,1,50,6,8,-2,0,-12,0,64,4.375,1.125,5.375,3.0,9.375,1385198,-63.674934558092055,-4.525888717714002,-64.0,-4.0,-64.0,64.0,0.9952678245276126
------------------OOOX----XOXX---X-XXX------O-------O----------- X;,1,50,8,6,2,0,-12,0,64,1.0,5.0,2.5,5.0,10.0,1148905,-63.7174796871804,-4.64537537916538,-64.0,-4.0,-64.0,64.0,0.9977726617953616
-------------------OX-----OOOX---XXOX-X---OO-------O------------ X;,1,50,6,8,-2,0,-14,0,64,1.375,1.625,3.375,7.0,9.875,959920,-63.53775418784899,-5.410951954329527,-64.0,-4.0,-64.0,64.0,0.9944818318193183
--------------------X-----OXOX---OOOX-X--XOO-------O------------ X;,1,50,6,8,-2,0,-16,0,64,0.6250000000000001,0.375,5.625,7.0,8.625,489129,-63.37770199681474,-6.224881370763132,-64.0,-4.0,-64.0,64.0,0.9910187292104946
-----------X--------X----O-XOX---OOOX----XOOO------------------- X;,1,50,6,8,-2,0,-16,0,64,0.6250000000000001,1.375,4.625,7.0,8.625,446471,-63.38927500330369,-5.922801256968538,-64.0,-4.0,-64.0,64.0,0.9939077790046834
-----------X--------X-----OOOX--XXOOX-----OOO------------------- X;,1,50,6,8,-2,0,-16,0,64,2.3749999999999996,0.125,1.875,9.0,9.375,741462,-63.20559651067755,-6.040433629774689,-64.0,-4.0,-64.0,64.0,0.9958001893556244
-------------------X-O----XOXOX--X-XOO------OO------O----------- X;,1,50,6,8,-2,0,-18,0,64,1.2500000000000002,1.25,5.25,6.0,9.25,705709,-63.56692914501586,-5.366781492088099,-64.0,-4.0,-64.0,64.0,0.9913958869732425
------------------OX------XOXXX--X-XX-----OOO-------O----------- X;,1,50,8,6,2,0,-16,0,64,2.25,2.25,2.25,7.0,9.25,979949,-63.33235198974641,-6.285964881845892,-64.0,-4.0,-64.0,64.0,0.9964671630870586
------------------OX-----OOOXXX--X-XXX------O-------O----------- X;,1,50,8,6,2,0,-16,0,64,1.375,0.625,3.375,8.0,9.375,442909,-63.565895025840526,-5.429501319684179,-64.0,-4.0,-64.0,64.0,0.9982434314949572
-----------------XXX------XOXXX--X-OO------OO-------O----------- X;,1,50,8,6,2,0,-22,0,64,1.6249999999999998,2.375,2.625,7.0,8.625,188011,-62.34349585928483,-7.345288307599024,-64.0,-4.0,-64.0,64.0,0.9965906250166213
----------X-------XX------XOXXX--X-OO------OO-------O----------- X;,1,50,8,6,2,0,-22,0,64,1.6249999999999998,2.375,2.625,7.0,8.625,165652,-62.162642165503584,-7.170755559848357,-64.0,-4.0,-64.0,64.0,0.9972291309492188
------------OX-----OX----X-OO-----XOXXX---OX-------------------- X;,1,50,8,6,2,0,-24,0,64,2.625,1.375,3.625,5.0,8.625,241764,-63.006961334193676,-6.083854502738207,-64.0,-4.0,-64.0,64.0,0.9975968299664135
---X-------X-------X-------XX-X--XXXOX-----OOO------------------ X;,1,50,10,4,6,0,-34,0,64,2.625,1.375,1.625,7.0,8.625,64310,-60.781900171046495,-8.310900326543306,-64.0,-4.0,-64.0,64.0,0.996392473954284
----------X-------OXX-----XOOO----XXOX-----OO------------------- X;,1,50,7,7,0,0,-10,0,64,1.875,0.625,1.875,9.0,12.375,1387604,-63.728524852911924,-4.589800836549909,-64.0,-4.0,-64.0,64.0,0.9976686432152112
-----------------O-XX-X---OXOX---XOOO------XO------------------- X;,1,50,7,7,0,0,-16,0,64,1.2500000000000002,1.25,2.75,8.0,10.75,499468,-63.2732367238742,-6.382260725411838,-64.0,-4.0,-64.0,64.0,0.9967505425773022
-------------------XX-X---OXOX---OOOO----X-XO------------------- X;,1,50,7,7,0,0,-20,0,64,1.7500000000000002,1.75,2.75,7.0,10.75,315372,-63.319305455145035,-5.940977639105564,-64.0,-4.0,-64.0,64.0,0.9966230356531335
----------X--------X------XXXXX---XXOOO----OO------------------- X;,1,50,9,5,4,0,-20,0,64,1.2500000000000002,1.25,1.75,8.0,10.75,610224,-63.06092189097774,-6.561144759956999,-64.0,-4.0,-64.0,64.0,0.9971682529694014
----------X--------XOX----XOOX----XXOX-----OO------------------- X;,1,50,8,6,2,1,-22,0,64,1.875,4.625,1.875,5.0,12.375,215647,-63.33113375099121,-5.798091325174939,-64.0,-4.0,-64.0,64.0,0.9986320236312122
------------------OXX-X--XXOOX----XOO------XO------------------- X;,1,50,8,6,2,0,-22,0,64,7.625000000000001,0.375,1.625,4.0,10.625,478426,-63.23850292417218,-6.334618101859013,-64.0,-4.0,-64.0,64.0,0.9977551387257382
-------------X---OX-X-----OOOX----XOX------OO------O------------ X;,1,50,6,8,-2,0,-10,0,64,1.375,1.125,3.875,7.0,9.375,896927,-63.84686044683681,-4.384681250536555,-64.0,-4.0,-64.0,64.0,0.9984547237400591
----------X--------X-XO---XOOO----XXOX-----OO------------------- X;,1,50,7,7,0,0,-10,0,64,1.375,1.625,2.875,8.0,10.875,956884,-63.56471108305709,-5.497772979796924,-64.0,-4.0,-64.0,64.0,0.9931799465765966
-------------X---OX-XO---XXXOX----XOO-------O------------------- X;,1,50,8,6,2,0,-10,0,64,2.25,1.75,3.75,6.0,8.75,941104,-63.53455409816556,-5.551583034393649,-64.0,-4.0,-64.0,64.0,0.9973669222530135
----------X--------X-XO---XOXO----OOOX----XO-------------------- X;,1,50,7,7,0,0,-12,0,64,2.0000000000000004,0.5,7.0,4.0,10.0,812141,-63.721151868948866,-4.764246602498827,-64.0,-4.0,-64.0,64.0,0.9973699148300603
----------X--------X-XXX--XOOO-----OOOO----O-------------------- X;,1,50,6,8,-2,0,-12,0,64,5.125000000000001,0.375,1.625,6.0,8.125,603819,-63.672729741859726,-4.544457859060413,-64.0,-4.0,-64.0,64.0,0.9968682668150555
-----------------X-X------XXXXX----OO-----XOO-----O-O----------- X;,1,50,8,6,2,0,-20,0,64,0.37499999999999994,2.125,1.375,10.0,8.375,221987,-62.097496700257224,-8.648844301693343,-64.0,-4.0,-64.0,64.0,0.9970809101433867
-------------------OX-----XXXX----XOOO---XOOO------------------- X;,1,50,7,7,0,0,-12,0,64,0.37499999999999994,2.125,2.375,9.0,12.375,2946809,-63.36141025767194,-6.361637282905,-64.0,-4.0,-64.0,64.0,0.9953325783924238
-----------X------OXX-X---OOOX----XXO------XO------------------- X;,1,50,8,6,2,0,-14,0,64,2.625,0.375,4.625,6.0,10.625,670581,-63.05814062730677,-6.265034350809223,-64.0,-4.0,-64.0,64.0,0.9905574419794179
------------------XXX-X---XOOX----XOO------OO------O------------ X;,1,50,7,7,0,0,-16,0,64,5.625,1.375,0.625,6.0,10.625,313337,-63.31092082964987,-5.465163705531105,-64.0,-4.0,-64.0,64.0,0.9964798284275397
-------------X----X-X-----XOOX----XOOO-----OO------O------------ X;,1,50,6,8,-2,0,-18,0,64,4.625,1.375,1.625,6.0,10.625,454477,-63.652092405116214,-5.2263458876906865,-64.0,-4.0,-64.0,64.0,0.998114316015992
-------------------OX-X--XXXOX----XOOO-----XO------------------- X;,1,50,8,6,2,0,-20,0,64,1.7500000000000002,0.75,5.75,5.0,12.25,499540,-63.35523281418905,-5.723327461264363,-64.0,-4.0,-64.0,64.0,0.9972054289946751
-------------X------X----XXXXX----XOOO----OOO------------------- X;,1,50,8,6,2,0,-22,0,64,0.6250000000000001,1.375,1.625,10.0,10.625,777404,-62.7104735761586,-7.3866779692412186,-64.0,-4.0,-64.0,64.0,0.9975662589850323
-------------X-----OX----XXOXX----XOO-----XOO------------------- X;,1,50,8,6,2,0,-20,0,64,1.6249999999999998,3.375,2.625,6.0,10.625,772990,-63.15190105952212,-6.180706089341388,-64.0,-4.0,-64.0,64.0,0.9969934928006831
-------------X-----OX----XXOXX----XOX-----OOO------------------- X;,1,50,8,6,2,0,-20,0,64,0.6250000000000001,3.375,1.625,8.0,10.625,894613,-62.98933058205056,-7.069083503146053,-64.0,-4.0,-64.0,64.0,0.9978560561941309
-----------X-O-----XO-----OOO-----XXXXX--X-X-------------------- X;,1,50,9,5,4,0,-20,0,64,1.0,0.5,0.5,11.0,9.5,337481,-62.55076285776088,-8.632000023705038,-64.0,-4.0,-64.0,64.0,0.998130265111221
----------X--------XO-----XXOXX---XXOX-----OO------------------- X;,1,50,9,5,4,0,-20,0,64,0.7499999999999999,4.75,0.75,7.0,12.25,663331,-63.463809169177985,-5.438844257241106,-64.0,-4.0,-64.0,64.0,0.9974989861773383
-------------X----XXXO---XXOOX----XOO-------O------------------- X;,1,50,8,6,2,0,-20,0,64,6.25,0.75,1.75,5.0,9.75,389804,-62.96797621368688,-6.9943894880504045,-64.0,-4.0,-64.0,64.0,0.9968317410801326
-----------X-------XX-----OOOO----XXOX---X-X--X----------------- X;,1,50,9,5,4,0,-22,0,64,2.75,1.75,1.25,8.0,10.75,298064,-63.4472931987761,-5.503495893499383,-64.0,-4.0,-64.0,64.0,0.9971616833968544
------------XX-----XX----XXOXX----OOO----O--O------------------- X;,1,50,8,6,2,0,-22,0,64,2.0000000000000004,0.5,1.0,9.0,9.5,406496,-63.229315909627644,-7.2658033535385345,-64.0,-4.0,-64.0,64.0,0.9984944501298906
----------X--X-----XX----XXOXX----OOO----O--O------------------- X;,1,50,8,6,2,0,-24,0,64,1.7500000000000002,1.25,1.25,9.0,9.75,279460,-62.70609031704001,-8.240399341587347,-64.0,-4.0,-64.0,64.0,0.9980891719745223
-------------X------XXX--XXXOX-----OO-----OOO------------------- X;,1,50,8,6,2,0,-22,0,64,1.7500000000000002,1.25,1.75,9.0,8.75,262921,-63.29117491565908,-5.560335614119831,-64.0,-4.0,-64.0,64.0,0.9986345708406708
-----------X-------XX------XO-----XXOXX--XOOO------------------- X;,1,50,9,5,4,0,-24,0,64,1.375,0.625,0.875,11.0,9.375,305884,-62.99384734082201,-6.6787017300676075,-64.0,-4.0,-64.0,64.0,0.997541551699337
----------X--------XX------OX----OOOXXX--XOX-------------------- X;,1,50,9,5,4,0,-28,0,64,1.875,1.125,0.875,8.0,8.375,71948,-60.8338244287541,-9.37485406126647,-64.0,-4.0,-64.0,64.0,0.9975398899204981
-----------O------XOX------OO-----XOXXX--XOX-------------------- X;,1,50,8,6,2,0,-28,0,64,2.25,0.75,3.25,6.0,8.75,45577,-62.696469710599644,-5.589420102244553,-64.0,-4.0,-64.0,64.0,0.9979814380060118
-------------------XX------XXO----XOXO----OOOO-----O------------ X;,1,50,6,8,-2,3206,-2,0,64,2.25,0.25,1.25,10.0,11.25,4220575,-63.5861649182872,-5.296221486408842,-64.0,-4.0,-64.0,64.0,0.9966059127014684
-------------------XX----XXXXO----OOOO----O-OO------------------ X;,1,50,6,8,-2,15,-8,0,64,1.2500000000000002,1.25,0.25,10.0,11.25,3320421,-63.598625294804485,-5.064197281007439,-64.0,-4.0,-64.0,64.0,0.9968019115648287
-------------------XX-----OXX----OOOOX---XO-OO------------------ X;,1,50,6,8,-2,9,-8,0,64,1.2500000000000002,0.75,0.25,11.0,9.75,1726391,-63.34599230417675,-6.016067623151418,-64.0,-4.0,-64.0,64.0,0.9903764558550178
------------X------XXO----XXX-----XXXO------OO-----O------------ X;,1,50,9,5,4,1,-12,0,64,5.5,0.0,0.5,8.0,10.0,942066,-63.250139586823,-6.26656094159008,-64.0,-4.0,-64.0,64.0,0.9909921385550482
--------------------XO----XXXOX---XXOO-----OOO------------------ X;,1,50,7,7,0,3,-12,0,64,2.25,0.25,1.25,10.0,11.25,1185349,-62.812947916605154,-6.890412022113319,-64.0,-4.0,-64.0,64.0,0.9919947627238898
--------------------XXX---XXOO----XOO-----OOOO------------------ X;,1,50,6,8,-2,3,-12,0,64,1.375,0.625,1.375,10.0,10.875,1692834,-63.58346004392634,-5.303818921406352,-64.0,-4.0,-64.0,64.0,0.997643596477859
------------------OX------OOXX---XOOXX----OOO------------------- X;,1,50,6,8,-2,1,-14,0,64,1.2500000000000002,0.25,0.25,12.0,11.25,840228,-62.834111693492716,-7.392593438923721,-64.0,-4.0,-64.0,64.0,0.9942836944257987
-------------OX-----XO----XXXO----XXO------OOO------------------ X;,1,50,7,7,0,0,-20,0,64,2.3749999999999996,0.625,1.375,9.0,9.875,2496822,-63.368238104278156,-7.30805199569693,-64.0,-4.0,-64.0,64.0,0.9978484649686682
---------X--------XOOO-----XOX----OOXX----OX-------------------- X;,1,50,7,7,0,0,-22,0,64,0.5000000000000001,0.5,6.5,6.0,11.0,1086204,-63.14303574650802,-6.751604670945789,-64.0,-4.0,-64.0,64.0,0.9967602770750246
--------------------XOO----XXOX---XXOO-----OOO------------------ X;,1,50,6,8,-2,95,-4,0,64,2.75,0.25,1.75,9.0,9.75,1614191,-62.61936474679886,-8.523228663770272,-64.0,-4.0,-64.0,64.0,0.9911664728647354
-----------X-------XOO----XXXO-----XOO-----OOO------------------ X;,1,50,6,8,-2,67,-4,0,64,3.2499999999999996,0.25,2.25,8.0,11.25,5321182,-63.58349817766053,-5.312812829931395,-64.0,-4.0,-64.0,64.0,0.9968052210956138
------------------O-X-X----OXX----XOOO----OOOO------------------ X;,1,50,5,9,-4,12,-6,0,64,3.375,0.625,3.375,6.0,10.875,3106713,-63.80586169369362,-4.320162821605987,-64.0,-4.0,-64.0,64.0,0.9751692544499605
-------------------X-O----XXO----XXOOX----OOOO------------------ X;,1,50,6,8,-2,3,-8,0,64,3.875,2.125,1.875,6.0,10.875,1217981,-63.63803704655491,-5.041162382664425,-64.0,-4.0,-64.0,64.0,0.995059857255573
-------------------X------OXX----OOOOX---XOOOO------------------ X;,1,50,5,9,-4,4,-8,0,64,1.7500000000000002,0.25,0.75,11.0,9.75,1787187,-63.15985288612775,-7.069327384319604,-64.0,-4.0,-64.0,64.0,0.9948326616073192
------------------OX-----OOOX----XOXXX----OOO------------------- X;,1,50,6,8,-2,14,-10,0,64,2.5000000000000004,0.0,2.0,9.0,10.0,976511,-62.71320241144237,-7.31563085310867,-64.0,-4.0,-64.0,64.0,0.9922714644279481
--------------------XXX----XOOO---XXXO-----OOO------------------ X;,1,50,7,7,0,1,-12,0,64,1.7500000000000002,0.25,2.75,9.0,9.75,1123953,-63.38982235022283,-5.1692152607804775,-64.0,-4.0,-64.0,64.0,0.9967436360773093
-------------OX-----XO-----XXO----XXXO-----OOO------------------ X;,1,50,7,7,0,0,-22,0,64,5.875000000000001,0.125,0.875,7.0,9.875,3016141,-63.13797498193884,-8.114006938004556,-64.0,-4.0,-64.0,64.0,0.9966039386089709
---------X--------XOOO----OXOX----OOX-----OX-------------------- X;,1,50,6,8,-2,0,-28,0,64,1.0,0.0,7.0,6.0,11.0,711071,-62.94329820791454,-8.475924345107591,-64.0,-4.0,-64.0,64.0,0.9976697123072098
--------------------XX-----XXX----XOXOO---OOOO------------------ X;,1,50,7,7,0,45,-6,0,64,1.375,0.625,3.375,8.0,10.875,2287640,-63.3437188543652,-5.651145722229022,-64.0,-4.0,-64.0,64.0,0.994472469444493
------------------XX-O----XOO----XOOOX--X---OO------------------ X;,1,50,6,8,-2,1,-6,0,64,4.625,0.375,1.625,6.0,9.625,1130368,-63.75518680642056,-4.260655821820858,-64.0,-4.0,-64.0,64.0,0.9949405857207564
-----------O-------OXX----OOOX---XOXX-----OX-------------------- X;,1,50,7,7,0,1,-8,0,64,0.0,1.0,2.5,10.0,10.0,1104835,-63.05612150230577,-6.0791032145071435,-64.0,-4.0,-64.0,64.0,0.9930433051089077
------------------XX------XOX----OXOOX----XOOO------------------ X;,1,50,7,7,0,4,-10,0,64,1.875,2.125,1.875,8.0,10.875,1175843,-63.22875928163879,-6.069310273565433,-64.0,-4.0,-64.0,64.0,0.9906169446091018
-----------O-------OXX---X-OOX---OOOX-----OX-------------------- X;,1,50,6,8,-2,0,-10,0,64,1.2500000000000002,0.25,2.25,8.0,9.25,491057,-63.05585095009337,-7.166982651708458,-64.0,-4.0,-64.0,64.0,0.9937461435230533
---X-------X-------XXX-----XOX----OXO-----OOO------------------- X;,1,50,8,6,2,1,-16,0,64,0.25,0.25,0.25,13.0,9.75,919891,-63.37895141924424,-5.7063684719167815,-64.0,-4.0,-64.0,64.0,0.9966604739039734
--------------------XXX----XOX----XOX-----XOO------OO----------- X;,1,50,8,6,2,0,-16,0,64,1.7500000000000002,1.75,6.25,4.0,8.75,103787,-62.56723867150992,-7.250349273030341,-64.0,-4.0,-64.0,64.0,0.9940647672637228
-------------OX-----XO-----XXO----XXO-----XXO-------O----------- X;,1,50,8,6,2,0,-20,0,64,1.6249999999999998,0.375,2.625,8.0,8.625,1468161,-63.30521039586258,-7.309019242440032,-64.0,-4.0,-64.0,64.0,0.9977311752593891
------------X-----XOOO----XXOX----OOO------XO------------------- X;,1,50,6,8,-2,87,-6,0,64,1.2500000000000002,1.25,2.25,8.0,11.25,2352592,-63.650129304188745,-4.426882774403722,-64.0,-4.0,-64.0,64.0,0.9954726531417263
-----------O-------OXX----OOXX---XOXX-----OX-------------------- X;,1,50,8,6,2,0,-12,0,64,1.0,1.0,3.5,8.0,10.0,1459847,-63.15847414146825,-6.152135806012548,-64.0,-4.0,-64.0,64.0,0.9949337156565037
------------------OX-----XOXX-----OOOX---XOOO------------------- X;,1,50,6,8,-2,0,-12,0,64,1.7500000000000002,0.25,0.75,11.0,9.75,753123,-61.95947673885939,-8.449030238088598,-64.0,-4.0,-64.0,64.0,0.9871906713777165
--------------------XXX----XXOX---XOOO-----OOO------------------ X;,1,50,7,7,0,0,-14,0,64,0.7499999999999999,0.25,1.75,11.0,9.75,446353,-62.6371392149263,-6.089586045125719,-64.0,-4.0,-64.0,64.0,0.9950510022336582
--------------------X------XXXX---XXOX----OOO------O------O----- X;,1,50,8,6,2,0,-14,0,64,1.875,2.625,1.875,7.0,9.375,378934,-62.43475117038851,-7.687734539524033,-64.0,-4.0,-64.0,64.0,0.9913678899227834
-----------X-------XX-----OOOX---XOOO-----OOO------------------- X;,1,50,5,9,-4,0,-16,0,64,4.875000000000001,0.125,0.375,8.0,10.875,647224,-63.113370332373336,-6.643897630495779,-64.0,-4.0,-64.0,64.0,0.9953725448994475
------------X------OOX----XOOXX---OOO------XO------------------- X;,1,50,6,8,-2,0,-18,0,64,4.875000000000001,1.125,0.875,6.0,10.875,640876,-63.4952549323114,-5.2869681498449,-64.0,-4.0,-64.0,64.0,0.9977952053127283
-----------XXO-----XOO----XOXX----OXX------X-------------------- X;,1,50,9,5,4,0,-18,0,64,2.3749999999999996,0.625,1.875,9.0,9.375,284576,-60.264843135050036,-11.841230462161251,-64.0,-4.0,-64.0,64.0,0.9880348307657708
------------X-X----OOX----XOOX----OOO------XO------------------- X;,1,50,6,8,-2,0,-30,0,64,4.750000000000001,1.25,0.75,6.0,10.75,751915,-62.91354873888671,-7.046877639094845,-64.0,-4.0,-64.0,64.0,0.9962575557077595
-------------------XX-----OXX----OOOOX----XOOO------------------ X;,1,50,6,8,-2,5,-8,0,64,0.25,0.25,1.25,12.0,11.25,2261490,-63.2572476553069,-6.145905133341293,-64.0,-4.0,-64.0,64.0,0.9947136622315376
------------------XX------XOX----OOOOX----XOOO------------------ X;,1,50,6,8,-2,4,-12,0,64,1.375,0.625,3.375,8.0,10.875,1107732,-63.17842312039374,-6.128902117118581,-64.0,-4.0,-64.0,64.0,0.9946358866585059
-------------------X-O----XOO----XXOOX----XOOO------------------ X;,1,50,6,8,-2,0,-12,0,64,4.875000000000001,2.125,0.875,6.0,10.875,1145490,-63.630978882399674,-4.976406603287676,-64.0,-4.0,-64.0,64.0,0.9977511807174222
------------------OX------XOX----XXOXX----XOO------O------------ X;,1,50,8,6,2,2,-14,0,64,0.5000000000000001,2.5,1.5,9.0,10.0,994514,-62.685940067208705,-7.487056994672775,-64.0,-4.0,-64.0,64.0,0.9935717345356626
-------------X----XOOX----XOOX----OOO------XO------------------- X;,1,50,6,8,-2,1,-14,0,64,5.25,1.25,0.25,6.0,11.25,991268,-63.40308271829616,-5.206736220678969,-64.0,-4.0,-64.0,64.0,0.9907986538453778
------------------OX-----XXXX-----XOOX----XOO------O------------ X;,1,50,8,6,2,1,-16,0,64,0.5000000000000001,2.5,2.0,9.0,10.0,1292412,-62.96325243033955,-6.475768562965989,-64.0,-4.0,-64.0,64.0,0.9951331309210995
------------------XXXXX---XOOX----OOOO-----X-------------------- X;,1,50,8,6,2,0,-16,0,64,6.25,1.25,0.25,6.0,11.25,404311,-63.04078048828748,-5.614482415764102,-64.0,-4.0,-64.0,64.0,0.9961242706728236
-----------X-------XXX----XXOO-----XOO-----OOO------------------ X;,1,50,7,7,0,0,-18,0,64,0.25,0.25,1.25,12.0,11.25,812873,-62.94529649773089,-6.716188137630356,-64.0,-4.0,-64.0,64.0,0.9972591044357483
------------X------XX-----XXO-----XOOO----OOOO------------------ X;,1,50,6,8,-2,3,-8,0,64,2.25,0.25,1.25,10.0,11.25,2454148,-63.52264207374616,-5.273062178809102,-64.0,-4.0,-64.0,64.0,0.9968587876525784
-----------X-------XX----XOOOX----OOO-----OX-O------------------ X;,1,50,6,8,-2,0,-14,0,64,5.999999999999999,2.0,1.0,5.0,10.0,458822,-63.56285661977848,-5.194805392941054,-64.0,-4.0,-64.0,64.0,0.995061265588834
-------------X-----OXX---XXOOX----XOO------X-O------------------ X;,1,50,8,6,2,0,-14,0,64,6.25,0.75,3.25,3.0,9.75,524039,-63.391455597770396,-5.3991534981175064,-64.0,-4.0,-64.0,64.0,0.9768223357421871
-------------------XOO----XXOX---XXOOX------OO------------------ X;,1,50,7,7,0,0,-14,0,64,3.2499999999999996,3.25,1.25,6.0,11.25,1537216,-63.60176839168991,-5.170644854073858,-64.0,-4.0,-64.0,64.0,0.9980106894541821
-----------X-------XX-----XXXX----OOO-----OOOO------------------ X;,1,50,7,7,0,0,-16,0,64,1.2500000000000002,0.25,0.25,12.0,11.25,964707,-63.12154571284338,-7.235375093163002,-64.0,-4.0,-64.0,64.0,0.9975132345883257
-----------O-----XXOXX----OOO------OOX-----XO------------------- X;,1,50,6,8,-2,3,-8,0,64,5.25,0.25,2.25,4.0,9.75,2213040,-63.53326103459494,-5.027280121461881,-64.0,-4.0,-64.0,64.0,0.9966579908180603
-----------------XXXO-----XOO----X-OOX----OOO------------------- X;,1,50,6,8,-2,1,-8,0,64,4.25,2.25,3.25,4.0,9.75,866682,-63.52004656840687,-4.840664742085332,-64.0,-4.0,-64.0,64.0,0.9902651722315682
-----------------XXXO-----OOOX-----OOX-----XOO------------------ X;,1,50,6,8,-2,0,-10,0,64,4.25,0.25,0.25,9.0,11.25,1803502,-63.69671561218119,-4.795106409640799,-64.0,-4.0,-64.0,64.0,0.9978408673791324
-----------X-------XX------OOX----OOO----XXOO------O------------ X;,1,50,6,8,-2,0,-14,0,64,4.375,0.125,0.875,8.0,9.375,607778,-62.62813724748181,-8.1478105492466,-64.0,-4.0,-64.0,64.0,0.9945588685342346
-------------------OXXX----OOX----XXOX-----OOO------------------ X;,1,50,7,7,0,0,-14,0,64,1.2500000000000002,3.25,3.25,6.0,11.25,1742001,-63.60859723961123,-4.882867461040493,-64.0,-4.0,-64.0,64.0,0.998033870244621
-------------X-----OOX----XOOX----XXOO----XX-------------------- X;,1,50,8,6,2,0,-16,0,64,2.25,1.25,3.25,7.0,11.25,203208,-62.72993681351128,-6.1987667808354,-64.0,-4.0,-64.0,64.0,0.987928624857289
-------------X-----XX------XOX----XOO----XXOO------O------------ X;,1,50,8,6,2,0,-20,0,64,2.3749999999999996,0.625,2.375,8.0,9.375,346135,-63.07382957516576,-6.453649587588657,-64.0,-4.0,-64.0,64.0,0.9972236266196716
------------------OX------OOX----XOXOX----XOO-------O----------- X;,1,50,6,8,-2,0,-10,0,64,0.5000000000000001,0.5,6.0,7.0,10.0,712050,-63.255011586265006,-5.740851063829787,-64.0,-4.0,-64.0,64.0,0.9950017554946984
-------------------XXX---XOOOX----OOO-----OX-O------------------ X;,1,50,6,8,-2,0,-12,0,64,4.875000000000001,2.125,0.875,6.0,10.875,583586,-63.4698553426573,-5.178295915254992,-64.0,-4.0,-64.0,64.0,0.9957538391942233
------------------OX-----XOXX----XOOOX----OOO------------------- X;,1,50,6,8,-2,0,-14,0,64,2.0000000000000004,0.5,0.5,11.0,10.0,944529,-62.754441631755085,-6.8970587456817105,-64.0,-4.0,-64.0,64.0,0.9927498255744397
-----------------XXX------OOX----XOOOX----OOO------------------- X;,1,50,6,8,-2,0,-14,0,64,1.7500000000000002,0.25,2.75,9.0,9.75,243522,-62.73395832820033,-6.404780676899828,-64.0,-4.0,-64.0,64.0,0.9927152372270267
------------X------XX----XOOXX----OOO-----OX-O------------------ X;,1,50,7,7,0,0,-18,0,64,2.9999999999999996,2.0,1.5,7.0,10.0,379060,-63.42584551258376,-5.475552682952567,-64.0,-4.0,-64.0,64.0,0.9973196855379096
-----------X-------XX-----XXXX----OOOO-----OOO------------------ X;,1,50,7,7,0,4,-14,0,64,0.37499999999999994,0.125,0.375,13.0,12.375,1668428,-63.491017892291424,-6.183892862023414,-64.0,-4.0,-64.0,64.0,0.9973364148767583
------------X------XX------OXX---XOXX----OOOO------------------- X;,1,50,8,6,2,0,-14,0,64,1.875,0.125,1.875,10.0,9.375,642091,-62.64897498952641,-7.981770496705296,-64.0,-4.0,-64.0,64.0,0.9967465670753834
-------------------X--O--XXXXOX---XOOO------OO------------------ X;,1,50,7,7,0,0,-14,0,64,0.875,0.625,0.375,12.0,9.375,817759,-63.045995213748796,-7.28258080926043,-64.0,-4.0,-64.0,64.0,0.9943296252318837
-----------X-------XXX----XXX-----OOOO-----OOO------------------ X;,1,50,7,7,0,2,-16,0,64,0.25,0.25,1.25,12.0,11.25,1233770,-63.4914497839954,-5.351623073992721,-64.0,-4.0,-64.0,64.0,0.9968097781596246
------------------O-X-----OOXXX---XOOX---XOO-------------------- X;,1,50,7,7,0,0,-22,0,64,2.75,0.75,1.75,8.0,9.75,433598,-63.132099317801284,-6.673033547202708,-64.0,-4.0,-64.0,64.0,0.9969879934870548
------------X------XX-----OXXX----OOX----XOOO------------------- X;,1,50,8,6,2,0,-24,0,64,1.6249999999999998,0.375,1.625,10.0,10.625,434542,-62.40492518559771,-8.242229749943618,-64.0,-4.0,-64.0,64.0,0.9962742381633997
--------------------X-----OXXXX--XXOXX----OOO------------------- X;,1,50,9,5,4,0,-24,0,64,1.875,1.625,2.875,7.0,10.875,555974,-62.56150827196955,-7.550428617165551,-64.0,-4.0,-64.0,64.0,0.9973577901124873
--------------X----OOX----XOOO---XXXXO-----X-------------------- X;,1,50,8,6,2,0,-38,0,64,0.7499999999999999,0.25,0.75,12.0,10.75,363551,-60.52523579910384,-10.700710491787948,-64.0,-4.0,-64.0,64.0,0.9979150105487263
-----------OX------XO-----XXOO----OXOX-----XO------------------- X;,1,50,7,7,0,203,-4,0,64,0.0,0.0,2.5,9.0,12.5,6453975,-63.68789962774879,-4.430102378766574,-64.0,-4.0,-64.0,64.0,0.9966732130198831
------------X------XX-----OOOOX---XXOOO----O-------------------- X;,1,50,6,8,-2,75,-4,0,64,1.2500000000000002,1.25,2.25,8.0,11.25,2076704,-63.62616964189408,-4.3251551496987535,-64.0,-4.0,-64.0,64.0,0.9962767924557375
-------------------XXX----OOOOX---XXOOO----O-------------------- X;,1,50,6,8,-2,34,-6,0,64,1.375,1.125,1.875,8.0,10.875,2437939,-63.48947656196484,-4.826147413860642,-64.0,-4.0,-64.0,64.0,0.9936626798291508
-------------X-----XX-----OOOOX---XXOOO----O-------------------- X;,1,50,6,8,-2,7,-6,0,64,1.2500000000000002,1.25,1.75,8.0,10.75,1868263,-63.58665348508213,-4.6086605579621285,-64.0,-4.0,-64.0,64.0,0.9795954852180876
-----------OX------OO------OOO---XXXOX-----XO------------------- X;,1,50,6,8,-2,7,-8,0,64,1.2500000000000002,1.25,2.25,8.0,11.25,1583151,-63.38145445380763,-5.337675938681781,-64.0,-4.0,-64.0,64.0,0.9956832923707214
-----------OX------OO----X-OOO----XXOX-----XO------------------- X;,1,50,6,8,-2,3,-8,0,64,1.2500000000000002,1.25,1.25,8.0,11.25,1798645,-63.48728737466259,-5.160988410720292,-64.0,-4.0,-64.0,64.0,0.9966825026617259
-------------------OX----XOOX----OOOXX----XOO------------------- X;,1,50,6,8,-2,11,-12,0,64,1.375,0.125,0.875,10.0,10.875,1248906,-62.53189591530508,-7.864555058587276,-64.0,-4.0,-64.0,64.0,0.9908287733424292
-------------------OX----XOXX----XOOXX---XO-O------------------- X;,1,50,8,6,2,1,-16,0,64,2.3749999999999996,0.625,1.875,7.0,9.375,184534,-60.54336870170267,-11.744318120238004,-64.0,-4.0,-64.0,64.0,0.9839866907995275
-------------------OX----XOOX---XXXOXX-----OO------------------- X;,1,50,8,6,2,2,-18,0,64,0.7499999999999999,1.75,1.25,10.0,10.75,339475,-61.60927314235216,-10.180826275867148,-64.0,-4.0,-64.0,64.0,0.9901200382944252
-----------OX-----XXX-----XOX-----XOOX------OO------------------ X;,1,50,8,6,2,5,-10,0,64,2.9999999999999996,0.5,1.5,8.0,10.0,986020,-63.389934281251904,-5.637061114379018,-64.0,-4.0,-64.0,64.0,0.9965568649723129
----------XO------XXX-----XOX-----XOOX------OO------------------ X;,1,50,8,6,2,6,-10,0,64,3.2499999999999996,0.75,1.25,8.0,9.75,1477214,-63.55150573985895,-5.2142330088937685,-64.0,-4.0,-64.0,64.0,0.9977884043882606
-----------O------XOX-----XOX-----XOXX----XOO------------------- X;,1,50,8,6,2,5,-14,0,64,1.2500000000000002,3.25,0.25,8.0,11.25,1674029,-63.36267591541126,-5.489101443284436,-64.0,-4.0,-64.0,64.0,0.9904756727631361
-------------------X-----XXXXX-----OOOO----XOO------O----------- X;,1,50,7,7,0,0,-14,0,64,0.875,0.125,0.875,12.0,9.875,999453,-62.53635538639636,-8.706018191950998,-64.0,-4.0,-64.0,64.0,0.9962599541949446
-------------------XXX---X-OOOO---XOXX----OX-------------------- X;,1,50,8,6,2,1,-14,0,64,2.9999999999999996,0.5,1.5,8.0,10.0,838291,-63.55411426342404,-5.0014780070405145,-64.0,-4.0,-64.0,64.0,0.9973040388122979
----X------X------XOX-----XOX-----XOOX------OO------------------ X;,1,50,8,6,2,1,-16,0,64,1.7500000000000002,2.25,1.75,6.0,9.75,517291,-63.2859879642213,-5.993137325025953,-64.0,-4.0,-64.0,64.0,0.9976260944033436
--X--------X------XOX-----XOX-----XOOX------OO------------------ X;,1,50,8,6,2,0,-16,0,64,1.7500000000000002,2.25,1.75,6.0,9.75,534941,-63.376650882994575,-5.7889094311335265,-64.0,-4.0,-64.0,64.0,0.9971753894354705
-------------------XXX-----XOOO---XOXX---XOX-------------------- X;,1,50,9,5,4,0,-24,0,64,2.25,0.75,4.25,6.0,9.75,280582,-63.30536527646107,-5.562267002159796,-64.0,-4.0,-64.0,64.0,0.9979079199663556
-------------X----OOXX----XOOX-----XOO-----XO------------------- X;,1,50,7,7,0,2,-12,0,64,1.2500000000000002,0.25,5.25,6.0,11.25,2812135,-63.602201174552434,-4.946694948855585,-64.0,-4.0,-64.0,64.0,0.9769790568375984
------------------XX------XXXX----XOOO----XOO------O------------ X;,1,50,8,6,2,1,-12,0,64,1.2500000000000002,1.25,0.25,10.0,11.25,1360088,-63.00525333654881,-6.703608148884484,-64.0,-4.0,-64.0,64.0,0.9950429678079654
------------X------XOX----XOOX----OOOO-----XO------------------- X;,1,50,6,8,-2,2,-14,0,64,4.375,0.125,0.375,9.0,12.375,1007679,-63.47701003990358,-5.365980634706092,-64.0,-4.0,-64.0,64.0,0.9921631789488518
----------X--------XX-----OOX-----XOOX----XOOO------------------ X;,1,50,7,7,0,7,-16,0,64,1.2500000000000002,0.25,2.25,10.0,11.25,961141,-63.38964314288955,-5.773763682955987,-64.0,-4.0,-64.0,64.0,0.9972574263297477
-----------X-------XXX----XXOX----OOOO-----XO------------------- X;,1,50,8,6,2,4,-16,0,64,1.875,0.625,1.875,9.0,12.375,749473,-63.32070268041677,-5.8209074909970075,-64.0,-4.0,-64.0,64.0,0.9969538595786639
-------------------OX----XXXXO----XOOX----XOO------------------- X;,1,50,8,6,2,19,-18,0,64,0.37499999999999994,2.125,0.375,9.0,12.375,1246678,-63.42347262083714,-5.197220132223397,-64.0,-4.0,-64.0,64.0,0.9976104495306727
------------------XXX-----XXX----OOOXX----XOO------------------- X;,1,50,9,5,4,0,-18,0,64,2.25,0.25,2.25,8.0,11.25,489356,-62.03616998667636,-7.975506584163677,-64.0,-4.0,-64.0,64.0,0.983537547307073
----------X--------XX-----OXX-----XXOX-----OOO----O------------- X;,1,50,8,6,2,1,-12,0,64,1.375,0.125,1.875,10.0,10.875,1305054,-63.55491190402849,-5.85253943514981,-64.0,-4.0,-64.0,64.0,0.9970200466800607
----------X-------XXX-----XOX-----XOOOO-----OO------------------ X;,1,50,7,7,0,0,-14,0,64,1.7500000000000002,0.25,1.75,10.0,9.75,318400,-62.63913002512563,-7.588815954773869,-64.0,-4.0,-64.0,64.0,0.9952324120603016
-------------------XO-X----OOX----OOOX---XXXO------------------- X;,1,50,7,7,0,0,-16,0,64,4.875000000000001,0.625,0.875,7.0,10.875,1112890,-63.63830117981112,-4.927350411990403,-64.0,-4.0,-64.0,64.0,0.9972620834044694
-------------------XO-X----OOX---XXXOX----OX-O------------------ X;,1,50,8,6,2,0,-16,0,64,4.25,0.75,1.25,7.0,9.75,1050310,-63.616214260551644,-5.024027191971894,-64.0,-4.0,-64.0,64.0,0.996182079576506
----------X--------XX-----XOX----XXOOOO-----OO------------------ X;,1,50,7,7,0,0,-16,0,64,1.875,0.125,2.375,9.0,9.375,418220,-63.438302807135,-5.856035101142939,-64.0,-4.0,-64.0,64.0,0.9977571613026637
-------------------XO-X--X-OOX---OOOXX----OX-------------------- X;,1,50,7,7,0,0,-18,0,64,1.875,0.125,2.375,9.0,9.375,421572,-63.03175969941078,-6.402581290977579,-64.0,-4.0,-64.0,64.0,0.9956496161984193
-------------X-----XX------XXXX---XOOOO---OO-------------------- X;,1,50,8,6,2,0,-18,0,64,0.875,0.125,1.375,9.0,9.375,941664,-63.320719492302985,-5.9239134128521425,-64.0,-4.0,-64.0,64.0,0.9951405172120842
-----------X------OOOX----XOOX-----XOO-----XO------------------- X;,1,50,6,8,-2,2,-14,0,64,1.2500000000000002,1.25,3.25,8.0,11.25,828129,-63.482062577207174,-4.955079462257692,-64.0,-4.0,-64.0,64.0,0.9958363974694764
-----------------XXX-----XXOXX-----OOO-----OO------O------------ X;,1,50,7,7,0,0,-14,0,64,1.375,1.125,1.875,9.0,9.375,796424,-63.506274296103584,-5.31186528783663,-64.0,-4.0,-64.0,64.0,0.997596757506052
-----------X------XXO----XXOOX-----OOO-----XO------------------- X;,1,50,7,7,0,1,-16,0,64,4.875000000000001,0.125,0.875,8.0,10.875,246788,-63.5386323484124,-5.109802745676451,-64.0,-4.0,-64.0,64.0,0.9937274097606043
----------X-------XX-----XXOXX-----OOO----OOO------------------- X;,1,50,7,7,0,0,-16,0,64,1.2500000000000002,0.75,2.25,9.0,9.75,727998,-63.40899837636917,-5.7836834716578895,-64.0,-4.0,-64.0,64.0,0.9980013681356268
-------------------XO-X---OOOX---XOOXX----OX-------------------- X;,1,50,7,7,0,0,-16,0,64,1.6249999999999998,0.375,1.625,10.0,10.625,698911,-63.34059415290359,-5.715892295299401,-64.0,-4.0,-64.0,64.0,0.9934383633967702
-------------------XXX----OOOX---XOOXX----OX-------------------- X;,1,50,8,6,2,0,-18,0,64,2.25,1.25,1.25,9.0,11.25,91853,-61.45105766823076,-8.58347577106899,-64.0,-4.0,-64.0,64.0,0.9927710581037091
------------X------XX------OXO---XXOXX----OOO------------------- X;,1,50,8,6,2,1,-20,0,64,0.875,0.125,0.875,12.0,10.875,868389,-63.4641664046873,-5.380247792176087,-64.0,-4.0,-64.0,64.0,0.9980412004297613
------------X-------XO----XXOX----XOX----X-OOO------------------ X;,1,50,8,6,2,0,-22,0,64,1.7500000000000002,2.25,4.75,5.0,9.75,598486,-63.268746470259956,-6.534353351623931,-64.0,-4.0,-64.0,64.0,0.9980350417553627
-----------OX-----OO-X----XOXX-----XOO-----XO------------------- X;,1,50,7,7,0,3,-16,0,64,0.0,0.5,7.5,5.0,10.0,320937,-62.7335115614591,-6.3778218154965,-64.0,-4.0,-64.0,64.0,0.9879290951183566
----------X-------XX------XOXX---X-OOO-----OO------O------------ X;,1,50,7,7,0,0,-16,0,64,1.375,1.125,1.375,9.0,9.375,709063,-63.48759278089535,-5.180367611904725,-64.0,-4.0,-64.0,64.0,0.9979917158277897
-----------------XXX------XOXX---X-OOO----OOO------------------- X;,1,50,7,7,0,0,-16,0,64,1.2500000000000002,0.75,2.25,9.0,9.75,465813,-62.98974051819078,-6.226464267849974,-64.0,-4.0,-64.0,64.0,0.9905240944327445
-------------------XXX---XOOOX----OOXX----OX-------------------- X;,1,50,8,6,2,0,-20,0,64,2.25,1.25,1.25,9.0,11.25,50182,-60.442967597943486,-10.23420748475549,-64.0,-4.0,-64.0,64.0,0.9926666932366187
-------------X-----XX----X-XOO---OOOXX----OX-------------------- X;,1,50,8,6,2,0,-22,0,64,0.875,2.125,5.375,3.0,9.375,251404,-63.11785810886064,-6.6593689837870516,-64.0,-4.0,-64.0,64.0,0.9974622519928084
------------X------XXO---X-OOO----XOXX----OX-------------------- X;,1,50,8,6,2,0,-22,0,64,4.499999999999999,0.5,2.0,6.0,10.0,294261,-63.347718521992384,-5.6092210656526005,-64.0,-4.0,-64.0,64.0,0.9982124712415169
----------O-X-----XOO-----XXOX----XOOX------O------------------- X;,1,50,7,7,0,5,-6,0,64,1.6249999999999998,6.375,1.625,4.0,10.625,3009536,-63.43281788288959,-5.177490151305716,-64.0,-4.0,-64.0,64.0,0.9937026837359646
--------------------OX----XOXX---OOOOX----XOO------------------- X;,1,50,6,8,-2,34,-8,0,64,2.25,3.25,3.25,5.0,11.25,2452353,-63.35883129386349,-5.6855982805085565,-64.0,-4.0,-64.0,64.0,0.9951556729394178
-------------------OOX----XOXX----XXOX-----OOO------------------ X;,1,50,7,7,0,3,-8,0,64,0.0,8.0,5.0,1.0,13.0,2663302,-63.607021659578976,-4.646441898064883,-64.0,-4.0,-64.0,64.0,0.9965677944146026
------------------XXXX----XOOOO---XOOX-----O-------------------- X;,1,50,7,7,0,2,-8,0,64,6.25,0.25,1.25,6.0,11.25,1748581,-63.38062749166324,-5.075788310635882,-64.0,-4.0,-64.0,64.0,0.9952664474794133
-----------X--------X-----XOOX---OOOOX----XOO------------------- X;,1,50,6,8,-2,0,-8,0,64,4.375,1.625,0.875,6.0,10.875,1699563,-63.33051378501415,-6.448841260959435,-64.0,-4.0,-64.0,64.0,0.9965402871208657
-------------X----XOX-----XXOX----XOOO------O-O----------------- X;,1,50,7,7,0,0,-8,0,64,1.375,1.625,4.875,6.0,10.875,1581381,-63.592935541782786,-4.97725469067859,-64.0,-4.0,-64.0,64.0,0.9739291163862472
----------X-------XXOO----XXOX----XOOX------O------------------- X;,1,50,8,6,2,1,-10,0,64,2.25,3.25,2.25,6.0,11.25,1250453,-63.477529343365966,-5.294832352755361,-64.0,-4.0,-64.0,64.0,0.9958902893591363
-----------X------XXX-----XXOX----XOOOO-----O------------------- X;,1,50,8,6,2,0,-14,0,64,2.3749999999999996,0.625,2.375,8.0,10.875,777800,-63.24676137824633,-6.027234507585497,-64.0,-4.0,-64.0,64.0,0.9951401388531756
-------------X-----OX-----XOOX----XOOX----XOO------------------- X;,1,50,7,7,0,0,-14,0,64,4.875000000000001,4.625,0.875,3.0,12.375,906330,-63.45803073935542,-5.287379872673309,-64.0,-4.0,-64.0,64.0,0.9969547515805501
------------X-----XXX-----XXOO----XOOO------OO------------------ X;,1,50,7,7,0,3,-8,0,64,1.2500000000000002,0.25,1.25,11.0,11.25,832813,-63.30705812709456,-5.661168833819837,-64.0,-4.0,-64.0,64.0,0.9960015033386846
------------X-----XXO-----XXOX----XOOX------OO------------------ X;,1,50,8,6,2,0,-14,0,64,2.25,3.25,1.25,7.0,11.25,758333,-63.36062257609784,-5.5106305541233205,-64.0,-4.0,-64.0,64.0,0.9963169214579874
------------------XXX-----XXXX---X-OOO-----OOO------------------ X;,1,50,8,6,2,0,-16,0,64,0.25,0.25,0.25,13.0,11.25,575330,-62.95231432395321,-7.205271757078546,-64.0,-4.0,-64.0,64.0,0.9934941685641284
-------------------XXX---XOOOX----OOO-X---OX-------------------- X;,1,50,7,7,0,1,-18,0,64,5.000000000000001,2.5,1.0,5.0,10.0,251938,-62.697512880153056,-6.633314545642182,-64.0,-4.0,-64.0,64.0,0.9937484619231716
-------------------XXX----OOOX----XOO-X--XXX-------------------- X;,1,50,9,5,4,0,-22,0,64,7.249999999999999,0.75,3.25,2.0,9.75,130720,-62.7531135250918,-5.919652692778458,-64.0,-4.0,-64.0,64.0,0.9969782741738066
------------O-X-----OX---X-OOO----XXO-----XXX------------------- X;,1,50,8,6,2,0,-34,0,64,2.3749999999999996,0.625,2.875,8.0,8.875,215913,-61.52337283998648,-11.874866265579191,-64.0,-4.0,-64.0,64.0,0.9953962938776266
-------------X------XX-----XXX----XXXOO----OOO------------------ X;,1,50,9,5,4,0,-14,0,64,4.25,0.75,3.25,5.0,9.75,498054,-61.28802499327382,-9.25934135655973,-64.0,-4.0,-64.0,64.0,0.9933220092600401
----------X-------XX------XOX----XOOOX--X---OO------------------ X;,1,50,8,6,2,0,-16,0,64,1.4999999999999998,0.5,2.5,8.0,8.5,338886,-63.35852469562035,-5.709386047225321,-64.0,-4.0,-64.0,64.0,0.9914041890193163
----------X-------XX------XOX----OOXXX---OX-O------------------- X;,1,50,9,5,4,1,-18,0,64,2.25,0.75,2.75,7.0,8.75,131081,-62.23001045155286,-8.31151730609318,-64.0,-4.0,-64.0,64.0,0.9965822659271748
--------------------X------XXX----XOO-X--XXOO------OO----------- X;,1,50,8,6,2,0,-18,0,64,0.6250000000000001,2.375,1.625,9.0,8.625,145224,-61.90039525147358,-8.724487687985457,-64.0,-4.0,-64.0,64.0,0.9930314548559467
--------------------X------XXXX---XOO----XXOO------OO----------- X;,1,50,8,6,2,0,-20,0,64,0.6250000000000001,2.375,1.625,9.0,8.625,144520,-61.634521173539994,-8.586583171879324,-64.0,-4.0,-64.0,64.0,0.9929698311652366
-----------O-------OXXX----XOX----XOX----XOX-------------------- X;,1,50,9,5,4,0,-24,0,64,1.7500000000000002,0.75,7.75,3.0,8.75,75376,-62.772487263850564,-5.921792082360433,-64.0,-4.0,-64.0,64.0,0.9981293780513691
----------X-------XX------XOX---XXXXOX------OO------------------ X;,1,50,10,4,6,0,-24,0,64,1.4999999999999998,1.5,4.5,6.0,8.5,119462,-62.74324889923155,-6.496509350253637,-64.0,-4.0,-64.0,64.0,0.9961075488439839
--------------------X-----XXXXX---XXOO----XOO------O------------ X;,1,50,9,5,4,0,-16,0,64,1.375,1.625,2.375,8.0,10.875,1398024,-63.49346792329745,-5.464255263142836,-64.0,-4.0,-64.0,64.0,0.9972625648772839
------------X-----O-X-----OOXX---XOOO---X-XO-------------------- X;,1,50,7,7,0,0,-18,0,64,1.7500000000000002,0.25,2.75,9.0,8.75,472197,-62.208529490869275,-9.3394303648689,-64.0,-4.0,-64.0,64.0,0.9939813255908021
------------X-------XO--X-XOOX---XOOO-----XO-------------------- X;,1,50,7,7,0,1,-18,0,64,4.750000000000001,0.25,0.75,8.0,8.75,779229,-63.20032493657192,-6.040255175307901,-64.0,-4.0,-64.0,64.0,0.997217762685937
------------X-----O-X-----XOXX---OXOO----XXO-------------------- X;,1,50,8,6,2,0,-18,0,64,2.25,1.75,2.25,7.0,8.75,932376,-62.889883480484265,-6.862947995229392,-64.0,-4.0,-64.0,64.0,0.9957495688434709
--------------------X-----XXXX----XXOOX---XOO------O------------ X;,1,50,9,5,4,1,-16,0,64,1.375,1.625,2.875,8.0,10.875,706299,-63.196106747992,-6.255533421398019,-64.0,-4.0,-64.0,64.0,0.996255127077909
-----------X--------XO----XOOX---XOOO---X-XO-------------------- X;,1,50,7,7,0,0,-18,0,64,4.750000000000001,0.25,0.25,8.0,8.75,638101,-63.27053710932909,-5.697585491951901,-64.0,-4.0,-64.0,64.0,0.9980896441159002
-----------X--------XO--X-XOOX---XOOO-----XO-------------------- X;,1,50,7,7,0,0,-18,0,64,4.750000000000001,0.25,0.25,8.0,8.75,688578,-63.41178631905173,-5.8900502194377395,-64.0,-4.0,-64.0,64.0,0.9982892279451275
-----------X-------OX-----OOXX---OXOO----XXO-------------------- X;,1,50,7,7,0,0,-18,0,64,1.375,1.125,3.875,7.0,9.375,1160336,-62.946136291556925,-6.58816928889563,-64.0,-4.0,-64.0,64.0,0.9957900125480895
------------O-----X-OOX----XOX----OOX-----XXX------------------- X;,1,50,8,6,2,0,-18,0,64,0.6250000000000001,0.375,4.625,8.0,9.625,312665,-62.56088785121456,-8.671082468456655,-64.0,-4.0,-64.0,64.0,0.9957270561143716
-------------X-----OXXX---XOOX----XOO-----XO-------------------- X;,1,50,8,6,2,0,-18,0,64,5.999999999999999,2.0,2.0,4.0,10.0,319558,-63.207173658615964,-5.534050156779051,-64.0,-4.0,-64.0,64.0,0.9964357018131293
-------------X------XO----XXOX----XXOX----XOO------------------- X;,1,50,9,5,4,0,-18,0,64,1.2500000000000002,3.25,0.25,9.0,11.25,594339,-63.22599223675377,-6.230035383846593,-64.0,-4.0,-64.0,64.0,0.9951879314667219
-------------------XXX-----XOX----XOO-X--XOOO------------------- X;,1,50,8,6,2,0,-22,0,64,1.7500000000000002,0.75,1.75,9.0,9.75,172373,-61.667859815632376,-8.958491179012954,-64.0,-4.0,-64.0,64.0,0.9942798466117083
-------------------XXX----OXXXX---OOO----XOX-------------------- X;,1,50,9,5,4,0,-24,0,64,0.7499999999999999,2.25,0.75,10.0,9.75,188717,-62.43882109189951,-7.960909721964635,-64.0,-4.0,-64.0,64.0,0.9946957613781482
-------------------XXXX----XOX---OOOX----XOX-------------------- X;,1,50,9,5,4,0,-24,0,64,1.7500000000000002,1.75,4.75,5.0,8.75,9364,-60.222020504058094,-9.209205467748825,-64.0,-4.0,-64.0,64.0,0.9971166168304143
-------------------XXX----OXXX----OXXX---XOX-------------------- X;,1,50,11,3,8,0,-28,0,64,5.25,1.25,0.25,7.0,11.25,44426,-60.52318462161797,-11.599851438346914,-64.0,-4.0,-64.0,64.0,0.9924143519560618
------------OXX-----OX----XXOX----XXO-----XO-------------------- X;,1,50,9,5,4,0,-32,0,64,1.6249999999999998,3.375,1.625,6.0,8.625,239474,-60.89524541286319,-11.12216775098758,-64.0,-4.0,-64.0,64.0,0.9923457243792646
-------------------X-O---XXXXO-----OOO----OOOO------------------ X;,1,50,5,9,-4,11,-8,0,64,2.875,0.125,0.875,10.0,10.875,3235271,-63.75566158136366,-4.774869554977002,-64.0,-4.0,-64.0,64.0,0.9983024605975821
-------------X-----X-X---XXXOOO----OO-----OOO------------------- X;,1,50,6,8,-2,3,-8,0,64,1.2500000000000002,0.25,2.75,9.0,8.75,1151492,-63.770757417333336,-4.787301171002491,-64.0,-4.0,-64.0,64.0,0.9972305495826285
-----------X-------X-OX---XXOX-----OOO----OOO------------------- X;,1,50,6,8,-2,2,-8,0,64,2.25,0.75,2.25,8.0,9.75,2242230,-63.81988377641901,-4.313710011907788,-64.0,-4.0,-64.0,64.0,0.9957301436516325
------------X-----O-X-----OOXX----OOO-----XOOO------------------ X;,1,50,5,9,-4,3,-10,0,64,1.875,0.125,3.875,8.0,10.875,1623143,-63.68090611856133,-5.285979731915179,-64.0,-4.0,-64.0,64.0,0.9983692133102259
-----------X-------XOO----XXOXX----OOO----OX-------------------- X;,1,50,7,7,0,0,-14,0,64,2.9999999999999996,0.0,2.0,8.0,10.0,948434,-63.66257008922076,-5.041879561466586,-64.0,-4.0,-64.0,64.0,0.997883880164566
-------------X----OOOO-----XO----XXXOX-----X-O------------------ X;,1,50,7,7,0,0,-14,0,64,2.625,1.375,0.625,9.0,9.625,991150,-63.516879382535436,-5.618307017101347,-64.0,-4.0,-64.0,64.0,0.9982686777985169
--------------------X-----OXXXX--OOOO-----XOOO------------------ X;,1,50,6,8,-2,2,-10,0,64,0.5000000000000001,0.0,1.5,12.0,10.0,2894305,-63.56161047298056,-5.683006110275178,-64.0,-4.0,-64.0,64.0,0.9948737261622393
------------X-----O-X-----OOXX---XXOX------OO------O------------ X;,1,50,7,7,0,1,-12,0,64,0.37499999999999994,0.625,2.375,10.0,9.875,1516184,-63.29473203780016,-6.600902001340207,-64.0,-4.0,-64.0,64.0,0.9921315618684804
--------------------X----O-XXXX--OOOO----X-OOO------------------ X;,1,50,6,8,-2,0,-12,0,64,0.6250000000000001,0.375,0.625,12.0,8.625,702543,-63.174265489799204,-7.387835335346021,-64.0,-4.0,-64.0,64.0,0.9958707153868162
-----------X-------X-OO---XXXOX----XOO------O-------O----------- X;,1,50,7,7,0,0,-14,0,64,1.6249999999999998,0.375,1.625,10.0,8.625,627112,-62.631016469147454,-10.996208013879498,-64.0,-4.0,-64.0,64.0,0.995944902983837
------------X-----O-X-----OXXX----OOX----XOO-------O------------ X;,1,50,7,7,0,0,-20,0,64,2.25,0.25,1.25,10.0,8.75,713132,-62.49005794158725,-9.71432217317411,-64.0,-4.0,-64.0,64.0,0.9968897763667877
-----------X-OX----X-O----XXXO-----XOO------O-------O----------- X;,1,50,7,7,0,0,-30,0,64,1.7500000000000002,0.25,1.75,10.0,8.25,681437,-62.73084232291466,-9.713424718646039,-64.0,-4.0,-64.0,64.0,0.9977165900882987
--------------------X-----XXXXX--OOOO-----XOOO------------------ X;,1,50,7,7,0,4,-12,0,64,0.0,0.5,1.0,12.0,10.0,1481544,-63.08528670090122,-7.4756281284929775,-64.0,-4.0,-64.0,64.0,0.9967041140863856
------------------O-X------OXXX---XOO----XXOOO------------------ X;,1,50,7,7,0,0,-16,0,64,1.6249999999999998,1.375,4.625,6.0,9.625,952574,-63.69576326878542,-5.0280230197339,-64.0,-4.0,-64.0,64.0,0.9981366277055641
------------X----OO-X----XOXXX----OOO-----XO-------------------- X;,1,50,7,7,0,0,-18,0,64,0.7499999999999999,0.25,1.25,11.0,8.75,351548,-60.934162617907084,-12.691504431827232,-64.0,-4.0,-64.0,64.0,0.9928629945270632
------------X-----O-X----OOXXX----OOO----XXO-------------------- X;,1,50,7,7,0,1,-18,0,64,0.25,0.75,1.75,11.0,8.75,263208,-61.51377237773928,-9.416229749855628,-64.0,-4.0,-64.0,64.0,0.9926218048083645
----------X-X----OX-X-----OOXX----XOO-----XO-------------------- X;,1,50,8,6,2,0,-18,0,64,2.25,0.75,2.25,7.0,8.75,388330,-62.3387659979914,-8.662912986377565,-64.0,-4.0,-64.0,64.0,0.9946154044240723
------------X----OOOX----XOXXX----XOO----X---------------------- X;,1,50,8,6,2,1,-16,0,64,0.875,0.125,3.875,8.0,8.375,585896,-61.607094091784205,-10.164728893865123,-64.0,-4.0,-64.0,64.0,0.99389482092385
----------XOX-----XOX----XXOXX----OOO--------------------------- X;,1,50,8,6,2,2,-18,0,64,1.6249999999999998,0.375,1.625,8.0,8.625,269039,-61.01741383219533,-8.901133292942658,-64.0,-4.0,-64.0,64.0,0.9899345448057717
-----------XX-----XOX----XXOOX----OOOO-------------------------- X;,1,50,7,7,0,0,-18,0,64,5.375,0.125,0.875,7.0,9.875,347925,-63.066229790903215,-6.208521951570022,-64.0,-4.0,-64.0,64.0,0.996188833800388
-----------OX----XXOX----XXOXX----OOO--------------------------- X;,1,50,8,6,2,2,-20,0,64,1.6249999999999998,0.375,1.625,8.0,8.625,329361,-61.47323149978291,-8.988966513946703,-64.0,-4.0,-64.0,64.0,0.9915260155270357
------------X----OOOX----XOOXX----XOX------X-------------------- X;,1,50,8,6,2,2,-22,0,64,1.375,0.125,4.875,7.0,9.375,137726,-59.962977215631035,-10.941122228192208,-64.0,-4.0,-64.0,64.0,0.9953167884059655
-----------X-------XOO----XXOXX----XOO-----XO------------------- X;,1,50,8,6,2,1,-22,0,64,0.875,0.125,0.375,12.0,10.875,520736,-61.0658087783445,-11.236689992625822,-64.0,-4.0,-64.0,64.0,0.994021922816936
------------X-----OOOO---XXOXX----XXO-----X--------------------- X;,1,50,8,6,2,0,-22,0,64,0.875,3.125,4.375,5.0,9.875,504258,-62.01241031376795,-8.302654593481908,-64.0,-4.0,-64.0,64.0,0.9937373328732514
------------X-----OOX-----OOXX----XOO----XXO-------------------- X;,1,50,7,7,0,1,-16,0,64,1.2500000000000002,0.75,4.25,7.0,9.75,889369,-62.75550081012493,-7.088633626762345,-64.0,-4.0,-64.0,64.0,0.9942239947648277
-------------X----OOX-----OOOX---XXOX------O-------O------------ X;,1,50,6,8,-2,0,-16,0,64,1.375,1.125,3.375,7.0,9.375,1202254,-63.686522981000685,-5.057136844626843,-64.0,-4.0,-64.0,64.0,0.9975096776554705
------------X-----OOX-----OOXX----OXXX---XO--------------------- X;,1,50,8,6,2,0,-20,0,64,2.25,0.25,1.75,9.0,9.75,618291,-62.597021467237916,-8.126915966753518,-64.0,-4.0,-64.0,64.0,0.9967005827353139
----------O-X----XOXX-----OOXX----XOO----X---------------------- X;,1,50,8,6,2,0,-22,0,64,2.625,1.375,2.625,6.0,8.625,233491,-60.94446895169407,-11.004685405433186,-64.0,-4.0,-64.0,64.0,0.9936914056644581
-----------OX-----OOX-----XOXX---XXOO----X---------------------- X;,1,50,8,6,2,0,-22,0,64,2.625,1.375,3.625,6.0,8.625,423254,-61.77982251792068,-8.233072812070294,-64.0,-4.0,-64.0,64.0,0.9940225018546783
----------XOX-----XOX-----XOXX----XOO----X---------------------- X;,1,50,9,5,4,0,-22,0,64,2.875,1.125,2.875,6.0,8.375,149916,-61.94094693028096,-7.17164945702927,-64.0,-4.0,-64.0,64.0,0.9951105952666827
------------OX----OOO-----OOO----XXXXX-----X-------------------- X;,1,50,7,7,0,0,-22,0,64,0.37499999999999994,1.125,0.875,11.0,9.375,250488,-61.364137204177446,-11.909975727380154,-64.0,-4.0,-64.0,64.0,0.9933928970649293
-----------------XXX-O----XOOX---X-OO-----OOO------------------- X;,1,50,6,8,-2,0,-10,0,64,4.625,1.375,2.625,5.0,9.625,894118,-63.752969965932905,-4.457474293102253,-64.0,-4.0,-64.0,64.0,0.9973135536920182
----------X-------XX-O----XOOX---X-OO-----OOO------------------- X;,1,50,6,8,-2,0,-12,0,64,4.625,1.375,2.625,5.0,9.625,944937,-63.786012189172396,-4.473505641116815,-64.0,-4.0,-64.0,64.0,0.9981056938187414
------------OX----OOO----X-XO-----XOXX----OX-------------------- X;,1,50,7,7,0,0,-16,0,64,1.2500000000000002,1.75,4.75,6.0,8.75,304539,-62.76047074430533,-7.668433271272317,-64.0,-4.0,-64.0,64.0,0.9957640893284604
------------X-----OX-XO---XXXOX----XOO-----X-------------------- X;,1,50,9,5,4,0,-20,0,64,1.7500000000000002,1.25,2.75,8.0,8.75,338930,-62.10488891511522,-8.12620895170094,-64.0,-4.0,-64.0,64.0,0.9958457498598531
------------X-----OOOOX---XOOX-----XXO-----X-------------------- X;,1,50,7,7,0,0,-20,0,64,1.2500000000000002,0.75,0.75,11.0,9.75,339284,-60.592226571250045,-11.278848987868571,-64.0,-4.0,-64.0,64.0,0.9895809999882105
------------X-----OOX----XOOX-----OOXX----OX-------------------- X;,1,50,7,7,0,0,-24,0,64,1.4999999999999998,0.5,0.5,9.0,10.0,234598,-60.71472476321196,-11.009364956222985,-64.0,-4.0,-64.0,64.0,0.9930263685112405
------------XOX---OX-O----XOXO-----XOO-----X-------------------- X;,1,50,7,7,0,0,-30,0,64,1.6249999999999998,1.375,4.625,6.0,8.625,291645,-60.062264053901146,-13.018927120300365,-64.0,-4.0,-64.0,64.0,0.9970100636047249
-----------------XXX-O----XOO----X-OOX----OOO------------------- X;,1,50,6,8,-2,0,-10,0,64,4.625,1.375,3.625,4.0,9.625,831576,-63.81313794529905,-4.305468171279594,-64.0,-4.0,-64.0,64.0,0.9972726485612861
----------X-------XX------XOX----X-OOOO---OOO------------------- X;,1,50,6,8,-2,0,-12,0,64,1.2500000000000002,0.25,2.75,9.0,8.75,661664,-63.55980225613,-5.411016769840886,-64.0,-4.0,-64.0,64.0,0.9977964646708903
------------X-----OOX----XOOXX----OOX-----OX-------------------- X;,1,50,7,7,0,0,-22,0,64,1.4999999999999998,0.5,2.0,9.0,10.0,321479,-61.062554630318,-10.657172008124947,-64.0,-4.0,-64.0,64.0,0.9956482382986136
------------OX----OOO----X-XOX----XOX-----OX-------------------- X;,1,50,7,7,0,0,-24,0,64,1.2500000000000002,1.75,5.75,5.0,8.75,115197,-62.01507851766973,-8.770514857157739,-64.0,-4.0,-64.0,64.0,0.9949391043169526
-----------X-----OX-XO---XOXXX----XOX------X-------------------- X;,1,50,10,4,6,0,-26,0,64,2.75,0.25,5.75,5.0,8.75,51251,-60.16618212327565,-8.984624690249946,-64.0,-4.0,-64.0,64.0,0.9971512750970712
---------XOX------O-XO----OXOX----OOX------X-------------------- X;,1,50,7,7,0,0,-36,0,64,1.6249999999999998,1.375,5.625,5.0,8.625,78992,-58.78953564917966,-13.814398926473567,-64.0,-4.0,-64.0,64.0,0.9976073526433057
--------------------XO----XXOX----XOO-X---XOOO------------------ X;,1,50,7,7,0,0,-12,0,64,1.875,2.125,1.875,8.0,10.875,829563,-62.91734684406127,-6.407184264486242,-64.0,-4.0,-64.0,64.0,0.9961485746109698
--------------------XO-----XOX----XOO-X--XXOOO------------------ X;,1,50,7,7,0,0,-16,0,64,1.6249999999999998,1.375,2.625,8.0,9.625,557140,-62.81363571095236,-6.497625372437807,-64.0,-4.0,-64.0,64.0,0.9966884445561259
-----------X------OOX-----OOXX----XOO----XXO-------------------- X;,1,50,7,7,0,2,-20,0,64,1.2500000000000002,0.75,4.25,7.0,9.75,290773,-62.26209104696791,-7.766027107056019,-64.0,-4.0,-64.0,64.0,0.9945937208750468
-----------X-----OX-X----XOXXX----OOO-----XO-------------------- X;,1,50,8,6,2,0,-20,0,64,1.7500000000000002,0.25,0.75,11.0,8.75,101121,-60.485962361922844,-10.391936393034088,-64.0,-4.0,-64.0,64.0,0.9963607954826396
----------XX-----OX-X-----OOXX----XOO-----XO-------------------- X;,1,50,8,6,2,0,-20,0,64,2.25,0.75,2.25,7.0,8.75,440273,-62.78571704374331,-7.131411646864559,-64.0,-4.0,-64.0,64.0,0.985097882450207
-----------X-----XXXX-----OOXX----OOO----XO--------------------- X;,1,50,8,6,2,0,-18,0,64,1.7500000000000002,1.75,2.25,8.0,8.75,355565,-61.8563413159338,-6.929652806097338,-64.0,-4.0,-64.0,64.0,0.982790769620182
-------------X----OOOO---XOOO-----XXXX-----X-------------------- X;,1,50,7,7,0,0,-20,0,64,1.2500000000000002,0.75,0.75,11.0,9.75,284896,-61.567996742671006,-10.31990621138942,-64.0,-4.0,-64.0,64.0,0.9958581377063911
-----------X------OOX-----OOXX----OXXX---XO--------------------- X;,1,50,8,6,2,0,-22,0,64,2.25,0.25,1.75,9.0,9.75,300003,-61.96860364729686,-9.755279113875527,-64.0,-4.0,-64.0,64.0,0.9948767178994876
----------XX------XXXO----XOOX----XOO----X---------------------- X;,1,50,9,5,4,0,-24,0,64,7.749999999999999,0.25,1.25,4.0,8.75,250224,-62.49559994245156,-6.205739657267089,-64.0,-4.0,-64.0,64.0,0.9957118421893983
-----------X------XOX----XXXOX----XOOO---X---------------------- X;,1,50,9,5,4,0,-24,0,64,2.3749999999999996,0.625,3.875,7.0,9.375,222915,-63.054720409124556,-6.451207859498015,-64.0,-4.0,-64.0,64.0,0.9971738106453132
-------------X----OOX----XOXXX---OXXX------X-------------------- X;,1,50,10,4,6,0,-24,0,64,4.875000000000001,0.125,5.375,3.0,9.375,66387,-58.84650609306039,-12.714070525855966,-64.0,-4.0,-64.0,64.0,0.9916700558844352
-----------X----XXX-XO---XOXOX----OOO--------------------------- X;,1,50,8,6,2,1,-22,0,64,1.7500000000000002,0.75,3.25,8.0,7.75,165468,-63.1994101578553,-6.071192012957188,-64.0,-4.0,-64.0,64.0,0.9976490922716175
-----------X-----OX-X----XOXXX----XOO-----X-O------------------- X;,1,50,9,5,4,0,-24,0,64,1.7500000000000002,0.25,3.75,8.0,8.75,70411,-61.76987970629589,-7.024768857138799,-64.0,-4.0,-64.0,64.0,0.9975003905639743
------------XO-----X-OO---XXXOX----XOO-----X-------------------- X;,1,50,8,6,2,0,-24,0,64,2.3749999999999996,1.125,2.375,8.0,8.375,43599,-59.23649624991399,-13.046813000298172,-64.0,-4.0,-64.0,64.0,0.9927750636482489
----------OX-----OO-X----XOXXX----XOO----X---------------------- X;,1,50,8,6,2,0,-20,0,64,1.375,0.125,3.875,8.0,7.875,116407,-61.80209953009699,-8.833291812348055,-64.0,-4.0,-64.0,64.0,0.9964521033958439
------------X------X-XOO--XXXOO----XOO----X--------------------- X;,1,50,8,6,2,0,-28,0,64,2.25,1.25,2.75,7.0,7.75,22772,-56.80590198489373,-17.589056736342876,-64.0,-6.0,-64.0,64.0,0.995125592833304
O--------O-X-----XO-X----XOOXX----OOO--------------------------- X;,1,50,6,8,-2,0,-34,0,64,2.3749999999999996,0.625,2.875,8.0,7.375,70538,-55.720717910913265,-19.925572032096174,-64.0,-10.0,-64.0,64.0,0.9995605205704726
----------OX------OOX----XOXXX----XXX------X-------------------- X;,1,50,10,4,6,0,-28,0,64,5.375,0.125,5.375,3.0,9.375,36597,-58.70798152854059,-14.319916933081947,-64.0,-4.0,-64.0,64.0,0.9931141896876793
-------------------OOX----XOOX----XXOX-----OO-------O----------- X;,1,50,6,8,-2,64,-4,0,64,1.375,8.125,1.375,3.0,12.375,2232189,-63.64172299030234,-4.627763150880145,-64.0,-4.0,-64.0,64.0,0.996873920622313
-----------O-X----OOX-----XOO-----XXOX----X-O------------------- X;,1,50,7,7,0,1,-10,0,64,1.7500000000000002,2.25,2.75,5.0,9.75,1253760,-63.36683416283818,-4.892247320061256,-64.0,-4.0,-64.0,64.0,0.9945356368044921
-----------X------XOX-----XOOX----XOO------OO------O------------ X;,1,50,6,8,-2,0,-10,0,64,4.375,3.125,1.875,4.0,10.875,1000897,-63.61460070316926,-4.658630208702793,-64.0,-4.0,-64.0,64.0,0.9964871510255301
-------------------O-X----XOXX----OOOX----XOO-------O----------- X;,1,50,6,8,-2,1,-12,0,64,2.25,3.25,2.25,5.0,11.25,1398739,-63.62231838820538,-4.812674844985376,-64.0,-4.0,-64.0,64.0,0.9973254481357852
-----------OX------XO-----XOO-----XOOX----XOO------------------- X;,1,50,6,8,-2,0,-12,0,64,4.375,3.125,1.875,4.0,10.875,1327357,-63.393765204086016,-5.179958368396746,-64.0,-4.0,-64.0,64.0,0.9919358544837599
-------------X----XOX-----XOOX----XOO------OO------O------------ X;,1,50,6,8,-2,0,-12,0,64,4.625,3.375,1.625,4.0,10.625,932107,-63.71427529242887,-4.52473803973149,-64.0,-4.0,-64.0,64.0,0.9972267132421493
---X-------X------OOO-----XOO-----XXOX----X-O------------------- X;,1,50,7,7,0,0,-14,0,64,1.2500000000000002,4.75,2.25,5.0,9.75,1140270,-63.40419198961649,-4.9307707823585645,-64.0,-4.0,-64.0,64.0,0.9965920352197286
----------XO-------XO-----XOOO----XXOX----X-O------------------- X;,1,50,7,7,0,0,-16,0,64,1.6249999999999998,1.375,2.625,8.0,10.625,669536,-63.4516500979783,-4.942243583616116,-64.0,-4.0,-64.0,64.0,0.9971189002533097
-----------O------OOOX----XOXX----XXOO----X--------------------- X;,1,50,7,7,0,2,-6,0,64,0.37499999999999994,2.125,6.875,4.0,10.875,2707048,-63.416786846779225,-5.201683900691823,-64.0,-4.0,-64.0,64.0,0.9946469364414668
------------------XXX-----XXXOO----XOO-----OOO------------------ X;,1,50,7,7,0,3,-6,0,64,1.2500000000000002,0.25,1.25,11.0,11.25,1996525,-63.44385069057488,-5.458906850653009,-64.0,-4.0,-64.0,64.0,0.995368953556805
-------------------XXX---OXXX----XOOO-----OOO------------------- X;,1,50,7,7,0,0,-8,0,64,0.0,0.0,1.0,12.0,10.0,1454945,-62.74752172762544,-6.9619806934282735,-64.0,-4.0,-64.0,64.0,0.9681101347473616
------------------X--X----XXXX----XXOOO----OO------O------------ X;,1,50,8,6,2,0,-8,0,64,2.5000000000000004,2.0,1.5,7.0,10.0,1764503,-63.55990950426267,-4.838559639739915,-64.0,-4.0,-64.0,64.0,0.9930569684494728
------------------X-------XXXXX---XXOOO----OO------O------------ X;,1,50,8,6,2,0,-10,0,64,1.375,2.125,1.875,7.0,9.875,1330494,-63.272438658122475,-5.87828130002841,-64.0,-4.0,-64.0,64.0,0.9888657896991644
-------------------XXX---OOXX-----OOO----XOOO------------------- X;,1,50,6,8,-2,0,-12,0,64,0.7499999999999999,0.75,0.25,12.0,9.75,737633,-62.536544596025394,-8.40794134752648,-64.0,-4.0,-64.0,64.0,0.9925342277257119
----------------X--XXX---XOXX-----OOO-----OOO------------------- X;,1,50,7,7,0,0,-12,0,64,0.7499999999999999,0.75,0.25,12.0,9.75,865710,-63.11967864527382,-6.304955470076584,-64.0,-4.0,-64.0,64.0,0.9947407330399325
-------------------XXX--XXXXX-----OOO-----OOO------------------- X;,1,50,8,6,2,0,-16,0,64,0.25,0.25,0.75,12.0,9.75,459568,-62.114685965950635,-9.421143334609894,-64.0,-4.0,-64.0,64.0,0.9932153674755423
------------------OXXX---OXOOO---XXOO----X---------------------- X;,1,50,7,7,0,2,-8,0,64,5.25,0.25,1.75,6.0,8.75,1746618,-62.84089652116261,-5.811975486339887,-64.0,-4.0,-64.0,64.0,0.9906711141188285
-----------OX------XXX----XOX----OOOO-----XO-------------------- X;,1,50,7,7,0,0,-10,0,64,2.25,0.25,3.25,7.0,9.25,1520595,-63.3015964145614,-5.6234756789283145,-64.0,-4.0,-64.0,64.0,0.9952465975489858
-------------------XXX---OXOOOO--XXXXX-------------------------- X;,1,50,9,5,4,0,-10,0,64,2.3749999999999996,0.125,0.875,10.0,9.875,2302153,-63.48914342356915,-5.75053699732381,-64.0,-4.0,-64.0,64.0,0.9966418391827129
------------------OXXX---OOOXXX--XOOO--------------------------- X;,1,50,7,7,0,1,-12,0,64,1.2500000000000002,1.25,3.25,7.0,9.25,501203,-62.23910072365888,-7.554200593372346,-64.0,-4.0,-64.0,64.0,0.9767240020510651
-----------OX------XOO----XXOX----XOO-----XO-------------------- X;,1,50,7,7,0,0,-12,0,64,1.4999999999999998,2.0,2.0,6.0,10.0,2267282,-63.04096887815455,-5.965729891561791,-64.0,-4.0,-64.0,64.0,0.9933276936878607
-----------OX-----OOO-----XOX-----XXXX----XO-------------------- X;,1,50,8,6,2,0,-12,0,64,1.0,4.5,3.0,5.0,10.0,432561,-62.03515804707313,-9.206650622686743,-64.0,-4.0,-64.0,64.0,0.994474767720622
------------O------XOX--XXXOOO---XOOO--------------------------- X;,1,50,6,8,-2,0,-14,0,64,4.625,1.375,3.625,4.0,8.625,1075917,-63.053323815870556,-6.528039802326759,-64.0,-4.0,-64.0,64.0,0.9951594779151179
------------O----X-XOX---XXOOO---XOOO--------------------------- X;,1,50,6,8,-2,0,-14,0,64,4.625,1.375,3.625,4.0,8.625,522137,-62.69059844446956,-8.081045779172898,-64.0,-4.0,-64.0,64.0,0.9943999371812379
------------------XXXO----XOOOO--X-OOOX------------------------- X;,1,50,6,8,-2,0,-14,0,64,4.25,1.25,1.25,7.0,9.25,754553,-62.89481454583044,-6.545463340547317,-64.0,-4.0,-64.0,64.0,0.9945822228524702
------------------XXXX---OXOX----OOOO-----XO-------------------- X;,1,50,7,7,0,4,-8,0,64,3.875,0.625,2.375,7.0,9.875,781316,-62.187147069815545,-6.292607600509909,-64.0,-4.0,-64.0,64.0,0.9858149583523184
--------------------OX----XXOX----XOOX----XOO-------O----------- X;,1,50,7,7,0,0,-8,0,64,2.25,6.25,2.25,3.0,11.25,1337317,-63.52326411763254,-4.553229339042276,-64.0,-4.0,-64.0,64.0,0.993374046691996
-------------------XXX---OXOX----XOOO-----OO------O------------- X;,1,50,6,8,-2,0,-10,0,64,1.2500000000000002,0.25,2.75,9.0,8.75,1412672,-62.638985553617545,-7.30538936143705,-64.0,-4.0,-64.0,64.0,0.986412981923617
-----------O-X----OOXX----XOOO----XXO-----X--------------------- X;,1,50,7,7,0,0,-12,0,64,1.6249999999999998,0.375,3.625,7.0,9.625,649742,-62.1336561281247,-6.756494116126093,-64.0,-4.0,-64.0,64.0,0.9915166327557707
-----------O-------OOX----XXOXX---XXOO----X--------------------- X;,1,50,8,6,2,0,-12,0,64,1.0,2.5,2.0,8.0,10.0,825503,-62.96999284072862,-6.509829764398191,-64.0,-4.0,-64.0,64.0,0.9939006884287519
-------------------XXX--XXXXX-----OOO----OOO-------------------- X;,1,50,8,6,2,0,-14,0,64,0.5000000000000001,0.5,1.5,11.0,8.5,547278,-61.96658371065528,-9.798489981325762,-64.0,-4.0,-64.0,64.0,0.9948581890739259
-----------O------OOXX--XXOOX-----OXO-----X--------------------- X;,1,50,7,7,0,0,-10,0,64,0.875,1.125,6.875,4.0,8.875,1400326,-63.09201428810149,-5.70348047526076,-64.0,-4.0,-64.0,64.0,0.9955610336450227
-----------------XXXXX--XXOOOO----OOO--------------------------- X;,1,50,7,7,0,0,-12,0,64,5.5,3.5,0.5,4.0,8.5,942560,-62.76981412323884,-6.727255559327788,-64.0,-4.0,-64.0,64.0,0.9931823968765914
-----------X------XXXX--XXOOOO----OOO--------------------------- X;,1,50,7,7,0,0,-12,0,64,5.749999999999999,3.25,0.75,4.0,8.75,1081609,-62.86368641533123,-6.193431267676212,-64.0,-4.0,-64.0,64.0,0.9942751955651257
-----------------OOXXX--XXOOX----XOOO--------------------------- X;,1,50,7,7,0,0,-12,0,64,1.7500000000000002,2.75,2.25,7.0,7.75,647881,-61.396954070269075,-9.246364687342274,-64.0,-4.0,-64.0,64.0,0.9915586349962416
------------------OXXX--XXOXX-----OOO----XO--------------------- X;,1,50,8,6,2,0,-14,0,64,0.6250000000000001,2.375,0.625,10.0,8.625,517621,-61.639985626549155,-8.539149300356824,-64.0,-4.0,-64.0,64.0,0.9887214776834788
---X-------X------OOX-----XXOX----XXOO----X--------------------- X;,1,50,9,5,4,0,-14,0,64,0.7499999999999999,0.75,3.25,9.0,9.75,980555,-62.61817236157074,-6.508401874448654,-64.0,-4.0,-64.0,64.0,0.9942869089444243
---X-------X------OOO-----OOO----OXXXX----X--------------------- X;,1,50,7,7,0,0,-14,0,64,0.25,1.75,1.75,10.0,8.75,1224810,-62.245002898408735,-7.965028045166189,-64.0,-4.0,-64.0,64.0,0.9947036683240665
-----------O-X----OOOO----XXXX----XXO-----X--------------------- X;,1,50,8,6,2,1,-10,0,64,1.6249999999999998,3.375,1.625,7.0,9.625,1916684,-62.91868873533665,-6.33665643371573,-64.0,-4.0,-64.0,64.0,0.9911826884348176
----------O------XOXXX---OOOX-----XOO----X---------------------- X;,1,50,7,7,0,0,-12,0,64,1.7500000000000002,1.75,2.75,7.0,8.25,565808,-62.2432079433306,-7.530860291830444,-64.0,-4.0,-64.0,64.0,0.9941817719084919
-----------O----X-OOXX---XOOX-----XOO----X---------------------- X;,1,50,7,7,0,0,-12,0,64,1.2500000000000002,0.75,4.25,7.0,7.75,531838,-62.014308868490026,-6.780147338099195,-64.0,-4.0,-64.0,64.0,0.9872893625502502
-----------O-X----OOOX----XOOO----XXO-----X--------------------- X;,1,50,6,8,-2,0,-12,0,64,1.6249999999999998,1.375,3.625,7.0,9.625,479996,-62.51987933232777,-6.320694339119493,-64.0,-4.0,-64.0,64.0,0.9931207760064668
------------------OXXX---OOOX----XOOO----XO--------------------- X;,1,50,6,8,-2,0,-14,0,64,1.375,2.125,1.875,8.0,8.875,505208,-62.3512355307121,-6.966926493642223,-64.0,-4.0,-64.0,64.0,0.9891589206821745
----------X-------XXXX---OXOX-----OOO----X-O-------------------- X;,1,50,8,6,2,0,-14,0,64,2.75,0.25,2.25,8.0,8.75,547552,-62.82569874642043,-5.793789448308106,-64.0,-4.0,-64.0,64.0,0.9944224475483607
-----------O-X----OOX----OOOO-----XXXX----X--------------------- X;,1,50,7,7,0,0,-14,0,64,0.7499999999999999,0.25,2.75,10.0,8.75,876640,-62.4335131867129,-7.112503422157328,-64.0,-4.0,-64.0,64.0,0.9949466143456835
------------------OXXX---OOOOO----XXXX---X---------------------- X;,1,50,8,6,2,0,-18,0,64,0.7499999999999999,0.75,1.25,11.0,9.75,718107,-62.50552076501134,-7.379836152551082,-64.0,-4.0,-64.0,64.0,0.9950480917189221
------------O------XOX-----XOOX----XOOO---XO-------------------- X;,1,50,6,8,-2,0,-10,0,64,2.25,0.25,2.25,7.0,9.25,1547460,-63.198065862768665,-6.184658084861645,-64.0,-4.0,-64.0,64.0,0.9945446085843899
-----------OX------OO------OOO---XXXOX----X-O------------------- X;,1,50,6,8,-2,0,-12,0,64,1.875,2.125,2.375,7.0,9.875,1065892,-63.41070014598102,-5.227523989297227,-64.0,-4.0,-64.0,64.0,0.991302120665133
-----------OX-----XOO-----OOOO----OXXX----X--------------------- X;,1,50,6,8,-2,1,-14,0,64,2.9999999999999996,0.0,1.0,9.0,10.0,879333,-62.61291797305458,-7.328953877541273,-64.0,-4.0,-64.0,64.0,0.9704742117036436
-----------OX-----OOO-----XXXO----XXXX----X--------------------- X;,1,50,9,5,4,0,-14,0,64,4.0,2.0,2.0,5.0,10.0,558183,-61.78162358939631,-8.471723431204461,-64.0,-4.0,-64.0,64.0,0.9913451323311531
------------X------XX------XXOX---OOOOO---XO-------------------- X;,1,50,7,7,0,0,-14,0,64,0.875,2.125,1.875,9.0,9.875,948417,-63.266905801983725,-5.680886150290432,-64.0,-4.0,-64.0,64.0,0.9903270396882384
-------------X-----XX------XXOX---OOOOO---XO-------------------- X;,1,50,7,7,0,0,-16,0,64,0.875,2.125,1.375,9.0,9.375,1101809,-63.18737730405179,-6.025865644589943,-64.0,-4.0,-64.0,64.0,0.9948956670348491
----------XXX-----OOO------OXO----OXXX----X--------------------- X;,1,50,8,6,2,0,-20,0,64,2.75,0.75,3.25,6.0,8.75,146441,-60.112038295286155,-11.064121386770099,-64.0,-4.0,-64.0,64.0,0.9913890235658046
---X-------XX------XO-----OOOO----OXXX----X--------------------- X;,1,50,8,6,2,0,-20,0,64,1.375,1.125,2.375,9.0,9.375,219439,-61.8268676032975,-6.826799247171196,-64.0,-4.0,-64.0,64.0,0.995862175821071
------------X-----XXX-----OOXO----OOXX----X-O------------------- X;,1,50,8,6,2,0,-10,0,64,1.2500000000000002,1.25,0.25,10.0,11.25,1863645,-63.598002301940554,-4.740895932433484,-64.0,-4.0,-64.0,64.0,0.9970933305431023
-----------------XXXO----OOOOO----OXXX----X--------------------- X;,1,50,7,7,0,1,-14,0,64,1.7500000000000002,0.75,2.25,9.0,9.75,749069,-63.272387456963244,-5.9686250532327465,-64.0,-4.0,-64.0,64.0,0.9957720850816146
-----------O------XOO-X---OOOX----OXXX----X--------------------- X;,1,50,7,7,0,0,-16,0,64,1.7500000000000002,0.75,0.25,11.0,9.75,1060550,-62.99770873603319,-6.981996134081373,-64.0,-4.0,-64.0,64.0,0.995027108575739
------------------XXXX----OOXX----OOXX----XO-------------------- X;,1,50,9,5,4,1,-18,0,64,2.3749999999999996,0.125,0.375,11.0,12.375,260045,-62.62964871464554,-7.253463823568998,-64.0,-4.0,-64.0,64.0,0.9912207502547636
------------------X------XXXXX----XOOO----XOO------O------------ X;,1,50,8,6,2,1,-20,0,64,1.0,2.5,1.0,9.0,10.0,575019,-62.41502802516091,-7.791928614532737,-64.0,-4.0,-64.0,64.0,0.9951375519765434
------------------XXXX----XXX-----XXOO------OO-------O---------- X;,1,50,9,5,4,1,-14,0,64,1.875,0.125,1.875,10.0,10.875,147425,-61.99745633372901,-9.405942004409022,-64.0,-4.0,-64.0,64.0,0.9917449550618959
-------------------XXX-----OXX---XOXXX---OOO-------------------- X;,1,50,9,5,4,0,-14,0,64,1.7500000000000002,0.25,1.75,10.0,9.75,84711,-60.78650942616661,-12.049462289431125,-64.0,-4.0,-64.0,64.0,0.990567930965282
-------------------XXX----XXXX---OOOXX----XO-------------------- X;,1,50,10,4,6,2,-16,0,64,3.2499999999999996,0.25,3.25,7.0,11.25,457632,-63.09571446052723,-5.895737186210755,-64.0,-4.0,-64.0,64.0,0.9958569330816027
------------------OXXX----XOXX----XOOX----XO-------------------- X;,1,50,9,5,4,0,-16,0,64,4.375,1.125,3.375,5.0,12.375,526284,-63.3976047153248,-5.213730609328803,-64.0,-4.0,-64.0,64.0,0.9972448335879487
-------------------XXX-----XXX---OOOOX---XXO-------------------- X;,1,50,9,5,4,0,-16,0,64,1.7500000000000002,0.25,1.75,10.0,9.75,175191,-61.648874656803144,-9.110034191254117,-64.0,-4.0,-64.0,64.0,0.9831954837862675
-------------------XXX-----XXX---XXXXX---OOO-------------------- X;,1,50,11,3,8,0,-20,0,64,6.25,0.75,0.25,6.0,9.75,56120,-59.7901817533856,-13.542391304347825,-64.0,-4.0,-64.0,64.0,0.9942088382038489
------------------XXX-----XXX-----XXOX------OOOO---------------- X;,1,50,9,5,4,0,-22,0,64,3.2499999999999996,0.75,1.25,8.0,9.75,81382,-61.762121845125456,-10.40956231107616,-64.0,-4.0,-64.0,64.0,0.9925659236686245
------------------XXO-X---OOOX----OOXX----XO-------------------- X;,1,50,7,7,0,0,-14,0,64,2.25,0.25,2.25,8.0,11.25,1279509,-63.57178417658649,-4.940163765944593,-64.0,-4.0,-64.0,64.0,0.9969230384467792
-------------X----OXX-----XOOO----XOOX----XO-------------------- X;,1,50,7,7,0,0,-14,0,64,5.25,0.25,2.25,6.0,11.25,1423777,-63.4400429280709,-5.12762743041923,-64.0,-4.0,-64.0,64.0,0.9932370027047775
-------------X----OXXX-----OXX----OXOX----XO-------------------- X;,1,50,9,5,4,0,-14,0,64,0.875,0.125,6.875,6.0,10.875,1442910,-63.56739505582469,-4.847649541551448,-64.0,-4.0,-64.0,64.0,0.9967815040439113
-------------X-----XX-----OOOO----XOOX---XXO-------------------- X;,1,50,7,7,0,0,-16,0,64,4.875000000000001,0.125,0.875,8.0,10.875,649351,-63.47795260190559,-5.155800175867905,-64.0,-4.0,-64.0,64.0,0.9973989414045716
-------------------XO-X----OOX---XXXOX----XOO------------------- X;,1,50,8,6,2,0,-18,0,64,1.6249999999999998,3.375,1.625,6.0,10.625,1026051,-63.54938594670246,-4.910078543854058,-64.0,-4.0,-64.0,64.0,0.9972311317858469
-------------------XOOX---XXOX----XOXX----XO-------------------- X;,1,50,9,5,4,0,-18,0,64,1.2500000000000002,3.25,5.25,3.0,11.25,749707,-63.36058486848862,-5.714096306957251,-64.0,-4.0,-64.0,64.0,0.9969014561688766
----------X--------XX----XXXX-----XOOO------OO-------O---------- X;,1,50,8,6,2,0,-18,0,64,0.875,0.125,0.875,12.0,9.375,411624,-62.66655734359512,-7.419584377976017,-64.0,-4.0,-64.0,64.0,0.9977285095135366
-----------X-------XX-X----OOX----OOOX----XOO------------------- X;,1,50,7,7,0,0,-20,0,64,4.625,0.375,0.625,8.0,10.625,623822,-63.440087076121074,-5.280705072921442,-64.0,-4.0,-64.0,64.0,0.9975970709593441
-------------X-----XX------XOO---XXXOX----XOO------------------- X;,1,50,9,5,4,0,-22,0,64,0.6250000000000001,0.375,0.625,12.0,10.625,379442,-63.490781199761756,-5.177963957600898,-64.0,-4.0,-64.0,64.0,0.997975975247864
------------X-------XX----XOX-----XOOO----XOO------O------------ X;,1,50,7,7,0,1,-16,0,64,2.0000000000000004,0.5,2.5,9.0,10.0,391191,-63.3332515318604,-5.295310986193445,-64.0,-4.0,-64.0,64.0,0.9971318358551193
-----------X------XX-------XOX----XOOO---XOOO------------------- X;,1,50,7,7,0,1,-20,0,64,1.2500000000000002,0.75,2.75,7.0,9.75,366962,-63.39607643298216,-5.788258729786736,-64.0,-4.0,-64.0,64.0,0.9972803723546307
-------------X----OXX------OOO---XXXOX----X-O------------------- X;,1,50,8,6,2,0,-20,0,64,1.7500000000000002,0.25,2.25,9.0,9.75,406354,-63.502645476604144,-5.628919611963952,-64.0,-4.0,-64.0,64.0,0.9977310423916093
-----------X------XX-----X-XOX----XOOO----OOO------------------- X;,1,50,7,7,0,0,-22,0,64,1.4999999999999998,0.5,3.0,7.0,10.0,267646,-63.379250950882884,-5.540904777205712,-64.0,-4.0,-64.0,64.0,0.9967382288545318
------------O------XOX----XXXOX---XXO-O---X--------------------- X;,1,50,9,5,4,0,-12,0,64,2.25,0.25,3.25,7.0,9.25,788190,-63.01798931729659,-6.569376673137188,-64.0,-4.0,-64.0,64.0,0.9961722427333511
-----X------X------XOX----XOOO----XOO-----XO-------------------- X;,1,50,7,7,0,0,-14,0,64,5.25,0.75,3.25,4.0,9.75,423221,-63.197719394831545,-5.589656467897387,-64.0,-4.0,-64.0,64.0,0.9950876728706751
-------------------XXX--X-XOOO---XOOO-----XO-------------------- X;,1,50,7,7,0,0,-16,0,64,5.25,0.75,3.25,4.0,9.75,427166,-63.17416648328753,-5.522321533080817,-64.0,-4.0,-64.0,64.0,0.9957417022890399
---------------------X----XXXX----XXOX----XOOO-----O------------ X;,1,50,9,5,4,0,-16,0,64,1.875,4.625,3.375,4.0,10.875,502726,-62.77542239709106,-6.755121079872535,-64.0,-4.0,-64.0,64.0,0.9964254882381257
-----------OOX-----XOX----XXOO----XXO-----X--------------------- X;,1,50,8,6,2,0,-16,0,64,1.7500000000000002,0.75,2.25,9.0,8.75,347763,-61.95644735063822,-6.700856617869066,-64.0,-4.0,-64.0,64.0,0.9907178164439575
-------------------OOX----XOXX----XOOX----XOO------------------- X;,1,50,7,7,0,1,-12,0,64,2.0000000000000004,8.0,2.0,2.0,13.0,1232146,-63.44183806139857,-4.833117990887444,-64.0,-4.0,-64.0,64.0,0.9965401827380846
------------O-----XXOX----XOOX-----OOX----XO-------------------- X;,1,50,7,7,0,0,-12,0,64,6.875,2.125,2.375,2.0,10.875,750070,-63.07939658965163,-5.918427613422748,-64.0,-4.0,-64.0,64.0,0.9955257509299132
-------------X-----OXX----XOO-----XOOX----XOO------------------- X;,1,50,7,7,0,0,-14,0,64,5.25,3.25,1.25,3.0,11.25,576606,-63.38990402458524,-4.978590233192162,-64.0,-4.0,-64.0,64.0,0.9971280215606497
-----------XO------OOX----XOOX-----OOX----XO-------------------- X;,1,50,6,8,-2,0,-14,0,64,5.000000000000001,4.5,2.0,2.0,10.0,645143,-62.74278570797482,-5.906425397160009,-64.0,-4.0,-64.0,64.0,0.9904920304490632
----------X-------OOOX----XOXX-----OOX----XO-------------------- X;,1,50,7,7,0,0,-14,0,64,1.375,4.625,3.875,4.0,10.875,429246,-62.95697572021638,-5.865242774539541,-64.0,-4.0,-64.0,64.0,0.9947745581787599
------------X------XXX----XOOOO----OOX----XO-------------------- X;,1,50,7,7,0,0,-14,0,64,5.5,0.5,3.0,4.0,10.0,505988,-63.000867609508525,-6.3270176367819,-64.0,-4.0,-64.0,64.0,0.9896380941840518
------------------OXXX----XOX-----XXOX----XOO------------------- X;,1,50,9,5,4,0,-18,0,64,1.375,1.125,6.375,5.0,12.375,250431,-63.1856679085257,-5.606302734086435,-64.0,-4.0,-64.0,64.0,0.9968334591164831
---------------------X---X-OXX----XXOX----XOOO-----O------------ X;,1,50,8,6,2,1,-12,0,64,0.37499999999999994,3.625,6.875,3.0,9.875,1521741,-63.16263214305194,-6.013858468688167,-64.0,-4.0,-64.0,64.0,0.9894462986802616
------------O------XOOO----OOO---XXXO-X---X--------------------- X;,1,50,6,8,-2,0,-14,0,64,1.2500000000000002,1.25,1.75,9.0,8.25,868614,-63.05080622693164,-7.4936381407621795,-64.0,-4.0,-64.0,64.0,0.9964967177595572
-----------X--------XX-X---OOOX----XOOO---XO-------------------- X;,1,50,7,7,0,0,-14,0,64,2.75,0.75,2.25,7.0,8.25,577910,-62.510262843695386,-6.02198266166012,-64.0,-4.0,-64.0,64.0,0.9823069336055787
---X--------X------XOX-----OOX----OOO-X---XO-------------------- X;,1,50,7,7,0,0,-14,0,64,5.749999999999999,0.25,2.25,4.0,8.75,494158,-63.172307237766056,-5.629023510699008,-64.0,-4.0,-64.0,64.0,0.9881353737063854
--------------------XX---X-XXO----XOO-----XOOO-----O------------ X;,1,50,7,7,0,0,-14,0,64,0.37499999999999994,0.625,2.875,10.0,9.875,571200,-63.009173669467785,-6.8903711484593835,-64.0,-4.0,-64.0,64.0,0.9962254901960784
-----------X-------XXX-----XXOO----XOO----XOO------------------- X;,1,50,8,6,2,0,-14,0,64,2.5000000000000004,1.0,2.5,8.0,10.0,1352404,-63.39852218715709,-5.651732026820388,-64.0,-4.0,-64.0,64.0,0.9974031428478473
-----------XO------OXX----OOOX----OXO-X---X--------------------- X;,1,50,7,7,0,0,-16,0,64,2.25,0.25,4.25,7.0,9.25,875484,-62.71015118494456,-7.109322386245779,-64.0,-4.0,-64.0,64.0,0.994600700869462
-----X------X-----OOOX-----OOO---XXXO-----X--------------------- X;,1,50,7,7,0,0,-16,0,64,2.3749999999999996,0.625,3.875,7.0,8.875,372540,-62.36241745852794,-7.260533097117088,-64.0,-4.0,-64.0,64.0,0.9933591023782681
------------X-----O-XX--X-OOX----XOOO-----XO-------------------- X;,1,50,7,7,0,0,-16,0,64,2.3749999999999996,0.625,3.875,7.0,8.875,323475,-62.35831517118788,-7.356599428085633,-64.0,-4.0,-64.0,64.0,0.9939222505603215
---------------------X----XXXXX---XXOO----XOO------O------------ X;,1,50,9,5,4,0,-16,0,64,2.0000000000000004,2.5,2.5,6.0,10.0,881116,-62.89410474897743,-6.965604982771849,-64.0,-4.0,-64.0,64.0,0.9963568928495227
-----------OOX-----XOX-----XOO---XXXO-----X--------------------- X;,1,50,8,6,2,0,-18,0,64,1.2500000000000002,1.25,1.75,9.0,8.25,439494,-62.41732537873099,-6.791055167988642,-64.0,-4.0,-64.0,64.0,0.9912626793539844
-------------X-----OXX----XOOO----XXOX----XO-------------------- X;,1,50,8,6,2,0,-16,0,64,2.25,1.25,2.25,7.0,11.25,1064761,-63.43484969866477,-5.207942439664864,-64.0,-4.0,-64.0,64.0,0.9967091206383404
-------------X----XXXX----XOOO----XOO-----XO-------------------- X;,1,50,8,6,2,0,-18,0,64,6.875,0.125,0.875,6.0,10.875,596540,-63.21858550977302,-5.5269101820498205,-64.0,-4.0,-64.0,64.0,0.9967361786301002
------------XX-----XXX----XOOO----XOO-----XO-------------------- X;,1,50,8,6,2,0,-18,0,64,5.749999999999999,0.25,1.75,6.0,9.75,482330,-63.358831090746996,-5.513227458379118,-64.0,-4.0,-64.0,64.0,0.9965977650156532
-------------------XXX----OOOX----XOO-X--XXO-------------------- X;,1,50,8,6,2,0,-20,0,64,5.749999999999999,0.25,1.75,4.0,9.75,415750,-63.13225736620565,-5.620228502705953,-64.0,-4.0,-64.0,64.0,0.9973397474443776
-------------------XXX----OOXX----XOXX---XXO-------------------- X;,1,50,10,4,6,0,-20,0,64,2.25,0.25,1.25,9.0,11.25,279641,-62.95320428692502,-6.082766833189697,-64.0,-4.0,-64.0,64.0,0.9960342009934166
----------X--X-----XXX----XOX----OOOO-----XO-------------------- X;,1,50,8,6,2,0,-22,0,64,2.75,0.75,3.25,7.0,8.75,314069,-63.021641741146055,-6.008826085987474,-64.0,-4.0,-64.0,64.0,0.9967459379945172
-------------------O-X----XOXXX---OOO-----XOO-------O----------- X;,1,50,6,8,-2,0,-12,0,64,2.5000000000000004,2.5,2.5,6.0,10.0,681262,-63.74740995387971,-4.4241099606318866,-64.0,-4.0,-64.0,64.0,0.9981181982849476
-----------XO-----X-O----XXXOX-----OO------OO------O------------ X;,1,50,6,8,-2,0,-12,0,64,1.375,3.625,3.375,5.0,9.375,452881,-63.8166913604236,-4.264539691442123,-64.0,-4.0,-64.0,64.0,0.9980723412993701
---X-------X------OOO------OO----XXXOX----X-O------------------- X;,1,50,7,7,0,0,-14,0,64,1.7500000000000002,3.25,2.25,6.0,8.75,656734,-63.60696415900502,-4.761556429239235,-64.0,-4.0,-64.0,64.0,0.9978058087444841
-----------O-X----OOX------OO----XXXOX----X-O------------------- X;,1,50,7,7,0,0,-14,0,64,1.2500000000000002,1.75,3.75,6.0,8.75,529607,-63.5272116871567,-4.98011166770832,-64.0,-4.0,-64.0,64.0,0.9974717101548884
----------XO-------XO------OX----XXOOX----XOO------------------- X;,1,50,7,7,0,0,-14,0,64,1.375,2.625,2.375,7.0,9.375,555484,-63.38979160515874,-5.584637901361695,-64.0,-4.0,-64.0,64.0,0.9970458195015518
------------OX----X-O----XXXOX-----OO------OO------O------------ X;,1,50,6,8,-2,1,-16,0,64,1.6249999999999998,4.375,2.625,5.0,8.625,431452,-63.85029389132511,-4.229195831749534,-64.0,-4.0,-64.0,64.0,0.9988874776336649
------------X-----X-XX---OXOX-----OOO----OX-O------------------- X;,1,50,7,7,0,0,-14,0,64,3.375,0.625,1.875,6.0,8.875,501955,-62.55056728192766,-8.104794254465041,-64.0,-4.0,-64.0,64.0,0.9962665976033708
------------X-----O-XX--XXOOX-----OOO-----X-O------------------- X;,1,50,7,7,0,1,-16,0,64,2.3749999999999996,0.625,3.875,6.0,8.875,151828,-62.33587348842111,-6.701352846642253,-64.0,-4.0,-64.0,64.0,0.9909568722501778
-----------O-X-----OOX-----XOO---XXXOO----X--------------------- X;,1,50,7,7,0,0,-16,0,64,2.25,0.75,1.75,9.0,8.75,332769,-62.91389221952766,-6.056294306260499,-64.0,-4.0,-64.0,64.0,0.9957778519032723
-------------------O-X---XXOXXX----OO-----XOO-------O----------- X;,1,50,7,7,0,0,-20,0,64,2.25,4.25,2.25,5.0,9.25,286231,-63.39863606667342,-5.80184186897995,-64.0,-4.0,-64.0,64.0,0.9913286820784611
------------X----OXXXX---OOOX-----XOO----X---------------------- X;,1,50,8,6,2,0,-14,0,64,2.5000000000000004,1.0,2.5,7.0,8.0,668469,-61.74928231526069,-8.42213924654696,-64.0,-4.0,-64.0,64.0,0.9920280521609828
------------X---X--OXX---XOOOO----XOO----X---------------------- X;,1,50,7,7,0,0,-16,0,64,5.125000000000001,0.375,1.625,6.0,8.125,481046,-63.007982604574195,-5.896533803420047,-64.0,-4.0,-64.0,64.0,0.9956137250907398
------------X----O-XXX---OOOX----XXOO----X---------------------- X;,1,50,8,6,2,0,-16,0,64,1.875,0.625,3.375,7.0,7.875,358848,-60.96650392366684,-9.079130996968075,-64.0,-4.0,-64.0,64.0,0.9912024032459426
-----------O-X-----OOX----OOOO---XXXO-----X--------------------- X;,1,50,6,8,-2,0,-16,0,64,3.2499999999999996,0.75,2.75,7.0,8.75,428597,-62.91367181758155,-6.149574075413501,-64.0,-4.0,-64.0,64.0,0.9949229695961475
-----------O-X-----OOO----OOO----XXXXX----X--------------------- X;,1,50,7,7,0,0,-16,0,64,0.25,1.75,0.75,11.0,8.75,475369,-62.61583107017917,-7.426140535036993,-64.0,-4.0,-64.0,64.0,0.9955003376324497
------------X------OXX---OOOX-----OXXX---XO--------------------- X;,1,50,8,6,2,0,-18,0,64,1.2500000000000002,0.75,1.75,9.0,8.75,496355,-62.548726214100796,-7.379849099938552,-64.0,-4.0,-64.0,64.0,0.9950237229402343
----------X-X------XXX---OOOX-----OOO----XO--------------------- X;,1,50,7,7,0,0,-20,0,64,1.4999999999999998,2.5,1.5,8.0,8.0,174449,-61.8819425734742,-8.183176745065893,-64.0,-4.0,-64.0,64.0,0.9946803936967251
------------X-----OOXX--XXXOX-----XOO----X---------------------- X;,1,50,9,5,4,0,-26,0,64,2.25,0.75,2.75,7.0,7.75,133775,-61.25991403475986,-7.309758923565688,-64.0,-4.0,-64.0,64.0,0.9940721360493365
-----------OX-----XOXX--XXXOX-----OOO--------------------------- X;,1,50,8,6,2,0,-16,0,64,2.25,0.25,1.25,7.0,8.25,794119,-62.317545607144524,-6.363994565046297,-64.0,-4.0,-64.0,64.0,0.9752140422279281
---X-------X-------XX-----OOOX---XXOO-----XO-------------------- X;,1,50,8,6,2,0,-18,0,64,5.375,0.125,0.875,5.0,9.375,355968,-62.82802386731392,-6.8365021574973035,-64.0,-4.0,-64.0,64.0,0.995336659475009
----------X-XO-----XOX--XXXOX-----OOO--------------------------- X;,1,50,8,6,2,0,-20,0,64,1.875,0.125,3.875,7.0,7.375,129640,-61.519955260722,-9.797539339709965,-64.0,-4.0,-64.0,64.0,0.9939987658130207
---X-------X-------XXX----OOX----XXOO-----XO-------------------- X;,1,50,9,5,4,0,-22,0,64,2.75,0.25,2.25,7.0,8.75,227819,-62.29133215403456,-7.412643370394918,-64.0,-4.0,-64.0,64.0,0.994214705533779
---X-------X------OOO-----OOX----XXXXX----X--------------------- X;,1,50,9,5,4,0,-24,0,64,1.7500000000000002,1.25,2.25,8.0,8.75,122350,-59.840833673886394,-9.433543114017164,-64.0,-4.0,-64.0,64.0,0.9948753575807111
-----------------XXX-----XXXXX---OOOO------X-O------------------ X;,1,50,9,5,4,0,-10,0,64,1.2500000000000002,0.25,0.75,11.0,8.75,594032,-63.65347826379724,-4.50470513373017,-64.0,-4.0,-64.0,64.0,0.9972425727906914
-----------------X-X-O----XOO-----XOXX---XXO-------O------------ X;,1,50,8,6,2,0,-12,0,64,2.75,1.75,2.25,7.0,8.75,1042406,-63.52548239361631,-5.391087541706399,-64.0,-4.0,-64.0,64.0,0.9974702754972631
----------X-------XXXX----XXXX----OOO------X-O------------------ X;,1,50,10,4,6,0,-14,0,64,2.3749999999999996,0.625,0.375,10.0,10.875,465974,-63.315704309682516,-5.394794559353097,-64.0,-4.0,-64.0,64.0,0.9918514766918326
----------X-------XXO-----XXOX-----XOX-----XOO------------------ X;,1,50,9,5,4,0,-20,0,64,1.2500000000000002,1.25,0.25,11.0,11.25,650752,-63.349938225314716,-5.803622578186467,-64.0,-4.0,-64.0,64.0,0.9979070367820614
--------------X----X-X----OOX-----XOXX---XXXO------------------- X;,1,50,10,4,6,0,-34,0,64,1.875,0.125,1.875,10.0,9.875,319286,-63.0833140194058,-6.026593712220392,-64.0,-4.0,-64.0,64.0,0.998277406463171
----------XX-----XXXX------OOX-----OO-----OX-O------------------ X;,1,50,8,6,2,0,-14,0,64,6.875,0.625,1.375,5.0,8.875,615478,-63.73142825576219,-4.596934415202493,-64.0,-4.0,-64.0,64.0,0.992586250036557
----------XO-----XXOXX-----OXX-----XO------X-O------------------ X;,1,50,9,5,4,0,-14,0,64,1.375,0.125,6.875,5.0,8.875,555992,-63.18893797033051,-5.7209744025093885,-64.0,-4.0,-64.0,64.0,0.9920178707607303
----------X------XXXO-----XOXX----OOO------X-O------------------ X;,1,50,8,6,2,0,-16,0,64,2.0000000000000004,0.0,2.0,10.0,10.0,973248,-63.55809207930558,-5.2008306207667525,-64.0,-4.0,-64.0,64.0,0.997367577431446
----------X------XXXO------OOX-----XOX-----XOO------------------ X;,1,50,8,6,2,0,-18,0,64,2.0000000000000004,0.5,1.5,10.0,10.0,815623,-63.38158438396171,-5.525484200421028,-64.0,-4.0,-64.0,64.0,0.9982516432224202
-------------X------OXX---XXOX-----XOO----X-X----X-------------- X;,1,50,10,4,6,0,-38,0,64,1.875,0.125,1.875,9.0,8.875,141172,-62.20084010993681,-6.23078939166407,-64.0,-4.0,-64.0,64.0,0.9980874394355821
-----------------O-XXO---XOXX-----OOXX---XO--------------------- X;,1,50,8,6,2,0,-14,0,64,2.25,1.25,2.75,7.0,8.75,558083,-62.69831369169102,-8.45561502500524,-64.0,-4.0,-64.0,64.0,0.9960615177312335
----------X-------XOO-----XXOX-----XOX-----XOO------------------ X;,1,50,8,6,2,0,-16,0,64,0.25,3.25,0.25,9.0,11.25,1139040,-63.33056609074308,-6.019836002247507,-64.0,-4.0,-64.0,64.0,0.9973293299620734
-----------------XXXX------XXO----XXOO-------OOO---------------- X;,1,50,8,6,2,0,-16,0,64,1.2500000000000002,1.25,1.25,10.0,8.75,145194,-61.41274432827803,-10.835172252296926,-64.0,-4.0,-64.0,64.0,0.9901304461616871
-------------------XXO----XXX----XXXXX--OOO--------------------- X;,1,50,10,4,6,0,-20,0,64,8.5,0.5,1.5,3.0,8.5,84527,-61.168407727708306,-8.86843257184095,-64.0,-4.0,-64.0,64.0,0.993327575804181
-----------O--X----OXX----OOX-----OOXX---XO--------------------- X;,1,50,7,7,0,0,-28,0,64,0.6250000000000001,0.375,0.625,11.0,8.625,1186668,-63.3029061203302,-6.476039633663333,-64.0,-4.0,-64.0,64.0,0.9977390474842163
---------XX-------XOO------XOX-----XOX-----XOO------------------ X;,1,50,8,6,2,0,-34,0,64,0.37499999999999994,2.125,0.875,10.0,9.875,645598,-63.28272702207875,-5.69580450992723,-64.0,-4.0,-64.0,64.0,0.9987778772548862
----------O------XOX-----OOXXX-----XXX-----X-O------------------ X;,1,50,9,5,4,0,-18,0,64,6.25,0.75,1.25,5.0,8.75,99493,-60.016845406209484,-11.773471500507574,-64.0,-4.0,-64.0,64.0,0.956197923472003
-----------------XXXX------XX-----XXO-------OO------OO-------O-- X;,1,50,8,6,2,0,-18,0,64,1.7500000000000002,0.75,1.75,9.0,7.75,31385,-59.953385375179224,-15.457352238330413,-64.0,-4.0,-64.0,64.0,0.9965907280548032
-------------------X-O-----XXX--XXXXXX--OOO--------------------- X;,1,50,10,4,6,0,-24,0,64,7.5,1.0,1.5,3.0,7.5,84549,-62.71782043548711,-7.6383044151911905,-64.0,-4.0,-64.0,64.0,0.9981667435451632
--------------X----XOX-----OXX---OOOXX---XO--------------------- X;,1,50,8,6,2,0,-28,0,64,0.6250000000000001,0.375,1.625,11.0,8.625,1882031,-63.63753944541828,-5.100199731035248,-64.0,-4.0,-64.0,64.0,0.9989065004774098
-------------------X-O---X-XXX---XOOXX---OO-----O--------------- X;,1,50,8,6,2,0,-30,0,64,3.2499999999999996,0.75,2.75,7.0,7.75,24491,-60.95618798742395,-10.368543546608958,-64.0,-4.0,-64.0,64.0,0.9833816504021886
---------XO------XO------OOXXX-----XXX-----X-O------------------ X;,1,50,9,5,4,0,-42,0,64,5.875000000000001,0.625,1.875,5.0,7.875,18526,-54.72217424160639,-17.532494872071684,-64.0,-6.0,-64.0,64.0,0.9958976573464321
-----------OXX----OOX-----XOXX----XOO-----O--------------------- X;,1,50,7,7,0,0,-12,0,64,3.2499999999999996,1.25,2.75,6.0,8.75,1556034,-63.28255359458726,-5.630756782949473,-64.0,-4.0,-64.0,64.0,0.9955277326845043
-------------X----OOX-----XOXX----XOX-----OOO------------------- X;,1,50,7,7,0,0,-14,0,64,1.2500000000000002,3.25,1.25,8.0,11.25,2651798,-63.74152933217387,-4.764104958220799,-64.0,-4.0,-64.0,64.0,0.9985587137481814
-------------X---XXXXO----XOOX----XOO-----O--------------------- X;,1,50,8,6,2,1,-16,0,64,7.875,0.125,2.375,3.0,9.875,723712,-63.43736873231341,-5.330000055270605,-64.0,-4.0,-64.0,64.0,0.9975888198620446
----------X--------XOO----XXOOO---XXXX-------O------------------ X;,1,50,8,6,2,0,-16,0,64,2.75,0.75,3.25,7.0,9.75,565624,-62.402756955150416,-8.578810305078992,-64.0,-4.0,-64.0,64.0,0.9964499384750294
-------------O----OXOXX---OOO-----XXO----X-X-------------------- X;,1,50,7,7,0,0,-16,0,64,1.2500000000000002,1.25,2.25,7.0,9.25,1053547,-63.13098703712316,-7.0464915186508055,-64.0,-4.0,-64.0,64.0,0.9968278586527226
----------X--X----XXX----OOOXX----XOO-----O--------------------- X;,1,50,8,6,2,0,-18,0,64,2.75,0.75,3.25,6.0,8.75,654503,-62.04084778832183,-9.025576658930516,-64.0,-4.0,-64.0,64.0,0.9938609907059249
----------X--------XOO----XXOX-----XOX-----XOO------------------ X;,1,50,8,6,2,1,-22,0,64,2.25,1.25,0.25,10.0,11.25,859485,-62.909577246839675,-7.203055318010204,-64.0,-4.0,-64.0,64.0,0.997919684462207
--------------X---OXXX----OOOO----XXO----X-X-------------------- X;,1,50,8,6,2,0,-32,0,64,1.875,2.125,2.875,7.0,9.875,508272,-61.41938568325621,-10.747269178707464,-64.0,-4.0,-64.0,64.0,0.992321040702616
----------X-OX----X-O----XOOOX--X--OO-----O--------------------- X;,1,50,6,8,-2,0,-14,0,64,4.750000000000001,1.25,1.75,5.0,7.25,228186,-63.60704425337225,-4.762312324156609,-64.0,-4.0,-64.0,64.0,0.9973880956763342
-----------------X-X-O----XXOX-----OO----XXO-O-----O------------ X;,1,50,7,7,0,0,-16,0,64,2.3749999999999996,1.125,1.875,8.0,8.875,1048461,-63.665317069495195,-5.073108107979219,-64.0,-4.0,-64.0,64.0,0.9985426258105928
-----------------X-X-X----XXX----O-XO----XOO-O-----O------------ X;,1,50,8,6,2,0,-16,0,64,2.3749999999999996,0.625,2.875,8.0,8.375,575962,-63.27373333657429,-6.168420833318865,-64.0,-4.0,-64.0,64.0,0.9980432736881947
----------X--X---OX-X----OOXXX----XOO-----O--------------------- X;,1,50,8,6,2,0,-18,0,64,0.7499999999999999,1.25,3.25,8.0,8.25,350734,-62.218957956742145,-9.124133959068695,-64.0,-4.0,-64.0,64.0,0.9957859802585435
----------X--X----X-X-O-XXXXXO-----OO-----O--------------------- X;,1,50,9,5,4,0,-18,0,64,0.5000000000000001,1.5,1.5,9.0,7.5,542495,-63.60865630097973,-5.020201107844312,-64.0,-4.0,-64.0,64.0,0.9984184186029365
----------X--X-----X-X----XXOOO----XO------OOO------------------ X;,1,50,7,7,0,0,-18,0,64,0.7499999999999999,0.75,2.25,10.0,8.75,717451,-63.58870919407737,-5.540148386440328,-64.0,-4.0,-64.0,64.0,0.9981754851550838
-----------O--X--XXOOX-----OO-----XXO----X-X-------------------- X;,1,50,8,6,2,0,-34,0,64,2.875,1.125,1.875,8.0,7.875,96919,-60.38332009203562,-12.432268182709272,-64.0,-4.0,-64.0,64.0,0.997637202199775
----------X--------X-O----XXXXO----XXO-----OOO------------------ X;,1,50,8,6,2,0,-14,0,64,5.25,0.75,0.25,7.0,9.75,2394912,-63.14512516535054,-6.967445985489237,-64.0,-4.0,-64.0,64.0,0.9959860738098101
-----------------XOX--X---XOXX-----OOO----OX-O------------------ X;,1,50,7,7,0,0,-14,0,64,4.875000000000001,0.625,1.375,7.0,9.875,864036,-63.75815938224796,-4.594772671509057,-64.0,-4.0,-64.0,64.0,0.9984329356647177
------------------OX-OX----OOOO---XXXO---X-X-------------------- X;,1,50,7,7,0,0,-18,0,64,1.7500000000000002,1.75,0.75,9.0,8.75,1009115,-63.412033316321725,-6.231186732929349,-64.0,-4.0,-64.0,64.0,0.9980804962764402
-----------------X-XO-----XXOXX----OOO----OX-O------------------ X;,1,50,7,7,0,0,-20,0,64,2.75,0.25,1.25,9.0,9.75,1041684,-63.54718705480741,-5.4213024295275725,-64.0,-4.0,-64.0,64.0,0.9980656321878804
--------------X---OOOX-----OXO----XXXO---X-X-------------------- X;,1,50,8,6,2,0,-28,0,64,1.875,0.125,2.875,9.0,9.875,1664192,-62.698682603930315,-8.725395867784487,-64.0,-4.0,-64.0,64.0,0.9980272708918202
----------X---X---OX-X----XOXX-----XO------OOO------------------ X;,1,50,8,6,2,0,-30,0,64,0.7499999999999999,1.25,6.75,5.0,9.75,824855,-63.753771268889686,-4.9001109285874485,-64.0,-4.0,-64.0,64.0,0.9990689272660044
----------X--X----OX-X----XOOX-----XO------XOO------------------ X;,1,50,8,6,2,0,-20,0,64,2.875,0.625,3.375,7.0,9.875,178649,-63.29025631265778,-5.493739119726391,-64.0,-4.0,-64.0,64.0,0.998320729475116
-------------X----OOOX-----OOX----XXXX---X-X-------------------- X;,1,50,9,5,4,0,-22,0,64,1.0,2.0,2.0,9.0,10.0,319960,-63.14713714214277,-6.37447805975747,-64.0,-4.0,-64.0,64.0,0.9976965870733842
------------------OX-OX----OOOO---XXXX---X-X-------------------- X;,1,50,8,6,2,0,-22,0,64,2.75,0.75,0.75,9.0,8.75,592494,-62.948689775761444,-7.055208997897025,-64.0,-4.0,-64.0,64.0,0.998011794212262
--------------X---OOOX-----OXO----XXXX---X-X-------------------- X;,1,50,9,5,4,0,-34,0,64,1.375,0.625,2.375,9.0,9.875,655681,-62.02323690941174,-9.912808210089967,-64.0,-4.0,-64.0,64.0,0.9981240877804908
----------X---X----X-XO---XXXO-----XO------XOO------------------ X;,1,50,9,5,4,0,-36,0,64,1.375,0.625,2.875,8.0,8.875,241115,-60.30369740580221,-12.245194201936835,-64.0,-4.0,-64.0,64.0,0.9977562573875537
------------O-X---OXOX-----XOO----XXO----X-X-------------------- X;,1,50,8,6,2,0,-34,0,64,0.6250000000000001,0.375,1.625,11.0,8.625,488330,-60.373587533020704,-12.550332766776565,-64.0,-4.0,-64.0,64.0,0.9977003255994922
-------------OX--XXX-O-----OOO----XXO----X-X-------------------- X;,1,50,8,6,2,0,-36,0,64,1.875,1.625,2.375,8.0,8.375,235480,-62.32468574825887,-7.314833531510107,-64.0,-4.0,-64.0,64.0,0.9990954645829795
--------------X---OOOX-----OXX----XXXX---X-X-------------------- X;,1,50,10,4,6,0,-36,0,64,1.875,2.125,2.875,7.0,9.875,487544,-62.5235630014932,-7.9406699703001165,-64.0,-4.0,-64.0,64.0,0.998127348505981
--------------X---OOOXX----OOX----XXX----X-X-------------------- X;,1,50,9,5,4,0,-42,0,64,0.875,1.625,2.875,8.0,8.875,114434,-59.884308859255114,-12.152865407134243,-64.0,-4.0,-64.0,64.0,0.9980687557893633
-------------X----OOX----XOOO-----OXXX----OX-------------------- X;,1,50,7,7,0,0,-14,0,64,1.2500000000000002,0.75,0.75,9.0,9.75,1083346,-62.85133835358233,-7.031845781495478,-64.0,-4.0,-64.0,64.0,0.9945945247409415
-----------X-X-----XXX----OOOX----OOO----XO--------------------- X;,1,50,7,7,0,0,-14,0,64,4.750000000000001,1.25,0.75,7.0,8.75,391778,-63.28741021701065,-5.449073199618151,-64.0,-4.0,-64.0,64.0,0.9964137853580344
-------------X----XXX----XXOO-----XOO-----OOO------------------- X;,1,50,7,7,0,0,-16,0,64,4.750000000000001,0.75,1.25,7.0,9.75,895552,-63.28461105552776,-5.472211552204674,-64.0,-4.0,-64.0,64.0,0.9970777799614092
-----------XO------OOXX---OOOX----XOO----X---------------------- X;,1,50,6,8,-2,0,-16,0,64,4.875000000000001,1.625,2.375,3.0,8.375,477280,-62.28967063359035,-8.350347804223937,-64.0,-4.0,-64.0,64.0,0.9939343781428093
------------XX-----XX----XXOO-----XOO-----OOO------------------- X;,1,50,7,7,0,2,-18,0,64,5.375,0.625,0.375,7.0,9.375,691014,-63.210101387236726,-6.198602343802007,-64.0,-4.0,-64.0,64.0,0.997743895203281
-----------XO------XOO---XXXOX----XOO----X---------------------- X;,1,50,8,6,2,0,-18,0,64,2.625,1.375,2.625,6.0,8.625,438341,-61.76071369093925,-7.421470955260858,-64.0,-4.0,-64.0,64.0,0.9652827364996658
-----------X------OOOO----OOXX----XXXX---X---------------------- X;,1,50,8,6,2,0,-18,0,64,2.25,2.25,1.75,7.0,9.75,339380,-61.21349814367376,-11.134624904237139,-64.0,-4.0,-64.0,64.0,0.99533561199835
-------------X-----OX----XOXXX---OOOX-----OX-------------------- X;,1,50,8,6,2,0,-20,0,64,1.375,0.625,3.875,7.0,9.375,326199,-61.97571114565036,-9.775735057434266,-64.0,-4.0,-64.0,64.0,0.9954843515767983
-----------------X--OX----XXXXO----XXO-----XOO------------------ X;,1,50,9,5,4,0,-14,0,64,4.25,0.75,1.75,7.0,9.75,2131199,-63.127194128751,-6.187897516843805,-64.0,-4.0,-64.0,64.0,0.9964175095802879
----------X--------X-------OXXX---OOOX----XOOO------------------ X;,1,50,7,7,0,1,-18,0,64,1.2500000000000002,0.75,2.75,9.0,9.75,730578,-63.16779454076088,-6.136246916824761,-64.0,-4.0,-64.0,64.0,0.9977237201229712
------------------XXX-X----XXX----XOX-----OOOO------------------ X;,1,50,9,5,4,0,-18,0,64,1.875,0.625,1.875,9.0,10.875,227134,-62.463052647335935,-7.967829563165356,-64.0,-4.0,-64.0,64.0,0.9896008523602807
------------------XO--X----OOX----XOOO---XXXX------------------- X;,1,50,8,6,2,0,-18,0,64,5.999999999999999,0.5,2.5,4.0,10.0,407664,-63.399556988107854,-5.060140213509165,-64.0,-4.0,-64.0,64.0,0.9968920483535461
-------------X-----XXX----OOOX----XOO----X--OX------------------ X;,1,50,8,6,2,0,-18,0,64,5.999999999999999,0.0,2.5,5.0,10.0,477162,-63.37905155900931,-5.365060503560636,-64.0,-4.0,-64.0,64.0,0.9974809393874617
----------X-------OXOO-----XOX----XOXX---XO--------------------- X;,1,50,8,6,2,0,-16,0,64,3.875,1.125,4.375,3.0,9.875,1214334,-63.38640769343525,-5.7363937763415995,-64.0,-4.0,-64.0,64.0,0.9965124916209215
------------X-----OOXO-----XOX----XOXX---XO--------------------- X;,1,50,8,6,2,0,-16,0,64,3.6250000000000004,1.375,5.625,3.0,9.625,1307700,-63.17288063011394,-6.565697025311616,-64.0,-4.0,-64.0,64.0,0.9962820218704596
-------------X----OOXX-----XOX----XXXO---X----O----------------- X;,1,50,9,5,4,0,-20,0,64,1.2500000000000002,0.25,6.25,6.0,9.25,217681,-62.81752656410068,-6.21116220524529,-64.0,-4.0,-64.0,64.0,0.9975928078242934
-----------X------OXXO-----XOX----XOXX---XO--------------------- X;,1,50,9,5,4,0,-22,0,64,5.625,0.375,4.625,3.0,9.625,204567,-62.5620505751172,-7.357643217136684,-64.0,-4.0,-64.0,64.0,0.9958351053689012
---------X-------OOOOO-----XXX----XXXX---X---------------------- X;,1,50,9,5,4,0,-32,0,64,5.375,3.125,0.875,4.0,8.875,410225,-62.236560424157474,-10.11720153574258,-64.0,-4.0,-64.0,64.0,0.9979523432262782
--------------X---OOOOO----XXX----XXXX---X---------------------- X;,1,50,9,5,4,0,-32,0,64,5.375,3.125,0.375,5.0,8.875,578635,-62.05615457067063,-11.476673550683937,-64.0,-4.0,-64.0,64.0,0.9980972461050576
-------------X-----OOO----XOO-----XXXX---XXX-------------------- X;,1,50,9,5,4,0,-18,0,64,1.0,2.0,0.5,10.0,10.0,262324,-62.88049892499352,-6.614583492169988,-64.0,-4.0,-64.0,64.0,0.9951662829173084
------------OX----XXOX----XOOX----XOO----X---------------------- X;,1,50,8,6,2,0,-20,0,64,6.75,1.25,0.75,4.0,8.75,258147,-61.95247281587623,-6.836542745025121,-64.0,-4.0,-64.0,64.0,0.9922021173982266
-------------X-----XXX----OOOOO---XXXX---X---------------------- X;,1,50,9,5,4,0,-20,0,64,1.375,0.625,0.875,11.0,9.375,729579,-63.29591997576684,-5.980459963896987,-64.0,-4.0,-64.0,64.0,0.9968433850206763
------------OX-----XOX----XOOX---XXOO----X---------------------- X;,1,50,8,6,2,0,-22,0,64,5.875000000000001,1.625,0.875,4.0,8.375,351523,-62.60180983890101,-7.050616887088469,-64.0,-4.0,-64.0,64.0,0.9961140522810741
-------------X-----XXX----OOXX----XOO----XXO-------------------- X;,1,50,9,5,4,0,-22,0,64,2.9999999999999996,0.0,3.0,6.0,10.0,452358,-63.10959240247768,-5.714507093938871,-64.0,-4.0,-64.0,64.0,0.9968144699552125
-------------X----OXXX---XXOXX----XOO----X---------------------- X;,1,50,10,4,6,0,-24,0,64,4.750000000000001,0.25,2.75,6.0,8.75,189623,-61.82099217921876,-7.345353675450763,-64.0,-4.0,-64.0,64.0,0.9938298624112054
-------------X-----XXX----OXOX----OOX----XOX-------------------- X;,1,50,9,5,4,0,-24,0,64,1.0,2.0,5.0,6.0,10.0,138298,-62.80027910743467,-6.439970209258268,-64.0,-4.0,-64.0,64.0,0.9971366180277372
-----------O-------OXXX---OOXX----XXO----XX--------------------- X;,1,50,9,5,4,0,-18,0,64,1.7500000000000002,0.75,8.75,2.0,8.75,1022661,-63.33551587476202,-5.262316642562882,-64.0,-4.0,-64.0,64.0,0.996441636084685
-------------------XXXX---OOXX----OOX----XO-X------------------- X;,1,50,9,5,4,0,-18,0,64,1.0,2.5,0.5,9.0,10.0,277801,-63.24508551085129,-5.622146788528479,-64.0,-4.0,-64.0,64.0,0.9966990759572499
-----------O------XOXXX---XOOX----XOO----X---------------------- X;,1,50,8,6,2,0,-20,0,64,6.75,1.75,1.75,3.0,8.75,531695,-62.969792832356895,-5.89586134908171,-64.0,-4.0,-64.0,64.0,0.9967537780118301
------------O------XOXX---XOOX---XXOO----X---------------------- X;,1,50,8,6,2,0,-22,0,64,5.875000000000001,2.125,0.875,3.0,8.375,820274,-62.98525370790736,-6.787139419267221,-64.0,-4.0,-64.0,64.0,0.9967925351772701
------------------OXXXX--XXOXX----XOO----X---------------------- X;,1,50,10,4,6,0,-22,0,64,4.750000000000001,0.75,2.75,5.0,8.75,314969,-62.29661649241672,-7.141398042347024,-64.0,-4.0,-64.0,64.0,0.9937835152030835
-------------------XXXX---OXOX----OOX----XOX-------------------- X;,1,50,9,5,4,0,-22,0,64,1.0,2.5,5.0,5.0,10.0,121087,-62.40609644305334,-6.485807725024157,-64.0,-4.0,-64.0,64.0,0.9946980270384104
-------------------XXXX---OOOOO---XXXX---X---------------------- X;,1,50,9,5,4,0,-22,0,64,1.375,1.125,0.875,10.0,9.375,288468,-62.50336259134462,-8.407698600884673,-64.0,-4.0,-64.0,64.0,0.9960792878239527
-------------X------XO----XXOX---XXOX-----OOO------------------- X;,1,50,8,6,2,0,-22,0,64,1.7500000000000002,2.25,5.75,4.0,9.75,331643,-63.39778014310569,-5.357200363040981,-64.0,-4.0,-64.0,64.0,0.998293345555311
-----------------X-XO-----XXOO-----XOXX----XOO------------------ X;,1,50,8,6,2,0,-22,0,64,0.6250000000000001,0.375,1.625,10.0,10.625,674218,-62.002678658831414,-8.972281962214002,-64.0,-4.0,-64.0,64.0,0.9959464149577733
-----------------X-X--X---XXXX----OOOO-----XOO------------------ X;,1,50,8,6,2,0,-22,0,64,0.875,0.625,0.375,12.0,10.875,415608,-62.971504398375394,-7.060650901811322,-64.0,-4.0,-64.0,64.0,0.9983109083559508
-------------X------X-----XXXX---OOOX----XOOO------------------- X;,1,50,8,6,2,0,-24,0,64,1.875,0.625,1.875,9.0,9.375,339443,-61.51926243875997,-9.421042708201377,-64.0,-4.0,-64.0,64.0,0.9967328829877181
-----------------X-X------XXXXX----XOO-----OOO----O------------- X;,1,50,8,6,2,0,-24,0,64,1.375,1.125,1.875,9.0,9.375,342084,-62.745676500508644,-7.841313829351855,-64.0,-4.0,-64.0,64.0,0.9923615252394149
-------------------XXXX----XOX----XOXO---XOX-------------------- X;,1,50,10,4,6,0,-28,0,64,2.5000000000000004,1.0,6.5,3.0,10.0,58012,-62.773115907053715,-5.556953733710267,-64.0,-4.0,-64.0,64.0,0.9987244018478936
--------------X----XOOO----XXO----XXXO---X-X-------------------- X;,1,50,9,5,4,0,-38,0,64,4.499999999999999,0.5,0.5,8.0,9.5,152027,-59.737257197734614,-10.978734040663829,-64.0,-4.0,-64.0,64.0,0.9992303998631822
------------X------XX-----OOOO----XOOO-----OOO------------------ X;,1,50,4,10,-6,347,0,-64,0,4.875000000000001,0.625,0.875,7.0,12.375,5134366,-31.881010235733097,27.09283151999682,-64.0,-2.0,-64.0,64.0,0.9959089398769001
------------X-----OXX------OXO----XXOO-----OOO------------------ X;,1,50,6,8,-2,67,2,-64,0,1.2500000000000002,0.25,5.25,7.0,11.25,1047884,7.290855667230343,63.88046482244218,4.0,64.0,-64.0,64.0,0.9992833176191258
-----------X-------XX-----OXX-----OOOOO---OOO------------------- X;,1,50,5,9,-4,32,2,-64,0,1.375,1.625,0.375,10.0,10.875,2839295,5.0118684391724,63.961471773803005,4.0,64.0,-64.0,64.0,0.9995939132777679
------------X------XX----O-XXO----OXOO-----OOO------------------ X;,1,50,6,8,-2,29,2,-64,0,2.3749999999999996,1.625,1.875,8.0,10.875,2436044,4.004738830661515,63.97428535773574,4.0,64.0,-64.0,64.0,0.9903589590335806
-----------------O--X-----OXXO---XXOOO-----OOO------------------ X;,1,50,5,9,-4,2,6,-64,0,1.6249999999999998,0.375,1.625,10.0,10.625,1359747,6.238139153827881,63.92673563537923,4.0,64.0,-64.0,64.0,0.9990498232391761
-----------OX------OO------OXO----XOOO-----OOO------------------ X;,1,50,3,11,-8,0,6,-64,0,4.375,1.125,1.875,6.0,10.875,1479273,4.897096073544234,63.925479610592504,4.0,64.0,-64.0,64.0,0.995808752001828
--------------------X-----XXXO--OOOOOO-----OOO------------------ X;,1,50,4,10,-6,0,6,-64,0,1.6249999999999998,0.375,0.625,10.0,10.625,2575628,4.591066334113466,63.9656592489288,4.0,64.0,-64.0,64.0,0.9909299790187093
------------------XXX------XX----OOOOOO---OOO------------------- X;,1,50,5,9,-4,1504,2,-64,0,1.0,1.0,1.0,11.0,10.0,2717548,4.8006221049269415,63.973003236741356,4.0,64.0,-64.0,64.0,0.9980018752198673
-------------------XXX---O-XX-----OXOOO----OOO------------------ X;,1,50,6,8,-2,173,2,-64,0,2.0000000000000004,1.0,2.5,8.0,10.0,1154895,5.52967152858052,63.958449902372074,4.0,64.0,-64.0,64.0,0.9996146835859537
-------------------XXX----OXX-----XOOOO----OOO------------------ X;,1,50,6,8,-2,62,4,-64,0,0.25,0.25,2.25,10.0,11.25,1865006,5.890276492408067,63.96869661545325,4.0,64.0,-64.0,64.0,0.9994766772868291
------------------OXXX-----OX-----XXOOO----OOO------------------ X;,1,50,6,8,-2,0,4,-64,0,0.37499999999999994,0.125,6.875,6.0,10.875,1353985,6.101729339689879,63.94965527683098,4.0,64.0,-64.0,64.0,0.9958419037138521
------------O------XOX-----XO-----XXOOO----OOO------------------ X;,1,50,5,9,-4,0,6,-64,0,1.0,0.5,1.0,9.0,10.0,1288432,6.643548126715263,63.93046586859066,4.0,64.0,-64.0,64.0,0.9978826977287121
----------O--------OXX-----XO-----XXOOO----OOO------------------ X;,1,50,5,9,-4,0,10,-64,0,0.7499999999999999,0.75,3.25,9.0,9.75,1016726,6.695707594769879,63.937349885809944,4.0,64.0,-64.0,64.0,0.9995062583232848
-----------O-------OXX-----OX-----XOOOO----OOO------------------ X;,1,50,4,10,-6,0,10,-64,0,2.0000000000000004,0.5,4.5,7.0,10.0,851244,6.741598178665576,63.9404953221403,4.0,64.0,-64.0,64.0,0.9997979427755144
------------------XXX----O-XX-----OOOOO---OOO------------------- X;,1,50,5,9,-4,424,2,-64,0,1.0,1.0,1.5,10.0,10.0,2418301,4.896031552730616,63.95968822739601,4.0,64.0,-64.0,64.0,0.9903667905690814
-------------------XXX---O-XX-O---OXOO-----OOO------------------ X;,1,50,6,8,-2,37,2,-64,0,2.0000000000000004,1.0,2.0,9.0,10.0,961543,5.671357391193114,63.901799503506346,4.0,64.0,-64.0,64.0,0.9958472996007459
-------------------XXX----OXX-O---XOOO-----OOO------------------ X;,1,50,6,8,-2,5,4,-64,0,0.25,0.25,2.25,10.0,11.25,1927746,6.006222811511475,63.965752749584226,4.0,64.0,-64.0,64.0,0.9995227587036881
------------------OXXX-----OX-O---XXOO-----OOO------------------ X;,1,50,6,8,-2,0,6,-64,0,0.37499999999999994,0.125,6.875,6.0,10.875,1314572,5.829541478138893,63.94772290905329,4.0,64.0,-64.0,64.0,0.9997793958794193
--------------------X-----XXXO---OOOOO----O-OO-----O------------ X;,1,50,4,10,-6,0,10,-64,0,2.0000000000000004,0.5,0.5,9.0,10.0,2148509,5.723605532953318,63.94337840800294,4.0,64.0,-64.0,64.0,0.9996271833164302
----------O--------OXX-----XO-O---XXOO-----OOO------------------ X;,1,50,5,9,-4,0,10,-64,0,0.7499999999999999,0.75,3.25,9.0,9.75,952742,5.684072917956803,63.93412802206684,4.0,64.0,-64.0,64.0,0.9995203318421986
-----------O-------OXX-----OX-O---XOOO-----OOO------------------ X;,1,50,4,10,-6,0,10,-64,0,2.0000000000000004,0.5,4.0,7.0,10.0,963000,6.42953790238837,63.94056178608515,4.0,64.0,-64.0,64.0,0.9997757009345795
-------------------XO-----OXX----OOOOX----XOOO------------------ X;,1,50,5,9,-4,324,2,-64,0,1.2500000000000002,0.25,2.25,10.0,11.25,4159497,5.249124834084506,63.962598121840216,4.0,64.0,-64.0,64.0,0.9910234338430824
------------------OOOX----XOXX-----XOO-----OOO------------------ X;,1,50,5,9,-4,39,2,-64,0,1.375,3.125,6.375,3.0,12.375,1893778,6.263804944402142,63.923820004245485,4.0,64.0,-64.0,64.0,0.9997470664460143
-------------------XO----OOXX-----OXOX----XOOO------------------ X;,1,50,6,8,-2,11,2,-64,0,2.25,0.25,3.25,8.0,11.25,4039019,5.21643918981317,63.97318730117387,4.0,64.0,-64.0,64.0,0.9988455117443121
-------------------OXX----XXXO----OXOO------OO------O----------- X;,1,50,6,8,-2,24,4,-64,0,2.25,0.25,2.25,6.0,11.25,1558560,6.216706446976697,63.94709475413202,4.0,64.0,-64.0,64.0,0.9990208910789447
------------------OOOX----XOOX-----XOO-----OO-------O----------- X;,1,50,4,10,-6,12,6,-64,0,2.25,3.25,2.25,6.0,11.25,3677337,5.630359143042914,63.977810573249066,4.0,64.0,-64.0,64.0,0.999515682136285
-------------------OXX----XXXO----OXOO------OO-----O------------ X;,1,50,6,8,-2,1,6,-64,0,2.25,0.25,2.25,6.0,11.25,1552099,6.2723614924048015,63.931897385411624,4.0,64.0,-64.0,64.0,0.9979853089268146
-------------------OX------XOO----XOXO----OOOOO----------------- X;,1,50,4,10,-6,0,6,-64,0,2.25,0.25,5.25,6.0,11.25,1579703,5.631701655311157,63.97129713623384,4.0,64.0,-64.0,64.0,0.9997271639035945
------------------XOOO----XXOX----OXX------OO-------O----------- X;,1,50,6,8,-2,6,8,-64,0,2.25,3.25,2.25,6.0,11.25,2652835,6.218353949642553,63.95521055776179,4.0,64.0,-64.0,64.0,0.9993957407829737
-------------------OXX----XOXO----OOOO-----OOO------------------ X;,1,50,4,10,-6,4,8,-64,0,2.9999999999999996,0.0,2.0,7.0,13.0,1306975,8.433507144360068,63.91934887813462,4.0,64.0,-64.0,64.0,0.9961231087052163
-------------------OX------XXO----XOXO----OOOO-------O---------- X;,1,50,5,9,-4,1,8,-64,0,3.2499999999999996,0.25,2.25,8.0,11.25,2033675,5.082970484467774,63.98038821345594,4.0,64.0,-64.0,64.0,0.8558348802045558
-----------OX-------X-----XXXO----OXOO-----OOO------------------ X;,1,50,6,8,-2,2,2,-64,0,2.3749999999999996,0.125,1.875,8.0,10.875,336083,7.054272307733506,63.7325035779852,4.0,64.0,-64.0,64.0,0.9945251619391638
-----------OX-------X-----XXXO----OXOO------OO------O----------- X;,1,50,6,8,-2,1,2,-64,0,1.875,0.625,2.375,6.0,9.875,283984,6.352952983266663,63.87925023945011,4.0,64.0,-64.0,64.0,0.9846787142937631
-------------------XO----OOXX----XXOOX-----OOO------------------ X;,1,50,6,8,-2,3,4,-64,0,0.37499999999999994,1.125,0.875,10.0,10.875,1538185,6.602919024694689,63.92301641220009,4.0,64.0,-64.0,64.0,0.9927791520525815
-----------OX-------X-----XXXO----OXOO------OO-----O------------ X;,1,50,6,8,-2,0,4,-64,0,1.875,0.625,1.375,8.0,9.875,396610,6.904245984720506,63.88668717379794,4.0,64.0,-64.0,64.0,0.9988199994957263
------------------OOO-----XOXXX----XO-O----OOO------------------ X;,1,50,5,9,-4,0,6,-64,0,1.4999999999999998,4.5,5.5,2.0,10.0,591645,7.523690726702668,63.818793364264046,4.0,64.0,-64.0,64.0,0.9995554766794277
------------------OOO-----XOOXX----XO-O----OO-------O----------- X;,1,50,4,10,-6,0,8,-64,0,1.875,4.625,2.375,5.0,9.875,1826569,6.904127355714457,63.97064277341836,4.0,64.0,-64.0,64.0,0.9999304707350228
-------------------OX------XX-O---XOOOOO--OOO------------------- X;,1,50,4,10,-6,0,12,-64,0,1.375,1.125,2.375,9.0,9.375,909773,8.869777406012268,63.79738462231788,4.0,64.0,-64.0,64.0,0.9951119674907917
-------------------OX------XO-O---XOXOO---OOO-O----------------- X;,1,50,4,10,-6,0,16,-64,0,1.375,1.125,6.375,5.0,9.375,350045,7.9654158751017725,63.8722449970718,4.0,64.0,-64.0,64.0,0.9997943121598651
------------------O-XXX---OOOO----XXOO------O-------O----------- X;,1,50,5,9,-4,1,4,-64,0,1.7500000000000002,0.75,4.25,7.0,9.75,1714618,7.188128201150343,63.94174912429474,4.0,64.0,-64.0,64.0,0.99978887425654
-----------O--------OXX---OXOO----XXOO------O-------O----------- X;,1,50,5,9,-4,0,4,-64,0,2.875,0.625,1.375,8.0,9.375,2174760,5.393933123655024,63.97332395298792,4.0,64.0,-64.0,64.0,0.9996588129264838
------------O-------OXX---OXOO----XXOO------O-------O----------- X;,1,50,5,9,-4,0,4,-64,0,2.875,0.625,0.875,9.0,9.375,1441773,5.1216543797116465,63.977750311595514,4.0,64.0,-64.0,64.0,0.9996254611509579
-------------O------XOX---OXOO----XXOO------O-------O----------- X;,1,50,5,9,-4,1,6,-64,0,0.875,1.125,2.375,9.0,9.375,1380178,6.445951174413735,63.95162073297792,4.0,64.0,-64.0,64.0,0.9987059640133374
--------------------XXX---OXOO----OOOO----O-O-------O----------- X;,1,50,4,10,-6,1,8,-64,0,3.2499999999999996,2.25,1.75,6.0,9.75,340801,13.452574963101634,63.73621262848407,4.0,64.0,-64.0,64.0,0.9990727726737891
--------------------XXX---OXOO---OOOOO------O-------O----------- X;,1,50,4,10,-6,0,12,-64,0,3.875,2.125,1.875,5.0,9.375,481724,11.345947056820918,63.8048945039068,4.0,64.0,-64.0,64.0,0.9998193986598135
---------------O----XXO---OXOO----XXOO------O-------O----------- X;,1,50,5,9,-4,0,14,-64,0,1.1249999999999998,0.875,2.625,9.0,9.125,2229837,7.4423969106262025,63.9639875022255,4.0,64.0,-64.0,64.0,0.999813439278297
--------------O-----XOX---OXOO----XXOO------O-------O----------- X;,1,50,5,9,-4,0,24,-64,0,1.2500000000000002,0.75,2.75,9.0,9.25,876295,11.017995081564997,63.87501469254075,4.0,64.0,-64.0,64.0,0.9999680472900108
-------------------OOO----XOOX----XXO------OOO-----O------------ X;,1,50,4,10,-6,0,6,-64,0,2.25,6.25,1.25,4.0,11.25,1888319,5.456396403361932,63.96417183749144,4.0,64.0,-64.0,64.0,0.9994741354612224
-----------O-------OO-----XXXO----XOOO-----OOO------------------ X;,1,50,4,10,-6,1,8,-64,0,2.3749999999999996,2.125,0.375,9.0,12.375,375320,6.381589044015773,63.89194287541298,4.0,64.0,-64.0,64.0,0.9969919002451242
------------O------OO------XXXO---XOOO----OOO------------------- X;,1,50,4,10,-6,1,8,-64,0,1.875,3.125,1.875,6.0,10.875,3179039,5.692102865048211,63.932359118588984,4.0,64.0,-64.0,64.0,0.998447958644106
-----------O-------OO-----XXX-O---XOOO-----OOO------------------ X;,1,50,4,10,-6,0,10,-64,0,1.875,3.125,0.375,8.0,10.875,462612,6.340594277710046,63.94089863643831,4.0,64.0,-64.0,64.0,0.9992909825080197
-----------O-------OO-----XXX-----XOOOO----OOO------------------ X;,1,50,4,10,-6,0,10,-64,0,1.875,3.125,0.875,8.0,10.875,385683,6.952940627406445,63.923136358097196,4.0,64.0,-64.0,64.0,0.999616265171138
-------------------OOO----XOOX----XOX-----OOO------O------------ X;,1,50,4,10,-6,0,10,-64,0,2.25,6.25,2.25,3.0,11.25,1268670,5.856435479675565,63.929696453766546,4.0,64.0,-64.0,64.0,0.9998455074999802
-------------------XX----OOXOO----OOOO------OO-------O---------- X;,1,50,3,11,-8,0,12,-64,0,2.625,3.375,1.625,6.0,10.625,796234,5.386022199504166,63.94721149812744,4.0,64.0,-64.0,64.0,0.9990844400013061
------------O------OO------XXO----XOOOO---OOO------------------- X;,1,50,3,11,-8,0,12,-64,0,3.875,1.125,0.375,8.0,10.875,882749,5.7390900471141855,63.93798690227913,4.0,64.0,-64.0,64.0,0.9998776549166297
-------------------OOO----XOOX----OXX----O-OO------O------------ X;,1,50,4,10,-6,0,14,-64,0,1.6249999999999998,3.375,0.625,8.0,10.625,457974,9.326077462912743,63.81075563241581,4.0,64.0,-64.0,64.0,0.9994082633511946
------------O------OO------XOX----XOOO----OOO-O----------------- X;,1,50,3,11,-8,0,16,-64,0,2.625,3.375,2.625,4.0,10.625,238929,7.289722051320685,63.88292756425549,4.0,64.0,-64.0,64.0,0.9999037370934462
------------------OXX-----OXXO----OXOO-----OOO------------------ X;,1,50,5,9,-4,3,8,-64,0,4.0,2.0,2.0,6.0,13.0,697009,6.046752624428092,63.861501071004824,4.0,64.0,-64.0,64.0,0.9977733429553994
-------------------OOO-----XXXO---XOXO----OOO------------------- X;,1,50,5,9,-4,1,10,-64,0,3.2499999999999996,3.25,3.25,3.0,11.25,621348,6.958020304241745,63.91349775005311,4.0,64.0,-64.0,64.0,0.9996909944185867
------------------OXX-----OXXO----OXOO------OO------O----------- X;,1,50,5,9,-4,1,12,-64,0,3.2499999999999996,3.25,2.25,5.0,11.25,368816,6.660082534380288,63.8780231877142,4.0,64.0,-64.0,64.0,0.9987907249143204
-------------------OOO-----XXO----XOXO----OOOO------------------ X;,1,50,4,10,-6,0,12,-64,0,6.374999999999999,1.125,1.375,5.0,12.375,401101,7.323601786083804,63.72467782428865,4.0,64.0,-64.0,64.0,0.9940114833919637
------------------OXX-----OXXO----OXOO------OO-----O------------ X;,1,50,5,9,-4,2,14,-64,0,3.2499999999999996,3.25,2.25,5.0,11.25,1326540,6.634005005503038,63.9056937597057,4.0,64.0,-64.0,64.0,0.9997142943296093
-------------------OOO----XOOX----OXX----OOOO------------------- X;,1,50,4,10,-6,2,14,-64,0,2.25,3.25,1.25,7.0,11.25,457789,7.268335412165867,63.81887288685399,4.0,64.0,-64.0,64.0,0.9993905489210094
-------------------XXO----OXXO----OOOO----OO------O------------- X;,1,50,4,10,-6,1,14,-64,0,2.25,3.25,1.25,7.0,11.25,457627,6.498845129330219,63.854127925144276,4.0,64.0,-64.0,64.0,0.997792962390768
-----------------O-OOO----OXOX----XOX-----OOO------------------- X;,1,50,4,10,-6,1,14,-64,0,2.25,3.25,6.25,1.0,11.25,430695,8.70074414608946,63.87313295951892,4.0,64.0,-64.0,64.0,0.9998003227341854
-------------------OOO-----XXO----XOOOO---OOO------------------- X;,1,50,3,11,-8,0,18,-64,0,4.25,1.25,1.25,7.0,11.25,276068,6.883568541084081,63.72133314980367,4.0,64.0,-64.0,64.0,0.9995109900459307
-------------------OX-O----XXO----XOOO----OOO-O----------------- X;,1,50,4,10,-6,2,10,-64,0,1.875,0.625,1.375,10.0,10.875,694003,6.4000818440266105,63.85115049934943,4.0,64.0,-64.0,64.0,0.9944063642376185
-------------O-----XO-----XXXO----OXOO-----OOO------------------ X;,1,50,5,9,-4,0,10,-64,0,3.375,0.125,3.375,7.0,12.375,1294232,6.35610462420957,63.92783519492641,4.0,64.0,-64.0,64.0,0.9992196144122537
-------------------XO-----XXX-----OXOOO--O-OOO------------------ X;,1,50,5,9,-4,0,10,-64,0,2.625,0.375,2.625,8.0,10.625,423025,6.88037586431062,63.89078896046333,4.0,64.0,-64.0,64.0,0.9998676201170144
-------------------XO-----XXX-O---OXOO---O-OOO------------------ X;,1,50,5,9,-4,0,12,-64,0,2.625,0.375,2.625,8.0,10.625,518211,7.035659219893055,63.82713991019102,4.0,64.0,-64.0,64.0,0.9934408956969265
------------------OX------OOXO----OXOO-----OOO----O------------- X;,1,50,3,11,-8,0,14,-64,0,4.25,1.25,5.25,3.0,11.25,246112,9.022749804966844,63.717904856325575,4.0,64.0,-64.0,64.0,0.9988623065921206
----------------O--XXX---OXOO-----OOO-----OOO------------------- X;,1,50,4,10,-6,644,0,-64,0,4.25,0.25,0.75,8.0,9.75,2531688,-27.887057172921782,29.14938965622936,2.0,64.0,-64.0,64.0,0.9924402217018843
-----------------O-XXX---XOOO-----OOO-----OOO------------------- X;,1,50,4,10,-6,107,2,-64,0,4.750000000000001,0.75,0.25,8.0,9.75,1705590,6.434776822096753,63.93547042372434,4.0,64.0,-64.0,64.0,0.9994512162946546
------------------OXXX---XOOO-----OOO-----OOO------------------- X;,1,50,4,10,-6,59,2,-64,0,4.875000000000001,0.625,0.375,8.0,10.875,1658959,7.051917497659677,63.94110041296982,4.0,64.0,-64.0,64.0,0.9996497803743191
------------O------XOX---XXOO-----OOO-----OOO------------------- X;,1,50,4,10,-6,46,2,-64,0,4.499999999999999,1.0,2.5,6.0,10.0,2466585,5.806044794726312,63.96012908535485,4.0,64.0,-64.0,64.0,0.9890273394186699
------------------XXX------OOOOO---OOO-----OOO------------------ X;,1,50,3,11,-8,5,2,-64,0,4.750000000000001,0.75,0.25,8.0,9.75,1491755,5.062712040516036,63.97807414756445,4.0,64.0,-64.0,64.0,0.9995455017747552
----------O--------OXX---XXOO-----OOO-----OOO------------------- X;,1,50,4,10,-6,3,4,-64,0,4.750000000000001,0.75,0.25,6.0,9.75,1177265,8.223102699901892,63.939694970970855,4.0,64.0,-64.0,64.0,0.999573587934747
-----------O-------OXX---XXOO-----OOO-----OOO------------------- X;,1,50,4,10,-6,7,6,-64,0,4.499999999999999,1.0,0.0,6.0,10.0,1486216,8.062598572482061,63.940049763964325,4.0,64.0,-64.0,64.0,0.9990506090635547
-------------O-----XOX---XXOO-----OOO-----OOO------------------- X;,1,50,4,10,-6,0,8,-64,0,4.750000000000001,0.75,2.25,6.0,9.75,1442230,7.097322202422637,63.94110301408236,4.0,64.0,-64.0,64.0,0.9997011572356698
--------------O----XXO---XXOO-----OOO-----OOO------------------- X;,1,50,4,10,-6,0,20,-64,0,5.375,0.125,1.875,6.0,9.875,2241102,6.810693578427042,63.97353221763222,4.0,64.0,-64.0,64.0,0.9999357458964384
-----O------O----OOOX----XOXXX----OOO--------------------------- X;,1,50,5,9,-4,14,2,-64,0,0.6250000000000001,0.875,2.125,10.0,8.125,5099683,5.192853359708829,63.963487534421255,4.0,64.0,-64.0,64.0,0.9977804502750465
-----O------OO----OOO----XXOXX----OOO--------------------------- X;,1,50,4,10,-6,12,2,-64,0,1.6249999999999998,1.875,2.125,8.0,8.125,1785761,9.051708487305971,63.89377077895642,4.0,64.0,-64.0,64.0,0.9931082602879109
-----O------O-----OOX----XXXOX----OOOO-------------------------- X;,1,50,5,9,-4,1,2,-64,0,1.375,0.625,2.375,9.0,9.375,2124220,5.703425728031936,63.96565280432347,4.0,64.0,-64.0,64.0,0.9994463850260331
-----O------O-----OOX----XOXXX---OOOO--------------------------- X;,1,50,5,9,-4,0,2,-64,0,0.6250000000000001,0.375,2.625,10.0,8.625,1453494,8.56756959437053,63.90090843168255,4.0,64.0,-64.0,64.0,0.9993491545200737
--O--------O-------XOO-O--XXXXO----OOO-------------------------- X;,1,50,5,9,-4,0,6,-64,0,1.375,0.125,0.375,10.0,8.375,762401,10.067341202333155,63.79450053187234,4.0,64.0,-64.0,64.0,0.995670257515402
-----O------O-----OOOO---XXXOX----OOO--------------------------- X;,1,50,4,10,-6,0,6,-64,0,2.25,1.75,1.75,8.0,8.75,1162306,12.139991534071061,63.78627056902399,4.0,64.0,-64.0,64.0,0.9995173388075085
-----O------O-----OOX-O--XXXXO----OOO--------------------------- X;,1,50,5,9,-4,0,6,-64,0,0.6250000000000001,0.875,1.125,8.0,8.125,2188158,9.748734780578003,63.90825982401636,4.0,64.0,-64.0,64.0,0.9997043175127207
--O--------O-------XOO----XXXXO----OOO-O------------------------ X;,1,50,5,9,-4,0,8,-64,0,1.1249999999999998,0.375,0.625,10.0,8.125,657995,10.963300632983533,63.78740719914285,4.0,64.0,-64.0,64.0,0.9803554738257889
-----------XX-----OXOO----OOOO----OOOO-------------------------- X;,1,50,3,11,-8,17,2,-64,0,7.5,2.5,0.5,3.0,10.0,1492533,7.105427484685431,63.92836540297601,4.0,64.0,-64.0,64.0,0.9973695723980642
----------OXX-----OOOO----XOOO-----OOO-------------------------- X;,1,50,3,11,-8,10,4,-64,0,6.75,0.75,0.25,6.0,8.75,1581463,6.351879240930708,63.85577784620949,4.0,64.0,-64.0,64.0,0.9947516951076314
--O--------OX-----OXOO----XOOO-----OOO-------------------------- X;,1,50,3,11,-8,0,4,-64,0,5.25,0.25,1.75,6.0,8.75,135234,7.067475634825562,63.76706301669699,4.0,64.0,-64.0,64.0,0.9961769969090614
-----------XX----OOXOO----OOOO-----OOO-------------------------- X;,1,50,3,11,-8,0,4,-64,0,6.75,1.75,0.25,4.0,8.75,579269,15.115276322399438,63.80616432089409,4.0,64.0,-64.0,64.0,0.9994907374639416
-----------XX-----OXOO---OOOOO-----OOO-------------------------- X;,1,50,3,11,-8,0,8,-64,0,6.25,2.25,0.25,4.0,9.25,531780,14.02819963142653,63.75096092369025,4.0,64.0,-64.0,64.0,0.997871300161721
----O------OO-----OXOO----XOOO-----OOO-------------------------- X;,1,50,2,12,-10,0,14,-64,0,5.749999999999999,0.75,1.25,6.0,8.75,213048,15.006383537982051,63.72716007660246,4.0,64.0,-64.0,64.0,0.997366790582404
------------------OX----OOOOO----OOOO-----OOO------------------- X;,1,50,1,13,-12,0,18,-64,0,6.75,0.75,0.25,6.0,8.75,83936,19.81095120091498,62.785479412886005,6.0,64.0,-64.0,64.0,0.9995711017918414
------------------O-X------OOOOO--XOOO-----OOO------------------ X;,1,50,2,12,-10,3,2,-64,0,5.749999999999999,0.25,1.75,6.0,9.75,3516136,4.8412444797357095,63.9741130604732,4.0,64.0,-64.0,64.0,0.9993194233670143
--------------------X-----OOOOOO--XOOO-----OOO------------------ X;,1,50,2,12,-10,1,6,-64,0,5.625,0.375,1.625,6.0,10.625,1494736,5.122406230933088,63.924052809325524,4.0,64.0,-64.0,64.0,0.9975353507241412
-------------------OX------OOOOO--XOOO-----OOO------------------ X;,1,50,2,12,-10,0,6,-64,0,5.625,0.375,1.625,6.0,10.625,1974631,5.160968808855933,63.97460031773025,4.0,64.0,-64.0,64.0,0.9999235300164943
--------------------X----O-XOOOO--OOOO-----OOO------------------ X;,1,50,2,12,-10,0,8,-64,0,3.875,1.125,1.375,7.0,9.375,1605617,5.575967369553262,63.96958676944751,4.0,64.0,-64.0,64.0,0.9998536388192203
--------------------X----O-XOO----OOOO-----OOO-----O-------O---- X;,1,50,2,12,-10,0,10,-64,0,3.875,0.625,1.375,7.0,9.375,466786,6.615991053716264,63.87326954964374,4.0,64.0,-64.0,64.0,0.9997707729023578
--------------------X------XOO---OOOOO-----OOO-----O-------O---- X;,1,50,2,12,-10,0,10,-64,0,3.875,0.625,1.875,7.0,9.375,1029869,8.33728076095115,63.91707197711553,4.0,64.0,-64.0,64.0,0.9998271624837722
--------------------X------XOOOO-OOOOO-----OOO------------------ X;,1,50,2,12,-10,0,10,-64,0,3.875,1.125,1.875,6.0,9.375,1765752,6.799909047250123,63.93495066124801,4.0,64.0,-64.0,64.0,0.999889565465592
----------O-X----XOOX-----OOOOO---OOO--------------------------- X;,1,50,3,11,-8,7,4,-64,0,5.375,2.125,0.375,4.0,8.375,1315347,12.59568691759665,63.884860040734495,4.0,64.0,-64.0,64.0,0.999618351659296
-----O------O----XXOX-----OOOOO---OOO--------------------------- X;,1,50,3,11,-8,0,6,-64,0,6.125,1.375,1.125,4.0,8.125,1142543,10.462415856558572,63.92704344606724,4.0,64.0,-64.0,64.0,0.9996078922193739
------------XO---XXXO-----OOOOO---OOO--------------------------- X;,1,50,4,10,-6,0,6,-64,0,5.375,2.125,1.875,4.0,8.375,980590,15.287943992902232,63.84944880123191,4.0,64.0,-64.0,64.0,0.9995472113727449
-----------OX----XXOO-----OOOOO---OOO--------------------------- X;,1,50,3,11,-8,2,8,-64,0,7.625000000000001,0.375,0.625,4.0,8.625,863390,12.768853009648016,63.829242868228725,4.0,64.0,-64.0,64.0,0.9994197292069632
----O-------O----XXXO-----OOOOO---OOO--------------------------- X;,1,50,3,11,-8,1,12,-64,0,6.125,1.375,2.125,4.0,8.125,606968,14.289784634445308,63.85848347853594,4.0,64.0,-64.0,64.0,0.9999110332010913
--------O---X----OXXX-----OOOOO---OOO--------------------------- X;,1,50,4,10,-6,0,18,-64,0,4.625,3.875,0.625,4.0,8.125,1092952,12.44465630695584,63.85234850203852,4.0,64.0,-64.0,64.0,0.99985360747773
---------O--X----XOXX-----OOOOO---OOO--------------------------- X;,1,50,4,10,-6,0,24,-64,0,4.750000000000001,3.75,0.75,4.0,8.25,3003701,13.850457818537864,63.93373774553459,4.0,64.0,-64.0,64.0,0.9999314179407338
--O-------OO-X-----OOO----XXOO-----OOO-------------------------- X;,1,50,3,11,-8,1,4,-64,0,2.625,0.375,2.125,8.0,8.125,2188295,5.205620814378317,63.96724481845455,4.0,64.0,-64.0,64.0,0.9934158785721303
----------OOOX-----OOO----XXOO-----OOO-------------------------- X;,1,50,3,11,-8,0,4,-64,0,2.875,0.625,1.875,8.0,8.375,953507,14.825668820470117,63.69945789595671,4.0,64.0,-64.0,64.0,0.9991746258810895
----------OX-X----OOXO----XOOO-----OOO-------------------------- X;,1,50,4,10,-6,2,8,-64,0,5.25,0.25,0.75,6.0,8.75,288072,15.630380599294622,63.46749770890611,4.0,64.0,-64.0,64.0,0.9932169735343942
---O------OO-X-----OXO----XXOO-----OOO-------------------------- X;,1,50,4,10,-6,0,8,-64,0,1.6249999999999998,0.375,2.125,8.0,8.125,156830,13.049684371612575,63.45787158069247,4.0,64.0,-64.0,64.0,0.9993942485493846
-----O----OX-O-----OXO----XXOO-----OOO-------------------------- X;,1,50,4,10,-6,0,12,-64,0,2.125,0.875,1.625,8.0,8.125,691036,6.581684601091694,63.886473353052516,4.0,64.0,-64.0,64.0,0.9995542923957652
----------OX-X-----OXO----OXOO---O-OOO-------------------------- X;,1,50,4,10,-6,0,12,-64,0,2.3749999999999996,1.625,3.375,6.0,8.375,629701,7.091583148192555,63.93171203475936,4.0,64.0,-64.0,64.0,0.9997554394863594
----------OX-X---O-OXO----OXOO-----OOO-------------------------- X;,1,50,4,10,-6,0,12,-64,0,2.625,1.375,3.625,6.0,8.625,83940,16.73161782225399,63.41034071956159,4.0,64.0,-64.0,64.0,0.9983440552775792
----------X-XO----OXO-----OOOOO---OOO--------------------------- X;,1,50,3,11,-8,0,14,-64,0,5.375,1.625,1.875,4.0,8.375,1154458,8.58677838431541,63.896475229068535,4.0,64.0,-64.0,64.0,0.9998336881896093
--O--------O-X---O-XOO----OXOO-----OOO-------------------------- X;,1,50,3,11,-8,0,6,-64,0,2.625,1.875,2.125,6.0,8.125,1674653,8.873301513806144,63.847801902841965,4.0,64.0,-64.0,64.0,0.9973194446849586
-----------XOX---O-OOO----OXOO-----OOO-------------------------- X;,1,50,3,11,-8,0,6,-64,0,4.375,0.625,2.375,6.0,8.375,925984,10.156308316342399,63.916546074230226,4.0,64.0,-64.0,64.0,0.9997656546981374
----------X-X-----OOOOO---OOOO----OOO--------------------------- X;,1,50,2,12,-10,0,6,-64,0,8.25,0.75,0.75,4.0,8.75,878574,10.279146662660175,63.860700407706126,4.0,64.0,-64.0,64.0,0.9994798389207966
-----O-----X-O---O-XXO----OXOO-----OOO-------------------------- X;,1,50,4,10,-6,0,10,-64,0,2.125,3.375,1.625,6.0,8.125,1016061,5.648114630912908,63.93863655823814,4.0,64.0,-64.0,64.0,0.9983721449794845
----O-----X-O-----OXO-O---OOOO----OOO--------------------------- X;,1,50,2,12,-10,0,14,-64,0,5.625,1.875,2.125,4.0,8.125,199881,15.743652473221568,63.69598411054577,4.0,64.0,-64.0,64.0,0.9994846933925686
-------------O----OOOO----XXXOX----XOOO------------------------- X;,1,50,5,9,-4,10,2,-64,0,3.2499999999999996,0.25,1.75,8.0,8.75,2423626,6.473937810536774,63.91850062674687,4.0,64.0,-64.0,64.0,0.9995019858674564
------------------OOOX-O--XXXXO----XOOO------------------------- X;,1,50,6,8,-2,25,6,-64,0,1.7500000000000002,1.75,2.25,8.0,8.75,1933164,6.209478864700563,63.93400508182441,4.0,64.0,-64.0,64.0,0.9996208288588035
------------------XOOO---XXXOX---OOOO-------O------------------- X;,1,50,5,9,-4,16,6,-64,0,1.4999999999999998,2.0,2.5,7.0,10.0,1502980,8.486706409932268,63.90469068118006,4.0,64.0,-64.0,64.0,0.9998436439606648
------------------OOOX----OXXXX--O-XOOO------------------------- X;,1,50,6,8,-2,11,6,-64,0,2.25,0.25,3.25,7.0,9.25,1487737,8.162913203072854,63.899440559722585,4.0,64.0,-64.0,64.0,0.9996061131772619
------------------OX------OXX-----OXO-----OOO-----OOO----------- X;,1,50,4,10,-6,1,12,-64,0,3.7500000000000004,0.75,1.25,8.0,8.75,343568,8.60285591207563,63.826072276812745,4.0,64.0,-64.0,64.0,0.9998137195547897
-----------XO-----XXO-----OXO-----OOO-----OOO------------------- X;,1,50,4,10,-6,1,12,-64,0,2.9999999999999996,0.0,3.0,7.0,10.0,99123,14.071053136002744,62.808177718592056,4.0,64.0,-64.0,64.0,0.9911423181300001
-----------OX-----XOOO----XOOX----OOO-------O------------------- X;,1,50,4,10,-6,25,6,-64,0,4.499999999999999,2.0,1.5,5.0,10.0,1508603,13.29800815721565,63.845534577354016,4.0,64.0,-64.0,64.0,0.9861388317536157
------------X-----XXOO----XXOO----OOOO------O------------------- X;,1,50,5,9,-4,16,6,-64,0,2.25,0.25,3.25,8.0,11.25,2591160,6.678230213495114,63.952853934145324,4.0,64.0,-64.0,64.0,0.9995503944179441
------------X-----XXOO----XXOOO---OOO-------O------------------- X;,1,50,5,9,-4,4,6,-64,0,1.4999999999999998,0.5,4.0,7.0,10.0,875012,12.078121214337632,63.854254570223034,4.0,64.0,-64.0,64.0,0.9996217194735615
------------X-----XXOO----XXOO----OOO-O-----O------------------- X;,1,50,5,9,-4,0,10,-64,0,1.4999999999999998,0.5,4.5,7.0,10.0,1194660,10.087866840774781,63.869858369745366,4.0,64.0,-64.0,64.0,0.9997170743140308
----O-------O-----XXOO----XXOX----OOO-------O------------------- X;,1,50,5,9,-4,3,12,-64,0,1.2500000000000002,0.75,2.75,9.0,9.75,549977,12.696294572318479,63.77302323551712,4.0,64.0,-64.0,64.0,0.9997163517747106
-----------X------OOXX----XOOOO----OOO-----O-------------------- X;,1,50,4,10,-6,3,12,-64,0,4.499999999999999,0.5,1.5,7.0,10.0,1099739,9.548941157856547,63.83493992665532,4.0,64.0,-64.0,64.0,0.9996571913881385
---O--------O-----XXOO----XXOX----OOO-------O------------------- X;,1,50,5,9,-4,2,12,-64,0,1.2500000000000002,0.75,2.75,9.0,9.75,573953,11.60864217104885,63.69474329779616,4.0,64.0,-64.0,64.0,0.9997560775882346
------------X-----XXOOO---XXOO----OOO-------O------------------- X;,1,50,5,9,-4,0,12,-64,0,1.7500000000000002,0.25,4.25,7.0,9.75,1063261,11.049522177527438,63.8479489043612,4.0,64.0,-64.0,64.0,0.9998542220583657
-----------X------OOOOO---XOXO-----OOO-----O-------------------- X;,1,50,3,11,-8,0,16,-64,0,4.25,0.75,1.75,7.0,9.75,151642,16.521326545416176,63.57119399638623,4.0,64.0,-64.0,64.0,0.9994592527136281
-----------X-O----OOOO----XOXO-----OOO-----O-------------------- X;,1,50,3,11,-8,0,16,-64,0,4.25,0.75,1.75,7.0,9.75,113360,14.536891319689484,63.10806280875088,4.0,64.0,-64.0,64.0,0.9977152434721243
---------O--X-----OXOO----XOOX----OOO-------O------------------- X;,1,50,4,10,-6,0,26,-64,0,5.375,0.625,0.875,7.0,9.875,431056,19.84877834898482,63.48171699268772,8.0,64.0,-64.0,64.0,0.9998260086856464
-----------X------XXOO----XXXO----OOOOO------------------------- X;,1,50,6,8,-2,8,6,-64,0,0.5000000000000001,1.0,3.0,9.0,10.0,509709,14.667459275782848,63.64449126854735,4.0,64.0,-64.0,64.0,0.994826459803535
-----------X------XXOO----XXXO----OOO-O----O-------------------- X;,1,50,6,8,-2,5,8,-64,0,0.5000000000000001,0.5,5.5,7.0,10.0,606186,10.002326018746722,63.880277670549965,4.0,64.0,-64.0,64.0,0.999658520652077
------------X-----OOXX----OOOOO--O-XOO-------------------------- X;,1,50,4,10,-6,0,8,-64,0,2.25,2.25,3.25,5.0,9.25,1201202,6.447689064786772,63.948269316900905,4.0,64.0,-64.0,64.0,0.9984940085014844
-----------X------XXOO----XXOO----OOO-O-----O------------------- X;,1,50,5,9,-4,0,10,-64,0,1.4999999999999998,0.5,4.0,7.0,10.0,977205,7.3030438853669395,63.87892509759979,4.0,64.0,-64.0,64.0,0.9998638975445275
-----O------O-----OOXX----OXXX---O-XOO-------------------------- X;,1,50,6,8,-2,1,12,-64,0,1.7500000000000002,0.25,5.75,6.0,8.75,842342,6.935901332237974,63.92736323251126,4.0,64.0,-64.0,64.0,0.9992164702697954
----O-------O-----OOOX----OXOX---O-XOO-------------------------- X;,1,50,4,10,-6,0,12,-64,0,1.7500000000000002,0.25,2.75,8.0,8.75,408732,8.490825284049206,63.808206844582756,4.0,64.0,-64.0,64.0,0.9980500670365912
------------XO----OOXO----OXXO---O-XOO-------------------------- X;,1,50,5,9,-4,0,14,-64,0,3.2499999999999996,1.75,2.25,6.0,8.75,345259,12.252595877297912,63.64845232130082,4.0,64.0,-64.0,64.0,0.9937235524635128
------------X-----OOOOO---OXXO---O-XOO-------------------------- X;,1,50,4,10,-6,0,18,-64,0,5.25,0.75,1.25,6.0,8.75,256480,14.416087024329382,63.61738147223955,4.0,64.0,-64.0,64.0,0.9992903930131004
-----------X-O----OXOO----XXOO-----OOO----O--------------------- X;,1,50,4,10,-6,2,6,-64,0,3.6250000000000004,0.375,2.625,7.0,9.625,287825,9.248835229740294,63.698337531486146,4.0,64.0,-64.0,64.0,0.9964735516372796
-----------O------OO-----XXOX-----OOO----OOOO------------------- X;,1,50,3,11,-8,1,6,-64,0,3.2499999999999996,1.75,1.25,6.0,8.75,465091,8.675368906300058,63.81307314052519,4.0,64.0,-64.0,64.0,0.9971274438765747
--O--------O-O----OXOO----XXXO-----XOO-------------------------- X;,1,50,5,9,-4,1,10,-64,0,2.5000000000000004,0.5,2.5,8.0,8.5,170096,13.250617298466748,63.53399844793528,4.0,64.0,-64.0,64.0,0.9997001693161509
-----------------OOX-----XOXX-----OOO----OOOO------------------- X;,1,50,4,10,-6,0,10,-64,0,2.75,0.75,0.25,10.0,8.75,461109,8.792354952950387,63.72477657126623,4.0,64.0,-64.0,64.0,0.9994686722662104
----O------O-O----OXOO----XXXO-----XOO-------------------------- X;,1,50,5,9,-4,0,12,-64,0,2.5000000000000004,0.5,2.5,8.0,8.5,81638,14.86584678703545,62.90176143462603,4.0,64.0,-64.0,64.0,0.9989343198020529
----------O-X-----OOXO----OXOO----OOOO-------------------------- X;,1,50,3,11,-8,0,18,-64,0,4.25,2.25,1.75,5.0,9.75,10299,11.613846004466453,60.58986309350422,4.0,64.0,-64.0,64.0,0.9994174191669094
----------X-------XXOOO---XOXO----OOOO-------------------------- X;,1,50,5,9,-4,0,8,-64,0,1.4999999999999998,1.0,4.5,7.0,10.0,1552740,6.860973504901014,63.9620309903783,4.0,64.0,-64.0,64.0,0.9966201682187616
----------X-------XXOOO---XXOO-----OOO----O--------------------- X;,1,50,5,9,-4,0,8,-64,0,1.375,0.625,4.875,7.0,9.875,1588898,6.8628149824595415,63.968896052484176,4.0,64.0,-64.0,64.0,0.9994530800592611
----------O------XOX------OXX-----OXO-----OOO-----O------------- X;,1,50,5,9,-4,0,12,-64,0,3.2499999999999996,1.25,1.25,8.0,9.25,305356,12.868409332058318,63.65194723535807,4.0,64.0,-64.0,64.0,0.999859180759507
-----------O-----XXO------XOX-----OOO-----OOO-----O------------- X;,1,50,4,10,-6,0,12,-64,0,2.25,1.75,2.75,6.0,8.75,528108,9.956041188544768,63.77372620751816,4.0,64.0,-64.0,64.0,0.9971634589894491
--------O--------OXX------OXX-----OOO-----OOO-----O------------- X;,1,50,4,10,-6,0,20,-64,0,1.7500000000000002,0.25,1.25,10.0,8.75,167011,20.276652436067085,63.206615133134946,6.0,64.0,-64.0,64.0,0.9997964205950506
---------OX-------OXOOO---XOXO-----XOO-------------------------- X;,1,50,5,9,-4,0,24,-64,0,1.375,0.625,5.875,6.0,8.875,413838,13.16723452172106,63.554588993760845,4.0,64.0,-64.0,64.0,0.9945461750733379
-----------X------XXOO---OOOOO----OOOO-------------------------- X;,1,50,3,11,-8,4,10,-64,0,5.999999999999999,2.5,1.5,3.0,10.0,392845,10.879094808384986,63.76567857551961,4.0,64.0,-64.0,64.0,0.9994679835558553
-----------X-----OOOOO----OXOO----OOOO-------------------------- X;,1,50,2,12,-10,0,12,-64,0,6.75,0.75,1.25,5.0,9.75,264961,11.859435916984008,63.72109857677167,4.0,64.0,-64.0,64.0,0.9996225859654817
----------OX------OOOO----OXOO----OOOO-------------------------- X;,1,50,2,12,-10,0,12,-64,0,6.75,0.75,1.25,5.0,9.75,286057,8.37723600541151,63.816298849529986,4.0,64.0,-64.0,64.0,0.9997378144915174
--O--------O------XXOO----XXOO----OOOO-------------------------- X;,1,50,4,10,-6,2,14,-64,0,1.7500000000000002,0.75,4.25,7.0,9.75,401178,9.654310555414305,63.81566536549861,4.0,64.0,-64.0,64.0,0.9980706818419753
------------------XXO---OOOOO-----OOO-----OOO------------------- X;,1,50,2,12,-10,0,14,-64,0,6.25,0.25,1.75,5.0,9.75,516196,13.74962029926617,63.70785321854489,4.0,64.0,-64.0,64.0,0.9997869026493812
---------O-X------OXOO----XOOO----OOOO-------------------------- X;,1,50,3,11,-8,0,34,-64,0,5.875000000000001,0.625,2.375,5.0,9.875,49945,22.64995495044549,62.7921113224547,12.0,64.0,-64.0,64.0,0.9999599559515467
------------O----XOO------XOX----XOOO-----OO-------O------------ X;,1,50,4,10,-6,63,2,-64,0,2.75,1.75,1.75,6.0,8.25,1698199,9.98400776351888,63.91084908188027,4.0,64.0,-64.0,64.0,0.9994399949593658
----------X-X-----OXOOO---OXXO---O-XO--------------------------- X;,1,50,6,8,-2,0,4,-64,0,2.5000000000000004,1.5,2.0,7.0,8.0,696139,11.585548288488361,63.8806675103679,4.0,64.0,-64.0,64.0,0.9982058180909272
-----------X-X----OOXO----XXOO-----OOOO------------------------- X;,1,50,5,9,-4,0,4,-64,0,2.25,0.75,1.25,8.0,8.75,745817,15.06451716707986,63.80164705282931,4.0,64.0,-64.0,64.0,0.9995025589387209
----------X-X-----OXOO----OXXO---O-XOO-------------------------- X;,1,50,6,8,-2,1,6,-64,0,3.2499999999999996,1.75,1.25,6.0,8.75,793712,15.104648789485354,63.71732693974641,4.0,64.0,-64.0,64.0,0.995274104461064
--O-------O-X-----OXOO----OXXX---O-XO--------------------------- X;,1,50,6,8,-2,0,6,-64,0,2.25,0.75,1.25,7.0,7.75,1340183,7.337949369601017,63.886468489751024,4.0,64.0,-64.0,64.0,0.9996649711270774
----O-----X-O-----OXOO----OXXX---O-XO--------------------------- X;,1,50,6,8,-2,0,6,-64,0,2.75,0.25,1.75,7.0,7.75,353909,11.118637841931118,63.78975386328124,4.0,64.0,-64.0,64.0,0.99906473132924
---O------X-O-----OXOO----OXXX---O-XO--------------------------- X;,1,50,6,8,-2,0,6,-64,0,2.75,0.25,1.75,7.0,7.75,431512,11.100133947607482,63.71598240605128,4.0,64.0,-64.0,64.0,0.998604905541445
-----O----X-O-----OOOO----OXXX---O-XO--------------------------- X;,1,50,5,9,-4,0,6,-64,0,3.2499999999999996,0.75,2.25,7.0,7.75,842652,10.192612134071954,63.82209856500667,4.0,64.0,-64.0,64.0,0.9989877197229698
----------X-X-----OXOO----OXXO---O-XO-O------------------------- X;,1,50,6,8,-2,0,6,-64,0,2.75,1.75,1.75,7.0,8.25,755720,12.673869951834012,63.83337347165617,4.0,64.0,-64.0,64.0,0.9980177843645794
-----------X-X----OOXO----XXXO-----OO-O----O-------------------- X;,1,50,6,8,-2,0,8,-64,0,1.2500000000000002,0.75,0.25,10.0,8.75,540703,12.757966943035271,63.82582119943851,4.0,64.0,-64.0,64.0,0.999650455055733
-----------X-X----OOXO----XOXO-----OO-O------O------------------ X;,1,50,5,9,-4,0,12,-64,0,3.375,0.625,1.375,6.0,8.875,255011,12.599134939277128,63.63043162843956,4.0,64.0,-64.0,64.0,0.9983647764214093
------------X-----OOX-----OOOOO--OXOO------O-------------------- X;,1,50,3,11,-8,3,4,-64,0,4.875000000000001,1.125,0.875,6.0,9.875,2707085,5.717801620562339,63.956868365788296,4.0,64.0,-64.0,64.0,0.9989405578325025
------------X-----OOX-----OXOX---OXOOO-----O-------------------- X;,1,50,5,9,-4,2,4,-64,0,1.375,0.625,4.375,6.0,10.875,1228970,11.046491777667478,63.86263212283457,4.0,64.0,-64.0,64.0,0.9994426226840363
------------X-----OOOO----OXOX---OXOO------O-------------------- X;,1,50,4,10,-6,0,6,-64,0,2.5000000000000004,2.5,1.5,5.0,10.0,1030754,10.975062915108746,63.8261990736878,4.0,64.0,-64.0,64.0,0.9981693013075865
-----------X-------XOO----XXXO-----OOOO-----OO------------------ X;,1,50,5,9,-4,1,8,-64,0,1.4999999999999998,0.5,0.5,11.0,10.0,433040,12.325568076852022,63.767439497506004,4.0,64.0,-64.0,64.0,0.9997667651949012
-----O------O-----OOX-----OXXX---OXOO------O-------------------- X;,1,50,5,9,-4,0,8,-64,0,0.875,0.625,2.875,9.0,9.375,1379514,5.546298189072384,63.96053827652347,4.0,64.0,-64.0,64.0,0.9976854167482171
----O-------O-----OOO-----OXOX---OXOO------O-------------------- X;,1,50,3,11,-8,0,8,-64,0,2.3749999999999996,2.125,2.375,5.0,9.375,213637,12.274840032391394,63.645492119810704,4.0,64.0,-64.0,64.0,0.9862991897470944
-----------X-------XOO----XXXOO----OOOO-----O------------------- X;,1,50,5,9,-4,1,12,-64,0,0.875,1.125,0.875,11.0,9.875,598488,9.1704060900135,63.85869056689524,4.0,64.0,-64.0,64.0,0.9997944820948791
------------X-----OOX-O---OXXO---OXOO------O-------------------- X;,1,50,5,9,-4,0,12,-64,0,0.875,0.625,0.875,11.0,9.375,428207,9.923441232861677,63.85208789207089,4.0,64.0,-64.0,64.0,0.9997220970231687
-----------XX-----OOOO----XOXO-----OO-O----O-------------------- X;,1,50,4,10,-6,0,6,-64,0,3.2499999999999996,2.25,2.25,6.0,9.25,429999,11.398598601392097,63.86984620894467,4.0,64.0,-64.0,64.0,0.9995744176149247
-----------XX----O-XXO----OXXO-----OO-O----O-------------------- X;,1,50,6,8,-2,1,8,-64,0,0.6250000000000001,2.375,0.625,10.0,8.625,382703,15.470367360590327,63.78333067679114,4.0,64.0,-64.0,64.0,0.9996576980060256
--O--------OX------XOO----XXXO-----OO-O----O-------------------- X;,1,50,5,9,-4,0,8,-64,0,0.6250000000000001,0.375,4.625,8.0,8.625,331550,8.818063640476549,63.82053687226663,4.0,64.0,-64.0,64.0,0.9959553611823254
----O------XO------XOO----XXOO-----OO-O----O-------------------- X;,1,50,4,10,-6,0,12,-64,0,1.6249999999999998,0.375,4.625,6.0,8.625,180617,12.21528981214393,63.741347713670365,4.0,64.0,-64.0,64.0,0.9964178344231163
-----------XX------XXO---OOOOO-----OO-O----O-------------------- X;,1,50,4,10,-6,0,12,-64,0,4.375,3.125,0.875,5.0,9.375,345771,9.775825618689826,63.85930861755324,4.0,64.0,-64.0,64.0,0.9995748631319573
---O-------OO------OXO----XOXO-----OO-O----O-------------------- X;,1,50,3,11,-8,0,26,-64,0,2.625,0.375,1.625,8.0,8.625,9169,14.542807285418258,62.96640855055077,4.0,64.0,-64.0,64.0,0.999018431671938
--O--------OX------XOO----XXXO-----OOOO------------------------- X;,1,50,5,9,-4,0,8,-64,0,0.6250000000000001,0.375,2.625,10.0,8.625,359589,15.549735948541251,63.638548453929346,4.0,64.0,-64.0,64.0,0.9939959231233436
-----------XX-----OOOO----XOXO-----OOOO------------------------- X;,1,50,4,10,-6,3,10,-64,0,3.2499999999999996,1.25,1.25,8.0,9.25,289177,20.720154092476236,63.476846360533514,6.0,64.0,-64.0,64.0,0.9997613918119352
----O------XO------XOO----XXOO-----OOOO------------------------- X;,1,50,4,10,-6,1,10,-64,0,1.6249999999999998,0.375,2.625,8.0,8.625,145070,17.36465154752878,63.50261253188116,4.0,64.0,-64.0,64.0,0.9992072792445027
-----------XX-----OXX-O---OXXO---OOOO--------------------------- X;,1,50,6,8,-2,1,10,-64,0,0.6250000000000001,4.375,0.625,8.0,8.625,480882,13.923245203605042,63.805998145075094,4.0,64.0,-64.0,64.0,0.9994780424303675
-----------XX-----OXX-----OOOOO--OOOO--------------------------- X;,1,50,4,10,-6,0,10,-64,0,4.375,5.125,0.875,3.0,9.375,980203,7.208761858512982,63.90329962262919,4.0,64.0,-64.0,64.0,0.9996194665798819
----------OXX------OXO----XXOO-----OOOO------------------------- X;,1,50,5,9,-4,0,14,-64,0,1.6249999999999998,1.375,1.625,8.0,8.625,161711,17.806679817699475,63.238097593855706,6.0,64.0,-64.0,64.0,0.9989240064064906
---O-------OO------OXO----XOXO-----OOOO------------------------- X;,1,50,3,11,-8,0,24,-64,0,2.625,0.375,1.625,8.0,8.625,24147,25.835466103449704,62.369693957841555,14.0,64.0,-64.0,64.0,0.9996272828922848
-----O-----XO-----OOX-O---OXXO---O-XO--------------------------- X;,1,50,5,9,-4,0,8,-64,0,2.125,0.875,3.125,7.0,7.625,687640,9.205545052643826,63.92867925077075,4.0,64.0,-64.0,64.0,0.9995346402187191
-----------XX-----OOOOO---OXXO---O-XO--------------------------- X;,1,50,5,9,-4,0,10,-64,0,4.25,1.25,1.25,7.0,8.25,420806,11.251469798434433,63.80270718573404,4.0,64.0,-64.0,64.0,0.9996435412042604
--O--------OX-----OXO-O---OXXO---O-XO--------------------------- X;,1,50,5,9,-4,0,22,-64,0,2.125,0.875,2.125,7.0,7.625,23202,15.155676234807345,63.32704077234721,4.0,64.0,-64.0,64.0,0.9989225066804586
------------O-----OO-----OXXX---OOOOO------O------O------------- X;,1,50,3,11,-8,0,26,-64,0,2.125,0.875,1.125,9.0,7.625,14166,17.61174643512636,62.507976845969225,6.0,64.0,-64.0,64.0,0.9999294084427502
-----------OX-----OOOX----OOXOO--O-XO--------------------------- X;,1,50,4,10,-6,0,8,-64,0,2.5000000000000004,0.5,5.0,4.0,9.0,1247248,8.9270185239824,63.847087347504264,4.0,64.0,-64.0,64.0,0.9936379934062832
-----O------O-----OOXX----OOXOO--O-XO--------------------------- X;,1,50,4,10,-6,0,12,-64,0,1.7500000000000002,0.75,6.75,4.0,8.25,491680,6.295409616010414,63.943294419134396,4.0,64.0,-64.0,64.0,0.9997701757240481
------------X-----OOOOO---OOXOO--O-XO--------------------------- X;,1,50,3,11,-8,0,14,-64,0,3.2499999999999996,1.25,4.25,4.0,8.25,161425,9.591482112436116,63.72588508595323,4.0,64.0,-64.0,64.0,0.9994548551959114
------------XO----OOOO----OOXOO--O-XO--------------------------- X;,1,50,3,11,-8,0,14,-64,0,3.2499999999999996,1.25,4.25,4.0,8.25,212953,11.042784088507792,63.626875413823704,4.0,64.0,-64.0,64.0,0.9997182476884571
----O-------O-----OOOX----OOOOO--O-XO--------------------------- X;,1,50,2,12,-10,0,14,-64,0,4.25,0.25,3.25,6.0,8.25,729414,7.965624460183106,63.78053889834854,4.0,64.0,-64.0,64.0,0.9998615326823999
-----------X------XXOO---OOXOO-----OOOO------------------------- X;,1,50,4,10,-6,0,16,-64,0,2.25,2.25,2.25,5.0,9.25,655120,10.299883990719257,63.82803455855416,4.0,64.0,-64.0,64.0,0.999897728660398
-----------X------XXOO---OOXOO-----OO-O----O-------------------- X;,1,50,4,10,-6,0,18,-64,0,2.25,1.25,3.25,5.0,9.25,151809,13.874783444986793,63.49102490629673,4.0,64.0,-64.0,64.0,0.9997101621116008
-----------X------XXOO---OOXOO-----OO-O-----O------------------- X;,1,50,4,10,-6,0,18,-64,0,2.25,1.25,2.25,7.0,9.25,295839,13.576110654781823,63.54610784920176,4.0,64.0,-64.0,64.0,0.99966535852271
---O--------O-----OOXO----OOXOO--O-XO--------------------------- X;,1,50,3,11,-8,0,20,-64,0,2.75,0.75,5.75,4.0,8.25,34833,10.666810208710132,63.25309333103666,4.0,64.0,-64.0,64.0,0.999712915913071
------------------XX----OOOXO-----OOOO----OO--------O----------- X;,1,50,3,11,-8,0,14,-64,0,2.75,1.25,2.75,6.0,8.75,186629,13.51939409202214,63.553836756345476,4.0,64.0,-64.0,64.0,0.9988801311693253
----O-------O-----OOOX----OXXO---O-XO-O------------------------- X;,1,50,4,10,-6,0,16,-64,0,4.25,0.25,2.25,7.0,8.25,367313,8.99717134977526,63.89563124637571,4.0,64.0,-64.0,64.0,0.9998911010500581
---O-------O------XOOO----XXXO-----OO-O----O-------------------- X;,1,50,4,10,-6,0,16,-64,0,1.7500000000000002,1.25,2.75,8.0,8.75,46833,13.43067922191617,63.43793906006449,4.0,64.0,-64.0,64.0,0.9996370080925843
------------------XX----OOOXO-----OOO-----OOO-------O----------- X;,1,50,3,11,-8,0,16,-64,0,2.75,0.25,2.75,8.0,8.75,233912,14.979483737473922,63.508520298231815,4.0,64.0,-64.0,64.0,0.995160573207018
----O-------O-----OOOOO---OXXO---O-XO--------------------------- X;,1,50,3,11,-8,0,22,-64,0,4.750000000000001,0.25,1.75,7.0,7.75,69082,9.921035870414869,63.614762166700444,4.0,64.0,-64.0,64.0,0.9998697200428476
-----------O--------OO-----XOO-----OOOOO----OO------O----------- X;,1,50,1,13,-12,0,22,-64,0,5.25,0.25,2.25,6.0,8.25,82295,11.207825505802296,63.12123458290297,4.0,64.0,-64.0,64.0,0.9997448204629686
-----O------O----XXXX-O---XXXO---O-XO--------------------------- X;,1,50,8,6,2,0,14,-64,0,2.3749999999999996,0.625,2.875,7.0,7.375,124431,5.140439279600742,63.944467214761595,4.0,64.0,-64.0,64.0,0.9988668418641656
-----O------O----XXXX-----XXXX---OOOO--------------------------- X;,1,50,8,6,2,0,14,-64,0,2.125,0.375,1.125,10.0,8.125,521035,4.860379820933335,63.998264991795175,4.0,64.0,-64.0,64.0,0.9999673726333164
-----O---O--O----XOXX-----XOXX---O-XO--------------------------- X;,1,50,7,7,0,0,28,-64,0,3.2499999999999996,0.25,5.25,5.0,7.25,364994,12.215450116988224,63.905938179805695,4.0,64.0,-64.0,64.0,0.9999424648076407
-----------XO-----OOOXO--OOOOO-----XO--------------------------- X;,1,50,3,11,-8,0,8,-64,0,3.2499999999999996,0.25,2.25,7.0,8.25,476205,14.026286998246553,63.75033861467225,4.0,64.0,-64.0,64.0,0.9996829096712551
------------X----OXXXO----OXOOO----OOO-------------------------- X;,1,50,5,9,-4,0,10,-64,0,1.2500000000000002,3.75,2.25,6.0,8.75,382329,11.311574586285634,63.755726089310514,4.0,64.0,-64.0,64.0,0.996330385610299
---O-------O------OOXXO--OOOXO-----XO--------------------------- X;,1,50,4,10,-6,0,14,-64,0,1.2500000000000002,0.75,6.25,5.0,7.75,488957,9.035567544794327,63.87892595872439,4.0,64.0,-64.0,64.0,0.9999100125368897
--O--------O------OXOXO--OOOXO-----XO--------------------------- X;,1,50,4,10,-6,0,14,-64,0,1.2500000000000002,0.75,6.25,5.0,7.75,165359,7.6503849200829706,63.87343900241293,4.0,64.0,-64.0,64.0,0.9987058460682515
------------X----OXXXO----OXOOO----OO------O-------------------- X;,1,50,5,9,-4,0,14,-64,0,1.2500000000000002,1.75,2.25,8.0,8.75,566906,11.902918649652676,63.83583168990979,4.0,64.0,-64.0,64.0,0.9998042003436196
------------X----OXXXO----OXOOO----OO-------O------------------- X;,1,50,5,9,-4,0,14,-64,0,1.2500000000000002,1.75,2.25,8.0,8.75,543465,10.617362663648994,63.857523483573,4.0,64.0,-64.0,64.0,0.9997791946123485
----O------O------OXXXO--OOOXO-----XO--------------------------- X;,1,50,5,9,-4,0,16,-64,0,0.7499999999999999,2.25,5.75,5.0,7.75,124580,12.017410499277572,63.63783111253813,4.0,64.0,-64.0,64.0,0.9980093112859207
-----------X-O----OXOOO--OOOXO-----XO--------------------------- X;,1,50,4,10,-6,0,16,-64,0,2.0000000000000004,1.0,5.0,5.0,8.0,66274,13.586021667622296,63.121254187162386,4.0,64.0,-64.0,64.0,0.9994115339348765
----O------OO-----OXOXO---XXOO-----XO--------------------------- X;,1,50,5,9,-4,3,10,-64,0,0.7499999999999999,0.75,3.25,9.0,7.75,237120,10.84227395411606,63.70148448043185,4.0,64.0,-64.0,64.0,0.9997849190283401
----O------O-O----OXXOO---XXXO-----XO--------------------------- X;,1,50,6,8,-2,1,14,-64,0,3.2499999999999996,0.75,2.25,7.0,7.75,41325,13.733865698729582,63.381875378100425,4.0,64.0,-64.0,64.0,0.9993466424682396
----O------O------OXXXO--OOOOO-----XO--------------------------- X;,1,50,4,10,-6,0,14,-64,0,1.7500000000000002,2.25,2.75,7.0,7.75,172272,12.041991734002043,63.634287638153616,4.0,64.0,-64.0,64.0,0.9985836351815733
----O------O------OOXXO---XOXO-----OO------O-------------------- X;,1,50,4,10,-6,0,18,-64,0,1.4999999999999998,0.5,2.5,8.0,8.5,26763,22.03187236109554,62.76011657885887,10.0,64.0,-64.0,64.0,0.9998131749056534
---O--------O----OXXXO----OXXO-----OOO-------------------------- X;,1,50,5,9,-4,0,24,-64,0,0.5000000000000001,3.5,1.5,8.0,8.5,17053,21.274555796634022,62.16577728258957,10.0,64.0,-64.0,64.0,0.9998827185832405
--O--------OO-----OXOXO---XXOO-----XO--------------------------- X;,1,50,5,9,-4,1,10,-64,0,0.7499999999999999,0.75,3.25,9.0,7.75,200639,13.536510847841148,63.53897298132467,4.0,64.0,-64.0,64.0,0.9997009554473457
--O--------O-O----OXXOO---XXXO-----XO--------------------------- X;,1,50,6,8,-2,1,12,-64,0,3.2499999999999996,0.75,2.25,7.0,7.75,273883,5.723998933851316,63.88363644329878,4.0,64.0,-64.0,64.0,0.9997699747702486
--O--------O------OXXXO--OOOOO-----XO--------------------------- X;,1,50,4,10,-6,0,12,-64,0,1.7500000000000002,2.25,2.75,7.0,7.75,262047,7.743290325781253,63.927264956286464,4.0,64.0,-64.0,64.0,0.9982140608364148
-----O------O----OXXXO----OXXO-----OOO-------------------------- X;,1,50,5,9,-4,0,20,-64,0,0.5000000000000001,3.5,1.5,8.0,8.5,14807,24.50611197406632,62.21949078138718,14.0,64.0,-64.0,64.0,0.9994597149996624
--O--------O------OOXXO---XOXO-----OO------O-------------------- X;,1,50,4,10,-6,0,20,-64,0,1.4999999999999998,0.5,2.5,8.0,8.5,41423,19.969195857373922,63.400815971803105,8.0,64.0,-64.0,64.0,0.9997827294015402
-----------OX----OXOOO----OOOO-----OOO-------------------------- X;,1,50,2,12,-10,0,14,-64,0,7.249999999999999,0.25,1.75,4.0,8.75,244651,14.716175286428422,63.64724035462761,4.0,64.0,-64.0,64.0,0.9997915397852452
----O-------O----OXXOO----OXOO-----OOO-------------------------- X;,1,50,3,11,-8,0,16,-64,0,2.5000000000000004,1.5,2.5,6.0,8.5,176422,11.656114316808562,63.668391697180624,4.0,64.0,-64.0,64.0,0.9997562662253007
---O--------O----OXXXO----OXOO-----OOO-------------------------- X;,1,50,4,10,-6,0,18,-64,0,1.4999999999999998,3.5,2.5,6.0,8.5,18913,19.331835245598267,62.25331782371914,8.0,64.0,-64.0,64.0,0.9998942526304658
-----O------O----OXOXO----OXOO-----OOO-------------------------- X;,1,50,3,11,-8,0,22,-64,0,2.5000000000000004,1.5,3.5,6.0,8.5,32020,22.22526545908807,63.09597126795752,12.0,64.0,-64.0,64.0,0.9997501561524047
----------O-X----OOOXO----OXOO-----OOO-------------------------- X;,1,50,3,11,-8,0,26,-64,0,3.7500000000000004,1.25,2.75,6.0,8.75,3003,17.44988344988345,58.05794205794206,6.0,64.0,-64.0,64.0,0.9976689976689976
-----------X--O---OXXOO---OOOO----OOO--------------------------- X;,1,50,3,11,-8,0,32,-64,0,5.625,3.375,0.625,4.0,8.625,54265,26.753929788998434,61.77267115083387,16.0,64.0,-64.0,64.0,0.9997420068183912
------------------O-OX-----OXXO---XXOO----OOO------------------- X;,1,50,5,9,-4,0,8,-64,0,0.875,2.125,4.875,4.0,10.875,1049726,7.054166515833655,63.92248834457754,4.0,64.0,-64.0,64.0,0.9997551742073646
-------------------OOX-----OOXO---XOOO----OOO------------------- X;,1,50,3,11,-8,0,10,-64,0,5.25,3.25,1.25,3.0,11.25,1141250,6.354924863088718,63.92318247535597,4.0,64.0,-64.0,64.0,0.9999132530120481
--------------------OX-----XXOO---XXOOO---OOO------------------- X;,1,50,5,9,-4,0,10,-64,0,3.5,1.0,1.0,8.0,10.0,1695546,5.820904888454811,63.952744425689424,4.0,64.0,-64.0,64.0,0.9997257520586289
------------O-------OO-----XXXO---XXOO----OOO------------------- X;,1,50,5,9,-4,0,10,-64,0,2.9999999999999996,2.0,3.0,4.0,10.0,435619,8.770455374995121,63.894148326863615,4.0,64.0,-64.0,64.0,0.9995776125467438
--------------------OX---O-XXXO---OXOO----OOO------------------- X;,1,50,5,9,-4,0,12,-64,0,3.5,1.0,1.0,8.0,10.0,865917,6.922758185830744,63.91976829188017,4.0,64.0,-64.0,64.0,0.9998267732357721
--------------------XO-----XXO----OXOO----OOO-----OO------------ X;,1,50,4,10,-6,0,12,-64,0,4.25,0.75,2.25,6.0,9.75,419757,7.573941590015176,63.82890338934193,4.0,64.0,-64.0,64.0,0.9997617669270554
------------------XO-----OXXX-----OOOOO----OOO------------------ X;,1,50,4,10,-6,0,14,-64,0,2.5000000000000004,1.0,0.5,9.0,10.0,418739,8.969322179209483,63.80382290639277,4.0,64.0,-64.0,64.0,0.9998113383276934
------------O------OXX----OOXO----OXO-----OO------O------------- X;,1,50,4,10,-6,0,14,-64,0,2.25,0.75,4.25,6.0,9.75,854177,6.999501274326047,63.93895293364256,4.0,64.0,-64.0,64.0,0.9999110254666187
-----------O------XOO-----OOOO-----OOO-----OOO------------------ X;,1,50,1,13,-12,0,16,-64,0,10.25,0.25,0.25,3.0,11.25,426331,9.16223310057209,63.858293204106666,4.0,64.0,-64.0,64.0,0.9992212623524914
--------------------XO-----XXO----OXOO---OOOO------O------------ X;,1,50,4,10,-6,0,16,-64,0,4.25,0.75,2.25,6.0,9.75,475149,7.844080488436259,63.86689859391475,4.0,64.0,-64.0,64.0,0.9996948325683102
--------------O-----OO-----XOXO---XOOO----OOO------------------- X;,1,50,3,11,-8,0,22,-64,0,2.875,2.125,2.875,4.0,9.875,975230,8.556474882848148,63.86620694605375,4.0,64.0,-64.0,64.0,0.9998800283010162
-----------O-O-----XXO-----XXO-----XOO------OO------O----------- X;,1,50,5,9,-4,0,8,-64,0,2.75,1.75,1.75,7.0,8.75,540793,11.476383754967243,63.835804087700836,4.0,64.0,-64.0,64.0,0.9995543581370321
------------O-----XXX-----OXX-----OOOO----OO-------O------------ X;,1,50,5,9,-4,0,10,-64,0,1.0,2.5,1.5,8.0,10.0,1093329,8.87307388718309,63.850303979863334,4.0,64.0,-64.0,64.0,0.9945066855447903
-----------O------OXXX-----OXO-----XOO------OO------O----------- X;,1,50,5,9,-4,0,10,-64,0,0.875,1.625,6.875,4.0,9.875,612951,8.440810113695875,63.84981670639252,4.0,64.0,-64.0,64.0,0.9995709281818612
-----------OO------XOX-----XOO-----XOO------OO------O----------- X;,1,50,4,10,-6,0,12,-64,0,2.25,1.25,1.25,9.0,9.25,332367,13.199394043331619,63.541515854462084,4.0,64.0,-64.0,64.0,0.9957456666877277
------------O-----XXX-----OOOO----OOO-----OO-------O------------ X;,1,50,3,11,-8,0,12,-64,0,5.000000000000001,2.5,2.0,4.0,10.0,1005047,8.804645951880858,63.89847141476966,4.0,64.0,-64.0,64.0,0.9149900452416653
----------OO-------OXX-----XOO-----XOO------OO------O----------- X;,1,50,4,10,-6,0,12,-64,0,1.7500000000000002,0.75,2.75,7.0,8.75,550212,9.160887076254244,63.81020406679607,4.0,64.0,-64.0,64.0,0.9996037890849345
------------O-----XXO-----OXO-----OOO-----OOO------O------------ X;,1,50,3,11,-8,0,16,-64,0,3.5,0.5,3.0,6.0,10.0,354215,8.004045565546349,63.795302288158325,4.0,64.0,-64.0,64.0,0.999782617901557
------------X------OXO----OOXO---OXOO-O----O-------------------- X;,1,50,4,10,-6,0,10,-64,0,1.875,1.125,1.875,9.0,9.875,1323261,6.558170308049584,63.9621941551969,4.0,64.0,-64.0,64.0,0.9999108263600303
---O--------O------OXO----OXXO---OXXX-O------------------------- X;,1,50,6,8,-2,0,12,-64,0,5.625,0.375,1.625,6.0,8.625,442154,9.852696119451593,63.77055731713385,4.0,64.0,-64.0,64.0,0.9964152761255128
-----O------O------OXO----OXXO---OXXX-O------------------------- X;,1,50,6,8,-2,0,12,-64,0,5.625,0.375,1.625,6.0,8.625,877449,8.107647282064256,63.92228722125161,4.0,64.0,-64.0,64.0,0.9997139434884534
------------O------OX----OOXX----XOXX-----OO--------O----------- X;,1,50,6,8,-2,0,12,-64,0,5.875000000000001,0.625,0.875,6.0,9.375,555315,10.598888918901885,63.84103796944077,4.0,64.0,-64.0,64.0,0.9993048990212762
------------X------OXO----OXXO---OXOX-O-----O------------------- X;,1,50,6,8,-2,0,12,-64,0,1.875,1.125,3.375,7.0,9.875,1088662,5.670930003986545,63.91565058760203,4.0,64.0,-64.0,64.0,0.997519891389614
-----------X------OXO-----OOXO---O-XOOO------O------------------ X;,1,50,4,10,-6,0,14,-64,0,2.25,2.25,5.25,3.0,9.25,1365745,5.947224408656082,63.94887625435202,4.0,64.0,-64.0,64.0,0.9997605702382216
------------X------OXO----OXOO---OOOOOO------------------------- X;,1,50,3,11,-8,0,18,-64,0,3.375,3.125,1.875,5.0,9.875,569137,7.542054022142296,63.917334490641096,4.0,64.0,-64.0,64.0,0.9999420174755814
--------------------OX---OOOOO----OXOO-----OOO------------------ X;,1,50,2,12,-10,1,10,-64,0,7.249999999999999,0.25,2.25,4.0,11.25,945191,6.881502257215737,63.92140001333064,4.0,64.0,-64.0,64.0,0.9997788806706792
-------------------O-X---OOOOO----OXOO-----OOO------------------ X;,1,50,2,12,-10,0,14,-64,0,7.249999999999999,0.25,2.25,4.0,11.25,890610,7.3702394987705055,63.92379492707246,4.0,64.0,-64.0,64.0,0.9999146652294495
-------------O-------O---OOOXO----OXOO-----OOO------------------ X;,1,50,2,12,-10,0,20,-64,0,5.749999999999999,0.75,4.25,3.0,9.75,265024,9.363487835063994,63.70572099130645,4.0,64.0,-64.0,64.0,0.998400144892538
------------------OX------OXX-----OXX-----OOO-----O-OO---------- X;,1,50,5,9,-4,0,10,-64,0,6.75,0.75,0.25,6.0,8.75,928990,8.547293297021497,63.87218592234577,4.0,64.0,-64.0,64.0,0.9998729803334805
------------------OX------OXX-----OXX----OOOO-------OO---------- X;,1,50,5,9,-4,0,10,-64,0,6.75,0.25,0.25,6.0,8.75,797561,6.715448724298204,63.85360367420172,4.0,64.0,-64.0,64.0,0.9993442507845794
------------------OOOX----XXOO-----XOOO-----O-O----------------- X;,1,50,4,10,-6,0,10,-64,0,2.25,0.75,1.25,9.0,9.75,761916,7.598130240078959,63.849391533974874,4.0,64.0,-64.0,64.0,0.9995248820079904
----------OO-------OOX-----XOO-----XOO------OO------O----------- X;,1,50,3,11,-8,0,12,-64,0,3.7500000000000004,0.75,1.75,7.0,8.75,988175,7.950635261972828,63.871248513674196,4.0,64.0,-64.0,64.0,0.999600273230956
------------------OOOX----XOXO-----XOOO------OO----------------- X;,1,50,4,10,-6,0,12,-64,0,1.6249999999999998,0.375,6.625,5.0,9.625,781196,7.16849804658498,63.874374676777656,4.0,64.0,-64.0,64.0,0.9999679977880072
------------------OOOX----XOXO-----OOOO----O--O----------------- X;,1,50,3,11,-8,0,14,-64,0,3.2499999999999996,0.75,2.75,7.0,9.75,784443,5.765757359043295,63.923211756622216,4.0,64.0,-64.0,64.0,0.9998890932802
------------------XOOO----OXXO---OOXX-O--O---------------------- X;,1,50,5,9,-4,0,16,-64,0,7.749999999999999,0.75,1.25,4.0,8.75,363260,8.755524968342234,63.746870010460825,4.0,64.0,-64.0,64.0,0.9997742663656884
------------------XOOO----OXOO---OOOOO---O---------------------- X;,1,50,2,12,-10,0,20,-64,0,5.749999999999999,0.75,2.25,5.0,9.75,55461,13.748291592290078,63.171309568886244,4.0,64.0,-64.0,64.0,0.9992607417825138
-------------------XO----OXXX-O---OXOO-----OOO------------------ X;,1,50,5,9,-4,0,12,-64,0,2.875,0.625,2.375,8.0,10.875,874895,5.871129678418553,63.96710919596066,4.0,64.0,-64.0,64.0,0.9999382783076827
-------------------XO----OXXX-----OXOOO----OOO------------------ X;,1,50,5,9,-4,0,12,-64,0,2.875,0.625,2.875,7.0,10.875,959214,5.459601298563198,63.960540609290526,4.0,64.0,-64.0,64.0,0.9997769006707575
-------------------OX-O----XXOO---XOOO----OOO------------------- X;,1,50,4,10,-6,0,12,-64,0,1.6249999999999998,0.375,1.625,10.0,10.625,889836,6.619623166516077,63.92000436035404,4.0,64.0,-64.0,64.0,0.9996662306312624
------------------OX------OOXO----OXOO-----OOO------O----------- X;,1,50,3,11,-8,0,12,-64,0,4.25,1.25,5.25,3.0,11.25,376787,8.095536735609244,63.78857816219774,4.0,64.0,-64.0,64.0,0.9991533678178918
------------O------OO------XOXO---XOOO----OOO------------------- X;,1,50,3,11,-8,0,14,-64,0,2.875,3.125,2.875,4.0,10.875,394559,6.673432870622644,63.91115904085321,4.0,64.0,-64.0,64.0,0.9987581071525424
-----------O-------OO-----XOXO----OOOO-----OOO------------------ X;,1,50,2,12,-10,0,16,-64,0,5.875000000000001,0.625,1.875,5.0,12.375,331901,6.415521495867743,63.93584231442509,4.0,64.0,-64.0,64.0,0.9991865044094473
-----------O------OO-----XXOX-----OOO------OOO------O----------- X;,1,50,3,11,-8,0,12,-64,0,3.2499999999999996,2.25,2.25,4.0,9.25,619896,7.429985029746925,63.88738110908927,4.0,64.0,-64.0,64.0,0.9996741388878134
----O------O------OXO-----XXXO-----XOOO------O------------------ X;,1,50,5,9,-4,0,14,-64,0,2.75,0.25,3.75,7.0,8.75,307470,7.414791686993853,63.85407356815299,4.0,64.0,-64.0,64.0,0.9993202588870459
--O--------O------OXO-----XXXO-----XOOO------O------------------ X;,1,50,5,9,-4,0,14,-64,0,2.75,0.25,3.75,7.0,8.75,410293,6.492730804571368,63.89468501777998,4.0,64.0,-64.0,64.0,0.9998025801073867
------------X------OXO----OXOO---OOOOO----O--------------------- X;,1,50,3,11,-8,0,14,-64,0,4.0,2.5,2.5,4.0,10.0,203399,8.739816813258669,63.680362243668846,4.0,64.0,-64.0,64.0,0.9995968515086111
-----------------OOX-----XOXX-----OOO------OOO------O----------- X;,1,50,4,10,-6,0,16,-64,0,2.25,0.75,1.25,9.0,8.75,278443,8.743031787475354,63.71117248413499,4.0,64.0,-64.0,64.0,0.9997845160409851
------------O------XXO-----XXOO----XOO-----OOO------------------ X;,1,50,5,9,-4,6,4,-64,0,2.9999999999999996,0.5,1.5,9.0,10.0,613148,10.52711743331137,63.74958900624319,4.0,64.0,-64.0,64.0,0.9993541526678714
-----------O------OOOO---OXOXX----XXO--------O------------------ X;,1,50,5,9,-4,0,8,-64,0,2.875,3.125,4.875,3.0,9.875,876795,5.567706248324865,63.87000724228582,4.0,64.0,-64.0,64.0,0.9946692214257609
-----------O------OOOO---OXXOX----XXO-------O------------------- X;,1,50,5,9,-4,1,10,-64,0,1.4999999999999998,4.5,1.0,7.0,10.0,1100298,6.469488265906145,63.91777409392728,4.0,64.0,-64.0,64.0,0.9995419422738203
-----------O------OOOO---OOXXX---OXXX--------------------------- X;,1,50,6,8,-2,1,10,-64,0,6.25,1.25,1.25,4.0,9.25,772974,11.087838659515068,63.76686537968936,4.0,64.0,-64.0,64.0,0.99858986201347
------------O-----OOOO----XXOXO----XXO--------O----------------- X;,1,50,5,9,-4,0,10,-64,0,2.75,1.25,1.75,8.0,8.75,581588,6.874120511427334,63.947639910039406,4.0,64.0,-64.0,64.0,0.9992933141674175
------------O------XXO-----XXOO----XXO------OO-----O------------ X;,1,50,6,8,-2,1,12,-64,0,6.25,1.25,1.25,5.0,9.25,69962,8.500914782310398,63.762170892770364,4.0,64.0,-64.0,64.0,0.9992853263200023
--------------------------XXX----OOOOOO---OOOO-----O------------ X;,1,50,3,11,-8,0,12,-64,0,3.2499999999999996,0.25,0.25,10.0,9.25,299873,12.045969460404905,63.63617598116536,4.0,64.0,-64.0,64.0,0.992720251573166
------------O-----OOOO----XXOXO----XOO------O------------------- X;,1,50,4,10,-6,0,12,-64,0,2.0000000000000004,2.0,1.0,9.0,10.0,377102,8.935107742732736,63.848526393389584,4.0,64.0,-64.0,64.0,0.9994935057358486
------------------OX------OOX----OOXO-----OOOO-----O------------ X;,1,50,3,11,-8,0,14,-64,0,3.875,0.125,4.875,5.0,9.875,320246,6.900270417116841,63.851201888548175,4.0,64.0,-64.0,64.0,0.999506629278742
---O-X------OO-----XXO-----XXO-----XOO-------O------------------ X;,1,50,6,8,-2,1,6,-64,0,2.5000000000000004,2.5,1.5,7.0,7.5,1141574,7.880313496978733,63.87282208599705,4.0,64.0,-64.0,64.0,0.9994104630974426
-----X------XO-----XXO-----XOO-----OOO----O--O------------------ X;,1,50,5,9,-4,0,6,-64,0,3.6250000000000004,2.375,1.625,6.0,8.625,950911,6.053711651248119,63.89931444688304,4.0,64.0,-64.0,64.0,0.9993111868513457
-----X------XO-----XXO----OOOO-----XOO-------O------------------ X;,1,50,5,9,-4,0,6,-64,0,2.5000000000000004,3.5,1.5,6.0,8.5,1107086,6.30983229848449,63.903403168317546,4.0,64.0,-64.0,64.0,0.9991111801612521
-----X------XO----OOOO-----OXO-----XOO-------O------------------ X;,1,50,4,10,-6,0,8,-64,0,4.625,0.375,4.625,4.0,8.625,927593,6.11672791838662,63.90746803824522,4.0,64.0,-64.0,64.0,0.9993650232375622
-----X----O-XO-----OXO-----XOO-----XOO-------O------------------ X;,1,50,5,9,-4,0,10,-64,0,2.25,1.25,0.75,9.0,7.75,199719,12.495966833400928,63.64340898963043,4.0,64.0,-64.0,64.0,0.9994342050581067
----OX------OO-----XOO-----XOO-----XOO-------O------------------ X;,1,50,4,10,-6,0,12,-64,0,2.0000000000000004,1.0,1.0,9.0,7.5,37787,20.93172255008336,63.03032789054437,8.0,64.0,-64.0,64.0,0.9998147511048774
--X-------OX------OOX-----OXO-----OOOO----O--------------------- X;,1,50,4,10,-6,0,14,-64,0,3.5,1.5,2.5,6.0,8.5,152314,14.267624775135575,63.57824625444805,4.0,64.0,-64.0,64.0,0.9997505153826963
-----X-----OOO-----XOO-----XXO-----XOO-------O------------------ X;,1,50,5,9,-4,0,14,-64,0,3.2499999999999996,1.25,1.75,7.0,7.75,91430,14.672897298479711,63.42464180247184,4.0,64.0,-64.0,64.0,0.9720004374931641
-----------OO-----XOOX----OOOO-----XOO-------O------------------ X;,1,50,3,11,-8,6,6,-64,0,4.875000000000001,0.625,1.375,7.0,9.875,1308388,8.78552157311134,63.87274952078435,4.0,64.0,-64.0,64.0,0.997484691085519
-----------O------XXXX----OOOO----OOO-----OO-------------------- X;,1,50,4,10,-6,3,6,-64,0,4.875000000000001,2.125,0.875,6.0,10.875,533214,9.99595096902932,63.81969528181931,4.0,64.0,-64.0,64.0,0.9993604819078269
------------------XO------XOX----OXOO-----OOOO-----O------------ X;,1,50,4,10,-6,0,8,-64,0,1.875,3.125,1.875,7.0,9.875,815665,7.668875089650776,63.89490906193106,4.0,64.0,-64.0,64.0,0.9996272979715938
------------------XO------XOX----OOOO----OOOOO------------------ X;,1,50,3,11,-8,0,8,-64,0,2.625,1.375,1.625,7.0,9.625,826692,7.472064565763307,63.85938898646654,4.0,64.0,-64.0,64.0,0.9995596909126978
-----------O------XXXX----OOOO----OOO-----O--O------------------ X;,1,50,4,10,-6,0,10,-64,0,4.25,3.25,0.25,6.0,11.25,380734,8.91652965062222,63.859019683033296,4.0,64.0,-64.0,64.0,0.9994852048937053
-----------O------XXXX----OOOO----OOOO----O--------------------- X;,1,50,4,10,-6,0,12,-64,0,4.875000000000001,4.625,0.375,4.0,10.875,543510,8.558350352339424,63.91081120862542,4.0,64.0,-64.0,64.0,0.9997332155802101
-----------O------XXXX----OOOO----OOO-----O-O------------------- X;,1,50,4,10,-6,0,12,-64,0,4.875000000000001,2.125,0.375,6.0,10.875,328971,12.10306075611528,63.71584729353043,4.0,64.0,-64.0,64.0,0.9923671083469363
----------O-O-----OOXX----OOOO-----XOO-------O------------------ X;,1,50,3,11,-8,0,14,-64,0,2.625,1.375,4.625,5.0,9.625,220211,10.610559872122646,63.58333598230788,4.0,64.0,-64.0,64.0,0.9990690746602122
------------------XO------XOX----OXOO-----OOOO---O-------------- X;,1,50,4,10,-6,0,26,-64,0,1.7500000000000002,3.25,1.75,7.0,9.75,773787,10.822900875822416,63.843822654037865,4.0,64.0,-64.0,64.0,0.9997971017864089
---------O--O-----OXXX----OOOO-----XOO-------O------------------ X;,1,50,4,10,-6,0,26,-64,0,1.7500000000000002,3.25,3.75,5.0,9.75,607693,13.132616304614336,63.69555515696248,4.0,64.0,-64.0,64.0,0.9948213983047361
-----------OO-----OXOX----XXXO-----XOO-------O------------------ X;,1,50,6,8,-2,0,6,-64,0,1.875,0.625,4.375,7.0,9.875,294077,11.340791697412582,63.530952777673875,4.0,64.0,-64.0,64.0,0.9935731118040513
------------OO----OXXO----XXXO-----XOO-------O------------------ X;,1,50,6,8,-2,0,8,-64,0,3.6250000000000004,1.375,1.625,7.0,9.625,178793,10.476159581191657,63.645791501904434,4.0,64.0,-64.0,64.0,0.9968678863266459
------------O-----OXXO----XXXOO----XOO-------O------------------ X;,1,50,6,8,-2,0,8,-64,0,3.875,1.125,1.875,7.0,9.875,211781,10.25171757617539,63.65914317148375,4.0,64.0,-64.0,64.0,0.9956228367983908
------------O-----OXXX---OOOOO-----XOO-------O------------------ X;,1,50,4,10,-6,1,12,-64,0,1.875,3.125,3.375,5.0,9.875,699734,7.707384520403467,63.85526071335679,4.0,64.0,-64.0,64.0,0.9997198935595526
----------O-O-----OOXX----XXOO-----XOO-------O------------------ X;,1,50,5,9,-4,1,12,-64,0,0.6250000000000001,0.375,2.625,9.0,9.625,560068,8.315686666619053,63.817550725983274,4.0,64.0,-64.0,64.0,0.9997750273181114
-----------O------XXXO----OXXO----OOOO----O--------------------- X;,1,50,5,9,-4,0,14,-64,0,0.875,4.625,2.375,6.0,10.875,160090,11.051458554563059,63.59611468548941,4.0,64.0,-64.0,64.0,0.9927041039415329
------------O-----OOXX----OXXO---O-XOO-------O------------------ X;,1,50,5,9,-4,0,16,-64,0,2.875,1.125,4.875,5.0,9.875,466037,8.72145344682933,63.79368590905872,4.0,64.0,-64.0,64.0,0.9941206384900769
------------------OX------OXX----OOXO-----OOOO----O------------- X;,1,50,4,10,-6,0,16,-64,0,4.625,0.375,1.625,7.0,9.625,493305,7.380356979961687,63.80884239973242,4.0,64.0,-64.0,64.0,0.9971092934391502
------------------OOOX-----OOXO---XXOO-----OO------------------- X;,1,50,4,10,-6,1,10,-64,0,2.25,3.25,3.25,4.0,11.25,952979,6.14492344532251,63.90538196539483,4.0,64.0,-64.0,64.0,0.9998667336845828
--------------------O-----XXXX---OXXO-----OOOO-----O------------ X;,1,50,6,8,-2,0,10,-64,0,2.5000000000000004,4.5,1.5,5.0,10.0,1070949,6.35788445574906,63.91303414074807,4.0,64.0,-64.0,64.0,0.9995144493341886
------------------XOOO---OOXO----OXXXX------O------------------- X;,1,50,6,8,-2,0,10,-64,0,2.0000000000000004,2.5,2.5,7.0,10.0,895521,6.67558103048393,63.898487025988224,4.0,64.0,-64.0,64.0,0.9993969990653485
------------------OOOX-----OOXO---XXXO-----O--O----------------- X;,1,50,5,9,-4,1,12,-64,0,0.7499999999999999,2.25,1.75,7.0,9.75,1050790,5.501648283672285,63.94296957527194,4.0,64.0,-64.0,64.0,0.9981233167426412
------------O------XXX-----XXO----OXOO-----O-O----O------------- X;,1,50,6,8,-2,0,12,-64,0,1.7500000000000002,2.25,2.75,7.0,9.75,915260,5.094793829075891,63.868759696698206,4.0,64.0,-64.0,64.0,0.9946507003474423
------------O------XXX-----XXO----OXOO-----O-O------O----------- X;,1,50,6,8,-2,0,12,-64,0,2.0000000000000004,2.5,2.5,7.0,10.0,946650,5.796662969418476,63.91410236095706,4.0,64.0,-64.0,64.0,0.9974763640204933
------------------OOOX-----OXXO---XXOX-----O-O------------------ X;,1,50,6,8,-2,0,12,-64,0,0.37499999999999994,4.625,6.375,2.0,10.875,1231320,5.429763993113082,63.95438797388169,4.0,64.0,-64.0,64.0,0.9976504889062144
--------------------O-----XOXX---OOXO----OOOOO------------------ X;,1,50,4,10,-6,1,16,-64,0,1.7500000000000002,2.25,4.75,5.0,9.75,521740,6.76037681603864,63.87421512630812,4.0,64.0,-64.0,64.0,0.9996339172768045
----------OOOX-----OXX-----XOO-----XOO-------O------------------ X;,1,50,5,9,-4,0,10,-64,0,1.0,1.0,2.0,9.0,8.0,282214,11.509315625730828,63.50579347587292,4.0,64.0,-64.0,64.0,0.9998192860736888
----------XOO-----XXX-----OXX-----OOOO----O--------------------- X;,1,50,6,8,-2,0,12,-64,0,0.7499999999999999,3.75,1.25,8.0,8.75,44748,19.651805667292393,63.11998301600072,6.0,64.0,-64.0,64.0,0.9993519263430768
-----------OOX----OXXX-----OXO-----XOO-------O------------------ X;,1,50,6,8,-2,0,12,-64,0,0.875,2.625,6.375,4.0,8.875,149904,15.828456879069272,63.58213923577756,4.0,64.0,-64.0,64.0,0.9938160422670509
-----------OOX-----XXO-----XXOO----XOO-------O------------------ X;,1,50,6,8,-2,0,12,-64,0,3.2499999999999996,2.25,1.25,7.0,8.25,190177,14.371070108372727,63.4567639619933,4.0,64.0,-64.0,64.0,0.9736403455728085
-----------OOX-----OXX----OOOO-----XOO-------O------------------ X;,1,50,4,10,-6,0,12,-64,0,2.75,1.75,3.25,6.0,8.75,766790,10.70713624329999,63.76238996335372,4.0,64.0,-64.0,64.0,0.9997535179123358
-----O-----OOO-----XXO-----XXO-----XOO-------O------------------ X;,1,50,5,9,-4,0,14,-64,0,2.75,2.75,1.25,7.0,7.75,66317,14.292172444471252,63.380219249966075,4.0,64.0,-64.0,64.0,0.9974365547295565
----------XOO-----XXO-----OXO-----OOO-----O-O------------------- X;,1,50,4,10,-6,0,28,-64,0,2.75,0.75,2.25,8.0,8.75,19857,21.785667522787932,62.38626177166742,8.0,64.0,-64.0,64.0,0.9995971194037367
-----------OOOO----XXX-----XXO-----XOO-------O------------------ X;,1,50,6,8,-2,0,32,-64,0,1.875,2.625,2.375,7.0,7.875,25899,25.25676667052782,62.23217112629831,14.0,64.0,-64.0,64.0,0.9996911077647785
-----------------OX-------XXX----OXOO----OOOOO------------------ X;,1,50,5,9,-4,0,10,-64,0,0.875,2.625,0.375,10.0,8.875,200465,12.437343177113211,63.648826478437634,4.0,64.0,-64.0,64.0,0.9994412989798718
-----------------OX-------XXX----OXOO-----OOOO-----O------------ X;,1,50,5,9,-4,0,10,-64,0,0.875,2.125,0.875,10.0,8.875,483637,9.741378347810445,63.76481741471393,4.0,64.0,-64.0,64.0,0.9997001883644138
----------OOO-----XXOX-----XOO-----XOO-------O------------------ X;,1,50,5,9,-4,0,10,-64,0,1.375,1.125,0.875,10.0,8.875,284282,11.459638668645923,63.453236574950225,4.0,64.0,-64.0,64.0,0.9990713446507341
----------O-O-----XXXX-----XOO-----OOO----O--O------------------ X;,1,50,5,9,-4,0,12,-64,0,1.2500000000000002,2.25,1.25,9.0,10.25,128902,15.125444135855146,63.467533475043055,4.0,64.0,-64.0,64.0,0.9989682084063862
----------O-O-----XXXX-----XOO----OOOO-------O------------------ X;,1,50,5,9,-4,0,14,-64,0,1.6249999999999998,3.375,1.625,7.0,9.625,399703,13.606262650017639,63.688673840326445,4.0,64.0,-64.0,64.0,0.9995696804877622
-----------------OX-------XXX----OXOO-----OOOO---O-------------- X;,1,50,5,9,-4,0,26,-64,0,0.7499999999999999,2.25,0.75,10.0,8.75,244830,23.127896908058652,63.24540701711392,10.0,64.0,-64.0,64.0,0.999820283461994
---------OO-O-----OXXX-----OOO-----XOO-------O------------------ X;,1,50,4,10,-6,0,28,-64,0,1.7500000000000002,2.25,3.75,6.0,8.75,96327,16.095290001764823,63.4396482813749,4.0,64.0,-64.0,64.0,0.9995743664808413
-------------------OOO----XXOX----XOXO-----OO-O----------------- X;,1,50,5,9,-4,28,6,-64,0,0.875,4.625,4.875,3.0,12.375,2693820,5.251360521489929,63.96879004536309,4.0,64.0,-64.0,64.0,0.9998106777735706
------------------OOO-----XXXXO---XXOO-----OO------------------- X;,1,50,6,8,-2,8,6,-64,0,1.875,4.625,1.875,5.0,12.375,1451396,6.170216811952079,63.94447690361555,4.0,64.0,-64.0,64.0,0.9998828713872713
-------------------OO-----XOOX----XXXO-----OOOO----------------- X;,1,50,5,9,-4,3,8,-64,0,0.875,4.625,0.875,7.0,12.375,1200062,5.457773015060888,63.948545991790425,4.0,64.0,-64.0,64.0,0.9997383468520793
-------------------OOO----XXXO----XOXO-----OOO------------------ X;,1,50,5,9,-4,3,10,-64,0,4.0,2.0,1.0,7.0,13.0,488653,8.037337333445205,63.78911211022955,4.0,64.0,-64.0,64.0,0.9967604823872973
-------------------OOO----XXXXO---XOXO-----OO------------------- X;,1,50,6,8,-2,0,10,-64,0,1.875,4.625,1.875,5.0,12.375,874270,6.1317659304333905,63.910420121930294,4.0,64.0,-64.0,64.0,0.9975854141169204
-------------------OO-----XXOX----XXXO----OOO-O----------------- X;,1,50,6,8,-2,0,12,-64,0,1.875,4.625,1.875,5.0,12.375,1191617,6.3046356337648755,63.9327728624214,4.0,64.0,-64.0,64.0,0.9995678141550515
------------------OOO-----XXOX----XXOO-----OO-O----------------- X;,1,50,5,9,-4,0,14,-64,0,0.875,4.625,0.875,7.0,12.375,823234,6.391595828160645,63.901941610769235,4.0,64.0,-64.0,64.0,0.9997169699016318
------------------OXX-----OXXO----OXOO-----OO-------O----------- X;,1,50,5,9,-4,1,16,-64,0,3.375,2.125,1.375,7.0,12.375,581665,7.594806288843235,63.87377786182768,4.0,64.0,-64.0,64.0,0.9997507156180964
-------------------OOO----XXXO----XOOOO----OO------------------- X;,1,50,4,10,-6,0,16,-64,0,2.3749999999999996,2.125,0.375,9.0,12.375,428077,6.928512861003978,63.853355821499406,4.0,64.0,-64.0,64.0,0.9998972147534205
-------------------XX-----OXX-----OXXO----OOO------OO----------- X;,1,50,6,8,-2,1,8,-64,0,5.875000000000001,1.625,0.375,6.0,10.875,1304856,5.483959149515349,63.936349298313374,4.0,64.0,-64.0,64.0,0.9980955752971975
--------------------O-----XXXO---OOOOOO----OOO------------------ X;,1,50,3,11,-8,0,12,-64,0,3.875,0.625,1.375,8.0,10.875,300515,7.63167562351297,63.83785501555663,4.0,64.0,-64.0,64.0,0.9998369465750462
-------------------OOO----XXOXO---XOXO----O-O------------------- X;,1,50,5,9,-4,0,14,-64,0,1.2500000000000002,3.25,6.25,3.0,11.25,627179,6.020375363333275,63.92039752606512,4.0,64.0,-64.0,64.0,0.9987228526465332
-------------------OOO----XOXXO---XOXO-----OO------------------- X;,1,50,5,9,-4,0,14,-64,0,0.875,4.625,0.875,7.0,12.375,615967,6.5041422673617255,63.902106768706766,4.0,64.0,-64.0,64.0,0.9998490178856985
------------------OOO----OXXOX----OXXO-----O--O----------------- X;,1,50,5,9,-4,0,14,-64,0,2.625,1.375,1.625,8.0,10.625,609633,5.376223071913758,63.94208810874739,4.0,64.0,-64.0,64.0,0.9998868171506464
-----------------O-OOO----OXXXO---XOXO------O------------------- X;,1,50,5,9,-4,0,20,-64,0,2.625,1.375,4.625,4.0,10.625,111915,6.899039449582272,63.86350355180271,4.0,64.0,-64.0,64.0,0.9999553232363848
------------------OOO----OXXXO----OOOOO----O-------------------- X;,1,50,3,11,-8,0,24,-64,0,3.875,0.625,1.875,7.0,10.875,63937,8.853465129737085,63.75266277742153,4.0,64.0,-64.0,64.0,0.9998748768318814
------------------OOOX-----OOOO---XXXO-----O--O----------------- X;,1,50,4,10,-6,0,8,-64,0,2.25,0.75,1.25,9.0,9.75,1408306,5.3503109409460725,63.94922623350323,4.0,64.0,-64.0,64.0,0.9976148649512251
------------------OOOX-----OXX----XXOO-----O-OO----------------- X;,1,50,5,9,-4,0,14,-64,0,0.875,2.125,6.875,2.0,10.875,525346,6.039168471826187,63.89487880368367,4.0,64.0,-64.0,64.0,0.9998915000780438
------------------OOOX-----OOX----XXOO-----OO-O----------------- X;,1,50,4,10,-6,0,14,-64,0,2.25,3.25,3.25,4.0,11.25,823488,6.3913730376156055,63.90142054286159,4.0,64.0,-64.0,64.0,0.999872493588249
------------------OOOX-----OXO----XXXOO----O--O----------------- X;,1,50,5,9,-4,0,14,-64,0,3.2499999999999996,0.75,2.25,7.0,9.75,697902,6.010775151812146,63.87785104498912,4.0,64.0,-64.0,64.0,0.9996131261982342
------------------O-X-----OOXO----OXO-----OOO-----O--O---------- X;,1,50,3,11,-8,0,16,-64,0,3.5,1.0,4.0,5.0,10.0,109767,9.330946459318374,63.72397897364417,4.0,64.0,-64.0,64.0,0.9998269060828846
----------O--------OXX-----XXO----OXOO-----O-O----O------------- X;,1,50,5,9,-4,0,18,-64,0,3.5,1.0,2.0,7.0,10.0,189682,6.5146244767558334,63.877684756592615,4.0,64.0,-64.0,64.0,0.9984553094125959
----------O--------OXX-----XXO----OXOO-----O-O------O----------- X;,1,50,5,9,-4,0,18,-64,0,3.2499999999999996,0.75,2.25,7.0,9.75,206180,6.37698127849452,63.89447085071297,4.0,64.0,-64.0,64.0,0.9997623435832768
-----------------O--O-----OXXX----OXO-----OOOO----O------------- X;,1,50,4,10,-6,0,18,-64,0,4.499999999999999,0.5,1.0,7.0,10.0,226249,7.0644864728683885,63.849586075518566,4.0,64.0,-64.0,64.0,0.9997480651848185
-------------O----XXO-----OXO-----OOOO----O-O-------O----------- X;,1,50,3,11,-8,0,24,-64,0,3.2499999999999996,0.75,2.25,7.0,9.75,183366,6.821079153169071,63.854160531396225,4.0,64.0,-64.0,64.0,0.9999072892466433
-------------------OO-----XXOXO---XXOO----OOO------------------- X;,1,50,5,9,-4,0,10,-64,0,0.875,4.625,0.875,7.0,12.375,909655,6.999704283492093,63.84843924344944,4.0,64.0,-64.0,64.0,0.9978662240080031
-----------O-------XO------XXO----OXXO----OOOO------------------ X;,1,50,5,9,-4,0,12,-64,0,8.25,0.25,1.25,4.0,11.25,313373,9.71844415441024,63.67028429379685,4.0,64.0,-64.0,64.0,0.9943198680167086
-----------------O-O------OXXXO---XOXO----OOO------------------- X;,1,50,5,9,-4,0,12,-64,0,2.625,1.375,4.625,4.0,10.625,516763,5.290183314207867,63.94144898144798,4.0,64.0,-64.0,64.0,0.9987518456236224
--------------------O----OXXXO----OOOOO----OOO------------------ X;,1,50,3,11,-8,0,12,-64,0,3.875,0.625,1.875,7.0,10.875,369902,6.540351228163135,63.8093197657758,4.0,64.0,-64.0,64.0,0.9935009813410038
-------------------XXO----OXXO-----XOO-----OO-----OO------------ X;,1,50,5,9,-4,0,14,-64,0,2.625,1.375,1.625,8.0,10.625,703642,5.992942433794458,63.8817836342913,4.0,64.0,-64.0,64.0,0.9998607246298544
------------------OXX-----OOXO----OXO------OOO------O----------- X;,1,50,4,10,-6,0,14,-64,0,2.25,1.25,5.25,5.0,11.25,375083,9.316012722517415,62.56519223745144,4.0,64.0,-64.0,64.0,0.9280372610862129
------------------OOO-----OXXO---OOOOOO----O-------------------- X;,1,50,2,12,-10,0,22,-64,0,6.875,0.625,0.375,6.0,10.875,44035,8.974361303508573,63.53968434200068,4.0,64.0,-64.0,64.0,0.9996593618712388
------------------OXX-----OXXO----OXO-----OOOO------------------ X;,1,50,5,9,-4,1,12,-64,0,4.375,1.125,1.375,7.0,12.375,267165,8.21340744483746,63.77800610109857,4.0,64.0,-64.0,64.0,0.9993674321112421
-------------------OOO----XXXO----XOXO----O-OO------------------ X;,1,50,5,9,-4,0,12,-64,0,4.375,1.125,1.375,7.0,12.375,302179,8.46213006198313,63.68314806786706,4.0,64.0,-64.0,64.0,0.9990105202545511
-------------------OOO----XXOX----XOXO----O-O-O----------------- X;,1,50,5,9,-4,0,12,-64,0,1.2500000000000002,3.25,6.25,3.0,11.25,1051115,6.085440698686633,63.909321054309,4.0,64.0,-64.0,64.0,0.9983522259695656
-------------------O-O----XXOX----XXXO----OOO-O----------------- X;,1,50,6,8,-2,1,14,-64,0,2.25,3.25,3.25,5.0,11.25,584596,6.061599805677767,63.920312489308856,4.0,64.0,-64.0,64.0,0.999620250566203
-------------------OOO----XXXXO---XOXO----O-O------------------- X;,1,50,6,8,-2,0,14,-64,0,2.25,3.25,3.25,5.0,11.25,500887,6.573239073882932,63.89375647601155,4.0,64.0,-64.0,64.0,0.9972229265283388
------------------OOO-----XXOX----XXOO-----O-OO----------------- X;,1,50,5,9,-4,0,14,-64,0,1.2500000000000002,3.25,1.25,7.0,11.25,525973,6.041492624146106,63.89419989238991,4.0,64.0,-64.0,64.0,0.9996216535829786
-------------------OOO----XXXO----XOOOO---O-O------------------- X;,1,50,4,10,-6,1,16,-64,0,2.25,1.25,1.25,9.0,11.25,401365,7.576512650579896,63.828612360320406,4.0,64.0,-64.0,64.0,0.9988389620420316
------------------OXX-----OXXO----OXO------OOO------O----------- X;,1,50,5,9,-4,0,16,-64,0,3.2499999999999996,1.25,2.25,7.0,11.25,387757,7.867076545362172,63.31952743599729,4.0,64.0,-64.0,64.0,0.9696356223098487
-------------------XX------XXO----OXXO-----OOO----OO------------ X;,1,50,6,8,-2,1,12,-64,0,5.625,1.375,0.625,6.0,10.625,803663,5.865077775137091,63.93646590672956,4.0,64.0,-64.0,64.0,0.999695145850935
-------------------OOO----XOXX----XOXO-----OO-O----------------- X;,1,50,5,9,-4,0,12,-64,0,0.875,4.625,0.875,7.0,12.375,695602,5.630987259956124,63.9322428630165,4.0,64.0,-64.0,64.0,0.9997771714284893
------------------OOO-----XXOX----OXXO---O-O--O----------------- X;,1,50,5,9,-4,0,16,-64,0,2.875,1.625,1.375,8.0,10.875,406786,6.75119841882464,63.91067293368012,4.0,64.0,-64.0,64.0,0.9993682181786
-----------------O-OOO----OXXX----XOXO------O-O----------------- X;,1,50,5,9,-4,0,20,-64,0,2.875,1.625,4.875,3.0,10.875,95015,5.7464716097458295,63.883607851391886,4.0,64.0,-64.0,64.0,0.999957901383992
------------------OOO-----XXXO----OOOOO--O-O-------------------- X;,1,50,3,11,-8,0,24,-64,0,3.6250000000000004,0.375,1.625,8.0,10.625,32315,8.803496828098407,63.467399040693174,4.0,64.0,-64.0,64.0,0.9998452730929909
--------------------O-----XOXO----OOOOO--O-OOO------------------ X;,1,50,2,12,-10,0,12,-64,0,4.625,0.375,2.625,6.0,10.625,253206,6.398541108820486,63.93433409950791,4.0,64.0,-64.0,64.0,0.9977765139846607
-----------------O-OOO----OXXO----XOXO------OO------------------ X;,1,50,4,10,-6,0,14,-64,0,5.25,0.25,2.25,6.0,11.25,223989,9.962859783292929,63.738411261267295,4.0,64.0,-64.0,64.0,0.9996919491582176
------------------OXX-----OXXO----OXO------OO-----O-O----------- X;,1,50,5,9,-4,0,16,-64,0,2.625,1.375,1.625,8.0,10.625,338912,10.644657020111415,63.77777122084789,4.0,64.0,-64.0,64.0,0.9997462468133321
-----------------O-OOO----OXOX----XOXO------O-O----------------- X;,1,50,4,10,-6,0,18,-64,0,1.875,1.625,7.875,1.0,10.875,193012,5.9966686009160055,63.851382297473734,4.0,64.0,-64.0,64.0,0.9996735954241187
------------------OXX-----OXXO----OXO------OOO----O------------- X;,1,50,5,9,-4,0,18,-64,0,3.2499999999999996,1.25,2.25,7.0,11.25,333051,6.445334198065762,63.8530765558428,4.0,64.0,-64.0,64.0,0.999828855040219
-----------------O-OOO----OXXO----XOOOO-----O------------------- X;,1,50,3,11,-8,0,20,-64,0,3.6250000000000004,0.375,1.625,8.0,10.625,78733,11.538198722263854,63.52023928975144,4.0,64.0,-64.0,64.0,0.9998729884546506
------------------OXX-----OXXO----OOO------OO-----O--O---------- X;,1,50,4,10,-6,0,20,-64,0,1.875,1.625,0.375,10.0,10.875,183309,7.440354810729424,63.8128078817734,4.0,64.0,-64.0,64.0,0.9999181709572361
----------------O-XXX----OXXOO----OOO-----OO-------------------- X;,1,50,5,9,-4,0,6,-64,0,1.2500000000000002,0.75,4.25,7.0,9.75,1211042,5.89689044640896,63.94126710716887,4.0,64.0,-64.0,64.0,0.9997828316441544
------------------XXX---OOOOOO----OOO-----OO-------------------- X;,1,50,3,11,-8,1,8,-64,0,4.750000000000001,2.25,1.75,5.0,9.75,1163563,5.625126443518743,63.94009692642341,4.0,64.0,-64.0,64.0,0.9997945964249465
-----------X------XXOO----XXOO---OOOO------O-------------------- X;,1,50,5,9,-4,0,8,-64,0,1.4999999999999998,0.5,7.0,5.0,10.0,372096,11.934049277605778,63.74071744926041,4.0,64.0,-64.0,64.0,0.9985729489164087
-----------X------XXOO----XOOO----OOO----O-O-------------------- X;,1,50,4,10,-6,3,10,-64,0,4.750000000000001,0.25,5.75,3.0,9.75,705687,7.99269931286817,63.86687015631576,4.0,64.0,-64.0,64.0,0.9998398723513399
-----------------OXXX----XOXOO----OOO-----OO-------------------- X;,1,50,5,9,-4,0,10,-64,0,1.7500000000000002,2.25,2.75,7.0,9.75,168730,19.136537663723107,62.95588217862858,4.0,64.0,-64.0,64.0,0.9928406329639068
----------O-------OOX----XOXOO----OOO-----OO-------------------- X;,1,50,3,11,-8,0,14,-64,0,4.25,0.75,1.25,7.0,9.75,229444,14.596912536392322,63.42834852948868,4.0,64.0,-64.0,64.0,0.9997036313871794
-----------X------XXOO---OOOOO----OOO------O-------------------- X;,1,50,3,11,-8,0,14,-64,0,5.999999999999999,1.0,3.0,3.0,10.0,277569,11.71681275646776,63.607549834455575,4.0,64.0,-64.0,64.0,0.9997081806685905
---------O--------OXX----XXOOO----OOO-----OO-------------------- X;,1,50,4,10,-6,0,28,-64,0,5.375,0.625,2.375,5.0,9.875,182981,18.65807925413021,63.174056322787614,4.0,64.0,-64.0,64.0,0.9998852339860422
------------------XXX-----OXOO----OOOO----OOO------------------- X;,1,50,4,10,-6,1,8,-64,0,2.9999999999999996,2.0,2.0,7.0,13.0,845228,6.845226376788275,63.89511350783457,4.0,64.0,-64.0,64.0,0.9998497446842746
------------------OOOX----XXOX-----OOO-----OO-O----------------- X;,1,50,4,10,-6,0,8,-64,0,2.25,3.25,2.25,6.0,11.25,1858227,6.17640632710643,63.95039626482664,4.0,64.0,-64.0,64.0,0.999905824207699
------------------XOOOO---XXXO----XOO------OO------------------- X;,1,50,5,9,-4,0,10,-64,0,1.2500000000000002,3.25,1.25,8.0,11.25,492975,9.52382169481211,63.80386429332116,4.0,64.0,-64.0,64.0,0.9947603833865815
------------------XOOO---OXXXX----OOO------OO------------------- X;,1,50,5,9,-4,0,12,-64,0,1.2500000000000002,3.25,1.25,8.0,11.25,1854378,6.517318475521172,63.85197624216853,4.0,64.0,-64.0,64.0,0.9943134571268641
------------------XOOO----XXXO----XOO-O----OO------------------- X;,1,50,5,9,-4,0,14,-64,0,1.2500000000000002,3.25,1.25,8.0,11.25,439488,8.902472877530217,63.85435779816514,4.0,64.0,-64.0,64.0,0.997579001019368
-----------------OOOOO----OXXX----XOO------OO------------------- X;,1,50,4,10,-6,0,14,-64,0,2.25,3.25,1.25,6.0,11.25,492968,7.49000543645835,63.76455064020383,4.0,64.0,-64.0,64.0,0.9960808815176644
------------------OOOX----XXXO-----OOOO----OO------------------- X;,1,50,4,10,-6,0,16,-64,0,3.2499999999999996,1.25,1.25,8.0,11.25,421695,10.766999845860159,63.694205527691814,4.0,64.0,-64.0,64.0,0.9988783362382765
---------O--------OOOO----XOXX----XOO------OO------------------- X;,1,50,4,10,-6,0,28,-64,0,2.3749999999999996,6.125,1.375,4.0,11.375,957411,10.775226104567421,63.83839751162249,4.0,64.0,-64.0,64.0,0.999827660221159
------------------OOOX----XXXO-----XOOO-----O-O----------------- X;,1,50,5,9,-4,0,10,-64,0,3.2499999999999996,0.75,2.25,7.0,9.75,761916,7.598130240078959,63.849391533974874,4.0,64.0,-64.0,64.0,0.9995248820079904
------------------XOOO----XXOX----OOO----O-OO------------------- X;,1,50,4,10,-6,0,12,-64,0,2.25,3.25,2.25,6.0,11.25,1376489,9.03747360131465,63.88657301293363,4.0,64.0,-64.0,64.0,0.9997776952812554
------------------OOOX----OXXX---O-XOO------O-O----------------- X;,1,50,5,9,-4,0,14,-64,0,3.2499999999999996,0.75,4.25,5.0,9.75,469632,7.9908247308530935,63.86068453597711,4.0,64.0,-64.0,64.0,0.9987266625783592
------------------OX------OXX-----OXOO----OOO-----O--O---------- X;,1,50,4,10,-6,0,14,-64,0,4.499999999999999,1.0,1.0,7.0,10.0,624186,6.90568516435806,63.90927383824693,4.0,64.0,-64.0,64.0,0.9995129656865102
-------------O----XXO-----OXOO----OOO-----OOO------------------- X;,1,50,3,11,-8,0,16,-64,0,4.25,0.25,3.25,6.0,11.25,341745,7.801629870224875,63.800869069042704,4.0,64.0,-64.0,64.0,0.999809799704458
------------------OX------OXX-----OXOO---OOOO--------O---------- X;,1,50,4,10,-6,0,16,-64,0,4.499999999999999,0.5,1.0,7.0,10.0,501712,8.218069330611984,63.85118952705935,4.0,64.0,-64.0,64.0,0.9998664572503747
------------------XOOOO---XXXO----OOO----O-O-------------------- X;,1,50,4,10,-6,0,20,-64,0,2.5000000000000004,1.0,3.5,6.0,10.0,92156,14.096380051217501,63.460263032249664,4.0,64.0,-64.0,64.0,0.9993055254134294
-----------------OOOOO----OXXX----XOOO-----O-------------------- X;,1,50,4,10,-6,2,12,-64,0,2.25,1.25,1.25,6.0,11.25,650583,9.187385775527488,63.78524646355653,4.0,64.0,-64.0,64.0,0.9943435349524965
------------------OOOX----XXOX----OOOO------O-O----------------- X;,1,50,4,10,-6,0,12,-64,0,2.25,1.25,2.25,8.0,11.25,1826534,6.451758357632543,63.96223338848333,4.0,64.0,-64.0,64.0,0.9999156873072168
------------------XOOO---OXXXX----OOOO-----O-------------------- X;,1,50,5,9,-4,0,14,-64,0,1.2500000000000002,1.25,1.25,10.0,11.25,791934,9.24225882459902,63.8524940209664,4.0,64.0,-64.0,64.0,0.9975616654923264
------------------XOOO----XXXO----XOOOO----O-------------------- X;,1,50,5,9,-4,0,16,-64,0,1.2500000000000002,1.25,1.25,10.0,11.25,481139,8.461438378514318,63.85838188132743,4.0,64.0,-64.0,64.0,0.999588476510946
------------------XOOOO---XXXO----XOOO-----O-------------------- X;,1,50,5,9,-4,0,16,-64,0,1.2500000000000002,1.25,1.25,10.0,11.25,574492,8.780994339346762,63.869465545212115,4.0,64.0,-64.0,64.0,0.9990391511108945
------------------OOOX----XXXO----OOOOO-----O------------------- X;,1,50,4,10,-6,0,18,-64,0,3.2499999999999996,0.25,1.25,8.0,11.25,442406,10.958535824559341,63.80108768868415,4.0,64.0,-64.0,64.0,0.9998440346649909
---------O--------OOOO----XOXX----XOOO-----O-------------------- X;,1,50,4,10,-6,0,28,-64,0,2.3749999999999996,3.125,1.375,6.0,11.375,840539,9.194242028032013,63.880247079552525,4.0,64.0,-64.0,64.0,0.9984343379664715
-----------------OOOOO----OXOX----XOO------OO------------------- X;,1,50,3,11,-8,0,12,-64,0,3.2499999999999996,3.25,2.25,4.0,11.25,859512,5.561194026377758,63.91773355113134,4.0,64.0,-64.0,64.0,0.999187911279889
-------------------O------XOX-----OOOOO--OOOOO------------------ X;,1,50,2,12,-10,0,12,-64,0,4.25,0.75,1.25,7.0,9.75,1616324,6.632120168976022,63.9399779994605,4.0,64.0,-64.0,64.0,0.9998162497123102
-----------------OOOOO----OOXX----XOO------O-O------------------ X;,1,50,3,11,-8,0,12,-64,0,3.875,2.125,1.875,4.0,10.875,628544,8.261715965787598,63.86475728031769,4.0,64.0,-64.0,64.0,0.9995720267793504
------------------OX------OXX-----OXOO----OOO-----O-O----------- X;,1,50,4,10,-6,0,12,-64,0,4.25,0.75,1.25,7.0,9.75,448104,10.027600735543535,63.831146341027974,4.0,64.0,-64.0,64.0,0.9998013853926767
------------------OX------OXX-----OXOO----OOO-----OO------------ X;,1,50,4,10,-6,0,12,-64,0,4.25,0.75,1.25,7.0,9.75,1305985,6.9455759445935445,63.88487004062068,4.0,64.0,-64.0,64.0,0.999513776957622
------------------OX------OXX-----OXOO----OOOO----O------------- X;,1,50,4,10,-6,0,12,-64,0,5.375,0.625,1.375,6.0,10.875,499417,9.685257009673279,63.77584663717895,4.0,64.0,-64.0,64.0,0.9997517104944366
-----------------OOOOO----OXXO----XOX-O----O-------------------- X;,1,50,4,10,-6,0,14,-64,0,4.25,0.75,1.25,7.0,9.75,427741,7.314657701740072,63.85377366209926,4.0,64.0,-64.0,64.0,0.9993641011733736
------------------OX------OXX-----OOOO----OOO-----O--O---------- X;,1,50,3,11,-8,0,14,-64,0,3.5,1.0,0.0,9.0,10.0,856761,6.247729530172358,63.935131267646405,4.0,64.0,-64.0,64.0,0.9999451422275291
-----------------OOOOOO---OXXO----XOO------O-------------------- X;,1,50,3,11,-8,0,18,-64,0,3.5,1.0,0.0,9.0,10.0,286683,7.594646351545086,63.812092101729085,4.0,64.0,-64.0,64.0,0.9997837332524077
----------O-------OOX-----OXOO----OOO-----OOO------------------- X;,1,50,2,12,-10,0,18,-64,0,5.25,0.25,1.25,6.0,11.25,79375,9.167811023622047,63.31994960629921,4.0,64.0,-64.0,64.0,0.9992188976377953
-----------XO-----XXO-----OXOO----OOO-----OO-------------------- X;,1,50,4,10,-6,0,12,-64,0,2.9999999999999996,0.5,4.5,5.0,10.0,162086,14.216212381081649,63.38778796441395,4.0,64.0,-64.0,64.0,0.9917266142665006
-----------OX------OOOO---OOXO-----XOO-------O------------------ X;,1,50,3,11,-8,0,12,-64,0,4.25,0.25,4.75,4.0,8.75,745240,11.621571574257958,63.66425044281037,4.0,64.0,-64.0,64.0,0.9963756642155547
-----O-----OO------OXX----OOXO-----XOO-------O------------------ X;,1,50,4,10,-6,1,14,-64,0,1.7500000000000002,1.75,6.25,4.0,8.75,112463,15.737611481109342,62.992619794954784,4.0,64.0,-64.0,64.0,0.9959986840116305
------------------OOOX-----OOOOO---XOOO-----O------------------- X;,1,50,2,12,-10,0,14,-64,0,4.750000000000001,0.75,2.25,6.0,8.75,255277,13.812462540691092,63.48464609032541,4.0,64.0,-64.0,64.0,0.9979394931779988
-----------XO-----XXO-----OXOO----OOOO----O--------------------- X;,1,50,4,10,-6,0,16,-64,0,2.9999999999999996,2.0,3.0,5.0,10.0,171484,16.190134356558048,63.36175386624991,4.0,64.0,-64.0,64.0,0.9988803620162814
-----------XO-----XXO-----OXOO----OOO-----O-O------------------- X;,1,50,4,10,-6,0,18,-64,0,2.9999999999999996,0.5,3.0,7.0,10.0,172637,17.01063503188772,63.22191071438915,4.0,64.0,-64.0,64.0,0.9995250149156901
------------------OOOOO----OXOO----XOOO-----O------------------- X;,1,50,2,12,-10,0,22,-64,0,4.750000000000001,0.75,4.25,4.0,8.75,14301,17.73337528844137,62.3215859030837,4.0,64.0,-64.0,64.0,0.9995105237395986
----------X-O-----XXO-----XXOO-----OOO----O--O------------------ X;,1,50,5,9,-4,0,10,-64,0,1.6249999999999998,0.375,2.625,9.0,9.625,188696,22.22405880357824,63.628073727053035,8.0,64.0,-64.0,64.0,0.9995283418832408
----------X-O-----XXO-----XOOO----OOOO-------O------------------ X;,1,50,4,10,-6,0,10,-64,0,4.750000000000001,0.75,2.25,6.0,9.75,1374241,8.32179435775821,63.93718787316053,4.0,64.0,-64.0,64.0,0.9997249390754606
-----------O-----XXO------XOX----OOOO------OOO------------------ X;,1,50,4,10,-6,0,12,-64,0,2.75,1.25,1.25,7.0,8.75,393909,11.938488331061235,63.73372022472196,4.0,64.0,-64.0,64.0,0.9996978997687284
------------O----XXO------OXX----OOOO------OOO------------------ X;,1,50,4,10,-6,0,14,-64,0,3.7500000000000004,0.25,0.75,9.0,8.75,160826,16.328889607401788,63.382351112382324,4.0,64.0,-64.0,64.0,0.9996517975949163
----------O------XOX------OXX----OOOO------OOO------------------ X;,1,50,4,10,-6,0,16,-64,0,2.25,0.75,1.25,9.0,8.75,173745,17.93224553224553,63.17723099945322,4.0,64.0,-64.0,64.0,0.9992517770295548
--------O--------OXX------OXX----OOOO------OOO------------------ X;,1,50,4,10,-6,0,22,-64,0,1.4999999999999998,0.5,0.5,11.0,8.5,81982,23.383023102632286,62.7245858847064,10.0,64.0,-64.0,64.0,0.9997316484106267
---------O-------XOX------XOX----OOOO------OOO------------------ X;,1,50,4,10,-6,0,28,-64,0,2.625,0.375,3.625,7.0,8.625,231208,19.112928618386906,63.272135912252175,8.0,64.0,-64.0,64.0,0.9998918722535552
------------------O-XO-----OXO----XXOO----OOOO------------------ X;,1,50,4,10,-6,1,10,-64,0,4.499999999999999,0.0,4.5,5.0,12.5,734508,5.710210099821921,63.93538395769685,4.0,64.0,-64.0,64.0,0.9994731166985247
------------------OX------OXX-----OOOOO---OOOO------------------ X;,1,50,3,11,-8,0,10,-64,0,4.375,0.625,0.375,8.0,10.875,609834,6.686486814444587,63.89352348343976,4.0,64.0,-64.0,64.0,0.9996736816904273
------------------OOOO----XOXO-----OOO-----OOO------------------ X;,1,50,2,12,-10,1,12,-64,0,6.374999999999999,1.125,1.375,5.0,12.375,281165,10.255767965429552,63.7401063432504,4.0,64.0,-64.0,64.0,0.999886187825654
------------------OX------OXX-O---OXXO----OOOO------------------ X;,1,50,5,9,-4,0,12,-64,0,8.375,0.625,0.375,4.0,10.875,589993,7.277516851894853,63.805150230595956,4.0,64.0,-64.0,64.0,0.993796536569078
----------O-O-----OOOX----XXOO-----XOO-------O------------------ X;,1,50,4,10,-6,0,10,-64,0,1.6249999999999998,0.375,2.625,9.0,9.625,788518,10.14222630301401,63.76433511980703,4.0,64.0,-64.0,64.0,0.9993265848084635
----------O-------OOXX----OXXO---O-XOO-------O------------------ X;,1,50,5,9,-4,0,14,-64,0,2.625,1.375,4.625,5.0,9.625,355157,8.864499362253877,63.79138521836821,4.0,64.0,-64.0,64.0,0.9995720202614619
----------O-------OOXX---OOOOO-----XOO-------O------------------ X;,1,50,3,11,-8,0,14,-64,0,2.625,1.375,4.625,5.0,9.625,700999,8.41215608010853,63.85747911195308,4.0,64.0,-64.0,64.0,0.9997318113149948
----------O--O----OOXO----XXXO-----XOO-------O------------------ X;,1,50,5,9,-4,0,14,-64,0,3.875,0.625,1.375,7.0,9.875,171891,7.380549301592288,63.7673176606105,4.0,64.0,-64.0,64.0,0.9988073837490037
----------OO------OOOX----XXXO-----XOO-------O------------------ X;,1,50,5,9,-4,0,14,-64,0,2.625,0.375,3.625,7.0,9.625,261632,9.165908604452055,63.66074104085127,4.0,64.0,-64.0,64.0,0.9997821367416829
----------O-------OOXX----XOXO-----OOO-----O-O------------------ X;,1,50,4,10,-6,1,16,-64,0,1.875,0.125,3.375,8.0,10.875,474554,9.540128204587887,63.70446777395196,4.0,64.0,-64.0,64.0,0.9996944499466868
-----------------OOX------OXX-----OXO-----OOOO----O------------- X;,1,50,4,10,-6,0,16,-64,0,4.875000000000001,0.125,1.375,7.0,9.875,565094,6.424037416783756,63.90014581644824,4.0,64.0,-64.0,64.0,0.9998602002498699
-------------O----XXOO----OXXO----OOOO----O--------------------- X;,1,50,4,10,-6,0,20,-64,0,2.3749999999999996,2.125,2.875,6.0,10.875,199095,8.158055199779,63.67558200858886,4.0,64.0,-64.0,64.0,0.9997990908862603
-------------------XXO----OXXO----OOOO----OOO------------------- X;,1,50,4,10,-6,1,12,-64,0,2.9999999999999996,2.0,1.0,8.0,13.0,427701,7.0048982817435546,63.82145003168101,4.0,64.0,-64.0,64.0,0.9997825583760618
------------------OOO-----XXXO-----OOOO----OOO------------------ X;,1,50,3,11,-8,0,12,-64,0,4.25,1.25,1.25,7.0,11.25,427866,6.005576512272534,63.95341999598005,4.0,64.0,-64.0,64.0,0.9999205358687066
-------------------XXO----OXXO----OXOO----OO--------O----------- X;,1,50,5,9,-4,0,14,-64,0,3.2499999999999996,3.25,2.25,5.0,11.25,426104,6.9776509960009765,63.803707545575726,4.0,64.0,-64.0,64.0,0.9978878395884573
-------------------XXO----OXXO----OXOO----OO------O------------- X;,1,50,5,9,-4,0,14,-64,0,3.2499999999999996,3.25,2.25,5.0,11.25,452450,6.591205658083767,63.853060006630564,4.0,64.0,-64.0,64.0,0.9992220134821527
-------------------OOO---OXXXX----OXO-----OOO------------------- X;,1,50,5,9,-4,0,14,-64,0,3.2499999999999996,3.25,2.25,5.0,11.25,420034,7.041053819452711,63.792773918301855,4.0,64.0,-64.0,64.0,0.9967883552283863
-------------------OOO----XOXX----OXO----OOOO------------------- X;,1,50,4,10,-6,0,14,-64,0,2.25,3.25,5.25,3.0,11.25,411424,6.709890526561407,63.74788539317103,4.0,64.0,-64.0,64.0,0.996842673251925
--------------------XO----OOXO----OXOO----OOOO------------------ X;,1,50,3,11,-8,0,14,-64,0,5.375,1.125,4.375,3.0,12.375,198500,9.195853904282115,63.6124886649874,4.0,64.0,-64.0,64.0,0.9981712846347607
-----------------O-OOO----OXXX----XOO-----OOO------------------- X;,1,50,4,10,-6,0,18,-64,0,2.25,3.25,2.25,5.0,11.25,202859,6.638532182451851,63.67320158336579,4.0,64.0,-64.0,64.0,0.9949521588886863
------------------OX-----OXXX-O---OXXO-----OOO------------------ X;,1,50,6,8,-2,0,12,-64,0,5.999999999999999,0.5,1.5,6.0,10.0,322706,11.002376776384697,63.80617961860021,4.0,64.0,-64.0,64.0,0.9963279269675804
------------------OX-----OXXX-----OOOOO----OOO------------------ X;,1,50,4,10,-6,0,12,-64,0,2.0000000000000004,0.5,2.0,9.0,10.0,197577,12.31298683551223,63.643627547740884,4.0,64.0,-64.0,64.0,0.9995900332528583
------------O-------OO-----XOXO---XXOO----OOO------------------- X;,1,50,4,10,-6,0,12,-64,0,2.0000000000000004,2.0,2.0,6.0,10.0,518555,7.6839891621910885,63.92186171187242,4.0,64.0,-64.0,64.0,0.9998823654192901
--------------------XOO----XXOO---XXOO----OOO------------------- X;,1,50,5,9,-4,0,12,-64,0,2.75,0.25,2.75,8.0,9.75,720130,7.322847263688501,63.879738380570174,4.0,64.0,-64.0,64.0,0.9998805771180204
-----------O------OOO-----XOXO-----OOO-----OOO------------------ X;,1,50,2,12,-10,0,12,-64,0,5.25,1.25,2.25,5.0,11.25,518863,6.635890398814331,63.929576786165136,4.0,64.0,-64.0,64.0,0.9998747260837639
-------------------OOO----OXOX---OXOO-----OOO------------------- X;,1,50,3,11,-8,0,20,-64,0,3.2499999999999996,3.25,3.25,3.0,11.25,237270,7.453984911703966,63.81773928435959,4.0,64.0,-64.0,64.0,0.9998061280397859
------------------OXX----OOXOO----XOOO------OO------------------ X;,1,50,4,10,-6,0,12,-64,0,2.25,1.25,3.25,7.0,11.25,856291,8.730424586968683,63.86418869286259,4.0,64.0,-64.0,64.0,0.9997302318954654
------------------OXX----OOXOO----OOOO----O--O------------------ X;,1,50,3,11,-8,0,14,-64,0,3.875,4.625,1.375,4.0,10.875,275435,10.84570588342077,63.62891789351389,4.0,64.0,-64.0,64.0,0.9996260460725761
------------O------XOO-----XXO-----OOO----OOOO------------------ X;,1,50,3,11,-8,0,14,-64,0,4.375,0.125,0.875,8.0,10.875,124728,11.944254698223334,63.4404223590533,4.0,64.0,-64.0,64.0,0.989721634276185
------------------OXX----OOXOO---OOOOO-------O------------------ X;,1,50,3,11,-8,0,16,-64,0,2.9999999999999996,5.0,2.0,4.0,10.0,112689,18.277329641757404,63.32311050768043,4.0,64.0,-64.0,64.0,0.9993965693190995
-----------O------OOX----OXXX-----OOO------OOO------------------ X;,1,50,4,10,-6,0,16,-64,0,2.0000000000000004,0.5,1.5,8.0,10.0,82840,9.73959439884114,63.52151134717528,4.0,64.0,-64.0,64.0,0.999589570255915
-----------O-----OOOX-----OXX-----XOO------OOO------------------ X;,1,50,4,10,-6,0,16,-64,0,1.7500000000000002,0.75,3.25,8.0,9.75,548516,6.785180377600653,63.8818411860365,4.0,64.0,-64.0,64.0,0.9996846035484835
-----------O------OOO-----XXXO----XOO------OOO------------------ X;,1,50,4,10,-6,0,18,-64,0,2.25,3.25,1.25,7.0,11.25,331863,6.906030500537873,63.86210574845644,4.0,64.0,-64.0,64.0,0.9984541813941296
------------O------XOO-----XXO-----OOOO---OOO------------------- X;,1,50,3,11,-8,0,22,-64,0,3.5,0.0,1.5,8.0,10.0,168961,12.475109640686313,63.54356922603441,4.0,64.0,-64.0,64.0,0.999745503400193
------------------XOOO----XXOX----OOO----OO-O------------------- X;,1,50,4,10,-6,1,10,-64,0,1.875,2.125,3.375,6.0,10.875,2012884,6.109689381007549,63.946530450835716,4.0,64.0,-64.0,64.0,0.9994887931942427
------------------OOOX----XXXO-----XOOO------OO----------------- X;,1,50,5,9,-4,0,12,-64,0,2.625,0.375,3.625,7.0,9.625,724172,7.280985732671244,63.87995945714554,4.0,64.0,-64.0,64.0,0.9998729583579592
------------------OOOX----OXXX---O-XOO-------OO----------------- X;,1,50,5,9,-4,0,14,-64,0,2.625,0.375,4.625,5.0,9.625,730380,6.87742408061557,63.89196445685808,4.0,64.0,-64.0,64.0,0.9998603466688573
------------------OX------OXX-----OXO----OOOOO-------O---------- X;,1,50,4,10,-6,0,16,-64,0,4.875000000000001,0.125,1.375,7.0,9.875,563586,6.426396326381422,63.899974449329825,4.0,64.0,-64.0,64.0,0.9995510889198809
-------------O----XXOO----OXO-----OOO-----OOO------------------- X;,1,50,3,11,-8,0,18,-64,0,3.375,0.125,3.875,6.0,10.875,306632,8.861123431344414,63.70582326697801,4.0,64.0,-64.0,64.0,0.9997782358005688
------------------OX------OXX-----OXO-----OOOO----O--O---------- X;,1,50,4,10,-6,0,18,-64,0,4.875000000000001,0.625,1.375,7.0,9.875,422334,7.1165120497047365,63.83504761634157,4.0,64.0,-64.0,64.0,0.9992612482063958
------------------OOOOO---XOXX-----XOO-------OO----------------- X;,1,50,4,10,-6,0,10,-64,0,2.875,1.625,4.375,5.0,9.875,559532,7.284780852569647,63.84677194512557,4.0,64.0,-64.0,64.0,0.9997926838858189
-----------------OOOOO----XOXX----OXO----O---O------------------ X;,1,50,4,10,-6,0,12,-64,0,2.875,1.625,4.375,5.0,9.875,766290,7.478919208132691,63.9006055148834,4.0,64.0,-64.0,64.0,0.9998029466651007
------------------OOOOO---XXOX-----XOO------O-O----------------- X;,1,50,4,10,-6,0,12,-64,0,2.0000000000000004,2.5,0.5,9.0,10.0,2026316,6.423189176811514,63.929088552821966,4.0,64.0,-64.0,64.0,0.9996150649750581
----------O--O----OXO-----OXX-----OXX-----OO--------O----------- X;,1,50,5,9,-4,1,16,-64,0,6.75,0.75,1.25,4.0,8.75,349648,7.690503020180295,63.84657998901753,4.0,64.0,-64.0,64.0,0.9996853978858737
------------------OOOOO---XOXO-----OOO-----O--O----------------- X;,1,50,2,12,-10,0,20,-64,0,4.499999999999999,1.0,1.5,7.0,10.0,401258,6.740122315318324,63.89698896969033,4.0,64.0,-64.0,64.0,0.999870407568198
----------O--O----OXO-----OXO-----OOO-----OOO------------------- X;,1,50,2,12,-10,0,22,-64,0,4.499999999999999,0.5,1.5,7.0,10.0,28083,12.637040202257593,63.056154969198445,4.0,64.0,-64.0,64.0,0.9997151301499128
------------XO----XXXO----OXO-----OOOO----O--------------------- X;,1,50,5,9,-4,0,14,-64,0,1.6249999999999998,3.375,3.625,5.0,9.625,397695,10.536999459384704,63.692653918203646,4.0,64.0,-64.0,64.0,0.9997384930662945
------------XO----XXX-----OOOO----OOOO----O--------------------- X;,1,50,4,10,-6,0,14,-64,0,4.750000000000001,4.75,1.25,3.0,9.75,676286,7.420727325421494,63.881133130066274,4.0,64.0,-64.0,64.0,0.9994913394628899
-----O------OO----XOX-----OXX-----OOOO----O--------------------- X;,1,50,4,10,-6,0,16,-64,0,1.4999999999999998,1.5,2.5,8.0,8.5,67000,10.330223880597014,63.54759701492537,4.0,64.0,-64.0,64.0,0.9982985074626866
----------O-XO----OOX-----OXO-----OOOO----O--------------------- X;,1,50,3,11,-8,0,18,-64,0,3.7500000000000004,1.75,2.25,6.0,8.75,168715,8.315389858637348,63.69498266307086,4.0,64.0,-64.0,64.0,0.9991583439528199
----O-------OO----XXO-----OXO-----OOOO----O--------------------- X;,1,50,3,11,-8,0,20,-64,0,2.5000000000000004,1.5,2.5,6.0,8.5,97029,12.954312628183327,63.632810809139535,4.0,64.0,-64.0,64.0,0.9992682600047409
----------OOO------XOX-----XOO----OOOO-------O------------------ X;,1,50,3,11,-8,0,22,-64,0,2.75,1.75,3.25,6.0,8.75,16555,17.598489882210814,61.99365750528541,6.0,64.0,-64.0,64.0,0.9993355481727575
----------OX--O----XXO-----XOO----OOOO-------O------------------ X;,1,50,4,10,-6,0,34,-64,0,2.625,3.375,1.625,6.0,8.625,113439,23.7992313049304,63.012253281499305,12.0,64.0,-64.0,64.0,0.9998148784809457
----------O--------OOOOO---XXXO----XOO-------O------------------ X;,1,50,4,10,-6,0,14,-64,0,3.2499999999999996,0.75,1.75,7.0,7.75,230806,7.753827890089513,63.79129658674385,4.0,64.0,-64.0,64.0,0.9996620538460872
----------O--------OOOO----XXXO----XOO-O-----O------------------ X;,1,50,4,10,-6,0,14,-64,0,3.2499999999999996,0.75,1.75,7.0,7.75,129446,11.628740942168935,63.49569704741746,4.0,64.0,-64.0,64.0,0.9994051573629158
-------------O---OOOO----XXOX-----OOO-----O--O------------------ X;,1,50,3,11,-8,0,14,-64,0,4.375,0.625,1.875,6.0,8.875,455451,9.44100023932322,63.69767768651293,4.0,64.0,-64.0,64.0,0.9945109353146662
----------O--------OOOO----XXOO----XOOO------O------------------ X;,1,50,3,11,-8,0,16,-64,0,5.000000000000001,0.5,1.0,7.0,8.0,292018,7.686142635043045,63.805368162236576,4.0,64.0,-64.0,64.0,0.999397297426871
------------XO----OOXO-----OXO-----XOO-------OO----------------- X;,1,50,4,10,-6,0,16,-64,0,3.375,0.625,4.875,4.0,8.875,499890,7.48939566704675,63.833615395386985,4.0,64.0,-64.0,64.0,0.9992678389245634
----------OX------OXOO----OXO-----OOO----O--O------------------- X;,1,50,3,11,-8,0,20,-64,0,3.7500000000000004,0.25,1.25,8.0,8.75,114032,13.653053528834011,63.25926932790796,4.0,64.0,-64.0,64.0,0.9997193770169777
----------OX------OXOO----OXO-----OOOO---O---------------------- X;,1,50,3,11,-8,0,20,-64,0,3.7500000000000004,1.25,1.25,6.0,8.75,169756,9.270629609557247,63.59464761186644,4.0,64.0,-64.0,64.0,0.9997408044487381
------------------OOOX----XXXO----OOOOO-------O----------------- X;,1,50,4,10,-6,0,16,-64,0,2.25,0.25,1.75,9.0,9.75,333473,7.599853661315908,63.816195014289015,4.0,64.0,-64.0,64.0,0.9996911294167744
------------------XOOO----XXXO----OOOOO--O---------------------- X;,1,50,4,10,-6,0,20,-64,0,2.25,0.25,1.75,9.0,9.75,113672,9.79651981138715,63.49776550073897,4.0,64.0,-64.0,64.0,0.9997536772468154
------------------XOOOO---XXXO----OOOO---O---------------------- X;,1,50,4,10,-6,0,20,-64,0,2.5000000000000004,0.5,2.0,8.0,10.0,391884,8.25168417184677,63.754230843821134,4.0,64.0,-64.0,64.0,0.999645303201968
------------------OOOOO---XXXO----OOOO--------O----------------- X;,1,50,3,11,-8,0,20,-64,0,3.5,0.5,0.5,9.0,10.0,113975,13.674937486290853,63.48543978942751,4.0,64.0,-64.0,64.0,0.9997806536521167
-------------O----OOOO----XXXO----OOOO--------O----------------- X;,1,50,3,11,-8,0,20,-64,0,3.5,0.0,0.5,9.0,10.0,308701,7.693700376739952,63.830590117945846,4.0,64.0,-64.0,64.0,0.9996047955788935
--------------O---OOOO----XXOX----OOOO--------O----------------- X;,1,50,3,11,-8,0,32,-64,0,2.875,0.625,1.375,9.0,9.875,380575,16.06381922091572,63.65429678775537,4.0,64.0,-64.0,64.0,0.9999632135584313
----O-------OO-----XOX----OOOO-----XOO-------O------------------ X;,1,50,3,11,-8,8,4,-64,0,2.5000000000000004,1.5,2.5,6.0,8.5,326484,10.39659217603313,63.72477977481285,4.0,64.0,-64.0,64.0,0.9994180419254849
----------OX------XXX-----OXOO----OOO-----OO-------------------- X;,1,50,5,9,-4,1,10,-64,0,1.7500000000000002,2.25,2.75,7.0,9.75,169980,14.812189669372867,63.27929168137428,4.0,64.0,-64.0,64.0,0.9991234262854454
----------OX------XXX-----OXOO----OOOO----O--------------------- X;,1,50,5,9,-4,0,12,-64,0,1.7500000000000002,4.75,2.25,5.0,9.75,53516,17.01265042230361,63.37609313102624,4.0,64.0,-64.0,64.0,0.9995702219896854
----------O-XO-----OXX----OOOO-----XOO-------O------------------ X;,1,50,4,10,-6,0,12,-64,0,2.75,1.75,3.25,6.0,8.75,225218,17.957654361551917,63.448121375733734,4.0,64.0,-64.0,64.0,0.997322594108819
----------OX------XXX-----OXOO----OOO-----O-O------------------- X;,1,50,5,9,-4,0,14,-64,0,1.7500000000000002,2.25,2.25,7.0,9.75,58600,20.216006825938567,63.262901023890784,6.0,64.0,-64.0,64.0,0.9996075085324232
-----O------OO-----OXX----OOXO-----XOO-------O------------------ X;,1,50,4,10,-6,0,16,-64,0,1.4999999999999998,1.5,6.5,4.0,8.5,186345,11.576548874399634,63.74673857629666,4.0,64.0,-64.0,64.0,0.9981915264697201
------------------OOOXO----OXOO----XOOO-----O------------------- X;,1,50,3,11,-8,0,24,-64,0,3.7500000000000004,0.75,5.25,4.0,8.75,82721,14.011363498990583,62.948537856167114,4.0,64.0,-64.0,64.0,0.9997824010831591
------------XO----OOOO----XXXO-----XOO-------O------------------ X;,1,50,5,9,-4,6,6,-64,0,4.625,0.375,1.625,7.0,9.625,627890,7.716150918154454,63.80367580308653,4.0,64.0,-64.0,64.0,0.9994346143432767
------------------OX------XXX---OOOOO----O-OOO------------------ X;,1,50,4,10,-6,1,8,-64,0,1.4999999999999998,0.5,2.5,9.0,8.5,828924,6.127657059030743,63.96856647895344,4.0,64.0,-64.0,64.0,0.999917965941389
-----------O------OO------XOX----XXOO----O-OOO------------------ X;,1,50,4,10,-6,0,12,-64,0,2.25,3.75,2.75,5.0,8.75,1146556,7.780730291411846,63.83144739550445,4.0,64.0,-64.0,64.0,0.9996938658033275
-----------------OOX------OXX----XXOO----O-OOO------------------ X;,1,50,5,9,-4,0,12,-64,0,1.7500000000000002,0.75,1.25,9.0,8.75,545609,8.19830867892575,63.80114880802919,4.0,64.0,-64.0,64.0,0.9995711214441111
----------OX-------OXO----OXOO----OOOO----O--------------------- X;,1,50,3,11,-8,0,14,-64,0,4.25,2.25,2.75,4.0,9.75,121496,9.589698426285638,63.50811549351419,4.0,64.0,-64.0,64.0,0.9886580628168828
-----------OOO----OXO-----XXXO-----XOO-------O------------------ X;,1,50,5,9,-4,0,14,-64,0,2.75,0.75,3.25,7.0,8.75,346021,12.737781810930551,63.68058008039974,4.0,64.0,-64.0,64.0,0.9993381904566486
--------------------------XXX---OXOOO---OO-OOO--O--------------- X;,1,50,4,10,-6,2,6,-64,0,1.375,1.125,1.375,9.0,6.875,586479,9.509834111707324,63.89783436406078,4.0,64.0,-64.0,64.0,0.9966085742200488
----OX------XO-----XO------XOO-----OOO----O--O------------------ X;,1,50,4,10,-6,0,12,-64,0,2.9999999999999996,1.0,2.0,7.0,7.5,12482,22.0323666079154,63.05479891043102,8.0,64.0,-64.0,64.0,0.999278961704855
----OX------XO-----XO-----OOOO-----XOO-------O------------------ X;,1,50,4,10,-6,0,12,-64,0,2.875,1.625,1.875,6.0,7.875,45793,22.853645753717817,63.25401262201647,10.0,64.0,-64.0,64.0,0.9998908130063546
----OX----O-XO-----OO------XOO-----XOO-------O------------------ X;,1,50,4,10,-6,0,14,-64,0,3.1250000000000004,0.875,0.625,9.0,7.125,41287,23.027175624288517,63.13457020369608,10.0,64.0,-64.0,64.0,0.999806234407925
----OX-----OOO-----XO------XOO-----XOO-------O------------------ X;,1,50,4,10,-6,0,18,-64,0,1.6249999999999998,1.375,1.125,9.0,7.125,37807,25.649562250376913,62.67635623032772,14.0,64.0,-64.0,64.0,0.9999470997434338
----OX------XO----OOO------OOO-----XOO-------O------------------ X;,1,50,3,11,-8,0,40,-64,0,4.499999999999999,0.5,2.5,6.0,7.5,1503,33.712574850299404,61.65003326679973,28.0,64.0,-64.0,64.0,1.0
----OX------XO-----XO------OOO----OOOO-------O------------------ X;,1,50,3,11,-8,0,62,-64,0,5.875000000000001,1.625,1.875,4.0,7.875,33,25.151515151515152,34.78787878787879,64.0,64.0,-64.0,64.0,1.0
----------O-XO----XXX------XOO-----OOO----O--O------------------ X;,1,50,5,9,-4,0,10,-64,0,1.875,2.625,1.375,8.0,8.875,643046,8.005190919467658,63.86499566127462,4.0,64.0,-64.0,64.0,0.9997838412804061
-----------------OOO------XOX----XXOO----O-OOO------------------ X;,1,50,4,10,-6,0,12,-64,0,2.75,3.75,2.25,5.0,8.75,582469,9.403384557804793,63.68816881241749,4.0,64.0,-64.0,64.0,0.9978007413270062
-----------------OX-------XXX---OOOOO----O-OOO------------------ X;,1,50,4,10,-6,0,12,-64,0,1.2500000000000002,1.25,0.75,10.0,7.75,134403,14.60255351443048,63.3118977999003,4.0,64.0,-64.0,64.0,0.9993303720899087
----------O-XO----XXO------OOO----OOOO-------O------------------ X;,1,50,3,11,-8,0,16,-64,0,5.749999999999999,1.75,1.25,5.0,8.75,183587,10.644223174843535,63.62079559010169,4.0,64.0,-64.0,64.0,0.9951739502252338
-----------------OX------OXXX----OOOO----O-OOO------------------ X;,1,50,4,10,-6,0,20,-64,0,1.4999999999999998,1.5,0.5,10.0,8.0,50205,16.879454237625733,62.20573648043024,6.0,64.0,-64.0,64.0,0.9992829399462205
---------O-------OO-------XOX----XXOO----O-OOO------------------ X;,1,50,4,10,-6,0,34,-64,0,2.875,2.625,2.375,6.0,7.875,93227,17.672916644319777,63.23291535713903,8.0,64.0,-64.0,64.0,0.9997961963808768
---O------OO------XOX-----OOO-----OOOO----O--------------------- X;,1,50,2,12,-10,0,14,-64,0,5.5,1.5,2.5,4.0,8.5,120150,9.970378693300042,63.77156054931336,4.0,64.0,-64.0,64.0,0.9997919267582189
----------OX-O----XXO-----OOO-----OOOO----O--------------------- X;,1,50,3,11,-8,0,16,-64,0,5.749999999999999,1.75,1.25,4.0,8.75,181631,10.560807351168027,63.650940643392374,4.0,64.0,-64.0,64.0,0.9978197554382237
----------OOO-----XOO-----OXO-----OOOO----O--------------------- X;,1,50,2,12,-10,0,38,-64,0,4.750000000000001,0.75,2.25,6.0,8.75,6473,30.487254750502085,60.148308357793915,20.0,64.0,-64.0,64.0,0.999845512127298
---------OOX------OXX-----OOO-----OOOO----O--------------------- X;,1,50,3,11,-8,0,42,-64,0,5.625,3.375,0.625,4.0,8.625,13072,31.83812729498164,60.41080171358629,22.0,64.0,-64.0,64.0,1.0
-----------OOO----OXXX-----OXO-----XOO-------O------------------ X;,1,50,5,9,-4,0,16,-64,0,0.875,2.625,6.375,4.0,8.875,39789,16.11540878132147,63.11020633843525,4.0,64.0,-64.0,64.0,0.9998994697026816
-----------OOO-----XXO-----XXOO----XOO-------O------------------ X;,1,50,5,9,-4,0,16,-64,0,3.2499999999999996,2.25,1.25,7.0,8.25,55827,14.88260160854067,63.2874236480556,4.0,64.0,-64.0,64.0,0.9990864635391478
----------OOOO-----OXX-----XOO-----XOO-------O------------------ X;,1,50,4,10,-6,0,16,-64,0,1.4999999999999998,1.5,1.5,9.0,8.0,210237,12.52842268487469,63.47694268848966,4.0,64.0,-64.0,64.0,0.9999381650232833
-----------OOO-----OXX----OOOO-----XOO-------O------------------ X;,1,50,3,11,-8,0,20,-64,0,2.75,1.75,3.25,6.0,8.75,190458,14.000152264541263,63.27818731688876,4.0,64.0,-64.0,64.0,0.99972697392601
----------OOO-----XOX-----OXO-----OOOO----O--------------------- X;,1,50,3,11,-8,0,54,-64,0,2.75,1.75,3.25,6.0,8.75,800,33.225,56.4525,64.0,64.0,-64.0,64.0,1.0
----------OOO-----XXO-----OXO-----OOO-----O-O------------------- X;,1,50,3,11,-8,0,62,-64,0,2.75,0.75,2.25,8.0,8.75,88,-2.590909090909091,9.545454545454545,4.0,64.0,-64.0,64.0,1.0
----X------OXO----OXX------OXO-----XOO-------O------------------ X;,1,50,6,8,-2,1,10,-64,0,1.2500000000000002,2.25,5.75,4.0,7.75,51768,15.411663575954258,63.50457811775614,4.0,64.0,-64.0,64.0,0.9987637150363159
-----------------O-------OOXX---XXXOO----O-OOO------------------ X;,1,50,5,9,-4,0,10,-64,0,1.375,1.125,1.375,9.0,7.375,45540,12.242753623188406,63.13238910847606,4.0,64.0,-64.0,64.0,0.998989898989899
---X------OXO------XO-----OXO-----OOO-----O-O------------------- X;,1,50,4,10,-6,1,12,-64,0,2.625,0.375,2.125,8.0,8.125,31386,20.934397502070986,62.93994137513541,6.0,64.0,-64.0,64.0,0.9938826228254636
-------------------O-----OXOX---XXXOO----O-OOO------------------ X;,1,50,5,9,-4,3,16,-64,0,1.6249999999999998,3.375,2.125,6.0,8.125,28233,18.971133071228703,62.70782417738108,4.0,64.0,-64.0,64.0,0.999681224099458
---X------OXO------OX-----OXO-----OOOO----O--------------------- X;,1,50,4,10,-6,1,54,-64,0,2.625,1.375,3.125,6.0,8.125,800,33.225,56.4525,64.0,64.0,-64.0,64.0,1.0
---X------OXO-----OX------OXO-----OOO-----O-O------------------- X;,1,50,4,10,-6,0,12,-64,0,2.75,0.75,1.75,8.0,7.75,85039,20.16627664953727,63.48442479333012,6.0,64.0,-64.0,64.0,0.9997060172391491
----------O------OXOX---XXXXO----O-OOO-------------------------- X;,1,50,6,8,-2,2,16,-64,0,1.875,0.125,2.875,8.0,7.375,14456,29.589997232982846,62.252421140011066,16.0,64.0,-64.0,64.0,0.9997232982844494
-----------O-----OXOX---XXXOO----O-OOO-------------------------- X;,1,50,5,9,-4,4,20,-64,0,4.625,0.375,1.125,6.0,7.625,7010,35.2,61.29272467902996,36.0,64.0,-64.0,64.0,0.9997146932952924
---------O-------OOXX---XXXOO----O-OOO-------------------------- X;,1,50,5,9,-4,0,40,-64,0,5.25,0.75,1.25,6.0,7.25,4286,40.87167522165189,51.939804013065796,64.0,64.0,-64.0,64.0,1.0
---X------OXO-----XO------OXO----OOOO-------O------------------- X;,1,50,4,10,-6,2,46,-64,0,3.6250000000000004,0.375,3.125,6.0,7.625,727,11.909215955983495,31.061898211829437,20.0,64.0,-64.0,64.0,1.0
-----------OO----OXOO----XXXOX-----OOO-------------------------- X;,1,50,5,9,-4,0,12,-64,0,1.6249999999999998,2.375,1.625,8.0,8.625,276066,21.10322169336318,63.422072982547654,10.0,64.0,-64.0,64.0,0.999471140959046
----------OX------XX-----OOXO-----OOO-----OOO------------------- X;,1,50,4,10,-6,0,12,-64,0,2.25,0.75,2.25,8.0,8.75,273348,15.32522645126359,63.54468296823097,4.0,64.0,-64.0,64.0,0.9992317485403223
-----------O-----OXOX-O--XXXXO-----OOO-------------------------- X;,1,50,6,8,-2,0,16,-64,0,0.875,1.125,0.375,10.0,8.375,96883,24.686405251695344,62.91882992888329,12.0,64.0,-64.0,64.0,0.998183375824448
-----------O-----OXOO----XXXXO-----OOOO------------------------- X;,1,50,5,9,-4,0,16,-64,0,1.6249999999999998,0.375,0.625,11.0,8.625,188647,20.565914114722204,63.553621313882545,8.0,64.0,-64.0,64.0,0.9998939818815036
------------O------XOOO---XXXXO---OOO--O------------------------ X;,1,50,5,9,-4,0,16,-64,0,1.1249999999999998,0.375,2.125,10.0,8.125,148185,17.725073387994737,63.40115396295172,4.0,64.0,-64.0,64.0,0.9997368154671525
------------O------XOXO---XXXOO---OOO-O------------------------- X;,1,50,5,9,-4,0,18,-64,0,1.6249999999999998,0.375,3.625,8.0,8.625,138738,18.283318196889102,63.03944845680347,6.0,64.0,-64.0,64.0,0.9998486355576699
---------O-O-----OOOX----XXOXX-----OOO-------------------------- X;,1,50,5,9,-4,0,36,-64,0,1.7500000000000002,0.75,2.75,8.0,8.25,118674,35.64946829128537,61.98738561100157,36.0,64.0,-64.0,64.0,0.9999410148811029
----------OOX----OXOX----XXOO------OOO-------------------------- X;,1,50,5,9,-4,0,14,-64,0,4.875000000000001,0.125,1.375,6.0,7.875,392853,18.31081855045017,63.47651666144843,6.0,64.0,-64.0,64.0,0.9990174441839569
----------O-X----OOOOO---XXXO------OOO-------------------------- X;,1,50,4,10,-6,0,14,-64,0,3.5,0.5,1.5,8.0,8.0,168328,23.90127608003422,62.98122712798821,12.0,64.0,-64.0,64.0,0.999661375409914
----------O-X----OOXX----XOXO-----OOOO-------------------------- X;,1,50,5,9,-4,0,16,-64,0,2.3749999999999996,3.125,1.875,6.0,8.375,89738,23.533530945641758,62.63932782098999,12.0,64.0,-64.0,64.0,0.9989636497358978
----------O-X----OXXX----OXXO----O-OOO-------------------------- X;,1,50,6,8,-2,0,16,-64,0,2.3749999999999996,1.625,1.875,8.0,7.875,30814,25.878821314986695,62.67780878821315,12.0,64.0,-64.0,64.0,0.9992211332511196
----------O-X----OXXX---OOOOO------OOO-------------------------- X;,1,50,4,10,-6,0,16,-64,0,4.875000000000001,2.625,1.875,4.0,7.375,188004,16.782568455990297,63.56953043552265,4.0,64.0,-64.0,64.0,0.9984681176996234
----------OX-----OXX------XXO---OOOOO-------O------------------- X;,1,50,5,9,-4,0,18,-64,0,1.875,0.625,2.875,8.0,7.375,58418,28.195436338114966,63.416669519668595,16.0,64.0,-64.0,64.0,0.9998288198842823
---------OO-X----OOXX----XXOO------OOO-------------------------- X;,1,50,5,9,-4,0,32,-64,0,5.999999999999999,0.5,1.0,6.0,7.5,184016,25.0232153725763,63.193211459873055,12.0,64.0,-64.0,64.0,0.9961199026171638
----------OX-----XXXO-----OOO-----OOO-----O-O------------------- X;,1,50,4,10,-6,1,14,-64,0,5.25,0.75,1.25,6.0,8.75,527746,16.363314928014614,63.692526328953704,4.0,64.0,-64.0,64.0,0.9997801972918791
----------X------OXOOO--OOOOO------OOO-------------------------- X;,1,50,2,12,-10,0,14,-64,0,6.25,0.75,1.75,4.0,7.75,69306,12.486610105907136,63.57246125876547,4.0,64.0,-64.0,64.0,0.9950509335411075
----------OX-----OXX----O-OXO-----OOO-----O-O------------------- X;,1,50,4,10,-6,0,20,-64,0,2.25,0.75,2.75,8.0,7.75,11785,21.727619855748834,61.234280865507,8.0,64.0,-64.0,64.0,0.9999151463725074
--------O-OX-----OXX------OXO-----OOO-----O-O------------------- X;,1,50,4,10,-6,0,26,-64,0,2.25,0.75,2.75,8.0,7.75,14379,20.057375339036096,61.394464149106334,6.0,64.0,-64.0,64.0,0.9996522706725085
----------X------OXOOO---OOXO----O-OOO-------------------------- X;,1,50,3,11,-8,0,28,-64,0,3.5,1.0,2.5,6.0,8.0,9263,24.672028500485805,58.33801144337688,14.0,64.0,-64.0,64.0,0.9989204361437979
---------OOX-----XOX------OOO-----OOO-----O-O------------------- X;,1,50,3,11,-8,0,48,-64,0,5.875000000000001,1.125,0.375,6.0,7.875,3093,42.23149046233431,57.834464920788875,64.0,64.0,-64.0,64.0,1.0
-----------OO----OXOXX---XXOO------OOO-------------------------- X;,1,50,5,9,-4,2,16,-64,0,5.25,1.25,0.75,6.0,8.25,455566,14.10661901897859,63.69780009921724,4.0,64.0,-64.0,64.0,0.999624642752093
----------O-O----OXOXX---XXXO------OOO-------------------------- X;,1,50,6,8,-2,1,18,-64,0,2.5000000000000004,0.5,2.5,8.0,8.0,107981,29.528694862985155,62.94527740991471,18.0,64.0,-64.0,64.0,0.9997684777877589
------------O----OXXXO---XXXO-O----OOO-------------------------- X;,1,50,6,8,-2,0,18,-64,0,1.7500000000000002,0.75,3.25,8.0,8.25,126939,19.298363781028684,63.61612270460615,8.0,64.0,-64.0,64.0,0.9997321548145172
-----------O------XXXXO----OOOOO--OOO--------------------------- X;,1,50,4,10,-6,0,22,-64,0,5.749999999999999,2.25,0.75,4.0,7.75,187654,20.64281603376427,63.27891225340254,10.0,64.0,-64.0,64.0,0.9989448666162192
----------OX------OX------OXO----OOOO-----O-O-----O------------- X;,1,50,3,11,-8,0,26,-64,0,2.9999999999999996,1.5,1.5,8.0,8.0,20766,30.557497832996244,62.34792449195801,20.0,64.0,-64.0,64.0,0.9992295097755948
------------O----OXOXX---OOXO----O-OOO-------------------------- X;,1,50,4,10,-6,0,28,-64,0,3.7500000000000004,0.75,3.25,6.0,8.25,11508,26.829336114007646,62.97566909975669,16.0,64.0,-64.0,64.0,0.9998262078554049
------------O-O--OXXXO---XXXO------OOO-------------------------- X;,1,50,6,8,-2,0,34,-64,0,1.875,1.125,2.875,8.0,7.875,142394,26.312955602061884,63.43001109597314,16.0,64.0,-64.0,64.0,0.999775271429976
---------O--O----OOXXX---XXOO------OOO-------------------------- X;,1,50,5,9,-4,0,38,-64,0,4.875000000000001,1.125,1.875,6.0,7.875,176801,29.985446914893014,63.08803117629425,18.0,64.0,-64.0,64.0,0.9998925345444879
---O------OO------OXX----OOOO-----XOO-------O------------------- X;,1,50,3,11,-8,0,18,-64,0,5.125000000000001,0.375,2.125,6.0,8.125,256127,14.196265914956252,63.51076223904548,4.0,64.0,-64.0,64.0,0.9992581805120117
-----------------OXXX---OOXXO----OOOOO-------------------------- X;,1,50,5,9,-4,0,18,-64,0,2.125,1.875,1.625,8.0,8.125,224824,11.111469416076575,63.590306195068145,4.0,64.0,-64.0,64.0,0.9999110415258158
-----------------OXXX---OOXXO-----OOOO-----O-------------------- X;,1,50,5,9,-4,1,20,-64,0,1.6249999999999998,0.875,2.125,9.0,9.125,276281,12.001288543186105,63.60322280576659,4.0,64.0,-64.0,64.0,0.9992833383403129
---O------OO-----OXXX-----OXO-----XOO-------O------------------- X;,1,50,5,9,-4,0,20,-64,0,2.125,0.375,3.125,8.0,8.125,108931,16.92199649319294,62.72214521118873,4.0,64.0,-64.0,64.0,0.9995685342097291
---O------OO------OXX-----OXO-----OOO-----O-O------------------- X;,1,50,3,11,-8,0,20,-64,0,2.5000000000000004,1.5,1.5,8.0,8.5,148192,10.217211455409199,63.58850005398402,4.0,64.0,-64.0,64.0,0.9978406391708055
---O------OO------XXX-----XXO----OOOO-------O------------------- X;,1,50,5,9,-4,0,22,-64,0,2.125,0.375,1.625,8.0,8.125,187189,20.83104242236456,63.28784276853875,10.0,64.0,-64.0,64.0,0.9998130232011496
---------O-------OOXX---OOXOO-----XOOO-------------------------- X;,1,50,4,10,-6,0,38,-64,0,5.999999999999999,0.5,1.0,6.0,8.0,19086,35.64356072513885,58.880069160641305,62.0,64.0,-64.0,64.0,0.9997380278738343
--X-------XOO-----XO------OXO----OOOO-------O------------------- X;,1,50,4,10,-6,0,18,-64,0,4.625,0.375,2.125,6.0,7.625,4791,29.026299311208515,62.83969943644333,16.0,64.0,-64.0,64.0,0.9966604049259027
----------O-----XXXOX----OXXO----O-OOO-------------------------- X;,1,50,6,8,-2,0,20,-64,0,1.875,1.125,1.875,8.0,7.375,28215,26.490342016657806,62.010313662945244,14.0,64.0,-64.0,64.0,0.9999645578592947
-----------O----XXOOX----OXOO----O-OOO-------------------------- X;,1,50,4,10,-6,0,28,-64,0,5.625,0.375,1.125,6.0,7.625,8656,37.09750462107209,59.25854898336414,64.0,64.0,-64.0,64.0,0.9994223659889094
---------O------XOOXX----OXOO----O-OOO-------------------------- X;,1,50,4,10,-6,0,42,-64,0,5.749999999999999,1.25,0.75,6.0,7.25,9938,37.59589454618636,58.952908029784666,64.0,64.0,-64.0,64.0,0.9998993761320185
--------O-------XOXXX----OOXO----O-OOO-------------------------- X;,1,50,5,9,-4,0,52,-64,0,2.125,2.875,2.125,6.0,7.125,4152,38.85163776493256,54.89547206165703,64.0,64.0,-64.0,64.0,1.0
---------OX------OXXX----OXOO----O-OOO-------------------------- X;,1,50,5,9,-4,0,40,-64,0,5.5,1.5,0.5,6.0,7.5,21919,29.627993977827455,60.469638213422144,18.0,64.0,-64.0,64.0,0.9996806423650714
---------OX------OXXX---OOOOO------OOO-------------------------- X;,1,50,4,10,-6,0,42,-64,0,4.750000000000001,2.75,1.25,4.0,7.25,11597,34.57342416142106,56.947313960507024,62.0,64.0,-64.0,64.0,0.9999137708027939
---O-----OO------OXXX----XXOO------OOO-------------------------- X;,1,50,5,9,-4,0,44,-64,0,5.749999999999999,0.75,1.25,6.0,7.25,7535,38.702322495023225,53.636098208360984,64.0,64.0,-64.0,64.0,0.9997345719973457
---------OOX-----XXX------XOO-----OOO----O--O------------------- X;,1,50,5,9,-4,0,56,-64,0,4.750000000000001,0.25,1.25,6.0,7.75,684,36.409356725146196,42.42397660818713,64.0,64.0,-64.0,64.0,1.0
---------OOO-----OXOX----XXOO------OOO-------------------------- X;,1,50,4,10,-6,0,56,-64,0,5.000000000000001,0.5,1.5,6.0,7.5,5186,37.367527959892016,45.00154261473197,64.0,64.0,-64.0,64.0,1.0
-O-------OO------OXOX----XXOO------OOO-------------------------- X;,1,50,4,10,-6,0,60,-64,0,5.25,0.25,1.75,6.0,7.25,962,21.55925155925156,33.66735966735967,64.0,64.0,-64.0,64.0,1.0
---------OOX-----XXX------XOO----OOOO-------O------------------- X;,1,50,5,9,-4,0,62,-64,0,4.499999999999999,1.0,1.5,6.0,7.5,653,35.068912710566615,39.08116385911179,64.0,64.0,-64.0,64.0,1.0
------------O-----OOOX---XXXOX----OOOO-------------------------- X;,1,50,5,9,-4,1,6,-64,0,1.4999999999999998,1.0,2.5,9.0,10.0,1246623,14.860123710215518,63.849920946428874,4.0,64.0,-64.0,64.0,0.9995892904270176
------------O-----OOOX---XOXXX---OOOO--------------------------- X;,1,50,5,9,-4,0,6,-64,0,1.2500000000000002,0.25,2.25,10.0,9.25,913793,11.236846857001531,63.83510488699301,4.0,64.0,-64.0,64.0,0.9994856603191313
------------O-----OOOO---XXXXXO---OOO--------------------------- X;,1,50,5,9,-4,0,6,-64,0,1.2500000000000002,1.25,1.25,10.0,9.25,2344819,12.201873150976684,63.89447202534609,4.0,64.0,-64.0,64.0,0.9421375381212793
-----------O------XOOO-O--XXXXO----OOO-------------------------- X;,1,50,5,9,-4,0,8,-64,0,0.7499999999999999,1.25,1.25,10.0,8.75,449809,12.889106265103633,63.78251213292753,4.0,64.0,-64.0,64.0,0.9996909799492674
------------O----OOOOX---XOXXX----OOO--------------------------- X;,1,50,5,9,-4,0,8,-64,0,1.2500000000000002,0.75,1.75,10.0,8.75,3035538,5.519995796461781,63.97833761264066,4.0,64.0,-64.0,64.0,0.9986806292657183
-----------O------XOOO----XXXXO----OOO-O------------------------ X;,1,50,5,9,-4,0,12,-64,0,0.7499999999999999,1.25,1.25,10.0,8.75,660834,15.686325158814467,63.70450218965731,4.0,64.0,-64.0,64.0,0.9996958388944879
------------O-----OOOX---XXXXO----OOO-O------------------------- X;,1,50,5,9,-4,0,12,-64,0,1.2500000000000002,0.25,2.25,9.0,9.25,1360205,9.960913979878033,63.929380497792614,4.0,64.0,-64.0,64.0,0.9984796409364765
------------O-----OOOOO--XXXXO----OOO--------------------------- X;,1,50,4,10,-6,0,12,-64,0,2.25,0.75,1.75,8.0,8.75,481843,11.757356649365041,63.754571509807135,4.0,64.0,-64.0,64.0,0.9963784884288036
------------O-O---OOOO---XXXOX----OOO--------------------------- X;,1,50,4,10,-6,0,26,-64,0,2.3749999999999996,1.625,1.875,8.0,8.875,298867,24.313099137743546,63.51989681028685,14.0,64.0,-64.0,64.0,0.9998761991119796
----------OOO-----XOXX----XXOX-----OOO-------------------------- X;,1,50,6,8,-2,4,8,-64,0,2.75,0.75,2.25,8.0,8.75,305544,19.405758254130337,63.50747191893802,6.0,64.0,-64.0,64.0,0.9975584531196816
-----------OO-----XXOX----XXOO-----OOOO------------------------- X;,1,50,5,9,-4,0,12,-64,0,3.2499999999999996,0.25,2.25,8.0,9.25,183645,19.709232486590977,63.25726265348907,6.0,64.0,-64.0,64.0,0.9991015274034142
-----------OO-----XXXXO---XXOO-----OOO-------------------------- X;,1,50,6,8,-2,1,14,-64,0,2.75,1.75,1.25,8.0,8.75,155006,18.051559294478924,63.33825787388875,4.0,64.0,-64.0,64.0,0.9985871514651046
-----------OO-----XXOX----XOXO----OOO-O------------------------- X;,1,50,5,9,-4,0,14,-64,0,3.2499999999999996,0.25,4.25,6.0,9.25,245805,14.197648542543886,63.700620410487986,4.0,64.0,-64.0,64.0,0.9978560240841318
-----------OOO----XXXO----XXOO-----OOO-------------------------- X;,1,50,5,9,-4,1,16,-64,0,1.7500000000000002,1.75,2.25,8.0,8.75,110545,11.586258989551766,63.59955674159844,4.0,64.0,-64.0,64.0,0.9900673933692161
-----------OO-----XXXO----XXOOO----OOO-------------------------- X;,1,50,5,9,-4,1,16,-64,0,2.25,1.25,2.25,8.0,9.25,71893,14.893995242930465,63.403919714019445,4.0,64.0,-64.0,64.0,0.9995827131987816
-----------OO-----XXXXO---XOXO----OOO--------------------------- X;,1,50,6,8,-2,0,18,-64,0,2.75,1.75,2.25,6.0,8.75,119472,21.00998560332128,63.4818283781974,10.0,64.0,-64.0,64.0,0.9994643096290344
-----------OO-----XXXO----XOOOO---OOO--------------------------- X;,1,50,4,10,-6,0,20,-64,0,5.25,1.25,2.25,4.0,9.25,152787,19.207923448984534,63.014320590102564,8.0,64.0,-64.0,64.0,0.9993193138159661
-----------OO-O---XXXO----XXOX-----OOO-------------------------- X;,1,50,6,8,-2,0,26,-64,0,2.875,0.625,2.375,8.0,8.875,104550,24.604294595887136,62.95733142037303,12.0,64.0,-64.0,64.0,0.9996461023433764
-----------OO-O---XXXO----XOOX----OOO--------------------------- X;,1,50,5,9,-4,0,30,-64,0,5.875000000000001,0.625,1.375,6.0,8.875,140753,31.103010237792446,62.80640554730628,20.0,64.0,-64.0,64.0,0.9996376631403949
-----------OX-----XXXOO---XXOO-----OOO-------------------------- X;,1,50,6,8,-2,0,8,-64,0,1.2500000000000002,1.25,2.75,8.0,8.75,283699,12.073190247410107,63.64751373815206,4.0,64.0,-64.0,64.0,0.8705705695120532
----------OOX-----XOX-O---XXOO-----OOO-------------------------- X;,1,50,5,9,-4,0,10,-64,0,1.875,0.125,1.875,8.0,8.375,49256,23.085410914406367,62.34044583401007,8.0,64.0,-64.0,64.0,0.998538249147312
-----------OOO----XXX-O---XXXO-----OOO-------------------------- X;,1,50,6,8,-2,0,14,-64,0,1.375,1.625,0.875,10.0,8.375,275842,11.053896795991909,63.82834738727242,4.0,64.0,-64.0,64.0,0.9996265978349925
----O------OO-----XXO-O---XXOO-----OOO-------------------------- X;,1,50,4,10,-6,0,16,-64,0,2.125,0.875,2.625,8.0,8.125,27540,26.54960058097313,62.28235294117647,14.0,64.0,-64.0,64.0,0.99920116194626
-----------XO----O-XXO----OOOOO---OOO--------------------------- X;,1,50,3,11,-8,0,18,-64,0,4.625,3.375,1.625,4.0,8.625,82098,18.483495334843724,63.15747034032498,4.0,64.0,-64.0,64.0,0.9984043460254818
-----------OX----OXXX-O---OXXO-----OOO-------------------------- X;,1,50,6,8,-2,0,20,-64,0,0.875,3.625,0.875,8.0,8.375,51035,21.956108552953854,63.22621730185167,10.0,64.0,-64.0,64.0,0.9995297344959342
---------O-OX-----OXX-O---XOXO-----OOO-------------------------- X;,1,50,5,9,-4,0,32,-64,0,1.7500000000000002,1.25,2.25,8.0,8.25,75693,29.989893385121476,62.56479463094342,18.0,64.0,-64.0,64.0,0.999881098648488
-----------O------OOX----OXXXX---OXOOO-------------------------- X;,1,50,6,8,-2,0,10,-64,0,1.875,0.625,2.375,9.0,9.875,301269,13.214479418725459,63.66948806548301,4.0,64.0,-64.0,64.0,0.9993560572113294
-----------O------XOX-O---XXXO---OXOOO-------------------------- X;,1,50,6,8,-2,0,12,-64,0,0.875,0.125,0.875,11.0,9.375,460730,9.775825320686737,63.87706031732251,4.0,64.0,-64.0,64.0,0.9962711349380331
-----------OO-----XOO-----XXOX---OXOOO-------------------------- X;,1,50,5,9,-4,0,12,-64,0,2.3749999999999996,2.125,1.875,7.0,9.875,763667,12.546163445585576,63.870329607014575,4.0,64.0,-64.0,64.0,0.9996045396750154
------------O-----XXX----OOXO-----OOO-----OOO------------------- X;,1,50,4,10,-6,0,12,-64,0,2.0000000000000004,0.5,2.0,9.0,10.0,80961,14.617346623683009,63.53816034880992,4.0,64.0,-64.0,64.0,0.9896616889613518
-----------O-----OOOX-----OXXX---OXOOO-------------------------- X;,1,50,5,9,-4,0,14,-64,0,0.875,0.125,4.875,7.0,9.375,826680,6.226060869985968,63.83752600764504,4.0,64.0,-64.0,64.0,0.994220254512024
-----------O------XOO-----XXXO---OXOOOO------------------------- X;,1,50,5,9,-4,0,16,-64,0,1.875,0.625,0.375,11.0,9.875,232107,7.374861594006212,63.89459602683245,4.0,64.0,-64.0,64.0,0.9998018155419699
---------O-O------OOX-----XOXX---OXOOO-------------------------- X;,1,50,5,9,-4,0,24,-64,0,2.5000000000000004,0.5,3.5,7.0,9.5,659110,17.118895176829362,63.743725630016236,4.0,64.0,-64.0,64.0,0.9999347605103852
----------XO------XXX-O--OXXXO-----OOO-------------------------- X;,1,50,7,7,0,0,10,-64,0,0.875,1.625,1.375,10.0,8.375,384990,10.457749551936415,63.90645211563937,4.0,64.0,-64.0,64.0,0.9997947998649316
----------XO------XXO----OXXXO-----OOOO------------------------- X;,1,50,6,8,-2,0,12,-64,0,1.6249999999999998,0.375,2.625,9.0,8.625,303828,9.672867543478548,63.937569940887606,4.0,64.0,-64.0,64.0,0.9998420158774043
----------XOO-----XXO----OXXOX-----OOO-------------------------- X;,1,50,6,8,-2,0,12,-64,0,2.625,0.375,1.625,8.0,8.625,259379,18.53062506987844,63.4733536639435,4.0,64.0,-64.0,64.0,0.9996298852258664
----------XO------XXXO---OXXOO-----OOO-------------------------- X;,1,50,6,8,-2,0,14,-64,0,1.7500000000000002,1.25,2.75,8.0,8.75,73762,18.621648003036793,62.82714676933923,4.0,64.0,-64.0,64.0,0.9994712724709199
------------OX-----XXXO---XXXOO---OOO--------------------------- X;,1,50,7,7,0,0,14,-64,0,0.875,1.625,1.875,8.0,8.375,173524,22.15937276687951,63.26454553836933,8.0,64.0,-64.0,64.0,0.9969802448076347
----------XO------XXX----OOOOOO----OOO-------------------------- X;,1,50,4,10,-6,0,18,-64,0,5.625,3.375,0.625,4.0,8.625,149997,20.672733454669093,63.360480542944195,8.0,64.0,-64.0,64.0,0.9996733267998693
-O--------OO------XOX----OXXOX-----OOO-------------------------- X;,1,50,5,9,-4,0,20,-64,0,2.125,0.375,3.125,8.0,8.125,270649,18.58828224009695,63.46399949750415,4.0,64.0,-64.0,64.0,0.9998669863919689
------------OOO----XXO----XXOXO---OOO--------------------------- X;,1,50,5,9,-4,0,38,-64,0,3.2499999999999996,0.25,2.25,8.0,8.25,58476,30.125983309391888,62.25957657842534,18.0,64.0,-64.0,64.0,0.9999486969012928
-----------O-O----XXXO----XXXO-----OOOO------------------------- X;,1,50,6,8,-2,0,12,-64,0,0.7499999999999999,1.25,1.75,10.0,8.75,210276,14.774876828549145,63.606992714337345,4.0,64.0,-64.0,64.0,0.9980882269017862
------------O-----XXXXO---OXXO---OOOO--------------------------- X;,1,50,6,8,-2,0,16,-64,0,1.7500000000000002,3.25,0.75,8.0,8.75,447535,16.92779559140626,63.682284067167934,4.0,64.0,-64.0,64.0,0.9996201414414515
----------OO------XOXX----XXOO-----OOOO------------------------- X;,1,50,5,9,-4,0,18,-64,0,2.75,0.25,1.75,8.0,8.75,202116,22.681465099249937,63.291174375111325,12.0,64.0,-64.0,64.0,0.9962496784025016
------------O-----XXXO----OOOOO--OOOO--------------------------- X;,1,50,3,11,-8,0,20,-64,0,5.25,3.25,2.25,3.0,9.25,285428,16.01987191165548,63.71828271928472,4.0,64.0,-64.0,64.0,0.9993973961909833
-----------O--O---XXXO----XXOO-----OOOO------------------------- X;,1,50,5,9,-4,0,28,-64,0,1.875,1.125,2.875,8.0,8.875,148454,21.131064168025112,63.454827758093415,10.0,64.0,-64.0,64.0,0.998410281972867
---------O-O------OXXX----XOXO-----OOOO------------------------- X;,1,50,5,9,-4,0,32,-64,0,1.875,1.125,2.875,8.0,8.875,395963,18.035308854615202,63.5816098978945,6.0,64.0,-64.0,64.0,0.9999595921841182
------------O------OO-----XXOX-----OOOO-----OO-------O---------- X;,1,50,3,11,-8,0,12,-64,0,2.3749999999999996,2.125,1.875,7.0,9.375,1318950,6.472660070510633,63.94128587133705,4.0,64.0,-64.0,64.0,0.9997338792221085
------------O------OO-----OXXX---OOXO-----OO------O------------- X;,1,50,4,10,-6,0,14,-64,0,3.875,0.625,1.875,7.0,9.375,414111,6.540454129448385,63.96942365694222,4.0,64.0,-64.0,64.0,0.9999492889587575
-------------------XOO----XXOX---OOOO-----OO------O------------- X;,1,50,4,10,-6,1,18,-64,0,2.25,0.75,4.25,6.0,9.75,541039,6.586819064799395,63.890628956507754,4.0,64.0,-64.0,64.0,0.9994566010953
--------------------X------OXO----OXOO---OOOOO-----O------------ X;,1,50,3,11,-8,0,18,-64,0,3.2499999999999996,0.75,4.25,5.0,9.75,209127,7.2345321264112235,63.80227325978951,4.0,64.0,-64.0,64.0,0.999842201150497
-------------------XO-----XXXO---OOXO-O---OO------O------------- X;,1,50,5,9,-4,0,20,-64,0,2.3749999999999996,0.625,5.875,5.0,9.375,447688,6.400609352942228,63.880590947266846,4.0,64.0,-64.0,64.0,0.9976903557834921
------------O------XOOO---XXXO----OXO------O------O------------- X;,1,50,5,9,-4,0,22,-64,0,2.3749999999999996,0.125,6.375,5.0,9.375,250014,8.431727823241898,63.81472237554697,4.0,64.0,-64.0,64.0,0.9999000055996864
---------O-OO-----OOO-----XXOX----XOOO-------------------------- X;,1,50,4,10,-6,0,26,-64,0,2.0000000000000004,2.5,2.0,7.0,9.5,1881609,6.552270423876586,63.9423583751991,4.0,64.0,-64.0,64.0,0.9999813988984959
---------O-O------OOX-O---XXXO----XOOO-------------------------- X;,1,50,5,9,-4,0,32,-64,0,0.7499999999999999,0.25,1.25,11.0,9.25,429854,14.707579782903032,63.7342725669646,4.0,64.0,-64.0,64.0,0.9999395143467317
---------O--------OXX----OOXO-----OOO-----OOO------------------- X;,1,50,3,11,-8,0,34,-64,0,2.875,0.625,1.375,9.0,9.875,144115,17.47548832529577,63.58806508690976,6.0,64.0,-64.0,64.0,0.9999028553585678
---------O-O------OOO-----XXXO----XOOOO------------------------- X;,1,50,4,10,-6,0,36,-64,0,1.4999999999999998,0.5,1.0,11.0,9.5,198750,11.642213836477987,63.75523018867924,4.0,64.0,-64.0,64.0,0.9999194968553459
---------O-O-----OOOX-----OXXX----XOOO-------------------------- X;,1,50,5,9,-4,0,36,-64,0,0.7499999999999999,0.25,5.25,7.0,9.25,118183,31.878645828926327,62.33300897760253,20.0,64.0,-64.0,64.0,1.0
------------O-O----XOO----XXXO----OOOOO------------------------- X;,1,50,4,10,-6,0,38,-64,0,1.4999999999999998,0.5,2.5,9.0,9.5,34315,35.489028121812616,60.69334110447326,36.0,64.0,-64.0,64.0,0.9997377240273932
------------O-O----XOO----XXXO----OOOO-------O------------------ X;,1,50,4,10,-6,0,38,-64,0,1.875,0.625,2.375,9.0,9.875,60550,27.53108175061932,62.12500412881916,16.0,64.0,-64.0,64.0,0.9998018166804294
-------------------XXXO---XXXOO---OOOOO------------------------- X;,1,50,6,8,-2,2,8,-64,0,0.875,2.625,0.875,9.0,9.375,1605919,5.079767410436018,63.976463943698285,4.0,64.0,-64.0,64.0,0.9985976876791419
----------O--------OXX----XXOXO---OOOOO------------------------- X;,1,50,5,9,-4,0,12,-64,0,1.875,0.625,1.875,9.0,9.375,544663,10.216776245127722,63.8344297299431,4.0,64.0,-64.0,64.0,0.9993702527985194
------------O------XOO----XXOXO---OOOOO------------------------- X;,1,50,4,10,-6,0,12,-64,0,2.3749999999999996,0.125,1.875,9.0,9.875,228341,13.118883599528775,63.66308722480851,4.0,64.0,-64.0,64.0,0.9917885968792288
------------------XXXO---OXXOO---OOOOO-------------------------- X;,1,50,5,9,-4,0,14,-64,0,1.4999999999999998,2.5,2.5,7.0,10.0,379286,10.439230554251937,63.71673618324958,4.0,64.0,-64.0,64.0,0.9991958574795801
------------------XXX----OOOOOO--OOOOO-------------------------- X;,1,50,3,11,-8,0,14,-64,0,5.875000000000001,5.625,0.375,2.0,9.875,451039,11.771454353171233,63.81287427473012,4.0,64.0,-64.0,64.0,0.9998470198807642
-------------O-----XOO----XOXOO---OOOOO------------------------- X;,1,50,3,11,-8,0,16,-64,0,2.3749999999999996,1.125,3.375,7.0,9.375,188724,12.494298552383375,63.56308683580255,4.0,64.0,-64.0,64.0,0.9998516351921324
-----------O-------OOX----XOXOO---OOOOO------------------------- X;,1,50,3,11,-8,0,18,-64,0,4.375,0.125,1.875,7.0,9.875,411389,9.363750610735824,63.726482720733905,4.0,64.0,-64.0,64.0,0.9981453077257778
------------------XXX-O--OXXXO---OOOOO-------------------------- X;,1,50,6,8,-2,0,20,-64,0,0.875,2.625,0.875,9.0,9.375,345268,8.2803010994358,63.867902614780405,4.0,64.0,-64.0,64.0,0.9998320145510154
--------------O----XXO----XXOXO---OOOOO------------------------- X;,1,50,5,9,-4,0,32,-64,0,2.5000000000000004,1.0,1.5,9.0,9.5,842739,8.822563094860923,63.931418861592974,4.0,64.0,-64.0,64.0,0.9999738946459106
------------------XXX-O--OXXXO----OOOO-----O-------------------- X;,1,50,6,8,-2,1,12,-64,0,0.6250000000000001,1.375,1.625,10.0,10.625,797085,6.750513433322669,63.96949760690516,4.0,64.0,-64.0,64.0,0.9997114485908027
------------------XXXO---OXXOO----OOOO-----O-------------------- X;,1,50,5,9,-4,1,12,-64,0,1.2500000000000002,1.25,3.25,8.0,11.25,946173,7.954371980599742,63.89223323853037,4.0,64.0,-64.0,64.0,0.9996871608046308
-------------------XXXO---XXXOO---OOOO------O------------------- X;,1,50,6,8,-2,1,12,-64,0,0.6250000000000001,1.375,0.625,10.0,10.625,814714,13.81938201626583,63.70026536919704,4.0,64.0,-64.0,64.0,0.9913073790311692
----------O--------OXX----XXOXO---OOOO------O------------------- X;,1,50,5,9,-4,0,14,-64,0,1.6249999999999998,0.375,2.625,8.0,10.625,513358,13.58452580850011,63.81815614054909,4.0,64.0,-64.0,64.0,0.9998714347492393
------------O------XOO----XXOXO---OOOO------O------------------- X;,1,50,4,10,-6,0,14,-64,0,1.875,0.125,1.875,10.0,10.875,306374,13.227189644029846,63.70405778558233,4.0,64.0,-64.0,64.0,0.9998433287419951
------------------XXX----OOOOOO---OOOO-----O-------------------- X;,1,50,3,11,-8,0,14,-64,0,5.875000000000001,3.625,0.375,4.0,10.875,518969,10.492239420851726,63.777456842316205,4.0,64.0,-64.0,64.0,0.9998786054658371
------------O-----XXO----OXXOX----OOOO-----O-------------------- X;,1,50,5,9,-4,0,16,-64,0,1.875,0.125,2.375,8.0,10.875,411039,14.968954284143354,63.66619225912869,4.0,64.0,-64.0,64.0,0.9995961453779325
-------------O-----XOO----XOXOO---OOOO------O------------------- X;,1,50,3,11,-8,0,18,-64,0,2.625,0.375,2.625,8.0,10.625,244503,14.27986568671959,63.49308597440522,4.0,64.0,-64.0,64.0,0.9997055250855817
--------------O----XXO----XXOXO---OOOO------O------------------- X;,1,50,5,9,-4,0,30,-64,0,1.7500000000000002,0.25,1.75,10.0,10.75,256116,23.136133626950286,63.531376407565325,10.0,64.0,-64.0,64.0,0.9999219103843571
-----------OO-----OOO----OXXOX----XOOO-------------------------- X;,1,50,4,10,-6,0,12,-64,0,2.3749999999999996,2.125,1.875,7.0,9.875,557244,16.554347826086957,63.667059672244115,4.0,64.0,-64.0,64.0,0.9996805708091967
-----------O------OOX----OOOOOO---XOOO-------------------------- X;,1,50,2,12,-10,0,12,-64,0,5.875000000000001,0.625,2.375,5.0,9.875,1482001,5.736768733624336,63.967848199832524,4.0,64.0,-64.0,64.0,0.9999102564708121
------------O------XOO----XXXXO---OOOO------O------------------- X;,1,50,5,9,-4,1,14,-64,0,0.875,0.125,0.875,12.0,10.875,175377,14.914367334371098,63.46560267309852,4.0,64.0,-64.0,64.0,0.9985802015087497
-----------O-----OOOX----OOXXX----XOOO-------------------------- X;,1,50,5,9,-4,0,14,-64,0,0.875,0.125,5.375,7.0,9.375,300132,19.21806071994989,63.39929431050338,4.0,64.0,-64.0,64.0,0.9981274905708155
-----------O------OOX-O--OXXXO----XOOO-------------------------- X;,1,50,5,9,-4,0,16,-64,0,0.875,0.125,1.375,11.0,9.375,312772,7.57723197728697,63.87152942079214,4.0,64.0,-64.0,64.0,0.9995939534229407
-----------O------OXX----OOXO-----OOO-----OOO------------------- X;,1,50,3,11,-8,0,18,-64,0,2.9999999999999996,0.5,1.5,9.0,10.0,205004,8.07343271350803,63.73310764668007,4.0,64.0,-64.0,64.0,0.9997122007375466
------------O------XOO----XXXOO---OOOO-------O------------------ X;,1,50,4,10,-6,0,18,-64,0,2.0000000000000004,0.5,2.5,9.0,10.0,243652,13.320342127296309,63.54785513765535,4.0,64.0,-64.0,64.0,0.999725017648121
-----------O------OOO----OXXXO----XOOOO------------------------- X;,1,50,4,10,-6,0,20,-64,0,1.875,0.625,1.375,10.0,9.875,77799,6.841347575161635,63.84246584146326,4.0,64.0,-64.0,64.0,0.9999614390930475
------------O------XOO----XXXOO---OOOOO------------------------- X;,1,50,4,10,-6,0,20,-64,0,1.875,0.625,2.375,9.0,9.875,144958,21.455594034134027,63.1615226479394,8.0,64.0,-64.0,64.0,0.9995929855544364
----------OOX-----OXX----OOOO-----XOO-------O------------------- X;,1,50,4,10,-6,0,12,-64,0,4.625,0.375,2.625,6.0,8.625,677908,10.601469520937945,63.742308690854806,4.0,64.0,-64.0,64.0,0.9997920071750149
-----------------OXXX----OXXO----XOOOO-----O-------------------- X;,1,50,6,8,-2,1,14,-64,0,1.375,0.625,2.375,9.0,9.375,264551,18.61543520909012,63.299726706759756,4.0,64.0,-64.0,64.0,0.9997202807776194
----------OOX-----XXX-----XXO----OOOO-------O------------------- X;,1,50,6,8,-2,1,16,-64,0,1.6249999999999998,0.375,1.625,8.0,8.625,389481,16.480819346771728,63.65026792064311,6.0,64.0,-64.0,64.0,0.9998485163589494
----------OOX-----OXX-----OXO-----OOO-----O-O------------------- X;,1,50,4,10,-6,0,18,-64,0,2.25,1.25,1.75,8.0,8.75,10096,16.25376386687797,62.954833597464344,4.0,64.0,-64.0,64.0,0.9993066561014263
-----------------OXXX----OXXO---OOOOOO-------------------------- X;,1,50,5,9,-4,0,20,-64,0,2.125,1.875,1.625,8.0,8.125,33811,24.949690928987607,62.49977817869924,12.0,64.0,-64.0,64.0,0.9997929667859572
----------OOX----OXXX-----OXO-----XOO-------O------------------- X;,1,50,6,8,-2,2,22,-64,0,1.875,0.125,3.375,8.0,8.375,55574,25.81764854068449,62.52636124806564,12.0,64.0,-64.0,64.0,0.9998020657141828
-----------------OXXX----OXXO----OXOOO---O---------------------- X;,1,50,6,8,-2,1,22,-64,0,3.375,1.125,1.375,8.0,8.375,39671,23.259660709334273,62.93882180938217,10.0,64.0,-64.0,64.0,0.9998487560182501
---------OOOX-----OXX-----XOO-----XOO-------O------------------- X;,1,50,5,9,-4,0,32,-64,0,5.749999999999999,0.25,1.25,6.0,8.25,143144,27.482458223886436,62.8393016822221,14.0,64.0,-64.0,64.0,0.9998463086123065
----------OX------XXX----OXXO----OOOOO-------------------------- X;,1,50,6,8,-2,1,14,-64,0,1.6249999999999998,2.375,1.625,8.0,8.625,30165,24.34715730150837,62.26427979446378,10.0,64.0,-64.0,64.0,0.9979777888281121
-----------O-----OXXX---OOOOO-----XOO-------O------------------- X;,1,50,4,10,-6,0,14,-64,0,5.125000000000001,0.375,2.125,6.0,8.125,324226,13.89845971637068,63.46760592919753,4.0,64.0,-64.0,64.0,0.9996391405994584
----------OX-----OXXX----OOXO-----XOOO-------------------------- X;,1,50,6,8,-2,0,14,-64,0,1.875,1.625,2.875,6.0,8.375,241831,15.78677671597107,63.27576696122499,4.0,64.0,-64.0,64.0,0.9998097845189409
----------OX------XXX----OXXO-----OOOO-----O-------------------- X;,1,50,6,8,-2,0,14,-64,0,1.375,1.125,1.875,9.0,9.375,100319,20.9578245397183,63.13272660213918,6.0,64.0,-64.0,64.0,0.9970494123745253
----------OX------OXX----OOXO-----OOOO----O--------------------- X;,1,50,4,10,-6,0,16,-64,0,2.25,3.75,1.25,6.0,8.75,238079,11.63032858840973,63.617324501531,4.0,64.0,-64.0,64.0,0.9996849785155347
----O-----OO------OXX----OXXO-----XOOO-------------------------- X;,1,50,5,9,-4,0,20,-64,0,3.1250000000000004,0.375,2.125,8.0,8.125,183122,20.303573573901552,63.2369731654307,6.0,64.0,-64.0,64.0,0.999442994287961
-----------O-----OXXX----OXXO----OOOO-------O------------------- X;,1,50,5,9,-4,0,22,-64,0,2.625,0.375,1.625,8.0,8.625,46886,22.571620526383143,63.09314080962334,10.0,64.0,-64.0,64.0,0.9997867167171437
---------OOX------OXX----OXOO-----XOOO-------------------------- X;,1,50,5,9,-4,0,36,-64,0,5.749999999999999,0.75,0.75,6.0,8.25,71249,36.20850818958863,61.29764628275485,54.0,64.0,-64.0,64.0,0.9999157882917655
----------O-O-----XOXX---OXXO-----XOOO-------------------------- X;,1,50,6,8,-2,1,16,-64,0,2.75,0.25,2.25,8.0,8.75,177134,18.168572944776272,63.62694908938995,4.0,64.0,-64.0,64.0,0.999785473144625
------------O----OXXXX---OOXO-----XOOO-------------------------- X;,1,50,6,8,-2,1,16,-64,0,2.75,1.25,2.25,6.0,8.75,377071,16.70446679803008,63.641834031256714,6.0,64.0,-64.0,64.0,0.9998329227121683
-----------OO-----OOXX---OXOO-----XOOO-------------------------- X;,1,50,4,10,-6,0,16,-64,0,5.25,0.25,2.25,6.0,9.25,336258,13.666868892338622,63.56742144424817,4.0,64.0,-64.0,64.0,0.999687739771247
------------O-----XXXX---OXXO-----OOOO-----O-------------------- X;,1,50,6,8,-2,0,16,-64,0,2.5000000000000004,0.5,1.5,9.0,10.0,373168,13.962335998799468,63.645867276936926,4.0,64.0,-64.0,64.0,0.9998928096728551
------------O-----XXXO---OXXO-O---XOOO-------------------------- X;,1,50,6,8,-2,0,18,-64,0,3.2499999999999996,0.25,2.25,8.0,9.25,117349,18.85754458921678,63.5641888725085,6.0,64.0,-64.0,64.0,0.9995227909909756
------------O-----XOXX---OOXO----OOOOO-------------------------- X;,1,50,4,10,-6,0,18,-64,0,4.25,1.25,2.25,6.0,9.25,229468,12.100244914323566,63.51719193961685,4.0,64.0,-64.0,64.0,0.9997951784126763
---------O--O-----OXXX---OXOO-----XOOO-------------------------- X;,1,50,5,9,-4,0,28,-64,0,5.875000000000001,0.125,1.375,6.0,8.875,773498,10.746689713483422,63.84627109572358,4.0,64.0,-64.0,64.0,0.9986179666915752
------------O-O---XXXO---OXXO-----XOOO-------------------------- X;,1,50,6,8,-2,0,30,-64,0,2.875,0.125,2.375,8.0,8.875,425076,16.01966707130019,63.76430097206147,4.0,64.0,-64.0,64.0,0.9998988416189105
---------O-------XXXX----OXOO-----OOOO---O---------------------- X;,1,50,5,9,-4,0,30,-64,0,4.750000000000001,1.25,1.25,6.0,8.25,53847,31.18281427006147,62.3976637509982,18.0,64.0,-64.0,64.0,0.9999257154530429
---------O-------XXXX----OXOO-----OOOO-----O-------------------- X;,1,50,5,9,-4,0,30,-64,0,4.750000000000001,0.75,1.25,7.0,9.25,267753,23.623391708029416,63.42143692134169,10.0,64.0,-64.0,64.0,0.9999477130041493
---------OXO------OXX----OOOO-----XOO-------O------------------- X;,1,50,4,10,-6,0,32,-64,0,5.25,0.25,2.25,6.0,8.25,81397,35.84709510178508,61.52637075076477,48.0,64.0,-64.0,64.0,0.9999754290698675
---------OXO------XXX-----XOO----OOOO-------O------------------- X;,1,50,5,9,-4,0,36,-64,0,5.25,0.25,0.75,6.0,8.25,12315,35.140885099472186,61.060820138043034,34.0,64.0,-64.0,64.0,1.0
---------O-------XXXX----OXOO----OOOOO-------------------------- X;,1,50,5,9,-4,0,36,-64,0,5.25,1.75,0.75,6.0,8.25,13551,39.369197845177474,59.452438934395985,64.0,64.0,-64.0,64.0,1.0
---------OXO------XXX-----XOO-----OOO----O--O------------------- X;,1,50,5,9,-4,0,38,-64,0,4.750000000000001,0.75,1.25,6.0,8.25,24627,32.73788930848256,62.77646485564624,22.0,64.0,-64.0,64.0,1.0
---------OXO-----OXXX-----OOO-----XOO-------O------------------- X;,1,50,5,9,-4,0,40,-64,0,4.750000000000001,0.75,1.75,6.0,8.25,13823,37.02076249728713,59.91116255516169,64.0,64.0,-64.0,64.0,1.0
--------OO-------OXXX----OOOO-----XOOO-------------------------- X;,1,50,4,10,-6,0,54,-64,0,5.000000000000001,1.5,2.0,4.0,8.0,10982,41.54188672372974,55.803405572755416,64.0,64.0,-64.0,64.0,0.9998178838098707
----O-------OO-----XOO----XXOO----OOOO-------------------------- X;,1,50,3,11,-8,0,10,-64,0,2.125,0.875,3.625,7.0,9.125,624360,5.988380101223653,63.902026074700494,4.0,64.0,-64.0,64.0,0.9997933884297521
----------OX------OXX-----OOOOO---OOOO-------------------------- X;,1,50,3,11,-8,0,12,-64,0,4.875000000000001,5.125,0.875,3.0,9.375,484527,9.934449473403959,63.808933248301955,4.0,64.0,-64.0,64.0,0.9998679124176775
----------OX------OXX-O---OXXO----OOOO-------------------------- X;,1,50,5,9,-4,0,14,-64,0,1.375,4.625,0.375,7.0,9.375,642379,7.10343426544143,63.91742102403721,4.0,64.0,-64.0,64.0,0.9998536689399872
---O--------OO-----XXO----XXXO----OOOO-------------------------- X;,1,50,5,9,-4,0,14,-64,0,0.6250000000000001,2.375,1.125,9.0,9.125,411151,8.88007812214977,63.84987267451618,4.0,64.0,-64.0,64.0,0.9997494837663048
----------O-XO-----OXO----XXOO----OOOO-------------------------- X;,1,50,4,10,-6,0,14,-64,0,2.3749999999999996,1.125,1.375,7.0,9.375,261127,9.474853232335224,63.741773160186426,4.0,64.0,-64.0,64.0,0.993941645253076
-----------OOO-----OOO----XOXO----OOOO-------------------------- X;,1,50,2,12,-10,0,22,-64,0,3.875,0.625,1.875,7.0,9.375,7174,18.3574017284639,61.473654864789516,4.0,64.0,-64.0,64.0,0.9994424310008364
--X-------XX-----OOOOO----OXO------OOO-------------------------- X;,1,50,4,10,-6,0,14,-64,0,4.25,0.75,1.75,6.0,7.75,74702,23.070654065486867,63.061337045862224,12.0,64.0,-64.0,64.0,0.9998393617306096
--X-------XXO----OXOO-----OXO------OOO-------------------------- X;,1,50,5,9,-4,1,24,-64,0,3.375,0.625,2.375,6.0,7.375,8242,34.47197282213055,61.83038097549139,30.0,64.0,-64.0,64.0,0.9998786702256733
--XO------OO-----OXOX-----OOO------OOO-------------------------- X;,1,50,3,11,-8,0,26,-64,0,5.625,0.875,3.125,4.0,7.125,16625,24.966496240601504,62.871218045112784,12.0,64.0,-64.0,64.0,0.9994586466165414
--X------OXX-----OOXX-----OOO------OOO-------------------------- X;,1,50,5,9,-4,0,34,-64,0,4.750000000000001,2.75,1.25,4.0,7.25,19492,37.99522881182023,58.849117586702235,64.0,64.0,-64.0,64.0,0.9996921814077571
-OX-------OX-----OXOX-----OXO------OOO-------------------------- X;,1,50,5,9,-4,0,60,-64,0,2.625,0.875,4.125,6.0,7.125,749,38.06675567423231,50.120160213618156,64.0,64.0,-64.0,64.0,1.0
---O------OO------OOX----OOOO-----XOOO-------------------------- X;,1,50,2,12,-10,0,14,-64,0,5.125000000000001,0.375,4.125,4.0,8.125,143978,21.049764547361402,62.89676895081193,8.0,64.0,-64.0,64.0,0.9995971606773257
-----------------OXXX---OOOXO-----OOO------OO------------------- X;,1,50,4,10,-6,0,16,-64,0,2.125,0.875,1.625,9.0,9.125,256971,16.302197524234252,63.2356413758751,4.0,64.0,-64.0,64.0,0.999750944659125
-----------------OXXX---OOOXO----OOOO-------O------------------- X;,1,50,4,10,-6,0,18,-64,0,2.125,1.875,1.625,8.0,8.125,61117,23.933160986304955,63.4523455012517,10.0,64.0,-64.0,64.0,0.9998691035227515
-----------------OXXX---OOOXO-----OOO-----O-O------------------- X;,1,50,4,10,-6,0,18,-64,0,1.4999999999999998,1.5,2.5,8.0,8.5,249075,13.180604235671986,63.358606845327714,4.0,64.0,-64.0,64.0,0.9987192612666868
---O------OO------XOX-----OXO----OOOOO-------------------------- X;,1,50,3,11,-8,0,18,-64,0,3.1250000000000004,1.375,2.625,6.0,8.125,118671,15.890006825593447,62.945007626126014,4.0,64.0,-64.0,64.0,0.9987275745548617
---O------OO------OOX-----OXO-----OOOO----O--------------------- X;,1,50,2,12,-10,0,18,-64,0,3.5,1.5,2.5,6.0,8.5,245487,9.086562628570963,63.59630856216419,4.0,64.0,-64.0,64.0,0.9996700436275648
---O------OO-----OOOX-----OXO-----XOOO-------------------------- X;,1,50,3,11,-8,0,20,-64,0,2.125,0.375,5.125,6.0,8.125,111544,17.822841210643332,62.83160905113677,6.0,64.0,-64.0,64.0,0.9990676325037653
---------O-------OOXX---OOOOO-----XOO-------O------------------- X;,1,50,3,11,-8,0,36,-64,0,5.000000000000001,0.5,2.0,6.0,8.0,16376,37.46372740595994,57.53431851489985,64.0,64.0,-64.0,64.0,0.9997557401074744
----------OOO-----XXOX----XXOO-----OOO-------------------------- X;,1,50,5,9,-4,1,16,-64,0,2.75,0.75,2.25,8.0,8.75,137568,19.31675244242847,63.07624592928588,6.0,64.0,-64.0,64.0,0.9992803558967202
----------OOO-----XOXX----OXO----O-OOO-------------------------- X;,1,50,4,10,-6,0,24,-64,0,3.7500000000000004,0.75,3.25,6.0,8.25,65208,23.9366028708134,62.68516132989817,14.0,64.0,-64.0,64.0,0.999723960250276
-----------OOO----XXXO-----OOOO---OOO--------------------------- X;,1,50,3,11,-8,0,24,-64,0,5.25,2.25,1.75,4.0,8.25,29587,21.365261770372122,61.200594855848856,12.0,64.0,-64.0,64.0,0.9993578260722614
----------OOO-----OXXX----OXO-----OOOO-------------------------- X;,1,50,4,10,-6,0,28,-64,0,1.7500000000000002,3.75,2.25,6.0,8.75,3471,24.649956784788245,60.42350907519447,16.0,64.0,-64.0,64.0,0.9997118985883031
----------OOO----OXXXX----OXO------OOO-------------------------- X;,1,50,5,9,-4,0,30,-64,0,2.9999999999999996,2.5,2.0,6.0,8.0,14678,26.606826543125766,61.38240904755416,16.0,64.0,-64.0,64.0,0.9992505790979698
----------OOO-----XXXO----XXO-O----OOO-------------------------- X;,1,50,5,9,-4,0,34,-64,0,2.75,0.75,2.25,8.0,8.25,4054,28.750370004933398,55.8347311297484,28.0,64.0,-64.0,64.0,1.0
---------OOOO-----OXXX----XOO------OOO-------------------------- X;,1,50,4,10,-6,0,44,-64,0,5.375,1.125,1.375,6.0,7.875,39304,35.812232851618155,61.0872684714024,36.0,64.0,-64.0,64.0,0.9996438021575412
----------OOO-O---XXXO----XXO------OOO-------------------------- X;,1,50,5,9,-4,0,46,-64,0,2.3749999999999996,1.125,2.375,8.0,7.875,48039,25.89779137783884,62.17731426549262,14.0,64.0,-64.0,64.0,0.9998126522200712
---O-----OOO-----XXOX-----XOO------OOO-------------------------- X;,1,50,4,10,-6,0,38,-64,0,4.750000000000001,0.75,1.25,6.0,7.25,12145,37.30020584602717,58.52787155207904,64.0,64.0,-64.0,64.0,0.999505969534788
---------OOX-----XOXX-----OOO-----OOOO-------------------------- X;,1,50,4,10,-6,0,38,-64,0,4.750000000000001,3.75,0.75,4.0,8.25,16299,42.83121663905761,58.37032946806553,64.0,64.0,-64.0,64.0,1.0
---------OOX-----OXXX---O-XOO------OOO-------------------------- X;,1,50,5,9,-4,0,40,-64,0,5.749999999999999,0.75,1.25,6.0,7.25,20140,40.83028798411122,59.674379344587884,64.0,64.0,-64.0,64.0,1.0
---------OOX-O---XXXO-----XOO------OOO-------------------------- X;,1,50,5,9,-4,0,46,-64,0,4.750000000000001,1.25,1.25,6.0,7.75,5019,35.89519824666268,54.77106993424985,64.0,64.0,-64.0,64.0,0.9998007571229328
---------OOX-----OXXX----OOOO------OOO-------------------------- X;,1,50,4,10,-6,0,54,-64,0,5.000000000000001,2.5,1.5,4.0,7.5,4346,34.74459272894616,45.2604693971468,64.0,64.0,-64.0,64.0,1.0
---------OX------OXX-----OXOO----OOOO-------O------------------- X;,1,50,4,10,-6,0,60,-64,0,5.000000000000001,1.0,1.0,6.0,7.5,705,40.64113475177305,45.43829787234043,64.0,64.0,-64.0,64.0,1.0
--------OOOX-----OXXX-----OOO------OOO-------------------------- X;,1,50,4,10,-6,0,60,-64,0,5.25,2.25,1.75,4.0,7.25,496,35.229838709677416,46.67741935483871,64.0,64.0,-64.0,64.0,1.0
-----------OO-----XXOO----XXXXO---OOO--------------------------- X;,1,50,6,8,-2,3,12,-64,0,1.2500000000000002,0.25,2.25,10.0,9.25,900800,6.679885657193606,63.862878552397866,4.0,64.0,-64.0,64.0,0.9945071047957371
-----------OO-----XOOX----XXXO-----OOOO------------------------- X;,1,50,5,9,-4,3,16,-64,0,3.2499999999999996,0.25,0.25,10.0,9.25,218814,19.2116135165026,63.364629319878986,6.0,64.0,-64.0,64.0,0.9991453928907656
-----------OO-----XOXO----XXXXO----OOO-------------------------- X;,1,50,6,8,-2,0,16,-64,0,1.2500000000000002,0.25,2.25,10.0,9.25,57665,20.389178878002255,63.523072921182695,8.0,64.0,-64.0,64.0,0.9997572184167173
-----------OO-----XXOX----XXXO----OOO-O------------------------- X;,1,50,6,8,-2,4,18,-64,0,2.25,0.25,3.25,8.0,9.25,366630,15.316700760985189,63.73074762021657,4.0,64.0,-64.0,64.0,0.9998336197256089
-----------OOO----XOXO----XXXO-----OOO-------------------------- X;,1,50,5,9,-4,2,18,-64,0,0.7499999999999999,0.75,1.25,10.0,8.75,58083,13.734362894478592,63.246853640480005,4.0,64.0,-64.0,64.0,0.9996900986519291
-----------OO-----XOOOO---XXXO-----OOO-------------------------- X;,1,50,4,10,-6,1,20,-64,0,1.7500000000000002,0.75,1.25,10.0,8.75,45210,18.21988498119885,62.75330679053307,4.0,64.0,-64.0,64.0,0.999535500995355
-----------OO-----XXOOO---XXXO----OOO--------------------------- X;,1,50,5,9,-4,2,22,-64,0,0.7499999999999999,0.75,4.25,8.0,8.75,22470,18.418024032042723,62.899643969737426,6.0,64.0,-64.0,64.0,0.9995994659546061
-----------OO-O---XOXO----XXOX-----OOO-------------------------- X;,1,50,5,9,-4,0,30,-64,0,1.875,0.625,3.375,8.0,8.875,267494,21.68361907182965,63.327999880371145,10.0,64.0,-64.0,64.0,0.9999439239758648
-----------OO-O---XXOO----XXOX----OOO--------------------------- X;,1,50,5,9,-4,0,36,-64,0,1.875,0.625,3.375,8.0,8.875,133017,27.74902456077043,62.876083508123024,14.0,64.0,-64.0,64.0,0.9998721967868769
---O------OOO-----XOXX----XOO------OOO-------------------------- X;,1,50,4,10,-6,2,16,-64,0,5.749999999999999,0.75,0.75,6.0,7.75,353053,20.35115974088876,63.34553169070933,8.0,64.0,-64.0,64.0,0.9892735651587722
----------OXO-----XXXX---OOOO------OOO-------------------------- X;,1,50,5,9,-4,1,18,-64,0,5.25,2.25,0.75,4.0,8.25,41568,30.225028868360276,62.284305234795994,20.0,64.0,-64.0,64.0,0.9997594303310239
----------OXO-----OXXX----OXO-----OOOO-------------------------- X;,1,50,5,9,-4,0,20,-64,0,1.2500000000000002,3.25,2.75,6.0,8.75,2359,24.13734633319203,55.50317931326833,16.0,64.0,-64.0,64.0,1.0
----------OXO-----XOXX----OXO----O-OOO-------------------------- X;,1,50,5,9,-4,0,22,-64,0,2.75,0.75,4.25,6.0,8.25,63361,24.690803491106518,63.187102476286675,14.0,64.0,-64.0,64.0,0.9997159135745963
----------OXO-----XXXO----XXO-O----OOO-------------------------- X;,1,50,6,8,-2,1,24,-64,0,1.7500000000000002,0.75,3.25,8.0,8.25,17496,27.223308184727937,61.674611339734795,16.0,64.0,-64.0,64.0,0.9998285322359396
----------OXO----OXXXX----OXO------OOO-------------------------- X;,1,50,6,8,-2,1,32,-64,0,2.5000000000000004,2.0,2.5,6.0,8.0,8242,34.47197282213055,61.83038097549139,30.0,64.0,-64.0,64.0,0.9998786702256733
----------OXO-O---XXXO----XXO------OOO-------------------------- X;,1,50,6,8,-2,0,34,-64,0,1.875,0.625,2.875,8.0,7.875,105329,31.765344776842085,63.073911268501554,20.0,64.0,-64.0,64.0,0.9999525296926772
---------OOXO-----OXXX----XOO------OOO-------------------------- X;,1,50,5,9,-4,0,36,-64,0,4.875000000000001,0.625,1.875,6.0,7.875,55412,33.715061719483145,61.90743882191583,26.0,64.0,-64.0,64.0,0.9996390673500325
------------O-----XXXOO---XXXOO----OOO-------------------------- X;,1,50,6,8,-2,1,16,-64,0,0.7499999999999999,1.25,1.75,10.0,8.75,140118,21.545304671776645,63.3647425741161,8.0,64.0,-64.0,64.0,0.9996574315933713
-----------OO-----OXOX---OXXOX----OOO--------------------------- X;,1,50,5,9,-4,2,18,-64,0,2.25,0.25,3.25,8.0,9.25,138235,24.043339241147322,63.36715737693059,12.0,64.0,-64.0,64.0,0.9996021268130357
------------O-----XXXO---OOOOOO----OOO-------------------------- X;,1,50,3,11,-8,1,18,-64,0,5.25,3.25,1.25,4.0,9.25,123788,12.503683717323165,63.66019323359291,4.0,64.0,-64.0,64.0,0.9998545901056646
----------O-O-----XOXO----XXOXO----OOO-------------------------- X;,1,50,5,9,-4,0,18,-64,0,1.7500000000000002,0.25,3.75,8.0,8.75,78072,27.084076237319398,63.295291525771084,14.0,64.0,-64.0,64.0,0.999487652423404
-----------O------OXOX---OXXXO----OOO-O------------------------- X;,1,50,5,9,-4,0,28,-64,0,1.2500000000000002,0.25,5.25,7.0,9.25,29087,20.889572661326365,63.287207343486784,8.0,64.0,-64.0,64.0,0.9996218241826246
-----------O------OOOOO--OXXXO----OOO--------------------------- X;,1,50,3,11,-8,0,32,-64,0,2.75,0.25,1.75,8.0,8.75,448,17.069196428571427,56.140625,6.0,64.0,-64.0,64.0,0.9955357142857143
-----------O--O---OXXO---OXXOX----OOO--------------------------- X;,1,50,5,9,-4,0,36,-64,0,3.875,0.125,1.875,8.0,8.875,92169,29.379574477318837,63.15377187557639,18.0,64.0,-64.0,64.0,0.999750458397075
-----------OO-----XXOXO---XXOO----OOO--------------------------- X;,1,50,5,9,-4,0,18,-64,0,2.75,0.75,4.25,6.0,8.75,188755,23.568085613626128,63.243771025933086,12.0,64.0,-64.0,64.0,0.9992106169372996
------------OO---OXXXO----OXXO-----OOO-------------------------- X;,1,50,5,9,-4,0,20,-64,0,0.7499999999999999,3.25,1.25,8.0,8.75,66534,13.178525265277903,62.9891484053266,4.0,64.0,-64.0,64.0,0.9996092223524814
------------O----OXXXO----OOOOO----OOO-------------------------- X;,1,50,3,11,-8,0,20,-64,0,4.750000000000001,3.25,1.75,4.0,8.75,177387,12.687068387198611,63.73341338429535,4.0,64.0,-64.0,64.0,0.9997632295489522
-----------O-O----XXOOO---XOXO----OOO--------------------------- X;,1,50,4,10,-6,0,22,-64,0,1.7500000000000002,0.25,5.75,6.0,8.75,17099,22.75086262354524,61.57968302239897,12.0,64.0,-64.0,64.0,0.9997660681911222
---------O-O------OXXXO---XOXO----OOO--------------------------- X;,1,50,5,9,-4,0,34,-64,0,1.6249999999999998,1.375,3.625,6.0,8.625,41378,27.270554400889363,62.26712262554981,14.0,64.0,-64.0,64.0,0.9998066605442506
-----------O--O---XXXOO---XXOO----OOO--------------------------- X;,1,50,5,9,-4,0,34,-64,0,1.6249999999999998,1.375,3.625,6.0,8.625,222372,25.64595362725523,63.15197956577267,14.0,64.0,-64.0,64.0,0.9966047883726369
-----------O-----OOOOOO---OXXO----OOO--------------------------- X;,1,50,2,12,-10,0,44,-64,0,4.750000000000001,0.75,0.25,8.0,8.75,167,23.34131736526946,48.89820359281437,22.0,64.0,-64.0,64.0,1.0
------------O-----XOXO----OOOOO--O-OOO-------------------------- X;,1,50,2,12,-10,1,14,-64,0,6.25,1.25,3.25,3.0,9.25,261507,7.493990600634017,63.947355137720976,4.0,64.0,-64.0,64.0,0.9988145632812888
------------OO----XOXO----OXXO---O-OOO-------------------------- X;,1,50,4,10,-6,0,20,-64,0,1.7500000000000002,1.25,2.75,8.0,8.75,129289,9.82974576336734,63.674836993092995,4.0,64.0,-64.0,64.0,0.9998143693585688
-----------O------XXOOO---XXXO----OOO-O------------------------- X;,1,50,5,9,-4,0,20,-64,0,0.7499999999999999,0.25,4.75,8.0,8.75,37510,16.679685417222075,62.841668888296454,4.0,64.0,-64.0,64.0,0.9988536390295921
------------O-----XOOOO---OXXO---O-OOO-------------------------- X;,1,50,3,11,-8,0,24,-64,0,3.7500000000000004,0.25,1.75,8.0,8.75,59335,9.583466756551783,63.5977921968484,4.0,64.0,-64.0,64.0,0.9997809050307576
-----------O-O----XXOO----XXXO----OOO-O------------------------- X;,1,50,5,9,-4,0,24,-64,0,0.7499999999999999,0.25,4.75,8.0,8.75,21071,20.646623321152294,62.431446063309764,10.0,64.0,-64.0,64.0,0.999383038299084
-----------O--O---XXOO----XXOO----OOO-O------------------------- X;,1,50,4,10,-6,0,36,-64,0,1.875,0.125,5.875,6.0,8.875,62185,28.431245477205113,62.785092868054996,16.0,64.0,-64.0,64.0,0.999774865321219
---------O-O------OXOX----XOXO----OOO-O------------------------- X;,1,50,4,10,-6,0,40,-64,0,1.875,0.125,5.875,6.0,8.875,20167,27.813259284970496,62.194376952447065,16.0,64.0,-64.0,64.0,0.9997024842564586
-----------O--O---XXXO----XXXO----OOOO-------------------------- X;,1,50,6,8,-2,0,30,-64,0,0.37499999999999994,2.125,1.875,9.0,9.875,206967,25.635637565408977,63.111138490677256,12.0,64.0,-64.0,64.0,0.9998743761082685
-----------O--O---XXXOO---XXXO----OOO--------------------------- X;,1,50,6,8,-2,0,32,-64,0,0.6250000000000001,1.375,2.625,8.0,8.625,142888,32.93404624601086,62.86877834387772,22.0,64.0,-64.0,64.0,0.9998530317451431
-----------O--O---OXXO---OXXXX----OOO--------------------------- X;,1,50,6,8,-2,0,36,-64,0,2.875,0.125,0.875,10.0,8.875,41944,32.353971962616825,62.52596318901392,22.0,64.0,-64.0,64.0,0.9998331108144193
---------O--O-O---OXXO----XXOX-----OOO-------------------------- X;,1,50,5,9,-4,0,38,-64,0,4.25,0.25,1.25,8.0,9.25,93191,35.071283707654175,62.71247223444324,28.0,64.0,-64.0,64.0,0.9998390402506679
---------OO-O-----OOXX----XXOX-----OOO-------------------------- X;,1,50,5,9,-4,0,38,-64,0,1.6249999999999998,0.375,3.625,8.0,8.625,92594,35.020724884981746,61.907607404367454,32.0,64.0,-64.0,64.0,0.9997516037756227
---------O--OO----OXXO----XXXO-----OOO-------------------------- X;,1,50,5,9,-4,0,40,-64,0,1.6249999999999998,1.375,0.625,10.0,8.625,12548,24.537695250239082,59.729279566464776,14.0,64.0,-64.0,64.0,0.9999203060248645
---------O--O-----OOOOO---XXXO-----OOO-------------------------- X;,1,50,3,11,-8,0,40,-64,0,2.625,0.375,0.625,10.0,8.625,47254,28.437888855969867,62.717018665086556,18.0,64.0,-64.0,64.0,0.9994921064883396
-----------O--O---XXOO----XXXO----OOO-O------------------------- X;,1,50,5,9,-4,0,40,-64,0,0.875,0.125,4.875,8.0,8.875,37631,31.50354760702612,62.12069836039436,22.0,64.0,-64.0,64.0,0.9998937046583933
----------O-O-O---XOXO----XXOX-----OOO-------------------------- X;,1,50,5,9,-4,0,34,-64,0,1.6249999999999998,0.375,3.625,8.0,8.625,97439,31.47057133180759,62.642299284680675,20.0,64.0,-64.0,64.0,0.9997742177156991
------------O-O---XXXOO---XXXO-----OOO-------------------------- X;,1,50,6,8,-2,0,36,-64,0,0.6250000000000001,1.375,1.625,10.0,8.625,124601,34.90057062142358,62.661150392051425,28.0,64.0,-64.0,64.0,0.9998796157334211
---------O-OO-----OXOX----XXOX----OOO--------------------------- X;,1,50,5,9,-4,0,36,-64,0,1.875,0.625,3.375,8.0,8.875,97234,31.19114712960487,62.490322315239524,20.0,64.0,-64.0,64.0,0.9997737416952918
---------O-O------OXOX----XXXO----OOO-O------------------------- X;,1,50,5,9,-4,0,40,-64,0,0.875,0.125,4.875,8.0,8.875,30713,23.922117670042002,63.5412366099046,14.0,64.0,-64.0,64.0,0.9999674404975092
---------O-O--O---OXXO----XXOX----OOO--------------------------- X;,1,50,5,9,-4,0,42,-64,0,4.25,0.25,1.25,8.0,9.25,131890,30.171536886799604,63.138782318598835,18.0,64.0,-64.0,64.0,0.9999090150883312
---------O-O------OOOOO---XXXO----OOO--------------------------- X;,1,50,3,11,-8,0,44,-64,0,2.625,0.375,1.625,8.0,8.625,4158,29.796777296777297,61.81553631553631,18.0,64.0,-64.0,64.0,0.9992784992784993
---------O--------OXX----OOOO----XOOO-----O-O------------------- X;,1,50,3,11,-8,0,28,-64,0,5.375,1.125,0.875,6.0,8.875,276983,29.382301440882653,63.19493254098627,16.0,64.0,-64.0,64.0,0.9998050421867046
---------O-OX-----OXX----OOOO-----XOOO-------------------------- X;,1,50,4,10,-6,0,28,-64,0,4.750000000000001,1.25,2.75,4.0,8.75,108210,29.937325570649662,62.79079567507624,18.0,64.0,-64.0,64.0,0.9997782090379818
---------O--------OXX----OXOO----XOOO------OO------------------- X;,1,50,4,10,-6,0,30,-64,0,4.499999999999999,0.0,1.5,7.0,9.5,254235,24.488252994276948,63.28877219894979,12.0,64.0,-64.0,64.0,0.9998662654630558
---------OOOX-----OOX-----XOO-----XOOO-------------------------- X;,1,50,4,10,-6,0,30,-64,0,4.750000000000001,0.25,2.25,6.0,8.25,167168,27.75466596477795,62.91086810872894,16.0,64.0,-64.0,64.0,0.9998444678407351
---------O-OX----OOXX-----OOO-----XOOO-------------------------- X;,1,50,4,10,-6,0,32,-64,0,4.750000000000001,1.25,2.25,4.0,8.25,100149,31.663401531717742,62.8291645448282,20.0,64.0,-64.0,64.0,0.9998901636561524
---------O-OX-----OXX-----XOO----OOOOO-------------------------- X;,1,50,4,10,-6,0,34,-64,0,4.750000000000001,1.25,0.75,6.0,8.75,84361,34.831640212894584,61.83015848555612,32.0,64.0,-64.0,64.0,0.9998459003568
---------O-OX-----OXX-----XOO-----OOOO---O---------------------- X;,1,50,4,10,-6,0,36,-64,0,4.750000000000001,1.25,1.25,6.0,8.25,103825,32.33363833373465,62.48394895256441,22.0,64.0,-64.0,64.0,0.9997495786178666
---------O--------OXX----OXOO----OOOO----O--O------------------- X;,1,50,3,11,-8,0,38,-64,0,5.25,0.75,0.75,6.0,8.25,42241,23.014275230226556,62.266565658956935,10.0,64.0,-64.0,64.0,0.9999526526360645
-----------XO-O----XXO-----OOO----OOOO-------O------------------ X;,1,50,3,11,-8,0,38,-64,0,5.375,3.125,0.875,4.0,8.875,56859,28.983573400868817,62.50199616595438,16.0,64.0,-64.0,64.0,0.9998944758085792
---------O--------OXX----OXOO---OOOOO-------O------------------- X;,1,50,3,11,-8,0,40,-64,0,5.25,0.75,0.75,6.0,8.25,57379,28.194199968629636,62.53638090590634,14.0,64.0,-64.0,64.0,0.9998257202112271
---------O-O-----XXXX-----XOO-----OOO----O--O------------------- X;,1,50,5,9,-4,0,28,-64,0,4.750000000000001,0.25,1.25,6.0,8.25,641821,16.238745693892845,63.7235553214993,4.0,64.0,-64.0,64.0,0.9999610483296745
---------O-O-----XXXX-----XOO----OOOO-------O------------------- X;,1,50,5,9,-4,0,30,-64,0,5.25,0.25,0.75,6.0,8.25,110128,34.27813090222287,63.25352317303501,24.0,64.0,-64.0,64.0,0.999963678628505
---------OX-------XXX----OXOO-----OOOO---O---------------------- X;,1,50,5,9,-4,0,30,-64,0,4.750000000000001,1.75,1.25,6.0,8.25,337408,18.598551308801213,63.5530218607739,6.0,64.0,-64.0,64.0,0.9999644347496206
---------OX-------XXX----OXOO----OOOOO-------------------------- X;,1,50,5,9,-4,0,30,-64,0,5.25,1.75,0.75,6.0,8.25,76576,31.595382365231927,62.70996134559131,20.0,64.0,-64.0,64.0,1.0
---------OX-------XXX----OXOO-----OOOO-----O-------------------- X;,1,50,5,9,-4,0,30,-64,0,4.750000000000001,0.75,1.25,7.0,9.25,205021,26.250057311202266,63.61248359924105,12.0,64.0,-64.0,64.0,0.9999609796069671
---------OX------OXXX----OOOO-----XOOO-------------------------- X;,1,50,5,9,-4,0,32,-64,0,4.750000000000001,1.75,1.75,4.0,8.25,141954,27.34750693886752,62.84425940797723,14.0,64.0,-64.0,64.0,0.9998661538244783
---------O-O-----OOXX----OOOO-----XOO-------O------------------- X;,1,50,3,11,-8,0,40,-64,0,5.25,0.25,2.25,6.0,8.25,14843,35.16997911473422,57.92077073367918,64.0,64.0,-64.0,64.0,0.999730512699589
--------OO-O-----OXXX-----OOO-----XOO-------O------------------- X;,1,50,4,10,-6,0,62,-64,0,5.000000000000001,0.5,2.0,6.0,8.0,2015,32.016873449131516,39.65657568238213,64.0,64.0,-64.0,64.0,1.0
------------O-O----XOO----XXOO----OOOO-------O------------------ X;,1,50,3,11,-8,0,30,-64,0,2.875,0.625,3.375,7.0,9.875,408160,18.983092414739318,63.480500294002354,6.0,64.0,-64.0,64.0,0.9999117992943943
----------O---O----OXO----XXOO----OOOO-------O------------------ X;,1,50,3,11,-8,0,32,-64,0,2.875,0.625,1.375,7.0,9.875,255145,19.05116698347998,63.36487095573106,8.0,64.0,-64.0,64.0,0.9999059358404044
---------O--------OXX-O---OXXO----OOOO----O--------------------- X;,1,50,4,10,-6,0,34,-64,0,1.875,4.625,0.375,7.0,9.875,395833,11.83264912223084,63.70508017269909,4.0,64.0,-64.0,64.0,0.9998282103816508
---------O--------OOOO----OXOO----OOOO----O--------------------- X;,1,50,1,13,-12,0,34,-64,0,8.000000000000002,0.5,1.5,4.0,11.0,28512,21.0130120650954,63.36802048260382,8.0,64.0,-64.0,64.0,0.9998947811447811
---------O--------OXX-----OOOOO---OOOO----O--------------------- X;,1,50,2,12,-10,0,34,-64,0,5.875000000000001,4.625,0.375,3.0,9.875,326838,11.98106707298417,63.63961350883312,4.0,64.0,-64.0,64.0,0.9998837344494826
-----------O--O----OOO----XOXO----OOOO-------O------------------ X;,1,50,2,12,-10,0,36,-64,0,4.375,0.125,1.875,7.0,9.875,98984,20.306584902610524,63.113179907863895,8.0,64.0,-64.0,64.0,0.9998484603572294
-------------OO----XOO----XOXO----OOOO-------O------------------ X;,1,50,3,11,-8,0,40,-64,0,2.875,0.625,3.375,7.0,9.875,56838,25.40793131355783,62.05640592561315,14.0,64.0,-64.0,64.0,0.9998768429571765
---------OOX------OXX----OOOO-----XOOO-------------------------- X;,1,50,4,10,-6,0,32,-64,0,4.750000000000001,1.75,1.75,4.0,8.25,87485,35.880790992741616,61.94112133508602,38.0,64.0,-64.0,64.0,0.999862833628622
---------OOX-----OOXX-----OXO-----XOOO-------------------------- X;,1,50,5,9,-4,0,38,-64,0,2.25,1.25,3.25,6.0,8.25,33414,39.114293409947926,59.585054168911235,64.0,64.0,-64.0,64.0,0.9999401448494643
----O----OOO------OXX-----XXO-----XOOO-------------------------- X;,1,50,5,9,-4,0,42,-64,0,2.9999999999999996,0.5,2.0,8.0,8.0,8043,38.326495088897175,50.768121347755816,64.0,64.0,-64.0,64.0,1.0
---------O-------OOXX----XOXO-----OOO-----O-O------------------- X;,1,50,4,10,-6,0,42,-64,0,2.625,1.375,1.625,8.0,8.625,19476,38.49424933251181,58.364448552064076,64.0,64.0,-64.0,64.0,0.9995892380365579
---------OOX------OXX-----OXO-----OOOO----O--------------------- X;,1,50,4,10,-6,0,42,-64,0,2.625,3.375,1.625,6.0,8.625,12686,31.821693205107994,59.79189657890588,22.0,64.0,-64.0,64.0,1.0
---------OOX------OXX-----XXO----OOOOO-------------------------- X;,1,50,5,9,-4,0,52,-64,0,1.7500000000000002,1.75,2.25,8.0,8.25,2682,41.40641312453393,50.93214019388516,64.0,64.0,-64.0,64.0,0.9996271439224459
---------O-------OOXX----OXXO----OOOO-------O------------------- X;,1,50,4,10,-6,0,62,-64,0,2.25,0.75,1.75,8.0,8.25,757,33.712021136063406,39.18361955085865,64.0,64.0,-64.0,64.0,1.0
---------O--------OOOO----XXXO----XOOOO------------------------- X;,1,50,4,10,-6,0,34,-64,0,1.875,0.625,0.375,11.0,9.875,199475,12.971795964406567,63.54860007519739,4.0,64.0,-64.0,64.0,0.9998947236495801
---------O--------OOOOO---XXXO----XOOO-------------------------- X;,1,50,4,10,-6,0,34,-64,0,1.875,0.625,0.375,11.0,9.875,251514,13.002480975214104,63.64971333603696,4.0,64.0,-64.0,64.0,0.9998290353618486
---------O-------OOOOO----OXXX----XOOO-------------------------- X;,1,50,4,10,-6,0,36,-64,0,1.875,0.625,2.375,7.0,9.875,122294,25.236871800742474,62.975468951870084,12.0,64.0,-64.0,64.0,0.9998446366951772
--------------O---OOOO----XXXO----OOOOO------------------------- X;,1,50,3,11,-8,0,36,-64,0,3.375,0.125,0.875,9.0,9.875,133880,16.067530624439797,63.66766507319988,6.0,64.0,-64.0,64.0,0.9998804899910367
--------------O---OOOO----XXXO----OOOO-------O------------------ X;,1,50,3,11,-8,0,38,-64,0,4.499999999999999,0.0,1.0,8.0,11.0,51343,24.08445162923865,62.27696083205111,12.0,64.0,-64.0,64.0,0.9998636620376682
---------OX-O-----XXO-----XOO-----OOO----O--O------------------- X;,1,50,4,10,-6,0,32,-64,0,4.750000000000001,0.75,2.25,6.0,8.25,436579,13.929637018729714,63.75737037283058,4.0,64.0,-64.0,64.0,0.999940446059018
---------O-------OXXX----OOOO----OOOOO-------------------------- X;,1,50,3,11,-8,0,34,-64,0,5.25,3.75,0.75,4.0,8.25,215563,23.764945746719057,63.25533138803969,10.0,64.0,-64.0,64.0,0.9997541322026507
---------O-O-----XXOX-----XOO----OOOOO-------------------------- X;,1,50,4,10,-6,0,38,-64,0,5.25,0.25,0.75,6.0,8.25,34860,40.01199082042456,61.98892713711991,64.0,64.0,-64.0,64.0,0.999942627653471
---------OX-O-----XOO-----OXO----OOOO-------O------------------- X;,1,50,3,11,-8,0,46,-64,0,5.25,0.25,2.25,6.0,8.25,8603,31.394862257352088,63.57084737882134,18.0,64.0,-64.0,64.0,1.0
---------OO------XOOX-----OXO----OOOOO-------------------------- X;,1,50,3,11,-8,0,56,-64,0,2.75,1.75,2.75,6.0,8.25,1968,41.9994918699187,53.66006097560975,64.0,64.0,-64.0,64.0,0.9994918699186992
--------OO-------OXXX-----OXO----OOOOO-------------------------- X;,1,50,4,10,-6,0,60,-64,0,2.0000000000000004,3.5,2.0,6.0,8.0,1372,40.932944606414,46.53061224489796,64.0,64.0,-64.0,64.0,1.0
---------O-O-----XXOX-----XOO----OOOO-------O------------------- X;,1,50,4,10,-6,0,34,-64,0,5.25,0.25,0.75,4.0,8.25,65018,29.91534651942539,62.497523762650346,18.0,64.0,-64.0,64.0,0.9999538589313729
---------OX-O-----XXO-----XOO-----OOOO---O---------------------- X;,1,50,4,10,-6,0,34,-64,0,4.750000000000001,0.75,2.25,6.0,8.25,197696,21.32675420848171,63.420787471673684,10.0,64.0,-64.0,64.0,0.9998836597604402
---------O-------OXXX----OOOO----OOOO-------O------------------- X;,1,50,3,11,-8,0,36,-64,0,5.25,1.75,0.75,6.0,8.25,104837,32.21326440092715,62.30157291795835,22.0,64.0,-64.0,64.0,0.9995516849967092
---------OX-O-----XOO-----OXO----OOOOO-------------------------- X;,1,50,3,11,-8,0,42,-64,0,5.25,0.25,2.25,6.0,8.25,6128,35.68113577023499,62.8322454308094,34.0,64.0,-64.0,64.0,1.0
--------OO-------OXXX-----OXO----OOOO-------O------------------- X;,1,50,4,10,-6,0,62,-64,0,2.0000000000000004,1.5,2.0,8.0,8.0,1358,38.52577319587629,46.19734904270987,64.0,64.0,-64.0,64.0,1.0
---------OO------XOOX-----OXO----OOOO-------O------------------- X;,1,50,3,11,-8,0,62,-64,0,2.75,0.75,2.75,6.0,8.25,1962,41.24159021406728,51.106014271151885,64.0,64.0,-64.0,64.0,0.9994903160040775
---------OOX------OXX----OOOO-----XOO-------O------------------- X;,1,50,4,10,-6,0,36,-64,0,4.750000000000001,0.75,1.75,6.0,8.25,117845,31.910399253256397,62.310450167593025,20.0,64.0,-64.0,64.0,0.9999660571089143
---------OOX-----OOXX-----OXO-----XOO-------O------------------- X;,1,50,5,9,-4,0,38,-64,0,2.25,0.25,3.25,8.0,8.25,33599,39.10738414833775,59.549778267210336,64.0,64.0,-64.0,64.0,0.9999404744188816
---------O-------OOXX----XOXO-----OOOO----O--------------------- X;,1,50,4,10,-6,0,38,-64,0,2.625,3.375,1.625,6.0,8.625,36339,33.655714246401935,60.66416247007348,28.0,64.0,-64.0,64.0,0.9999449627122375
---------O-------OOXX---OOOOO-----XOOO-------------------------- X;,1,50,3,11,-8,0,38,-64,0,5.000000000000001,1.5,2.0,4.0,8.0,19385,35.52798555584214,58.478101624967756,64.0,64.0,-64.0,64.0,0.9995873097755997
---------O-------OOXX----OXXO---O-XOOO-------------------------- X;,1,50,5,9,-4,0,40,-64,0,2.9999999999999996,0.5,2.0,8.0,8.0,8461,39.10152464247725,52.524051530551944,64.0,64.0,-64.0,64.0,0.9989362959461057
---------OOX------OXX-----OXO-----OOO-----O-O------------------- X;,1,50,4,10,-6,0,48,-64,0,2.625,1.375,1.625,8.0,8.625,3595,34.90069541029207,51.23949930458971,64.0,64.0,-64.0,64.0,1.0
---------OOX------OXX-----XXO----OOOO-------O------------------- X;,1,50,5,9,-4,0,50,-64,0,1.7500000000000002,0.75,2.25,8.0,8.25,15397,36.83347405338702,60.626940313047996,62.0,64.0,-64.0,64.0,0.9999350522829122
---------O-------OOXX----OXXO----OOOOO-------------------------- X;,1,50,4,10,-6,0,62,-64,0,2.25,1.75,1.75,8.0,8.25,867,35.976931949250286,41.05882352941177,64.0,64.0,-64.0,64.0,1.0
------------------OOX----OXOX----XXOO------OOO------------------ X;,1,50,5,9,-4,1,6,-64,0,2.0000000000000004,2.0,3.0,6.0,10.0,1454608,7.6289735791360975,63.90863380374644,4.0,64.0,-64.0,64.0,0.9998439442103989
------------------O-X----OOXX----XOXO-----OOOO------------------ X;,1,50,5,9,-4,1,6,-64,0,4.375,0.125,1.875,7.0,9.875,674740,8.677099327148236,63.76583869342265,4.0,64.0,-64.0,64.0,0.9989951685093518
-----------------OO-X----OOXX----XXOO------OOO------------------ X;,1,50,5,9,-4,0,6,-64,0,1.2500000000000002,0.25,2.75,9.0,8.75,527055,7.355873675422869,63.82267125821783,4.0,64.0,-64.0,64.0,0.9934959349593496
-----------OOO----OXX------XXO----XXOO-------O------------------ X;,1,50,6,8,-2,1,8,-64,0,2.75,1.75,2.25,7.0,8.75,165874,8.352725562776566,63.674222602698435,4.0,64.0,-64.0,64.0,0.997859821310151
------------------O-X----OXXX---OOOOO------OOO------------------ X;,1,50,4,10,-6,0,8,-64,0,1.7500000000000002,0.75,1.25,9.0,8.75,512059,6.915722602278253,63.86781210758917,4.0,64.0,-64.0,64.0,0.999800804204203
-----------XO------XXO----OXX-----OOOOO---O--------------------- X;,1,50,5,9,-4,0,12,-64,0,1.2500000000000002,3.25,1.25,7.0,9.25,817428,6.388585906036984,63.92168729233645,4.0,64.0,-64.0,64.0,0.9999204822932417
-----------OX-----OOX------OXO----XOOO-----O-O------------------ X;,1,50,4,10,-6,0,12,-64,0,2.5000000000000004,0.0,3.0,8.0,10.0,626581,5.902371760394905,63.93772233757487,4.0,64.0,-64.0,64.0,0.9999042422288579
-----------OX------OX-----OOOO----XOOO-----O-O------------------ X;,1,50,3,11,-8,0,6,-64,0,5.375,0.125,1.875,6.0,10.875,1003881,6.390182700937661,63.953336102585865,4.0,64.0,-64.0,64.0,0.9985117757981274
-----------OX------XX-----OXOO----OOOO----O--O------------------ X;,1,50,4,10,-6,0,8,-64,0,2.5000000000000004,4.5,1.5,5.0,10.0,172366,10.255404198043697,63.65934697098036,4.0,64.0,-64.0,64.0,0.9993270134481278
-----------------O-OX----OOXX----XXOO------OOO------------------ X;,1,50,5,9,-4,0,8,-64,0,0.875,0.625,2.875,9.0,9.375,909036,8.48256394686239,63.836376117117474,4.0,64.0,-64.0,64.0,0.9997832869105294
-----------OX------XX-----OXOO----XOOO------OO------------------ X;,1,50,5,9,-4,1,10,-64,0,1.375,1.125,2.875,8.0,10.875,470531,11.12808295308917,63.75890642699418,4.0,64.0,-64.0,64.0,0.9956389695896763
-----------OX------XX-----OXOO---OOOOO-------O------------------ X;,1,50,4,10,-6,0,10,-64,0,1.875,4.625,1.375,5.0,9.875,989063,5.952052599278307,63.927576908649904,4.0,64.0,-64.0,64.0,0.9994914378558292
-------------------OX----OOXX----OXOO---O--OOO------------------ X;,1,50,4,10,-6,0,10,-64,0,1.375,1.125,2.375,9.0,9.375,415138,8.851810723181208,63.75991357090895,4.0,64.0,-64.0,64.0,0.9996434920436096
-------------------OX----OXXX---OOOOO------OOO------------------ X;,1,50,4,10,-6,0,12,-64,0,1.375,1.125,0.375,9.0,9.375,252205,12.560655022699788,63.4462679169723,4.0,64.0,-64.0,64.0,0.9994567911024762
-------------------OX----OXXX----OXOO----O-OOO------------------ X;,1,50,5,9,-4,0,14,-64,0,0.875,2.625,0.875,9.0,9.375,348896,9.523330734660185,63.71517013665964,4.0,64.0,-64.0,64.0,0.9966895579198386
-------------------OO----OXOXX---XXOO------OOO------------------ X;,1,50,5,9,-4,1,8,-64,0,1.375,6.125,1.875,4.0,10.875,643403,6.030015402477141,63.85664039490024,4.0,64.0,-64.0,64.0,0.9995803563241079
------------------O-O----OXOXX---XXXO------OOO------------------ X;,1,50,6,8,-2,0,10,-64,0,1.0,4.5,5.5,2.0,10.0,951666,6.028841000939405,63.949277372523554,4.0,64.0,-64.0,64.0,0.9982262684597327
-----------OX------XX------XXO----OXOO-----O-O----O------------- X;,1,50,6,8,-2,0,12,-64,0,1.875,2.125,2.375,7.0,9.375,250035,5.7956046153538505,63.9154998300238,4.0,64.0,-64.0,64.0,0.9988721578978943
-----------OX------XX------XXO----OXOO-----O-O------O----------- X;,1,50,6,8,-2,0,12,-64,0,1.875,2.125,2.875,6.0,9.875,121142,6.5350580310709745,63.83888329398557,4.0,64.0,-64.0,64.0,0.9916874411847254
-----------------O--O----OOXXX---XXOO------OOO------------------ X;,1,50,5,9,-4,0,12,-64,0,0.875,2.125,1.375,7.0,9.375,585536,6.1601336211607824,63.8727559022844,4.0,64.0,-64.0,64.0,0.998519305388567
-------------------O------XXXXO----OOOOO--OOO------------------- X;,1,50,4,10,-6,0,14,-64,0,1.375,2.625,0.875,9.0,9.375,499633,6.269137546959469,63.83118809205957,4.0,64.0,-64.0,64.0,0.9965734849379444
-----------XO------XO-----OXO-----OOOO----O-O-------O----------- X;,1,50,3,11,-8,0,18,-64,0,3.375,0.625,1.375,8.0,9.875,56836,13.812548384826519,63.2259835315645,4.0,64.0,-64.0,64.0,0.9995601379407418
--------------------O----OXOXX---OOXO----O-OOO------------------ X;,1,50,4,10,-6,0,20,-64,0,1.375,2.625,4.875,5.0,9.375,132811,6.935186091513504,63.69301488581518,4.0,64.0,-64.0,64.0,0.9997289381150658
----------OOX------OXX----OOOO-----XOO-------O------------------ X;,1,50,4,10,-6,0,10,-64,0,2.25,1.25,3.75,6.0,8.75,753874,7.670375951418937,63.85020441081666,4.0,64.0,-64.0,64.0,0.9993964508657945
----O-----OOO------OOX-----XOO-----XOO-------O------------------ X;,1,50,3,11,-8,0,12,-64,0,2.75,0.75,1.25,9.0,7.75,377579,9.88828563029194,63.62691516212501,4.0,64.0,-64.0,64.0,0.9966285201242654
----------OOX-----OOXX-----OXO-----XOO-------O------------------ X;,1,50,5,9,-4,0,14,-64,0,0.875,0.625,7.375,4.0,8.875,260985,9.177006341360615,63.66782382129241,4.0,64.0,-64.0,64.0,0.999624499492308
-----O----OOO------OXX-----XXO-----XOO-------O------------------ X;,1,50,5,9,-4,0,14,-64,0,2.25,1.25,2.75,7.0,7.75,270239,8.97051128815604,63.652381780572014,4.0,64.0,-64.0,64.0,0.9992858173690696
----------OOX------OOOO----XXO-----XOO-------O------------------ X;,1,50,4,10,-6,0,16,-64,0,4.499999999999999,0.0,1.5,7.0,8.0,186433,15.08698030928001,63.12950496961375,4.0,64.0,-64.0,64.0,0.9962292083483074
-----------XOO----XXO-----OXO-----OOO-----O-O------------------- X;,1,50,4,10,-6,0,18,-64,0,2.25,0.25,2.75,8.0,8.75,57435,11.622756159136415,63.48169234787151,4.0,64.0,-64.0,64.0,0.9995995473143554
----------OOOO-----OXO-----XXO-----XOO-------O------------------ X;,1,50,4,10,-6,0,18,-64,0,3.5,1.5,1.5,7.0,8.0,43141,11.163139472891217,62.92369207946037,4.0,64.0,-64.0,64.0,0.999490044273429
-----------XOO----XXO-----OXX-----OOOO----O--------------------- X;,1,50,5,9,-4,0,20,-64,0,1.2500000000000002,1.25,1.75,8.0,8.75,61318,17.063309305587268,62.933331158876676,4.0,64.0,-64.0,64.0,0.9995270556769628
-----------XO------OO-----OXO----OOOO---O-O-O------------------- X;,1,50,2,12,-10,0,10,-64,0,4.625,0.375,2.625,6.0,8.625,107701,12.536197435492706,63.66615908858785,4.0,64.0,-64.0,64.0,0.9997678758785898
------------X-----OOOO---XOOO----OOOOO-------------------------- X;,1,50,2,12,-10,0,10,-64,0,8.25,0.25,0.25,4.0,9.25,617436,12.173431740293731,63.76926677420818,4.0,64.0,-64.0,64.0,0.9993521595760533
-----------OX------OOO---XXOO----OOOOO-------------------------- X;,1,50,3,11,-8,0,12,-64,0,5.375,0.125,0.375,6.0,9.375,705719,9.903688295199647,63.78794250969579,4.0,64.0,-64.0,64.0,0.998194748901475
------------X---O--XOO---OXXO----OOOOO-------------------------- X;,1,50,4,10,-6,0,12,-64,0,1.6249999999999998,1.375,2.625,8.0,8.625,615413,9.58898983284396,63.82344701850627,4.0,64.0,-64.0,64.0,0.8979222083381404
------------X------XOO--OOOOO----OOOOO-------------------------- X;,1,50,2,12,-10,0,12,-64,0,5.625,2.375,0.625,4.0,8.625,1284385,6.189486797183088,63.93578249512412,4.0,64.0,-64.0,64.0,0.9990968440148398
----------O-X------OOO---XXXO----OOOOO-------------------------- X;,1,50,4,10,-6,0,14,-64,0,2.625,0.375,1.625,8.0,8.625,209774,17.23911447557848,63.64456987043199,4.0,64.0,-64.0,64.0,0.9997092108650262
------------X----O-XOO---OOXO----OOOOO-------------------------- X;,1,50,3,11,-8,0,14,-64,0,2.625,2.375,1.625,6.0,8.625,143868,13.300706202908222,63.626087802708035,4.0,64.0,-64.0,64.0,0.999826229599355
-----------XO------XO---O-XXO----OOOO-----O-O------------------- X;,1,50,4,10,-6,0,16,-64,0,1.6249999999999998,0.375,3.625,8.0,8.625,307060,10.984498143685274,63.74444082589722,4.0,64.0,-64.0,64.0,0.9998371653748453
-----------XO------XO-----XXO---OOOOO-----O-O------------------- X;,1,50,4,10,-6,0,16,-64,0,1.6249999999999998,0.375,3.625,8.0,8.625,302047,11.422752088251166,63.68547941214447,4.0,64.0,-64.0,64.0,0.9976891013650193
----O-----OOO------OXX-----XOO-----XOO-------O------------------ X;,1,50,4,10,-6,0,12,-64,0,1.2500000000000002,1.25,1.75,9.0,7.75,491138,9.556652101853247,63.765371443463955,4.0,64.0,-64.0,64.0,0.9998350769030293
---O-------OO-----XXX-----OXX-----OOOO----O--------------------- X;,1,50,5,9,-4,0,14,-64,0,0.7499999999999999,3.75,1.25,8.0,8.75,62190,21.4832448946776,63.129747547837276,8.0,64.0,-64.0,64.0,0.9994532883100177
----O------OO-----OXXX-----OXO-----XOO-------O------------------ X;,1,50,5,9,-4,0,14,-64,0,0.875,2.625,6.375,4.0,8.875,193351,11.86567951549255,63.5307652921371,4.0,64.0,-64.0,64.0,0.9961675915821485
----O------OOO-----XXO-----XXO-----XOO-------O------------------ X;,1,50,5,9,-4,0,14,-64,0,2.75,2.75,1.25,7.0,7.75,129547,9.212000277891422,63.4267794699993,4.0,64.0,-64.0,64.0,0.9996371973106286
----O------OO------XXO-----XXOO----XOO-------O------------------ X;,1,50,5,9,-4,0,14,-64,0,3.2499999999999996,2.25,1.25,7.0,8.25,128325,9.565236703682057,63.550477303721024,4.0,64.0,-64.0,64.0,0.9992518994739918
----O------OO------OXX----OOOO-----XOO-------O------------------ X;,1,50,3,11,-8,0,14,-64,0,2.75,1.75,3.25,6.0,8.75,399411,9.033429224533124,63.77659854135214,4.0,64.0,-64.0,64.0,0.9983100114919219
---O-------OO-----XXO-----OXO-----OOO-----O-O------------------- X;,1,50,3,11,-8,0,22,-64,0,2.75,0.75,2.25,8.0,8.75,103905,15.530080361869015,63.439998075164816,4.0,64.0,-64.0,64.0,0.9994225494442038
--X--------XOO----OXX------OXO-----XOO-------O------------------ X;,1,50,6,8,-2,0,14,-64,0,1.2500000000000002,2.25,5.75,4.0,7.75,66229,15.729589756753084,63.55936221292787,4.0,64.0,-64.0,64.0,0.9965724984523396
----------------X--O-----XOOX----OXOO----O-OOO------------------ X;,1,50,4,10,-6,0,18,-64,0,2.625,1.375,3.125,6.0,8.125,55527,17.099375078790498,62.524267473481366,4.0,64.0,-64.0,64.0,0.9976407873647054
----------------XO-------OOXX----OXOO----O-OOO------------------ X;,1,50,4,10,-6,0,24,-64,0,1.875,1.625,0.875,9.0,7.375,5855,24.59265584970111,60.110333048676345,14.0,64.0,-64.0,64.0,0.9986336464560205
-----X----OOX------OX-----OXO-----OOOO----O--------------------- X;,1,50,4,10,-6,0,32,-64,0,2.625,1.375,3.125,6.0,8.125,8806,19.122075857369975,61.000567794685445,10.0,64.0,-64.0,64.0,0.9998864410629117
----------OX------XXX---OOOOO----O-OOO-------------------------- X;,1,50,4,10,-6,0,12,-64,0,4.625,3.375,1.125,4.0,7.625,483050,13.041825897940171,63.683987164889764,4.0,64.0,-64.0,64.0,0.9997619294068937
---O------OO------XOX----XXOO----O-OOO-------------------------- X;,1,50,4,10,-6,0,14,-64,0,4.625,0.375,1.125,6.0,7.625,54849,21.000601651807692,62.97394665353972,6.0,64.0,-64.0,64.0,0.998049189593247
----------OX------OXX----XOXO----OOOOO-------------------------- X;,1,50,5,9,-4,1,16,-64,0,1.6249999999999998,3.375,2.625,6.0,8.625,178057,23.6137809802479,63.25176207618909,10.0,64.0,-64.0,64.0,0.9987644406004819
-----------XO----OXO-----OOXO----OOOO-------O------------------- X;,1,50,3,11,-8,0,20,-64,0,3.875,0.625,2.375,6.0,8.375,76076,18.29818865345181,63.133695252116304,6.0,64.0,-64.0,64.0,0.9998422630001578
----------OX-----OXXX----OOXO----O-OOO-------------------------- X;,1,50,5,9,-4,1,30,-64,0,1.875,3.125,2.375,6.0,7.875,16632,31.58724146224146,60.27940115440116,24.0,64.0,-64.0,64.0,0.9998196248196248
---------OOX------OXX----XXOO----O-OOO-------------------------- X;,1,50,5,9,-4,0,32,-64,0,5.25,0.75,1.75,6.0,7.75,76711,32.64191576175516,61.81955651731825,22.0,64.0,-64.0,64.0,0.9998957124793054
-----------O------XOX---OOOOO----OXOOO-------------------------- X;,1,50,3,11,-8,0,12,-64,0,5.625,0.375,3.625,4.0,8.625,263714,11.268120008797409,63.665360959220976,4.0,64.0,-64.0,64.0,0.9990709632404802
-----------XO-----XXX----OOXO-----OOO------OO------------------- X;,1,50,5,9,-4,0,14,-64,0,1.875,0.625,1.375,9.0,9.875,62775,24.27874153723616,63.03279968140183,12.0,64.0,-64.0,64.0,0.9996495420151335
-----------XO-----XXX----OOXO-----OOO-----O-O------------------- X;,1,50,5,9,-4,0,16,-64,0,1.2500000000000002,1.25,2.25,8.0,9.25,476074,14.922028928275857,63.80605116011376,4.0,64.0,-64.0,64.0,0.9998214563282178
----O------OO-----OXX----OOXO-----XOO-------O------------------- X;,1,50,4,10,-6,0,18,-64,0,2.625,0.375,2.625,8.0,8.625,113118,10.34204989480012,63.40051981117064,4.0,64.0,-64.0,64.0,0.9998231934793755
-----------XO-----XXX----OOXO----OOOO-------O------------------- X;,1,50,5,9,-4,0,20,-64,0,1.875,1.625,1.875,8.0,9.375,57821,25.316649660158074,63.074350149599624,12.0,64.0,-64.0,64.0,0.9994811573649712
-----------O-----OOOX----OOXO----OXOOO-------------------------- X;,1,50,3,11,-8,0,24,-64,0,2.625,0.375,4.625,6.0,8.625,33980,23.221365509123014,61.509829311359624,12.0,64.0,-64.0,64.0,0.9996174220129488
---------O-XO-----OXX----OOOO-----XOO-------O------------------- X;,1,50,4,10,-6,0,30,-64,0,4.750000000000001,0.25,1.75,6.0,8.75,264272,22.33660016952231,63.45441060725313,10.0,64.0,-64.0,64.0,0.9998335048737664
-----------------OXXX---OOOXO----OXOOO-------------------------- X;,1,50,5,9,-4,0,12,-64,0,2.125,1.875,2.625,6.0,8.125,872382,9.802087846837738,63.799075405040455,4.0,64.0,-64.0,64.0,0.9960361401312727
---O-------OO----OXXX-----OXO-----XOO-------O------------------- X;,1,50,5,9,-4,0,14,-64,0,2.125,0.875,2.625,8.0,8.125,89149,16.26441126653131,63.358265375943645,4.0,64.0,-64.0,64.0,0.9995625301461598
------------------XXX---OOXXO----OOOOO-----O-------------------- X;,1,50,5,9,-4,0,14,-64,0,1.875,1.125,1.875,9.0,9.375,610363,9.5058235836707,63.81529843715953,4.0,64.0,-64.0,64.0,0.9999049745807004
---O-------OO-----OXX----OOOO-----XOO-------O------------------- X;,1,50,3,11,-8,0,16,-64,0,5.625,0.375,1.625,6.0,8.625,136427,18.571016001231428,62.99427532673151,4.0,64.0,-64.0,64.0,0.9989738101695412
---O-------OO-----XOX-----OXO----OOOO-------O------------------- X;,1,50,3,11,-8,0,18,-64,0,3.6250000000000004,0.375,2.625,6.0,8.625,85040,14.440722013170273,63.678610065851366,4.0,64.0,-64.0,64.0,0.9996825023518344
---------O--------OXX---OOXOO----OXOOO-------------------------- X;,1,50,4,10,-6,0,30,-64,0,6.25,0.75,0.75,6.0,8.25,76224,21.42838213685978,62.78803264063812,8.0,64.0,-64.0,64.0,0.9999737615449202
---O-------OO-----XOX-----OOO----OOOO-------O------------------- X;,1,50,2,12,-10,0,18,-64,0,6.625000000000001,0.375,1.625,4.0,8.625,98600,9.899553752535496,63.73799188640974,4.0,64.0,-64.0,64.0,0.9996957403651116
-----------XOO----XXO-----OOO----OOOO-------O------------------- X;,1,50,3,11,-8,0,20,-64,0,5.625,0.375,1.625,6.0,8.625,242769,13.920611774979507,63.53487883543615,4.0,64.0,-64.0,64.0,0.9997322557657691
----------OOO-----OOX-----OXO----OOOO-------O------------------- X;,1,50,2,12,-10,0,30,-64,0,3.6250000000000004,0.375,2.625,6.0,8.625,22961,19.653760724707112,61.425721876224905,10.0,64.0,-64.0,64.0,0.9989547493576064
---------O-XO-----OXX-----OOO----OOOO-------O------------------- X;,1,50,3,11,-8,0,38,-64,0,4.750000000000001,1.25,1.75,6.0,8.75,60906,25.194726299543557,62.96781926247004,12.0,64.0,-64.0,64.0,0.9998850687945359
-----------------OXXX----OXXO----OOOOO-----O-------------------- X;,1,50,5,9,-4,0,20,-64,0,1.875,1.125,1.875,9.0,9.375,352872,13.414770795075835,63.47338128273142,4.0,64.0,-64.0,64.0,0.9997477838989776
----------OOO----OXXX-----OXO-----XOO-------O------------------- X;,1,50,5,9,-4,0,22,-64,0,2.3749999999999996,0.625,2.875,8.0,8.375,12338,19.22896741773383,61.3711298427622,4.0,64.0,-64.0,64.0,0.9999189495866428
----------OOO-----OXX----OOOO-----XOO-------O------------------- X;,1,50,3,11,-8,0,26,-64,0,5.625,0.375,1.625,6.0,8.625,76175,22.008191663931736,62.11817525434854,10.0,64.0,-64.0,64.0,0.9998687233344273
---------O-------OOXX----OXOO----OXOOO-------------------------- X;,1,50,4,10,-6,0,40,-64,0,6.25,0.75,0.75,6.0,8.25,35658,30.60911997307757,60.83162263727635,20.0,64.0,-64.0,64.0,0.9998036906164115
----------OOO-----XOX-----OXO----OOOO-------O------------------- X;,1,50,3,11,-8,0,46,-64,0,3.6250000000000004,0.375,2.625,6.0,8.625,727,11.909215955983495,31.061898211829437,20.0,64.0,-64.0,64.0,1.0
----------OOO-----OXX-----OXO-----OOO-----O-O------------------- X;,1,50,3,11,-8,0,50,-64,0,2.75,1.75,1.25,8.0,8.75,297,-0.5858585858585859,30.65993265993266,10.0,64.0,-64.0,64.0,1.0
---------O-------XXXX---OOOOO----O-OOO-------------------------- X;,1,50,4,10,-6,0,34,-64,0,5.25,2.75,1.25,4.0,7.25,7030,33.0728307254623,59.7724039829303,28.0,64.0,-64.0,64.0,0.9995732574679943
---------OXXO-----XX------XOO-----OOO----O--O------------------- X;,1,50,5,9,-4,0,36,-64,0,4.499999999999999,0.5,2.0,6.0,7.5,5734,42.15190094175096,59.69009417509592,64.0,64.0,-64.0,64.0,0.9991280083711196
---------OO------XXOX----XXOO----O-OOO-------------------------- X;,1,50,5,9,-4,0,38,-64,0,4.499999999999999,0.5,1.5,6.0,7.5,53224,21.946227265895086,62.79024500225462,8.0,64.0,-64.0,64.0,0.9999436344506237
---------O-O-----XXOX----XXOO----O-OOO-------------------------- X;,1,50,5,9,-4,0,38,-64,0,4.750000000000001,0.25,1.25,6.0,7.75,54695,31.386324161257885,61.921437060060335,20.0,64.0,-64.0,64.0,0.9998537343450041
---------OXXO-----XO------OOO----OOOO-------O------------------- X;,1,50,3,11,-8,0,48,-64,0,6.75,0.25,2.25,4.0,7.75,7168,34.125279017857146,60.813895089285715,30.0,64.0,-64.0,64.0,1.0
--------OO-------OXXX----XOOO----O-OOO-------------------------- X;,1,50,4,10,-6,0,58,-64,0,4.750000000000001,2.25,1.75,4.0,7.25,4064,43.878937007874015,53.153543307086615,64.0,64.0,-64.0,64.0,1.0
