game,ply,black,white,empty,rho,disc_diff,a1_minus_energy,b1_energy,b2_energy,d4_a1_occupation_energy,n_legal_moves,max_flip_count,mean_flip_count
0,0,2,2,60,0.0625,0,0.0,0.0,4.0,4.0,4,1,1.0
0,1,4,1,59,0.078125,3,1.1249999999999998,0.125,1.125,4.125000000000001,3,1,1.0
0,2,3,3,58,0.09375,0,0.0,0.5,0.5,4.499999999999999,5,1,1.0
0,3,5,2,57,0.109375,3,1.2500000000000002,0.5,1.75,4.750000000000001,4,2,1.25
0,4,4,4,56,0.125,0,0.37499999999999994,1.125,0.375,5.375,6,1,1.0
0,5,6,3,55,0.140625,3,1.2500000000000002,2.0,1.75,6.25,6,2,1.5
0,6,5,5,54,0.15625,0,0.37499999999999994,1.125,1.375,7.375,11,2,1.2727272727272727
0,7,7,4,53,0.171875,3,2.125,1.125,3.125,8.125,7,3,1.8571428571428572
0,8,6,6,52,0.1875,0,0.37499999999999994,1.125,7.375,9.375,11,2,1.4545454545454546
0,9,8,5,51,0.203125,3,1.2500000000000002,0.5,5.25,10.749999999999998,7,3,1.7142857142857142
0,10,6,8,50,0.21875,-2,0.875,2.125,2.875,10.875,11,2,1.5454545454545454
0,11,9,6,49,0.234375,3,0.7499999999999999,0.0,3.25,11.250000000000002,12,4,1.75
0,12,8,8,48,0.25,0,0.37499999999999994,0.625,2.875,11.375,13,3,1.6923076923076923
0,13,10,7,47,0.265625,3,1.0,1.25,2.5,11.5,12,4,1.8333333333333333
0,14,9,9,46,0.28125,0,1.375,1.125,0.875,11.875,11,5,2.3636363636363638
0,15,13,6,45,0.296875,7,3.5,0.25,4.5,12.500000000000002,9,4,2.6666666666666665
0,16,12,8,44,0.3125,4,2.3749999999999996,2.125,4.375,13.375,14,4,1.5
0,17,14,7,43,0.328125,7,3.2499999999999996,0.5,4.75,13.75,11,6,2.727272727272727
0,18,13,9,42,0.34375,4,3.375,2.125,3.875,14.375,13,4,1.7692307692307692
0,19,15,8,41,0.359375,7,4.0,0.75,4.5,14.500000000000002,9,4,2.888888888888889
0,20,12,12,40,0.375,0,3.1250000000000004,0.375,6.125,15.124999999999998,13,5,2.3076923076923075
0,21,15,10,39,0.390625,5,1.7500000000000002,1.0,8.75,15.249999999999998,7,3,1.7142857142857142
0,22,13,13,38,0.40625,0,1.875,0.625,7.875,16.875,15,5,1.8666666666666667
0,23,18,9,37,0.421875,9,2.9999999999999996,3.75,7.0,17.999999999999996,6,3,1.8333333333333333
0,24,16,12,36,0.4375,4,0.875,1.625,7.375,19.375,18,4,1.8888888888888888
0,25,18,11,35,0.453125,7,1.7500000000000002,2.5,6.75,19.75,10,3,1.6
0,26,17,13,34,0.46875,4,1.375,3.125,4.875,21.375,17,4,2.0588235294117645
0,27,19,12,33,0.484375,7,1.2500000000000002,3.0,5.75,22.249999999999996,7,5,2.5714285714285716
0,28,18,14,32,0.5,4,0.875,5.625,6.875,22.875000000000004,13,4,2.1538461538461537
0,29,21,12,31,0.515625,9,5.25,5.0,8.25,24.75,9,5,2.4444444444444446
0,30,18,16,30,0.53125,2,1.1249999999999998,7.875,5.125,26.625000000000004,13,6,2.3846153846153846
0,31,21,14,29,0.546875,7,1.4999999999999998,3.75,7.5,27.5,12,5,2.0
0,32,20,16,28,0.5625,4,1.875,7.125,8.375,28.375,12,6,2.25
0,33,23,14,27,0.578125,9,2.5000000000000004,2.75,9.5,29.5,10,6,2.6
0,34,20,18,26,0.59375,2,2.625,1.375,7.625,30.624999999999996,10,5,2.6
0,35,23,16,25,0.609375,7,4.499999999999999,2.25,7.0,30.999999999999996,10,5,2.3
0,36,22,18,24,0.625,4,5.375,1.625,5.375,32.375,8,5,2.75
0,37,24,17,23,0.640625,7,4.499999999999999,2.25,5.0,34.0,11,5,1.9090909090909092
0,38,23,19,22,0.65625,4,5.375,1.625,6.375,35.37499999999999,6,5,2.8333333333333335
0,39,28,15,21,0.671875,13,9.499999999999998,1.75,5.5,36.5,9,5,2.5555555555555554
0,40,27,17,20,0.6875,10,7.375,3.125,6.375,37.875,6,3,2.1666666666666665
0,41,29,16,19,0.703125,13,6.499999999999999,3.75,5.0,39.5,8,5,3.25
0,42,24,22,18,0.71875,2,4.125000000000001,1.375,7.125,40.125,5,3,2.4
0,43,27,20,17,0.734375,7,5.875000000000001,1.375,6.875,41.875,7,4,2.4285714285714284
0,44,24,24,16,0.75,0,4.750000000000001,4.25,6.75,43.75,7,3,1.7142857142857142
0,45,27,22,15,0.765625,5,5.125000000000001,3.125,7.125,44.625,7,3,2.2857142857142856
0,46,25,25,14,0.78125,0,3.375,3.125,9.375,44.875,6,4,2.5
0,47,27,24,13,0.796875,3,2.0000000000000004,6.25,11.0,46.49999999999999,6,6,3.0
0,48,23,29,12,0.8125,-6,5.375,5.625,7.375,48.375,8,4,3.0
0,49,28,25,11,0.828125,3,5.749999999999999,4.0,7.75,50.25,3,3,2.6666666666666665
0,50,25,29,10,0.84375,-4,2.875,1.625,7.875,51.37499999999999,7,4,2.4285714285714284
0,51,27,28,9,0.859375,-1,2.75,1.0,10.25,52.74999999999999,4,3,2.25
0,52,26,30,8,0.875,-4,2.5000000000000004,1.5,9.0,53.0,6,4,2.5
0,53,30,27,7,0.890625,3,3.6250000000000004,2.125,10.625,54.62499999999999,3,6,3.6666666666666665
0,54,24,34,6,0.90625,-10,8.375,2.125,6.375,55.37499999999999,4,7,3.75
0,55,27,32,5,0.921875,-5,8.75,1.5,3.75,57.25000000000001,2,3,2.5
0,56,25,35,4,0.9375,-10,13.5,2.0,3.5,58.50000000000001,3,7,3.6666666666666665
0,57,33,28,3,0.953125,5,13.75,7.5,4.75,59.25,1,3,3.0
0,58,30,32,2,0.96875,-2,22.0,7.0,5.0,60.99999999999999,2,3,2.5
0,59,33,30,1,0.984375,3,20.25,7.0,2.25,62.24999999999999,0,0,0.0
0,60,33,30,1,0.984375,3,20.25,7.0,2.25,62.24999999999999,1,3,3.0
0,61,37,27,0,1.0,10,25.999999999999996,7.0,4.0,64.0,0,0,0.0
1,0,2,2,60,0.0625,0,0.0,0.0,4.0,4.0,4,1,1.0
1,1,4,1,59,0.078125,3,1.1249999999999998,0.125,1.125,4.125000000000001,3,1,1.0
1,2,3,3,58,0.09375,0,0.0,0.5,0.5,4.499999999999999,5,1,1.0
1,3,5,2,57,0.109375,3,1.1249999999999998,1.125,1.125,5.125000000000001,4,2,1.25
1,4,3,5,56,0.125,-2,1.0,0.5,1.5,5.999999999999999,5,2,1.4
1,5,5,4,55,0.140625,1,0.12500000000000003,0.125,0.125,7.125,11,2,1.1818181818181819
1,6,4,6,54,0.15625,-2,1.375,0.125,1.375,7.375,9,2,1.3333333333333333
1,7,6,5,53,0.171875,1,0.7499999999999999,0.0,0.75,8.75,9,3,1.5555555555555556
1,8,5,7,52,0.1875,-2,2.5000000000000004,0.0,2.5,9.499999999999998,9,2,1.4444444444444444
1,9,8,5,51,0.203125,3,3.1250000000000004,0.125,3.125,11.125,8,3,1.875
1,10,6,8,50,0.21875,-2,3.375,0.125,1.375,12.375,10,2,1.6
1,11,8,7,49,0.234375,1,3.5,0.25,2.5,12.500000000000002,10,4,1.8
1,12,6,10,48,0.25,-4,2.625,0.375,0.625,12.625,10,4,2.2
1,13,8,9,47,0.265625,-1,1.0,0.25,1.0,12.999999999999998,12,4,1.9166666666666667
1,14,7,11,46,0.28125,-4,0.6250000000000001,0.875,0.625,13.124999999999998,10,4,2.1
1,15,10,9,45,0.296875,1,1.7500000000000002,2.5,2.75,13.75,12,4,2.0833333333333335
1,16,9,11,44,0.3125,-2,4.125000000000001,2.375,3.125,14.125,14,3,1.7857142857142858
1,17,12,9,43,0.328125,3,8.5,5.25,1.0,15.000000000000002,11,4,2.1818181818181817
1,18,10,12,42,0.34375,-2,5.125000000000001,3.375,2.625,15.625,11,4,2.0
1,19,13,10,41,0.359375,3,3.5,5.75,2.0,16.500000000000004,15,4,2.4
1,20,10,14,40,0.375,-4,1.1249999999999998,2.375,1.625,16.625,12,3,1.9166666666666667
1,21,14,11,39,0.390625,3,2.75,2.0,4.25,17.75,11,5,2.4545454545454546
1,22,13,13,38,0.40625,0,1.875,3.625,2.875,18.875,10,5,2.4
1,23,17,10,37,0.421875,7,5.749999999999999,2.0,4.25,19.250000000000004,10,5,2.7
1,24,16,12,36,0.4375,4,4.499999999999999,2.0,3.0,21.0,13,3,1.8461538461538463
1,25,18,11,35,0.453125,7,5.375,1.375,4.875,22.375000000000004,10,5,3.0
1,26,17,13,34,0.46875,4,6.25,2.75,3.25,22.75,14,4,1.7857142857142858
1,27,19,12,33,0.484375,7,6.875,3.875,4.875,24.374999999999996,12,6,2.9166666666666665
1,28,18,14,32,0.5,4,8.000000000000002,1.5,3.5,25.0,13,4,1.8461538461538463
1,29,21,12,31,0.515625,9,13.375,1.875,3.375,26.375000000000004,11,7,3.6363636363636362
1,30,19,15,30,0.53125,4,11.999999999999998,1.5,0.5,28.000000000000004,13,4,1.6923076923076923
1,31,21,14,29,0.546875,7,11.875,1.875,0.375,28.875,12,6,4.0
1,32,16,20,28,0.5625,-4,9.499999999999998,2.0,2.5,29.5,12,4,1.8333333333333333
1,33,20,17,27,0.578125,3,10.625000000000002,5.625,3.625,30.624999999999996,12,6,3.6666666666666665
1,34,16,22,26,0.59375,-6,5.000000000000001,10.0,3.0,32.5,13,5,2.1538461538461537
1,35,19,20,25,0.609375,-1,8.875,6.875,1.375,33.875,14,7,2.7857142857142856
1,36,18,22,24,0.625,-4,8.25,9.75,2.25,34.74999999999999,12,4,1.9166666666666667
1,37,21,20,23,0.640625,1,6.374999999999999,8.875,2.375,34.87499999999999,13,6,2.769230769230769
1,38,19,23,22,0.65625,-4,7.5,4.5,6.0,36.0,11,4,2.0
1,39,21,22,21,0.671875,-1,8.125,7.125,5.125,37.625,11,5,2.3636363636363638
1,40,20,24,20,0.6875,-4,10.000000000000002,6.0,5.0,37.99999999999999,11,4,2.0
1,41,23,22,19,0.703125,1,8.375,6.875,5.375,39.37499999999999,11,5,2.727272727272727
1,42,19,27,18,0.71875,-8,11.0,6.5,4.0,40.00000000000001,9,4,1.8888888888888888
1,43,24,23,17,0.734375,1,10.375000000000002,3.875,3.375,41.875,8,4,2.5
1,44,22,26,16,0.75,-4,10.5,2.5,5.5,43.5,9,4,1.8888888888888888
1,45,25,24,15,0.765625,1,6.374999999999999,4.875,4.375,44.37500000000001,7,4,2.5714285714285716
1,46,22,28,14,0.78125,-6,5.625,4.875,7.625,44.625,8,2,1.375
1,47,24,27,13,0.796875,-3,4.499999999999999,3.75,7.5,46.49999999999999,6,5,2.3333333333333335
1,48,23,29,12,0.8125,-6,6.25,3.75,4.25,47.25,5,6,3.0
1,49,27,26,11,0.828125,1,3.5,3.75,11.5,47.5,6,5,2.1666666666666665
1,50,26,28,10,0.84375,-2,4.625,4.375,10.625,48.625,3,9,3.6666666666666665
1,51,36,19,9,0.859375,17,6.499999999999999,15.25,13.0,50.00000000000001,6,6,2.6666666666666665
1,52,34,22,8,0.875,12,6.374999999999999,17.125,10.875,51.875,3,4,2.0
1,53,39,18,7,0.890625,21,10.625000000000002,17.125,8.125,53.125,3,8,5.333333333333333
1,54,31,27,6,0.90625,4,8.5,23.0,6.0,55.0,3,7,3.3333333333333335
1,55,34,25,5,0.921875,9,8.75,21.5,2.25,56.75,5,6,3.4
1,56,30,30,4,0.9375,0,4.499999999999999,21.5,7.0,57.5,1,7,7.0
1,57,38,23,3,0.953125,15,11.125,6.125,9.125,59.12500000000001,3,5,3.3333333333333335
1,58,37,25,2,0.96875,12,12.375,6.125,11.375,60.37500000000001,0,0,0.0
1,59,37,25,2,0.96875,12,12.375,6.125,11.375,60.37500000000001,2,10,7.5
1,60,27,36,1,0.984375,-9,16.125,1.125,4.125,62.12499999999999,1,1,1.0
1,61,29,35,0,1.0,-6,13.5,1.5,5.5,64.0,0,0,0.0
2,0,2,2,60,0.0625,0,0.0,0.0,4.0,4.0,4,1,1.0
2,1,4,1,59,0.078125,3,1.1249999999999998,0.125,1.125,4.125000000000001,3,1,1.0
2,2,3,3,58,0.09375,0,0.0,0.5,0.5,4.499999999999999,5,1,1.0
2,3,5,2,57,0.109375,3,1.2500000000000002,0.5,1.75,4.750000000000001,4,2,1.25
2,4,4,4,56,0.125,0,0.37499999999999994,0.125,1.375,5.375,7,2,1.2857142857142858
2,5,6,3,55,0.140625,3,2.125,0.125,3.125,6.125,5,2,1.6
2,6,4,6,54,0.15625,-2,2.25,0.25,1.25,6.25,7,2,1.2857142857142858
2,7,7,4,53,0.171875,3,2.5000000000000004,1.25,0.5,7.5,7,2,1.4285714285714286
2,8,6,6,52,0.1875,0,0.875,1.125,0.875,7.875,9,2,1.4444444444444444
2,9,8,5,51,0.203125,3,2.9999999999999996,1.25,1.0,8.000000000000002,6,2,1.6666666666666667
2,10,7,7,50,0.21875,0,3.875,2.125,1.875,8.875,12,2,1.1666666666666667
2,11,10,5,49,0.234375,5,4.0,3.25,2.0,10.000000000000002,10,4,1.8
2,12,9,7,48,0.25,2,4.375,2.125,2.375,11.375,13,2,1.3076923076923077
2,13,11,6,47,0.265625,5,3.5,4.75,2.5,11.999999999999998,10,4,2.2
2,14,9,9,46,0.28125,0,3.6250000000000004,6.375,2.625,13.625,13,3,1.7692307692307692
2,15,12,7,45,0.296875,5,3.5,8.25,2.5,15.5,10,3,2.2
2,16,9,11,44,0.3125,-2,0.875,5.125,1.875,15.875000000000002,9,4,2.3333333333333335
2,17,11,10,43,0.328125,1,1.0,6.25,1.0,16.0,16,4,1.875
2,18,10,12,42,0.34375,-2,1.6249999999999998,5.875,1.625,16.125,10,5,2.5
2,19,14,9,41,0.359375,5,3.5,2.75,1.5,17.0,13,4,2.923076923076923
2,20,12,12,40,0.375,0,1.875,0.625,3.875,17.374999999999996,7,6,2.7142857142857144
2,21,14,11,39,0.390625,3,1.4999999999999998,1.75,3.5,17.999999999999996,13,4,2.6153846153846154
2,22,13,13,38,0.40625,0,1.875,2.125,2.375,18.375000000000004,8,4,2.5
2,23,15,12,37,0.421875,3,2.5000000000000004,2.75,2.0,18.5,13,4,2.5384615384615383
2,24,14,14,36,0.4375,0,3.1250000000000004,2.375,1.625,19.624999999999996,11,4,2.727272727272727
2,25,19,10,35,0.453125,9,8.000000000000002,2.25,4.5,20.500000000000004,11,6,3.0
2,26,17,13,34,0.46875,4,6.374999999999999,1.625,3.375,21.875000000000004,11,4,2.1818181818181817
2,27,19,12,33,0.484375,7,6.499999999999999,2.25,4.5,22.5,11,6,3.272727272727273
2,28,17,15,32,0.5,2,7.125,1.875,4.625,23.124999999999996,10,6,2.3
2,29,20,13,31,0.515625,7,8.000000000000002,2.75,2.0,23.500000000000004,10,6,2.8
2,30,19,15,30,0.53125,4,10.125,3.875,2.125,24.625,9,4,2.4444444444444446
2,31,22,13,29,0.546875,9,9.0,1.75,2.0,25.499999999999996,10,5,2.5
2,32,21,15,28,0.5625,6,8.625,3.375,2.625,26.625000000000004,8,5,2.625
2,33,23,14,27,0.578125,9,10.000000000000002,2.25,2.5,27.5,9,6,3.6666666666666665
2,34,20,18,26,0.59375,2,8.625,7.875,1.625,28.125000000000004,7,4,2.5714285714285716
2,35,25,14,25,0.609375,11,9.249999999999998,11.0,1.75,29.250000000000004,6,5,3.6666666666666665
2,36,23,17,24,0.625,6,5.375,10.125,6.375,30.875000000000004,9,3,1.6666666666666667
2,37,25,16,23,0.640625,9,6.75,12.5,4.75,32.75,6,5,4.0
2,38,22,20,22,0.65625,2,9.125,11.375,4.625,34.12500000000001,11,3,1.7272727272727273
2,39,24,19,21,0.671875,5,7.5,15.25,5.0,35.5,5,4,2.4
2,40,21,23,20,0.6875,-2,6.75,13.75,2.25,37.24999999999999,12,5,2.6666666666666665
2,41,24,21,19,0.703125,3,6.875,11.375,2.375,38.875,8,4,1.75
2,42,23,23,18,0.71875,0,9.0,8.0,2.0,40.5,9,7,3.3333333333333335
2,43,25,22,17,0.734375,3,10.25,8.0,3.25,40.74999999999999,7,3,1.8571428571428572
2,44,24,24,16,0.75,0,10.125,5.375,4.125,41.625,8,6,3.0
2,45,26,23,15,0.765625,3,10.5,7.25,4.5,42.99999999999999,5,5,2.8
2,46,23,27,14,0.78125,-4,5.25,7.25,12.25,43.75,5,6,4.4
2,47,28,23,13,0.796875,5,5.125000000000001,8.125,17.125,45.625,4,6,4.0
2,48,25,27,12,0.8125,-2,3.2499999999999996,7.75,13.25,47.25,5,4,2.4
2,49,30,23,11,0.828125,7,3.5,16.75,12.5,47.5,4,8,4.0
2,50,28,26,10,0.84375,2,5.25,16.75,9.25,48.24999999999999,5,6,3.0
2,51,30,25,9,0.859375,5,4.875000000000001,17.875,9.875,49.37500000000001,2,8,5.0
2,52,22,34,8,0.875,-12,15.625,16.375,3.625,50.625,6,7,4.5
2,53,28,29,7,0.890625,-1,7.875,16.375,12.875,51.875,2,3,2.5
2,54,26,32,6,0.90625,-6,6.75,21.25,10.75,53.24999999999999,4,7,4.0
2,55,32,27,5,0.921875,5,6.625000000000001,11.125,10.625,55.12499999999999,1,5,5.0
2,56,27,33,4,0.9375,-6,14.500000000000002,11.0,10.5,57.0,3,8,7.0
2,57,36,25,3,0.953125,11,10.625000000000002,13.125,7.625,58.62500000000001,1,2,2.0
2,58,34,28,2,0.96875,6,6.374999999999999,15.125,9.375,60.37500000000001,2,6,5.5
2,59,40,23,1,0.984375,17,9.249999999999998,11.0,11.25,62.24999999999999,1,1,1.0
2,60,39,25,0,1.0,14,7.5,11.5,13.5,64.0,0,0,0.0
3,0,2,2,60,0.0625,0,0.0,0.0,4.0,4.0,4,1,1.0
3,1,4,1,59,0.078125,3,1.1249999999999998,0.125,1.125,4.125000000000001,3,1,1.0
3,2,3,3,58,0.09375,0,0.0,0.5,0.5,4.499999999999999,5,1,1.0
3,3,5,2,57,0.109375,3,1.2500000000000002,0.5,1.75,4.750000000000001,4,2,1.25
3,4,4,4,56,0.125,0,0.37499999999999994,1.125,0.375,5.375,6,1,1.0
3,5,6,3,55,0.140625,3,1.2500000000000002,2.0,1.75,6.25,6,2,1.5
3,6,5,5,54,0.15625,0,0.37499999999999994,1.125,1.375,7.375,11,2,1.2727272727272727
3,7,7,4,53,0.171875,3,2.125,1.125,3.125,8.125,7,3,1.8571428571428572
3,8,4,8,52,0.1875,-4,3.2499999999999996,0.25,2.25,8.25,7,2,1.4285714285714286
3,9,6,7,51,0.203125,-1,3.5,1.25,1.5,9.499999999999998,11,2,1.2727272727272727
3,10,5,9,50,0.21875,-4,6.875,2.125,0.875,10.875,8,4,2.25
3,11,7,8,49,0.234375,-1,6.499999999999999,0.25,0.5,12.500000000000002,11,2,1.4545454545454546
3,12,6,10,48,0.25,-4,6.625000000000001,1.375,0.625,12.625,9,4,2.3333333333333335
3,13,8,9,47,0.265625,-1,6.499999999999999,0.75,0.5,12.999999999999998,12,4,1.75
3,14,7,11,46,0.28125,-4,6.625000000000001,1.375,1.625,13.625,13,4,2.0
3,15,10,9,45,0.296875,1,3.5,1.75,2.0,14.0,13,4,2.076923076923077
3,16,7,13,44,0.3125,-6,7.875,3.625,0.875,14.875,12,4,1.8333333333333333
3,17,9,12,43,0.328125,-3,7.5,2.25,1.5,15.000000000000002,12,3,1.8333333333333333
3,18,8,14,42,0.34375,-6,7.875,3.625,1.375,15.375000000000002,11,6,2.4545454545454546
3,19,12,11,41,0.359375,1,7.000000000000001,1.75,2.5,15.5,10,3,1.7
3,20,11,13,40,0.375,-2,8.125,2.375,2.125,16.125,12,6,2.5
3,21,13,12,39,0.390625,1,8.5,3.75,1.0,16.500000000000004,11,3,1.8181818181818181
3,22,11,15,38,0.40625,-4,8.375,3.625,1.875,17.374999999999996,13,7,3.230769230769231
3,23,13,14,37,0.421875,-1,9.499999999999998,1.75,2.5,17.999999999999996,10,3,1.7
3,24,12,16,36,0.4375,-4,9.625,1.875,2.125,18.625,10,6,3.3
3,25,17,12,35,0.453125,5,4.0,2.25,2.5,20.500000000000004,7,5,2.2857142857142856
3,26,15,15,34,0.46875,0,5.125000000000001,2.375,6.625,21.625,14,4,2.4285714285714284
3,27,20,11,33,0.484375,9,5.000000000000001,3.25,3.5,22.5,7,5,2.4285714285714284
3,28,18,14,32,0.5,4,4.25,1.75,4.75,24.249999999999996,11,5,2.3636363636363638
3,29,21,12,31,0.515625,9,4.375,3.375,3.375,25.375000000000004,9,5,2.0
3,30,20,14,30,0.53125,6,4.499999999999999,3.5,3.5,26.500000000000004,12,4,2.0833333333333335
3,31,22,13,29,0.546875,9,4.375,3.375,4.875,27.874999999999996,9,5,2.0
3,32,21,15,28,0.5625,6,5.25,2.75,3.75,28.749999999999996,10,4,2.3
3,33,24,13,27,0.578125,11,4.875000000000001,5.875,3.375,29.875000000000004,8,5,2.5
3,34,22,16,26,0.59375,6,3.5,5.5,3.0,30.0,11,4,2.090909090909091
3,35,25,14,25,0.609375,11,6.875,3.375,3.375,31.375,7,4,2.2857142857142856
3,36,21,19,24,0.625,2,4.750000000000001,6.25,7.75,32.75,10,4,2.6
3,37,25,16,23,0.640625,9,6.875,3.375,12.375,34.37500000000001,8,4,2.375
3,38,23,19,22,0.65625,4,3.7500000000000004,2.75,12.25,34.74999999999999,8,4,1.875
3,39,26,17,21,0.671875,9,5.875000000000001,0.875,13.875,36.375,8,5,2.75
3,40,21,23,20,0.6875,-2,4.25,1.25,18.25,38.24999999999999,6,5,3.0
3,41,27,18,19,0.703125,9,4.625,1.625,15.125,39.625,8,3,1.75
3,42,26,20,18,0.71875,6,4.0,1.0,18.5,41.50000000000001,7,2,1.4285714285714286
3,43,28,19,17,0.734375,9,5.25,1.0,15.75,41.75,10,4,2.2
3,44,26,22,16,0.75,4,2.875,0.125,16.375,43.37500000000001,6,3,1.5
3,45,28,21,15,0.765625,7,2.9999999999999996,0.75,17.5,44.0,10,4,2.2
3,46,27,23,14,0.78125,4,3.2499999999999996,0.75,17.75,44.25,5,3,1.6
3,47,29,22,13,0.796875,7,3.875,1.375,14.875,45.87499999999999,8,6,3.125
3,48,25,27,12,0.8125,-2,4.25,0.75,10.25,47.75,5,4,2.2
3,49,30,23,11,0.828125,7,8.625,3.125,9.625,49.62500000000001,7,6,3.7142857142857144
3,50,28,26,10,0.84375,2,8.5,4.5,11.0,50.5,5,3,1.8
3,51,31,24,9,0.859375,7,9.125,6.625,13.125,51.625,6,5,2.6666666666666665
3,52,29,27,8,0.875,2,5.875000000000001,7.625,14.875,52.375,5,8,3.4
3,53,38,19,7,0.890625,19,7.625000000000001,10.625,13.625,53.125,3,6,5.0
3,54,32,26,6,0.90625,6,6.875,13.625,17.875,54.37499999999999,3,6,4.333333333333333
3,55,35,24,5,0.921875,11,4.625,13.625,25.625,56.125,3,6,5.333333333333333
3,56,29,31,4,0.9375,-2,16.875,13.625,14.875,57.37499999999999,4,6,3.25
3,57,36,25,3,0.953125,11,4.625,13.625,28.625,59.12500000000001,2,5,3.0
3,58,35,27,2,0.96875,8,5.5,13.0,25.5,60.49999999999999,2,1,1.0
3,59,37,26,1,0.984375,11,4.625,13.625,24.625,62.12499999999999,1,2,2.0
3,60,35,29,0,1.0,6,5.999999999999999,15.0,22.0,64.0,0,0,0.0
4,0,2,2,60,0.0625,0,0.0,0.0,4.0,4.0,4,1,1.0
4,1,4,1,59,0.078125,3,1.1249999999999998,0.125,1.125,4.125000000000001,3,1,1.0
4,2,3,3,58,0.09375,0,0.0,0.5,0.5,4.499999999999999,5,1,1.0
4,3,5,2,57,0.109375,3,1.2500000000000002,0.5,1.75,4.750000000000001,4,2,1.25
4,4,4,4,56,0.125,0,0.37499999999999994,1.125,0.375,5.375,6,1,1.0
4,5,6,3,55,0.140625,3,1.2500000000000002,2.0,1.75,6.25,6,2,1.5
4,6,5,5,54,0.15625,0,0.37499999999999994,1.125,1.375,7.375,11,2,1.2727272727272727
4,7,7,4,53,0.171875,3,2.125,1.125,3.125,8.125,7,3,1.8571428571428572
4,8,6,6,52,0.1875,0,0.37499999999999994,1.125,7.375,9.375,11,2,1.4545454545454546
4,9,9,4,51,0.203125,5,1.7500000000000002,0.0,5.25,10.749999999999998,5,4,2.8
4,10,6,8,50,0.21875,-2,1.375,0.625,3.875,10.875,8,3,1.75
4,11,8,7,49,0.234375,1,1.7500000000000002,0.0,5.75,11.250000000000002,12,4,1.6666666666666667
4,12,7,9,48,0.25,-2,4.375,0.125,3.875,12.875,12,4,2.0
4,13,10,7,47,0.265625,3,8.125,1.125,2.625,14.625000000000002,15,4,1.4666666666666666
4,14,9,9,46,0.28125,0,6.25,0.25,4.25,15.249999999999998,10,4,2.2
4,15,12,7,45,0.296875,5,3.1250000000000004,0.125,3.125,17.125,13,4,2.0
4,16,11,9,44,0.3125,2,1.7500000000000002,0.75,1.75,17.25,13,4,2.1538461538461537
4,17,13,8,43,0.328125,5,1.6249999999999998,2.125,1.625,17.625,12,6,2.1666666666666665
4,18,11,11,42,0.34375,0,1.2500000000000002,0.75,2.25,17.75,12,4,2.25
4,19,13,10,41,0.359375,3,1.375,1.875,1.375,17.875,12,4,2.0833333333333335
4,20,10,14,40,0.375,-4,2.25,0.75,1.75,18.249999999999996,11,4,2.5454545454545454
4,21,13,12,39,0.390625,1,3.6250000000000004,1.125,3.125,19.124999999999996,10,5,2.8
4,22,12,14,38,0.40625,-2,4.499999999999999,1.5,3.5,19.500000000000004,11,4,2.090909090909091
4,23,14,13,37,0.421875,1,3.6250000000000004,1.625,3.125,20.125000000000004,9,5,3.111111111111111
4,24,11,17,36,0.4375,-6,5.000000000000001,1.0,2.5,21.0,9,3,2.2222222222222223
4,25,14,15,35,0.453125,-1,9.125,1.125,1.625,22.125,11,6,3.727272727272727
4,26,11,19,34,0.46875,-8,6.25,0.75,1.75,22.75,8,4,1.75
4,27,13,18,33,0.484375,-5,6.625000000000001,1.125,3.125,23.625,12,7,2.6666666666666665
4,28,12,20,32,0.5,-8,6.25,0.75,1.75,24.75,8,5,2.375
4,29,14,19,31,0.515625,-5,4.875000000000001,0.875,2.875,25.375000000000004,11,6,3.4545454545454546
4,30,12,22,30,0.53125,-10,3.7500000000000004,0.25,2.75,26.750000000000004,9,4,2.888888888888889
4,31,17,18,29,0.546875,-1,0.875,4.375,2.875,26.874999999999996,11,4,2.3636363636363638
4,32,16,20,28,0.5625,-4,1.7500000000000002,4.25,1.25,28.250000000000004,9,7,2.7777777777777777
4,33,18,19,27,0.578125,-1,1.6249999999999998,6.625,2.125,29.124999999999996,10,4,2.1
4,34,17,21,26,0.59375,-4,2.75,7.75,2.75,30.750000000000004,12,7,2.5833333333333335
4,35,19,20,25,0.609375,-1,2.875,4.875,3.875,31.874999999999996,9,4,2.111111111111111
4,36,16,24,24,0.625,-8,8.5,5.0,5.5,33.5,8,8,3.75
4,37,21,20,23,0.640625,1,4.125000000000001,4.125,5.125,34.625,7,4,2.142857142857143
4,38,19,23,22,0.65625,-4,10.375000000000002,4.125,3.375,34.87499999999999,10,8,3.1
4,39,21,22,21,0.671875,-1,7.749999999999999,3.5,3.75,36.75,8,5,2.75
4,40,18,26,20,0.6875,-8,10.125,8.875,3.625,38.12499999999999,12,5,2.75
4,41,22,23,19,0.703125,-1,4.0,12.75,4.5,40.00000000000001,8,4,2.5
4,42,18,28,18,0.71875,-10,9.875,11.125,5.875,41.375,12,6,3.4166666666666665
4,43,21,26,17,0.734375,-5,7.125,11.125,7.125,41.625,6,4,2.5
4,44,17,31,16,0.75,-14,16.249999999999996,7.25,5.75,43.25,7,8,5.0
4,45,24,25,15,0.765625,-1,5.125000000000001,15.125,6.625,45.125,5,3,1.8
4,46,23,27,14,0.78125,-4,6.25,11.75,7.25,46.75,8,5,2.75
4,47,26,25,13,0.796875,1,8.125,16.625,3.625,47.12500000000001,5,3,1.8
4,48,25,27,12,0.8125,-2,7.375,14.125,4.875,47.875,7,6,3.857142857142857
4,49,28,25,11,0.828125,3,8.125,14.125,9.625,48.625,5,3,1.8
4,50,27,27,10,0.84375,0,6.75,14.75,8.75,49.24999999999999,5,8,4.6
4,51,36,19,9,0.859375,17,13.625,2.625,8.625,51.12499999999999,6,4,2.1666666666666665
4,52,32,24,8,0.875,8,14.875,5.625,9.875,52.375,2,5,4.0
4,53,38,19,7,0.890625,19,21.750000000000004,2.5,8.25,53.24999999999999,4,3,1.75
4,54,35,23,6,0.90625,12,22.875000000000004,2.625,11.875,54.37499999999999,3,3,2.3333333333333335
4,55,39,20,5,0.921875,19,24.124999999999996,2.625,11.125,55.62500000000001,4,4,2.0
4,56,35,25,4,0.9375,10,33.0,0.0,7.0,57.0,1,1,1.0
4,57,37,24,3,0.953125,13,34.74999999999999,0.0,6.75,58.75,3,5,3.6666666666666665
4,58,32,30,2,0.96875,2,32.5,0.0,10.5,60.49999999999999,2,1,1.0
4,59,34,29,1,0.984375,5,30.125,0.125,11.125,62.12499999999999,1,3,3.0
4,60,31,33,0,1.0,-2,38.5,0.5,8.5,64.0,0,0,0.0
5,0,2,2,60,0.0625,0,0.0,0.0,4.0,4.0,4,1,1.0
5,1,4,1,59,0.078125,3,1.1249999999999998,0.125,1.125,4.125000000000001,3,1,1.0
5,2,3,3,58,0.09375,0,0.0,0.5,0.5,4.499999999999999,5,1,1.0
5,3,5,2,57,0.109375,3,1.1249999999999998,1.125,2.125,5.125000000000001,5,2,1.2
5,4,4,4,56,0.125,0,0.0,2.0,0.5,5.999999999999999,7,1,1.0
5,5,6,3,55,0.140625,3,1.1249999999999998,1.125,2.125,7.125,5,2,1.6
5,6,4,6,54,0.15625,-2,1.0,0.5,3.0,8.5,8,3,1.75
5,7,7,4,53,0.171875,3,1.1249999999999998,0.125,2.125,10.125,7,3,1.4285714285714286
5,8,6,6,52,0.1875,0,1.375,1.125,4.375,10.375000000000002,11,2,1.2727272727272727
5,9,8,5,51,0.203125,3,1.1249999999999998,0.125,2.125,11.125,8,3,2.0
5,10,6,8,50,0.21875,-2,0.37499999999999994,0.125,4.375,12.375,8,2,1.75
5,11,9,6,49,0.234375,3,1.4999999999999998,0.25,2.5,12.500000000000002,10,3,1.9
5,12,6,10,48,0.25,-4,1.375,1.625,1.375,12.875,12,4,2.0
5,13,8,9,47,0.265625,-1,1.4999999999999998,0.25,2.5,13.5,11,3,1.7272727272727273
5,14,6,12,46,0.28125,-6,4.875000000000001,0.625,4.875,15.375000000000002,11,6,2.6363636363636362
5,15,10,9,45,0.296875,1,0.7499999999999999,2.5,2.75,16.249999999999996,9,2,1.4444444444444444
5,16,8,12,44,0.3125,-4,2.3749999999999996,0.125,3.375,17.374999999999996,14,4,2.0
5,17,10,11,43,0.328125,-1,2.5000000000000004,0.25,3.5,17.5,12,4,2.25
5,18,9,13,42,0.34375,-4,2.625,1.375,2.625,17.625,11,4,2.1818181818181817
5,19,11,12,41,0.359375,-1,2.75,0.5,3.75,17.75,12,4,2.25
5,20,10,14,40,0.375,-4,2.875,0.625,3.875,17.875,11,4,2.090909090909091
5,21,12,13,39,0.390625,-1,1.7500000000000002,1.0,2.25,18.249999999999996,11,4,2.3636363636363638
5,22,11,15,38,0.40625,-4,2.125,0.875,1.625,18.625,13,4,1.7692307692307692
5,23,13,14,37,0.421875,-1,2.0000000000000004,1.75,2.0,19.000000000000004,10,5,2.7
5,24,12,16,36,0.4375,-4,1.6249999999999998,1.875,3.125,19.624999999999996,12,4,1.8333333333333333
5,25,14,15,35,0.453125,-1,1.7500000000000002,3.0,1.75,20.25,10,6,3.1
5,26,12,18,34,0.46875,-6,2.125,1.875,4.125,20.625,11,4,1.9090909090909092
5,27,14,17,33,0.484375,-3,1.4999999999999998,1.75,3.0,21.5,11,7,3.727272727272727
5,28,13,19,32,0.5,-6,2.3749999999999996,1.625,5.375,22.375000000000004,11,5,2.090909090909091
5,29,17,16,31,0.515625,1,6.125,3.625,7.125,24.124999999999996,11,7,3.5454545454545454
5,30,16,18,30,0.53125,-2,5.000000000000001,3.0,6.0,25.499999999999996,11,3,1.8181818181818181
5,31,20,15,29,0.546875,5,14.125,1.625,5.125,27.125000000000004,11,8,4.0
5,32,15,21,28,0.5625,-6,4.750000000000001,5.75,5.75,27.749999999999996,14,3,1.3571428571428572
5,33,18,19,27,0.578125,-1,6.875,1.875,6.375,28.875,12,5,2.75
5,34,16,22,26,0.59375,-6,5.999999999999999,1.5,8.0,30.0,14,4,2.142857142857143
5,35,18,21,25,0.609375,-3,6.374999999999999,1.375,8.375,31.375,13,5,2.923076923076923
5,36,17,23,24,0.625,-6,4.750000000000001,2.75,6.75,33.25000000000001,12,5,2.75
5,37,20,21,23,0.640625,-1,8.875,4.375,5.875,34.87499999999999,14,5,3.2142857142857144
5,38,15,27,22,0.65625,-12,4.25,2.75,3.75,36.25,11,6,2.909090909090909
5,39,17,26,21,0.671875,-9,4.125000000000001,5.625,4.125,37.12500000000001,10,5,3.4
5,40,15,29,20,0.6875,-14,4.750000000000001,3.25,3.25,38.75,9,6,3.2222222222222223
5,41,18,27,19,0.703125,-9,3.875,7.375,4.875,39.87500000000001,9,7,2.6666666666666665
5,42,11,35,18,0.71875,-24,13.25,2.75,10.25,41.75,8,5,2.875
5,43,15,32,17,0.734375,-17,7.625000000000001,3.125,10.625,43.625,5,6,3.8
5,44,14,34,16,0.75,-20,9.75,2.75,7.75,44.25,7,5,2.857142857142857
5,45,20,29,15,0.765625,-9,10.125,2.625,11.125,45.625,4,4,3.25
5,46,19,31,14,0.78125,-12,13.75,2.75,9.75,47.25,9,4,2.6666666666666665
5,47,22,29,13,0.796875,-7,10.000000000000002,2.75,14.0,47.5,4,4,3.75
5,48,19,33,12,0.8125,-14,10.25,2.75,14.25,47.75,8,4,2.875
5,49,21,32,11,0.828125,-11,9.625,3.125,14.625,48.625,2,4,4.0
5,50,17,37,10,0.84375,-20,11.0,7.5,13.0,50.5,8,8,3.375
5,51,26,29,9,0.859375,-3,4.750000000000001,7.5,11.75,51.25,1,1,1.0
5,52,25,31,8,0.875,-6,7.5,7.5,10.5,51.99999999999999,7,5,3.5714285714285716
5,53,31,26,7,0.890625,5,8.75,7.5,10.75,53.24999999999999,2,1,1.0
5,54,30,28,6,0.90625,2,7.375,7.125,10.375,54.37499999999999,5,4,3.0
5,55,33,26,5,0.921875,7,5.749999999999999,5.0,11.25,55.75,2,1,1.0
5,56,32,28,4,0.9375,4,7.5,4.5,13.0,57.0,4,5,3.5
5,57,37,24,3,0.953125,13,6.625000000000001,3.125,18.625,58.62500000000001,1,1,1.0
5,58,36,26,2,0.96875,10,5.375,3.125,17.375,60.37500000000001,2,6,5.5
5,59,42,21,1,0.984375,21,10.749999999999998,2.5,8.75,62.24999999999999,0,0,0.0
5,60,42,21,1,0.984375,21,10.749999999999998,2.5,8.75,62.24999999999999,1,6,6.0
5,61,49,15,0,1.0,34,27.0,2.0,3.0,64.0,0,0,0.0
6,0,2,2,60,0.0625,0,0.0,0.0,4.0,4.0,4,1,1.0
6,1,4,1,59,0.078125,3,1.1249999999999998,0.125,1.125,4.125000000000001,3,1,1.0
6,2,3,3,58,0.09375,0,0.0,0.5,0.5,4.499999999999999,5,1,1.0
6,3,5,2,57,0.109375,3,1.2500000000000002,0.5,1.75,4.750000000000001,4,2,1.25
6,4,4,4,56,0.125,0,0.37499999999999994,1.125,0.375,5.375,6,1,1.0
6,5,6,3,55,0.140625,3,1.2500000000000002,2.0,1.75,6.25,6,2,1.5
6,6,5,5,54,0.15625,0,0.37499999999999994,1.125,1.375,7.375,11,2,1.2727272727272727
6,7,8,3,53,0.171875,5,4.25,2.0,0.75,8.75,5,4,1.8
6,8,7,5,52,0.1875,2,4.499999999999999,0.5,0.0,9.499999999999998,12,1,1.0
6,9,9,4,51,0.203125,5,4.125000000000001,0.125,0.125,11.125,5,4,3.2
6,10,6,8,50,0.21875,-2,0.25,1.25,1.25,11.250000000000002,9,2,1.4444444444444444
6,11,9,6,49,0.234375,3,4.125000000000001,2.125,2.125,13.124999999999998,7,4,2.7142857142857144
6,12,8,8,48,0.25,0,5.000000000000001,0.5,1.0,13.5,13,2,1.2307692307692308
6,13,10,7,47,0.265625,3,4.625,0.125,0.625,13.625,7,5,3.0
6,14,8,10,46,0.28125,-2,2.0000000000000004,0.5,2.5,14.0,13,3,1.4615384615384615
6,15,10,9,45,0.296875,1,1.6249999999999998,1.125,2.125,14.125,8,4,2.5
6,16,9,11,44,0.3125,-2,3.2499999999999996,2.25,1.75,14.749999999999998,12,3,1.5833333333333333
6,17,13,8,43,0.328125,5,4.499999999999999,0.25,1.0,16.0,8,5,2.75
6,18,11,11,42,0.34375,0,5.125000000000001,0.875,0.625,16.125,16,3,1.625
6,19,13,10,41,0.359375,3,5.5,2.25,0.5,16.500000000000004,7,6,4.285714285714286
6,20,10,14,40,0.375,-4,5.125000000000001,1.875,3.625,17.125,18,4,1.4444444444444444
6,21,12,13,39,0.390625,-1,4.0,1.75,5.0,17.5,6,6,3.3333333333333335
6,22,10,16,38,0.40625,-6,4.750000000000001,1.75,5.75,19.250000000000004,13,4,2.230769230769231
6,23,12,15,37,0.421875,-3,5.375,2.375,5.375,19.375,4,4,2.5
6,24,11,17,36,0.4375,-6,7.749999999999999,3.75,3.75,20.25,13,5,2.6923076923076925
6,25,16,13,35,0.453125,3,3.1250000000000004,4.125,1.625,21.125,4,3,2.0
6,26,15,15,34,0.46875,0,4.375,4.125,2.875,21.375,18,5,2.1666666666666665
6,27,17,14,33,0.484375,3,5.5,2.25,3.5,22.0,4,5,3.75
6,28,12,20,32,0.5,-8,11.125,5.875,2.625,22.624999999999996,16,5,2.5
6,29,15,18,31,0.515625,-3,12.999999999999998,3.25,2.5,22.999999999999996,3,5,2.3333333333333335
6,30,14,20,30,0.53125,-6,16.625,3.875,2.125,24.124999999999996,16,7,3.5625
6,31,19,16,29,0.546875,3,7.249999999999999,5.5,2.25,25.25,3,6,3.0
6,32,18,18,28,0.5625,0,5.875000000000001,6.625,2.875,25.874999999999996,15,7,3.066666666666667
6,33,26,11,27,0.578125,15,6.75,0.5,2.75,26.750000000000004,4,8,3.5
6,34,25,13,26,0.59375,12,5.125000000000001,1.875,4.125,27.625000000000004,14,4,2.2857142857142856
6,35,27,12,25,0.609375,15,7.249999999999999,1.0,3.25,28.749999999999996,4,8,3.75
6,36,25,15,24,0.625,10,5.125000000000001,3.875,3.625,30.125,12,6,2.5833333333333335
6,37,27,14,23,0.640625,13,6.25,2.0,5.75,31.250000000000004,3,8,4.666666666666667
6,38,24,18,22,0.65625,6,2.125,4.375,4.125,32.125,11,5,2.5454545454545454
6,39,27,16,21,0.671875,11,4.499999999999999,3.75,3.0,33.5,1,6,6.0
6,40,21,23,20,0.6875,-2,4.25,4.75,6.75,34.25,8,4,2.375
6,41,25,20,19,0.703125,5,5.125000000000001,4.125,8.125,35.62500000000001,6,6,3.8333333333333335
6,42,21,25,18,0.71875,-4,3.7500000000000004,4.25,10.25,36.75,7,4,2.2857142857142856
6,43,23,24,17,0.734375,-1,4.375,3.875,10.375,38.37499999999999,6,6,3.0
6,44,20,28,16,0.75,-8,4.25,3.75,15.75,39.75,9,4,1.8888888888888888
6,45,22,27,15,0.765625,-5,4.625,2.125,14.625,41.125,6,4,2.3333333333333335
6,46,21,29,14,0.78125,-8,5.25,2.75,16.75,42.75,8,4,2.0
6,47,26,25,13,0.796875,1,1.375,4.875,15.375,44.37500000000001,1,3,3.0
6,48,23,29,12,0.8125,-6,6.499999999999999,4.5,8.0,46.0,6,5,3.3333333333333335
6,49,27,26,11,0.828125,1,7.125,5.125,10.125,47.62499999999999,2,1,1.0
6,50,26,28,10,0.84375,-2,5.999999999999999,10.0,10.0,49.5,5,6,3.0
6,51,31,24,9,0.859375,7,2.3749999999999996,9.375,6.375,51.37499999999999,2,3,2.5
6,52,28,28,8,0.875,0,4.25,10.25,4.25,53.24999999999999,5,9,3.8
6,53,38,19,7,0.890625,19,9.625,3.625,8.625,55.12499999999999,3,7,4.0
6,54,34,24,6,0.90625,10,4.499999999999999,2.5,7.5,57.0,2,3,2.5
6,55,37,22,5,0.921875,15,8.75,2.5,5.75,57.25000000000001,2,2,1.5
6,56,35,25,4,0.9375,10,5.999999999999999,6.5,4.0,58.50000000000001,2,6,3.5
6,57,37,24,3,0.953125,13,8.75,6.5,3.75,59.25,1,1,1.0
6,58,36,26,2,0.96875,10,4.499999999999999,6.5,5.5,60.99999999999999,1,9,9.0
6,59,46,17,1,0.984375,29,20.75,12.5,2.75,62.24999999999999,0,0,0.0
6,60,46,17,1,0.984375,29,20.75,12.5,2.75,62.24999999999999,1,6,6.0
6,61,53,11,0,1.0,42,40.5,6.5,2.5,64.0,0,0,0.0
7,0,2,2,60,0.0625,0,0.0,0.0,4.0,4.0,4,1,1.0
7,1,4,1,59,0.078125,3,1.1249999999999998,0.125,1.125,4.125000000000001,3,1,1.0
7,2,3,3,58,0.09375,0,0.0,0.5,0.5,4.499999999999999,5,1,1.0
7,3,5,2,57,0.109375,3,1.1249999999999998,1.125,1.125,5.125000000000001,4,2,1.25
7,4,3,5,56,0.125,-2,1.0,0.5,1.5,5.999999999999999,5,2,1.4
7,5,5,4,55,0.140625,1,1.6249999999999998,0.125,1.125,6.125,8,3,1.375
7,6,4,6,54,0.15625,-2,1.0,1.0,2.0,6.499999999999999,5,3,1.6
7,7,6,5,53,0.171875,1,0.12500000000000003,1.625,0.625,7.625000000000001,6,2,1.1666666666666667
7,8,5,7,52,0.1875,-2,1.375,1.625,1.875,7.875,6,3,1.6666666666666667
7,9,7,6,51,0.203125,1,1.4999999999999998,1.75,2.0,8.000000000000002,8,3,1.375
7,10,5,9,50,0.21875,-4,4.625,4.375,0.625,8.625,4,2,1.75
7,11,7,8,49,0.234375,-1,4.499999999999999,1.75,0.5,9.499999999999998,6,3,1.5
7,12,6,10,48,0.25,-4,4.375,3.625,0.875,9.875,4,2,2.0
7,13,9,8,47,0.265625,1,1.4999999999999998,1.75,3.5,10.5,10,3,1.3
7,14,8,10,46,0.28125,-2,4.375,1.125,3.375,11.875,7,4,2.0
7,15,11,8,45,0.296875,3,7.125,1.125,1.125,12.625,14,3,1.4285714285714286
7,16,10,10,44,0.3125,0,5.749999999999999,3.25,1.75,13.75,10,4,2.4
7,17,13,8,43,0.328125,5,2.3749999999999996,4.375,2.375,15.375000000000002,13,3,1.7692307692307692
7,18,12,10,42,0.34375,2,1.7500000000000002,3.75,3.75,16.75,14,4,1.8571428571428572
7,19,15,8,41,0.359375,7,6.625000000000001,2.625,4.625,18.625,12,5,2.5
7,20,13,11,40,0.375,2,2.875,2.625,9.875,19.874999999999996,14,4,2.0714285714285716
7,21,16,9,39,0.390625,7,5.749999999999999,1.0,5.75,20.75,16,4,2.1875
7,22,14,12,38,0.40625,2,1.4999999999999998,1.0,5.5,22.5,18,6,2.1666666666666665
7,23,16,11,37,0.421875,5,1.1249999999999998,0.625,5.125,22.624999999999996,18,5,2.2777777777777777
7,24,14,14,36,0.4375,0,1.2500000000000002,0.75,7.25,22.75,16,6,2.5
7,25,18,11,35,0.453125,7,1.6249999999999998,1.125,7.125,23.124999999999996,14,5,2.2142857142857144
7,26,15,15,34,0.46875,0,4.25,3.75,3.75,24.75,15,6,3.4
7,27,17,14,33,0.484375,3,3.375,6.375,1.875,25.874999999999996,15,4,2.1333333333333333
7,28,15,17,32,0.5,-2,5.25,4.25,2.25,27.250000000000004,14,7,3.642857142857143
7,29,18,15,31,0.515625,3,5.125000000000001,1.625,3.625,27.625000000000004,16,4,1.6875
7,30,17,17,30,0.53125,0,3.7500000000000004,3.25,2.75,28.250000000000004,12,6,3.75
7,31,22,13,29,0.546875,9,7.625000000000001,1.125,1.625,29.124999999999996,13,5,2.230769230769231
7,32,21,15,28,0.5625,6,4.750000000000001,1.25,2.75,30.25,12,8,3.5833333333333335
7,33,25,12,27,0.578125,13,6.125,4.125,2.625,31.625,11,5,2.727272727272727
7,34,23,15,26,0.59375,8,6.25,8.25,1.75,31.749999999999996,13,5,2.076923076923077
7,35,25,14,25,0.609375,11,7.375,6.875,1.375,32.375,10,4,2.9
7,36,21,19,24,0.625,2,4.750000000000001,12.25,1.25,32.75,10,5,2.2
7,37,24,17,23,0.640625,7,5.875000000000001,9.375,1.875,34.37500000000001,13,6,3.076923076923077
7,38,22,20,22,0.65625,2,6.25,12.75,3.25,36.25,8,6,2.625
7,39,25,18,21,0.671875,7,8.125,8.125,3.625,37.12500000000001,14,6,2.7857142857142856
7,40,24,20,20,0.6875,4,5.749999999999999,11.25,2.75,38.75,6,6,2.8333333333333335
7,41,29,16,19,0.703125,13,9.875,2.875,3.375,39.87500000000001,12,6,2.6666666666666665
7,42,28,18,18,0.71875,10,8.75,4.75,3.25,41.75,5,4,2.4
7,43,32,15,17,0.734375,17,14.125,5.125,2.625,43.12500000000001,12,4,2.3333333333333335
7,44,30,18,16,0.75,12,9.249999999999998,3.25,4.75,44.75,4,5,2.5
7,45,36,13,15,0.765625,23,16.500000000000004,3.25,4.0,45.00000000000001,10,7,3.0
7,46,35,15,14,0.78125,20,14.625000000000002,2.375,3.625,45.625,3,2,1.3333333333333333
7,47,37,14,13,0.796875,23,16.500000000000004,2.75,4.5,46.49999999999999,8,6,3.375
7,48,35,17,12,0.8125,18,13.375,1.625,4.375,48.375,2,1,1.0
7,49,37,16,11,0.828125,21,13.5,2.25,2.5,49.5,7,8,3.857142857142857
7,50,34,20,10,0.84375,14,10.875,2.625,7.875,50.875,3,1,1.0
7,51,36,19,9,0.859375,17,10.625000000000002,2.125,7.625,51.12499999999999,6,8,3.5
7,52,35,21,8,0.875,14,8.875,2.625,9.875,51.875,1,1,1.0
7,53,37,20,7,0.890625,17,11.250000000000002,3.0,7.25,53.75,5,8,5.4
7,54,32,26,6,0.90625,6,11.999999999999998,3.0,8.0,54.5,0,0,0.0
7,55,32,26,6,0.90625,6,11.999999999999998,3.0,8.0,54.5,4,7,4.75
7,56,27,32,5,0.921875,-5,9.625,0.625,5.625,56.125,1,1,1.0
7,57,29,31,4,0.9375,-2,10.375000000000002,0.125,8.375,57.37499999999999,3,7,3.3333333333333335
7,58,27,34,3,0.953125,-7,13.625,0.125,3.625,58.62500000000001,0,0,0.0
7,59,27,34,3,0.953125,-7,13.625,0.125,3.625,58.62500000000001,2,7,4.0
7,60,20,42,2,0.96875,-22,15.375000000000002,1.125,1.375,60.37500000000001,1,3,3.0
7,61,24,39,1,0.984375,-15,10.25,3.0,4.25,62.24999999999999,0,0,0.0
8,0,2,2,60,0.0625,0,0.0,0.0,4.0,4.0,4,1,1.0
8,1,4,1,59,0.078125,3,1.1249999999999998,0.125,1.125,4.125000000000001,3,1,1.0
8,2,3,3,58,0.09375,0,0.0,0.5,0.5,4.499999999999999,5,1,1.0
8,3,5,2,57,0.109375,3,1.2500000000000002,0.5,1.75,4.750000000000001,4,2,1.25
8,4,4,4,56,0.125,0,0.37499999999999994,1.125,0.375,5.375,6,1,1.0
8,5,6,3,55,0.140625,3,2.125,1.125,1.125,6.125,6,2,1.3333333333333333
8,6,4,6,54,0.15625,-2,2.5000000000000004,0.5,1.5,7.000000000000001,7,2,1.5714285714285714
8,7,6,5,53,0.171875,1,2.125,0.125,1.125,8.125,10,2,1.2
8,8,5,7,52,0.1875,-2,5.000000000000001,0.5,0.5,9.499999999999998,9,3,2.3333333333333335
8,9,7,6,51,0.203125,1,5.625,0.125,0.125,9.625,12,1,1.0
8,10,6,8,50,0.21875,-2,5.25,0.75,0.75,9.75,7,3,2.2857142857142856
8,11,10,5,49,0.234375,5,2.9999999999999996,0.25,4.5,11.0,9,2,1.3333333333333333
8,12,9,7,48,0.25,2,3.6250000000000004,0.375,1.625,12.625,9,4,2.2222222222222223
8,13,13,4,47,0.265625,9,5.000000000000001,1.25,2.0,12.999999999999998,7,4,1.8571428571428572
8,14,11,7,46,0.28125,4,2.625,0.375,0.625,13.625,9,2,1.5555555555555556
8,15,13,6,45,0.296875,7,4.0,1.25,0.5,14.500000000000002,11,4,1.9090909090909092
8,16,11,9,44,0.3125,2,3.6250000000000004,3.375,2.625,15.625,14,4,1.9285714285714286
8,17,16,5,43,0.328125,11,5.749999999999999,1.5,1.75,15.750000000000002,9,5,1.8888888888888888
8,18,14,8,42,0.34375,6,3.1250000000000004,0.875,2.125,16.125,14,3,1.7142857142857142
8,19,16,7,41,0.359375,9,3.7500000000000004,1.5,3.75,16.75,14,4,1.8571428571428572
8,20,15,9,40,0.375,6,2.125,1.375,2.625,18.125000000000004,15,3,1.7333333333333334
8,21,17,8,39,0.390625,9,4.0,1.75,3.0,18.5,13,6,2.0
8,22,16,10,38,0.40625,6,4.375,2.125,4.875,19.375,14,3,1.7857142857142858
8,23,18,9,37,0.421875,9,4.0,1.75,3.5,19.500000000000004,14,4,2.0714285714285716
8,24,14,14,36,0.4375,0,6.125,1.875,1.125,20.625,13,4,2.230769230769231
8,25,16,13,35,0.453125,3,6.499999999999999,2.75,1.5,21.0,14,4,1.5
8,26,15,15,34,0.46875,0,8.875,2.125,2.875,22.875000000000004,11,5,3.3636363636363638
8,27,19,12,33,0.484375,7,3.6250000000000004,2.125,5.625,24.625,16,4,2.0625
8,28,17,15,32,0.5,2,6.75,2.75,5.25,26.249999999999996,10,4,3.0
8,29,21,12,31,0.515625,9,3.1250000000000004,5.125,6.625,28.125000000000004,13,5,2.923076923076923
8,30,19,15,30,0.53125,4,1.7500000000000002,2.25,6.25,28.749999999999996,10,5,2.9
8,31,24,11,29,0.546875,13,6.875,1.875,4.875,29.375000000000004,14,6,2.7857142857142856
8,32,22,14,28,0.5625,8,6.25,1.75,2.25,30.750000000000004,8,5,3.25
8,33,27,10,27,0.578125,17,14.125,2.625,1.125,31.625,15,6,3.0
8,34,26,12,26,0.59375,14,10.5,3.0,2.5,32.5,9,4,2.111111111111111
8,35,29,10,25,0.609375,19,12.125,4.625,5.125,33.625,14,5,2.642857142857143
8,36,25,15,24,0.625,10,9.75,10.25,2.75,33.75,10,3,1.4
8,37,28,13,23,0.640625,15,16.375000000000004,10.875,1.375,34.87499999999999,11,6,3.272727272727273
8,38,26,16,22,0.65625,10,14.0,8.0,3.0,36.5,8,3,1.625
8,39,28,15,21,0.671875,13,13.875,5.375,4.875,37.875,10,4,3.0
8,40,26,18,20,0.6875,8,11.999999999999998,7.0,6.0,39.5,5,3,2.2
8,41,28,17,19,0.703125,11,13.25,6.0,8.25,39.75,11,6,3.4545454545454546
8,42,25,21,18,0.71875,4,8.125,4.875,7.625,41.125,4,3,2.5
8,43,29,18,17,0.734375,11,8.5,5.75,4.5,41.50000000000001,11,6,2.909090909090909
8,44,27,21,16,0.75,6,9.375,5.625,6.375,43.37500000000001,6,2,1.5
8,45,29,20,15,0.765625,9,11.250000000000002,5.5,6.25,45.25,9,6,2.7777777777777777
8,46,26,24,14,0.78125,2,12.375,6.625,6.875,46.87500000000001,5,3,2.0
8,47,30,21,13,0.796875,9,12.750000000000002,4.0,7.25,48.75,7,5,2.2857142857142856
8,48,26,26,12,0.8125,0,10.875,12.625,5.875,49.37500000000001,5,2,1.6
8,49,28,25,11,0.828125,3,10.625000000000002,12.625,4.625,50.125,7,5,3.0
8,50,24,30,10,0.84375,-6,6.875,12.625,10.875,50.375,5,3,1.6
8,51,26,29,9,0.859375,-3,7.749999999999999,12.0,10.75,51.25,5,5,3.0
8,52,21,35,8,0.875,-14,4.875000000000001,11.625,12.875,52.375,3,5,2.6666666666666665
8,53,27,30,7,0.890625,-3,4.625,3.625,12.625,53.125,4,5,2.5
8,54,24,34,6,0.90625,-10,11.875,3.625,6.875,54.37499999999999,1,1,1.0
8,55,26,33,5,0.921875,-7,12.125,2.125,5.125,56.125,5,6,2.8
8,56,25,35,4,0.9375,-10,11.5,2.0,5.0,57.5,0,0,0.0
8,57,25,35,4,0.9375,-10,11.5,2.0,5.0,57.5,4,6,4.25
8,58,20,41,3,0.953125,-21,18.625,1.625,7.625,59.12500000000001,0,0,0.0
8,59,20,41,3,0.953125,-21,18.625,1.625,7.625,59.12500000000001,3,5,3.6666666666666665
8,60,15,47,2,0.96875,-32,19.874999999999996,2.625,8.875,60.37500000000001,0,0,0.0
8,61,15,47,2,0.96875,-32,19.874999999999996,2.625,8.875,60.37500000000001,2,5,3.0
8,62,14,49,1,0.984375,-35,23.625,2.625,6.625,62.12499999999999,1,1,1.0
8,63,16,48,0,1.0,-32,20.000000000000004,2.0,8.0,64.0,0,0,0.0
9,0,2,2,60,0.0625,0,0.0,0.0,4.0,4.0,4,1,1.0
9,1,4,1,59,0.078125,3,1.1249999999999998,0.125,1.125,4.125000000000001,3,1,1.0
9,2,3,3,58,0.09375,0,0.0,0.5,0.5,4.499999999999999,5,1,1.0
9,3,5,2,57,0.109375,3,1.2500000000000002,0.5,1.75,4.750000000000001,4,2,1.25
9,4,4,4,56,0.125,0,0.37499999999999994,1.125,0.375,5.375,6,1,1.0
9,5,6,3,55,0.140625,3,1.2500000000000002,2.0,1.75,6.25,6,2,1.5
9,6,5,5,54,0.15625,0,0.37499999999999994,1.125,1.375,7.375,11,2,1.2727272727272727
9,7,7,4,53,0.171875,3,2.125,1.125,3.125,8.125,7,3,1.8571428571428572
9,8,6,6,52,0.1875,0,0.37499999999999994,1.125,7.375,9.375,11,2,1.4545454545454546
9,9,9,4,51,0.203125,5,1.4999999999999998,3.25,3.5,9.499999999999998,7,3,1.8571428571428572
9,10,7,7,50,0.21875,0,0.6250000000000001,1.375,3.625,9.625,10,2,1.6
9,11,10,5,49,0.234375,5,4.499999999999999,0.75,4.5,11.0,9,4,1.7777777777777777
9,12,9,7,48,0.25,2,4.875000000000001,1.125,2.375,11.375,11,2,1.4545454545454546
9,13,12,5,47,0.265625,7,5.000000000000001,3.25,1.0,11.999999999999998,8,4,1.875
9,14,11,7,46,0.28125,4,4.625,4.375,1.625,13.625,11,3,1.4545454545454546
9,15,15,4,45,0.296875,11,8.000000000000002,1.25,2.0,14.0,7,3,2.0
9,16,14,6,44,0.3125,8,5.375,1.625,1.375,15.875000000000002,13,2,1.2307692307692308
9,17,16,5,43,0.328125,11,7.625000000000001,3.125,1.625,17.625,9,4,2.6666666666666665
9,18,15,7,42,0.34375,8,5.749999999999999,1.75,2.75,18.249999999999996,15,3,1.3333333333333333
9,19,17,6,41,0.359375,11,7.125,4.125,2.625,19.124999999999996,9,6,3.4444444444444446
9,20,15,9,40,0.375,6,2.75,1.75,4.75,20.25,14,3,1.5714285714285714
9,21,17,8,39,0.390625,9,4.625,3.125,5.125,21.125,12,7,3.5
9,22,15,11,38,0.40625,4,1.7500000000000002,1.75,5.75,22.249999999999996,18,5,2.111111111111111
9,23,17,10,37,0.421875,7,2.875,1.875,3.875,22.375000000000004,13,6,3.0
9,24,15,13,36,0.4375,2,1.2500000000000002,1.25,2.75,22.75,17,5,2.0
9,25,17,12,35,0.453125,5,1.375,3.375,1.875,22.875000000000004,15,7,2.7333333333333334
9,26,16,14,34,0.46875,2,0.25,3.25,0.75,24.249999999999996,16,6,2.5
9,27,19,12,33,0.484375,7,1.6249999999999998,4.625,0.625,24.625,10,5,2.5
9,28,18,14,32,0.5,4,0.7499999999999999,3.75,0.25,25.25,16,7,2.625
9,29,20,13,31,0.515625,7,1.875,4.875,0.875,25.874999999999996,9,5,2.6666666666666665
9,30,19,15,30,0.53125,4,0.7499999999999999,3.75,0.75,26.750000000000004,15,6,2.466666666666667
9,31,21,14,29,0.546875,7,2.125,1.625,1.625,27.625000000000004,10,5,3.0
9,32,17,19,28,0.5625,-2,7.249999999999999,2.75,3.75,29.250000000000004,11,6,3.1818181818181817
9,33,19,18,27,0.578125,1,8.375,1.875,2.875,30.374999999999996,9,4,1.8888888888888888
9,34,18,20,26,0.59375,-2,7.000000000000001,3.0,4.0,31.5,10,6,3.4
9,35,24,15,25,0.609375,9,3.375,3.875,6.375,32.875,7,6,2.4285714285714284
9,36,22,18,24,0.625,4,1.1249999999999998,5.375,4.125,33.125,13,6,2.6153846153846154
9,37,27,14,23,0.640625,13,7.000000000000001,3.25,1.5,34.5,7,7,4.428571428571429
9,38,23,19,22,0.65625,4,6.625000000000001,6.875,1.125,34.625,12,6,2.25
9,39,25,18,21,0.671875,7,9.0,6.25,0.5,36.5,8,7,4.375
9,40,21,23,20,0.6875,-2,4.875000000000001,3.625,4.375,36.87499999999999,12,4,2.5833333333333335
9,41,25,20,19,0.703125,5,9.249999999999998,5.0,3.25,38.24999999999999,10,7,3.1
9,42,24,22,18,0.71875,2,10.375000000000002,3.625,2.375,38.875,11,4,2.6363636363636362
9,43,27,20,17,0.734375,7,13.5,5.25,4.5,40.5,9,9,4.0
9,44,25,23,16,0.75,2,9.125,8.875,3.625,42.12500000000001,7,5,3.142857142857143
9,45,28,21,15,0.765625,7,12.375,8.875,2.875,42.37499999999999,5,10,4.8
9,46,23,27,14,0.78125,-4,11.250000000000002,7.25,10.25,43.25,6,5,3.6666666666666665
9,47,29,22,13,0.796875,7,10.875,6.375,2.375,44.37500000000001,5,8,4.6
9,48,27,25,12,0.8125,2,8.5,9.0,4.5,46.0,5,4,2.8
9,49,32,21,11,0.828125,11,12.875,3.375,3.875,47.875,6,8,4.333333333333333
9,50,30,24,10,0.84375,6,9.249999999999998,5.75,6.25,49.75,3,4,2.6666666666666665
9,51,35,20,9,0.859375,15,9.125,3.125,9.125,51.12499999999999,5,8,4.4
9,52,34,22,8,0.875,12,7.875,3.125,8.875,51.875,4,3,1.75
9,53,36,21,7,0.890625,15,9.75,3.0,10.75,53.75,4,6,4.5
9,54,31,27,6,0.90625,4,7.375,2.125,3.375,55.37499999999999,4,2,1.5
9,55,33,26,5,0.921875,7,9.125,2.125,2.125,56.125,3,5,3.0
9,56,28,32,4,0.9375,-4,12.999999999999998,7.0,3.0,58.00000000000001,3,6,3.0
9,57,35,26,3,0.953125,9,8.25,25.0,3.25,59.25,2,3,2.0
9,58,34,28,2,0.96875,6,7.5,25.0,5.5,60.49999999999999,2,6,3.5
9,59,41,22,1,0.984375,19,15.249999999999998,7.0,5.25,62.24999999999999,1,3,3.0
9,60,38,26,0,1.0,12,18.5,7.5,4.5,64.0,0,0,0.0
10,0,2,2,60,0.0625,0,0.0,0.0,4.0,4.0,4,1,1.0
10,1,4,1,59,0.078125,3,1.1249999999999998,0.125,1.125,4.125000000000001,3,1,1.0
10,2,3,3,58,0.09375,0,0.37499999999999994,0.125,4.375,4.375,4,1,1.0
10,3,5,2,57,0.109375,3,1.7500000000000002,0.0,1.75,4.750000000000001,2,2,2.0
10,4,3,5,56,0.125,-2,0.37499999999999994,1.125,0.375,5.375,9,1,1.0
10,5,5,4,55,0.140625,1,1.1249999999999998,1.125,1.125,6.125,7,3,1.7142857142857142
10,6,3,7,54,0.15625,-4,2.0000000000000004,0.0,0.0,7.000000000000001,6,2,1.5
10,7,5,6,53,0.171875,-1,3.2499999999999996,0.0,1.25,8.25,6,3,1.8333333333333333
10,8,4,8,52,0.1875,-4,3.375,0.125,0.375,9.375,8,3,1.625
10,9,6,7,51,0.203125,-1,1.4999999999999998,0.25,0.5,9.499999999999998,7,2,1.7142857142857142
10,10,5,9,50,0.21875,-4,3.6250000000000004,0.375,0.625,9.625,9,4,1.7777777777777777
10,11,8,7,49,0.234375,1,2.9999999999999996,1.25,2.5,10.000000000000002,13,3,1.4615384615384615
10,12,6,10,48,0.25,-4,3.875,2.125,1.875,11.375,13,6,2.1538461538461537
10,13,8,9,47,0.265625,-1,2.0000000000000004,3.25,0.5,12.999999999999998,13,3,1.3076923076923077
10,14,7,11,46,0.28125,-4,1.6249999999999998,4.375,0.625,13.625,14,4,2.5
10,15,11,8,45,0.296875,3,2.5000000000000004,1.75,1.0,14.0,13,2,1.6153846153846154
10,16,10,10,44,0.3125,0,0.875,1.125,3.375,14.875,14,4,1.8571428571428572
10,17,12,9,43,0.328125,3,2.9999999999999996,1.75,1.0,15.5,14,5,2.0
10,18,10,12,42,0.34375,-2,1.375,2.125,3.375,17.374999999999996,15,5,2.2
10,19,13,10,41,0.359375,3,0.5000000000000001,4.25,2.5,18.5,14,5,2.142857142857143
10,20,10,14,40,0.375,-4,2.625,2.375,4.625,18.625,13,5,2.769230769230769
10,21,13,12,39,0.390625,1,1.4999999999999998,5.75,7.5,19.500000000000004,13,4,2.3076923076923075
10,22,11,15,38,0.40625,-4,2.625,6.375,2.625,20.625,15,5,2.8
10,23,15,12,37,0.421875,3,1.4999999999999998,4.75,1.5,21.0,13,5,2.3846153846153846
10,24,12,16,36,0.4375,-4,2.125,7.375,2.125,21.125,13,7,2.769230769230769
10,25,15,14,35,0.453125,1,3.2499999999999996,6.0,2.25,21.750000000000004,13,5,2.3076923076923075
10,26,14,16,34,0.46875,-2,3.375,5.125,3.375,21.875000000000004,9,6,3.3333333333333335
10,27,16,15,33,0.484375,1,3.2499999999999996,3.5,2.75,23.25,15,4,2.0
10,28,15,17,32,0.5,-2,3.375,5.125,3.375,24.875,10,6,3.3
10,29,18,15,31,0.515625,3,2.75,7.5,4.25,26.249999999999996,16,6,2.25
10,30,17,17,30,0.53125,0,2.9999999999999996,6.0,2.5,28.000000000000004,9,7,3.2222222222222223
10,31,20,15,29,0.546875,5,4.625,4.625,5.625,29.624999999999996,17,6,2.5294117647058822
10,32,19,17,28,0.5625,2,5.000000000000001,2.5,6.5,30.0,10,7,2.6
10,33,21,16,27,0.578125,5,4.625,1.625,8.625,30.624999999999996,17,6,2.764705882352941
10,34,16,22,26,0.59375,-6,4.499999999999999,4.5,4.0,30.999999999999996,10,6,2.6
10,35,18,21,25,0.609375,-3,4.875000000000001,4.375,1.875,31.874999999999996,16,6,2.4375
10,36,17,23,24,0.625,-6,4.499999999999999,2.5,2.0,33.0,7,6,3.0
10,37,21,20,23,0.640625,1,5.875000000000001,1.875,3.375,34.87499999999999,13,7,2.6923076923076925
10,38,20,22,22,0.65625,-2,6.25,3.25,5.25,36.25,7,4,2.0
10,39,24,19,21,0.671875,5,12.125,5.125,5.125,38.12499999999999,11,9,4.090909090909091
10,40,23,21,20,0.6875,2,13.75,3.75,3.25,39.75,6,5,1.8333333333333333
10,41,29,16,19,0.703125,13,23.500000000000004,3.25,5.0,40.00000000000001,10,9,4.0
10,42,25,21,18,0.71875,4,15.375000000000002,6.625,5.875,40.87499999999999,5,2,1.4
10,43,28,19,17,0.734375,9,17.0,5.75,5.5,42.0,12,7,3.5
10,44,24,24,16,0.75,0,23.124999999999996,8.875,3.125,42.62500000000001,5,2,1.2
10,45,26,23,15,0.765625,3,22.999999999999996,12.25,2.0,43.5,12,8,4.0
10,46,18,32,14,0.78125,-14,14.375,9.625,5.875,44.875,5,6,2.4
10,47,22,29,13,0.796875,-7,19.124999999999996,8.625,5.625,45.625,11,6,3.0
10,48,20,32,12,0.8125,-12,20.75,4.75,11.25,46.75,3,6,3.0
10,49,22,31,11,0.828125,-9,21.5,4.25,15.0,47.99999999999999,10,7,3.5
10,50,20,34,10,0.84375,-14,16.75,4.25,18.25,48.24999999999999,2,8,5.0
10,51,29,26,9,0.859375,3,10.625000000000002,13.625,7.125,49.62500000000001,8,9,4.125
10,52,27,29,8,0.875,-2,8.375,13.625,5.875,50.375,2,2,1.5
10,53,29,28,7,0.890625,1,10.000000000000002,14.75,6.5,51.99999999999999,6,9,4.5
10,54,25,33,6,0.90625,-8,6.875,14.625,4.375,53.875,3,2,2.0
10,55,28,31,5,0.921875,-3,9.0,13.75,5.0,55.5,4,9,5.0
10,56,22,38,4,0.9375,-16,8.875,10.625,6.875,57.37499999999999,1,6,6.0
10,57,29,32,3,0.953125,-3,14.625000000000002,15.625,2.625,59.12500000000001,3,9,6.666666666666667
10,58,23,39,2,0.96875,-16,11.875,15.625,6.875,60.37500000000001,0,0,0.0
10,59,23,39,2,0.96875,-16,11.875,15.625,6.875,60.37500000000001,2,9,6.5
10,60,14,49,1,0.984375,-35,37.625,10.625,1.625,62.12499999999999,1,1,1.0
10,61,16,48,0,1.0,-32,33.0,11.0,3.0,64.0,0,0,0.0
11,0,2,2,60,0.0625,0,0.0,0.0,4.0,4.0,4,1,1.0
11,1,4,1,59,0.078125,3,1.1249999999999998,0.125,1.125,4.125000000000001,3,1,1.0
11,2,3,3,58,0.09375,0,0.0,0.0,0.5,4.499999999999999,5,2,1.4
11,3,5,2,57,0.109375,3,1.1249999999999998,0.125,1.125,5.125000000000001,4,2,1.5
11,4,4,4,56,0.125,0,1.2500000000000002,0.25,2.25,5.25,7,1,1.0
11,5,6,3,55,0.140625,3,1.375,0.375,1.375,5.375,3,2,2.0
11,6,4,6,54,0.15625,-2,0.6250000000000001,1.375,4.625,5.625,9,3,1.2222222222222223
11,7,6,5,53,0.171875,1,1.4999999999999998,2.25,1.5,6.499999999999999,6,3,2.1666666666666665
11,8,4,8,52,0.1875,-4,1.6249999999999998,3.375,1.625,7.625000000000001,9,3,1.4444444444444444
11,9,6,7,51,0.203125,-1,0.37499999999999994,3.375,5.375,8.375,7,3,1.8571428571428572
11,10,3,11,50,0.21875,-8,2.5000000000000004,1.5,2.5,8.5,7,3,1.7142857142857142
11,11,6,9,49,0.234375,-3,0.37499999999999994,0.875,6.875,8.875,9,1,1.0
11,12,5,11,48,0.25,-6,1.7500000000000002,1.75,5.75,9.249999999999998,9,3,1.8888888888888888
11,13,8,9,47,0.265625,-1,3.1250000000000004,2.625,2.125,10.625000000000002,12,4,1.8333333333333333
11,14,7,11,46,0.28125,-4,2.75,2.75,3.25,11.250000000000002,10,5,2.3
11,15,10,9,45,0.296875,1,1.1249999999999998,1.625,6.125,11.624999999999998,9,4,2.2222222222222223
11,16,9,11,44,0.3125,-2,2.0000000000000004,1.5,4.0,12.500000000000002,11,6,2.090909090909091
11,17,11,10,43,0.328125,1,1.6249999999999998,3.125,3.625,12.625,8,4,2.25
11,18,10,12,42,0.34375,-2,2.25,1.25,4.75,13.25,9,6,2.2222222222222223
11,19,13,10,41,0.359375,3,1.375,3.875,3.375,13.875,8,5,2.75
11,20,11,13,40,0.375,-2,1.6249999999999998,3.875,4.625,15.124999999999998,8,4,2.25
11,21,14,11,39,0.390625,3,2.9999999999999996,2.75,3.0,15.5,8,4,2.125
11,22,12,14,38,0.40625,-2,1.6249999999999998,4.375,2.625,15.625,8,3,2.125
11,23,14,13,37,0.421875,1,2.0000000000000004,2.75,4.0,16.500000000000004,8,5,2.375
11,24,13,15,36,0.4375,-2,2.625,3.875,2.625,17.125,8,3,2.25
11,25,15,14,35,0.453125,1,1.7500000000000002,4.5,1.75,18.750000000000004,9,6,2.3333333333333335
11,26,14,16,34,0.46875,-2,1.6249999999999998,2.875,2.125,19.624999999999996,7,3,2.142857142857143
11,27,18,13,33,0.484375,5,4.375,3.875,3.875,21.375,9,6,2.6666666666666665
11,28,16,16,32,0.5,0,2.5000000000000004,3.5,2.5,22.5,8,3,2.125
11,29,18,15,31,0.515625,3,4.125000000000001,4.125,2.125,23.625,12,4,2.25
11,30,15,19,30,0.53125,-4,1.7500000000000002,2.75,1.75,24.75,7,4,2.5714285714285716
11,31,19,16,29,0.546875,3,8.125,3.125,2.625,26.125,9,4,2.6666666666666665
11,32,17,19,28,0.5625,-2,5.000000000000001,3.0,5.5,28.000000000000004,9,4,2.7777777777777777
11,33,20,17,27,0.578125,3,7.375,5.375,5.375,29.375000000000004,12,7,3.25
11,34,19,19,26,0.59375,0,6.25,3.25,7.25,30.25,9,4,2.4444444444444446
11,35,24,15,25,0.609375,9,12.375,3.375,5.875,31.874999999999996,13,9,3.0
11,36,20,20,24,0.625,0,8.000000000000002,3.0,2.5,33.0,4,3,2.75
11,37,24,17,23,0.640625,7,9.875,5.875,3.875,34.37500000000001,12,9,3.4166666666666665
11,38,22,20,22,0.65625,2,5.5,7.5,4.0,36.0,7,4,2.5714285714285716
11,39,26,17,21,0.671875,9,9.875,6.875,4.875,36.375,10,8,4.2
11,40,25,19,20,0.6875,6,10.625000000000002,7.375,4.625,36.625,7,4,2.5714285714285716
11,41,29,16,19,0.703125,13,16.875,3.375,2.875,36.87499999999999,11,9,5.0
11,42,28,18,18,0.71875,10,16.500000000000004,3.0,2.0,37.5,6,4,2.3333333333333335
11,43,30,17,17,0.734375,13,18.249999999999996,3.0,2.75,38.24999999999999,9,11,6.888888888888889
11,44,29,19,16,0.75,10,15.875000000000002,4.625,2.875,39.87500000000001,5,5,2.8
11,45,31,18,15,0.765625,13,17.25,4.5,2.25,40.74999999999999,10,10,5.3
11,46,30,20,14,0.78125,10,16.125,4.875,3.125,42.12500000000001,3,4,3.0
11,47,33,18,13,0.796875,15,22.375000000000004,5.875,1.375,43.37500000000001,8,11,6.875
11,48,26,26,12,0.8125,0,11.250000000000002,11.75,3.25,45.25,5,4,2.6
11,49,30,23,11,0.828125,7,13.625,7.125,3.625,47.12500000000001,8,5,2.5
11,50,29,25,10,0.84375,4,13.5,5.0,3.5,49.0,4,4,3.0
11,51,34,21,9,0.859375,13,14.125,4.125,4.125,50.625,7,8,3.2857142857142856
11,52,32,24,8,0.875,8,13.875,4.125,4.875,51.37499999999999,3,4,2.6666666666666665
11,53,35,22,7,0.890625,13,16.125,2.625,9.125,53.125,7,12,5.142857142857143
11,54,31,27,6,0.90625,4,15.249999999999998,2.25,7.25,54.24999999999999,0,0,0.0
11,55,31,27,6,0.90625,4,15.249999999999998,2.25,7.25,54.24999999999999,6,12,4.833333333333333
11,56,25,34,5,0.921875,-9,7.625000000000001,5.125,5.125,55.62500000000001,3,6,3.0
11,57,28,32,4,0.9375,-4,8.000000000000002,6.5,7.5,57.5,4,11,4.5
11,58,17,44,3,0.953125,-27,16.125,6.125,7.125,59.12500000000001,3,4,2.6666666666666665
11,59,20,42,2,0.96875,-22,11.375,7.125,10.375,60.37500000000001,1,1,1.0
11,60,19,44,1,0.984375,-25,15.249999999999998,5.0,11.25,62.24999999999999,1,5,5.0
11,61,25,39,0,1.0,-14,10.5,10.5,4.5,64.0,0,0,0.0
12,0,2,2,60,0.0625,0,0.0,0.0,4.0,4.0,4,1,1.0
12,1,4,1,59,0.078125,3,1.1249999999999998,0.125,1.125,4.125000000000001,3,1,1.0
12,2,3,3,58,0.09375,0,0.0,0.5,0.5,4.499999999999999,5,1,1.0
12,3,5,2,57,0.109375,3,1.1249999999999998,1.125,1.125,5.125000000000001,4,2,1.25
12,4,3,5,56,0.125,-2,1.0,0.5,1.5,5.999999999999999,5,2,1.4
12,5,5,4,55,0.140625,1,0.12500000000000003,0.125,0.125,7.125,11,2,1.1818181818181819
12,6,4,6,54,0.15625,-2,1.375,0.125,1.375,7.375,9,2,1.3333333333333333
12,7,6,5,53,0.171875,1,0.7499999999999999,0.0,0.75,8.75,9,3,1.5555555555555556
12,8,5,7,52,0.1875,-2,1.0,0.5,0.0,9.499999999999998,9,4,1.6666666666666667
12,9,7,6,51,0.203125,1,2.125,1.125,1.125,11.125,9,3,1.6666666666666667
12,10,6,8,50,0.21875,-2,2.25,0.25,1.25,11.250000000000002,9,3,1.6666666666666667
12,11,8,7,49,0.234375,1,2.3749999999999996,0.375,2.375,11.375,9,3,1.8888888888888888
12,12,7,9,48,0.25,-2,2.75,0.75,1.75,13.25,11,3,1.5454545454545454
12,13,9,8,47,0.265625,1,2.125,0.625,1.625,13.625,9,4,2.6666666666666665
12,14,7,11,46,0.28125,-4,3.375,0.625,1.875,14.875,10,4,2.3
12,15,9,10,45,0.296875,-1,1.7500000000000002,0.5,1.75,15.249999999999998,10,3,1.8
12,16,8,12,44,0.3125,-4,3.375,0.625,1.875,15.875000000000002,12,4,2.3333333333333335
12,17,11,10,43,0.328125,1,2.9999999999999996,1.75,2.0,16.500000000000004,15,5,1.8
12,18,10,12,42,0.34375,-2,2.3749999999999996,1.625,1.875,17.374999999999996,14,5,2.357142857142857
12,19,15,8,41,0.359375,7,8.75,4.5,1.25,18.249999999999996,14,6,2.142857142857143
12,20,14,10,40,0.375,4,8.375,3.125,0.875,18.375000000000004,14,3,1.7857142857142858
12,21,16,9,39,0.390625,7,8.75,4.5,1.75,18.750000000000004,13,6,2.6923076923076925
12,22,13,13,38,0.40625,0,7.375,2.125,1.375,18.875,13,3,1.6923076923076923
12,23,15,12,37,0.421875,3,9.0,3.25,1.5,20.000000000000004,14,6,2.7142857142857144
12,24,14,14,36,0.4375,0,9.375,4.625,0.375,20.375,13,3,1.7692307692307692
12,25,18,11,35,0.453125,7,13.5,2.25,0.5,21.5,11,7,3.909090909090909
12,26,15,15,34,0.46875,0,8.125,2.875,2.625,22.125,13,5,1.9230769230769231
12,27,17,14,33,0.484375,3,7.5,1.75,2.5,22.999999999999996,10,8,4.3
12,28,11,21,32,0.5,-10,3.875,3.125,0.375,24.374999999999996,8,4,3.0
12,29,15,18,31,0.515625,-3,2.625,1.125,1.125,26.125,10,6,3.5
12,30,11,23,30,0.53125,-12,5.25,1.75,2.25,26.750000000000004,8,5,4.0
12,31,15,20,29,0.546875,-5,2.125,2.625,2.125,27.625000000000004,10,5,2.2
12,32,13,23,28,0.5625,-10,6.499999999999999,2.0,2.5,28.999999999999996,10,6,3.6
12,33,15,22,27,0.578125,-7,7.125,0.625,2.125,30.125,9,4,1.8888888888888888
12,34,14,24,26,0.59375,-10,9.249999999999998,1.75,0.75,31.749999999999996,11,6,3.6363636363636362
12,35,20,19,25,0.609375,1,2.625,1.125,1.125,33.125,8,4,2.5
12,36,18,22,24,0.625,-4,4.750000000000001,1.25,3.25,33.25000000000001,9,5,2.888888888888889
12,37,22,19,23,0.640625,3,4.375,1.375,2.375,34.37500000000001,9,5,2.4444444444444446
12,38,19,23,22,0.65625,-4,7.749999999999999,1.25,3.25,34.74999999999999,11,5,2.272727272727273
12,39,21,22,21,0.671875,-1,6.875,2.375,3.375,36.375,7,4,2.2857142857142856
12,40,18,26,20,0.6875,-8,7.5,1.5,3.5,36.99999999999999,9,5,2.5555555555555554
12,41,20,25,19,0.703125,-5,6.374999999999999,1.375,2.875,38.37499999999999,6,7,2.3333333333333335
12,42,13,33,18,0.71875,-20,19.250000000000004,4.25,1.75,39.25,7,5,3.2857142857142856
12,43,17,30,17,0.734375,-13,13.875,4.875,5.375,40.87499999999999,6,4,2.8333333333333335
12,44,14,34,16,0.75,-20,13.25,5.25,6.75,42.75,6,6,4.0
12,45,20,29,15,0.765625,-9,13.875,5.875,5.875,44.37500000000001,8,4,2.125
12,46,19,31,14,0.78125,-12,14.749999999999998,4.75,3.75,46.25000000000001,8,5,2.125
12,47,25,26,13,0.796875,-1,16.125,8.125,4.125,48.125,4,5,3.0
12,48,20,32,12,0.8125,-12,26.249999999999996,3.25,4.25,49.24999999999999,6,3,1.5
12,49,22,31,11,0.828125,-9,26.625000000000004,4.625,5.625,51.12499999999999,3,6,4.0
12,50,18,36,10,0.84375,-18,27.5,3.5,3.0,52.49999999999999,5,3,1.6
12,51,22,33,9,0.859375,-11,30.25,2.0,1.75,52.74999999999999,5,9,3.6
12,52,20,36,8,0.875,-16,28.000000000000004,2.0,3.5,53.5,3,4,2.0
12,53,22,35,7,0.890625,-13,29.749999999999996,1.5,3.25,54.75,5,9,4.6
12,54,19,39,6,0.90625,-20,32.00000000000001,1.5,1.5,55.0,3,4,2.0
12,55,21,38,5,0.921875,-17,30.624999999999996,2.125,1.625,56.62499999999999,3,6,3.6666666666666665
12,56,18,42,4,0.9375,-24,27.374999999999996,4.125,2.375,58.37500000000001,3,5,4.333333333333333
12,57,23,38,3,0.953125,-15,23.124999999999996,4.125,11.125,59.12500000000001,1,6,6.0
12,58,17,45,2,0.96875,-28,22.999999999999996,3.0,10.0,60.99999999999999,2,11,8.5
12,59,29,34,1,0.984375,-5,16.249999999999996,11.0,2.25,62.24999999999999,0,0,0.0
12,60,29,34,1,0.984375,-5,16.249999999999996,11.0,2.25,62.24999999999999,1,12,12.0
12,61,42,22,0,1.0,20,21.5,8.5,1.5,64.0,0,0,0.0
13,0,2,2,60,0.0625,0,0.0,0.0,4.0,4.0,4,1,1.0
13,1,4,1,59,0.078125,3,1.1249999999999998,0.125,1.125,4.125000000000001,3,1,1.0
13,2,3,3,58,0.09375,0,0.37499999999999994,0.125,4.375,4.375,4,1,1.0
13,3,5,2,57,0.109375,3,1.7500000000000002,0.0,1.75,4.750000000000001,2,2,2.0
13,4,3,5,56,0.125,-2,0.37499999999999994,1.125,0.375,5.375,9,1,1.0
13,5,5,4,55,0.140625,1,0.5000000000000001,1.25,0.5,5.5,8,2,1.5
13,6,3,7,54,0.15625,-4,4.875000000000001,2.125,0.875,6.374999999999999,6,2,1.6666666666666667
13,7,6,5,53,0.171875,1,5.625,0.125,0.625,7.125,8,2,1.125
13,8,5,7,52,0.1875,-2,5.25,0.75,2.25,7.249999999999999,8,3,1.625
13,9,8,5,51,0.203125,3,1.375,1.375,1.375,8.375,9,3,1.7777777777777777
13,10,6,8,50,0.21875,-2,2.75,3.75,1.25,8.75,9,3,1.8888888888888888
13,11,8,7,49,0.234375,1,2.3749999999999996,3.375,1.875,8.875,13,2,1.4615384615384615
13,12,7,9,48,0.25,-2,2.9999999999999996,4.0,1.5,9.0,8,5,2.375
13,13,10,7,47,0.265625,3,2.3749999999999996,1.375,2.375,9.375,10,3,1.8
13,14,9,9,46,0.28125,0,2.5000000000000004,0.5,3.0,10.000000000000002,10,4,1.8
13,15,12,7,45,0.296875,5,1.875,2.375,1.375,11.375,9,5,2.4444444444444446
13,16,11,9,44,0.3125,2,2.5000000000000004,1.5,3.0,12.999999999999998,13,3,1.7692307692307692
13,17,13,8,43,0.328125,5,2.875,2.875,2.875,13.375,8,4,2.125
13,18,9,13,42,0.34375,-4,3.5,3.5,2.5,13.5,11,3,1.7272727272727273
13,19,12,11,41,0.359375,1,4.750000000000001,3.5,2.75,14.749999999999998,9,6,3.0
13,20,11,13,40,0.375,-2,3.1250000000000004,3.375,5.125,15.124999999999998,12,4,1.75
13,21,14,11,39,0.390625,3,8.000000000000002,2.25,5.0,17.0,10,7,3.8
13,22,12,14,38,0.40625,-2,3.7500000000000004,2.25,10.75,18.750000000000004,9,4,1.7777777777777777
13,23,14,13,37,0.421875,1,6.625000000000001,2.125,9.625,19.624999999999996,12,6,3.3333333333333335
13,24,12,16,36,0.4375,-4,5.749999999999999,1.75,8.75,20.25,8,4,1.875
13,25,15,14,35,0.453125,1,7.875,1.875,5.875,21.375,13,6,3.076923076923077
13,26,14,16,34,0.46875,-2,4.750000000000001,1.75,7.25,22.75,11,5,2.4545454545454546
13,27,18,13,33,0.484375,5,11.875,1.875,5.875,23.375,12,6,3.4166666666666665
13,28,15,17,32,0.5,-2,11.5,1.5,3.0,23.999999999999996,15,5,1.8
13,29,18,15,31,0.515625,3,11.75,1.5,7.25,24.249999999999996,11,6,3.6363636363636362
13,30,17,17,30,0.53125,0,13.124999999999998,1.875,6.625,25.125000000000004,11,5,1.8181818181818181
13,31,19,16,29,0.546875,3,13.5,2.25,3.0,25.999999999999996,11,7,3.3636363636363638
13,32,18,18,28,0.5625,0,10.625000000000002,2.375,3.125,27.125000000000004,9,5,2.111111111111111
13,33,21,16,27,0.578125,5,9.0,2.75,3.5,28.000000000000004,13,7,3.4615384615384617
13,34,15,23,26,0.59375,-8,8.125,4.875,3.625,29.124999999999996,6,4,3.0
13,35,19,20,25,0.609375,-1,3.5,3.25,3.5,30.500000000000004,15,3,1.8666666666666667
13,36,18,22,24,0.625,-4,4.125000000000001,2.875,3.125,31.625,4,6,3.5
13,37,21,20,23,0.640625,1,4.0,6.25,4.0,32.00000000000001,15,3,1.8
13,38,19,23,22,0.65625,-4,2.3749999999999996,7.125,5.375,33.37500000000001,3,7,4.666666666666667
13,39,23,20,21,0.671875,3,2.5000000000000004,7.75,1.5,34.0,14,5,1.9285714285714286
13,40,21,23,20,0.6875,-2,1.875,5.125,3.375,35.37499999999999,3,4,3.0
13,41,25,20,19,0.703125,5,4.125000000000001,4.625,8.625,36.12499999999999,11,5,2.090909090909091
13,42,21,25,18,0.71875,-4,1.7500000000000002,4.75,16.25,37.75,8,6,3.375
13,43,27,20,17,0.734375,7,6.125,4.125,8.625,38.625,10,5,1.9
13,44,22,26,16,0.75,-4,7.749999999999999,3.75,5.75,40.25,5,5,3.6
13,45,25,24,15,0.765625,1,5.999999999999999,3.75,13.0,41.50000000000001,7,4,2.0
13,46,24,26,14,0.78125,-2,6.875,4.625,13.875,43.37500000000001,7,5,2.857142857142857
13,47,29,22,13,0.796875,7,4.0,3.75,17.5,45.00000000000001,7,3,2.0
13,48,26,26,12,0.8125,0,5.125000000000001,3.875,15.125,46.625,6,3,2.1666666666666665
13,49,30,23,11,0.828125,7,3.5,4.25,13.5,48.5,8,6,2.5
13,50,26,28,10,0.84375,-2,8.75,4.25,8.75,48.75,5,4,2.4
13,51,28,27,9,0.859375,1,10.625000000000002,3.125,5.625,50.625,8,5,2.25
13,52,27,29,8,0.875,-2,14.375,3.125,5.375,52.375,3,4,2.3333333333333335
13,53,30,27,7,0.890625,3,16.500000000000004,4.25,3.5,53.5,6,9,3.3333333333333335
13,54,21,37,6,0.90625,-16,24.75,1.75,4.75,54.24999999999999,1,4,4.0
13,55,26,33,5,0.921875,-7,25.125000000000004,0.625,6.125,55.62500000000001,5,7,3.6
13,56,23,37,4,0.9375,-14,31.375,0.625,7.375,56.875,0,0,0.0
13,57,23,37,4,0.9375,-14,31.375,0.625,7.375,56.875,4,7,3.75
13,58,20,41,3,0.953125,-21,30.0,0.75,8.0,58.50000000000001,2,5,4.5
13,59,25,37,2,0.96875,-12,18.750000000000004,0.75,14.75,60.25000000000001,2,2,2.0
13,60,23,40,1,0.984375,-17,25.625,1.625,11.625,62.12499999999999,0,0,0.0
13,61,23,40,1,0.984375,-17,25.625,1.625,11.625,62.12499999999999,1,2,2.0
13,62,21,43,0,1.0,-22,27.5,1.5,11.5,64.0,0,0,0.0
14,0,2,2,60,0.0625,0,0.0,0.0,4.0,4.0,4,1,1.0
14,1,4,1,59,0.078125,3,1.1249999999999998,0.125,1.125,4.125000000000001,3,1,1.0
14,2,3,3,58,0.09375,0,0.0,0.5,0.5,4.499999999999999,5,1,1.0
14,3,5,2,57,0.109375,3,1.1249999999999998,1.125,1.125,5.125000000000001,4,2,1.25
14,4,3,5,56,0.125,-2,1.0,0.5,1.5,5.999999999999999,5,2,1.4
14,5,5,4,55,0.140625,1,0.12500000000000003,0.125,0.125,7.125,11,2,1.1818181818181819
14,6,4,6,54,0.15625,-2,1.375,0.125,1.375,7.375,9,2,1.3333333333333333
14,7,6,5,53,0.171875,1,0.7499999999999999,0.0,0.75,8.75,9,3,1.5555555555555556
14,8,5,7,52,0.1875,-2,1.0,0.5,0.0,9.499999999999998,9,4,1.6666666666666667
14,9,7,6,51,0.203125,1,2.125,1.125,1.125,11.125,9,3,1.6666666666666667
14,10,6,8,50,0.21875,-2,2.25,0.25,1.25,11.250000000000002,9,3,1.6666666666666667
14,11,8,7,49,0.234375,1,2.125,0.625,2.125,11.624999999999998,10,3,1.7
14,12,7,9,48,0.25,-2,2.5000000000000004,1.0,1.5,13.5,12,3,1.6666666666666667
14,13,9,8,47,0.265625,1,2.125,1.125,1.125,14.125,9,5,2.7777777777777777
14,14,7,11,46,0.28125,-4,3.375,1.125,1.375,15.375000000000002,10,4,2.3
14,15,10,9,45,0.296875,1,3.2499999999999996,2.5,1.25,16.249999999999996,11,5,1.8181818181818181
14,16,9,11,44,0.3125,-2,2.875,2.125,0.875,16.375000000000004,12,5,2.25
14,17,14,7,43,0.328125,7,9.499999999999998,5.25,0.5,17.5,10,6,2.3
14,18,13,9,42,0.34375,4,8.625,3.375,0.625,17.625,13,3,1.8461538461538463
14,19,15,8,41,0.359375,7,9.499999999999998,5.25,1.0,17.999999999999996,9,6,3.111111111111111
14,20,12,12,40,0.375,0,7.625000000000001,2.375,1.125,18.125000000000004,12,3,1.75
14,21,14,11,39,0.390625,3,9.0,3.75,1.0,18.5,10,6,3.2
14,22,13,13,38,0.40625,0,10.125,3.875,0.625,19.124999999999996,12,4,2.0
14,23,16,11,37,0.421875,5,10.000000000000002,2.75,1.5,20.000000000000004,10,6,3.5
14,24,12,16,36,0.4375,-4,2.75,6.75,6.25,21.750000000000004,14,4,2.2142857142857144
14,25,14,15,35,0.453125,-1,4.625,3.625,5.625,23.124999999999996,11,7,3.3636363636363638
14,26,12,18,34,0.46875,-6,2.9999999999999996,2.0,6.5,23.500000000000004,11,4,2.090909090909091
14,27,14,17,33,0.484375,-3,3.1250000000000004,3.125,6.125,24.124999999999996,9,7,3.7777777777777777
14,28,11,21,32,0.5,-10,4.750000000000001,3.75,3.75,25.25,10,4,2.3
14,29,14,19,31,0.515625,-5,2.3749999999999996,6.375,1.875,25.874999999999996,10,5,2.3
14,30,13,21,30,0.53125,-8,2.25,8.75,2.25,26.750000000000004,10,5,2.8
14,31,17,18,29,0.546875,-1,1.875,9.375,1.375,28.375,13,5,2.1538461538461537
14,32,14,22,28,0.5625,-8,3.2499999999999996,8.25,2.75,29.749999999999996,9,6,3.0
14,33,17,20,27,0.578125,-3,4.875000000000001,5.375,3.875,30.875000000000004,12,6,2.4166666666666665
14,34,11,27,26,0.59375,-16,9.75,4.25,1.25,32.25,10,7,3.3
14,35,14,25,25,0.609375,-11,8.625,1.625,1.625,33.125,12,3,1.5833333333333333
14,36,11,29,24,0.625,-18,10.25,1.25,1.25,33.25000000000001,8,6,2.5
14,37,14,27,23,0.640625,-13,6.125,1.125,1.125,35.12499999999999,10,5,2.1
14,38,9,33,22,0.65625,-24,16.249999999999996,1.75,0.75,36.25,4,3,1.5
14,39,11,32,21,0.671875,-21,14.375,0.875,1.375,37.875,6,2,1.6666666666666667
14,40,9,35,20,0.6875,-26,19.75,1.25,0.75,38.24999999999999,1,1,1.0
14,41,11,34,19,0.703125,-23,18.5,0.75,1.5,38.5,7,4,1.7142857142857142
14,42,10,36,18,0.71875,-26,19.874999999999996,1.125,2.375,39.87500000000001,4,4,2.5
14,43,12,35,17,0.734375,-23,17.999999999999996,2.25,2.5,40.5,5,2,1.4
14,44,11,37,16,0.75,-26,18.249999999999996,2.25,2.75,40.74999999999999,4,4,1.75
14,45,13,36,15,0.765625,-23,18.125000000000004,3.125,2.125,41.625,4,6,2.75
14,46,7,43,14,0.78125,-36,27.874999999999996,2.125,1.875,42.37499999999999,3,4,3.0
14,47,12,39,13,0.796875,-27,20.625,2.125,10.625,43.12500000000001,6,6,3.3333333333333335
14,48,6,46,12,0.8125,-40,29.875000000000004,2.125,2.875,44.37500000000001,2,4,2.5
14,49,11,42,11,0.828125,-31,19.500000000000004,2.75,7.0,45.5,4,3,2.25
14,50,9,45,10,0.84375,-36,24.875,2.125,7.375,47.375,6,7,4.333333333333333
14,51,14,41,9,0.859375,-27,16.500000000000004,2.25,6.0,49.0,4,6,4.0
14,52,8,48,8,0.875,-40,30.125,1.875,8.125,50.625,5,7,4.8
14,53,11,46,7,0.890625,-35,23.999999999999996,4.25,8.0,51.99999999999999,1,2,2.0
14,54,9,49,6,0.90625,-40,28.875,6.125,4.875,53.875,4,9,6.0
14,55,14,45,5,0.921875,-31,20.125000000000004,13.125,6.125,55.12499999999999,2,7,4.5
14,56,7,53,4,0.9375,-46,40.87499999999999,11.125,0.875,56.875,4,5,4.5
14,57,12,49,3,0.953125,-37,28.000000000000004,15.75,1.0,58.50000000000001,0,0,0.0
14,58,12,49,3,0.953125,-37,28.000000000000004,15.75,1.0,58.50000000000001,3,5,4.666666666666667
14,59,18,44,2,0.96875,-26,26.750000000000004,6.75,0.75,60.25000000000001,2,1,1.0
14,60,17,46,1,0.984375,-29,25.625,7.625,2.625,62.12499999999999,1,4,4.0
14,61,22,42,0,1.0,-20,16.500000000000004,5.5,4.5,64.0,0,0,0.0
15,0,2,2,60,0.0625,0,0.0,0.0,4.0,4.0,4,1,1.0
15,1,4,1,59,0.078125,3,1.1249999999999998,0.125,1.125,4.125000000000001,3,1,1.0
15,2,3,3,58,0.09375,0,0.0,0.5,0.5,4.499999999999999,5,1,1.0
15,3,5,2,57,0.109375,3,1.2500000000000002,0.5,1.75,4.750000000000001,4,2,1.25
15,4,4,4,56,0.125,0,0.37499999999999994,1.125,0.375,5.375,6,1,1.0
15,5,6,3,55,0.140625,3,1.2500000000000002,2.0,1.75,6.25,6,2,1.5
15,6,5,5,54,0.15625,0,0.37499999999999994,1.125,1.375,7.375,11,2,1.2727272727272727
15,7,7,4,53,0.171875,3,2.125,1.125,3.125,8.125,7,3,1.8571428571428572
15,8,6,6,52,0.1875,0,0.37499999999999994,1.125,7.375,9.375,11,2,1.4545454545454546
15,9,9,4,51,0.203125,5,1.4999999999999998,3.25,3.5,9.499999999999998,7,3,1.8571428571428572
15,10,7,7,50,0.21875,0,0.6250000000000001,1.375,3.625,9.625,10,2,1.6
15,11,10,5,49,0.234375,5,4.499999999999999,0.75,4.5,11.0,9,4,1.7777777777777777
15,12,9,7,48,0.25,2,4.875000000000001,1.125,2.375,11.375,11,2,1.4545454545454546
15,13,12,5,47,0.265625,7,5.000000000000001,3.25,1.0,11.999999999999998,8,4,1.875
15,14,11,7,46,0.28125,4,4.625,4.375,1.625,13.625,11,3,1.4545454545454546
15,15,15,4,45,0.296875,11,8.000000000000002,1.25,2.0,14.0,7,3,2.0
15,16,14,6,44,0.3125,8,7.625000000000001,2.375,1.625,14.625000000000002,12,3,1.4166666666666667
15,17,16,5,43,0.328125,11,9.499999999999998,3.25,1.5,15.5,9,5,2.6666666666666665
15,18,15,7,42,0.34375,8,7.875,2.625,1.875,16.375000000000004,15,2,1.2
15,19,18,5,41,0.359375,13,8.000000000000002,2.75,2.0,16.500000000000004,8,6,2.875
15,20,17,7,40,0.375,10,7.375,2.125,3.875,16.875,14,2,1.1428571428571428
15,21,20,5,39,0.390625,15,8.5,1.25,4.0,17.0,9,5,3.2222222222222223
15,22,15,11,38,0.40625,4,1.6249999999999998,2.375,7.125,18.125000000000004,12,3,1.5
15,23,17,10,37,0.421875,7,4.25,3.0,6.75,19.250000000000004,14,6,2.2142857142857144
15,24,13,15,36,0.4375,-2,5.625,3.875,5.125,20.625,12,4,2.0833333333333335
15,25,17,12,35,0.453125,5,2.9999999999999996,3.25,5.5,22.5,14,5,2.142857142857143
15,26,15,15,34,0.46875,0,5.125000000000001,6.375,3.125,23.124999999999996,12,4,2.25
15,27,18,13,33,0.484375,5,2.9999999999999996,3.75,6.0,23.500000000000004,14,5,2.0714285714285716
15,28,16,16,32,0.5,0,2.125,2.875,5.125,23.625,12,4,1.9166666666666667
15,29,18,15,31,0.515625,3,1.7500000000000002,3.0,4.75,25.25,15,6,2.466666666666667
15,30,14,20,30,0.53125,-6,4.125000000000001,5.375,3.625,26.625000000000004,11,4,2.090909090909091
15,31,17,18,29,0.546875,-1,4.875000000000001,5.375,4.375,28.375,14,5,1.6428571428571428
15,32,16,20,28,0.5625,-4,4.750000000000001,5.25,5.25,29.250000000000004,12,6,2.9166666666666665
15,33,18,19,27,0.578125,-1,4.875000000000001,5.875,4.375,29.875000000000004,10,5,2.1
15,34,17,21,26,0.59375,-4,5.25,7.25,5.25,30.25,11,6,3.272727272727273
15,35,23,16,25,0.609375,7,8.375,4.375,3.375,31.375,13,7,2.769230769230769
15,36,22,18,24,0.625,4,6.75,4.25,4.75,32.25,8,4,2.25
15,37,24,17,23,0.640625,7,7.000000000000001,3.25,7.0,32.5,11,7,3.4545454545454546
15,38,22,20,22,0.65625,2,5.125000000000001,3.375,10.625,34.12500000000001,9,4,3.0
15,39,26,17,21,0.671875,9,8.000000000000002,3.75,6.0,35.5,9,7,4.0
15,40,23,21,20,0.6875,2,2.75,3.75,13.75,36.25,6,5,3.8333333333333335
15,41,26,19,19,0.703125,7,4.875000000000001,3.375,8.875,37.375,10,7,3.0
15,42,25,21,18,0.71875,4,4.499999999999999,5.5,9.0,39.0,4,5,4.75
15,43,31,16,17,0.734375,15,10.375000000000002,7.875,6.875,40.375,10,8,3.5
15,44,30,18,16,0.75,12,9.0,7.5,8.0,41.0,2,4,3.0
15,45,33,16,15,0.765625,17,9.249999999999998,6.5,7.25,41.25,10,8,3.4
15,46,32,18,14,0.78125,14,8.625,6.375,8.125,42.12500000000001,0,0,0.0
15,47,32,18,14,0.78125,14,8.625,6.375,8.125,42.12500000000001,9,8,3.6666666666666665
15,48,29,22,13,0.796875,7,9.0,2.75,4.5,44.0,3,4,3.6666666666666665
15,49,33,19,12,0.8125,14,10.625000000000002,2.875,6.125,45.625,9,8,3.2222222222222223
15,50,31,22,11,0.828125,9,6.875,2.875,10.375,46.87500000000001,3,4,3.3333333333333335
15,51,35,19,10,0.84375,16,10.25,3.25,10.75,48.75,8,8,4.5
15,52,32,23,9,0.859375,9,5.125000000000001,4.125,10.625,50.625,2,3,2.5
15,53,35,21,8,0.875,14,8.875,4.125,8.375,51.37499999999999,7,8,4.0
15,54,32,25,7,0.890625,7,6.125,4.125,11.625,52.625,1,1,1.0
15,55,34,24,6,0.90625,10,5.749999999999999,4.25,11.75,53.75,5,5,3.4
15,56,32,27,5,0.921875,5,5.625,2.625,9.125,55.12499999999999,2,3,3.0
15,57,36,24,4,0.9375,12,7.375,5.625,7.875,56.875,4,4,3.0
15,58,33,28,3,0.953125,5,6.499999999999999,6.25,13.5,58.50000000000001,0,0,0.0
15,59,33,28,3,0.953125,5,6.499999999999999,6.25,13.5,58.50000000000001,3,4,3.0
15,60,31,31,2,0.96875,0,7.875,5.625,9.875,60.37500000000001,2,2,1.5
15,61,34,29,1,0.984375,5,6.25,5.0,14.25,62.24999999999999,1,4,4.0
15,62,30,34,0,1.0,-4,9.499999999999998,2.5,13.5,64.0,0,0,0.0
16,0,2,2,60,0.0625,0,0.0,0.0,4.0,4.0,4,1,1.0
16,1,4,1,59,0.078125,3,1.1249999999999998,0.125,1.125,4.125000000000001,3,1,1.0
16,2,3,3,58,0.09375,0,0.0,0.0,0.5,4.499999999999999,5,2,1.4
16,3,5,2,57,0.109375,3,1.1249999999999998,0.125,1.125,5.125000000000001,4,2,1.5
16,4,4,4,56,0.125,0,1.2500000000000002,0.25,2.25,5.25,7,1,1.0
16,5,6,3,55,0.140625,3,1.375,0.375,1.375,5.375,3,2,2.0
16,6,4,6,54,0.15625,-2,0.6250000000000001,1.375,4.625,5.625,9,3,1.2222222222222223
16,7,6,5,53,0.171875,1,1.4999999999999998,2.25,1.5,6.499999999999999,5,3,1.8
16,8,4,8,52,0.1875,-4,1.6249999999999998,3.375,1.625,7.625000000000001,8,2,1.5
16,9,6,7,51,0.203125,-1,2.0000000000000004,1.25,1.5,8.000000000000002,12,3,1.3333333333333333
16,10,5,9,50,0.21875,-4,4.875000000000001,0.625,0.875,9.375,11,4,1.7272727272727273
16,11,7,8,49,0.234375,-1,2.0000000000000004,1.25,2.5,11.0,11,3,1.5454545454545454
16,12,6,10,48,0.25,-4,1.6249999999999998,3.375,1.625,11.624999999999998,13,3,1.6153846153846154
16,13,9,8,47,0.265625,1,1.0,4.75,1.0,13.5,13,3,1.7692307692307692
16,14,8,10,46,0.28125,-2,1.2500000000000002,8.25,1.25,14.25,13,3,1.6153846153846154
16,15,10,9,45,0.296875,1,1.4999999999999998,8.25,3.5,15.5,14,3,1.8571428571428572
16,16,8,12,44,0.3125,-4,1.375,5.125,2.875,15.875000000000002,16,3,1.6875
16,17,11,10,43,0.328125,1,2.25,9.0,3.75,16.75,15,3,1.8666666666666667
16,18,8,14,42,0.34375,-6,6.875,2.625,1.875,17.374999999999996,14,5,2.0714285714285716
16,19,12,11,41,0.359375,1,10.000000000000002,0.75,1.0,17.5,13,4,2.3076923076923075
16,20,11,13,40,0.375,-2,8.625,1.375,1.625,17.625,15,4,1.9333333333333333
16,21,14,11,39,0.390625,3,8.5,0.75,3.0,17.999999999999996,11,4,2.1818181818181817
16,22,13,13,38,0.40625,0,7.375,1.625,3.375,18.375000000000004,15,5,2.066666666666667
16,23,15,12,37,0.421875,3,5.999999999999999,3.25,3.5,19.000000000000004,7,4,2.4285714285714284
16,24,13,15,36,0.4375,-2,5.125000000000001,5.875,3.125,19.624999999999996,11,4,1.7272727272727273
16,25,15,14,35,0.453125,1,5.25,5.0,1.25,20.75,7,4,3.0
16,26,11,19,34,0.46875,-8,3.1250000000000004,7.375,3.125,21.625,10,4,1.6
16,27,13,18,33,0.484375,-5,2.9999999999999996,4.75,3.0,22.5,11,3,1.6363636363636365
16,28,12,20,32,0.5,-8,3.6250000000000004,6.375,3.625,22.624999999999996,8,4,1.75
16,29,14,19,31,0.515625,-5,2.0000000000000004,7.75,6.5,23.500000000000004,13,3,2.0
16,30,13,21,30,0.53125,-8,2.125,8.875,9.125,24.625,7,4,2.142857142857143
16,31,16,19,29,0.546875,-3,2.5000000000000004,8.25,5.0,25.999999999999996,11,5,2.8181818181818183
16,32,15,21,28,0.5625,-6,2.3749999999999996,6.625,7.375,27.374999999999996,6,4,2.3333333333333335
16,33,17,20,27,0.578125,-3,3.5,7.75,6.0,28.999999999999996,14,6,3.142857142857143
16,34,14,24,26,0.59375,-10,5.125000000000001,5.875,4.625,30.125,6,6,3.1666666666666665
16,35,19,20,25,0.609375,-1,1.2500000000000002,11.5,2.75,31.250000000000004,14,4,2.642857142857143
16,36,16,24,24,0.625,-8,2.3749999999999996,10.125,8.375,32.875,5,5,2.8
16,37,22,19,23,0.640625,3,4.25,14.5,7.25,34.25,14,4,2.0714285714285716
16,38,21,21,22,0.65625,0,3.6250000000000004,15.875,5.625,36.12499999999999,6,5,2.3333333333333335
16,39,24,19,21,0.671875,5,4.750000000000001,16.5,2.75,37.75,13,4,2.1538461538461537
16,40,22,22,20,0.6875,0,2.5000000000000004,17.5,4.5,39.5,7,5,2.5714285714285716
16,41,28,17,19,0.703125,11,7.375,14.375,7.375,41.375,10,7,3.4
16,42,24,22,18,0.71875,2,3.2499999999999996,13.75,6.75,42.75,5,3,1.4
16,43,26,21,17,0.734375,5,6.499999999999999,13.75,6.0,42.99999999999999,10,5,2.5
16,44,25,23,16,0.75,2,6.625000000000001,10.375,7.625,44.625,5,4,1.6
16,45,27,22,15,0.765625,5,7.875,8.875,6.875,45.375,8,4,2.125
16,46,26,24,14,0.78125,2,7.249999999999999,9.25,6.25,45.75,3,1,1.0
16,47,28,23,13,0.796875,5,8.5,9.25,7.5,46.0,7,4,2.2857142857142856
16,48,26,26,12,0.8125,0,8.125,5.875,8.125,46.625,1,6,6.0
16,49,33,20,11,0.828125,13,8.5,1.75,9.0,47.5,7,5,2.857142857142857
16,50,28,26,10,0.84375,2,9.249999999999998,1.75,9.75,48.24999999999999,1,1,1.0
16,51,30,25,9,0.859375,5,8.375,1.375,8.375,49.37500000000001,7,7,3.4285714285714284
16,52,27,29,8,0.875,-2,8.75,1.75,4.75,51.25,3,5,2.6666666666666665
16,53,33,24,7,0.890625,9,4.0,1.75,12.0,52.49999999999999,5,7,4.2
16,54,29,29,6,0.90625,0,1.375,1.125,9.375,53.875,2,5,3.0
16,55,31,28,5,0.921875,3,1.6249999999999998,1.125,9.625,55.12499999999999,4,7,3.25
16,56,29,31,4,0.9375,-2,1.2500000000000002,0.75,9.25,56.75,1,2,2.0
16,57,32,29,3,0.953125,3,2.125,2.625,10.125,58.62500000000001,2,7,6.5
16,58,25,37,2,0.96875,-12,3.5,15.0,11.5,60.49999999999999,1,2,2.0
16,59,28,35,1,0.984375,-7,2.25,14.0,10.25,62.24999999999999,1,5,5.0
16,60,23,41,0,1.0,-18,11.0,14.0,3.0,64.0,0,0,0.0
17,0,2,2,60,0.0625,0,0.0,0.0,4.0,4.0,4,1,1.0
17,1,4,1,59,0.078125,3,1.1249999999999998,0.125,1.125,4.125000000000001,3,1,1.0
17,2,3,3,58,0.09375,0,0.0,0.5,0.5,4.499999999999999,5,1,1.0
17,3,5,2,57,0.109375,3,1.2500000000000002,0.5,1.75,4.750000000000001,4,2,1.25
17,4,4,4,56,0.125,0,0.0,0.5,5.5,5.5,6,2,1.1666666666666667
17,5,6,3,55,0.140625,3,1.1249999999999998,1.125,2.125,6.125,4,2,1.75
17,6,4,6,54,0.15625,-2,0.25,0.25,1.25,6.25,9,2,1.3333333333333333
17,7,6,5,53,0.171875,1,1.1249999999999998,0.125,2.125,7.125,6,2,1.3333333333333333
17,8,5,7,52,0.1875,-2,2.25,0.25,3.25,8.25,12,2,1.3333333333333333
17,9,7,6,51,0.203125,1,4.625,0.125,3.125,9.625,7,3,2.2857142857142856
17,10,6,8,50,0.21875,-2,6.374999999999999,0.625,0.875,10.875,12,2,1.0833333333333333
17,11,8,7,49,0.234375,1,5.000000000000001,0.25,0.5,11.0,7,3,2.5714285714285716
17,12,7,9,48,0.25,-2,2.625,0.375,1.625,12.625,11,4,1.8181818181818181
17,13,9,8,47,0.265625,1,1.4999999999999998,0.75,1.5,12.999999999999998,8,4,2.375
17,14,6,12,46,0.28125,-6,4.875000000000001,1.125,0.875,14.875,8,4,2.625
17,15,8,11,45,0.296875,-3,4.125000000000001,0.625,0.125,16.625,11,3,1.5454545454545454
17,16,7,13,44,0.3125,-6,4.750000000000001,0.75,0.75,17.25,12,5,3.0833333333333335
17,17,12,9,43,0.328125,3,0.37499999999999994,1.375,0.375,17.374999999999996,10,4,2.1
17,18,10,12,42,0.34375,-2,1.7500000000000002,2.75,1.75,18.249999999999996,12,4,2.25
17,19,12,11,41,0.359375,1,1.375,1.375,1.375,19.375,12,4,2.1666666666666665
17,20,10,14,40,0.375,-4,3.2499999999999996,0.75,3.75,20.75,11,5,2.5454545454545454
17,21,12,13,39,0.390625,-1,4.125000000000001,0.125,3.625,21.125,11,4,1.8181818181818181
17,22,11,15,38,0.40625,-4,3.2499999999999996,0.75,4.75,21.750000000000004,9,5,2.7777777777777777
17,23,13,14,37,0.421875,-1,2.125,1.625,7.625,22.125,11,4,1.5454545454545454
17,24,12,16,36,0.4375,-4,2.5000000000000004,1.0,10.0,22.999999999999996,15,4,2.533333333333333
17,25,14,15,35,0.453125,-1,2.125,1.625,8.625,23.124999999999996,14,4,1.9285714285714286
17,26,12,18,34,0.46875,-6,2.9999999999999996,4.0,7.0,23.500000000000004,11,4,2.727272727272727
17,27,14,17,33,0.484375,-3,2.625,2.125,8.125,24.124999999999996,13,4,1.8461538461538463
17,28,13,19,32,0.5,-6,2.75,3.25,7.25,24.249999999999996,11,4,2.727272727272727
17,29,16,17,31,0.515625,-1,2.875,7.375,6.375,25.375000000000004,10,4,2.1
17,30,15,19,30,0.53125,-4,3.5,7.0,8.0,25.999999999999996,12,5,2.8333333333333335
17,31,19,16,29,0.546875,3,3.875,8.875,3.375,26.874999999999996,9,4,2.5555555555555554
17,32,17,19,28,0.5625,-2,4.499999999999999,8.0,3.0,28.000000000000004,10,7,3.3
17,33,22,15,27,0.578125,7,5.125000000000001,13.125,3.125,29.624999999999996,9,5,3.0
17,34,21,17,26,0.59375,4,4.0,10.0,4.5,30.999999999999996,12,5,2.6666666666666665
17,35,26,13,25,0.609375,13,10.375000000000002,11.875,1.875,31.375,8,5,3.5
17,36,25,15,24,0.625,10,9.249999999999998,8.75,3.25,32.75,12,3,1.75
17,37,27,14,23,0.640625,13,9.625,12.125,3.125,33.625,8,5,2.875
17,38,26,16,22,0.65625,10,8.25,9.75,5.25,34.74999999999999,11,5,2.090909090909091
17,39,29,14,21,0.671875,15,9.875,13.875,2.875,35.37499999999999,6,5,3.1666666666666665
17,40,24,20,20,0.6875,4,7.625000000000001,18.375,4.625,35.62500000000001,9,3,2.0
17,41,28,17,19,0.703125,11,11.75,13.5,3.25,37.24999999999999,8,4,2.125
17,42,26,20,18,0.71875,6,7.625000000000001,14.375,4.125,39.125,9,4,2.111111111111111
17,43,31,16,17,0.734375,15,14.0,13.25,2.0,40.5,5,4,2.6
17,44,30,18,16,0.75,12,12.125,16.875,2.625,42.12500000000001,9,3,1.5555555555555556
17,45,34,15,15,0.765625,19,12.375,16.875,2.875,42.37499999999999,6,5,2.8333333333333335
17,46,33,17,14,0.78125,16,12.25,16.25,3.25,43.25,8,6,2.0
17,47,36,15,13,0.796875,21,13.625,12.625,5.625,45.125,6,7,4.833333333333333
17,48,33,19,12,0.8125,14,11.75,22.25,5.25,46.25000000000001,4,6,2.5
17,49,36,17,11,0.828125,19,16.875,20.375,1.875,47.875,5,7,5.6
17,50,30,24,10,0.84375,6,13.25,8.75,4.25,49.75,3,6,4.0
17,51,36,19,9,0.859375,17,9.625,24.125,4.125,51.12499999999999,3,5,4.333333333333333
17,52,32,24,8,0.875,8,4.375,22.125,10.875,51.875,2,6,5.5
17,53,38,19,7,0.890625,19,10.625000000000002,21.125,11.125,53.125,3,7,4.0
17,54,37,21,6,0.90625,16,10.375000000000002,21.125,13.875,53.875,1,6,6.0
17,55,44,15,5,0.921875,29,17.0,5.75,12.0,55.5,2,7,6.5
17,56,37,23,4,0.9375,14,9.875,6.625,11.875,57.37499999999999,3,6,5.0
17,57,43,18,3,0.953125,25,16.125,6.625,7.125,58.62500000000001,1,6,6.0
17,58,37,25,2,0.96875,12,8.875,1.625,6.875,60.37500000000001,2,7,6.0
17,59,45,18,1,0.984375,27,15.750000000000002,8.5,5.75,62.24999999999999,1,1,1.0
17,60,44,20,0,1.0,24,12.999999999999998,9.0,5.0,64.0,0,0,0.0
18,0,2,2,60,0.0625,0,0.0,0.0,4.0,4.0,4,1,1.0
18,1,4,1,59,0.078125,3,1.1249999999999998,0.125,1.125,4.125000000000001,3,1,1.0
18,2,3,3,58,0.09375,0,0.0,0.5,0.5,4.499999999999999,5,1,1.0
18,3,5,2,57,0.109375,3,1.1249999999999998,1.125,1.125,5.125000000000001,4,2,1.25
18,4,4,4,56,0.125,0,0.37499999999999994,1.125,4.375,5.375,7,1,1.0
18,5,6,3,55,0.140625,3,1.7500000000000002,0.5,1.75,6.25,3,3,1.6666666666666667
18,6,3,7,54,0.15625,-4,1.375,0.125,1.375,7.375,9,3,1.3333333333333333
18,7,5,6,53,0.171875,-1,1.1249999999999998,1.125,2.125,8.125,6,4,2.1666666666666665
18,8,4,8,52,0.1875,-4,1.2500000000000002,0.25,3.25,8.25,8,2,1.375
18,9,6,7,51,0.203125,-1,1.375,1.375,2.375,8.375,8,4,2.0
18,10,5,9,50,0.21875,-4,1.4999999999999998,1.5,2.5,8.5,9,3,1.4444444444444444
18,11,8,7,49,0.234375,1,1.375,0.875,1.375,8.875,9,4,1.8888888888888888
18,12,7,9,48,0.25,-2,0.7499999999999999,1.75,1.75,9.249999999999998,11,3,1.4545454545454546
18,13,9,8,47,0.265625,1,1.875,1.375,1.875,9.875,9,4,2.111111111111111
18,14,7,11,46,0.28125,-4,2.5000000000000004,1.5,3.5,10.5,12,4,1.75
18,15,9,10,45,0.296875,-1,3.875,0.875,2.875,11.375,10,4,2.4
18,16,5,15,44,0.3125,-10,5.749999999999999,0.75,2.75,12.25,10,3,2.0
18,17,7,14,43,0.328125,-7,4.625,1.125,1.625,13.625,11,3,1.6363636363636365
18,18,6,16,42,0.34375,-10,7.749999999999999,0.75,0.75,15.249999999999998,10,4,2.8
18,19,11,12,41,0.359375,-1,5.375,0.375,0.375,15.375000000000002,7,4,2.857142857142857
18,20,9,15,40,0.375,-6,6.75,0.75,1.75,17.25,13,5,2.6153846153846154
18,21,13,12,39,0.390625,1,5.375,0.375,3.375,18.375000000000004,13,4,2.076923076923077
18,22,12,14,38,0.40625,-2,3.7500000000000004,0.25,3.25,18.750000000000004,15,3,1.7333333333333334
18,23,14,13,37,0.421875,1,3.375,0.875,1.875,19.874999999999996,13,4,2.230769230769231
18,24,12,16,36,0.4375,-4,2.75,1.25,1.75,21.25,14,5,2.5714285714285716
18,25,14,15,35,0.453125,-1,1.375,1.375,1.875,21.875000000000004,12,5,2.0833333333333335
18,26,10,20,34,0.46875,-10,2.75,1.75,1.75,22.249999999999996,11,5,2.727272727272727
18,27,12,19,33,0.484375,-7,4.0,1.75,4.0,23.500000000000004,9,6,2.4444444444444446
18,28,11,21,32,0.5,-10,5.125000000000001,1.875,4.125,23.625,11,4,2.3636363636363638
18,29,13,20,31,0.515625,-7,4.0,3.25,4.0,25.0,10,5,2.4
18,30,12,22,30,0.53125,-10,5.125000000000001,2.375,4.625,26.625000000000004,12,4,2.3333333333333335
18,31,14,21,29,0.546875,-7,3.5,1.25,5.0,27.5,10,6,2.3
18,32,10,26,28,0.5625,-16,7.875,1.625,5.375,29.375000000000004,10,5,2.7
18,33,12,25,27,0.578125,-13,7.000000000000001,0.75,5.0,30.0,13,4,1.6153846153846154
18,34,11,27,26,0.59375,-16,7.875,1.125,5.375,30.875000000000004,8,5,3.375
18,35,16,23,25,0.609375,-7,4.625,1.125,4.125,32.625,11,4,2.272727272727273
18,36,13,27,24,0.625,-14,6.75,0.75,8.25,33.75,11,5,2.727272727272727
18,37,15,26,23,0.640625,-11,4.625,1.625,9.625,35.12499999999999,10,5,2.1
18,38,14,28,22,0.65625,-14,6.75,1.25,9.25,36.25,9,5,2.7777777777777777
18,39,19,24,21,0.671875,-5,5.125000000000001,2.125,10.125,36.625,9,4,2.3333333333333335
18,40,17,27,20,0.6875,-10,7.5,2.5,13.5,37.99999999999999,7,3,1.8571428571428572
18,41,20,25,19,0.703125,-5,5.625,2.125,12.125,38.625,8,5,2.5
18,42,16,30,18,0.71875,-14,8.25,2.25,9.75,40.25,7,5,3.142857142857143
18,43,20,27,17,0.734375,-7,6.125,2.125,10.625,42.12500000000001,9,5,2.111111111111111
18,44,19,29,16,0.75,-10,10.25,2.25,9.75,43.75,5,5,2.6
18,45,25,24,15,0.765625,1,2.625,1.625,7.125,45.625,7,6,2.5714285714285716
18,46,21,29,14,0.78125,-8,4.499999999999999,3.5,6.0,46.49999999999999,6,3,1.6666666666666667
18,47,25,26,13,0.796875,-1,11.75,3.5,1.25,46.75,7,5,2.5714285714285716
18,48,23,29,12,0.8125,-6,13.5,5.5,1.0,47.5,6,5,2.3333333333333335
18,49,26,27,11,0.828125,-1,11.125,7.125,3.125,49.12500000000001,5,7,4.0
18,50,21,33,10,0.84375,-12,11.0,9.0,3.0,51.00000000000001,7,5,3.0
18,51,25,30,9,0.859375,-5,10.25,13.0,4.25,52.25000000000001,2,6,5.5
18,52,19,37,8,0.875,-18,7.5,15.0,13.5,52.49999999999999,4,4,2.25
18,53,21,36,7,0.890625,-15,6.75,16.5,16.75,54.24999999999999,2,4,3.5
18,54,18,40,6,0.90625,-22,11.375,14.125,10.375,55.37499999999999,3,4,2.6666666666666665
18,55,20,39,5,0.921875,-19,10.125,14.125,14.125,56.125,1,4,4.0
18,56,16,44,4,0.9375,-28,19.500000000000004,14.5,10.5,57.5,4,8,4.75
18,57,23,38,3,0.953125,-15,13.75,8.5,9.75,58.75,0,0,0.0
18,58,23,38,3,0.953125,-15,13.75,8.5,9.75,58.75,3,8,4.333333333333333
18,59,28,34,2,0.96875,-6,5.375,9.125,13.375,60.37500000000001,0,0,0.0
18,60,28,34,2,0.96875,-6,5.375,9.125,13.375,60.37500000000001,2,8,4.5
18,61,30,33,1,0.984375,-3,7.125,9.125,15.125,62.12499999999999,0,0,0.0
18,62,30,33,1,0.984375,-3,7.125,9.125,15.125,62.12499999999999,1,8,8.0
18,63,39,25,0,1.0,14,12.999999999999998,16.0,19.0,64.0,0,0,0.0
19,0,2,2,60,0.0625,0,0.0,0.0,4.0,4.0,4,1,1.0
19,1,4,1,59,0.078125,3,1.1249999999999998,0.125,1.125,4.125000000000001,3,1,1.0
19,2,3,3,58,0.09375,0,0.37499999999999994,0.125,4.375,4.375,4,1,1.0
19,3,5,2,57,0.109375,3,1.7500000000000002,0.0,1.75,4.750000000000001,2,2,2.0
19,4,3,5,56,0.125,-2,0.37499999999999994,1.125,0.375,5.375,9,1,1.0
19,5,5,4,55,0.140625,1,0.5000000000000001,0.25,1.5,5.5,6,3,1.5
19,6,4,6,54,0.15625,-2,0.6250000000000001,1.375,0.625,5.625,9,2,1.3333333333333333
19,7,7,4,53,0.171875,3,0.7499999999999999,1.5,0.75,5.749999999999999,9,2,1.4444444444444444
19,8,5,7,52,0.1875,-2,5.125000000000001,0.875,1.125,6.625000000000001,8,3,1.875
19,9,7,6,51,0.203125,1,5.000000000000001,0.75,2.5,7.000000000000001,6,3,1.6666666666666667
19,10,6,8,50,0.21875,-2,4.625,0.375,3.125,7.125,9,3,1.4444444444444444
19,11,8,7,49,0.234375,1,5.5,1.25,2.5,7.5,7,3,1.8571428571428572
19,12,5,11,48,0.25,-6,5.625,1.375,2.125,8.125,10,3,1.8
19,13,7,10,47,0.265625,-3,6.25,1.0,2.25,8.75,8,3,1.875
19,14,5,13,46,0.28125,-8,8.625,0.375,1.125,9.125,9,3,1.8888888888888888
19,15,8,11,45,0.296875,-3,7.375,2.375,0.875,9.875,8,3,1.875
19,16,7,13,44,0.3125,-6,6.25,2.25,2.75,10.749999999999998,12,4,2.0833333333333335
19,17,9,12,43,0.328125,-3,5.125000000000001,3.625,2.625,11.125,8,6,2.0
19,18,8,14,42,0.34375,-6,4.499999999999999,3.0,4.0,11.999999999999998,12,4,2.0833333333333335
19,19,10,13,41,0.359375,-3,4.625,2.125,4.125,13.124999999999998,7,5,2.4285714285714284
19,20,9,15,40,0.375,-6,4.25,1.75,6.75,14.25,10,4,2.5
19,21,11,14,39,0.390625,-3,4.499999999999999,1.75,4.0,15.5,8,3,2.0
19,22,8,18,38,0.40625,-10,5.125000000000001,3.375,1.125,16.125,9,6,2.6666666666666665
19,23,10,17,37,0.421875,-7,4.750000000000001,3.5,2.75,16.75,8,4,1.875
19,24,6,22,36,0.4375,-16,8.125,0.875,4.125,17.625,8,6,3.625
19,25,9,20,35,0.453125,-11,4.0,1.25,5.5,19.000000000000004,9,3,1.8888888888888888
19,26,6,24,34,0.46875,-18,10.125,0.875,6.125,20.625,6,6,3.6666666666666665
19,27,9,22,33,0.484375,-13,5.999999999999999,0.75,12.0,22.5,11,3,1.5454545454545454
19,28,7,25,32,0.5,-18,7.125,1.875,7.125,22.624999999999996,6,4,2.8333333333333335
19,29,11,22,31,0.515625,-11,4.499999999999999,2.25,5.0,23.999999999999996,11,3,1.7272727272727273
19,30,10,24,30,0.53125,-14,4.625,1.375,4.125,25.125000000000004,10,5,2.3
19,31,13,22,29,0.546875,-9,6.374999999999999,3.375,3.875,26.874999999999996,9,4,2.0
19,32,11,25,28,0.5625,-14,5.000000000000001,1.0,3.0,28.5,12,5,2.25
19,33,16,21,27,0.578125,-5,6.374999999999999,3.375,2.375,30.374999999999996,10,3,2.0
19,34,13,25,26,0.59375,-12,6.499999999999999,2.5,6.5,31.5,12,5,1.9166666666666667
19,35,16,23,25,0.609375,-7,5.875000000000001,2.375,6.875,32.875,11,6,2.272727272727273
19,36,15,25,24,0.625,-10,9.249999999999998,3.25,5.25,33.75,12,4,1.8333333333333333
19,37,17,24,23,0.640625,-7,6.374999999999999,2.875,7.375,35.37499999999999,11,6,2.272727272727273
19,38,14,28,22,0.65625,-14,10.000000000000002,4.0,9.0,36.5,12,4,1.9166666666666667
19,39,18,25,21,0.671875,-7,12.375,3.875,4.375,37.875,6,6,2.3333333333333335
19,40,16,28,20,0.6875,-12,10.5,2.5,4.5,39.5,12,5,1.9166666666666667
19,41,18,27,19,0.703125,-9,11.75,2.5,5.75,39.75,7,5,1.8571428571428572
19,42,17,29,18,0.71875,-12,11.624999999999998,2.375,5.625,41.625,12,5,2.4166666666666665
19,43,19,28,17,0.734375,-9,10.000000000000002,2.75,9.0,43.5,11,5,2.090909090909091
19,44,16,32,16,0.75,-16,10.749999999999998,2.75,9.75,44.25,8,5,3.625
19,45,21,28,15,0.765625,-7,6.125,9.125,8.125,45.625,11,6,2.3636363636363638
19,46,15,35,14,0.78125,-20,16.75,1.75,4.75,47.25,9,5,2.888888888888889
19,47,20,31,13,0.796875,-11,9.625,7.125,3.125,47.62499999999999,8,6,2.0
19,48,19,33,12,0.8125,-14,9.249999999999998,9.25,4.25,48.24999999999999,7,7,3.0
19,49,27,26,11,0.828125,1,10.000000000000002,3.75,5.0,48.5,7,6,2.4285714285714284
19,50,26,28,10,0.84375,-2,8.875,3.625,3.375,49.37500000000001,6,5,2.8333333333333335
19,51,31,24,9,0.859375,7,10.25,9.0,3.75,51.25,5,4,2.2
19,52,28,28,8,0.875,0,19.000000000000004,5.5,4.5,52.49999999999999,6,8,3.5
19,53,31,26,7,0.890625,5,18.625,9.125,2.625,53.625,3,2,1.6666666666666667
19,54,29,29,6,0.90625,0,22.875000000000004,7.625,4.875,55.37499999999999,5,6,3.6
19,55,33,26,5,0.921875,7,24.625,7.625,1.625,56.125,3,2,1.3333333333333333
19,56,32,28,4,0.9375,4,25.0,8.5,3.5,57.5,3,6,3.3333333333333335
19,57,35,26,3,0.953125,9,26.249999999999996,8.5,3.75,58.75,3,2,1.3333333333333333
19,58,34,28,2,0.96875,6,26.874999999999996,7.625,5.875,60.37500000000001,1,7,7.0
19,59,42,21,1,0.984375,21,40.74999999999999,0.5,6.75,62.24999999999999,1,1,1.0
19,60,41,23,0,1.0,18,42.50000000000001,0.5,6.5,64.0,0,0,0.0
20,0,2,2,60,0.0625,0,0.0,0.0,4.0,4.0,4,1,1.0
20,1,4,1,59,0.078125,3,1.1249999999999998,0.125,1.125,4.125000000000001,3,1,1.0
20,2,3,3,58,0.09375,0,0.0,0.5,0.5,4.499999999999999,5,1,1.0
20,3,5,2,57,0.109375,3,1.1249999999999998,1.125,1.125,5.125000000000001,4,2,1.25
20,4,3,5,56,0.125,-2,1.0,0.5,1.5,5.999999999999999,5,2,1.4
20,5,5,4,55,0.140625,1,0.12500000000000003,0.125,0.125,7.125,11,2,1.1818181818181819
20,6,4,6,54,0.15625,-2,1.375,0.125,1.375,7.375,9,2,1.3333333333333333
20,7,6,5,53,0.171875,1,0.7499999999999999,0.0,0.75,8.75,9,3,1.5555555555555556
20,8,5,7,52,0.1875,-2,1.0,0.5,0.0,9.499999999999998,9,4,1.6666666666666667
20,9,7,6,51,0.203125,1,2.125,1.125,1.125,11.125,9,3,1.6666666666666667
20,10,6,8,50,0.21875,-2,2.25,0.25,1.25,11.250000000000002,9,3,1.6666666666666667
20,11,8,7,49,0.234375,1,2.3749999999999996,0.375,2.375,11.375,9,3,1.8888888888888888
20,12,7,9,48,0.25,-2,2.75,0.75,1.75,13.25,11,3,1.5454545454545454
20,13,9,8,47,0.265625,1,2.125,0.625,1.625,13.625,9,3,2.111111111111111
20,14,8,10,46,0.28125,-2,2.5000000000000004,1.0,2.5,14.0,11,3,1.7272727272727273
20,15,10,9,45,0.296875,1,2.125,1.125,2.625,14.625000000000002,12,4,2.25
20,16,8,12,44,0.3125,-4,3.375,1.125,2.875,15.875000000000002,11,5,2.3636363636363638
20,17,13,8,43,0.328125,5,5.749999999999999,4.0,2.25,16.75,11,6,2.4545454545454546
20,18,12,10,42,0.34375,2,5.375,2.625,1.875,16.875,13,4,1.9230769230769231
20,19,14,9,41,0.359375,5,5.749999999999999,4.0,2.75,17.25,10,6,3.0
20,20,11,13,40,0.375,-2,4.375,1.625,2.375,17.374999999999996,12,4,1.9166666666666667
20,21,14,11,39,0.390625,3,9.0,3.25,1.5,17.999999999999996,10,6,3.1
20,22,13,13,38,0.40625,0,9.375,3.625,0.375,18.375000000000004,12,3,1.8333333333333333
20,23,16,11,37,0.421875,5,11.999999999999998,2.25,1.5,19.000000000000004,9,6,3.4444444444444446
20,24,14,14,36,0.4375,0,7.625000000000001,2.375,2.125,20.125000000000004,9,3,2.0
20,25,18,11,35,0.453125,7,9.499999999999998,2.75,4.5,21.0,9,6,3.888888888888889
20,26,15,15,34,0.46875,0,12.875,2.125,1.875,21.875000000000004,10,4,1.6
20,27,18,13,33,0.484375,5,11.0,4.25,2.5,22.5,10,6,3.2
20,28,17,15,32,0.5,2,11.875,3.125,2.375,23.375,9,3,1.5555555555555556
20,29,20,13,31,0.515625,7,12.999999999999998,2.75,2.0,24.5,10,7,4.3
20,30,13,21,30,0.53125,-8,8.625,0.375,4.625,24.625,6,4,1.6666666666666667
20,31,15,20,29,0.546875,-5,7.5,1.75,6.0,25.0,11,6,2.909090909090909
20,32,14,22,28,0.5625,-8,8.25,1.25,5.75,25.25,5,4,2.4
20,33,16,21,27,0.578125,-5,7.875,0.375,7.875,25.874999999999996,10,6,3.2
20,34,14,24,26,0.59375,-10,9.125,0.375,5.125,26.125,4,6,3.5
20,35,20,19,25,0.609375,1,4.875000000000001,5.375,5.875,26.874999999999996,9,6,3.3333333333333335
20,36,18,22,24,0.625,-4,2.75,5.75,6.75,28.250000000000004,7,7,3.142857142857143
20,37,23,18,23,0.640625,5,7.875,6.875,5.875,29.375000000000004,9,7,3.5555555555555554
20,38,19,23,22,0.65625,-4,2.0000000000000004,8.5,7.0,30.999999999999996,8,6,2.875
20,39,22,21,21,0.671875,1,1.875,7.875,7.875,32.375,9,4,2.3333333333333335
20,40,21,23,20,0.6875,-2,2.0000000000000004,6.0,10.0,33.5,7,6,2.4285714285714284
20,41,23,22,19,0.703125,1,2.3749999999999996,8.375,7.875,34.87499999999999,8,5,2.5
20,42,21,25,18,0.71875,-4,2.75,3.75,7.75,36.25,6,6,2.5
20,43,23,24,17,0.734375,-1,3.5,3.75,8.5,37.99999999999999,10,6,3.0
20,44,17,31,16,0.75,-14,4.875000000000001,3.125,12.875,39.87500000000001,7,8,2.857142857142857
20,45,20,29,15,0.765625,-9,2.9999999999999996,2.75,13.0,41.50000000000001,11,3,1.5454545454545454
20,46,18,32,14,0.78125,-14,4.375,2.625,11.875,42.37499999999999,7,5,3.2857142857142856
20,47,23,28,13,0.796875,-5,4.0,2.25,8.0,44.0,8,4,2.0
20,48,19,33,12,0.8125,-14,7.375,3.625,4.375,45.87499999999999,6,5,3.5
20,49,24,29,11,0.828125,-5,2.9999999999999996,3.75,10.5,47.0,5,4,2.6
20,50,22,32,10,0.84375,-10,4.375,5.125,9.875,48.875,6,6,3.5
20,51,29,26,9,0.859375,3,5.625,3.625,12.125,49.62500000000001,4,6,2.75
20,52,23,33,8,0.875,-10,4.25,6.25,12.25,51.25,4,5,3.5
20,53,29,28,7,0.890625,1,1.1249999999999998,1.125,10.125,53.125,3,4,3.0
20,54,26,32,6,0.90625,-6,4.0,3.0,8.5,54.5,3,6,3.0
20,55,33,26,5,0.921875,7,11.75,4.5,9.25,55.75,3,5,3.3333333333333335
20,56,30,30,4,0.9375,0,14.0,4.5,4.5,57.0,2,6,3.5
20,57,32,29,3,0.953125,3,16.125,4.625,5.125,58.62500000000001,1,2,2.0
20,58,30,32,2,0.96875,-2,17.0,1.5,9.0,60.49999999999999,2,7,4.0
20,59,32,31,1,0.984375,1,17.25,2.0,7.25,62.24999999999999,0,0,0.0
20,60,32,31,1,0.984375,1,17.25,2.0,7.25,62.24999999999999,1,7,7.0
20,61,40,24,0,1.0,16,22.5,1.5,6.5,64.0,0,0,0.0
21,0,2,2,60,0.0625,0,0.0,0.0,4.0,4.0,4,1,1.0
21,1,4,1,59,0.078125,3,1.1249999999999998,0.125,1.125,4.125000000000001,3,1,1.0
21,2,3,3,58,0.09375,0,0.0,0.5,0.5,4.499999999999999,5,1,1.0
21,3,5,2,57,0.109375,3,1.2500000000000002,0.5,1.75,4.750000000000001,4,2,1.25
21,4,4,4,56,0.125,0,0.37499999999999994,1.125,0.375,5.375,6,1,1.0
21,5,6,3,55,0.140625,3,1.2500000000000002,2.0,1.75,6.25,6,2,1.5
21,6,5,5,54,0.15625,0,0.37499999999999994,1.125,1.375,7.375,11,2,1.2727272727272727
21,7,8,3,53,0.171875,5,4.25,2.0,0.75,8.75,5,4,1.8
21,8,4,8,52,0.1875,-4,2.3749999999999996,0.125,0.875,8.875,11,2,1.4545454545454546
21,9,6,7,51,0.203125,-1,1.0,0.75,2.5,9.0,10,3,1.6
21,10,5,9,50,0.21875,-4,2.875,0.625,0.875,9.375,10,3,1.8
21,11,8,7,49,0.234375,1,1.6249999999999998,2.625,0.625,10.125,10,4,1.8
21,12,7,9,48,0.25,-2,2.75,3.75,1.25,11.75,15,4,1.8666666666666667
21,13,10,7,47,0.265625,3,2.125,1.125,0.625,13.625,12,5,1.9166666666666667
21,14,9,9,46,0.28125,0,1.7500000000000002,0.75,1.75,14.25,15,4,1.6
21,15,11,8,45,0.296875,3,0.875,0.875,2.875,14.375,10,4,2.4
21,16,7,13,44,0.3125,-6,5.25,5.25,2.25,15.249999999999998,15,3,1.7333333333333334
21,17,9,12,43,0.328125,-3,4.875000000000001,6.875,1.875,15.375000000000002,10,4,1.9
21,18,8,14,42,0.34375,-6,6.25,4.25,3.75,15.750000000000002,12,6,2.25
21,19,11,12,41,0.359375,-1,5.875000000000001,6.875,0.875,16.375000000000004,11,4,2.0
21,20,10,14,40,0.375,-4,5.749999999999999,7.25,2.25,16.75,13,5,2.076923076923077
21,21,12,13,39,0.390625,-1,5.375,3.875,1.875,17.875,12,4,2.0
21,22,11,15,38,0.40625,-4,5.5,6.5,1.5,18.5,15,5,2.1333333333333333
21,23,13,14,37,0.421875,-1,5.625,6.625,0.625,18.625,9,5,2.3333333333333335
21,24,12,16,36,0.4375,-4,5.375,5.125,1.375,19.874999999999996,15,4,2.2
21,25,14,15,35,0.453125,-1,6.25,6.0,1.25,20.75,5,5,2.4
21,26,9,21,34,0.46875,-12,10.125,3.875,5.625,21.125,12,4,2.6666666666666665
21,27,12,19,33,0.484375,-7,11.999999999999998,4.25,4.0,21.5,4,4,2.0
21,28,10,22,32,0.5,-12,12.625,5.875,2.125,22.125,11,7,3.1818181818181817
21,29,18,15,31,0.515625,3,11.5,2.75,1.0,22.999999999999996,2,2,1.5
21,30,17,17,30,0.53125,0,11.375,5.625,0.875,23.875000000000004,11,7,3.727272727272727
21,31,19,16,29,0.546875,3,9.499999999999998,4.75,1.0,25.0,4,4,2.25
21,32,15,21,28,0.5625,-6,14.625000000000002,6.875,1.125,26.125,10,7,4.6
21,33,18,19,27,0.578125,-1,13.75,5.0,1.25,27.250000000000004,4,1,1.0
21,34,17,21,26,0.59375,-4,14.125,8.375,1.125,28.624999999999996,10,7,4.2
21,35,21,18,25,0.609375,3,10.5,5.75,2.0,30.0,3,1,1.0
21,36,20,20,24,0.625,0,11.375,9.625,1.375,31.375,10,6,3.9
21,37,25,16,23,0.640625,9,8.5,7.25,3.0,32.00000000000001,2,2,1.5
21,38,23,19,22,0.65625,4,13.75,7.25,2.25,32.25,8,6,3.75
21,39,26,17,21,0.671875,9,12.375,7.875,5.375,33.875,7,4,2.4285714285714284
21,40,22,22,20,0.6875,0,12.750000000000002,6.25,1.25,34.74999999999999,8,7,3.875
21,41,29,16,19,0.703125,13,8.375,6.875,2.375,36.375,8,5,2.625
21,42,25,21,18,0.71875,4,13.124999999999998,2.875,2.125,37.12500000000001,10,7,2.5
21,43,29,18,17,0.734375,11,13.375,2.875,6.375,37.375,7,6,2.857142857142857
21,44,24,24,16,0.75,0,12.25,1.25,5.75,38.75,9,5,2.4444444444444446
21,45,28,21,15,0.765625,7,10.375000000000002,3.375,5.375,39.87500000000001,6,4,2.0
21,46,27,23,14,0.78125,4,11.250000000000002,5.25,7.25,41.75,9,5,2.7777777777777777
21,47,30,21,13,0.796875,9,12.125,3.125,11.125,43.625,6,5,3.0
21,48,25,27,12,0.8125,-2,12.875,3.125,9.875,45.375,6,7,4.5
21,49,33,20,11,0.828125,13,11.5,2.75,10.0,47.0,6,4,2.8333333333333335
21,50,31,23,10,0.84375,8,11.125,3.875,9.125,48.625,5,5,3.0
21,51,33,22,9,0.859375,11,13.5,4.25,11.0,50.00000000000001,4,4,3.0
21,52,30,26,8,0.875,4,10.749999999999998,4.25,21.25,51.25,3,5,3.0
21,53,33,24,7,0.890625,9,10.625000000000002,3.125,20.125,53.125,2,5,4.0
21,54,30,28,6,0.90625,2,7.249999999999999,5.75,15.25,54.75,3,5,2.6666666666666665
21,55,33,26,5,0.921875,7,8.125,8.625,17.125,56.62499999999999,1,3,3.0
21,56,30,30,4,0.9375,0,12.875,7.625,7.875,58.37500000000001,2,3,2.5
21,57,33,28,3,0.953125,5,13.75,6.5,5.75,60.25000000000001,0,0,0.0
21,58,33,28,3,0.953125,5,13.75,6.5,5.75,60.25000000000001,1,3,3.0
21,59,37,25,2,0.96875,12,11.5,6.5,15.5,60.99999999999999,0,0,0.0
21,60,37,25,2,0.96875,12,11.5,6.5,15.5,60.99999999999999,1,6,6.0
21,61,44,19,1,0.984375,25,30.750000000000004,0.5,14.75,62.24999999999999,0,0,0.0
21,62,44,19,1,0.984375,25,30.750000000000004,0.5,14.75,62.24999999999999,1,6,6.0
21,63,51,13,0,1.0,38,44.5,0.5,2.5,64.0,0,0,0.0
22,0,2,2,60,0.0625,0,0.0,0.0,4.0,4.0,4,1,1.0
22,1,4,1,59,0.078125,3,1.1249999999999998,0.125,1.125,4.125000000000001,3,1,1.0
22,2,3,3,58,0.09375,0,0.0,0.5,0.5,4.499999999999999,5,1,1.0
22,3,5,2,57,0.109375,3,1.1249999999999998,1.125,1.125,5.125000000000001,4,2,1.25
22,4,3,5,56,0.125,-2,1.0,0.5,1.5,5.999999999999999,5,2,1.4
22,5,5,4,55,0.140625,1,0.12500000000000003,0.125,0.125,7.125,11,2,1.1818181818181819
22,6,4,6,54,0.15625,-2,1.375,0.125,1.375,7.375,9,2,1.3333333333333333
22,7,6,5,53,0.171875,1,0.7499999999999999,0.0,0.75,8.75,9,3,1.5555555555555556
22,8,5,7,52,0.1875,-2,2.5000000000000004,0.0,2.5,9.499999999999998,9,2,1.4444444444444444
22,9,8,5,51,0.203125,3,3.1250000000000004,0.125,3.125,11.125,8,3,1.875
22,10,6,8,50,0.21875,-2,3.375,0.125,1.375,12.375,10,2,1.6
22,11,8,7,49,0.234375,1,3.5,0.25,2.5,12.500000000000002,10,4,1.8
22,12,6,10,48,0.25,-4,2.625,0.375,0.625,12.625,10,4,2.2
22,13,11,6,47,0.265625,5,8.000000000000002,1.75,0.5,12.999999999999998,9,4,2.111111111111111
22,14,10,8,46,0.28125,2,7.625000000000001,1.375,1.125,13.124999999999998,11,3,1.8181818181818181
22,15,12,7,45,0.296875,5,8.000000000000002,1.75,1.0,13.5,8,5,2.875
22,16,9,11,44,0.3125,-2,7.125,0.875,2.125,13.625,10,3,1.7
22,17,11,10,43,0.328125,1,8.000000000000002,1.75,1.5,14.0,9,5,2.7777777777777777
22,18,10,12,42,0.34375,-2,8.875,2.625,0.875,14.375,10,3,1.8
22,19,12,11,41,0.359375,1,6.499999999999999,3.25,1.0,15.000000000000002,10,6,3.7
22,20,8,16,40,0.375,-8,9.125,0.875,1.125,15.625,10,3,1.8
22,21,10,15,39,0.390625,-5,9.249999999999998,2.0,1.75,16.249999999999996,10,4,2.4
22,22,8,18,38,0.40625,-10,7.125,0.875,2.125,17.125,9,4,2.111111111111111
22,23,10,17,37,0.421875,-7,5.5,0.75,2.0,17.999999999999996,12,5,2.5
22,24,9,19,36,0.4375,-10,5.125000000000001,1.875,2.125,19.124999999999996,9,4,2.3333333333333335
22,25,11,18,35,0.453125,-7,4.25,3.0,2.75,20.25,13,4,2.3846153846153846
22,26,10,20,34,0.46875,-10,7.125,2.875,1.625,21.125,8,4,2.25
22,27,13,18,33,0.484375,-5,4.25,2.0,1.75,22.249999999999996,11,5,2.727272727272727
22,28,12,20,32,0.5,-8,4.875000000000001,2.625,1.875,22.875000000000004,7,6,2.857142857142857
22,29,16,17,31,0.515625,-1,4.750000000000001,3.5,1.75,23.749999999999996,10,6,3.3
22,30,12,22,30,0.53125,-10,10.875,1.625,1.875,23.875000000000004,6,4,2.0
22,31,15,20,29,0.546875,-5,9.75,2.0,4.25,24.249999999999996,11,6,2.909090909090909
22,32,14,22,28,0.5625,-8,10.5,1.5,4.0,24.5,5,3,1.8
22,33,16,21,27,0.578125,-5,9.125,0.625,6.125,25.125000000000004,11,5,3.272727272727273
22,34,11,27,26,0.59375,-16,12.375,0.625,3.375,25.375000000000004,3,6,4.0
22,35,17,22,25,0.609375,-5,7.125,4.625,4.125,26.125,10,6,3.1
22,36,15,25,24,0.625,-10,5.999999999999999,5.0,5.0,27.5,5,7,3.8
22,37,17,24,23,0.640625,-7,3.375,4.875,5.375,28.875,10,4,2.4
22,38,16,26,22,0.65625,-10,4.0,6.0,4.0,30.500000000000004,6,7,3.5
22,39,18,25,21,0.671875,-7,3.1250000000000004,4.625,6.125,32.125,10,4,2.5
22,40,17,27,20,0.6875,-10,5.5,5.0,6.0,33.5,6,7,3.1666666666666665
22,41,22,23,19,0.703125,-1,8.625,5.125,5.125,34.625,9,6,3.3333333333333335
22,42,20,26,18,0.71875,-6,11.0,3.5,4.0,36.0,4,6,2.5
22,43,27,20,17,0.734375,7,7.749999999999999,11.5,5.75,36.75,9,6,3.2222222222222223
22,44,26,22,16,0.75,4,7.125,10.875,8.125,38.625,6,4,2.0
22,45,28,21,15,0.765625,7,9.0,9.75,7.0,40.5,8,6,3.875
22,46,22,28,14,0.78125,-6,7.625000000000001,8.375,7.125,42.12500000000001,7,4,2.142857142857143
22,47,24,27,13,0.796875,-3,9.0,7.25,9.5,42.99999999999999,7,6,2.857142857142857
22,48,23,29,12,0.8125,-6,8.875,9.125,9.375,44.875,7,6,3.5714285714285716
22,49,26,27,11,0.828125,-1,9.625,5.125,8.125,46.625,5,4,2.8
22,50,24,30,10,0.84375,-6,8.875,5.125,12.375,47.875,6,9,4.166666666666667
22,51,30,25,9,0.859375,5,15.124999999999998,5.125,7.625,49.12500000000001,7,4,2.142857142857143
22,52,29,27,8,0.875,2,12.750000000000002,4.25,8.25,50.25,4,5,2.5
22,53,35,22,7,0.890625,13,15.124999999999998,3.625,3.625,51.625,6,7,3.1666666666666665
22,54,28,30,6,0.90625,-2,5.749999999999999,4.25,3.75,53.24999999999999,3,4,2.3333333333333335
22,55,31,28,5,0.921875,3,7.375,4.875,5.375,54.875,4,3,2.75
22,56,28,32,4,0.9375,-4,4.750000000000001,4.25,2.75,56.75,2,4,3.5
22,57,33,28,3,0.953125,5,4.625,2.125,2.625,58.62500000000001,3,3,2.3333333333333335
22,58,30,32,2,0.96875,-2,4.375,2.125,2.375,60.37500000000001,2,3,2.0
22,59,32,31,1,0.984375,1,6.625000000000001,2.625,2.625,62.12499999999999,1,4,4.0
22,60,28,36,0,1.0,-8,6.499999999999999,1.5,2.5,64.0,0,0,0.0
23,0,2,2,60,0.0625,0,0.0,0.0,4.0,4.0,4,1,1.0
23,1,4,1,59,0.078125,3,1.1249999999999998,0.125,1.125,4.125000000000001,3,1,1.0
23,2,3,3,58,0.09375,0,0.0,0.5,0.5,4.499999999999999,5,1,1.0
23,3,5,2,57,0.109375,3,1.2500000000000002,0.5,1.75,4.750000000000001,4,2,1.25
23,4,4,4,56,0.125,0,0.37499999999999994,1.125,0.375,5.375,6,1,1.0
23,5,6,3,55,0.140625,3,1.2500000000000002,2.0,1.75,6.25,6,2,1.5
23,6,5,5,54,0.15625,0,0.37499999999999994,1.125,1.375,7.375,11,2,1.2727272727272727
23,7,7,4,53,0.171875,3,2.125,1.125,3.125,8.125,7,3,1.8571428571428572
23,8,4,8,52,0.1875,-4,3.2499999999999996,0.25,2.25,8.25,7,2,1.4285714285714286
23,9,6,7,51,0.203125,-1,3.5,1.25,1.5,9.499999999999998,11,2,1.2727272727272727
23,10,5,9,50,0.21875,-4,6.875,2.125,0.875,10.875,8,4,2.25
23,11,7,8,49,0.234375,-1,6.499999999999999,0.25,0.5,12.500000000000002,11,2,1.4545454545454546
23,12,6,10,48,0.25,-4,6.875,0.625,1.875,12.875,11,4,2.1818181818181817
23,13,9,8,47,0.265625,1,4.0,0.75,2.0,12.999999999999998,11,4,1.9090909090909092
23,14,6,12,46,0.28125,-6,8.625,2.375,0.625,13.625,10,4,2.0
23,15,8,11,45,0.296875,-3,7.749999999999999,1.5,0.75,13.75,11,3,1.9090909090909092
23,16,7,13,44,0.3125,-6,8.625,2.375,1.125,14.125,9,6,2.7777777777777777
23,17,11,10,43,0.328125,1,7.249999999999999,1.0,1.75,14.25,10,3,1.8
23,18,10,12,42,0.34375,-2,8.125,1.875,1.125,14.625000000000002,10,6,2.7
23,19,12,11,41,0.359375,1,9.0,2.75,0.5,15.000000000000002,10,3,1.9
23,20,11,13,40,0.375,-2,6.625000000000001,3.375,0.625,15.625,11,6,3.5454545454545454
23,21,16,9,39,0.390625,7,9.249999999999998,1.0,0.75,16.249999999999996,10,3,1.9
23,22,14,12,38,0.40625,2,6.625000000000001,2.375,1.625,17.125,9,5,3.111111111111111
23,23,18,9,37,0.421875,9,3.5,3.25,3.5,19.000000000000004,7,5,2.4285714285714284
23,24,16,12,36,0.4375,4,2.75,1.75,4.75,20.75,11,5,2.3636363636363638
23,25,18,11,35,0.453125,7,2.125,1.625,4.625,21.625,9,5,2.5555555555555554
23,26,15,15,34,0.46875,0,3.7500000000000004,2.25,1.75,22.249999999999996,11,5,2.5454545454545454
23,27,17,14,33,0.484375,3,2.875,1.875,1.375,23.375,9,4,2.3333333333333335
23,28,15,17,32,0.5,-2,5.25,1.75,3.75,24.75,11,5,3.1818181818181817
23,29,20,13,31,0.515625,7,4.125000000000001,1.625,1.625,25.625,9,4,1.8888888888888888
23,30,19,15,30,0.53125,4,4.25,2.25,1.75,27.250000000000004,11,5,2.8181818181818183
23,31,21,14,29,0.546875,7,4.375,1.375,1.375,28.375,6,4,2.1666666666666665
23,32,19,17,28,0.5625,2,8.625,1.375,1.625,28.624999999999996,11,7,3.1818181818181817
23,33,21,16,27,0.578125,5,8.5,1.75,5.0,30.0,11,5,2.8181818181818183
23,34,17,21,26,0.59375,-4,9.125,3.375,1.625,31.124999999999996,11,7,3.4545454545454546
23,35,22,17,25,0.609375,5,2.9999999999999996,6.25,5.5,33.0,9,6,2.7777777777777777
23,36,21,19,24,0.625,2,2.3749999999999996,8.625,7.375,33.875,16,5,2.375
23,37,25,16,23,0.640625,9,5.000000000000001,5.25,2.5,35.0,6,6,3.0
23,38,23,19,22,0.65625,4,6.125,3.375,4.625,35.12499999999999,13,5,2.4615384615384617
23,39,26,17,21,0.671875,9,5.749999999999999,2.5,8.75,36.75,8,7,3.875
23,40,22,22,20,0.6875,0,6.125,1.375,5.625,38.12499999999999,9,5,3.0
23,41,24,21,19,0.703125,3,7.249999999999999,2.0,6.25,39.75,7,6,3.857142857142857
23,42,18,28,18,0.71875,-10,8.125,10.875,3.625,40.125,9,6,2.888888888888889
23,43,22,25,17,0.734375,-3,5.5,9.25,7.5,41.50000000000001,8,5,2.625
23,44,21,27,16,0.75,-6,4.375,11.125,8.375,43.37500000000001,8,5,2.5
23,45,23,26,15,0.765625,-3,4.625,11.125,8.625,43.625,6,6,3.5
23,46,19,31,14,0.78125,-12,13.75,8.25,3.25,44.25,7,8,4.571428571428571
23,47,21,30,13,0.796875,-9,12.375,11.875,3.375,45.87499999999999,4,6,3.25
23,48,19,33,12,0.8125,-14,14.749999999999998,9.25,4.75,46.75,6,8,5.166666666666667
23,49,27,26,11,0.828125,1,17.999999999999996,3.75,5.0,47.5,3,6,4.333333333333333
23,50,24,30,10,0.84375,-6,19.75,1.75,1.75,48.24999999999999,5,8,6.4
23,51,31,24,9,0.859375,7,14.625000000000002,3.625,1.625,50.125,3,6,4.0
23,52,27,29,8,0.875,-2,18.375000000000004,9.125,2.375,51.37499999999999,7,10,4.428571428571429
23,53,31,26,7,0.890625,5,17.625,9.125,2.625,52.625,3,5,2.6666666666666665
23,54,26,32,6,0.90625,-6,14.25,12.75,2.25,53.75,5,10,5.0
23,55,37,22,5,0.921875,15,8.125,14.125,5.125,55.12499999999999,0,0,0.0
23,56,37,22,5,0.921875,15,8.125,14.125,5.125,55.12499999999999,4,7,3.75
23,57,40,20,4,0.9375,20,8.75,13.25,2.75,56.75,2,1,1.0
23,58,39,22,3,0.953125,17,8.625,13.125,3.625,58.62500000000001,2,7,4.0
23,59,47,15,2,0.96875,32,20.875000000000004,12.625,3.875,60.37500000000001,2,4,3.5
23,60,44,19,1,0.984375,25,17.25,14.0,5.25,62.24999999999999,1,1,1.0
23,61,46,18,0,1.0,28,20.500000000000004,15.5,4.5,64.0,0,0,0.0
24,0,2,2,60,0.0625,0,0.0,0.0,4.0,4.0,4,1,1.0
24,1,4,1,59,0.078125,3,1.1249999999999998,0.125,1.125,4.125000000000001,3,1,1.0
24,2,3,3,58,0.09375,0,0.37499999999999994,0.125,4.375,4.375,4,1,1.0
24,3,5,2,57,0.109375,3,1.7500000000000002,0.0,1.75,4.750000000000001,2,2,2.0
24,4,3,5,56,0.125,-2,0.37499999999999994,1.125,0.375,5.375,9,1,1.0
24,5,5,4,55,0.140625,1,0.5000000000000001,0.25,1.5,5.5,6,3,1.5
24,6,4,6,54,0.15625,-2,0.6250000000000001,1.375,0.625,5.625,9,2,1.3333333333333333
24,7,6,5,53,0.171875,1,1.0,0.75,1.5,5.999999999999999,6,3,1.8333333333333333
24,8,4,8,52,0.1875,-4,1.6249999999999998,1.375,1.625,6.625000000000001,9,3,1.6666666666666667
24,9,7,6,51,0.203125,1,0.37499999999999994,2.375,5.375,7.375,10,4,2.0
24,10,6,8,50,0.21875,-2,1.2500000000000002,3.25,2.25,8.25,9,3,1.5555555555555556
24,11,8,7,49,0.234375,1,0.37499999999999994,2.375,1.375,9.375,10,3,2.0
24,12,7,9,48,0.25,-2,1.2500000000000002,1.75,2.75,10.749999999999998,15,4,1.8
24,13,9,8,47,0.265625,1,0.37499999999999994,2.375,2.375,12.375,10,3,2.2
24,14,7,11,46,0.28125,-4,1.2500000000000002,5.25,2.25,13.25,15,3,1.8
24,15,9,10,45,0.296875,-1,2.125,5.625,1.125,13.625,13,5,2.0
24,16,6,14,44,0.3125,-8,6.75,2.25,1.75,13.75,14,4,2.2857142857142856
24,17,8,13,43,0.328125,-5,6.125,3.625,1.625,14.125,14,4,1.6428571428571428
24,18,6,16,42,0.34375,-10,8.75,1.25,1.25,14.25,12,4,2.4166666666666665
24,19,9,14,41,0.359375,-5,9.375,1.875,0.875,14.375,12,2,1.25
24,20,8,16,40,0.375,-8,9.499999999999998,2.0,1.5,15.000000000000002,10,4,2.9
24,21,12,13,39,0.390625,-1,6.374999999999999,1.375,3.875,15.375000000000002,10,2,1.2
24,22,11,15,38,0.40625,-4,6.75,2.75,2.25,16.249999999999996,11,5,2.727272727272727
24,23,17,10,37,0.421875,7,8.375,0.875,0.375,16.875,10,4,1.9
24,24,14,14,36,0.4375,0,9.249999999999998,1.75,2.25,17.75,11,6,3.0
24,25,16,13,35,0.453125,3,11.125,1.625,1.625,18.125000000000004,10,3,1.3
24,26,15,15,34,0.46875,0,13.25,1.25,0.75,18.750000000000004,10,8,3.7
24,27,20,11,33,0.484375,9,5.875000000000001,2.875,0.375,19.874999999999996,11,4,1.6363636363636365
24,28,19,13,32,0.5,6,7.249999999999999,1.25,0.25,21.25,12,5,2.3333333333333335
24,29,21,12,31,0.515625,9,6.125,1.125,0.125,22.125,11,4,1.8181818181818181
24,30,17,17,30,0.53125,0,8.375,1.125,3.375,22.375000000000004,12,5,2.75
24,31,21,14,29,0.546875,7,7.5,0.25,5.0,22.999999999999996,10,3,1.8
24,32,18,18,28,0.5625,0,10.749999999999998,0.25,3.25,24.249999999999996,10,5,3.4
24,33,24,13,27,0.578125,11,10.875,2.375,2.375,25.375000000000004,8,3,1.75
24,34,23,15,26,0.59375,8,12.25,1.75,3.75,27.250000000000004,10,5,3.1
24,35,26,13,25,0.609375,13,11.624999999999998,2.125,1.625,28.624999999999996,11,4,1.9090909090909092
24,36,25,15,24,0.625,10,10.875,2.625,2.875,30.374999999999996,9,7,3.0
24,37,29,12,23,0.640625,17,12.999999999999998,1.75,8.5,32.00000000000001,9,4,2.5555555555555554
24,38,27,15,22,0.65625,12,14.125,1.875,5.125,33.625,9,7,2.6666666666666665
24,39,32,11,21,0.671875,21,12.25,2.0,8.25,34.74999999999999,9,4,2.4444444444444446
24,40,30,14,20,0.6875,16,11.875,1.625,6.875,35.87499999999999,6,7,2.6666666666666665
24,41,33,12,19,0.703125,21,12.750000000000002,2.0,11.75,37.24999999999999,9,4,2.0
24,42,32,14,18,0.71875,18,13.124999999999998,2.375,9.625,38.625,5,7,2.6
24,43,35,12,17,0.734375,23,18.750000000000004,2.5,9.25,40.25,6,4,2.1666666666666665
24,44,34,14,16,0.75,20,19.375,3.125,8.375,41.875,6,7,2.8333333333333335
24,45,37,12,15,0.765625,25,20.25,2.0,7.25,43.75,4,6,4.25
24,46,31,19,14,0.78125,12,9.125,3.375,18.125,44.625,5,7,2.8
24,47,35,16,13,0.796875,19,10.000000000000002,3.25,11.0,46.49999999999999,4,5,3.25
24,48,34,18,12,0.8125,16,7.875,4.125,14.875,48.375,4,4,3.25
24,49,39,14,11,0.828125,25,15.000000000000002,3.75,5.0,49.5,4,5,3.5
24,50,34,20,10,0.84375,14,12.25,4.25,5.25,50.25,5,5,3.2
24,51,36,19,9,0.859375,17,11.5,4.25,6.5,50.5,5,6,3.6
24,52,34,22,8,0.875,12,12.375,4.625,6.375,51.875,3,4,2.3333333333333335
24,53,36,21,7,0.890625,15,12.500000000000002,6.25,8.5,53.5,4,6,4.25
24,54,30,28,6,0.90625,2,9.875,10.625,10.875,55.37499999999999,3,2,1.6666666666666667
24,55,33,26,5,0.921875,7,7.125,8.625,11.125,56.62499999999999,3,6,3.0
24,56,31,29,4,0.9375,2,9.0,7.5,9.0,58.50000000000001,1,2,2.0
24,57,34,27,3,0.953125,7,6.25,7.0,12.25,60.25000000000001,2,5,5.0
24,58,29,33,2,0.96875,-4,1.4999999999999998,2.5,12.5,60.99999999999999,0,0,0.0
24,59,29,33,2,0.96875,-4,1.4999999999999998,2.5,12.5,60.99999999999999,1,5,5.0
24,60,24,39,1,0.984375,-15,12.750000000000002,2.5,2.75,62.24999999999999,0,0,0.0
24,61,24,39,1,0.984375,-15,12.750000000000002,2.5,2.75,62.24999999999999,1,6,6.0
24,62,18,46,0,1.0,-28,19.500000000000004,8.5,3.5,64.0,0,0,0.0
25,0,2,2,60,0.0625,0,0.0,0.0,4.0,4.0,4,1,1.0
25,1,4,1,59,0.078125,3,1.1249999999999998,0.125,1.125,4.125000000000001,3,1,1.0
25,2,3,3,58,0.09375,0,0.0,0.5,0.5,4.499999999999999,5,1,1.0
25,3,5,2,57,0.109375,3,1.2500000000000002,0.5,1.75,4.750000000000001,4,2,1.25
25,4,4,4,56,0.125,0,0.37499999999999994,1.125,0.375,5.375,6,1,1.0
25,5,6,3,55,0.140625,3,1.2500000000000002,2.0,1.75,6.25,6,2,1.5
25,6,5,5,54,0.15625,0,0.37499999999999994,1.125,1.375,7.375,11,2,1.2727272727272727
25,7,7,4,53,0.171875,3,2.125,1.125,3.125,8.125,7,3,1.8571428571428572
25,8,5,7,52,0.1875,-2,2.25,0.25,1.25,8.25,11,2,1.2727272727272727
25,9,7,6,51,0.203125,1,1.1249999999999998,1.125,1.625,8.625,10,2,1.5
25,10,5,9,50,0.21875,-4,4.0,0.5,3.0,10.000000000000002,8,4,1.625
25,11,8,7,49,0.234375,1,1.1249999999999998,1.125,4.625,11.624999999999998,12,3,1.5833333333333333
25,12,6,10,48,0.25,-4,5.5,0.5,6.0,13.5,8,4,2.125
25,13,8,9,47,0.265625,-1,6.125,1.125,5.625,13.625,11,3,1.5454545454545454
25,14,7,11,46,0.28125,-4,7.249999999999999,3.25,3.25,14.25,9,3,2.0
25,15,9,10,45,0.296875,-1,6.125,1.125,6.125,15.124999999999998,12,3,1.6666666666666667
25,16,6,14,44,0.3125,-8,9.249999999999998,1.25,1.25,15.249999999999998,8,6,3.0
25,17,11,10,43,0.328125,1,1.875,5.875,1.875,16.375000000000004,13,3,1.5384615384615385
25,18,10,12,42,0.34375,-2,3.1250000000000004,5.875,3.125,17.625,13,6,2.5384615384615383
25,19,13,10,41,0.359375,3,2.5000000000000004,3.75,3.0,17.999999999999996,14,3,2.0714285714285716
25,20,12,12,40,0.375,0,1.6249999999999998,5.875,2.125,18.125000000000004,13,6,2.8461538461538463
25,21,15,10,39,0.390625,5,1.2500000000000002,5.0,6.25,18.750000000000004,17,5,2.176470588235294
25,22,14,12,38,0.40625,2,0.5000000000000001,6.5,5.5,20.500000000000004,12,6,2.9166666666666665
25,23,17,10,37,0.421875,7,2.3749999999999996,5.875,2.375,21.375,17,6,2.6470588235294117
25,24,15,13,36,0.4375,2,0.7499999999999999,8.75,1.25,22.75,13,6,2.769230769230769
25,25,17,12,35,0.453125,5,1.6249999999999998,6.125,0.625,23.124999999999996,18,7,2.111111111111111
25,26,15,15,34,0.46875,0,2.0000000000000004,3.0,2.0,23.500000000000004,11,9,3.1818181818181817
25,27,19,12,33,0.484375,7,3.6250000000000004,1.125,2.625,24.124999999999996,18,7,2.111111111111111
25,28,17,15,32,0.5,2,2.75,0.75,1.25,24.75,9,6,2.6666666666666665
25,29,19,14,31,0.515625,5,2.125,1.125,2.625,25.625,19,7,2.1578947368421053
25,30,18,16,30,0.53125,2,2.5000000000000004,0.5,2.5,26.500000000000004,7,6,3.142857142857143
25,31,21,14,29,0.546875,7,3.6250000000000004,1.625,0.625,26.625000000000004,17,7,2.1176470588235294
25,32,20,16,28,0.5625,4,3.2499999999999996,1.75,1.25,27.749999999999996,6,6,3.6666666666666665
25,33,24,13,27,0.578125,11,6.125,2.125,1.625,28.125000000000004,16,7,2.4375
25,34,23,15,26,0.59375,8,3.7500000000000004,1.75,3.25,29.250000000000004,6,7,3.1666666666666665
25,35,28,11,25,0.609375,17,10.875,2.375,0.875,29.875000000000004,15,8,3.0
25,36,27,13,24,0.625,14,11.999999999999998,3.5,1.5,30.999999999999996,6,4,2.3333333333333335
25,37,30,11,23,0.640625,19,12.375,1.875,1.375,32.375,13,5,2.769230769230769
25,38,26,16,22,0.65625,10,9.0,2.0,1.5,34.0,4,7,4.5
25,39,29,14,21,0.671875,15,11.250000000000002,2.0,3.75,34.25,12,5,2.75
25,40,26,18,20,0.6875,8,9.125,2.375,3.125,35.12499999999999,4,7,4.25
25,41,32,13,19,0.703125,19,10.000000000000002,3.25,1.5,36.5,12,4,2.4166666666666665
25,42,31,15,18,0.71875,16,6.125,3.375,3.125,38.12499999999999,4,6,4.0
25,43,36,11,17,0.734375,25,14.25,5.5,0.75,39.75,9,4,2.7777777777777777
25,44,34,14,16,0.75,20,10.625000000000002,3.375,2.625,41.125,4,4,1.75
25,45,36,13,15,0.765625,23,11.0,6.75,2.0,42.99999999999999,7,4,2.857142857142857
25,46,33,17,14,0.78125,16,7.375,4.125,3.375,44.875,4,4,2.25
25,47,35,16,13,0.796875,19,9.249999999999998,7.0,4.25,46.75,7,4,2.2857142857142856
25,48,33,19,12,0.8125,14,8.5,7.0,3.5,47.0,3,4,2.6666666666666665
25,49,37,16,11,0.828125,21,14.125,3.125,4.625,48.625,7,6,2.5714285714285716
25,50,36,18,10,0.84375,18,11.250000000000002,2.75,4.25,49.75,2,3,2.0
25,51,40,15,9,0.859375,25,16.500000000000004,5.25,6.5,50.5,7,5,3.0
25,52,35,21,8,0.875,14,8.75,16.25,4.75,51.75,1,1,1.0
25,53,37,20,7,0.890625,17,11.0,16.75,6.0,52.49999999999999,5,7,4.6
25,54,33,25,6,0.90625,8,6.25,17.75,12.25,53.75,2,4,3.0
25,55,38,21,5,0.921875,17,15.124999999999998,15.125,8.625,55.12499999999999,5,7,4.2
25,56,36,24,4,0.9375,12,9.0,19.0,8.5,57.0,0,0,0.0
25,57,36,24,4,0.9375,12,9.0,19.0,8.5,57.0,4,9,5.5
25,58,27,34,3,0.953125,-7,7.125,5.625,13.125,58.62500000000001,0,0,0.0
25,59,27,34,3,0.953125,-7,7.125,5.625,13.125,58.62500000000001,3,7,5.0
25,60,26,36,2,0.96875,-10,8.875,6.625,13.875,60.37500000000001,0,0,0.0
25,61,26,36,2,0.96875,-10,8.875,6.625,13.875,60.37500000000001,2,7,7.0
25,62,19,44,1,0.984375,-25,10.625000000000002,6.625,5.625,62.12499999999999,0,0,0.0
25,63,19,44,1,0.984375,-25,10.625000000000002,6.625,5.625,62.12499999999999,1,7,7.0
25,64,12,52,0,1.0,-40,29.5,6.5,3.5,64.0,0,0,0.0
26,0,2,2,60,0.0625,0,0.0,0.0,4.0,4.0,4,1,1.0
26,1,4,1,59,0.078125,3,1.1249999999999998,0.125,1.125,4.125000000000001,3,1,1.0
26,2,3,3,58,0.09375,0,0.0,0.5,0.5,4.499999999999999,5,1,1.0
26,3,5,2,57,0.109375,3,1.2500000000000002,0.5,1.75,4.750000000000001,4,2,1.25
26,4,4,4,56,0.125,0,0.37499999999999994,1.125,0.375,5.375,6,1,1.0
26,5,6,3,55,0.140625,3,1.2500000000000002,2.0,1.75,6.25,6,2,1.5
26,6,5,5,54,0.15625,0,0.37499999999999994,1.125,1.375,7.375,11,2,1.2727272727272727
26,7,7,4,53,0.171875,3,2.125,1.125,3.125,8.125,7,3,1.8571428571428572
26,8,6,6,52,0.1875,0,0.37499999999999994,1.125,7.375,9.375,11,2,1.4545454545454546
26,9,8,5,51,0.203125,3,1.2500000000000002,0.5,5.25,10.749999999999998,7,3,1.7142857142857142
26,10,6,8,50,0.21875,-2,0.875,2.125,2.875,10.875,11,2,1.5454545454545454
26,11,9,6,49,0.234375,3,0.7499999999999999,0.0,3.25,11.250000000000002,12,4,1.75
26,12,8,8,48,0.25,0,0.875,0.125,1.375,11.375,14,3,1.5
26,13,11,6,47,0.265625,5,5.5,0.25,1.0,12.999999999999998,12,5,2.5833333333333335
26,14,7,11,46,0.28125,-4,0.6250000000000001,1.375,0.625,13.625,12,3,1.75
26,15,10,9,45,0.296875,1,1.4999999999999998,3.75,2.0,14.500000000000002,13,4,2.230769230769231
26,16,9,11,44,0.3125,-2,1.875,2.125,1.875,14.875,14,3,1.8571428571428572
26,17,11,10,43,0.328125,1,2.0000000000000004,0.75,2.5,16.0,16,4,1.8125
26,18,8,14,42,0.34375,-6,1.875,0.625,1.875,17.374999999999996,16,5,2.25
26,19,10,13,41,0.359375,-3,2.0000000000000004,0.75,3.5,19.000000000000004,18,3,1.8333333333333333
26,20,7,17,40,0.375,-10,6.875,0.625,3.375,20.875000000000004,13,5,2.3076923076923075
26,21,10,15,39,0.390625,-5,4.625,2.625,3.125,22.624999999999996,16,3,1.5625
26,22,9,17,38,0.40625,-8,4.750000000000001,2.75,2.25,22.75,18,6,2.8333333333333335
26,23,12,15,37,0.421875,-3,6.625000000000001,2.625,0.125,24.625,13,4,2.230769230769231
26,24,11,17,36,0.4375,-6,5.749999999999999,0.75,0.75,25.25,16,6,2.9375
26,25,16,13,35,0.453125,3,3.875,2.875,0.875,25.375000000000004,12,5,2.8333333333333335
26,26,14,16,34,0.46875,-2,2.25,0.75,1.25,25.75,17,5,2.4705882352941178
26,27,17,14,33,0.484375,3,4.125000000000001,0.125,3.625,26.625000000000004,12,9,3.75
26,28,15,17,32,0.5,-2,5.000000000000001,1.0,4.0,27.0,15,4,1.9333333333333333
26,29,17,16,31,0.515625,1,4.125000000000001,0.625,4.125,27.625000000000004,12,9,3.6666666666666665
26,30,16,18,30,0.53125,-2,5.25,0.75,3.25,27.749999999999996,14,4,2.2857142857142856
26,31,20,15,29,0.546875,5,11.875,0.875,2.375,28.875,11,11,4.636363636363637
26,32,18,18,28,0.5625,0,9.499999999999998,2.5,3.5,29.5,13,4,1.9230769230769231
26,33,20,17,27,0.578125,3,12.875,2.375,2.875,30.875000000000004,12,11,4.5
26,34,18,20,26,0.59375,-2,15.750000000000002,1.75,5.25,31.749999999999996,12,4,1.75
26,35,20,19,25,0.609375,1,14.625000000000002,1.125,7.125,32.625,9,10,4.666666666666667
26,36,15,25,24,0.625,-10,10.25,4.25,5.25,33.75,11,6,2.4545454545454546
26,37,18,23,23,0.640625,-5,10.875,3.375,5.875,35.37499999999999,9,8,3.6666666666666665
26,38,13,29,22,0.65625,-16,11.75,3.25,4.75,35.75,9,6,2.5555555555555554
26,39,15,28,21,0.671875,-13,9.375,3.875,4.375,36.375,8,5,2.625
26,40,13,31,20,0.6875,-18,8.75,3.25,4.75,38.24999999999999,10,5,2.8
26,41,17,28,19,0.703125,-11,6.625000000000001,5.125,2.125,39.125,6,6,3.5
26,42,13,33,18,0.71875,-20,11.875,8.125,3.375,39.37499999999999,7,4,2.2857142857142856
26,43,15,32,17,0.734375,-17,10.5,5.75,4.5,40.5,6,5,3.3333333333333335
26,44,10,38,16,0.75,-28,21.875000000000004,2.125,2.875,41.875,9,6,2.6666666666666665
26,45,12,37,15,0.765625,-25,17.0,3.25,4.0,43.5,4,3,2.5
26,46,10,40,14,0.78125,-30,23.25,3.75,3.25,44.25,6,5,3.0
26,47,12,39,13,0.796875,-27,21.125,6.125,3.625,45.625,3,3,2.0
26,48,10,42,12,0.8125,-32,28.375,4.125,3.875,46.87500000000001,6,5,3.3333333333333335
26,49,16,37,11,0.828125,-21,17.0,9.25,6.5,47.99999999999999,2,3,2.0
26,50,13,41,10,0.84375,-28,27.749999999999996,7.25,3.25,49.75,6,8,4.5
26,51,22,33,9,0.859375,-11,19.624999999999996,16.125,4.125,51.625,1,3,3.0
26,52,19,37,8,0.875,-18,18.5,13.5,5.5,53.0,8,8,4.125
26,53,23,34,7,0.890625,-11,13.75,13.5,8.75,53.24999999999999,0,0,0.0
26,54,23,34,7,0.890625,-11,13.75,13.5,8.75,53.24999999999999,7,8,3.7142857142857144
26,55,26,32,6,0.90625,-6,12.500000000000002,13.5,15.5,54.0,1,1,1.0
26,56,25,34,5,0.921875,-9,13.124999999999998,14.625,11.625,55.62500000000001,5,8,5.4
26,57,34,26,4,0.9375,8,19.375,3.625,6.875,56.875,1,1,1.0
26,58,33,28,3,0.953125,5,19.250000000000004,3.5,8.75,58.75,3,5,3.6666666666666665
26,59,39,23,2,0.96875,16,21.875000000000004,6.625,5.875,60.37500000000001,0,0,0.0
26,60,39,23,2,0.96875,16,21.875000000000004,6.625,5.875,60.37500000000001,2,2,1.5
26,61,41,22,1,0.984375,19,22.624999999999996,6.625,4.625,62.12499999999999,0,0,0.0
26,62,41,22,1,0.984375,19,22.624999999999996,6.625,4.625,62.12499999999999,1,6,6.0
26,63,48,16,0,1.0,32,31.5,2.5,3.5,64.0,0,0,0.0
27,0,2,2,60,0.0625,0,0.0,0.0,4.0,4.0,4,1,1.0
27,1,4,1,59,0.078125,3,1.1249999999999998,0.125,1.125,4.125000000000001,3,1,1.0
27,2,3,3,58,0.09375,0,0.0,0.5,0.5,4.499999999999999,5,1,1.0
27,3,5,2,57,0.109375,3,1.2500000000000002,0.5,1.75,4.750000000000001,4,2,1.25
27,4,4,4,56,0.125,0,0.37499999999999994,1.125,0.375,5.375,6,1,1.0
27,5,6,3,55,0.140625,3,1.2500000000000002,2.0,1.75,6.25,6,2,1.5
27,6,5,5,54,0.15625,0,0.37499999999999994,1.125,1.375,7.375,11,2,1.2727272727272727
27,7,8,3,53,0.171875,5,4.25,2.0,0.75,8.75,5,4,1.8
27,8,7,5,52,0.1875,2,4.375,2.125,0.875,8.875,11,2,1.0909090909090908
27,9,10,3,51,0.203125,7,4.750000000000001,1.0,2.25,9.249999999999998,6,4,2.1666666666666665
27,10,8,6,50,0.21875,2,4.375,3.625,1.375,10.875,12,2,1.0833333333333333
27,11,10,5,49,0.234375,5,4.499999999999999,1.75,3.5,11.0,8,5,2.875
27,12,6,10,48,0.25,-4,1.375,1.125,3.375,11.375,13,3,1.8461538461538463
27,13,10,7,47,0.265625,3,1.1249999999999998,2.125,3.125,12.125,10,3,1.9
27,14,9,9,46,0.28125,0,1.7500000000000002,1.75,3.75,12.25,15,3,1.6
27,15,11,8,45,0.296875,3,3.6250000000000004,0.625,2.625,14.125,11,7,2.4545454545454546
27,16,10,10,44,0.3125,0,2.25,1.75,1.25,14.749999999999998,13,4,1.8461538461538463
27,17,12,9,43,0.328125,3,3.375,1.375,2.375,15.375000000000002,12,7,2.3333333333333335
27,18,10,12,42,0.34375,-2,2.125,1.875,2.125,16.625,15,4,2.1333333333333333
27,19,13,10,41,0.359375,3,3.375,3.375,5.375,18.375000000000004,16,6,2.4375
27,20,11,13,40,0.375,-2,3.2499999999999996,2.25,2.75,19.250000000000004,15,5,2.466666666666667
27,21,14,11,39,0.390625,3,3.6250000000000004,1.125,1.625,20.125000000000004,17,5,2.5294117647058822
27,22,11,15,38,0.40625,-4,3.7500000000000004,1.25,1.25,21.25,15,4,2.3333333333333335
27,23,16,11,37,0.421875,5,7.375,0.875,1.875,21.375,13,5,3.3846153846153846
27,24,11,17,36,0.4375,-6,2.75,1.25,1.75,22.75,14,4,2.642857142857143
27,25,13,16,35,0.453125,-3,1.6249999999999998,2.125,1.625,23.124999999999996,15,3,1.7333333333333334
27,26,12,18,34,0.46875,-6,2.75,1.25,2.75,23.749999999999996,13,6,3.0
27,27,14,17,33,0.484375,-3,2.3749999999999996,0.375,4.875,24.875,14,5,2.2857142857142856
27,28,13,19,32,0.5,-6,2.75,0.75,8.25,26.249999999999996,13,4,3.1538461538461537
27,29,16,17,31,0.515625,-1,1.875,0.875,4.875,27.874999999999996,14,5,2.2142857142857144
27,30,13,21,30,0.53125,-8,2.9999999999999996,1.0,5.0,29.5,18,4,2.5
27,31,16,19,29,0.546875,-3,3.875,3.375,2.875,29.875000000000004,13,4,1.4615384615384615
27,32,15,21,28,0.5625,-6,4.0,2.0,3.0,30.500000000000004,16,6,2.9375
27,33,17,20,27,0.578125,-3,3.875,2.875,1.875,31.375,10,4,2.1
27,34,15,23,26,0.59375,-8,6.75,2.25,4.25,32.25,15,6,3.2
27,35,21,18,25,0.609375,3,3.1250000000000004,2.625,4.625,34.12500000000001,9,5,2.5555555555555554
27,36,17,23,24,0.625,-6,3.7500000000000004,1.25,5.25,34.25,14,5,2.2142857142857144
27,37,20,21,23,0.640625,-1,2.875,2.875,3.875,35.37499999999999,12,4,2.5
27,38,17,25,22,0.65625,-8,6.75,7.75,2.25,36.75,12,5,2.1666666666666665
27,39,19,24,21,0.671875,-5,4.875000000000001,11.875,1.875,38.37499999999999,9,6,2.4444444444444446
27,40,18,26,20,0.6875,-8,6.25,8.75,2.25,38.75,10,4,2.1
27,41,22,23,19,0.703125,-1,10.625000000000002,10.125,3.625,40.625,10,6,2.7
27,42,17,29,18,0.71875,-12,8.75,11.25,8.75,41.75,10,4,2.4
27,43,21,26,17,0.734375,-5,6.125,10.625,8.625,43.12500000000001,8,5,2.625
27,44,16,32,16,0.75,-16,9.499999999999998,8.0,7.0,45.00000000000001,10,4,2.4
27,45,21,28,15,0.765625,-7,11.624999999999998,11.125,3.625,46.625,5,7,3.2
27,46,14,36,14,0.78125,-22,11.5,5.0,3.5,48.5,8,4,2.25
27,47,18,33,13,0.796875,-15,10.749999999999998,5.0,6.75,48.75,2,4,3.5
27,48,15,37,12,0.8125,-22,16.375000000000004,4.125,5.375,49.37500000000001,8,4,2.125
27,49,18,35,11,0.828125,-17,15.625,4.125,6.625,49.62500000000001,1,1,1.0
27,50,17,37,10,0.84375,-20,16.0,4.5,6.0,50.5,8,6,3.5
27,51,24,31,9,0.859375,-7,12.750000000000002,0.5,5.75,51.25,1,4,4.0
27,52,20,36,8,0.875,-16,17.5,0.5,2.5,51.99999999999999,7,9,5.428571428571429
27,53,27,30,7,0.890625,-3,14.749999999999998,0.5,6.75,53.24999999999999,2,1,1.0
27,54,26,32,6,0.90625,-6,13.375,1.125,5.375,54.37499999999999,5,5,3.6
27,55,32,27,5,0.921875,5,10.625000000000002,5.125,2.625,55.62500000000001,0,0,0.0
27,56,32,27,5,0.921875,5,10.625000000000002,5.125,2.625,55.62500000000001,4,10,4.5
27,57,43,17,4,0.9375,26,20.000000000000004,2.0,6.0,57.0,0,0,0.0
27,58,43,17,4,0.9375,26,20.000000000000004,2.0,6.0,57.0,3,6,3.6666666666666665
27,59,46,15,3,0.953125,31,23.625,2.125,2.625,58.62500000000001,0,0,0.0
27,60,46,15,3,0.953125,31,23.625,2.125,2.625,58.62500000000001,2,6,4.0
27,61,49,13,2,0.96875,36,31.874999999999996,1.625,0.875,60.37500000000001,1,1,1.0
27,62,48,15,1,0.984375,33,27.749999999999996,1.5,1.75,62.24999999999999,1,5,5.0
27,63,54,10,0,1.0,44,35.0,7.0,1.0,64.0,0,0,0.0
28,0,2,2,60,0.0625,0,0.0,0.0,4.0,4.0,4,1,1.0
28,1,4,1,59,0.078125,3,1.1249999999999998,0.125,1.125,4.125000000000001,3,1,1.0
28,2,3,3,58,0.09375,0,0.0,0.5,0.5,4.499999999999999,5,1,1.0
28,3,5,2,57,0.109375,3,1.2500000000000002,0.5,1.75,4.750000000000001,4,2,1.25
28,4,4,4,56,0.125,0,0.37499999999999994,1.125,0.375,5.375,6,1,1.0
28,5,6,3,55,0.140625,3,1.2500000000000002,2.0,1.75,6.25,6,2,1.5
28,6,5,5,54,0.15625,0,0.37499999999999994,1.125,1.375,7.375,11,2,1.2727272727272727
28,7,7,4,53,0.171875,3,2.125,1.125,3.125,8.125,7,3,1.8571428571428572
28,8,6,6,52,0.1875,0,0.37499999999999994,1.125,7.375,9.375,11,2,1.4545454545454546
28,9,9,4,51,0.203125,5,1.4999999999999998,3.25,3.5,9.499999999999998,7,3,1.8571428571428572
28,10,7,7,50,0.21875,0,0.6250000000000001,1.375,3.625,9.625,10,2,1.6
28,11,10,5,49,0.234375,5,4.499999999999999,0.75,4.5,11.0,9,4,1.7777777777777777
28,12,9,7,48,0.25,2,4.625,0.875,4.625,11.125,11,2,1.1818181818181819
28,13,11,6,47,0.265625,5,5.749999999999999,0.5,5.75,12.750000000000002,7,4,2.5714285714285716
28,14,9,9,46,0.28125,0,5.125000000000001,1.375,1.625,13.124999999999998,10,4,1.6
28,15,12,7,45,0.296875,5,8.000000000000002,0.25,2.0,13.5,7,6,3.0
28,16,10,10,44,0.3125,0,5.125000000000001,0.375,1.625,14.125,11,3,1.7272727272727273
28,17,12,9,43,0.328125,3,4.750000000000001,0.5,1.75,14.749999999999998,11,6,2.727272727272727
28,18,11,11,42,0.34375,0,6.125,0.875,0.625,15.124999999999998,10,3,1.4
28,19,13,10,41,0.359375,3,6.499999999999999,1.25,1.0,16.0,11,7,2.727272727272727
28,20,12,12,40,0.375,0,8.625,0.375,0.625,16.625,11,3,1.4545454545454546
28,21,14,11,39,0.390625,3,7.249999999999999,1.0,1.25,16.75,11,7,2.909090909090909
28,22,13,13,38,0.40625,0,9.125,0.875,1.125,17.625,10,5,1.7
28,23,19,8,37,0.421875,11,8.5,2.25,4.0,17.999999999999996,9,5,3.3333333333333335
28,24,16,12,36,0.4375,4,1.875,2.625,3.375,19.874999999999996,10,5,2.5
28,25,19,10,35,0.453125,9,4.0,2.75,3.5,20.000000000000004,10,4,2.5
28,26,17,13,34,0.46875,4,4.125000000000001,3.875,6.625,21.125,13,4,2.0
28,27,20,11,33,0.484375,9,8.25,3.0,6.25,21.750000000000004,11,4,2.3636363636363638
28,28,18,14,32,0.5,4,11.624999999999998,1.875,3.125,23.124999999999996,14,5,2.642857142857143
28,29,23,10,31,0.515625,13,7.000000000000001,4.75,5.5,23.999999999999996,11,5,2.272727272727273
28,30,21,13,30,0.53125,8,8.125,7.375,4.125,25.625,11,4,2.3636363636363638
28,31,23,12,29,0.546875,11,7.749999999999999,4.5,4.75,26.750000000000004,11,5,2.272727272727273
28,32,19,17,28,0.5625,2,4.625,10.875,2.625,27.125000000000004,11,4,2.4545454545454546
28,33,23,14,27,0.578125,9,4.0,15.25,2.0,28.999999999999996,11,7,2.8181818181818183
28,34,20,18,26,0.59375,2,1.1249999999999998,11.375,2.125,30.125,11,6,2.8181818181818183
28,35,24,15,25,0.609375,9,2.875,7.375,3.875,31.874999999999996,9,6,3.111111111111111
28,36,23,17,24,0.625,6,3.2499999999999996,5.25,4.25,32.75,12,6,2.5
28,37,25,16,23,0.640625,9,3.1250000000000004,4.625,4.625,34.12500000000001,9,5,2.7777777777777777
28,38,24,18,22,0.65625,6,3.5,4.0,5.5,35.5,9,6,2.888888888888889
28,39,27,16,21,0.671875,11,4.625,8.625,5.625,36.12499999999999,7,5,2.857142857142857
28,40,26,18,20,0.6875,8,4.0,10.0,4.0,36.99999999999999,9,6,3.4444444444444446
28,41,32,13,19,0.703125,19,9.125,8.625,10.125,38.12499999999999,6,4,3.1666666666666665
28,42,30,16,18,0.71875,14,7.249999999999999,11.75,6.75,39.75,7,4,2.4285714285714284
28,43,34,13,17,0.734375,21,12.625,14.125,2.625,41.125,6,4,2.6666666666666665
28,44,33,15,16,0.75,18,9.875,14.125,3.875,41.375,6,3,2.1666666666666665
28,45,36,13,15,0.765625,23,14.25,12.5,4.25,43.25,7,5,3.2857142857142856
28,46,34,16,14,0.78125,18,10.875,17.125,5.375,44.875,4,3,1.75
28,47,37,14,13,0.796875,23,17.5,17.25,2.5,46.49999999999999,6,6,4.5
28,48,33,19,12,0.8125,14,10.625000000000002,16.375,2.625,47.62499999999999,3,2,1.6666666666666667
28,49,36,17,11,0.828125,19,10.875,18.375,2.875,47.875,6,6,3.6666666666666665
28,50,30,24,10,0.84375,6,2.75,22.25,2.75,49.75,4,7,3.5
28,51,33,22,9,0.859375,11,3.1250000000000004,21.125,2.625,51.12499999999999,5,4,2.6
28,52,29,27,8,0.875,2,1.875,26.125,6.375,51.875,3,4,2.3333333333333335
28,53,34,23,7,0.890625,11,6.125,18.125,5.625,53.125,4,3,2.0
28,54,32,26,6,0.90625,6,4.750000000000001,20.25,6.75,54.75,3,11,4.666666666666667
28,55,44,15,5,0.921875,29,19.500000000000004,6.25,2.5,55.5,3,4,3.3333333333333335
28,56,40,20,4,0.9375,20,13.875,5.625,1.875,57.37499999999999,1,1,1.0
28,57,42,19,3,0.953125,23,15.124999999999998,4.125,3.125,59.12500000000001,3,8,5.333333333333333
28,58,34,28,2,0.96875,6,2.875,1.625,6.875,60.37500000000001,0,0,0.0
28,59,34,28,2,0.96875,6,2.875,1.625,6.875,60.37500000000001,2,5,4.0
28,60,31,32,1,0.984375,-1,1.7500000000000002,3.5,7.75,62.24999999999999,0,0,0.0
28,61,31,32,1,0.984375,-1,1.7500000000000002,3.5,7.75,62.24999999999999,1,2,2.0
28,62,29,35,0,1.0,-6,2.0000000000000004,3.0,8.0,64.0,0,0,0.0
29,0,2,2,60,0.0625,0,0.0,0.0,4.0,4.0,4,1,1.0
29,1,4,1,59,0.078125,3,1.1249999999999998,0.125,1.125,4.125000000000001,3,1,1.0
29,2,3,3,58,0.09375,0,0.0,0.5,0.5,4.499999999999999,5,1,1.0
29,3,5,2,57,0.109375,3,1.1249999999999998,1.125,2.125,5.125000000000001,5,2,1.2
29,4,4,4,56,0.125,0,0.0,2.0,0.5,5.999999999999999,7,1,1.0
29,5,6,3,55,0.140625,3,1.1249999999999998,3.125,1.125,7.125,6,2,1.5
29,6,4,6,54,0.15625,-2,1.0,2.0,1.5,8.5,8,3,1.625
29,7,7,4,53,0.171875,3,0.7499999999999999,4.5,4.25,8.75,8,3,1.625
29,8,6,6,52,0.1875,0,1.375,6.125,1.375,10.375000000000002,8,3,1.75
29,9,9,4,51,0.203125,5,5.125000000000001,1.125,1.125,11.125,14,2,1.1428571428571428
29,10,8,6,50,0.21875,2,3.2499999999999996,0.25,1.25,11.250000000000002,8,3,1.875
29,11,11,4,49,0.234375,7,4.125000000000001,0.125,1.125,13.124999999999998,11,3,2.0
29,12,9,7,48,0.25,2,0.875,0.625,4.875,14.375,8,3,2.125
29,13,12,5,47,0.265625,7,3.5,0.25,3.5,14.500000000000002,12,3,2.0
29,14,10,8,46,0.28125,2,1.375,1.125,0.875,14.875,8,4,2.5
29,15,12,7,45,0.296875,5,3.2499999999999996,0.5,2.75,15.249999999999998,12,3,1.9166666666666667
29,16,10,10,44,0.3125,0,2.5000000000000004,1.0,2.0,17.0,9,4,2.4444444444444446
29,17,14,7,43,0.328125,7,3.6250000000000004,1.125,3.625,17.625,11,4,2.272727272727273
29,18,12,10,42,0.34375,2,2.75,1.75,2.75,18.249999999999996,14,6,1.8571428571428572
29,19,16,7,41,0.359375,9,7.375,0.375,4.375,18.375000000000004,12,5,2.6666666666666665
29,20,13,11,40,0.375,2,1.7500000000000002,0.75,2.25,19.250000000000004,15,5,2.0
29,21,16,9,39,0.390625,7,1.6249999999999998,1.125,2.625,19.624999999999996,14,4,2.2142857142857144
29,22,15,11,38,0.40625,4,0.7499999999999999,0.75,1.25,20.25,12,5,2.0833333333333335
29,23,17,10,37,0.421875,7,2.3749999999999996,0.375,2.375,21.375,14,5,2.642857142857143
29,24,13,15,36,0.4375,-2,0.5000000000000001,1.5,1.5,21.5,10,5,2.3
29,25,16,13,35,0.453125,3,2.125,2.125,3.125,21.625,14,5,2.5
29,26,15,15,34,0.46875,0,3.5,2.0,2.0,22.0,12,6,2.5
29,27,17,14,33,0.484375,3,3.375,2.375,2.875,22.375000000000004,11,5,2.727272727272727
29,28,14,18,32,0.5,-4,5.749999999999999,4.25,6.75,23.749999999999996,13,6,3.0
29,29,17,16,31,0.515625,1,6.125,2.625,3.625,24.625,12,4,2.4166666666666665
29,30,16,18,30,0.53125,-2,4.750000000000001,4.25,2.75,25.75,15,6,2.7333333333333334
29,31,19,16,29,0.546875,3,3.875,2.875,2.375,26.375000000000004,12,4,2.5
29,32,17,19,28,0.5625,-2,5.25,4.25,4.75,27.250000000000004,13,6,2.8461538461538463
29,33,20,17,27,0.578125,3,8.625,5.125,7.125,28.125000000000004,12,4,2.4166666666666665
29,34,18,20,26,0.59375,-2,11.75,4.75,5.75,29.749999999999996,12,7,3.3333333333333335
29,35,23,16,25,0.609375,7,7.375,3.875,6.375,30.875000000000004,13,4,2.3076923076923075
29,36,22,18,24,0.625,4,9.0,4.5,7.0,32.00000000000001,10,6,2.9
29,37,24,17,23,0.640625,7,7.875,7.875,6.375,33.37500000000001,12,4,2.4166666666666665
29,38,21,21,22,0.65625,0,13.5,9.0,3.5,35.0,9,8,3.888888888888889
29,39,24,19,21,0.671875,5,11.875,7.875,2.875,36.375,11,4,1.9090909090909092
29,40,23,21,20,0.6875,2,11.125,7.875,6.125,36.625,8,8,3.875
29,41,25,20,19,0.703125,5,10.5,7.25,5.5,38.5,9,6,2.888888888888889
29,42,21,25,18,0.71875,-4,10.375000000000002,10.625,1.875,39.87500000000001,8,8,4.25
29,43,28,19,17,0.734375,9,7.5,8.25,4.0,41.50000000000001,7,6,2.857142857142857
29,44,24,24,16,0.75,0,3.875,8.625,3.375,43.37500000000001,9,6,3.0
29,45,31,18,15,0.765625,13,8.000000000000002,2.25,5.5,44.0,6,6,3.3333333333333335
29,46,28,22,14,0.78125,6,8.125,4.875,2.125,45.625,10,7,3.6
29,47,34,17,13,0.796875,17,19.000000000000004,3.25,1.5,46.49999999999999,5,7,2.2
29,48,33,19,12,0.8125,14,19.250000000000004,3.25,1.75,46.75,8,7,3.5
29,49,36,17,11,0.828125,19,22.375000000000004,5.875,1.375,47.875,5,6,2.8
29,50,30,24,10,0.84375,6,10.125,6.875,1.125,48.625,7,5,3.0
29,51,34,21,9,0.859375,13,10.375000000000002,7.375,4.375,49.37500000000001,4,5,2.5
29,52,31,25,8,0.875,6,8.25,5.25,4.25,51.25,5,4,2.4
29,53,34,23,7,0.890625,11,13.124999999999998,2.125,5.625,52.625,4,5,2.25
29,54,33,25,6,0.90625,8,9.499999999999998,2.5,6.0,54.5,3,4,2.0
29,55,35,24,5,0.921875,11,8.75,2.5,10.25,55.75,4,6,2.75
29,56,29,31,4,0.9375,-2,16.0,2.5,4.5,57.0,3,4,2.0
29,57,34,27,3,0.953125,7,17.25,4.0,5.75,58.75,3,10,4.333333333333333
29,58,24,38,2,0.96875,-14,36.5,8.5,2.0,60.49999999999999,2,1,1.0
29,59,26,37,1,0.984375,-11,32.125,9.125,3.125,62.12499999999999,1,6,6.0
29,60,20,44,0,1.0,-24,45.5,4.5,3.5,64.0,0,0,0.0
30,0,2,2,60,0.0625,0,0.0,0.0,4.0,4.0,4,1,1.0
30,1,4,1,59,0.078125,3,1.1249999999999998,0.125,1.125,4.125000000000001,3,1,1.0
30,2,3,3,58,0.09375,0,0.0,0.5,0.5,4.499999999999999,5,1,1.0
30,3,5,2,57,0.109375,3,1.2500000000000002,0.5,1.75,4.750000000000001,4,2,1.25
30,4,4,4,56,0.125,0,0.37499999999999994,1.125,0.375,5.375,6,1,1.0
30,5,6,3,55,0.140625,3,1.2500000000000002,2.0,1.75,6.25,6,2,1.5
30,6,5,5,54,0.15625,0,0.37499999999999994,1.125,1.375,7.375,11,2,1.2727272727272727
30,7,8,3,53,0.171875,5,4.25,2.0,0.75,8.75,5,4,1.8
30,8,7,5,52,0.1875,2,4.375,2.125,0.875,8.875,11,2,1.0909090909090908
30,9,10,3,51,0.203125,7,4.750000000000001,1.0,2.25,9.249999999999998,6,4,2.1666666666666665
30,10,6,8,50,0.21875,-2,0.875,1.125,2.375,9.375,11,2,1.3636363636363635
30,11,9,6,49,0.234375,3,1.6249999999999998,1.125,2.125,10.125,10,3,1.8
30,12,7,9,48,0.25,-2,0.5000000000000001,2.5,2.0,10.5,14,3,1.6428571428571428
30,13,10,7,47,0.265625,3,4.625,1.625,1.625,12.125,11,3,1.5454545454545454
30,14,8,10,46,0.28125,-2,2.0000000000000004,1.0,3.0,14.0,14,4,1.7142857142857142
30,15,10,9,45,0.296875,1,1.6249999999999998,2.125,2.625,14.625000000000002,14,5,1.9285714285714286
30,16,9,11,44,0.3125,-2,2.9999999999999996,2.5,2.0,15.5,14,5,2.0
30,17,11,10,43,0.328125,1,1.6249999999999998,2.625,2.625,16.125,14,5,2.0714285714285716
30,18,10,12,42,0.34375,-2,3.2499999999999996,3.25,4.25,17.25,13,4,2.3846153846153846
30,19,13,10,41,0.359375,3,4.625,5.125,5.625,18.625,14,5,2.2857142857142856
30,20,11,13,40,0.375,-2,0.875,5.125,10.875,19.874999999999996,13,5,2.769230769230769
30,21,14,11,39,0.390625,3,1.4999999999999998,8.25,5.5,21.5,16,4,2.125
30,22,10,16,38,0.40625,-6,4.375,8.125,4.375,22.375000000000004,13,6,3.230769230769231
30,23,16,11,37,0.421875,5,1.0,6.75,5.0,22.5,16,5,1.875
30,24,13,15,36,0.4375,-2,3.6250000000000004,6.375,4.625,23.625,11,5,3.272727272727273
30,25,17,12,35,0.453125,5,1.0,6.25,10.5,25.0,15,6,2.466666666666667
30,26,15,15,34,0.46875,0,0.37499999999999994,6.625,15.375,25.375000000000004,12,6,3.0833333333333335
30,27,20,11,33,0.484375,9,5.000000000000001,2.25,13.0,25.499999999999996,12,7,2.9166666666666665
30,28,19,13,32,0.5,6,2.875,1.625,12.875,25.874999999999996,12,4,2.5
30,29,23,10,31,0.515625,13,8.000000000000002,0.75,7.0,25.999999999999996,15,6,2.8
30,30,22,12,30,0.53125,10,7.625000000000001,0.875,11.125,27.625000000000004,12,4,2.25
30,31,26,9,29,0.546875,17,10.25,2.5,4.25,28.250000000000004,10,5,2.9
30,32,25,11,28,0.5625,14,7.5,4.0,3.5,30.0,12,3,1.75
30,33,28,9,27,0.578125,19,12.125,3.125,5.125,30.624999999999996,11,5,3.090909090909091
30,34,27,11,26,0.59375,16,10.000000000000002,5.0,4.5,31.5,11,4,1.7272727272727273
30,35,29,10,25,0.609375,19,12.125,3.125,6.125,32.625,11,6,3.1818181818181817
30,36,28,12,24,0.625,16,11.999999999999998,5.5,5.0,33.5,9,4,1.7777777777777777
30,37,30,11,23,0.640625,19,13.375,4.875,7.375,35.37499999999999,10,8,4.0
30,38,27,15,22,0.65625,12,6.75,5.25,10.75,37.24999999999999,8,5,2.75
30,39,30,13,21,0.671875,17,11.375,7.375,7.375,38.37499999999999,14,6,3.0
30,40,25,19,20,0.6875,6,7.249999999999999,10.25,4.75,39.75,5,5,2.8
30,41,31,14,19,0.703125,17,10.125,2.125,1.625,41.125,14,6,2.5714285714285716
30,42,30,16,18,0.71875,14,7.5,3.5,1.5,41.50000000000001,4,2,1.75
30,43,33,14,17,0.734375,19,10.125,6.125,1.625,43.12500000000001,12,5,2.5833333333333335
30,44,32,16,16,0.75,16,8.75,4.75,2.75,43.75,4,2,1.75
30,45,34,15,15,0.765625,19,10.875,6.875,1.875,45.375,10,7,2.9
30,46,27,23,14,0.78125,4,8.25,3.25,2.25,46.25000000000001,3,2,1.3333333333333333
30,47,29,22,13,0.796875,7,10.000000000000002,4.75,2.0,46.49999999999999,9,8,2.888888888888889
30,48,26,26,12,0.8125,0,10.25,4.75,2.25,46.75,3,4,2.3333333333333335
30,49,28,25,11,0.828125,3,12.500000000000002,3.25,3.5,47.5,8,7,3.25
30,50,27,27,10,0.84375,0,11.75,3.25,7.75,48.75,2,5,4.0
30,51,33,22,9,0.859375,11,13.875,3.375,8.875,49.87500000000001,8,8,3.875
30,52,30,26,8,0.875,4,18.625,3.375,4.625,50.625,0,0,0.0
30,53,30,26,8,0.875,4,18.625,3.375,4.625,50.625,7,8,4.0
30,54,22,35,7,0.890625,-13,16.500000000000004,6.25,4.5,52.49999999999999,3,2,1.6666666666666667
30,55,24,34,6,0.90625,-10,19.874999999999996,5.125,3.375,53.875,6,6,2.5
30,56,23,36,5,0.921875,-13,20.75,4.0,2.25,55.75,0,0,0.0
30,57,23,36,5,0.921875,-13,20.75,4.0,2.25,55.75,5,6,3.2
30,58,17,43,4,0.9375,-26,26.375000000000004,4.125,2.375,57.37499999999999,1,2,2.0
30,59,20,41,3,0.953125,-21,29.124999999999996,3.125,1.125,59.12500000000001,3,5,3.0
30,60,18,44,2,0.96875,-26,33.37500000000001,3.125,3.375,60.37500000000001,0,0,0.0
30,61,18,44,2,0.96875,-26,33.37500000000001,3.125,3.375,60.37500000000001,2,5,3.5
30,62,13,50,1,0.984375,-37,38.75,2.5,2.75,62.24999999999999,0,0,0.0
30,63,13,50,1,0.984375,-37,38.75,2.5,2.75,62.24999999999999,1,1,1.0
30,64,12,52,0,1.0,-40,44.0,2.0,2.0,64.0,0,0,0.0
31,0,2,2,60,0.0625,0,0.0,0.0,4.0,4.0,4,1,1.0
31,1,4,1,59,0.078125,3,1.1249999999999998,0.125,1.125,4.125000000000001,3,1,1.0
31,2,3,3,58,0.09375,0,0.0,0.5,0.5,4.499999999999999,5,1,1.0
31,3,5,2,57,0.109375,3,1.1249999999999998,1.125,1.125,5.125000000000001,4,2,1.25
31,4,3,5,56,0.125,-2,1.0,0.5,1.5,5.999999999999999,5,2,1.4
31,5,5,4,55,0.140625,1,0.12500000000000003,0.125,0.125,7.125,11,2,1.1818181818181819
31,6,4,6,54,0.15625,-2,1.375,0.125,1.375,7.375,9,2,1.3333333333333333
31,7,6,5,53,0.171875,1,0.7499999999999999,0.0,0.75,8.75,9,3,1.5555555555555556
31,8,5,7,52,0.1875,-2,2.5000000000000004,0.0,2.5,9.499999999999998,9,2,1.4444444444444444
31,9,8,5,51,0.203125,3,3.1250000000000004,0.625,1.125,9.625,10,3,1.5
31,10,7,7,50,0.21875,0,1.4999999999999998,0.0,2.0,10.000000000000002,13,4,1.7692307692307692
31,11,10,5,49,0.234375,5,5.125000000000001,0.125,2.625,11.624999999999998,9,4,1.8888888888888888
31,12,7,9,48,0.25,-2,3.375,0.125,1.875,12.875,11,4,1.9090909090909092
31,13,10,7,47,0.265625,3,1.4999999999999998,0.25,3.0,12.999999999999998,11,4,2.1818181818181817
31,14,9,9,46,0.28125,0,2.125,0.875,2.625,13.124999999999998,10,3,1.9
31,15,12,7,45,0.296875,5,5.749999999999999,1.5,3.75,13.75,10,6,3.0
31,16,10,10,44,0.3125,0,6.625000000000001,2.875,1.625,14.125,14,5,1.5
31,17,12,9,43,0.328125,3,7.249999999999999,2.5,2.25,14.25,12,4,2.0
31,18,11,11,42,0.34375,0,7.125,2.875,2.125,14.625000000000002,13,5,1.6153846153846154
31,19,14,9,41,0.359375,5,7.249999999999999,3.0,2.25,14.749999999999998,11,4,2.090909090909091
31,20,11,13,40,0.375,-2,3.6250000000000004,1.375,1.125,15.625,12,6,2.5833333333333335
31,21,13,12,39,0.390625,1,2.25,1.5,1.75,16.249999999999996,10,4,2.0
31,22,11,15,38,0.40625,-4,5.000000000000001,1.5,4.5,17.999999999999996,8,5,3.5
31,23,15,12,37,0.421875,3,2.875,1.875,2.875,18.375000000000004,11,3,1.8181818181818181
31,24,14,14,36,0.4375,0,4.25,1.25,4.25,20.25,11,6,2.8181818181818183
31,25,16,13,35,0.453125,3,4.125000000000001,1.625,2.625,21.125,13,4,2.076923076923077
31,26,15,15,34,0.46875,0,5.749999999999999,1.25,2.75,22.249999999999996,12,7,3.25
31,27,17,14,33,0.484375,3,4.125000000000001,1.625,4.125,23.625,16,4,1.9375
31,28,16,16,32,0.5,0,4.25,2.25,2.75,24.249999999999996,10,7,3.2
31,29,18,15,31,0.515625,3,3.875,1.375,4.375,24.875,15,4,2.0
31,30,17,17,30,0.53125,0,4.25,2.25,2.75,25.75,8,7,4.0
31,31,24,11,29,0.546875,13,6.625000000000001,2.125,2.625,26.625000000000004,17,5,1.9411764705882353
31,32,23,13,28,0.5625,10,5.25,3.25,2.75,27.749999999999996,8,7,3.375
31,33,29,8,27,0.578125,21,13.625,0.625,1.625,29.124999999999996,16,6,2.1875
31,34,28,10,26,0.59375,18,10.875,0.625,2.875,29.375000000000004,7,4,2.142857142857143
31,35,32,7,25,0.609375,25,13.124999999999998,0.625,5.125,29.624999999999996,14,6,2.357142857142857
31,36,30,10,24,0.625,20,7.749999999999999,1.75,6.75,30.750000000000004,6,3,2.0
31,37,32,9,23,0.640625,23,10.625000000000002,2.625,6.125,31.124999999999996,14,3,2.0
31,38,29,13,22,0.65625,16,8.375,4.625,7.875,31.874999999999996,4,3,2.0
31,39,33,10,21,0.671875,23,13.75,8.0,4.75,33.25000000000001,11,6,2.090909090909091
31,40,31,13,20,0.6875,18,13.875,3.625,4.375,34.37500000000001,3,1,1.0
31,41,33,12,19,0.703125,21,17.999999999999996,1.75,4.5,36.0,10,6,2.4
31,42,32,14,18,0.71875,18,15.625,2.375,3.625,37.625,4,2,1.5
31,43,35,12,17,0.734375,23,22.0,1.75,4.0,39.5,10,8,4.0
31,44,31,17,16,0.75,14,13.375,3.125,3.875,40.87499999999999,4,3,1.75
31,45,33,16,15,0.765625,17,15.5,4.25,3.5,41.50000000000001,11,7,2.909090909090909
31,46,26,24,14,0.78125,2,6.125,3.875,4.625,43.12500000000001,4,5,3.75
31,47,30,21,13,0.796875,9,8.000000000000002,4.25,4.0,44.0,10,5,2.2
31,48,28,24,12,0.8125,4,8.25,4.25,1.25,45.25,3,4,2.3333333333333335
31,49,33,20,11,0.828125,13,16.500000000000004,2.75,4.5,46.0,9,6,3.5555555555555554
31,50,32,22,10,0.84375,10,14.625000000000002,4.875,6.125,47.62499999999999,2,1,1.0
31,51,34,21,9,0.859375,13,16.500000000000004,2.75,5.0,49.5,7,7,4.571428571428571
31,52,28,28,8,0.875,0,5.749999999999999,3.75,5.25,50.74999999999999,2,5,3.0
31,53,34,23,7,0.890625,11,11.375,6.875,3.375,51.875,4,7,4.5
31,54,32,26,6,0.90625,6,8.25,7.25,5.25,53.24999999999999,1,1,1.0
31,55,34,25,5,0.921875,9,6.875,6.375,5.875,54.875,5,6,4.2
31,56,31,29,4,0.9375,2,11.125,8.875,5.125,56.62499999999999,0,0,0.0
31,57,31,29,4,0.9375,2,11.125,8.875,5.125,56.62499999999999,4,7,4.75
31,58,26,35,3,0.953125,-9,6.875,3.875,7.875,58.37500000000001,1,1,1.0
31,59,28,34,2,0.96875,-6,7.749999999999999,3.75,5.75,60.25000000000001,2,7,5.0
31,60,21,42,1,0.984375,-21,18.625,0.625,2.625,62.12499999999999,0,0,0.0
31,61,21,42,1,0.984375,-21,18.625,0.625,2.625,62.12499999999999,1,4,4.0
31,62,17,47,0,1.0,-30,22.5,0.5,4.5,64.0,0,0,0.0
32,0,2,2,60,0.0625,0,0.0,0.0,4.0,4.0,4,1,1.0
32,1,4,1,59,0.078125,3,1.1249999999999998,0.125,1.125,4.125000000000001,3,1,1.0
32,2,3,3,58,0.09375,0,0.0,0.5,0.5,4.499999999999999,5,1,1.0
32,3,5,2,57,0.109375,3,1.2500000000000002,0.5,1.75,4.750000000000001,4,2,1.25
32,4,4,4,56,0.125,0,0.37499999999999994,1.125,0.375,5.375,6,1,1.0
32,5,6,3,55,0.140625,3,1.2500000000000002,2.0,1.75,6.25,6,2,1.5
32,6,5,5,54,0.15625,0,0.37499999999999994,1.125,1.375,7.375,11,2,1.2727272727272727
32,7,8,3,53,0.171875,5,4.25,2.0,0.75,8.75,5,4,1.8
32,8,7,5,52,0.1875,2,4.875000000000001,0.625,0.375,8.875,12,1,1.0
32,9,9,4,51,0.203125,5,4.25,2.0,1.25,9.249999999999998,6,4,2.5
32,10,7,7,50,0.21875,0,4.875000000000001,2.625,0.875,9.375,15,2,1.0666666666666667
32,11,10,5,49,0.234375,5,5.25,1.5,2.25,9.75,7,4,2.2857142857142856
32,12,8,8,48,0.25,0,4.875000000000001,4.125,1.375,11.375,15,2,1.1333333333333333
32,13,10,7,47,0.265625,3,4.499999999999999,3.75,2.0,11.5,11,4,2.272727272727273
32,14,8,10,46,0.28125,-2,8.25,0.75,1.75,12.25,15,5,1.9333333333333333
32,15,10,9,45,0.296875,1,8.875,0.375,2.375,12.375,10,3,1.9
32,16,8,12,44,0.3125,-4,6.125,0.375,6.625,13.625,12,5,2.75
32,17,11,10,43,0.328125,1,4.499999999999999,0.75,7.0,15.5,8,4,1.875
32,18,10,12,42,0.34375,-2,4.875000000000001,1.125,6.875,15.875000000000002,13,5,2.6153846153846154
32,19,13,10,41,0.359375,3,5.25,1.5,6.75,16.249999999999996,8,4,1.75
32,20,12,12,40,0.375,0,4.375,2.625,6.375,16.875,14,5,2.5
32,21,16,9,39,0.390625,7,2.9999999999999996,2.25,11.5,17.5,6,4,2.1666666666666665
32,22,12,14,38,0.40625,-2,2.125,4.375,8.125,18.125000000000004,10,4,2.4
32,23,16,11,37,0.421875,5,2.0000000000000004,6.75,6.0,19.000000000000004,8,3,2.125
32,24,14,14,36,0.4375,0,1.6249999999999998,4.875,7.625,19.624999999999996,12,4,2.3333333333333335
32,25,16,13,35,0.453125,3,2.3749999999999996,4.875,10.375,21.375,7,4,2.4285714285714284
32,26,13,17,34,0.46875,-4,3.5,7.5,8.5,22.5,12,4,2.5
32,27,16,15,33,0.484375,1,3.375,4.875,8.875,23.875000000000004,12,3,1.8333333333333333
32,28,14,18,32,0.5,-4,2.25,7.75,10.75,24.75,12,4,2.3333333333333335
32,29,16,17,31,0.515625,-1,3.1250000000000004,4.625,10.625,25.625,10,3,1.7
32,30,14,20,30,0.53125,-6,7.375,4.625,6.875,25.874999999999996,15,6,3.066666666666667
32,31,19,16,29,0.546875,3,2.625,4.625,14.125,26.125,8,4,2.0
32,32,18,18,28,0.5625,0,2.0000000000000004,7.0,13.5,27.0,13,4,2.4615384615384617
32,33,21,16,27,0.578125,5,2.625,8.125,9.625,28.624999999999996,7,4,3.4285714285714284
32,34,17,21,26,0.59375,-4,1.7500000000000002,7.25,14.75,29.749999999999996,15,5,2.3333333333333335
32,35,19,20,25,0.609375,-1,1.875,11.375,13.875,30.875000000000004,5,4,3.0
32,36,17,23,24,0.625,-6,3.7500000000000004,7.25,11.25,32.25,14,6,2.5
32,37,21,20,23,0.640625,1,3.6250000000000004,12.125,6.625,33.625,3,3,2.3333333333333335
32,38,20,22,22,0.65625,-2,5.25,12.75,3.25,34.74999999999999,15,6,2.533333333333333
32,39,22,21,21,0.671875,1,4.125000000000001,15.125,5.125,36.12499999999999,3,4,3.3333333333333335
32,40,19,25,20,0.6875,-6,6.374999999999999,8.625,4.375,36.87499999999999,14,5,2.7857142857142856
32,41,21,24,19,0.703125,-3,5.999999999999999,11.75,3.0,38.5,2,3,3.0
32,42,18,28,18,0.71875,-10,6.625000000000001,8.375,3.625,38.625,13,5,3.076923076923077
32,43,20,27,17,0.734375,-7,4.499999999999999,8.75,5.0,39.0,1,8,8.0
32,44,12,36,16,0.75,-24,15.124999999999998,3.875,3.125,39.625,12,6,3.4166666666666665
32,45,17,32,15,0.765625,-15,11.0,8.75,3.0,40.5,0,0,0.0
32,46,17,32,15,0.765625,-15,11.0,8.75,3.0,40.5,11,6,3.3636363636363638
32,47,24,26,14,0.78125,-2,17.75,2.75,2.75,41.25,0,0,0.0
32,48,24,26,14,0.78125,-2,17.75,2.75,2.75,41.25,11,6,3.8181818181818183
32,49,31,20,13,0.796875,11,10.000000000000002,4.75,1.0,42.50000000000001,1,3,3.0
32,50,28,24,12,0.8125,4,11.250000000000002,4.75,3.25,43.75,10,11,4.1
32,51,32,21,11,0.828125,11,12.875,2.375,4.875,44.875,0,0,0.0
32,52,32,21,11,0.828125,11,12.875,2.375,4.875,44.875,9,9,4.444444444444445
32,53,42,12,10,0.84375,30,21.25,2.25,7.75,46.25000000000001,3,4,2.3333333333333335
32,54,41,14,9,0.859375,27,19.000000000000004,2.25,7.5,47.99999999999999,7,4,2.4285714285714284
32,55,44,12,8,0.875,32,25.125000000000004,2.875,7.125,49.62500000000001,1,2,2.0
32,56,42,15,7,0.890625,27,18.750000000000004,4.5,6.25,51.25,5,4,2.8
32,57,45,13,6,0.90625,32,21.5,5.5,5.0,53.0,1,1,1.0
32,58,44,15,5,0.921875,29,21.375,6.375,5.875,54.875,5,5,3.0
32,59,48,12,4,0.9375,36,25.75,5.75,3.25,56.75,1,1,1.0
32,60,47,14,3,0.953125,33,22.125,8.125,2.625,58.62500000000001,3,4,3.0
32,61,50,12,2,0.96875,38,29.250000000000004,5.25,3.25,60.25000000000001,1,3,3.0
32,62,47,16,1,0.984375,31,19.624999999999996,9.625,2.625,62.12499999999999,1,3,3.0
32,63,51,13,0,1.0,38,30.500000000000004,6.5,0.5,64.0,0,0,0.0
33,0,2,2,60,0.0625,0,0.0,0.0,4.0,4.0,4,1,1.0
33,1,4,1,59,0.078125,3,1.1249999999999998,0.125,1.125,4.125000000000001,3,1,1.0
33,2,3,3,58,0.09375,0,0.0,0.5,0.5,4.499999999999999,5,1,1.0
33,3,5,2,57,0.109375,3,1.2500000000000002,0.5,1.75,4.750000000000001,4,2,1.25
33,4,4,4,56,0.125,0,0.37499999999999994,1.125,0.375,5.375,6,1,1.0
33,5,6,3,55,0.140625,3,1.2500000000000002,2.0,1.75,6.25,6,2,1.5
33,6,5,5,54,0.15625,0,0.37499999999999994,1.125,1.375,7.375,11,2,1.2727272727272727
33,7,7,4,53,0.171875,3,2.125,1.125,3.125,8.125,7,3,1.8571428571428572
33,8,6,6,52,0.1875,0,0.37499999999999994,1.125,7.375,9.375,11,2,1.4545454545454546
33,9,9,4,51,0.203125,5,1.4999999999999998,3.25,3.5,9.499999999999998,7,3,1.8571428571428572
33,10,7,7,50,0.21875,0,0.37499999999999994,1.125,2.875,9.875,13,3,1.4615384615384615
33,11,9,6,49,0.234375,3,0.7499999999999999,0.0,2.75,11.250000000000002,11,4,1.9090909090909092
33,12,8,8,48,0.25,0,1.375,0.625,2.375,11.375,10,2,1.4
33,13,11,6,47,0.265625,5,5.999999999999999,0.75,2.5,12.999999999999998,11,5,2.272727272727273
33,14,9,9,46,0.28125,0,2.125,1.875,4.625,13.124999999999998,8,3,1.875
33,15,11,8,45,0.296875,3,2.9999999999999996,0.75,7.0,13.5,12,4,2.3333333333333335
33,16,9,11,44,0.3125,-2,2.125,1.875,2.625,14.125,9,4,1.8888888888888888
33,17,12,9,43,0.328125,3,2.75,0.5,2.25,14.25,13,6,2.1538461538461537
33,18,10,12,42,0.34375,-2,3.5,0.5,3.0,16.0,13,3,1.6923076923076923
33,19,12,11,41,0.359375,1,3.875,0.875,2.875,16.375000000000004,11,4,2.0
33,20,11,13,40,0.375,-2,2.5000000000000004,1.5,3.0,17.0,13,5,2.6153846153846154
33,21,13,12,39,0.390625,1,1.875,0.875,2.375,17.875,11,5,2.1818181818181817
33,22,11,15,38,0.40625,-4,3.2499999999999996,1.25,3.75,18.750000000000004,11,5,2.6363636363636362
33,23,15,12,37,0.421875,3,3.6250000000000004,1.625,4.125,20.625,11,5,3.090909090909091
33,24,14,14,36,0.4375,0,2.9999999999999996,3.5,4.0,21.0,14,4,2.5
33,25,19,10,35,0.453125,9,3.6250000000000004,3.125,2.125,21.625,10,6,3.3
33,26,16,14,34,0.46875,2,1.7500000000000002,6.25,3.25,22.75,14,4,2.2142857142857144
33,27,18,13,33,0.484375,5,2.875,4.875,2.875,23.375,11,8,2.6363636363636362
33,28,16,16,32,0.5,0,2.25,0.75,3.25,24.75,15,6,2.7333333333333334
33,29,18,15,31,0.515625,3,3.6250000000000004,1.125,2.625,25.625,8,5,2.0
33,30,17,17,30,0.53125,0,4.750000000000001,1.25,3.75,26.750000000000004,16,6,3.125
33,31,23,12,29,0.546875,11,6.875,2.875,3.875,28.375,8,6,3.375
33,32,19,17,28,0.5625,2,3.5,2.5,5.5,29.5,18,5,2.2222222222222223
33,33,21,16,27,0.578125,5,4.375,2.375,5.375,30.374999999999996,5,4,3.4
33,34,18,20,26,0.59375,-2,5.749999999999999,2.75,2.25,31.749999999999996,15,5,2.466666666666667
33,35,20,19,25,0.609375,1,6.875,2.875,1.375,31.874999999999996,4,4,2.75
33,36,16,24,24,0.625,-8,12.625,7.375,1.125,32.125,16,6,3.3125
33,37,18,23,23,0.640625,-5,11.5,5.75,2.5,32.5,3,3,1.6666666666666667
33,38,17,25,22,0.65625,-8,13.75,7.25,0.75,33.25000000000001,17,6,3.2941176470588234
33,39,20,23,21,0.671875,-3,10.000000000000002,7.25,3.0,33.5,4,3,2.0
33,40,17,27,20,0.6875,-10,20.125000000000004,4.375,1.625,35.12499999999999,15,7,4.0
33,41,24,21,19,0.703125,3,8.000000000000002,11.75,2.0,36.5,4,4,2.0
33,42,23,23,18,0.71875,0,8.625,8.875,2.125,37.12500000000001,14,8,3.142857142857143
33,43,25,22,17,0.734375,3,10.375000000000002,8.875,2.875,37.875,2,2,1.5
33,44,24,24,16,0.75,0,11.5,7.0,4.0,39.0,13,8,3.4615384615384617
33,45,27,22,15,0.765625,5,8.875,7.875,3.875,39.87500000000001,1,2,2.0
33,46,25,25,14,0.78125,0,13.75,6.75,3.75,41.75,12,8,3.9166666666666665
33,47,30,21,13,0.796875,9,8.875,7.375,5.375,43.37500000000001,2,1,1.0
33,48,29,23,12,0.8125,6,8.75,6.25,3.75,44.75,10,8,3.9
33,49,38,15,11,0.828125,23,13.124999999999998,16.625,3.125,46.625,3,5,4.0
33,50,36,18,10,0.84375,18,11.375,16.625,6.375,47.875,8,4,2.375
33,51,38,17,9,0.859375,21,12.625,16.625,3.625,49.12500000000001,2,5,3.0
33,52,33,23,8,0.875,10,11.250000000000002,11.75,6.75,50.25,6,8,3.3333333333333335
33,53,42,15,7,0.890625,27,22.0,13.75,7.5,51.99999999999999,2,1,1.0
33,54,41,17,6,0.90625,24,18.875,14.625,7.875,53.375,6,6,3.6666666666666665
33,55,43,16,5,0.921875,27,19.500000000000004,11.25,10.0,55.0,2,2,2.0
33,56,41,19,4,0.9375,22,16.75,13.75,9.25,56.75,4,7,5.25
33,57,48,13,3,0.953125,35,25.125000000000004,6.125,10.625,58.62500000000001,1,2,2.0
33,58,46,16,2,0.96875,30,20.75,9.75,9.75,60.25000000000001,2,7,6.0
33,59,54,9,1,0.984375,45,38.12499999999999,3.125,6.125,62.12499999999999,0,0,0.0
33,60,54,9,1,0.984375,45,38.12499999999999,3.125,6.125,62.12499999999999,1,4,4.0
33,61,59,5,0,1.0,54,47.5,1.5,3.5,64.0,0,0,0.0
34,0,2,2,60,0.0625,0,0.0,0.0,4.0,4.0,4,1,1.0
34,1,4,1,59,0.078125,3,1.1249999999999998,0.125,1.125,4.125000000000001,3,1,1.0
34,2,3,3,58,0.09375,0,0.0,0.5,0.5,4.499999999999999,5,1,1.0
34,3,5,2,57,0.109375,3,1.2500000000000002,0.5,1.75,4.750000000000001,3,2,1.3333333333333333
34,4,3,5,56,0.125,-2,1.375,0.125,2.375,5.375,4,2,1.5
34,5,5,4,55,0.140625,1,1.7500000000000002,0.5,1.75,6.25,8,2,1.25
34,6,4,6,54,0.15625,-2,1.375,2.125,1.375,6.374999999999999,6,3,1.6666666666666667
34,7,6,5,53,0.171875,1,1.7500000000000002,0.5,2.25,6.75,9,2,1.2222222222222223
34,8,5,7,52,0.1875,-2,1.0,2.0,2.5,7.5,7,3,2.0
34,9,8,5,51,0.203125,3,1.1249999999999998,3.125,2.625,8.625,10,3,1.6
34,10,6,8,50,0.21875,-2,1.0,4.5,2.5,10.000000000000002,7,3,2.142857142857143
34,11,9,6,49,0.234375,3,1.1249999999999998,6.125,2.625,11.624999999999998,13,3,1.6153846153846154
34,12,7,9,48,0.25,-2,1.0,8.0,2.5,13.5,10,5,2.4
34,13,9,8,47,0.265625,1,0.25,8.0,6.75,14.749999999999998,12,3,2.0
34,14,7,11,46,0.28125,-4,1.875,4.625,4.375,14.875,11,5,2.3636363636363638
34,15,10,9,45,0.296875,1,0.25,2.5,5.25,15.249999999999998,12,4,2.4166666666666665
34,16,8,12,44,0.3125,-4,1.375,5.625,3.375,15.375000000000002,12,4,2.0833333333333335
34,17,11,10,43,0.328125,1,1.4999999999999998,9.75,4.0,16.0,12,4,2.4166666666666665
34,18,9,13,42,0.34375,-4,1.2500000000000002,9.75,5.75,17.75,12,5,2.5
34,19,12,11,41,0.359375,1,2.875,6.875,2.875,18.375000000000004,14,3,2.0
34,20,11,13,40,0.375,-2,2.75,11.25,2.25,19.250000000000004,14,5,2.2142857142857144
34,21,13,12,39,0.390625,1,3.875,10.375,2.375,19.375,15,3,2.1333333333333333
34,22,10,16,38,0.40625,-6,5.5,3.5,1.5,20.500000000000004,11,6,2.6363636363636362
34,23,14,13,37,0.421875,1,1.875,0.875,2.375,20.875000000000004,18,4,2.0
34,24,13,15,36,0.4375,-2,0.7499999999999999,1.25,3.75,21.25,12,4,2.1666666666666665
34,25,18,11,35,0.453125,7,2.3749999999999996,0.875,1.375,21.375,15,4,2.066666666666667
34,26,16,14,34,0.46875,2,3.5,2.5,1.0,22.0,13,6,2.3076923076923075
34,27,18,13,33,0.484375,5,4.875000000000001,2.875,0.875,22.375000000000004,14,4,2.142857142857143
34,28,17,15,32,0.5,2,5.749999999999999,4.25,0.25,23.25,11,6,2.4545454545454546
34,29,19,14,31,0.515625,5,8.375,4.375,1.375,24.374999999999996,15,4,2.066666666666667
34,30,18,16,30,0.53125,2,10.000000000000002,4.0,1.5,25.0,9,6,3.0
34,31,21,14,29,0.546875,7,8.375,3.875,2.875,26.375000000000004,13,4,2.5384615384615383
34,32,18,18,28,0.5625,0,16.0,2.0,4.5,28.000000000000004,10,6,3.3
34,33,23,14,27,0.578125,9,9.875,1.875,5.375,28.875,13,4,1.9230769230769231
34,34,22,16,26,0.59375,6,7.749999999999999,1.75,9.25,30.25,8,5,3.625
34,35,24,15,25,0.609375,9,9.125,3.625,9.625,31.124999999999996,10,4,2.4
34,36,21,19,24,0.625,2,5.749999999999999,1.75,8.25,32.25,8,5,3.625
34,37,25,16,23,0.640625,9,6.875,2.875,4.375,33.37500000000001,10,5,2.3
34,38,23,19,22,0.65625,4,8.25,4.25,5.25,34.74999999999999,9,5,3.3333333333333335
34,39,26,17,21,0.671875,9,9.375,1.375,5.875,36.375,8,4,1.875
34,40,25,19,20,0.6875,6,8.000000000000002,2.0,8.5,37.99999999999999,8,5,3.375
34,41,29,16,19,0.703125,13,6.875,2.875,3.375,39.87500000000001,7,5,3.142857142857143
34,42,25,21,18,0.71875,4,5.000000000000001,1.0,4.0,40.5,10,5,2.7
34,43,28,19,17,0.734375,9,6.374999999999999,1.375,1.375,42.37499999999999,8,5,2.0
34,44,25,23,16,0.75,2,9.249999999999998,3.75,2.25,43.25,9,5,2.888888888888889
34,45,27,22,15,0.765625,5,9.625,3.625,2.125,44.625,7,5,2.142857142857143
34,46,23,27,14,0.78125,-4,8.75,5.25,2.25,45.75,7,5,3.7142857142857144
34,47,29,22,13,0.796875,7,9.125,2.625,1.625,47.62499999999999,6,7,3.5
34,48,27,25,12,0.8125,2,11.5,5.5,2.0,49.0,7,4,2.4285714285714284
34,49,29,24,11,0.828125,5,11.125,4.625,1.125,50.625,5,5,3.2
34,50,25,29,10,0.84375,-4,14.749999999999998,10.75,0.75,52.25000000000001,4,4,3.25
34,51,30,25,9,0.859375,5,13.625,12.625,4.625,54.125,4,5,3.0
34,52,27,29,8,0.875,-2,9.375,14.125,6.375,54.37499999999999,4,5,2.75
34,53,29,28,7,0.890625,1,9.625,14.125,6.625,54.62499999999999,3,10,4.666666666666667
34,54,19,39,6,0.90625,-20,14.875,12.625,8.875,55.37499999999999,4,6,5.25
34,55,26,33,5,0.921875,-7,12.625,3.625,8.625,56.125,3,4,2.6666666666666665
34,56,22,38,4,0.9375,-16,17.875,3.625,4.875,57.37499999999999,3,6,5.0
34,57,27,34,3,0.953125,-7,12.125,3.625,14.125,58.62500000000001,2,2,1.5
34,58,26,36,2,0.96875,-10,16.375000000000004,3.125,12.375,60.37500000000001,2,12,7.0
34,59,39,24,1,0.984375,15,35.12499999999999,6.125,4.125,62.12499999999999,0,0,0.0
34,60,39,24,1,0.984375,15,35.12499999999999,6.125,4.125,62.12499999999999,1,10,10.0
34,61,50,14,0,1.0,36,47.0,3.0,1.0,64.0,0,0,0.0
