obf,edax_d20_score,edax_d20_depth_observed,edax_d20_best_move,parse_ok
------------O------OOX-----XOX----XXOO----XO-O------------------ X;,-2,20,f2,1
------------------OOXX-----OXX----XXOO----XO-O------------------ X;,6,20,c4,1
--------------------XX----OXXO----XXO----OOOOO------------------ X;,3,20,b4,1
-------------------OXX-----XXX---OOOOO----XO-O------------------ X;,9,20,c3,1
-------------------OXX-----XXX----XXOO---OOO-O------------------ X;,6,20,c3,1
-------------------OXX---O-XXX----OXOO----XO-O------------------ X;,8,20,c3,1
--------------------XX----OXXO----OXO-----OOOO----O------------- X;,9,20,g4,1
-----------------OO-OX---XOXXX----XOO-----X-O------------------- X;,-4,20,d6,1
------------------OOXX----XOX-----XOOO----XO-------O------------ X;,-3,20,e2,1
-------------------OOX----XXOX----XXOO----XO-O------------------ X;,-6,20,c3,1
------------X-----O-XX----OOXX----XOO-----XOO------------------- X;,-7,20,f6,1
----------X--------X-X-----OXX---OOOOO----XO-O------------------ X;,-5,20,c7,1
-----------X------O-XX----OOXX----XOO-----XOO------------------- X;,-7,20,f5,1
-------------X----O-XX----OXXX---OOOO-----X-O------------------- X;,-8,20,f6,1
-----------------XO-OX----XOXX----XOO-----XOO------------------- X;,-10,20,d2,1
-----------X-------XOX-----XOX----XXOO----XO-O------------------ X;,-13,20,g6,1
----------X-------X-OX----XOXX----OXO----OX-O------------------- X;,-6,20,f5,1
--------------------XX---OOXXO----OXX-----XOO------O------------ X;,0,20,f5,1
-------------------OXX----OOXO----XOX-----XOO------O------------ X;,2,20,f6,1
--------------------XX----OXXO----XXX----OOOO------O------------ X;,1,20,b4,1
--------------------XX----OXXO---OXXX-----OOO------O------------ X;,3,20,c3,1
-------------------OXX-----XXOO--OOOOO----XO-------------------- X;,4,20,c4,1
------------------XX------OXXO-----XXO-----OOO------OO---------- X;,4,20,c5,1
-------------------OXX-----XXOO---XXXO---OOO-------------------- X;,8,20,g3,1
-------------------OXX---O-XXOO---OXXO----XO-------------------- X;,10,20,c4,1
------------------XXXX-----OOO----OOOO----XO-------O------------ X;,2,20,c4,1
-------------O----XXOX-----OX-----OOOO----XO-------O------------ X;,9,20,c4,1
-----------O------XOXX-----OX-----OOOO----XO-------O------------ X;,10,20,c4,1
------------------XXXX-----XO-----OOOO------OO------OO---------- X;,13,20,f4,1
----------O-------XOXX-----OO-----OOOO----XO-------O------------ X;,10,20,c4,1
------------------XXXX-----XO-----OOOO------OOO-----O----------- X;,13,20,f4,1
------------O-----XXOX-----OO-----OOOO----XO-------O------------ X;,13,20,c4,1
------------------XXXX-----XO-----OOOOO-----OO------O----------- X;,15,20,f4,1
---------O--------OXXX-----OX-----OOOO----XO-------O------------ X;,24,20,c4,1
------------------X-OX----XOOOO---XOO-----O-O----O-------------- X;,28,20,d3,1
------------------XXXX-----XO-----OOOO------OO------O-O--------- X;,28,20,f4,1
------------X-----O-XX----OOXO----XXO-O---X-O------------------- X;,5,20,d3,1
-------------------OXX-----XX----XXXOO---OOO--------O----------- X;,4,20,c7,1
-------------------OXX---O-XX----XOXOO----XO--------O----------- X;,4,20,c3,1
------------X-------XX----OXXO---OOOO-O---X-O------------------- X;,7,20,d6,1
-------------------OXX-----XX---OOOOOO----XO--------O----------- X;,10,20,f6,1
------------X-------XX----OXXO----OXO-O---O-O-----O------------- X;,13,20,f5,1
------------------XXX-----OXXO-----OOO-----OOO-------O---------- X;,7,20,g5,1
------------------OXXX----OOXO-----XO-----XOO-----O------------- X;,9,20,c5,1
-------------------O-XO---XXXO----XXOO---OOO-------------------- X;,10,20,e6,1
--------------------OX----OOXO----OOOOO--OX-O------------------- X;,14,20,f6,1
-------------------O-XO---OXXO---OOOOO----XO-------------------- X;,15,20,c3,1
-------------------XXX----OXXO-----XO----OOOO-----O------------- X;,16,20,f5,1
------------O-----XXOX-----XO-----OXOO----OO------O------------- X;,14,20,f4,1
-------------O----XXOX-----OX-----OXOO----OO------O------------- X;,17,20,c4,1
----------O-------XOXX-----XO-----OXOO----OO------O------------- X;,16,20,f4,1
------------O-----XXOX-----XO-----OOOO------OO-------O---------- X;,16,20,f4,1
--------------O---XXXO-----XO-----OOOO----OO------O------------- X;,31,20,f4,1
---------O--------OXXX-----OX-----OXOO----OO------O------------- X;,32,20,c4,1
-----------------XO-OX----OOXX----OXO-----O-O-----O------------- X;,14,20,b4,1
---------------O--XO--O---XXXO-----OOO-----O-O-------O---------- X;,17,20,c6,1
----------X--------XOOO----XX-----OXOO----OO------O------------- X;,15,20,e2,1
-----------------X--OX----XXXO----OXO-O---O-O-----O------------- X;,17,20,g4,1
--------------O--X--OO----XXOX----OOO-----O-O-----O------------- X;,21,20,d6,1
----------X------OOOO-----XXXO----XXXX-----O-------------------- X;,-1,20,d2,1
------------X----OOOO-----XXXO----XXXX-----O-------------------- X;,-3,20,c2,1
------------X-------XOO---OXXO----XXXO------OO------------------ X;,-5,20,c3,1
------------------X-OOO---XXXO----XXXXO-----O------------------- X;,-8,20,e7,1
-----------X-------X-----OXXXX----OXXO---OOO-------------------- X;,-7,20,a4,1
------------X------X-----OXXXX----OXXO---OOO-------------------- X;,-8,20,a4,1
----------X--------X-----OXXXX----OXXO---OOO-------------------- X;,-5,20,a4,1
--------------------O-----XXXXO--XXXXO------OOO----------------- X;,-10,20,e2,1
-----------------X--OOO---XXXO----XXXXO-----O------------------- X;,-13,20,f2,1
---------------X----OOX---OXXO----XXXO------OO------------------ X;,-16,20,e2,1
---------X-------OXO------OXXO---OXXXX-----O-------------------- X;,-22,20,b4,1
-------------------OX----X-XXX----XXXO----OOO-----O------------- X;,-3,20,f6,1
-------------O------XOX---OXXO----XXXO-----XO------------------- X;,-6,20,f6,1
-------------------OX------XXX---XXXXO----OOO-----O------------- X;,-6,20,d2,1
-------------------XXX----XXX-O---OXXO------OOO----------------- X;,-6,20,h5,1
-------------------XXX----XXX-----OXXO-----OOO-------O---------- X;,-7,20,c6,1
------------X------XX-----XXX-----OXXO------OO-----O-O---------- X;,-7,20,b5,1
------------X------XX-----XXX-O---OXXO------OOO----------------- X;,-7,20,b5,1
-------------X-----XX-----XXX-O---OXXO------OOO----------------- X;,-7,20,b5,1
-------------X-----XX-----XXX-----OXXO------OO-----O-O---------- X;,-10,20,b6,1
------X------X-----OOO----OXXO----XXX------XO------------------- X;,-17,20,f5,1
------------OOX-----OX----OXOO----XXO------XO------------------- X;,-19,20,f5,1
------------------XXXO----XXXO-----XXO-----OOO------------------ X;,-3,20,g4,1
------------------OXXX---XOXXX----OOO-----O-O------------------- X;,-4,20,b5,1
-----------O------OOXX----OOXX----XXO-----X-O------------------- X;,-8,20,d1,1
------------------OXXX---OOOXX---XXOO-------O------------------- X;,-6,20,c6,1
----------O------XOXXX----OOXX----XOO-------O------------------- X;,-8,20,c6,1
------------O-----XXOO----XXOO----XXXX-----O-------------------- X;,-10,20,g4,1
-------------X----XXXX----XXOX-----OOOO----O-------------------- X;,-14,20,c6,1
--------------------XX---XXXXX-----OOOO----XOO------------------ X;,-16,20,h6,1
------------------X-XX---XXXXO-----OOO----OOO------------------- X;,-5,20,g4,1
-----------X------XXO-----XOOO----OOOX----XO-------------------- X;,-9,20,e6,1
------------X-----XXO-----XOOO----OOOX----XO-------------------- X;,-10,20,d7,1
------------------X-XX----XXXO----XOOO----OOO------------------- X;,-9,20,g4,1
-------------X----XOX-----XXOO----OOOX----XO-------------------- X;,-8,20,f3,1
----------X-------XXO-----XOXO----OOOX----XO-------------------- X;,-9,20,d7,1
------------------XOOX-----XOX----XXOO----XOO------------------- X;,-12,20,d7,1
------------------XOO-----XOXXX---OOOX----XO-------------------- X;,-12,20,f6,1
------------O-----XXOX----XXOX-----XOX----XO-------------------- X;,-11,20,f2,1
-----------X------XXO-----XXOO----XXOX-----OO------------------- X;,-7,20,g4,1
------------------XX-----XXXXO----OOOO-----OOO------------------ X;,-8,20,c6,1
------------X------OXX----OOXX----XOO-----XOO------------------- X;,-11,20,f5,1
-----------OX-----XOXX----XOXX----XOO-------O------------------- X;,-10,20,f6,1
-----------X-X----XXX-----XXOO-----OOO-----O-O------------------ X;,-12,20,g4,1
------------X------XXX----XOXX---XOOO----O--O------------------- X;,-11,20,f5,1
------------------XX-----XXXXXX---OOO------OOO------------------ X;,-16,20,c6,1
------------X-----OOXX---XXOXX----XOO-------O------------------- X;,-15,20,d2,1
------------------XOOX----XOXX----OOOX----XO-------------------- X;,-9,20,d2,1
----------XO------XOOX----XOXX----XOO-------O------------------- X;,-8,20,d6,1
------------------XOOX----XXOX----XXOX-----OO------------------- X;,-8,20,c2,1
-------------X----XOXX----XXOX----XOOO------O------------------- X;,-11,20,e7,1
-----------X------XOXX----XOOX----XOOO------O------------------- X;,-12,20,e2,1
------------------XOOX----XOXX----XOX-----OOO------------------- X;,-10,20,d2,1
------------------XOOX----XOOX----XXOO----X-O------------------- X;,-12,20,d6,1
-----------O------XOX-----OOO-----OXXXX---XX-------------------- X;,-15,20,b6,1
------------------XXO-X---OOOX----OOX-----XXX------------------- X;,-18,20,d2,1
-------------X-----OXX----OOOX----XOOO-----XO------------------- X;,-10,20,c6,1
----------X-------XXO-----XXOO----XXOX-----OO------------------- X;,-9,20,g4,1
-------------X----XXXX---OOOXX----XOO-------O------------------- X;,-10,20,c6,1
-------------X-----OXX----OOOX----XXOO----X-O------------------- X;,-14,20,d6,1
--------------------XXX--XXXXX-----OOO----OOO------------------- X;,-15,20,f6,1
-------------X----OOXX---XXOXX----XOO-------O------------------- X;,-13,20,e2,1
----------X--X----XXX-----XXOO-----OOO-----O-O------------------ X;,-13,20,g4,1
------------------XOO-----XXOXX---XXOX-----OO------------------- X;,-9,20,c2,1
------------------XXXX---XXOXX----OOO----O--O------------------- X;,-11,20,f6,1
----------X--------XOX---XXOXX---OOOO-------O------------------- X;,-14,20,d2,1
-------------------OOX---XXOXX----XOX-----OOO------------------- X;,-12,20,d2,1
-----------X------OX-------OOX----XXOXX---XOO------------------- X;,-14,20,e3,1
-----------X-------OXX---XXOOX----XOOO------O------------------- X;,-13,20,c3,1
-------------------OOX---XXOOX----XXOO----X-O------------------- X;,-15,20,d6,1
------------X------XXX---XXOXX----OOO----O--O------------------- X;,-18,20,d6,1
----------X--------X------OOXX----XOOXX---XOO------------------- X;,-18,20,c3,1
-----------X-------OXX----OOXX----XXOX------OO------------------ X;,-9,20,d6,1
------------X-----XXXX----XXOX-----OOO-----O--O----------------- X;,-8,20,c6,1
------------XX----XXX-----XXOO-----OOO-----O-O------------------ X;,-11,20,g4,1
-----------X-------OXX----OOOX----XXOO----X-O------------------- X;,-13,20,d6,1
-----------X-------OXX---XXXOX----XOOO------O------------------- X;,-13,20,c3,1
-------------------OXX---XXOOX-----OOOX----XO------------------- X;,-15,20,c3,1
------------X-----XXX-----XXXO-----XXO-----OOO------------------ X;,-15,20,g3,1
-----------------X-OX----OOOO-----OXXXX---XX-------------------- X;,-14,20,b6,1
-------------------OXXX--XXOOX-----OXO-----XO------------------- X;,-15,20,c3,1
------------------XXX----OOOO-----XXXXX---XX-------------------- X;,-16,20,b5,1
-----------X-------XOX-----XOX----XXOO----XOO------------------- X;,-17,20,f2,1
-----------X-------X------OOOX----XOXXX---XOO------------------- X;,-17,20,c3,1
----------X--------XX-----OOX-----OOXXX---XXO------------------- X;,-22,20,f6,1
-------------------O-----OXXXX---OXXXO---OOO-------------------- X;,1,20,e2,1
-----------XO-----XXX-----OXXO-----XX------OOO------------------ X;,4,20,b4,1
--------------------OX-O--OXXXO---XXXOO-----O------------------- X;,6,20,d3,1
------------------XO----OOOOOO---OXXXX-----O-------------------- X;,6,20,b3,1
-----------OX------XXX----OXXO-----XO------OO-----O------------- X;,10,20,f6,1
------------------XO-----XXXXO---OOOOOO----O-------------------- X;,12,20,e3,1
--------------------OX----XOX-O---OOOOO-----OOO----------------- X;,6,20,e7,1
-------------------X-------XX-----OXXO----O-OO----OOOO---------- X;,10,20,b5,1
-------------------X-------XX----OOXXO----O-OO-----OOO---------- X;,7,20,a5,1
------------------O-OX----XOX-O----XOOO-----OOO----------------- X;,10,20,d3,1
-------------------OOX----XXO-O----XXOO-----OOO----------------- X;,13,20,c3,1
------------------XO--O--O-XXO---OOXO----OOO-------------------- X;,15,20,e3,1
------------------OXX------XX-----OXOO----OO------OOO----------- X;,11,20,b3,1
------------------O-OX----XOXXX---OXO-O--O--O------------------- X;,10,20,d3,1
------------------XO-O---XXXXX---O-OOOO----O-------------------- X;,14,20,e3,1
-----------------OO-OX----OXXXX---XOO-O-----O------------------- X;,14,20,c6,1
------------------O-OX----OXXXX---OXO-O---O-O------------------- X;,18,20,f5,1
------------------XXXO---XXXO----O-OOOO----O-------------------- X;,14,20,f4,1
-----------O------XOX----XXOX----O-OOOO----O-------------------- X;,18,20,c5,1
-----------------OXXX----OOXX----O-OOOO----O-------------------- X;,19,20,a4,1
----------O-------XOX----XXXO----O-OOOO----O-------------------- X;,18,20,d2,1
-----------XO-----XO------OXOO---OOOO-------O-------O----------- X;,25,20,e3,1
---------O--------OXX----XXOX----O-OOOO----O-------------------- X;,32,20,b3,1
------------------XO--O--XXXXO---O-OOO-----O--O----------------- X;,15,20,f6,1
-----------OX-------XX----OOXO-----XO------OOO----O------------- X;,17,20,d3,1
-------------O-----XO------XX-----OXOO----OO------OOO----------- X;,23,20,e2,1
-------------------XXX----XOOO----OOOO------OOO----------------- X;,4,20,g4,1
------------------XXX------XOOO---OOOO---OOO-------------------- X;,5,20,d7,1
------------------XXX-O----XOO----OOOO---OOO-------------------- X;,6,20,g4,1
------------------XXXO-----XOO----OOOO---OOO-------------------- X;,7,20,g4,1
-------------O-----XOX----XOX-----OOOO------OOO----------------- X;,10,20,d6,1
-----------O-------OXX----XOX-----OOOO------OOO----------------- X;,14,20,c3,1
------------O------XOX----XOO-----OOOO------OOO----------------- X;,15,20,f4,1
----------O--------OXX----XOO-----OOOO------OOO----------------- X;,17,20,c3,1
--------------O----XXO----XOO-----OOOO------OOO----------------- X;,30,20,f4,1
---O--------O-------XOO---XXX------XXO------OOO----------------- X;,5,20,f7,1
------------X-------XOO---XXX-----OOOO------OOO----------------- X;,9,20,d6,1
-------------------X-------XX---OOOOOO----O-OO----O--O---------- X;,10,20,d6,1
-------------------X------OXX----XOOXO----O-OO----O--O---------- X;,13,20,b6,1
-----------X-----OOX-------OXX----OXO----OOO-O------------------ X;,12,20,f5,1
------------X-----O-XOO---XOX------XOO------OOO----------------- X;,13,20,c5,1
-----------X-----OOX--O----XXO----OXO----OOO-------------------- X;,17,20,g4,1
------------O-----XXOX----XXO------XXO------OOO----------------- X;,8,20,f2,1
------------------XXXX-----OOOO---OXX----OOO-------------------- X;,10,20,f5,1
------------------XXXX----XXO-----OOOO------OOO----------------- X;,9,20,f4,1
------------------XXXX-----OXX----OXO----OOO-O------------------ X;,9,20,c4,1
----------O-------XOXX----XXO------XXO------OOO----------------- X;,15,20,d2,1
------------------XXXXO----OXO----OXO----OOO-------------------- X;,14,20,g4,1
------------------XX------XXX-----XOXO----O-OO---O---O---------- X;,23,20,d6,1
---------O--------OXXX----XOO------XOO------OOO----------------- X;,27,20,c5,1
------------------XXXO-----XXO----OOOO---OOO-------------------- X;,7,20,g4,1
------------------OX------OXX-----OXOO----O-OO----O--O---------- X;,13,20,b6,1
------------O-----OXOX----XXO------XOO------OOO----------------- X;,13,20,f2,1
------------------XXXOO----XXO----OOO----OOO-------------------- X;,12,20,f6,1
----------O-------OOXX----XXO------XOO------OOO----------------- X;,15,20,f4,1
-------------O----XOOO----XOXO----XOO------O------O------------- X;,12,20,c6,1
------------------XXXOO----XOO----OOO----OOO-------------------- X;,14,20,f5,1
-------------O----X-OO----XXXO---OOOO------O------O------------- X;,17,20,e2,1
-------------O----XXO-O----OXO----OXO----OOO-------------------- X;,19,20,c4,1
------------O----O-OOX----OXO------OOO------OOO----------------- X;,24,20,f2,1
---------O--------OXX-O----OXO----OXO----OOO-------------------- X;,38,20,c4,1
-------------------OOX----XXO-----XXXO----O-OOO----------------- X;,7,20,c3,1
------------------OXX------XX-----OXXO----OO-O----O--O---------- X;,7,20,g5,1
----------O-------OO-X----OOXO-----XO-----OOOO------------------ X;,11,20,e7,1
--------------------OX----XOX-----OXXO---OO-OOO----------------- X;,14,20,c3,1
-----------------O--OX----OXX-----XOXO----O-OOO----------------- X;,15,20,b4,1
--------------------OX----XXX----OOOOO----O-OOO----------------- X;,16,20,d6,1
------------------OXX------OX-----OXOO----OO-O----O---O--------- X;,35,20,c4,1
-------------O----OXOX----XOXX----OXO----O--O------------------- X;,7,20,f5,1
------------------XXXOO---XXXO-----OOO-----O--O----------------- X;,11,20,f6,1
------------O-----OXOX----XXOX----OXO----O--O------------------- X;,8,20,c2,1
-------------O----OXO-----OXX-----OXOO----OO------O------------- X;,18,20,b4,1
------------------XXXOO---XXXO-----OOOO----O-------------------- X;,10,20,f6,1
----------O-------XOXO----XXOX-----OOOO----O-------------------- X;,8,20,e6,1
------------O-----XXOO----XXOX-----OOOO----O-------------------- X;,12,20,d2,1
-----------O------XOOO----XOXO-----OOOO----O-------------------- X;,21,20,c2,1
------------------OOOOO---XXXO---OOOO-------O------------------- X;,23,20,d2,1
--------------O---OXXO----XXOX---OOOO-------O------------------- X;,33,20,f5,1
-----------------OO-OX----OXXX---OOOO-----X-O------------------- X;,10,20,d6,1
--------------------XX----OOXO-----XO-----XOOO----O--O---------- X;,12,20,d3,1
----------O-------OOXX-----OX-----OOOO----XO-------O------------ X;,11,20,c4,1
----------O-------OOXX-----XX-----OXOO----XO--------O----------- X;,14,20,d7,1
-----------------OO-OX----OXXX----OXO-----O-O-----O------------- X;,21,20,b4,1
----------O-------OOXX-----XX-----OXOO----OO------O------------- X;,22,20,d2,1
----------------OOO-OX----XXXX----OXO-----O-O------------------- X;,11,20,f2,1
----------X-------OXOO-----XX-----OXOO----OO------O------------- X;,14,20,b3,1
-----------------XO-OX----XXXO----OXO-O---O-O------------------- X;,17,20,g4,1
---------------O--XO-OO---XXXO-----OOO-----O-O------------------ X;,20,20,e3,1
--------------O--XO-OO----XXOX----OOO-----O-O------------------- X;,25,20,d3,1
-----------O-----OOOX-----OXX-----XOOOO----O-------------------- X;,17,20,c6,1
-----------O------XOX-----OXX----OOOOOO----O-------------------- X;,18,20,b4,1
-----------O------XOO-----XXXO----XOOOO----O-------------------- X;,19,20,c6,1
-----------O------OOX----OXXX-----OOOOO----O-------------------- X;,20,20,e2,1
------------------XXX----OOXOO---OOOO-------O-------O----------- X;,24,20,d6,1
------------------XXX----OOXOO----OOO-----O-O-------O----------- X;,22,20,d6,1
---------O-O------OOX-----XOX-----XOOOO----O-------------------- X;,34,20,e2,1
----------O-------XOX-O---XXXO-----OOOO----O-------------------- X;,17,20,d2,1
-------------O-----XOO----XXXO---OOOOO------O------------------- X;,17,20,e2,1
-------------O-----XOX----XXXO---OOOO-O-----O------------------- X;,18,20,e2,1
----------O-O-----XOO-----XXOX-----OOOO----O-------------------- X;,18,20,f3,1
-----------------OXX------OXOO----OOO-----OOO-------O----------- X;,18,20,d7,1
-------------O-----XOOO---XXXO---OOOO-------O------------------- X;,21,20,e2,1
----------OO------XOO-----XXXO-----OOOO----O-------------------- X;,21,20,f3,1
-------------OO----XOO----XXOX---OOOO-------O------------------- X;,35,20,f5,1
-----------O-----OXOX----XXOX------OOOO----O-------------------- X;,18,20,c5,1
-----------------OXXX----OXXX----O-OOOO----O-------------------- X;,18,20,a5,1
----------O------OXOX----XXXO------OOOO----O-------------------- X;,20,20,e2,1
----------OX------OX------OXOO----OOO-----O-O-------O----------- X;,19,20,b3,1
----------OX------XX------XXOO---OOOO-------O-------O----------- X;,23,20,c6,1
---------O-------OOXX----XXOX------OOOO----O-------------------- X;,35,20,c2,1
------------O-----XXXO----XXO-O----OOOO----O-------------------- X;,17,20,g3,1
-----------OO-----XOXX----XOO------OOOO----O-------------------- X;,20,20,f4,1
------------O-----XXXX---OOOO------OOOO----O-------------------- X;,21,20,c5,1
----------O-O-----XOXX----XXO------OOOO----O-------------------- X;,22,20,f4,1
------------O----OXXXX----OXO------OOOO----O-------------------- X;,25,20,f4,1
------------O-----XOXX----OXO----O-OOOO----O-------------------- X;,26,20,f4,1
---------O--O-----OXXX----XOO------OOOO----O-------------------- X;,34,20,b3,1
------------O-O---XXXO----XXO------OOOO----O-------------------- X;,37,20,g3,1
---------O--------OXX----OXXX-----OOOOO----O-------------------- X;,34,20,c2,1
---------O--------OXX-----XXX----OOOOOO----O-------------------- X;,33,20,b3,1
---------O-------OOXX-----OXX-----XOOOO----O-------------------- X;,33,20,c2,1
---------O--------OXX-----OXX-----OOOOO---OO-------------------- X;,34,20,b4,1
---------O--------OXX-----OXOO----OOO-----O-O-------O----------- X;,37,20,d6,1
---------O--------OXX-----XXOO---OOOO-------O-------O----------- X;,39,20,b3,1
---------O-------OOXX-----OXOO----XOO-------O-------O----------- X;,38,20,b4,1
-----------------OO-OX---XOXXX----OOO----O--O------------------- X;,8,20,d3,1
----------------O-O-OX---OXXXX----OXO----O--O------------------- X;,11,20,d3,1
------------------O-OX---OXXXX--O-OXO----O--O------------------- X;,13,20,d3,1
------------------O-OX---XXXXO----OXO-O--O--O------------------- X;,14,20,d3,1
-----------X-O----OXO------XX-----OXOO----OO------O------------- X;,19,20,e2,1
-----------------O--OX----OXXX----OXO----OOOO------------------- X;,12,20,d2,1
-----------------O--OX----OXXO----OXO-O--OX-O------------------- X;,17,20,f5,1
-------------------O-XO----OXO---OOOOO----XO--O----------------- X;,17,20,c4,1
----------O--O-----OOX-----XX-----OXOO----OO------O------------- X;,18,20,e6,1
-----------------O--OX----OXXX----OXO----OO-O-----O------------- X;,19,20,f5,1
------------XO-----XXO-----XO-----OOOO----OO------O------------- X;,19,20,f4,1
--------------------OOO---XXXO--OOOOO----O--O------------------- X;,20,20,d6,1
-----------------O--OOO---OXXO---XXOO----O--O------------------- X;,19,20,d6,1
------------XO----OXX------OX-----OXOO----OO------O------------- X;,22,20,c4,1
----------OOO------XO------XO-----OOOO------OO-------O---------- X;,24,20,f2,1
------------------X-OX---OOOX-----XXOX----X-OO------------------ X;,-5,20,d3,1
----------------X-X-OX---XOOO-----XOOX------OO------------------ X;,-9,20,d3,1
------------------X-OX---XOOO---X-OOXX----O-O------------------- X;,-10,20,d3,1
------------------XXXX-----XOOO---XXOO-----OO------------------- X;,-13,20,h4,1
------------------X-X-----OOXXX----OO-----XOO------OO----------- X;,-13,20,c5,1
------------------X-X-----OOXX-----OO-X---XOO------OO----------- X;,-11,20,c5,1
----------X-------XXOX-----OOOO---XXOX-----O-------------------- X;,-12,20,h3,1
-----------X------XX-X-----XOOO---XXOOO----O-------------------- X;,-12,20,e7,1
-------------------XXX----OXX-----XXOX-----OOO----O------------- X;,-7,20,e7,1
------------------XXXX----XOX-----XOOOO-----OO------------------ X;,-9,20,d6,1
-------------------OX-----XOO-----XOXXX---XOOO------------------ X;,-10,20,e2,1
-------------------XXX----XOX----XOOOX---O--OO------------------ X;,-11,20,d6,1
-------------------XXX----OOX-----XOOX----XOOO------------------ X;,-13,20,c3,1
------------------OX-X----OOXX---XOOOX-----XO------------------- X;,-14,20,b3,1
------------------XXX------XXXX---XOOOO---OO-------------------- X;,-14,20,h6,1
-----------------XXXOX----OOOX-----OOX-----XO------------------- X;,-14,20,d2,1
----------XO------XOXX-----OXX----XXOX-----O-------------------- X;,-10,20,e6,1
------------------OX-XX---XOOX---X-OOO-----XO------------------- X;,-17,20,b3,1
----------X--X----XXX------XOO----XOOX----OO-------------------- X;,-17,20,e6,1
------------------OX-XX--XXOOX-----OOO-----XO------------------- X;,-17,20,b3,1
-------------X-----OXX----OOX-----XOXX----XOO------------------- X;,-19,20,f6,1
-----------X------OOOX----XXOX-----XOO----XO-------------------- X;,-12,20,b4,1
-------------------OXX----XOX-----XOOO----XOOO------------------ X;,-12,20,f7,1
-----------OX-----OO-X----XOXX-----XOO----XO-------------------- X;,-12,20,d1,1
------------------X-OX----XOX-----XOOX----XOOO------------------ X;,-13,20,d3,1
-----------X-------XXX-----XX-----OXOO----XOOO------------------ X;,-14,20,b5,1
------------X-------XX----OOX-----XOOX----XOOO------------------ X;,-15,20,d7,1
-----------------X--OX----XOX-----XOOX----XOOO------------------ X;,-15,20,d3,1
-------------X----O-XX----OOX-----XXOX----X-OO------------------ X;,-15,20,d3,1
----------X-------XX-X----XOXX----OOOO----XO-------------------- X;,-19,20,f6,1
-----------------XXX-X---XXOOO-----OO-----OOO------------------- X;,-12,20,g4,1
------------------XXX------OO-----OOOXX---XOOO------------------ X;,-11,20,c4,1
-----------------OOX-X---XOXXXX----OO------XO------------------- X;,-12,20,b5,1
-----------X------OX-X---OOOXX-----XOO----XO-------------------- X;,-13,20,f6,1
----------X-------XX-X---XXOOO-----OO-----OOO------------------- X;,-14,20,g4,1
------------------OX-X---XOOXX----OOOX-----XO------------------- X;,-13,20,c6,1
-----------X------XX-X---XXOOO-----OO-----OOO------------------- X;,-13,20,g4,1
----------X--------XX------OX-----OOOXX---XOOO------------------ X;,-21,20,e7,1
----------O------XOX-X----OOXXX----OO------XO------------------- X;,-12,20,b4,1
------------------OX-X---OOOXXX--X-OO------XO------------------- X;,-14,20,c6,1
------------X-----X-XX----XOOO----XOOO------OO------------------ X;,-16,20,g4,1
------------X------OXX---XXOX-----XOOX------OO------------------ X;,-17,20,c3,1
------------------X-X-----OOXX----OOO-X---XOOO------------------ X;,-14,20,c7,1
-------------------XOX----XXOXX--X-OO-----OOO------------------- X;,-13,20,d2,1
------------------OX-X----XOXX---X-OOX----OOO------------------- X;,-11,20,c5,1
------------X-----OX-X----XOXXX----OOO----XO-------------------- X;,-18,20,c2,1
----------X-------OOOO-----OX-X---OOXX----X-X------------------- X;,-21,20,c4,1
------------X-X---OX-X----XOXO-----XOO----XO-------------------- X;,-32,20,d7,1
------------------XXXO-O---XXXO----OOO----XO-------------------- X;,-5,20,g3,1
------------------X-OX----OOOX-----XOX----XOOO------------------ X;,-5,20,c7,1
------------------XXXXX---OOOO-----OOO----XO-------------------- X;,-8,20,c5,1
------------------XXXO----OOOX-----OOOX---XO-------------------- X;,-8,20,g6,1
------------------XO-OX----OOO-----XXO----XXXO------------------ X;,-9,20,g5,1
------------------X--X---XXXXX-----OOOO----OOO------------------ X;,-10,20,h6,1
------------------X-OX----XOOX----XXOX-----OOO------------------ X;,-11,20,d3,1
-------------OX---XXXO-----XXO-----XOO----XO-------------------- X;,-24,20,f6,1
------------------XXXX-----OOOO---OXOX----XO-------------------- X;,-6,20,f6,1
------------------XXX-----XOOO---OOOOX----XO-------------------- X;,-7,20,d7,1
------------------XXX------OOOO---OOOXX---XO-------------------- X;,-7,20,c4,1
-------------------XXX----OOX-----XXOO----X-OOO----------------- X;,-11,20,c3,1
------------------XOOX---XXXOX-----OOX-----XO------------------- X;,-13,20,c6,1
------------------XXX-----OOOO----XOOX---XXO-------------------- X;,-14,20,f6,1
------------------XO-X----XOOX----XXOX-----XOO------------------ X;,-15,20,e2,1
------------------XXX------OOO---XXXOX----XOO------------------- X;,-17,20,g5,1
------------X-------XX----XOX----OOOO-----X-OOO----------------- X;,-8,20,f7,1
-------------O----X--OX--XXXOO-----OOO-----XO------------------- X;,-8,20,e3,1
------------X------OXX----XOX-----XOO----X--OOO----------------- X;,-9,20,c3,1
-------------------XO------OO----XXXOXX---X-OO-------O---------- X;,-16,20,f8,1
------------------X--X----OOXX----OOOX----XOX------O------------ X;,-11,20,f6,1
------------------XOOX----XOX-----XOX-----XOOX------------------ X;,-14,20,f2,1
------------------X--X----OOXXX---OOO-----XOX------O------------ X;,-13,20,b3,1
----------X-------XXOX-----OOOO----XOX----XO-------------------- X;,-14,20,f6,1
------------------X--XX---OOXX----OOX-----XOX------O------------ X;,-18,20,c7,1
----------OX------XOXX-----XOX-----XOX----XO-------------------- X;,-18,20,c1,1
------------------X--X----OXXX----OOOX----XOO------O------------ X;,-10,20,b5,1
------------OX----XOOX-----XOX-----XOO----XO-------------------- X;,-14,20,d1,1
------------------X--X---XXXXO----XOO-----XOO------O------------ X;,-14,20,g4,1
------------------XOOX-----XOOO----XXXX---XO-------------------- X;,-15,20,e2,1
------------------X--X----OXXXX---OOO-----XOO------O------------ X;,-16,20,b4,1
------------------X--XX---OXXX----OOOO----XXO------------------- X;,-18,20,e7,1
-------------------OX------OO----XXXXOX---X--OO------O---------- X;,-13,20,f3,1
------------X------OXX---XXOX-----XOX-------OOO----------------- X;,-12,20,c3,1
------------X-------XX----OOX-----XOX-----XOOOO----------------- X;,-13,20,c3,1
------------X-----XOXX----XOX-----XOX-------OOO----------------- X;,-12,20,c6,1
---------XO-------XO-X----OOXXX----OO------XO------------------- X;,-28,20,c5,1
------------------X--XX---XXOX----XOOO----OOO------------------- X;,-13,20,d7,1
----------X-------XXXX-----OOOO----XOX----XO-------------------- X;,-16,20,e6,1
------------------X--XX--XXXOX-----OOO-----OO------O------------ X;,-16,20,f7,1
-------------X----X-XX---OOOO-----XXOX------OO------------------ X;,-7,20,d3,1
-------------X--X-X-XX---XOOO-----OOO-----O-O------------------- X;,-9,20,d6,1
-------------X----X-XX---XOOO---X-OOO----O--O------------------- X;,-14,20,d6,1
-------------X----X-XX---OOOX-----OOO-----XOO------------------- X;,-17,20,e7,1
-----------------XX-------XXXXX----OO-----XOO------OO----------- X;,-24,20,f7,1
-------------X----X-XX----XOO-----XOOX-----OOO------------------ X;,-13,20,f4,1
-------------X-----XXX----OOOO----XXOO------OO------------------ X;,-11,20,c3,1
-------------X---X--XX----XOO-----XOOX-----OOO------------------ X;,-15,20,f4,1
------------------OX-XX---XOOX---X-XO------OO-----O------------- X;,-16,20,c2,1
-----------------XXX-XX---XOOX----OOO------XO------------------- X;,-17,20,b4,1
------------------OX-XX--XXXXX-----XO-----OOO------------------- X;,-18,20,f5,1
-------------X------XX----OOOX----XOO-X---XOO------------------- X;,-16,20,f5,1
-----------------X--OXX---XOOX----OOO-----XXO------------------- X;,-15,20,d3,1
-------------X----X-XX----XOOO----XOO-----XOO------------------- X;,-15,20,f7,1
-------------X----OXXX----OOOO----XXO-----X-O------------------- X;,-15,20,b5,1
-------------X------XX----OOOX----XOXX----XOO------------------- X;,-15,20,f6,1
-------------X---X--XX----XOOO----XOO-----XOO------------------- X;,-16,20,f6,1
-------------------OXX-----OOO----XXOXX--XXO-------------------- X;,-16,20,e6,1
------------------XXX------OO-----XOOXX--XXOO------------------- X;,-22,20,d7,1
-------------------OXX-----OOO----XXOXX--XX-O------------------- X;,-23,20,e7,1
-----------X------OXX------OO-----XXOXX--XX-O------------------- X;,-25,20,f3,1
----------X--------X-XX--XXOXX-----OO-----OOO------------------- X;,-25,20,e7,1
----------X--------XX------OX-----XOOXX--XXOO------------------- X;,-26,20,f6,1
------------X------X-XX--XXOXX-----OO-----OOO------------------- X;,-26,20,e7,1
-----------X------OX-XX--XXOXX-----XO------XO------------------- X;,-27,20,f6,1
-----------------X---XX---XOOOO----XXO-----XOO------------------ X;,-12,20,e7,1
----------X-------OXX------OOO----XOOX---XX---X----------------- X;,-18,20,c4,1
-----------------X-X-XX---XXOOO----XO------XOO------------------ X;,-23,20,f7,1
-----------------XX---X---XOOX-----OOO---XXXX------------------- X;,-22,20,f6,1
----------X------XXX-O----XOOX-----OO-----XO-O------------------ X;,-16,20,f5,1
-----------------XOOOX----XXOXX----XO------X-O------------------ X;,-15,20,e2,1
-----------------XOOOXX---XOOX-----XX------X-O------------------ X;,-22,20,c2,1
-----------------XOX-X---OOOXX-----XXX-----X-O------------------ X;,-27,20,a4,1
----------X--------X-------OXXX----OOOO---XXXO------------------ X;,-18,20,f7,1
------------------X---X---XOOX----XOOO---XXXX------------------- X;,-20,20,d3,1
-------------X-----XXX-----XOOO---XOOX---X---X------------------ X;,-21,20,e6,1
-----------------XOX-X----XOXX-----XOX-----XOO------------------ X;,-26,20,c2,1
-------------------X-O-----XXX----XXXXX--X--OOO----------------- X;,-21,20,d7,1
-----------------X---XXX--XXXOX---OOO------X-O------------------ X;,-19,20,b4,1
---------------X-XO--XX---XOXXX----XO------X-O------------------ X;,-31,20,e6,1
-------------------XXO-----XX-----XXXOX--X---OO------O---------- X;,-31,20,g7,1
----------O---X----O-X-----XO-----XXXOX--X---XO----------------- X;,-25,20,e3,1
--------------X--X---XX---XXXOX---OOO------X-O------------------ X;,-37,20,f5,1
------------------XXXO----XOOO---XXXOX-----O-------------------- X;,-15,20,g3,1
-----------------XXXXO----XOOO----XXOX-----O-------------------- X;,-15,20,g3,1
-------------------XOX----XXOX---X-XOO-----X-OO----------------- X;,-17,20,d2,1
-----------------XXXXX-----OOO----XXOO------OO------------------ X;,-17,20,e7,1
-----------------X-XOX----XXOX-----XOO-----X-OO----------------- X;,-19,20,d2,1
-------------------XOX---XXXOX-----XOO-----X-OO----------------- X;,-22,20,g5,1
---------X--------XXXX-----XOO----XXOX-----OO------------------- X;,-35,20,g4,1
------------------XXXXX----OOO-----XOX----XOO------------------- X;,-16,20,e7,1
----------X-------X-XX----XOXO----XOOO----XO-------------------- X;,-18,20,g5,1
----------X-------XOX-----XOOXX---XOOO----X--------------------- X;,-17,20,f3,1
----------X-------X-X-----XOOX----XOXXX---XO-------------------- X;,-18,20,f3,1
-----------------XXXXX-----OOO----XXOX-----OO------------------- X;,-18,20,g5,1
-------------------XXX---XXXXX----OOOX-----X-O------------------ X;,-15,20,b6,1
-------------X------XX---XXXOX-----XOOO----X-O------------------ X;,-21,20,e6,1
-----------X--------XX---XXXOX-----XOOO----X-O------------------ X;,-22,20,e6,1
----------X------OX-X-----OOX-----XOXXX---XO-------------------- X;,-24,20,b4,1
---------X-------OX-X-----OXX-----XOXXX---XO-------------------- X;,-46,20,a3,1
------------------X---X---XOOOO--XOOX---X-O-X------------------- X;,-18,20,e3,1
----------X--------X------XXXX-----OO-----XOOO-----OO----------- X;,-19,20,d8,1
-----------------X---X----XOOX-----XXOXX---X-OO----------------- X;,-23,20,e3,1
-------------X-----X-XO----XOOO---XOOX---X---X------------------ X;,-27,20,h5,1
------------------XXXX-----XX----OOOOO---X---O-------O---------- X;,2,20,b4,1
------------O-----XXOX-----XO-----XOOO---X---O-------O---------- X;,4,20,f4,1
-----------O------XOXX-----OX-----XOOO---X---O-------O---------- X;,7,20,c4,1
----------O-------XOXX-----XO-----XOOO---X---O-------O---------- X;,8,20,f4,1
-------------X----X-X-----XXO-----XOO-----O-OOO--O-------------- X;,21,20,d6,1
---------O--------OXXX-----OX-----XOOO---X---O-------O---------- X;,21,20,c4,1
----------XO------XXOX-----OOO----OOOO----X--------------------- X;,3,20,d1,1
----------XO-O----XXOX-----OX-----OOOO----X--------------------- X;,3,20,d1,1
----------XOO-----XXOX-----OO-----OOOO----X--------------------- X;,6,20,e1,1
----------XO------OXXX---O-OX-----OOOO----X--------------------- X;,8,20,b3,1
------------OX----XXXX-----XO-----OOOO-------O-------O---------- X;,10,20,f4,1
-O--------OO------XOXX-----OO-----OOOO----X--------------------- X;,12,20,c4,1
-----------------XX-OX---OXOO-----XOO-----O-O----O-------------- X;,23,20,d3,1
------------OX----XXXX-----XO-----OOOO-------O--------O--------- X;,22,20,f4,1
---------OOO------OXXX-----OX-----OOOO----X--------------------- X;,32,20,d6,1
-----------OO-----XOOX-----OXX----OOOO----X--------------------- X;,4,20,c4,1
------------O-----XXOO-----XXXO---OOOO----X--------------------- X;,6,20,c4,1
------------O-----XOOX----OXXX----OOOO----X--------------------- X;,9,20,d2,1
------------O-----XXOX-----XXO----OOOOO---X--------------------- X;,9,20,c4,1
----------O-O-----XOOX-----XOX----OOOO----X--------------------- X;,8,20,c4,1
-----------O------XOXX----XXX-----OOOO-------O-------O---------- X;,12,20,e2,1
------------------X-OX----XXO----OOXO----OOOO------------------- X;,12,20,d3,1
------------O----OOOOX-----XXX----OOOO----X--------------------- X;,13,20,e6,1
------------------X-OX----XXO----OOXO-----OOO-----O------------- X;,16,20,d3,1
------------O-O---XXOO-----XOX----OOOO----X--------------------- X;,22,20,d2,1
-----------O------XOXX----XXX-----OOOO-------O--------O--------- X;,25,20,e2,1
---------O--O-----OXOX-----OXX----OOOO----X--------------------- X;,26,20,d2,1
------------------X-OX----XXXX----OXO----OOOO------------------- X;,5,20,d3,1
-----------------OX-OX----OXXX----OOO----OX-O------------------- X;,5,20,d3,1
------------------X-OX----XXXX----OXO----OO-O-----O------------- X;,10,20,d3,1
-------------O----XXOX-----XX-----OXOO----XO--------O----------- X;,9,20,d7,1
----------O-------O-OX----OXXX----OXO----OX-O------------------- X;,10,20,d3,1
-------------O----XXOX-----XX-----OXOO----OO------O------------- X;,15,20,f1,1
---------O--------O-OX----XOXX----OXO----OX-O------------------- X;,25,20,d3,1
----------O-------OOXX----OXXX----OOOO----X--------------------- X;,7,20,d2,1
----------O------OOOXX-----XXX----OOOO----X--------------------- X;,12,20,e6,1
-------------O----XXOX----XXX-----OOOO-------O-------O---------- X;,12,20,e2,1
-----------------OX-OX----OXO-----OXO-----OOO-----O------------- X;,17,20,b4,1
-----------------OX-OX----OOO-----OXO----OOOO------------------- X;,15,20,a3,1
----------O---O---XOXO-----XOX----OOOO----X--------------------- X;,25,20,g3,1
---------OO-------OOXX-----OXX----OOOO----X--------------------- X;,25,20,c4,1
-------------O----XXOX----XXX-----OOOO-------O--------O--------- X;,29,20,d6,1
------------------X-O-----XXXX---OOOO-----X-OO--------O--------- X;,16,20,b6,1
------------------XXXX-----XX-----OXOO-----O-O------O-O--------- X;,18,20,g5,1
------------------XXXX-----XX-----OXOO-----O-O----O---O--------- X;,18,20,b5,1
-----------------OX-O-----OXXX----XOO-----X-OO--------O--------- X;,21,20,d6,1
------------------X-O-----XOXX----OXO----OX-OO--------O--------- X;,29,20,d3,1
---------O--------OO-X-----OXX----XXOX-----O-O--------O--------- X;,35,20,e6,1
-------------OO---XXOO-----OXX----OOOO----X--------------------- X;,24,20,c4,1
------------------X-OX----XXO-----XXO-----OOO----OO------------- X;,26,20,d3,1
-----------O--O---XOXO-----OXX----OOOO----X--------------------- X;,25,20,f2,1
---------O--------OXXX----XXX-----OOOO-------O-------O---------- X;,30,20,c2,1
---------------------X----OOOO----XXX-----OOOOO--O-------------- X;,32,20,c7,1
---------O----O---OXXO-----OXX----OOOO----X--------------------- X;,34,20,f2,1
---------O--------OXXX----XXX-----OOOO-------O--------O--------- X;,37,20,c2,1
---------O--------O-OX----XXXX---OOOO-----X-O------------------- X;,24,20,d3,1
---------O-------OO-OX----OXXX----XOO-----X-O------------------- X;,26,20,d6,1
---------O--------OXXX-----XX-----OXOO----XO--------O----------- X;,25,20,d7,1
---------O--------OXXX-----XX-----OXOO----OO------O------------- X;,31,20,b3,1
---------O--------O-OX----OXXX----OXO-----O-O-----O------------- X;,39,20,b3,1
------------O-----OOOX----XOXX-----OOO----XO-------------------- X;,3,20,b3,1
------------------OX-X----OXX----OOXO-----XOO-------O----------- X;,6,20,b4,1
------------------X--------XOO----XXXXO---OOOO------O----------- X;,6,20,d7,1
------------------OX-X----OXX----OOXO----OOOO------------------- X;,8,20,b4,1
------------O-----OOOX----OXXX---O-XOO----X--------------------- X;,9,20,f2,1
-------------------OXX-----OXOO----OOO----XOOO------------------ X;,9,20,g5,1
------------------OX-X----OXX----OOXO-----OOO-----O------------- X;,10,20,b6,1
------------------X-X------XXOO----XXOO----OOO------O----------- X;,4,20,c7,1
------------------X-X------XXO----OOOOO----OOO------O----------- X;,9,20,c6,1
------------O------O-X----OXX----OXXX-----OOO------O------------ X;,11,20,c3,1
-------------------X-X----OOOO---OXXO-----OOO------O------------ X;,11,20,c3,1
-----------O-------O-X----OOX----OXOX-----OOO------O------------ X;,15,20,e3,1
-------------------XOX----OXO----OXXO-----OOO------O------------ X;,14,20,c3,1
-----------O------OXO----OOOXX----OXO--------O--------O--------- X;,29,20,e6,1
------------------X-X------XXOO----XXO-----OOOO-----O----------- X;,4,20,c7,1
-------------------X-X---OOXX-----OOOO----XOO------O------------ X;,7,20,c3,1
------------------X-X------XXOO----XXO-----OOO------OO---------- X;,8,20,g6,1
---------------------X----OXX----OOOOOO---XOO-------O----------- X;,10,20,d7,1
-----------O-------OOX----OXXOO--O-XXO----X--------------------- X;,11,20,e2,1
-----------O-------OOX----XOXOO----OOO----XO-------------------- X;,14,20,c3,1
-----------O-------OOX----XOXOO---OOOO----X--------------------- X;,12,20,c3,1
--------------------OX---XOOO----OXOO-----OOO------O------------ X;,7,20,f5,1
--------------------OX---XOOO----OOXO----OOOO------------------- X;,8,20,d7,1
--------------------OX---XOOO----OOXO-----OOO-----O------------- X;,8,20,d7,1
----------OOO------OXX-----OXX----OOOO----X--------------------- X;,12,20,c3,1
---O-------OO------OXX-----OXX----OOOO----X--------------------- X;,13,20,c1,1
-----------OX-----XXO-----XXO-----OOOO-------O-------O---------- X;,19,20,f4,1
-----------XO-O----OXO-----OOX----OOOO----X--------------------- X;,25,20,g3,1
-----------OX-----XXO-----XXO-----OOOO-------O--------O--------- X;,31,20,f4,1
------------------X-OX-----XOO-----XOO-----OOO------OO---------- X;,6,20,d3,1
------------------X--X----OXX-----OOOO----OOO-----OO------------ X;,6,20,b4,1
------------------X--------XXO-----XXOO--OOOOOO----------------- X;,6,20,e7,1
------------------X-OX----OOO-----OXO-----OOO-----OO------------ X;,12,20,b5,1
------------------X--X----OOOO----OXO-----OOO-----OO------------ X;,13,20,b3,1
---------O--------O--X-----OXO-----XOO-----OOO------OO---------- X;,26,20,c4,1
---------------------X----OOX----XXXO----OOOOO-----O------------ X;,7,20,f5,1
---------------------X----OOX----OXXX---OOOOO------O------------ X;,8,20,d3,1
---------------------X--O-OOX----OXXX----OOOO------O------------ X;,10,20,c7,1
---------------------X----OOOO---XXXO----OOOO------O------------ X;,12,20,e7,1
---------------------X----OXX----OOXO-----OOO-----OOO----------- X;,12,20,f5,1
--------------------OX----OOO----XXXO----OOOO------O------------ X;,13,20,c3,1
-----------O-----OOOO----XXOX-----OOO--------O--------O--------- X;,30,20,e2,1
---------------------X---XOOOO---OOXO----OOOO------------------- X;,9,20,a5,1
---------------------X---XOOOO---OXOO-----OOO------O------------ X;,9,20,c3,1
---------------------X---XOOOO---OOXO-----OOO-----O------------- X;,11,20,b3,1
-------------------OXX-----OXXO---OOOOOO--X--------------------- X;,14,20,h6,1
----------OOO------OXX-----OXX-----OOO----XO-------------------- X;,16,20,c3,1
-----------OX-----XXO-----XXO-----OOO-------OOO----------------- X;,17,20,f3,1
-----------XO-O----OXO-----OOX-----OOO----XO-------------------- X;,26,20,g3,1
-----------OX-----XXO-----XXO-----OOO-------OO--------O--------- X;,29,20,f3,1
------------------OOXX---OXXX-----OOOO----XO-------------------- X;,3,20,d2,1
-----------------OOOXX----OXX-----XOOO----XO-------------------- X;,6,20,b4,1
------------------OOXX----XXX-----XOOO---OOO-------------------- X;,7,20,f6,1
------------------OOXX----OXX----OOOOO----XO-------------------- X;,8,20,f6,1
------------------OXXX----OXOO---OOOO-----X-O------------------- X;,10,20,b4,1
------------------OXXX----OXOO----OXO-----O-O-----O------------- X;,12,20,g4,1
------------------XXOO-----XXO----OOOO------OO-------O---------- X;,14,20,c6,1
------------------OOXX----XXX-----XOOO----OO-----O-------------- X;,22,20,f6,1
------------------OXXX----OXOO----XOO-----O-O----O-------------- X;,26,20,d6,1
------------------O-XX----OXX----OOXO-----XOO-------O----------- X;,6,20,d7,1
---------------------X----OOXX---OXXX-----OOOO-----O------------ X;,5,20,f7,1
------------O-----OOOX-----OXX----XOOO----XO-------------------- X;,9,20,c4,1
------------------O-XX----OXX----OOXO----OOOO------------------- X;,9,20,b3,1
------------------O-XX----OXX----OOXO-----OOO-----O------------- X;,13,20,b3,1
------------O-----OOOX-----XXX---OOOOO----X--------------------- X;,13,20,e6,1
-------------------OXX-----OXOO----XOO----XO-O----O------------- X;,16,20,c5,1
------------------X-OX----XXOO-----XO-----OOOOO----------------- X;,6,20,d3,1
------------------X-OX----OXOX-----XO----OOOOO------------------ X;,7,20,f5,1
------------------XX-O-----XXO-----XXO---OOO-O-------O---------- X;,11,20,g6,1
------------------X--XO---OXXO-----XO----OOOOO------------------ X;,13,20,f5,1
------------------O-XX----OOX-----OXO-----O-OO----O---O--------- X;,27,20,d3,1
------------------X--X----OOOOO----XX----OOOOO------------------ X;,31,20,g3,1
---------O--------O--X----XOXO-----XO-----OOOOO----------------- X;,28,20,d3,1
------------O-----O-OX----OXXX---OOOO-----X-O------------------- X;,11,20,d3,1
------------------OOXX-----XX----OOXOO----XO--------O----------- X;,13,20,c4,1
--------------------XX----OOXOO----XO-----XOOO----O------------- X;,14,20,d3,1
------------------OOXX-----XX----OOXOO----OO------O------------- X;,18,20,d2,1
------------------XXOO-----XO-----OOOOO-----OO------O----------- X;,18,20,f4,1
------------O-----O-OX----OXXX----OXO-----O-O-----O------------- X;,19,20,f2,1
-------------------X-X----OXOO---OOOO----XO-O-----O------------- X;,6,20,d6,1
------------OX----OOXX----XOO------OOO----XO-------------------- X;,8,20,c5,1
------------OX-----OXX----OXO----O-OOO----XO-------------------- X;,9,20,f4,1
------------OX---O-OXX----OXO------OOO----XO-------------------- X;,10,20,c3,1
------------OX-----OXX----XXO------OOO---OOO-------------------- X;,13,20,c3,1
-------------------X-X----OXOO---OXOO----XO-O------O------------ X;,13,20,a5,1
------------OX-----OXX---OOOO------OOO----XO-------------------- X;,18,20,e1,1
------------OX-----OXX----XXO------OOO----OO-----O-------------- X;,26,20,f4,1
-------------------X-X----OXOO---OXOO----OO-O----O-------------- X;,33,20,d6,1
-----------XO------X-X----OXOO----OXO-----O-O-----O------------- X;,6,20,b6,1
-----------XO------X-X----OXOO---OOOO-----X-O------------------- X;,7,20,c3,1
------------------OOXX---XXOX----O-OOO----XO-------------------- X;,9,20,c5,1
-------------------OXX---XXXX----O-OOO----OO-------O------------ X;,15,20,c3,1
-------------------OXX---XXXX----O-OOO---OOO-------------------- X;,15,20,c3,1
-----------------O-OXX---OOXX----O-OOO----XO-------------------- X;,15,20,c3,1
-----------XO------X-X----OXOO----XOO-----O-O----O-------------- X;,28,20,c3,1
-------------------OXX---XXXX----O-OOO----OO-----O-------------- X;,28,20,c3,1
-----------------OOOXX---XXOX------OOO----XO-------------------- X;,6,20,c5,1
----------OX-------X-X----OXOO----OXO-----O-O-----O------------- X;,6,20,b6,1
----------OX-------X-X----OXOO---OOOO-----X-O------------------- X;,10,20,c3,1
-----------------O-OXX---XXXX------OOO---OOO-------------------- X;,15,20,c3,1
----------OX-------X-X----OXOO----XOO-----O-O----O-------------- X;,28,20,c3,1
-----------------O-OXX---XXXX------OOO----OO-----O-------------- X;,26,20,c3,1
------------------OX-X----OOOO----XXO----XO-O-----O------------- X;,8,20,e3,1
------------O------O-X----OXOO----XXO----XO-O-----O------------- X;,9,20,d6,1
----------O--------O-X----OXOO----XXO----XO-O-----O------------- X;,10,20,f6,1
-------------------X-X----OXOO--O-XXO----OO-O-----O------------- X;,12,20,c3,1
-------------------X-X----OXOO----XXO---OOO-O-----O------------- X;,11,20,c3,1
-------------X-----OXOO---XXX------OOO---OOO-------------------- X;,12,20,f6,1
-------------X-----OXOO---XXX------OOO----OO-----O-------------- X;,25,20,e2,1
------------O-----XXOX----XXO------OOO---OOO-------------------- X;,13,20,f2,1
-----------O------XOXX----XOX------OOO---OOO-------------------- X;,13,20,c5,1
-----------------OXXXX----OXX------OOO---OOO-------------------- X;,15,20,b4,1
----------O-------XOXX----XXO------OOO---OOO-------------------- X;,17,20,f4,1
---------O--------OXXX----XOX------OOO---OOO-------------------- X;,25,20,c5,1
--------------O---XXXO----XXO------OOO---OOO-------------------- X;,32,20,f4,1
------------------XX-X----XXOO---OOOO-----O-O----O-------------- X;,25,20,c7,1
-----------O------XO-X----XOOO----XOO-----O-O----O-------------- X;,26,20,e3,1
-----------------OXX-X----OXOO----XOO-----O-O----O-------------- X;,29,20,d6,1
------------------XX-X---OOOOO----XOO-----O-O----O-------------- X;,30,20,e3,1
---------O--------OX-X----XOOO----XOO-----O-O----O-------------- X;,38,20,e3,1
----------O-------OO-X----OXOO----OOO-----O-O----O-------------- X;,37,20,b6,1
--------------O---XXXO----XXO------OOO----OO-----O-------------- X;,38,20,f4,1
------------O-----XXOX----XXO------OOO----OO-----O-------------- X;,26,20,f4,1
-----------O------XOXX----XOX------OOO----OO-----O-------------- X;,27,20,c5,1
-----------------OXXXX----OXX------OOO----OO-----O-------------- X;,26,20,b4,1
----------O-------XOXX----XXO------OOO----OO-----O-------------- X;,30,20,f4,1
---------O--------OXXX----XOX------OOO----OO-----O-------------- X;,35,20,c5,1
-----------------XO--X---OXXX---O-OXO-----O-O-----O------------- X;,8,20,a4,1
----------------OOO--X---OXXX-----OXO-----O-O-----O------------- X;,13,20,f5,1
-----------------XO-OX---XXOO-----OXO-----O-O-----O------------- X;,14,20,f4,1
--------O--------OO--X---XOXX-----OOO-----O-O-----O------------- X;,13,20,d6,1
----------XX------OXOOO----XO------OOO----O------O-------------- X;,26,20,c4,1
--------O--------O---X----OXX-----OXO-----OOO-----O-O----------- X;,22,20,d7,1
---------------------X----OOX-----XXO----OOOOO-------O--------O- X;,22,20,f5,1
---------------------X----OOOO----XXO----OOOO--------O--------O- X;,21,20,e7,1
--------------------OX----OOO-----XXO----OOOO--------O--------O- X;,24,20,c3,1
------O------O---OOOO-----XOX-----OOO--------O--------O--------- X;,36,20,e6,1
----------X--------XOOO----XXO-----OOOO---O------O-------------- X;,27,20,g4,1
-------------X---OOOX-----XXO-----OOOO-------O--------O--------- X;,27,20,f4,1
------------OX---OOOO-----XXO-----OOO--------O--------O--------- X;,29,20,e6,1
-------------X---OOOOO----XXO-----OOO--------O--------O--------- X;,32,20,d2,1
----------O-------OXXX----OOX------OX-----XOO------O------------ X;,3,20,f6,1
---------------------X-----XXX---OOXOOO---X-OOO----------------- X;,4,20,d6,1
------------------X-------XXX-----XOXOO--OOO-O------O----------- X;,5,20,e6,1
------------------X-------XXX-----XOXOO--OOO-O-------O---------- X;,5,20,e6,1
----------O--O----OXOX----OOX------XX-----XO-------O------------ X;,8,20,e2,1
-------------------O-X-----XOX---OOXOO----X-OOO----------------- X;,8,20,d6,1
----------O-------OXXX----OOX------XO-----XO-O-----O------------ X;,8,20,e6,1
---------------------X-----XXXO--OOXOO----X-OOO----------------- X;,9,20,d6,1
-----------------OOO-X----XOXOO---XOO-----XO-------------------- X;,9,20,e3,1
------------O-------OX-----XX------XOO---OOOOO-------O---------- X;,11,20,e7,1
------------O-----XXOX-----XXOX----XO-O-----O-------O----------- X;,4,20,f5,1
------------O-----XXOOO----XXOX----XO-------O-------O----------- X;,8,20,f1,1
-----------O------XOXX---XXXO------OOO-----O-------O------------ X;,8,20,c1,1
------------O-----XXOO-----XXXO----XO--O----O-------O----------- X;,10,20,f2,1
-----------O------XOOX---XXXXO-----OO------O-------O------------ X;,10,20,e2,1
------------O----OOOOX-----XXXX----XO-------O-------O----------- X;,10,20,d2,1
---------O--O-----OXOX-----OXXX----XO-------O-------O----------- X;,28,20,c4,1
------------O-----XOOX---XXXO------OO------OO------O------------ X;,6,20,d2,1
------------O-----XOXX---XXXXO-----OO------O-------O------------ X;,7,20,f5,1
-----------O------XXOX-----XXOX----XO-O-----O-------O----------- X;,9,20,e2,1
-----------O------OXOX---O-XXXX----XO-------O-------O----------- X;,10,20,e2,1
-----------O------XXOOO----XXOX----XO-------O-------O----------- X;,10,20,e2,1
-----------O-----OOOOX-----XXXX----XO-------O-------O----------- X;,9,20,f5,1
------------O-----XOXX---XXXO------OOO-----O-------O------------ X;,16,20,d2,1
---------O-O------OXOX-----OXXX----XO-------O-------O----------- X;,26,20,f5,1
----------OX------XXXX-----XOO-----OO-----O-O-------O----------- X;,7,20,d6,1
-----------------OX------XXXX-----XOOOO--OOO-------------------- X;,8,20,c7,1
--O-------OO------XXOX-----XOO-----XO-------O-------O----------- X;,9,20,f6,1
----------OX------XXXX-----XOO----OOO-------O-------O----------- X;,9,20,f5,1
------------XO----XXXO----OOOO-----OO------O-------O------------ X;,14,20,f5,1
----------OOO-----XXOX-----XOO-----XO-------O-------O----------- X;,16,20,f2,1
-----------------OX------XXXX-----XOOOO---OO-----O-------------- X;,25,20,c7,1
---------OOX------OXXX-----OOO-----XO-------O-------O----------- X;,28,20,c5,1
------------O-----XXOX---XXXO------OO------O-O-----O------------ X;,6,20,f2,1
-----------O------XOXX---XXOX------OO------O-O-----O------------ X;,8,20,c2,1
-----------------OXXXX---XOXX------OO------O-O-----O------------ X;,10,20,b5,1
---------O--------OXXX---XXOX------OO------O-O-----O------------ X;,23,20,c5,1
--------------O---XXXO---XXXO------OO------O-O-----O------------ X;,25,20,f5,1
------------------XO------XXXX----XOOOO--OOO-------------------- X;,8,20,g6,1
------------------XXXX----OXOO-----XO------OO-----O-O----------- X;,7,20,g5,1
------------------XO-----OXXXX----OOOOO---XO-------------------- X;,8,20,e3,1
------------------XXXX----OXOO-----OO-----OOO-------O----------- X;,8,20,f5,1
------------------XO------OXXX---OOOOOO---XO-------------------- X;,8,20,e3,1
------------------XXXX----OXOO----OOO------OO-------O----------- X;,9,20,f5,1
--------------------OX---OOOOX----XXXO------OOO----------------- X;,12,20,g5,1
------------------XO------XXXX----XOOOO---OO-----O-------------- X;,23,20,e3,1
--------------------OX---OOOOX----XXOX------OO--------O--------- X;,28,20,d6,1
------------O-----XXOX---XXXO------OOO-----O-------O------------ X;,11,20,f2,1
-----------O------XOXX---XXOX------OOO-----O-------O------------ X;,8,20,c5,1
-----------------OXXXX---XOXX------OOO-----O-------O------------ X;,12,20,c5,1
----------O-------XOXX---XXXO------OOO-----O-------O------------ X;,14,20,d2,1
---------O--------OXXX---XXOX------OOO-----O-------O------------ X;,24,20,c5,1
--------------O---XXXO---XXXO------OOO-----O-------O------------ X;,25,20,f4,1
-------------OO---XXXOX----XOO-----XO-------O-------O----------- X;,21,20,e1,1
---------O-------XXXXX----OOOO-----OO------O-------O------------ X;,22,20,c5,1
-----------O--O---XXOXX----XOO-----XO-------O-------O----------- X;,26,20,g4,1
----------O---O---XOXXX----XOO-----XO-------O-------O----------- X;,25,20,d2,1
--------------O---XXXXO----XOOO----XO-------O-------O----------- X;,28,20,g5,1
--------------O---XXXXX----XOO-----OO-----O-O-------O----------- X;,26,20,f5,1
------------O-O---XXOXX----XOO-----XO-------O-------O----------- X;,28,20,g4,1
--------------O---XXXXX----XOO----OOO-------O-------O----------- X;,28,20,g4,1
---------O----O---OXXXX----OOO-----XO-------O-------O----------- X;,32,20,c5,1
--------------OO--XXXXO----XOO-----XO-------O-------O----------- X;,34,20,g4,1
---------O--------O-X-----XXX-----XOOOO--OOO-------------------- X;,24,20,c2,1
---------O--O-----OXOX-----XOO----XXO-------O-------O----------- X;,25,20,g4,1
---------O-O------OXOX-----XOO----XXO-------O-------O----------- X;,27,20,g4,1
---------O--------OXXX-----XOO----XOO-----O-O-------O----------- X;,25,20,g4,1
---------O--------OXXX----OOOO----XOO-------O-------O----------- X;,28,20,d6,1
---------OO-------OOXX-----XOO----XXO-------O-------O----------- X;,28,20,d2,1
--------------O----X-O-----XXO---OOOOO------OO-------O---------- X;,28,20,g4,1
---------O--------O-X-----XXX-----XOOOO---OO-----O-------------- X;,32,20,c7,1
---------O--------OXXX-----XOO---OOOO-------O-------O----------- X;,34,20,g4,1
---------------------X----OXX---XXOOX-----O-OOO----O------------ X;,5,20,b6,1
--------------------OX-----XO---XXXXO-----O-OOO----O------------ X;,7,20,f4,1
---------------------X--O--XX---XOXXX-----O-OOO----O------------ X;,11,20,a3,1
------------------O--X-----OX---XXXXO-----O-OOO----O------------ X;,13,20,e3,1
---X-------X------OX-----O-OX-----OXO-----O--O----O---O--------- X;,29,20,c4,1
---------------------X----OXX---XXOOX-----O-OOO---O------------- X;,9,20,b6,1
--------------------OX-----XO---XXXXO-----O-OOO---O------------- X;,8,20,f4,1
---------------------X--O--XX---XOXXX-----O-OOO---O------------- X;,11,20,a3,1
------------------O--X-----OX---XXXXO-----O-OOO---O------------- X;,13,20,e3,1
---X-------X-----OOX-------OX-----OXO-----O--O----O---O--------- X;,27,20,e6,1
----------O-------O--X----OXX----OXXX-----OOO------O------------ X;,7,20,b4,1
-----------O-----OOOOX-----XXOO----XXO----X--------------------- X;,6,20,e2,1
------------O------OOX-----XOX-----XOO----X-OO-------O---------- X;,5,20,d6,1
-----------------OOOXX-----XXOO---OOOO----X--------------------- X;,9,20,d6,1
----------O-------O--X----OXX-----XXX----OOOO------O------------ X;,8,20,d8,1
-----------------OOOXX-----OXOO----XOO----X--O------------------ X;,12,20,c4,1
-----------------OOOXX-----OXOO----OOO----XO-------------------- X;,16,20,g5,1
------------OX------XX-----XO-----OOOO----X-OO-------O---------- X;,6,20,f4,1
---------------------X-----XX----OXOOO---XO-OOO----O------------ X;,10,20,c7,1
------------OX----O-XX-----OO------XOO----X-OO-------O---------- X;,13,20,d3,1
------------OX------XX----OOO------OOO----X-OO-------O---------- X;,21,20,d1,1
------------OX------XX-----XO------OOO----O-OO---O---O---------- X;,28,20,f4,1
---------------------X-----XX----OXOOO---OO-OOO--O-------------- X;,31,20,d6,1
----------O-------OX-X----OXOO----OOO-----XO-------O------------ X;,9,20,b4,1
-----------------OOO-X----OXXOO---OOO-----XO-------------------- X;,9,20,d2,1
----------O-------OX-X----OXOO-----OO-----XOO------O------------ X;,13,20,b3,1
-----------------OOO-X---OOOOOO----OO-----XO-------------------- X;,13,20,h5,1
----------O-------OX-X----OXOO---O-XO-----OO-------O------------ X;,13,20,b3,1
----------O-------OX-X----OXOO-----XO----OOO-------O------------ X;,13,20,b4,1
-----------------OOO-X----XXXOO----OO----OOO-------------------- X;,16,20,f6,1
-----------------OOO-X----OXXOO--O-OO-----XO-------------------- X;,16,20,f6,1
-----------------OOO-X----XXXOO----OO-----OO-----O-------------- X;,29,20,e6,1
----------O-------OX-X----OXOO-----OO-----OO-----O-O------------ X;,33,20,b3,1
------------------OX-X-----XX----OOXO-----O-OOO----O------------ X;,13,20,f5,1
------------------OX-X-----XX----OOXO-----O-OOO---O------------- X;,13,20,f5,1
------------------OX-X----OXX----OOOO-----X-OOO----------------- X;,13,20,b6,1
-----------------OOO-X-----OXOO----OO-----XOOO------------------ X;,13,20,e7,1
------------------X--X---OOOOX----XOOOO-----O-------O----------- X;,6,20,e3,1
------------------X--X----XOOOO---XOOOO-----O-------O----------- X;,6,20,e3,1
------------------X--X----XOOX---OOOOO-----O--O----O------------ X;,6,20,c6,1
------------------X--X----XOOX---OOOOOO----O-------O------------ X;,7,20,c6,1
------------------X-OX----XOOO----XOOOO-----O-------O----------- X;,10,20,d3,1
------------------X--XO---XOOO----XOOOO-----O-------O----------- X;,11,20,e3,1
------------------XXX------OO------OOOO--OOOO-------O----------- X;,16,20,c5,1
-----------------OX--X----OOOX----XOOOO-----O-------O----------- X;,14,20,e3,1
--------------O---X--O----XOOX----XOOOO-----O-------O----------- X;,23,20,e3,1
---------O--------O--X----XOOX----XOOOO-----O-------O----------- X;,26,20,e3,1
------------------X--X----XOXO---OOOO----OOO-------O------------ X;,7,20,f6,1
-------------O----XXXX-----OXOO---OOO-----XO-------------------- X;,7,20,c4,1
-----------O-O----XOOX-----OXOO----XO-----XO-------------------- X;,8,20,c2,1
-------------O----XXXX-----OXOO----XO----OOO-------------------- X;,15,20,e6,1
---------O---O----OXXX-----OXOO----XO-----XO-------------------- X;,29,20,c4,1
----------O------OO-XX----OXOO----XOO------O-------O------------ X;,7,20,b4,1
-----------------OOOXX----OOOO----XOO------O-------O------------ X;,11,20,e6,1
-----------------OX-XX----OXOO----OOO-----OO-------O------------ X;,12,20,f5,1
-----------------OX-XX---OOXOO----OOO------O-------O------------ X;,13,20,f5,1
----------O-------XOX------XOOO---XOO----OOO-------------------- X;,12,20,d2,1
-----------------OX-XX----OXOO---OOOO------O-------O------------ X;,15,20,f5,1
------------O----OX-OX----OXOO----XOO------O-------O------------ X;,18,20,d3,1
-----------O-----OX-OX----OXOO----XOO------O-------O------------ X;,16,20,d3,1
---------O-------OO-XX----OOOO----XOO------O-------O------------ X;,27,20,e7,1
----------O-------XOX------XOOO---XOO-----OO-----O-------------- X;,26,20,d2,1
------------------X--X---OXOXO---OOOO-----OO-------O------------ X;,9,20,e6,1
-----------O------XXXX-----OXOO---OOO-----XO-------------------- X;,10,20,c1,1
-----------O------XXXX-----OXOO----XO----OOO-------------------- X;,16,20,e6,1
-----------O------OXXX---O-OXOO----XO-----XO-------------------- X;,15,20,c4,1
------------------X--X---OXOXO----OXO----OOO-------O------------ X;,17,20,a4,1
---------O-O------OXXX-----OXOO----XO-----XO-------------------- X;,33,20,c4,1
-------------------XXX---OOXO-----OOO-----O-OOO----------------- X;,10,20,b5,1
-------------------XXX---OOXO----OOOO-------OOO----------------- X;,10,20,d6,1
------------------OXXX---OOOO-----XOO-------OOO----------------- X;,13,20,d6,1
-------------------XXX---OOXO-----OOO------OOOO----------------- X;,15,20,f4,1
----------O--------OXX---OOXO-----XOO-------OOO----------------- X;,15,20,c3,1
-----------O-------OXX---OOOO-----XOO-------OOO----------------- X;,16,20,c3,1
------------O------OOX---OOXO-----XOO-------OOO----------------- X;,18,20,c3,1
--------------O----XXO---OOXO-----XOO-------OOO----------------- X;,33,20,c3,1
-------------------XXX---OOXO-----OOO-----O-OO--------O--------- X;,23,20,d6,1
------------------OXXX---OOOO-----XOO-------OO--------O--------- X;,26,20,d6,1
-------------------XXX---OOXO----OOOO-------OO--------O--------- X;,24,20,d6,1
----------O--------OXX---OOXO-----XOO-------OO--------O--------- X;,28,20,c3,1
-----------O-------OXX---OOOO-----XOO-------OO--------O--------- X;,28,20,c3,1
------------O------OOX---OOXO-----XOO-------OO--------O--------- X;,30,20,d6,1
-------------------XXX---OOXO-----OOO------OOO--------O--------- X;,31,20,f4,1
--------------O----XXO---OOXO-----XOO-------OO--------O--------- X;,39,20,c3,1
---------O---O----OXO------OXOO----OOX----XO-------------------- X;,26,20,c5,1
---------O--O-----OXO------OOOO----OOX----XO-------------------- X;,26,20,c5,1
---------O--------O--X----XOOO----XXOO-----OO------O------------ X;,27,20,e3,1
---------O--------O--X----XOOO----XXO------OOO-----O------------ X;,26,20,d3,1
---------O--------O--X----XOOO----XXO------OO------OO----------- X;,29,20,d3,1
--------------------OX----XOO----OOXO------OOO------O-O--------- X;,36,20,f7,1
--------------------OX----XOO----OOOO-----OOOO--------O--------- X;,33,20,f7,1
----------------OOX--X---OXXX-----OOOO-----O-------O------------ X;,6,20,e6,1
-----------------OX--X---OXXX----OOOOO-----O-------O------------ X;,12,20,a4,1
-----------------OX-OX---XXXO-----XOOO-----O-------O------------ X;,14,20,d3,1
-----------------OOO-X---XXOO-----XOOO-----O-------O------------ X;,12,20,d2,1
---------O-------OO--X---XXOX-----XOOO-----O-------O------------ X;,25,20,a2,1
----------OX------XXX------XOOO----OO-----O-O----O-------------- X;,27,20,c1,1
-------------O----XXOX---XXOO------OOO-----O-------O------------ X;,6,20,f4,1
------------O-----XXOX---XXOO------OOO-----O-------O------------ X;,8,20,f4,1
-----------O------XOXX---XXOO------OOO-----O-------O------------ X;,8,20,c5,1
----------O-------XOXX---XXOO------OOO-----O-------O------------ X;,10,20,f4,1
-----------------OXXXX---XOOO------OOO-----O-------O------------ X;,14,20,c5,1
------------------XXXX--OOOOO------OOO-----O-------O------------ X;,17,20,c5,1
--------------O---XXXO---XXOO------OOO-----O-------O------------ X;,26,20,c5,1
---------O--------OXXX---XXOO------OOO-----O-------O------------ X;,30,20,c5,1
-----------------OXXXX---XOXO------OOO-----O-------O------------ X;,14,20,c5,1
--------------O---X-OO---XXXOX-----OOO-----O-------O------------ X;,14,20,f2,1
--------------O--OX--O---XOXXX-----OOO-----O-------O------------ X;,26,20,e6,1
--------------O---XO-O---XXOOX-----OOO-----O-------O------------ X;,25,20,e3,1
--------------O---X--OO--XXXXO-----OOO-----O-------O------------ X;,29,20,f6,1
---------O----O---O--O---XXOXX-----OOO-----O-------O------------ X;,34,20,f2,1
---------O--------O--X---XOOX-----OOOO----XO-------O------------ X;,19,20,e6,1
---O-----O-O------OO-X-----OXOO----XO-----X-O------------------- X;,24,20,c4,1
---------O-X------OX-X-----OXOO----OO-----XOO------------------- X;,19,20,c4,1
---------O--------O--X---XXOX----O-XOO----OO-------O------------ X;,23,20,d3,1
---------O-X------OX-X----OOXOO----OO-----X-O------------------- X;,22,20,b3,1
---------O-X------OX-X-----OXOO---OOO-----X-O------------------- X;,25,20,b3,1
----O----O-O------OX-X-----OXOO----XO-----X-O------------------- X;,26,20,c4,1
---------O--------O--X---XXOX------XOO---OOO-------O------------ X;,29,20,d3,1
----------O---O---O-XO----OXX-----XOX------OO------O------------ X;,27,20,c6,1
---------O---O----OX-O-----XXOO----XXO------O-------O----------- X;,29,20,g3,1
-----------------OOOX------OXOO---XXO-----O--O---O-------------- X;,31,20,c4,1
---------O---O----OX-O-----OXO-----XOO------OO------O----------- X;,33,20,c4,1
-----------------OOOX------OXOO---XOO-----OO-----O-------------- X;,33,20,c4,1
------------O-------O------XOX-----XOO----OOOO---O---O---------- X;,32,20,f3,1
---------OOX------OOOX-----XOO-----XO-------O-------O----------- X;,27,20,b3,1
---------O--------O------XXXX-----OOOOO--OOO-------------------- X;,29,20,e6,1
---------O--------O------XXXX-----OOOOO---OO------O------------- X;,30,20,c2,1
------------X-O---XOXO----OOOO-----OO------O-------O------------ X;,31,20,c5,1
----O----O-O------OXOX-----XOO-----XO-------O-------O----------- X;,30,20,g4,1
---------O-X------OXOX-----XOO-----OO-----O-O-------O----------- X;,31,20,f5,1
------------X-O---XOXO----OOO------OOO-----O-------O------------ X;,34,20,c5,1
--O------O-O------OXOX-----XOO-----XO-------O-------O----------- X;,33,20,g4,1
---------O--------O------XXXX-----OOOOO---OO-----O-------------- X;,37,20,b6,1
-----------X------XX------OOOOO---OOO-----O-O----O-------------- X;,28,20,b5,1
--------------O--OX-XO---XOXX------OOO-----O-------O------------ X;,33,20,c5,1
-----------X------XX-------XOOO--OOOO-----O-O----O-------------- X;,32,20,b6,1
---------O----O---O-XO---XXOX------OOO-----O-------O------------ X;,36,20,c5,1
---------O--O----XXO-X----OOOO-----OO-------O-------O----------- X;,31,20,d1,1
---------O---O---XXX-O----OOOO-----OO-------O-------O----------- X;,35,20,c5,1
---------O-O-----XXO-X----OOOO-----OO-------O-------O----------- X;,36,20,c5,1
---------OO------XOO-X----OOOO-----OO-------O-------O----------- X;,36,20,e3,1
---------O-------OXX-X---OOOOO-----OO-------O-------O----------- X;,39,20,b5,1
---------O----O--XXX-O----OOOO-----OO-------O-------O----------- X;,41,20,c5,1
--------OO-------OXX-X----OOOO-----OO-------O-------O----------- X;,42,20,b5,1
------------------XO--X---OOOXO----OO-----XXOO------------------ X;,4,20,c5,1
------------------O-XX-----XX----OXOOO---X--OOO----------------- X;,6,20,c6,1
------------------O-XX-----XX----OXOOO---X--OO-------O---------- X;,7,20,c6,1
------------------XO--X---OOOXO----OX-----XO-O-----O------------ X;,5,20,c5,1
------------------O-XX-----XX----OXOOO---X--OO--------O--------- X;,17,20,c6,1
----------XO-------X-O-----OX-----OOOX----XO-O--------O--------- X;,21,20,b5,1
------------------XX-O-----XX-----OOOXO---XO--O-------O--------- X;,22,20,h7,1
------------------X-OX----XXOX----XOOO-----O-O-----O------------ X;,7,20,d3,1
------------------XO-X----XOOX----XOOO-----O-O-----O------------ X;,7,20,e3,1
------------------X--X---OXXXX----OOOO-----O-O-----O------------ X;,8,20,e6,1
------------------X--X----XXXX---OOOOO-----O-O-----O------------ X;,7,20,e6,1
-----------------OX--X----OXXX----XOOO-----O-O-----O------------ X;,9,20,b4,1
------------------X--XO---XXXO----XOOO-----O-O-----O------------ X;,8,20,c6,1
-------------O----X--O----XXXO----XOOO-----O-O-----O------------ X;,7,20,g5,1
--------------O---X--O----XXOX----XOOO-----O-O-----O------------ X;,22,20,f2,1
---------O--------O--X----XOXX----XOOO-----O-O-----O------------ X;,25,20,e3,1
------------------O-XX----OXX----OOOX-----X-OOO----------------- X;,7,20,d6,1
------------------O-XX-----XX----OOOOO----X-OOO----------------- X;,5,20,d6,1
------------------XX-O-----XX------XXOO--OOO-O------O----------- X;,8,20,h5,1
------------------XX-O-----XX------XXOO--OOO-O-------O---------- X;,9,20,h5,1
-----------------OOO-X-----XXOO----XO-----XO-O----O------------- X;,11,20,e6,1
------------O-----O-OX-----XX----OOOOO----X--O-------O---------- X;,19,20,d3,1
-------------O---OX--O---XXXXO-----OO-----O-O-------O----------- X;,10,20,d6,1
-----------------OOO-X---XXOXO-----OO-----O-O-------O----------- X;,11,20,d2,1
-----------------OX--X---OXXXO---O-OO-----O-O-------O----------- X;,14,20,a5,1
-----------------OX-OX---XXXOO-----OO-----O-O-------O----------- X;,14,20,d3,1
------------------X--XO---OOOOOO---OO------O-O-----O------------ X;,16,20,h3,1
----------OX------XX-O-----XO------OOOO---OO-----O-------------- X;,31,20,f4,1
---------O-------OO--X---XXOXO-----OO-----O-O-------O----------- X;,33,20,c2,1
------------------XX-X---OOXOO----OOO-----O-O-------O----------- X;,11,20,d6,1
-----------O------OX-X---OOXOO-----XO-----O-O-------O----------- X;,16,20,f6,1
-----------O------XO-O----XXX------OOOO--OOO-------------------- X;,19,20,e3,1
----------O-------OO-X---OOXOO-----XO-----O-O-------O----------- X;,19,20,f5,1
------------O-----XO-X---OOXOO-----XO-----O-O-------O----------- X;,24,20,f6,1
-----------O------XO-O----XXX------OOOO---OO-----O-------------- X;,31,20,e3,1
---------O--------OX-X---OOOOO-----XO-----O-O-------O----------- X;,32,20,b3,1
---------O--------OX-O----XXX------XOOO--OOO-------------------- X;,26,20,f6,1
---------O--------OOOX----XXOO-----XO-----O-O-------O----------- X;,28,20,d2,1
--------------O---X-XO----OXXO-----OOO-----O-O-----O------------ X;,32,20,g3,1
--------------O---X-XOO---OXXO-----OO------O-O-----O------------ X;,34,20,e6,1
---------O--------OX-O----XXO------OOOO---OO-----O-------------- X;,46,20,c2,1
------------------XXOO-----XOO-----OOOO---OO-----O-------------- X;,27,20,g4,1
------------------XX-OO----XXO-----OOOO---OO-----O-------------- X;,31,20,f6,1
-------------O----O-OX----XOX----OOOO-------OO--------O--------- X;,34,20,d3,1
------------O-----O-OX----XXO----OOOO-------OO--------O--------- X;,34,20,d3,1
--------------O---O-XO----XXO----OOOO-------OO--------O--------- X;,42,20,f4,1
-------------------O-----OXXXX---OOXX-----OO-O-----O------------ X;,7,20,b6,1
------------------O-X------OX----OOXOO----OOOO-----O------------ X;,14,20,c4,1
-------------------O------XXOX---OOOOO----OO-O-----O------------ X;,14,20,e6,1
-------------------O-O----XXOX---OXOX-----OO-O-----O------------ X;,17,20,e6,1
------------O------XXO----OXXOO----XO------O-O----O------------- X;,21,20,e6,1
-------------------OO-----XXOX-----XXO----O-OOO-----O----------- X;,10,20,f3,1
-------------------X-O-----XX-----OXXOO----OOO------OO---------- X;,10,20,c7,1
-------------------O------XXOX----OOOO---OOO-O-----O------------ X;,14,20,e6,1
------------------O-X------OX----OOXOO----OOOO----O------------- X;,17,20,d3,1
------------------O-O-----XOXX-----XOO----O-OOO-----O----------- X;,18,20,d3,1
-------------O-----XOO----OXXOO----XO------O-O----O------------- X;,19,20,e6,1
------------O-----O-OX----OXXXX---XOO-O-----O------------------- X;,13,20,c6,1
------------------O-X------XX----OOXOO----OO------OOO----------- X;,17,20,e6,1
------------O-----O-OO-----XXXO---XXO-OO----O------------------- X;,19,20,f5,1
-----------O------XO-O---XXXX----O-OOOO----O-------------------- X;,19,20,f6,1
-----------OX-------XX----OOXOO----XO------O-O----O------------- X;,24,20,e6,1
-----------O------XXOO----XXXO-----OOOO----O-------------------- X;,16,20,e2,1
-----------OO-----XXOO----XXO------OOOO----O-------------------- X;,18,20,f4,1
----------OO------XOXO----XXO------OOOO----O-------------------- X;,19,20,d1,1
-----------O------OXXO---OXXX------OOOO----O-------------------- X;,23,20,c2,1
-----------O-----OOOOO----OXX------OOOO----O-------------------- X;,23,20,c2,1
---------O-O------OXXO----XOX------OOOO----O-------------------- X;,38,20,c5,1
-----------O------XO-OO---XXXO-----OOO-----O--O----------------- X;,21,20,e3,1
------------O-----O-OO----XXXXO---OXO----O--O------------------- X;,21,20,f5,1
------------O-----O-OX----XXXO----OXO-O--O--O------------------- X;,24,20,g4,1
-------------O----OXO------XX----OOXOO----OO------O------------- X;,26,20,e2,1
------------------XXXO-----XOO----XOXO-----OOO------------------ X;,-3,20,g4,1
-------------------XO-----XOX----XOXOX---OOOO------------------- X;,-6,20,e7,1
-----------X-------XXO-----XOO----XOXO-----OOO------------------ X;,-5,20,g4,1
-------------------OX-----OXXX----XOXO----XOOO------------------ X;,-6,20,d7,1
----------X-------OXX------OXX----XOOO-----OOO------------------ X;,-6,20,c4,1
-------------X----OOX-----OOOX----XOX------OO------O------------ X;,-6,20,b4,1
------------------OOX-----OXXX---XXOXO-----XO------------------- X;,-6,20,c6,1
-------------------XO-----XXX----OOOOX---XOOO------------------- X;,-8,20,a6,1
----------X-------XOO-----XXOX----XOX-----OOO------------------- X;,-8,20,d7,1
-----------------OOOX----XOXXX----XOXO-----X-------------------- X;,-12,20,c6,1
---------XO-------OOX-----OXXX----OOXO-----X-------------------- X;,-21,20,f6,1
-----------X------XXX-----XXOO----XOO-----OOO------------------- X;,-6,20,d7,1
-------------------XO-----XXXX----XOOO----XOOO------------------ X;,-9,20,f3,1
------------X-----XXX-----XOOO----XOO------OO------O------------ X;,-10,20,f6,1
-------------------XOX----XOOX---X-OOX-----OO-------O----------- X;,-11,20,c5,1
-------------------XXX----XXOO----XOOO---X--OO------------------ X;,-13,20,g4,1
-------------------XXX----XOOO---XXOOX-----OO------------------- X;,-14,20,c6,1
-------------------XXX----XOXO----XOOX----XOO------------------- X;,-17,20,f7,1
------------------XOX-X---XOOX----XOX------OO------O------------ X;,-18,20,e7,1
------------------XOX-----XXOXX---XOOO-----XO------------------- X;,-18,20,e7,1
-----------X-------XX-----OOXX----XOOO-----OOO------------------ X;,-7,20,c3,1
------------XO-----XO-----XOOO----XOOX----X-O------------------- X;,-6,20,d6,1
-----------X------XXX-----XOOOO---XOOO-----O-------------------- X;,-10,20,e7,1
-------------------XO-----XOOXX--X-OOX-----OO-------O----------- X;,-10,20,f3,1
------------X------XX----XXOOO----XOO------OO------O------------ X;,-10,20,g5,1
-----------X-------XXO---XXXOO----XOOO-----O-------------------- X;,-10,20,g4,1
------------X-----OXX-----XOOO----XOOX---X--O------------------- X;,-13,20,c2,1
------------X------XX-----XOOO---XXOOX-----OO------------------- X;,-17,20,f3,1
-------------------OX-X--XXOOX----XOOO-----XO------------------- X;,-18,20,c3,1
-------------------OX----XXXOXX---XOOO-----XO------------------- X;,-20,20,e7,1
--------------------X-----OXOX---OOOO-X--XOOO------------------- X;,-11,20,d7,1
-------------------X------XOXXX--X-OOXO----OO--------O---------- X;,-12,20,c5,1
------------X------X------XXXXX----XOOO----OO-------O----------- X;,-16,20,h5,1
-----------X------X-X-----XXOX----XOOO-----OO------O------------ X;,-18,20,f6,1
------------X-------X----OOOXX---XOXX-----OOO------------------- X;,-12,20,c3,1
-----------X-------XOX----XXOO-----XOO-----OOO------------------ X;,-12,20,g4,1
--------------------X-----OXXXX--OOOO----XOOO------------------- X;,-16,20,d7,1
-------------------X-O---XXXOOX----OOO-----OOO------------------ X;,-15,20,e2,1
------------X-------X----XXXXX----OOOO----OOO------------------- X;,-17,20,g6,1
------------X-------X-----OXXX---OOOX----XOOO------------------- X;,-19,20,d7,1
--------------X----OOX-----OOO---XXXOO-----XO------------------- X;,-31,20,c3,1
-------------------O-X----XOXX---XXXOX-----OOO------------------ X;,-13,20,e3,1
-------------------XXX----XXX-----XOOO---X-OOO------------------ X;,-16,20,c6,1
-------------------XXX----XOXX----XOOX----XOO------------------- X;,-17,20,f6,1
-------------X----X-X-----XXOX----XOOO-----OO------O------------ X;,-18,20,f6,1
------------X------XX-----XOX----XOXOX---O--OO------------------ X;,-15,20,e7,1
------------X-------XO---XXXXX----XOX-----OOO------------------- X;,-19,20,f7,1
-------------------XXX----XOX-O--XXXOO------OO------------------ X;,-18,20,g5,1
-------------X------XX---XXXOX----XOX-----OOO------------------- X;,-19,20,d7,1
-----------X-------XX----X-XOX---OOOXO----OX-------------------- X;,-20,20,g5,1
-------------X-----XX-----XXX----XXXOOO-----OO------------------ X;,-26,20,e7,1
--------------------X-X---OXOX--XOXXX---O--XO------------------- X;,-16,20,a7,1
-------------X------X----XXXOX----XOOO-----OO------O------------ X;,-15,20,f6,1
--------------------X-X---OXOX---OXOX----X-OO------O------------ X;,-16,20,c3,1
--------------------X-X--XXXOX---OXOOO-----XO------------------- X;,-19,20,g5,1
----------X--------XOO----XXOO----XOOX----OO-------------------- X;,-5,20,e6,1
------------X------XOO----XXOO----XOOX----OO-------------------- X;,-5,20,e6,1
-------------------OOO----XXOXX---XXOO-----O--O----------------- X;,-5,20,e6,1
-------------------XX----XXXXO----OOO-----OOOO------------------ X;,-7,20,b6,1
-------------------OOX----XXOX----XXOO-----OOO------------------ X;,-8,20,f2,1
-----------X-------X------XXOX----XOOO----OOOO------------------ X;,-9,20,d7,1
------------X------X------XXOX----XOOO----OOOO------------------ X;,-10,20,d7,1
------------OX-----OOX----XXOX----XXOX-----O-------------------- X;,-11,20,c2,1
--------------X----OOX----XXOO----XXOO-----O--O----------------- X;,-22,20,c3,1
-------------------XXO---XXXOXX----OO-----OOO------------------- X;,-5,20,f5,1
-------------------XX----OOOXXX--X-OO------OOO------------------ X;,-6,20,c6,1
-------------------XX----XXXXO-----OOO----OOOO------------------ X;,-9,20,g4,1
-----------X-------XOO----XXOXX---XOOO-----O-------------------- X;,-12,20,e2,1
-------------------XX-----OOXXX---OOO-----XOOO------------------ X;,-11,20,b5,1
------------X-----O-X-----OOXX---XXOXX-----OO------------------- X;,-13,20,c6,1
------------X-----OOX-----OOXX----XOOX---X--O------------------- X;,-14,20,b4,1
-------------------XXO----XOXO---X-OOX-----OO-------O----------- X;,-4,20,g4,1
------------X------XX-----XXOO----XOOO----OO-O------------------ X;,-7,20,d7,1
-----------O-----XXOX-----OOOX-----OO-X----XO------------------- X;,-11,20,c5,1
------------------OXX-----OOOX---XOOO-X----XO------------------- X;,-14,20,b3,1
-------------------XO------OO-X--XXXOX----OOOO------------------ X;,-13,20,e7,1
------------------XXX----X-OO-----XOOO-----OOO-----O------------ X;,-14,20,g6,1
-----------X--------X----XXXXXO---XOOO------OO------------------ X;,-18,20,h4,1
-----------X-------XOX----XXOO----XXOO-----O-O------------------ X;,-7,20,g4,1
------------------OXX-----XOXXX--X-OO-----OOO------------------- X;,-9,20,b3,1
-----------X-------XO-----XXOXX---XXOO-----O-O------------------ X;,-14,20,f3,1
------------X------OX-----OOXX----XOXX---XO-O------------------- X;,-16,20,b4,1
------------X-------X-----OOXX---XXOXX----OOO------------------- X;,-24,20,c7,1
--------------X----OOX-----OOO---XXXXO-----XX------------------- X;,-37,20,f6,1
------------------OXX-----XOOX---X-OO-X---OOO------------------- X;,-6,20,b3,1
-------------------XX-----XXXO---X-OOO----OOOO------------------ X;,-8,20,g4,1
-----------X------O-X-----OOXX----OOOX----XOO------------------- X;,-11,20,d7,1
-----------X------OOX-----OOXX----XOOX---X--O------------------- X;,-14,20,b4,1
-----------X------O-X-----OOXX---XXOXX-----OO------------------- X;,-11,20,c6,1
-----------X------X-X----XXXXX----OOOOO-----O------------------- X;,-15,20,h6,1
------------------OOOX----XOXXX---XXOX-----O-------------------- X;,-8,20,e6,1
------------------XOO-----XOXX---XXOXX-----OO------------------- X;,-11,20,c6,1
----------X-------OOO-----XOXXX---XXOX-----O-------------------- X;,-13,20,f2,1
-----------X--------X-----XOXX---XOOXX---O-OO------------------- X;,-12,20,f7,1
-----------X-------OX----XXOXX----XOOX------OO------------------ X;,-15,20,c3,1
------------X-------X-----XOXX---XOOXX---O-OO------------------- X;,-14,20,c6,1
-------------X----OOX-----XOOXX---XXOX-----O-------------------- X;,-16,20,e2,1
-------------X-----OX-----XOXX---XXOXX-----OO------------------- X;,-18,20,d7,1
------------X------XX----XXOXX----XOOX------OO------------------ X;,-24,20,d6,1
------------------XXXX----XOOX----XOOX----OO-------------------- X;,-17,20,d7,1
-----------X------XOX-----XOOX----XOOX------OO------------------ X;,-14,20,c2,1
------------X-------X-----XOXX---OOOOX----XOO------------------- X;,-14,20,f7,1
----------X--------XOX----XOOOO---XXOX-----O-------------------- X;,-15,20,h4,1
-----------X--------X-----XOXX---OOOOX----XOO------------------- X;,-17,20,f7,1
-------------X-----OX-----XOXX----XOOX----XOO------------------- X;,-20,20,d7,1
-----------X-------XXX----XXOX----XOOX----OO-------------------- X;,-17,20,e6,1
-------------------XX-X--XXXOX-----OOO----OOO------------------- X;,-14,20,c7,1
-------------------XX-X---XXOOO--X-OOO-----XO------------------- X;,-14,20,f6,1
----------X-O------XOX----XOOX----XXOX-----O-------------------- X;,-15,20,f2,1
----------X--X-----XX-----XXOO----XOOX----OO-------------------- X;,-16,20,f3,1
----------X-O------XOO-----XOXX---XOOO-----O-------------------- X;,-5,20,f2,1
----------X--------XXXX---OOOO----XOOO-----O-------------------- X;,-8,20,c3,1
-------------------XO-X---OOOX----XXOX-----OOO------------------ X;,-7,20,f3,1
-------------------XO-X---XOOX---X-OOX-----OOO------------------ X;,-9,20,c5,1
-------------X----OXX-----OXX-----OOOX---XO-O------------------- X;,-11,20,f6,1
-------------X----OXX-----OOX-----OOOX----XOO------------------- X;,-13,20,b4,1
-------------------X--X--XXXXX-----OOOO----OOO------------------ X;,-14,20,c6,1
-------------X----OXX----OOOX----XXXXX------O------------------- X;,-23,20,a3,1
----------X--------XO-----XXOX----XOOO-----OOO------------------ X;,-9,20,f3,1
-------------X-----XX-----XXX-----OOOOO---OOO------------------- X;,-8,20,b6,1
----------X--------X------OOXX----XOOO----XOOO------------------ X;,-9,20,e3,1
-------------X-----OX-----XOO-----XOOX---XOOO------------------- X;,-13,20,f4,1
-------------X-----OX-----XOO----XXOXX----OOO------------------- X;,-13,20,f4,1
-------------------XXXX---OOOO----XOOO---X--X------------------- X;,-12,20,c3,1
-----------------X--X-X---XOOX----OOOO-----XOO------------------ X;,-13,20,d3,1
-----------------X--X-----XOOX-----XXOX----XOOO----------------- X;,-15,20,f3,1
-----------------X--XO----XXXOX----XOO-----XOO------------------ X;,-22,20,g5,1
----------XO-------OO-----XOXX----XOOO----XO-------------------- X;,-7,20,e6,1
-----------------X--XX----XOXO----XOO-----XOO------O------------ X;,-6,20,g4,1
------------------XX--X---OXOX-----OOO----XXO--------O---------- X;,-9,20,c5,1
-----------------X--XX---XXOXO----XOO-----OOO------------------- X;,-12,20,g5,1
-------------X-----OOO----XXO-----XOXX---X--OX------------------ X;,-11,20,c2,1
------------------XX--X--XXXOX-----OOO-----OOO------------------ X;,-11,20,c7,1
------------------XX--X---XXOX---X-OOO-----OO------O------------ X;,-11,20,f6,1
-----------------X--XX----XXXO----XOO----XOOO------------------- X;,-15,20,d7,1
------------------XX--X---XXOX----XOOO-----OOO------------------ X;,-16,20,g5,1
----------X--------XO------OOX----XXOXX---XOO------------------- X;,-17,20,c4,1
-----------------XXX--X---XXOX-----XOO-----OOO------------------ X;,-17,20,g5,1
----------X-------OXXX----XOOX----XOOO-----O-------------------- X;,-10,20,c6,1
-----------------X-XXO----XXOO----OOOX-----XO------------------- X;,-11,20,f6,1
----------XX-------XX-----XXOOO---XOOO-----O-------------------- X;,-14,20,e7,1
----------X--X----OXX-----XOOX----XOOO-----O-------------------- X;,-15,20,f6,1
-------------X----OOX-----XOXX----XOOX---X--O------------------- X;,-18,20,e2,1
-----------------X-XX----OOOOX----OOO-X----XO------------------- X;,-18,20,e7,1
-----------------X-XX-X---XXOX----OOOO-----XO------------------- X;,-20,20,c6,1
-------------------XX-X--XXXXX-----OOO-----OOO------------------ X;,-20,20,c6,1
-----------O-X----OOX-----XOX-----XOOX----X-O------------------- X;,-10,20,e2,1
----------X--X----X-X----OOOO-----XOOX----X-O------------------- X;,-13,20,a3,1
-------------X----OOX-----XOXX----XOOX----X-O------------------- X;,-16,20,d6,1
-------------------X--X---XOOX---X-OO-----XXOO------O----------- X;,-14,20,f7,1
-------------X----O-XX----XOX-----XOOX----XOO------------------- X;,-17,20,d7,1
-----------------X-X--X---XOOX----OOO-----XXXO------------------ X;,-20,20,b4,1
-------------------X--X--XXXXX-----OO-----XXOO-------O---------- X;,-31,20,e7,1
-----------------X--X-----XOOX----XOO-X---XOO------O------------ X;,-10,20,f3,1
-------------------XX-X---XOXX---X-OOO-----OOO------------------ X;,-11,20,c5,1
-------------------X--X---XOOXX--X-OOX-----OO-------O----------- X;,-17,20,c5,1
-------------X----OXX-----OOO-X---XOOX---X--X------------------- X;,-17,20,d6,1
-----------------X--X-----XXOX----XOO-X--X-OO------O------------ X;,-22,20,f5,1
-------------------XXX----OOO-X---OOOX---XO-X------------------- X;,-22,20,d6,1
------------X------XX-----OOX-X---OOXX---XO-X------------------- X;,-24,20,c3,1
-------------X----X-X----OXXO----XOXXX-----OO------------------- X;,-10,20,d3,1
-------------X-----XX----OXXX----XOXXX-----OO------------------- X;,-11,20,c6,1
-------------X------XX---OOOOO---XXXXX------O------------------- X;,-14,20,g3,1
-------------X--X---X----XOOO----XXOXX-----OO------------------- X;,-17,20,c3,1
-----------OX------OO------OOO----XOXXX--X--X------------------- X;,-17,20,f3,1
-----------XO------XO------XO-----XOOX---XOX--X----------------- X;,-19,20,f3,1
-----------OX------OX------OX-X---XOOX---X--XO------------------ X;,-20,20,g6,1
-------------X---X--X----XXOO----XXXOX------OO------------------ X;,-23,20,f3,1
-------------X----OXX-----XOOO----XOOX---X--O------------------- X;,-13,20,d6,1
-------------X---XXXX------OO-----XOOO---X--O-------O----------- X;,-16,20,f6,1
----------O--X----OOX------OO-X---XOOX---X--X------------------- X;,-18,20,c4,1
----------X-O------XOO-----XO-----XOOX---X-X--X----------------- X;,-18,20,f2,1
------------OX----OXO------OO-----XXXXX--X--X------------------- X;,-26,20,f1,1
------------OX-----OX-----OOO-----XOOX---X-X--X----------------- X;,-16,20,e6,1
-----------------XX-X-X---XXOX-----OOO-----OO------O------------ X;,-15,20,f6,1
-----------XO-----OOO------OO-----XOOX---X-X--X----------------- X;,-15,20,b4,1
-----------------X--X-X---XXOX----XOX-----OOO------O------------ X;,-20,20,c7,1
-----------------X--X-----XXXXX---XXO-----XOO-----O------------- X;,-15,20,f6,1
-------------X-----XX-----OXO-----OOXXX--XO-X------------------- X;,-19,20,f4,1
-----------------X--XO----XXOXX---XOO----X-XO------------------- X;,-24,20,e7,1
-----------OX------OX-----OOX-----XXXXX--X--X------------------- X;,-26,20,c3,1
-------------------XXX----OOX-----XXOXX--X--XO------------------ X;,-29,20,b5,1
-----------------X--X----XXXXXX---XOO-----OOO------------------- X;,-24,20,f5,1
-------------------XO------OO----XXXOXX---X-OO------O----------- X;,-12,20,f7,1
------------X-------XX----XOX-----XOOOO---XOO------------------- X;,-16,20,f7,1
------------X-----O-XX----XOX-----XOOOO--X--O------------------- X;,-17,20,c6,1
-----------X------XX-----O-XOX---OOOOO---X-O-------------------- X;,-18,20,a5,1
------------O-----X-O-X--XXXOX-----OOO-----XO------------------- X;,-16,20,f2,1
-----------X------X-X----OOOOX----XOX-------OOO----------------- X;,-14,20,e7,1
----------O-------O-X----XOXOX----OOO-X----XO------------------- X;,-16,20,d2,1
-----------X--------X----XXXXX----XOOO------OOO----------------- X;,-15,20,d6,1
-------------OX----X-X----XOXO---X-OO------OOO------------------ X;,-26,20,g4,1
------------X-------X-----OOXX----XOX-----XOOOO----------------- X;,-13,20,c7,1
------------X-----X-X-----XXXX----XOOO------OOO----------------- X;,-12,20,d6,1
----------O-------O-XO---XXXOXX----OO------XO------------------- X;,-13,20,g3,1
------------X-------X----XXXXX----XOOO------OOO----------------- X;,-17,20,d6,1
---------XO-------X-XO----OXOXX----OO------XO------------------- X;,-29,20,f6,1
------------X-------XX----XOOO----XOOX----XOO------------------- X;,-15,20,d3,1
------------------XXXX----XOOX----OOOX----XO-------------------- X;,-16,20,d7,1
-------------------XXX----XOOO----XOOX----XOO------------------- X;,-17,20,g4,1
------------X------XOX----XOOX----OOOX----XO-------------------- X;,-16,20,d2,1
----------X--------XOX----XOOOO----XOX----XO-------------------- X;,-19,20,e6,1
-----------XO------XOX----XXOX-----XOX----XO-------------------- X;,-19,20,f6,1
-------------X-----OXX----XOX-----XOOX----XOO------------------- X;,-22,20,c3,1
-----------X------OX------OXXXX---OOOX----XO-------------------- X;,-17,20,f6,1
----------X-------XX------XOXXX---OOOX----XO-------------------- X;,-20,20,f6,1
------------X-------XX----XOX-O--XXXOO------OO------------------ X;,-20,20,g6,1
------------X------XX------OX-X---OXOX----X-OO------O----------- X;,-21,20,d7,1
-------------------XXX----XXX----XXXOOO-----OO------------------ X;,-23,20,f7,1
-------------X------XX----XXX-O--XXXOO------OO------------------ X;,-24,20,g6,1
------------------X-X-X---XXOX----XOOO-----OO------O------------ X;,-17,20,f6,1
------------------X-X-X--XXXOX-----OOO-----OO------O------------ X;,-17,20,f6,1
----------X-------OOO-----XOXXX----XOX----XO-------------------- X;,-18,20,d7,1
----------X-O------XOX----XOOX-----XOX----XO-------------------- X;,-20,20,d7,1
----X-------XX----O-X----X-OO-----XOOO-----O------O------------- X;,-8,20,e6,1
-----------X------O-X-----OXXX---OOOO----XO-O------------------- X;,-12,20,f6,1
-----------X------O-X------OOX---OXOX----XOOO------------------- X;,-14,20,f6,1
-----------X------O-X-----OOOX---OXOXX---X--O------------------- X;,-13,20,d7,1
------------OX----O-X----X-OO-----XOXXX---OX-------------------- X;,-17,20,b6,1
-----------XXX----X-X----X-OO-----XOOO-----O-------O------------ X;,-17,20,e6,1
-------------------XOX----XOXXX--XOOO-------O-------O----------- X;,-11,20,d2,1
----------XO-------X-------OOOX---OOOX----XOX------------------- X;,-11,20,b5,1
------------------OOOX----XOXX---X-XXX------O-------O----------- X;,-11,20,d2,1
-------------------OX-----OOOX---XXOX-X---OO-------O------------ X;,-14,20,e7,1
--------------------X-----OXOX---OOOX-X--XOO-------O------------ X;,-13,20,e6,1
-----------X--------X----O-XOX---OOOX----XOOO------------------- X;,-15,20,f6,1
-----------X--------X-----OOOX--XXOOX-----OOO------------------- X;,-14,20,d3,1
-------------------X-O----XOXOX--X-XOO------OO------O----------- X;,-17,20,g6,1
------------------OX------XOXXX--X-XX-----OOO-------O----------- X;,-16,20,c7,1
------------------OX-----OOOXXX--X-XXX------O-------O----------- X;,-16,20,f7,1
-----------------XXX------XOXXX--X-OO------OO-------O----------- X;,-22,20,c6,1
----------X-------XX------XOXXX--X-OO------OO-------O----------- X;,-21,20,c6,1
------------OX-----OX----X-OO-----XOXXX---OX-------------------- X;,-23,20,b6,1
---X-------X-------X-------XX-X--XXXOX-----OOO------------------ X;,-32,20,d7,1
----------X-------OXX-----XOOO----XXOX-----OO------------------- X;,-9,20,f3,1
-----------------O-XX-X---OXOX---XOOO------XO------------------- X;,-16,20,b6,1
-------------------XX-X---OXOX---OOOO----X-XO------------------- X;,-19,20,f5,1
----------X--------X------XXXXX---XXOOO----OO------------------- X;,-18,20,h6,1
----------X--------XOX----XOOX----XXOX-----OO------------------- X;,-20,20,e7,1
------------------OXX-X--XXOOX----XOO------XO------------------- X;,-22,20,f6,1
-------------X---OX-X-----OOOX----XOX------OO------O------------ X;,-9,20,c7,1
----------X--------X-XO---XOOO----XXOX-----OO------------------- X;,-10,20,g4,1
-------------X---OX-XO---XXXOX----XOO-------O------------------- X;,-10,20,f5,1
----------X--------X-XO---XOXO----OOOX----XO-------------------- X;,-12,20,b5,1
----------X--------X-XXX--XOOO-----OOOO----O-------------------- X;,-13,20,f6,1
-----------------X-X------XXXXX----OO-----XOO-----O-O----------- X;,-20,20,c8,1
-------------------OX-----XXXX----XOOO---XOOO------------------- X;,-12,20,c3,1
-----------X------OXX-X---OOOX----XXO------XO------------------- X;,-14,20,f3,1
------------------XXX-X---XOOX----XOO------OO------O------------ X;,-16,20,f6,1
-------------X----X-X-----XOOX----XOOO-----OO------O------------ X;,-17,20,e7,1
-------------------OX-X--XXXOX----XOOO-----XO------------------- X;,-18,20,c3,1
-------------X------X----XXXXX----XOOO----OOO------------------- X;,-21,20,f6,1
-------------X-----OX----XXOXX----XOO-----XOO------------------- X;,-20,20,f5,1
-------------X-----OX----XXOXX----XOX-----OOO------------------- X;,-20,20,f7,1
-----------X-O-----XO-----OOO-----XXXXX--X-X-------------------- X;,-18,20,c3,1
----------X--------XO-----XXOXX---XXOX-----OO------------------- X;,-18,20,e7,1
-------------X----XXXO---XXOOX----XOO-------O------------------- X;,-19,20,g3,1
-----------X-------XX-----OOOO----XXOX---X-X--X----------------- X;,-21,20,e6,1
------------XX-----XX----XXOXX----OOO----O--O------------------- X;,-21,20,d6,1
----------X--X-----XX----XXOXX----OOO----O--O------------------- X;,-23,20,c6,1
-------------X------XXX--XXXOX-----OO-----OOO------------------- X;,-22,20,f6,1
-----------X-------XX------XO-----XXOXX--XOOO------------------- X;,-23,20,c7,1
----------X--------XX------OX----OOOXXX--XOX-------------------- X;,-28,20,c4,1
-----------O------XOX------OO-----XOXXX--XOX-------------------- X;,-27,20,c7,1
-------------------XX------XXO----XOXO----OOOO-----O------------ X;,-2,20,e7,1
-------------------XX----XXXXO----OOOO----O-OO------------------ X;,-7,20,g5,1
-------------------XX-----OXX----OOOOX---XO-OO------------------ X;,-7,20,d6,1
------------X------XXO----XXX-----XXXO------OO-----O------------ X;,-12,20,f7,1
--------------------XO----XXXOX---XXOO-----OOO------------------ X;,-10,20,g5,1
--------------------XXX---XXOO----XOO-----OOOO------------------ X;,-10,20,d7,1
------------------OX------OOXX---XOOXX----OOO------------------- X;,-15,20,e7,1
-------------OX-----XO----XXXO----XXO------OOO------------------ X;,-18,20,f5,1
---------X--------XOOO-----XOX----OOXX----OX-------------------- X;,-22,20,e2,1
--------------------XOO----XXOX---XXOO-----OOO------------------ X;,-4,20,g6,1
-----------X-------XOO----XXXO-----XOO-----OOO------------------ X;,-4,20,e2,1
------------------O-X-X----OXX----XOOO----OOOO------------------ X;,-6,20,g6,1
-------------------X-O----XXO----XXOOX----OOOO------------------ X;,-7,20,c7,1
-------------------X------OXX----OOOOX---XOOOO------------------ X;,-8,20,e7,1
------------------OX-----OOOX----XOXXX----OOO------------------- X;,-9,20,f7,1
--------------------XXX----XOOO---XXXO-----OOO------------------ X;,-11,20,h4,1
-------------OX-----XO-----XXO----XXXO-----OOO------------------ X;,-22,20,f7,1
---------X--------XOOO----OXOX----OOX-----OX-------------------- X;,-27,20,e2,1
--------------------XX-----XXX----XOXOO---OOOO------------------ X;,-5,20,h6,1
------------------XX-O----XOO----XOOOX--X---OO------------------ X;,-5,20,d6,1
-----------O-------OXX----OOOX---XOXX-----OX-------------------- X;,-8,20,c3,1
------------------XX------XOX----OXOOX----XOOO------------------ X;,-8,20,e3,1
-----------O-------OXX---X-OOX---OOOX-----OX-------------------- X;,-7,20,c4,1
---X-------X-------XXX-----XOX----OXO-----OOO------------------- X;,-15,20,b5,1
--------------------XXX----XOX----XOX-----XOO------OO----------- X;,-16,20,c7,1
-------------OX-----XO-----XXO----XXO-----XXO-------O----------- X;,-19,20,f8,1
------------X-----XOOO----XXOX----OOO------XO------------------- X;,-5,20,f2,1
-----------O-------OXX----OOXX---XOXX-----OX-------------------- X;,-11,20,c1,1
------------------OX-----XOXX-----OOOX---XOOO------------------- X;,-11,20,b3,1
--------------------XXX----XXOX---XOOO-----OOO------------------ X;,-14,20,c6,1
--------------------X------XXXX---XXOX----OOO------O------O----- X;,-14,20,f6,1
-----------X-------XX-----OOOX---XOOO-----OOO------------------- X;,-14,20,d7,1
------------X------OOX----XOOXX---OOO------XO------------------- X;,-16,20,f6,1
-----------XXO-----XOO----XOXX----OXX------X-------------------- X;,-17,20,c3,1
------------X-X----OOX----XOOX----OOO------XO------------------- X;,-29,20,c3,1
-------------------XX-----OXX----OOOOX----XOOO------------------ X;,-7,20,e7,1
------------------XX------XOX----OOOOX----XOOO------------------ X;,-9,20,e7,1
-------------------X-O----XOO----XXOOX----XOOO------------------ X;,-10,20,e3,1
------------------OX------XOX----XXOXX----XOO------O------------ X;,-13,20,e3,1
-------------X----XOOX----XOOX----OOO------XO------------------- X;,-13,20,d2,1
------------------OX-----XXXX-----XOOX----XOO------O------------ X;,-15,20,b3,1
------------------XXXXX---XOOX----OOOO-----X-------------------- X;,-16,20,b6,1
-----------X-------XXX----XXOO-----XOO-----OOO------------------ X;,-16,20,g4,1
------------X------XX-----XXO-----XOOO----OOOO------------------ X;,-7,20,c7,1
-----------X-------XX----XOOOX----OOO-----OX-O------------------ X;,-13,20,b5,1
-------------X-----OXX---XXOOX----XOO------X-O------------------ X;,-14,20,e2,1
-------------------XOO----XXOX---XXOOX------OO------------------ X;,-13,20,d6,1
-----------X-------XX-----XXXX----OOO-----OOOO------------------ X;,-15,20,b6,1
-----------O-----XXOXX----OOO------OOX-----XO------------------- X;,-6,20,f4,1
-----------------XXXO-----XOO----X-OOX----OOO------------------- X;,-8,20,f3,1
-----------------XXXO-----OOOX-----OOX-----XOO------------------ X;,-9,20,f3,1
-----------X-------XX------OOX----OOO----XXOO------O------------ X;,-13,20,f5,1
-------------------OXXX----OOX----XXOX-----OOO------------------ X;,-12,20,c4,1
-------------X-----OOX----XOOX----XXOO----XX-------------------- X;,-16,20,f6,1
-------------X-----XX------XOX----XOO----XXOO------O------------ X;,-18,20,e8,1
------------------OX------OOX----XOXOX----XOO-------O----------- X;,-9,20,d7,1
-------------------XXX---XOOOX----OOO-----OX-O------------------ X;,-12,20,f5,1
------------------OX-----XOXX----XOOOX----OOO------------------- X;,-13,20,b3,1
-----------------XXX------OOX----XOOOX----OOO------------------- X;,-15,20,b4,1
------------X------XX----XOOXX----OOO-----OX-O------------------ X;,-18,20,e6,1
-----------X-------XX-----XXXX----OOOO-----OOO------------------ X;,-12,20,c6,1
------------X------XX------OXX---XOXX----OOOO------------------- X;,-13,20,e7,1
-------------------X--O--XXXXOX---XOOO------OO------------------ X;,-13,20,e7,1
-----------X-------XXX----XXX-----OOOO-----OOO------------------ X;,-15,20,b6,1
------------------O-X-----OOXXX---XOOX---XOO-------------------- X;,-20,20,e7,1
------------X------XX-----OXXX----OOX----XOOO------------------- X;,-22,20,b4,1
--------------------X-----OXXXX--XXOXX----OOO------------------- X;,-21,20,d3,1
--------------X----OOX----XOOO---XXXXO-----X-------------------- X;,-36,20,e2,1
-----------OX------XO-----XXOO----OXOX-----XO------------------- X;,-2,20,f2,1
------------X------XX-----OOOOX---XXOOO----O-------------------- X;,-4,20,f3,1
-------------------XXX----OOOOX---XXOOO----O-------------------- X;,-5,20,e6,1
-------------X-----XX-----OOOOX---XXOOO----O-------------------- X;,-5,20,f3,1
-----------OX------OO------OOO---XXXOX-----XO------------------- X;,-6,20,c4,1
-----------OX------OO----X-OOO----XXOX-----XO------------------- X;,-7,20,f6,1
-------------------OX----XOOX----OOOXX----XOO------------------- X;,-11,20,f6,1
-------------------OX----XOXX----XOOXX---XO-O------------------- X;,-16,20,d6,1
-------------------OX----XOOX---XXXOXX-----OO------------------- X;,-17,20,c6,1
-----------OX-----XXX-----XOX-----XOOX------OO------------------ X;,-9,20,d6,1
----------XO------XXX-----XOX-----XOOX------OO------------------ X;,-11,20,e7,1
-----------O------XOX-----XOX-----XOXX----XOO------------------- X;,-12,20,f7,1
-------------------X-----XXXXX-----OOOO----XOO------O----------- X;,-13,20,c6,1
-------------------XXX---X-OOOO---XOXX----OX-------------------- X;,-13,20,g3,1
----X------X------XOX-----XOX-----XOOX------OO------------------ X;,-15,20,e2,1
--X--------X------XOX-----XOX-----XOOX------OO------------------ X;,-15,20,e2,1
-------------------XXX-----XOOO---XOXX---XOX-------------------- X;,-23,20,c7,1
-------------X----OOXX----XOOX-----XOO-----XO------------------- X;,-10,20,e2,1
------------------XX------XXXX----XOOO----XOO------O------------ X;,-12,20,c7,1
------------X------XOX----XOOX----OOOO-----XO------------------- X;,-12,20,d2,1
----------X--------XX-----OOX-----XOOX----XOOO------------------ X;,-16,20,b5,1
-----------X-------XXX----XXOX----OOOO-----XO------------------- X;,-15,20,e7,1
-------------------OX----XXXXO----XOOX----XOO------------------- X;,-16,20,c3,1
------------------XXX-----XXX----OOOXX----XOO------------------- X;,-14,20,c7,1
----------X--------XX-----OXX-----XXOX-----OOO----O------------- X;,-11,20,e7,1
----------X-------XXX-----XOX-----XOOOO-----OO------------------ X;,-13,20,d6,1
-------------------XO-X----OOX----OOOX---XXXO------------------- X;,-15,20,f6,1
-------------------XO-X----OOX---XXXOX----OX-O------------------ X;,-16,20,b6,1
----------X--------XX-----XOX----XXOOOO-----OO------------------ X;,-14,20,d6,1
-------------------XO-X--X-OOX---OOOXX----OX-------------------- X;,-17,20,c4,1
-------------X-----XX------XXXX---XOOOO---OO-------------------- X;,-17,20,e6,1
-----------X------OOOX----XOOX-----XOO-----XO------------------- X;,-12,20,c2,1
-----------------XXX-----XXOXX-----OOO-----OO------O------------ X;,-13,20,f6,1
-----------X------XXO----XXOOX-----OOO-----XO------------------- X;,-14,20,f3,1
----------X-------XX-----XXOXX-----OOO----OOO------------------- X;,-14,20,g6,1
-------------------XO-X---OOOX---XOOXX----OX-------------------- X;,-14,20,c3,1
-------------------XXX----OOOX---XOOXX----OX-------------------- X;,-16,20,c3,1
------------X------XX------OXO---XXOXX----OOO------------------- X;,-19,20,c4,1
------------X-------XO----XXOX----XOX----X-OOO------------------ X;,-21,20,f2,1
-----------OX-----OO-X----XOXX-----XOO-----XO------------------- X;,-15,20,d1,1
----------X-------XX------XOXX---X-OOO-----OO------O------------ X;,-15,20,f6,1
-----------------XXX------XOXX---X-OOO----OOO------------------- X;,-13,20,f6,1
-------------------XXX---XOOOX----OOXX----OX-------------------- X;,-17,20,c3,1
-------------X-----XX----X-XOO---OOOXX----OX-------------------- X;,-21,20,g3,1
------------X------XXO---X-OOO----XOXX----OX-------------------- X;,-19,20,g5,1
----------O-X-----XOO-----XXOX----XOOX------O------------------- X;,-5,20,c1,1
--------------------OX----XOXX---OOOOX----XOO------------------- X;,-7,20,f7,1
-------------------OOX----XOXX----XXOX-----OOO------------------ X;,-8,20,c7,1
------------------XXXX----XOOOO---XOOX-----O-------------------- X;,-8,20,c6,1
-----------X--------X-----XOOX---OOOOX----XOO------------------- X;,-7,20,f3,1
-------------X----XOX-----XXOX----XOOO------O-O----------------- X;,-5,20,d6,1
----------X-------XXOO----XXOX----XOOX------O------------------- X;,-10,20,d2,1
-----------X------XXX-----XXOX----XOOOO-----O------------------- X;,-12,20,f6,1
-------------X-----OX-----XOOX----XOOX----XOO------------------- X;,-12,20,e2,1
------------X-----XXX-----XXOO----XOOO------OO------------------ X;,-6,20,d6,1
------------X-----XXO-----XXOX----XOOX------OO------------------ X;,-12,20,f3,1
------------------XXX-----XXXX---X-OOO-----OOO------------------ X;,-15,20,c7,1
-------------------XXX---XOOOX----OOO-X---OX-------------------- X;,-18,20,e6,1
-------------------XXX----OOOX----XOO-X--XXX-------------------- X;,-22,20,b5,1
------------O-X-----OX---X-OOO----XXO-----XXX------------------- X;,-31,20,d3,1
-------------X------XX-----XXX----XXXOO----OOO------------------ X;,-15,20,h6,1
----------X-------XX------XOX----XOOOX--X---OO------------------ X;,-16,20,d6,1
----------X-------XX------XOX----OOXXX---OX-O------------------- X;,-19,20,a5,1
--------------------X------XXX----XOO-X--XXOO------OO----------- X;,-18,20,f5,1
--------------------X------XXXX---XOO----XXOO------OO----------- X;,-19,20,f5,1
-----------O-------OXXX----XOX----XOX----XOX-------------------- X;,-22,20,c7,1
----------X-------XX------XOX---XXXXOX------OO------------------ X;,-22,20,e7,1
--------------------X-----XXXXX---XXOO----XOO------O------------ X;,-13,20,c7,1
------------X-----O-X-----OOXX---XOOO---X-XO-------------------- X;,-17,20,d3,1
------------X-------XO--X-XOOX---XOOO-----XO-------------------- X;,-17,20,f5,1
------------X-----O-X-----XOXX---OXOO----XXO-------------------- X;,-17,20,b4,1
--------------------X-----XXXX----XXOOX---XOO------O------------ X;,-15,20,c7,1
-----------X--------XO----XOOX---XOOO---X-XO-------------------- X;,-16,20,b6,1
-----------X--------XO--X-XOOX---XOOO-----XO-------------------- X;,-17,20,b6,1
-----------X-------OX-----OOXX---OXOO----XXO-------------------- X;,-16,20,e6,1
------------O-----X-OOX----XOX----OOX-----XXX------------------- X;,-17,20,b4,1
-------------X-----OXXX---XOOX----XOO-----XO-------------------- X;,-17,20,e2,1
-------------X------XO----XXOX----XXOX----XOO------------------- X;,-17,20,d3,1
-------------------XXX-----XOX----XOO-X--XOOO------------------- X;,-20,20,d7,1
-------------------XXX----OXXXX---OOO----XOX-------------------- X;,-23,20,b4,1
-------------------XXXX----XOX---OOOX----XOX-------------------- X;,-26,20,f5,1
-------------------XXX----OXXX----OXXX---XOX-------------------- X;,-24,20,b3,1
------------OXX-----OX----XXOX----XXO-----XO-------------------- X;,-31,20,d3,1
-------------------X-O---XXXXO-----OOO----OOOO------------------ X;,-8,20,e7,1
-------------X-----X-X---XXXOOO----OO-----OOO------------------- X;,-6,20,h5,1
-----------X-------X-OX---XXOX-----OOO----OOO------------------- X;,-7,20,e3,1
------------X-----O-X-----OOXX----OOO-----XOOO------------------ X;,-9,20,c7,1
-----------X-------XOO----XXOXX----OOO----OX-------------------- X;,-14,20,f6,1
-------------X----OOOO-----XO----XXXOX-----X-O------------------ X;,-15,20,f4,1
--------------------X-----OXXXX--OOOO-----XOOO------------------ X;,-9,20,c3,1
------------X-----O-X-----OOXX---XXOX------OO------O------------ X;,-10,20,c6,1
--------------------X----O-XXXX--OOOO----X-OOO------------------ X;,-10,20,c6,1
-----------X-------X-OO---XXXOX----XOO------O-------O----------- X;,-13,20,g5,1
------------X-----O-X-----OXXX----OOX----XOO-------O------------ X;,-19,20,b4,1
-----------X-OX----X-O----XXXO-----XOO------O-------O----------- X;,-29,20,g5,1
--------------------X-----XXXXX--OOOO-----XOOO------------------ X;,-12,20,d7,1
------------------O-X------OXXX---XOO----XXOOO------------------ X;,-15,20,c4,1
------------X----OO-X----XOXXX----OOO-----XO-------------------- X;,-17,20,f6,1
------------X-----O-X----OOXXX----OOO----XXO-------------------- X;,-18,20,d7,1
----------X-X----OX-X-----OOXX----XOO-----XO-------------------- X;,-18,20,e7,1
------------X----OOOX----XOXXX----XOO----X---------------------- X;,-14,20,c6,1
----------XOX-----XOX----XXOXX----OOO--------------------------- X;,-19,20,b6,1
-----------XX-----XOX----XXOOX----OOOO-------------------------- X;,-18,20,b6,1
-----------OX----XXOX----XXOXX----OOO--------------------------- X;,-19,20,c6,1
------------X----OOOX----XOOXX----XOX------X-------------------- X;,-21,20,c6,1
-----------X-------XOO----XXOXX----XOO-----XO------------------- X;,-21,20,e2,1
------------X-----OOOO---XXOXX----XXO-----X--------------------- X;,-19,20,g4,1
------------X-----OOX-----OOXX----XOO----XXO-------------------- X;,-15,20,b4,1
-------------X----OOX-----OOOX---XXOX------O-------O------------ X;,-14,20,b4,1
------------X-----OOX-----OOXX----OXXX---XO--------------------- X;,-18,20,d2,1
----------O-X----XOXX-----OOXX----XOO----X---------------------- X;,-21,20,b4,1
-----------OX-----OOX-----XOXX---XXOO----X---------------------- X;,-20,20,d6,1
----------XOX-----XOX-----XOXX----XOO----X---------------------- X;,-22,20,f6,1
------------OX----OOO-----OOO----XXXXX-----X-------------------- X;,-21,20,b3,1
-----------------XXX-O----XOOX---X-OO-----OOO------------------- X;,-9,20,f5,1
----------X-------XX-O----XOOX---X-OO-----OOO------------------- X;,-11,20,f2,1
------------OX----OOO----X-XO-----XOXX----OX-------------------- X;,-15,20,f4,1
------------X-----OX-XO---XXXOX----XOO-----X-------------------- X;,-19,20,h3,1
------------X-----OOOOX---XOOX-----XXO-----X-------------------- X;,-20,20,f2,1
------------X-----OOX----XOOX-----OOXX----OX-------------------- X;,-23,20,c2,1
------------XOX---OX-O----XOXO-----XOO-----X-------------------- X;,-31,20,c2,1
-----------------XXX-O----XOO----X-OOX----OOO------------------- X;,-8,20,c5,1
----------X-------XX------XOX----X-OOOO---OOO------------------- X;,-9,20,f6,1
------------X-----OOX----XOOXX----OOX-----OX-------------------- X;,-22,20,c2,1
------------OX----OOO----X-XOX----XOX-----OX-------------------- X;,-24,20,e1,1
-----------X-----OX-XO---XOXXX----XOX------X-------------------- X;,-25,20,a3,1
---------XOX------O-XO----OXOX----OOX------X-------------------- X;,-35,20,f2,1
--------------------XO----XXOX----XOO-X---XOOO------------------ X;,-12,20,g3,1
--------------------XO-----XOX----XOO-X--XXOOO------------------ X;,-13,20,f5,1
-----------X------OOX-----OOXX----XOO----XXO-------------------- X;,-19,20,b4,1
-----------X-----OX-X----XOXXX----OOO-----XO-------------------- X;,-20,20,b6,1
----------XX-----OX-X-----OOXX----XOO-----XO-------------------- X;,-19,20,b4,1
-----------X-----XXXX-----OOXX----OOO----XO--------------------- X;,-16,20,f6,1
-------------X----OOOO---XOOO-----XXXX-----X-------------------- X;,-19,20,b3,1
-----------X------OOX-----OOXX----OXXX---XO--------------------- X;,-18,20,d6,1
----------XX------XXXO----XOOX----XOO----X---------------------- X;,-21,20,f2,1
-----------X------XOX----XXXOX----XOOO---X---------------------- X;,-22,20,e2,1
-------------X----OOX----XOXXX---OXXX------X-------------------- X;,-25,20,b3,1
-----------X----XXX-XO---XOXOX----OOO--------------------------- X;,-22,20,c6,1
-----------X-----OX-X----XOXXX----XOO-----X-O------------------- X;,-22,20,a3,1
------------XO-----X-OO---XXXOX----XOO-----X-------------------- X;,-25,20,g6,1
----------OX-----OO-X----XOXXX----XOO----X---------------------- X;,-18,20,c6,1
------------X------X-XOO--XXXOO----XOO----X--------------------- X;,-23,20,h5,1
O--------O-X-----XO-X----XOOXX----OOO--------------------------- X;,-33,20,c6,1
----------OX------OOX----XOXXX----XXX------X-------------------- X;,-25,20,b3,1
-------------------OOX----XOOX----XXOX-----OO-------O----------- X;,-4,20,c2,1
-----------O-X----OOX-----XOO-----XXOX----X-O------------------- X;,-10,20,f4,1
-----------X------XOX-----XOOX----XOO------OO------O------------ X;,-9,20,e2,1
-------------------O-X----XOXX----OOOX----XOO-------O----------- X;,-12,20,b5,1
-----------OX------XO-----XOO-----XOOX----XOO------------------- X;,-11,20,f7,1
-------------X----XOX-----XOOX----XOO------OO------O------------ X;,-12,20,e2,1
---X-------X------OOO-----XOO-----XXOX----X-O------------------- X;,-14,20,e2,1
----------XO-------XO-----XOOO----XXOX----X-O------------------- X;,-16,20,g4,1
-----------O------OOOX----XOXX----XXOO----X--------------------- X;,-5,20,d6,1
------------------XXX-----XXXOO----XOO-----OOO------------------ X;,-6,20,g5,1
-------------------XXX---OXXX----XOOO-----OOO------------------- X;,-9,20,f5,1
------------------X--X----XXXX----XXOOO----OO------O------------ X;,-6,20,e7,1
------------------X-------XXXXX---XXOOO----OO------O------------ X;,-10,20,h6,1
-------------------XXX---OOXX-----OOO----XOOO------------------- X;,-10,20,d7,1
----------------X--XXX---XOXX-----OOO-----OOO------------------- X;,-10,20,b5,1
-------------------XXX--XXXXX-----OOO-----OOO------------------- X;,-14,20,f7,1
------------------OXXX---OXOOO---XXOO----X---------------------- X;,-6,20,d6,1
-----------OX------XXX----XOX----OOOO-----XO-------------------- X;,-10,20,d7,1
-------------------XXX---OXOOOO--XXXXX-------------------------- X;,-10,20,g3,1
------------------OXXX---OOOXXX--XOOO--------------------------- X;,-12,20,e6,1
-----------OX------XOO----XXOX----XOO-----XO-------------------- X;,-10,20,g4,1
-----------OX-----OOO-----XOX-----XXXX----XO-------------------- X;,-12,20,d1,1
------------O------XOX--XXXOOO---XOOO--------------------------- X;,-13,20,f1,1
------------O----X-XOX---XXOOO---XOOO--------------------------- X;,-13,20,f1,1
------------------XXXO----XOOOO--X-OOOX------------------------- X;,-13,20,d6,1
------------------XXXX---OXOX----OOOO-----XO-------------------- X;,-7,20,b6,1
--------------------OX----XXOX----XOOX----XOO-------O----------- X;,-8,20,d7,1
-------------------XXX---OXOX----XOOO-----OO------O------------- X;,-9,20,b6,1
-----------O-X----OOXX----XOOO----XXO-----X--------------------- X;,-11,20,e2,1
-----------O-------OOX----XXOXX---XXOO----X--------------------- X;,-10,20,d6,1
-------------------XXX--XXXXX-----OOO----OOO-------------------- X;,-14,20,e6,1
-----------O------OOXX--XXOOX-----OXO-----X--------------------- X;,-10,20,d6,1
-----------------XXXXX--XXOOOO----OOO--------------------------- X;,-11,20,b5,1
-----------X------XXXX--XXOOOO----OOO--------------------------- X;,-10,20,f5,1
-----------------OOXXX--XXOOX----XOOO--------------------------- X;,-10,20,b6,1
------------------OXXX--XXOXX-----OOO----XO--------------------- X;,-13,20,b5,1
---X-------X------OOX-----XXOX----XXOO----X--------------------- X;,-12,20,f3,1
---X-------X------OOO-----OOO----OXXXX----X--------------------- X;,-13,20,f3,1
-----------O-X----OOOO----XXXX----XXO-----X--------------------- X;,-8,20,c2,1
----------O------XOXXX---OOOX-----XOO----X---------------------- X;,-12,20,a4,1
-----------O----X-OOXX---XOOX-----XOO----X---------------------- X;,-10,20,c2,1
-----------O-X----OOOX----XOOO----XXO-----X--------------------- X;,-11,20,e2,1
------------------OXXX---OOOX----XOOO----XO--------------------- X;,-13,20,a4,1
----------X-------XXXX---OXOX-----OOO----X-O-------------------- X;,-13,20,e6,1
-----------O-X----OOX----OOOO-----XXXX----X--------------------- X;,-11,20,f3,1
------------------OXXX---OOOOO----XXXX---X---------------------- X;,-17,20,b5,1
------------O------XOX-----XOOX----XOOO---XO-------------------- X;,-8,20,f2,1
-----------OX------OO------OOO---XXXOX----X-O------------------- X;,-11,20,f3,1
-----------OX-----XOO-----OOOO----OXXX----X--------------------- X;,-13,20,e1,1
-----------OX-----OOO-----XXXO----XXXX----X--------------------- X;,-15,20,f3,1
------------X------XX------XXOX---OOOOO---XO-------------------- X;,-12,20,d7,1
-------------X-----XX------XXOX---OOOOO---XO-------------------- X;,-14,20,d7,1
----------XXX-----OOO------OXO----OXXX----X--------------------- X;,-20,20,b4,1
---X-------XX------XO-----OOOO----OXXX----X--------------------- X;,-19,20,c3,1
------------X-----XXX-----OOXO----OOXX----X-O------------------- X;,-10,20,d6,1
-----------------XXXO----OOOOO----OXXX----X--------------------- X;,-13,20,a5,1
-----------O------XOO-X---OOOX----OXXX----X--------------------- X;,-15,20,b4,1
------------------XXXX----OOXX----OOXX----XO-------------------- X;,-17,20,b4,1
------------------X------XXXXX----XOOO----XOO------O------------ X;,-19,20,g6,1
------------------XXXX----XXX-----XXOO------OO-------O---------- X;,-14,20,g6,1
-------------------XXX-----OXX---XOXXX---OOO-------------------- X;,-14,20,d7,1
-------------------XXX----XXXX---OOOXX----XO-------------------- X;,-15,20,d7,1
------------------OXXX----XOXX----XOOX----XO-------------------- X;,-15,20,d7,1
-------------------XXX-----XXX---OOOOX---XXO-------------------- X;,-14,20,c4,1
-------------------XXX-----XXX---XXXXX---OOO-------------------- X;,-19,20,d7,1
------------------XXX-----XXX-----XXOX------OOOO---------------- X;,-20,20,g7,1
------------------XXO-X---OOOX----OOXX----XO-------------------- X;,-14,20,d7,1
-------------X----OXX-----XOOO----XOOX----XO-------------------- X;,-13,20,d7,1
-------------X----OXXX-----OXX----OXOX----XO-------------------- X;,-12,20,b5,1
-------------X-----XX-----OOOO----XOOX---XXO-------------------- X;,-15,20,b5,1
-------------------XO-X----OOX---XXXOX----XOO------------------- X;,-15,20,f6,1
-------------------XOOX---XXOX----XOXX----XO-------------------- X;,-16,20,e2,1
----------X--------XX----XXXX-----XOOO------OO-------O---------- X;,-16,20,d6,1
-----------X-------XX-X----OOX----OOOX----XOO------------------- X;,-19,20,f6,1
-------------X-----XX------XOO---XXXOX----XOO------------------- X;,-20,20,g5,1
------------X-------XX----XOX-----XOOO----XOO------O------------ X;,-15,20,f7,1
-----------X------XX-------XOX----XOOO---XOOO------------------- X;,-20,20,g5,1
-------------X----OXX------OOO---XXXOX----X-O------------------- X;,-18,20,g5,1
-----------X------XX-----X-XOX----XOOO----OOO------------------- X;,-20,20,f6,1
------------O------XOX----XXXOX---XXO-O---X--------------------- X;,-11,20,f5,1
-----X------X------XOX----XOOO----XOO-----XO-------------------- X;,-14,20,f2,1
-------------------XXX--X-XOOO---XOOO-----XO-------------------- X;,-15,20,b6,1
---------------------X----XXXX----XXOX----XOOO-----O------------ X;,-13,20,e7,1
-----------OOX-----XOX----XXOO----XXO-----X--------------------- X;,-15,20,f6,1
-------------------OOX----XOXX----XOOX----XOO------------------- X;,-10,20,c3,1
------------O-----XXOX----XOOX-----OOX----XO-------------------- X;,-11,20,c5,1
-------------X-----OXX----XOO-----XOOX----XOO------------------- X;,-11,20,c3,1
-----------XO------OOX----XOOX-----OOX----XO-------------------- X;,-12,20,c3,1
----------X-------OOOX----XOXX-----OOX----XO-------------------- X;,-11,20,c5,1
------------X------XXX----XOOOO----OOX----XO-------------------- X;,-13,20,e6,1
------------------OXXX----XOX-----XXOX----XOO------------------- X;,-17,20,f6,1
---------------------X---X-OXX----XXOX----XOOO-----O------------ X;,-12,20,e7,1
------------O------XOOO----OOO---XXXO-X---X--------------------- X;,-13,20,f1,1
-----------X--------XX-X---OOOX----XOOO---XO-------------------- X;,-14,20,c5,1
---X--------X------XOX-----OOX----OOO-X---XO-------------------- X;,-12,20,f5,1
--------------------XX---X-XXO----XOO-----XOOO-----O------------ X;,-13,20,g4,1
-----------X-------XXX-----XXOO----XOO----XOO------------------- X;,-13,20,d7,1
-----------XO------OXX----OOOX----OXO-X---X--------------------- X;,-15,20,f5,1
-----X------X-----OOOX-----OOO---XXXO-----X--------------------- X;,-17,20,c4,1
------------X-----O-XX--X-OOX----XOOO-----XO-------------------- X;,-15,20,d3,1
---------------------X----XXXXX---XXOO----XOO------O------------ X;,-14,20,f6,1
-----------OOX-----XOX-----XOO---XXXO-----X--------------------- X;,-16,20,f1,1
-------------X-----OXX----XOOO----XXOX----XO-------------------- X;,-14,20,e6,1
-------------X----XXXX----XOOO----XOO-----XO-------------------- X;,-17,20,g4,1
------------XX-----XXX----XOOO----XOO-----XO-------------------- X;,-16,20,e6,1
-------------------XXX----OOOX----XOO-X--XXO-------------------- X;,-19,20,b5,1
-------------------XXX----OOXX----XOXX---XXO-------------------- X;,-17,20,b4,1
----------X--X-----XXX----XOX----OOOO-----XO-------------------- X;,-22,20,d7,1
-------------------O-X----XOXXX---OOO-----XOO-------O----------- X;,-11,20,f7,1
-----------XO-----X-O----XXXOX-----OO------OO------O------------ X;,-12,20,f6,1
---X-------X------OOO------OO----XXXOX----X-O------------------- X;,-13,20,f3,1
-----------O-X----OOX------OO----XXXOX----X-O------------------- X;,-12,20,d1,1
----------XO-------XO------OX----XXOOX----XOO------------------- X;,-14,20,c4,1
------------OX----X-O----XXXOX-----OO------OO------O------------ X;,-14,20,d8,1
------------X-----X-XX---OXOX-----OOO----OX-O------------------- X;,-12,20,a4,1
------------X-----O-XX--XXOOX-----OOO-----X-O------------------- X;,-15,20,d2,1
-----------O-X-----OOX-----XOO---XXXOO----X--------------------- X;,-15,20,g4,1
-------------------O-X---XXOXXX----OO-----XOO-------O----------- X;,-19,20,e8,1
------------X----OXXXX---OOOX-----XOO----X---------------------- X;,-12,20,c6,1
------------X---X--OXX---XOOOO----XOO----X---------------------- X;,-14,20,c3,1
------------X----O-XXX---OOOX----XXOO----X---------------------- X;,-14,20,c3,1
-----------O-X-----OOX----OOOO---XXXO-----X--------------------- X;,-15,20,f5,1
-----------O-X-----OOO----OOO----XXXXX----X--------------------- X;,-14,20,c3,1
------------X------OXX---OOOX-----OXXX---XO--------------------- X;,-17,20,d6,1
----------X-X------XXX---OOOX-----OOO----XO--------------------- X;,-18,20,d6,1
------------X-----OOXX--XXXOX-----XOO----X---------------------- X;,-26,20,b3,1
-----------OX-----XOXX--XXXOX-----OOO--------------------------- X;,-14,20,d6,1
---X-------X-------XX-----OOOX---XXOO-----XO-------------------- X;,-18,20,c3,1
----------X-XO-----XOX--XXXOX-----OOO--------------------------- X;,-19,20,f1,1
---X-------X-------XXX----OOX----XXOO-----XO-------------------- X;,-20,20,c3,1
---X-------X------OOO-----OOX----XXXXX----X--------------------- X;,-23,20,b4,1
-----------------XXX-----XXXXX---OOOO------X-O------------------ X;,-10,20,c6,1
-----------------X-X-O----XOO-----XOXX---XXO-------O------------ X;,-11,20,c7,1
----------X-------XXXX----XXXX----OOO------X-O------------------ X;,-13,20,c6,1
----------X-------XXO-----XXOX-----XOX-----XOO------------------ X;,-20,20,d2,1
--------------X----X-X----OOX-----XOXX---XXXO------------------- X;,-34,20,f6,1
----------XX-----XXXX------OOX-----OO-----OX-O------------------ X;,-14,20,f5,1
----------XO-----XXOXX-----OXX-----XO------X-O------------------ X;,-14,20,f5,1
----------X------XXXO-----XOXX----OOO------X-O------------------ X;,-16,20,f3,1
----------X------XXXO------OOX-----XOX-----XOO------------------ X;,-18,20,c4,1
-------------X------OXX---XXOX-----XOO----X-X----X-------------- X;,-37,20,g4,1
-----------------O-XXO---XOXX-----OOXX---XO--------------------- X;,-15,20,d6,1
----------X-------XOO-----XXOX-----XOX-----XOO------------------ X;,-15,20,e2,1
-----------------XXXX------XXO----XXOO-------OOO---------------- X;,-14,20,e6,1
-------------------XXO----XXX----XXXXX--OOO--------------------- X;,-21,20,d7,1
-----------O--X----OXX----OOX-----OOXX---XO--------------------- X;,-27,20,d6,1
---------XX-------XOO------XOX-----XOX-----XOO------------------ X;,-33,20,f2,1
----------O------XOX-----OOXXX-----XXX-----X-O------------------ X;,-18,20,a4,1
-----------------XXXX------XX-----XXO-------OO------OO-------O-- X;,-14,20,f5,1
-------------------X-O-----XXX--XXXXXX--OOO--------------------- X;,-23,20,a7,1
--------------X----XOX-----OXX---OOOXX---XO--------------------- X;,-27,20,c4,1
-------------------X-O---X-XXX---XOOXX---OO-----O--------------- X;,-24,20,d6,1
---------XO------XO------OOXXX-----XXX-----X-O------------------ X;,-37,20,d2,1
-----------OXX----OOX-----XOXX----XOO-----O--------------------- X;,-11,20,b3,1
-------------X----OOX-----XOXX----XOX-----OOO------------------- X;,-14,20,f7,1
-------------X---XXXXO----XOOX----XOO-----O--------------------- X;,-16,20,d6,1
----------X--------XOO----XXOOO---XXXX-------O------------------ X;,-13,20,e2,1
-------------O----OXOXX---OOO-----XXO----X-X-------------------- X;,-15,20,f4,1
----------X--X----XXX----OOOXX----XOO-----O--------------------- X;,-18,20,d6,1
----------X--------XOO----XXOX-----XOX-----XOO------------------ X;,-20,20,d7,1
--------------X---OXXX----OOOO----XXO----X-X-------------------- X;,-31,20,e6,1
----------X-OX----X-O----XOOOX--X--OO-----O--------------------- X;,-14,20,d6,1
-----------------X-X-O----XXOX-----OO----XXO-O-----O------------ X;,-14,20,f2,1
-----------------X-X-X----XXX----O-XO----XOO-O-----O------------ X;,-16,20,f5,1
----------X--X---OX-X----OOXXX----XOO-----O--------------------- X;,-17,20,a5,1
----------X--X----X-X-O-XXXXXO-----OO-----O--------------------- X;,-17,20,g4,1
----------X--X-----X-X----XXOOO----XO------OOO------------------ X;,-18,20,f5,1
-----------O--X--XXOOX-----OO-----XXO----X-X-------------------- X;,-36,20,f4,1
----------X--------X-O----XXXXO----XXO-----OOO------------------ X;,-12,20,g5,1
-----------------XOX--X---XOXX-----OOO----OX-O------------------ X;,-14,20,e6,1
------------------OX-OX----OOOO---XXXO---X-X-------------------- X;,-18,20,e3,1
-----------------X-XO-----XXOXX----OOO----OX-O------------------ X;,-20,20,f3,1
--------------X---OOOX-----OXO----XXXO---X-X-------------------- X;,-27,20,c4,1
----------X---X---OX-X----XOXX-----XO------OOO------------------ X;,-30,20,f5,1
----------X--X----OX-X----XOOX-----XO------XOO------------------ X;,-18,20,f5,1
-------------X----OOOX-----OOX----XXXX---X-X-------------------- X;,-20,20,c4,1
------------------OX-OX----OOOO---XXXX---X-X-------------------- X;,-22,20,f2,1
--------------X---OOOX-----OXO----XXXX---X-X-------------------- X;,-32,20,g4,1
----------X---X----X-XO---XXXO-----XO------XOO------------------ X;,-35,20,e7,1
------------O-X---OXOX-----XOO----XXO----X-X-------------------- X;,-33,20,f6,1
-------------OX--XXX-O-----OOO----XXO----X-X-------------------- X;,-35,20,f5,1
--------------X---OOOX-----OXX----XXXX---X-X-------------------- X;,-35,20,c4,1
--------------X---OOOXX----OOX----XXX----X-X-------------------- X;,-40,20,c4,1
-------------X----OOX----XOOO-----OXXX----OX-------------------- X;,-14,20,d2,1
-----------X-X-----XXX----OOOX----OOO----XO--------------------- X;,-14,20,f5,1
-------------X----XXX----XXOO-----XOO-----OOO------------------- X;,-14,20,d7,1
-----------XO------OOXX---OOOX----XOO----X---------------------- X;,-16,20,f5,1
------------XX-----XX----XXOO-----XOO-----OOO------------------- X;,-18,20,d7,1
-----------XO------XOO---XXXOX----XOO----X---------------------- X;,-17,20,f1,1
-----------X------OOOO----OOXX----XXXX---X---------------------- X;,-18,20,b4,1
-------------X-----OX----XOXXX---OOOX-----OX-------------------- X;,-21,20,c3,1
-----------------X--OX----XXXXO----XXO-----XOO------------------ X;,-13,20,d3,1
----------X--------X-------OXXX---OOOX----XOOO------------------ X;,-17,20,e7,1
------------------XXX-X----XXX----XOX-----OOOO------------------ X;,-17,20,d7,1
------------------XO--X----OOX----XOOO---XXXX------------------- X;,-17,20,g4,1
-------------X-----XXX----OOOX----XOO----X--OX------------------ X;,-17,20,b5,1
----------X-------OXOO-----XOX----XOXX---XO--------------------- X;,-15,20,d2,1
------------X-----OOXO-----XOX----XOXX---XO--------------------- X;,-14,20,c4,1
-------------X----OOXX-----XOX----XXXO---X----O----------------- X;,-19,20,f6,1
-----------X------OXXO-----XOX----XOXX---XO--------------------- X;,-22,20,c7,1
---------X-------OOOOO-----XXX----XXXX---X---------------------- X;,-34,20,c2,1
--------------X---OOOOO----XXX----XXXX---X---------------------- X;,-31,20,e2,1
-------------X-----OOO----XOO-----XXXX---XXX-------------------- X;,-17,20,c3,1
------------OX----XXOX----XOOX----XOO----X---------------------- X;,-20,20,d6,1
-------------X-----XXX----OOOOO---XXXX---X---------------------- X;,-19,20,g5,1
------------OX-----XOX----XOOX---XXOO----X---------------------- X;,-22,20,d2,1
-------------X-----XXX----OOXX----XOO----XXO-------------------- X;,-20,20,c3,1
-------------X----OXXX---XXOXX----XOO----X---------------------- X;,-23,20,d2,1
-------------X-----XXX----OXOX----OOX----XOX-------------------- X;,-20,20,f5,1
-----------O-------OXXX---OOXX----XXO----XX--------------------- X;,-16,20,f5,1
-------------------XXXX---OOXX----OOX----XO-X------------------- X;,-18,20,c3,1
-----------O------XOXXX---XOOX----XOO----X---------------------- X;,-20,20,f6,1
------------O------XOXX---XOOX---XXOO----X---------------------- X;,-20,20,e6,1
------------------OXXXX--XXOXX----XOO----X---------------------- X;,-22,20,b3,1
-------------------XXXX---OXOX----OOX----XOX-------------------- X;,-22,20,b5,1
-------------------XXXX---OOOOO---XXXX---X---------------------- X;,-21,20,b3,1
-------------X------XO----XXOX---XXOX-----OOO------------------- X;,-22,20,f7,1
-----------------X-XO-----XXOO-----XOXX----XOO------------------ X;,-22,20,d7,1
-----------------X-X--X---XXXX----OOOO-----XOO------------------ X;,-22,20,e7,1
-------------X------X-----XXXX---OOOX----XOOO------------------- X;,-23,20,f7,1
-----------------X-X------XXXXX----XOO-----OOO----O------------- X;,-23,20,g6,1
-------------------XXXX----XOX----XOXO---XOX-------------------- X;,-29,20,c7,1
--------------X----XOOO----XXO----XXXO---X-X-------------------- X;,-39,20,e2,1
------------X------XX-----OOOO----XOOO-----OOO------------------ X;,1,20,c3,1
------------X-----OXX------OXO----XXOO-----OOO------------------ X;,3,20,c4,1
-----------X-------XX-----OXX-----OOOOO---OOO------------------- X;,2,20,f6,1
------------X------XX----O-XXO----OXOO-----OOO------------------ X;,2,20,e7,1
-----------------O--X-----OXXO---XXOOO-----OOO------------------ X;,7,20,c6,1
-----------OX------OO------OXO----XOOO-----OOO------------------ X;,7,20,c6,1
--------------------X-----XXXO--OOOOOO-----OOO------------------ X;,6,20,g4,1
------------------XXX------XX----OOOOOO---OOO------------------- X;,1,20,f6,1
-------------------XXX---O-XX-----OXOOO----OOO------------------ X;,2,20,b5,1
-------------------XXX----OXX-----XOOOO----OOO------------------ X;,4,20,c3,1
------------------OXXX-----OX-----XXOOO----OOO------------------ X;,5,20,c4,1
------------O------XOX-----XO-----XXOOO----OOO------------------ X;,6,20,f4,1
----------O--------OXX-----XO-----XXOOO----OOO------------------ X;,9,20,f4,1
-----------O-------OXX-----OX-----XOOOO----OOO------------------ X;,9,20,c4,1
------------------XXX----O-XX-----OOOOO---OOO------------------- X;,2,20,f6,1
-------------------XXX---O-XX-O---OXOO-----OOO------------------ X;,1,20,b5,1
-------------------XXX----OXX-O---XOOO-----OOO------------------ X;,3,20,c3,1
------------------OXXX-----OX-O---XXOO-----OOO------------------ X;,6,20,c4,1
--------------------X-----XXXO---OOOOO----O-OO-----O------------ X;,9,20,g4,1
----------O--------OXX-----XO-O---XXOO-----OOO------------------ X;,9,20,d7,1
-----------O-------OXX-----OX-O---XOOO-----OOO------------------ X;,9,20,c4,1
-------------------XO-----OXX----OOOOX----XOOO------------------ X;,1,20,d7,1
------------------OOOX----XOXX-----XOO-----OOO------------------ X;,2,20,g6,1
-------------------XO----OOXX-----OXOX----XOOO------------------ X;,3,20,b6,1
-------------------OXX----XXXO----OXOO------OO------O----------- X;,5,20,c3,1
------------------OOOX----XOOX-----XOO-----OO-------O----------- X;,5,20,f6,1
-------------------OXX----XXXO----OXOO------OO-----O------------ X;,6,20,c3,1
-------------------OX------XOO----XOXO----OOOOO----------------- X;,6,20,c3,1
------------------XOOO----XXOX----OXX------OO-------O----------- X;,8,20,c6,1
-------------------OXX----XOXO----OOOO-----OOO------------------ X;,9,20,e2,1
-------------------OX------XXO----XOXO----OOOO-------O---------- X;,7,20,g3,1
-----------OX-------X-----XXXO----OXOO-----OOO------------------ X;,1,20,c1,1
-----------OX-------X-----XXXO----OXOO------OO------O----------- X;,3,20,c1,1
-------------------XO----OOXX----XXOOX-----OOO------------------ X;,5,20,c6,1
-----------OX-------X-----XXXO----OXOO------OO-----O------------ X;,5,20,c1,1
------------------OOO-----XOXXX----XO-O----OOO------------------ X;,6,20,f5,1
------------------OOO-----XOOXX----XO-O----OO-------O----------- X;,9,20,c2,1
-------------------OX------XX-O---XOOOOO--OOO------------------- X;,11,20,g6,1
-------------------OX------XO-O---XOXOO---OOO-O----------------- X;,18,20,d7,1
------------------O-XXX---OOOO----XXOO------O-------O----------- X;,4,20,d3,1
-----------O--------OXX---OXOO----XXOO------O-------O----------- X;,6,20,d6,1
------------O-------OXX---OXOO----XXOO------O-------O----------- X;,4,20,d6,1
-------------O------XOX---OXOO----XXOO------O-------O----------- X;,7,20,g4,1
--------------------XXX---OXOO----OOOO----O-O-------O----------- X;,9,20,g4,1
--------------------XXX---OXOO---OOOOO------O-------O----------- X;,14,20,g4,1
---------------O----XXO---OXOO----XXOO------O-------O----------- X;,14,20,f6,1
--------------O-----XOX---OXOO----XXOO------O-------O----------- X;,23,20,g4,1
-------------------OOO----XOOX----XXO------OOO-----O------------ X;,7,20,f5,1
-----------O-------OO-----XXXO----XOOO-----OOO------------------ X;,9,20,c6,1
------------O------OO------XXXO---XOOO----OOO------------------- X;,8,20,d7,1
-----------O-------OO-----XXX-O---XOOO-----OOO------------------ X;,11,20,c6,1
-----------O-------OO-----XXX-----XOOOO----OOO------------------ X;,9,20,c6,1
-------------------OOO----XOOX----XOX-----OOO------O------------ X;,9,20,c3,1
-------------------XX----OOXOO----OOOO------OO-------O---------- X;,13,20,b5,1
------------O------OO------XXO----XOOOO---OOO------------------- X;,13,20,d7,1
-------------------OOO----XOOX----OXX----O-OO------O------------ X;,14,20,c6,1
------------O------OO------XOX----XOOO----OOO-O----------------- X;,17,20,g5,1
------------------OXX-----OXXO----OXOO-----OOO------------------ X;,9,20,g4,1
-------------------OOO-----XXXO---XOXO----OOO------------------- X;,10,20,d7,1
------------------OXX-----OXXO----OXOO------OO------O----------- X;,11,20,g4,1
-------------------OOO-----XXO----XOXO----OOOO------------------ X;,12,20,d7,1
------------------OXX-----OXXO----OXOO------OO-----O------------ X;,14,20,b4,1
-------------------OOO----XOOX----OXX----OOOO------------------- X;,14,20,c3,1
-------------------XXO----OXXO----OOOO----OO------O------------- X;,15,20,e6,1
-----------------O-OOO----OXOX----XOX-----OOO------------------- X;,14,20,d7,1
-------------------OOO-----XXO----XOOOO---OOO------------------- X;,18,20,f6,1
-------------------OX-O----XXO----XOOO----OOO-O----------------- X;,12,20,f6,1
-------------O-----XO-----XXXO----OXOO-----OOO------------------ X;,10,20,e2,1
-------------------XO-----XXX-----OXOOO--O-OOO------------------ X;,10,20,b5,1
-------------------XO-----XXX-O---OXOO---O-OOO------------------ X;,11,20,f2,1
------------------OX------OOXO----OXOO-----OOO----O------------- X;,14,20,b4,1
----------------O--XXX---OXOO-----OOO-----OOO------------------- X;,0,20,f4,1
-----------------O-XXX---XOOO-----OOO-----OOO------------------- X;,3,20,b5,1
------------------OXXX---XOOO-----OOO-----OOO------------------- X;,3,20,b5,1
------------O------XOX---XXOO-----OOO-----OOO------------------- X;,2,20,f4,1
------------------XXX------OOOOO---OOO-----OOO------------------ X;,4,20,c5,1
----------O--------OXX---XXOO-----OOO-----OOO------------------- X;,4,20,c3,1
-----------O-------OXX---XXOO-----OOO-----OOO------------------- X;,7,20,c3,1
-------------O-----XOX---XXOO-----OOO-----OOO------------------- X;,7,20,f4,1
--------------O----XXO---XXOO-----OOO-----OOO------------------- X;,21,20,f4,1
-----O------O----OOOX----XOXXX----OOO--------------------------- X;,1,20,c6,1
-----O------OO----OOO----XXOXX----OOO--------------------------- X;,3,20,c2,1
-----O------O-----OOX----XXXOX----OOOO-------------------------- X;,3,20,c6,1
-----O------O-----OOX----XOXXX---OOOO--------------------------- X;,3,20,d2,1
--O--------O-------XOO-O--XXXXO----OOO-------------------------- X;,7,20,e2,1
-----O------O-----OOOO---XXXOX----OOO--------------------------- X;,6,20,c2,1
-----O------O-----OOX-O--XXXXO----OOO--------------------------- X;,9,20,d2,1
--O--------O-------XOO----XXXXO----OOO-O------------------------ X;,10,20,e2,1
-----------XX-----OXOO----OOOO----OOOO-------------------------- X;,2,20,b4,1
----------OXX-----OOOO----XOOO-----OOO-------------------------- X;,4,20,d6,1
--O--------OX-----OXOO----XOOO-----OOO-------------------------- X;,4,20,d1,1
-----------XX----OOXOO----OOOO-----OOO-------------------------- X;,5,20,b4,1
-----------XX-----OXOO---OOOOO-----OOO-------------------------- X;,7,20,b3,1
----O------OO-----OXOO----XOOO-----OOO-------------------------- X;,15,20,c2,1
------------------OX----OOOOO----OOOO-----OOO------------------- X;,18,20,d7,1
------------------O-X------OOOOO--XOOO-----OOO------------------ X;,1,20,e7,1
--------------------X-----OOOOOO--XOOO-----OOO------------------ X;,8,20,c3,1
-------------------OX------OOOOO--XOOO-----OOO------------------ X;,7,20,c3,1
--------------------X----O-XOOOO--OOOO-----OOO------------------ X;,8,20,e7,1
--------------------X----O-XOO----OOOO-----OOO-----O-------O---- X;,9,20,e7,1
--------------------X------XOO---OOOOO-----OOO-----O-------O---- X;,9,20,e7,1
--------------------X------XOOOO-OOOOO-----OOO------------------ X;,11,20,e7,1
----------O-X----XOOX-----OOOOO---OOO--------------------------- X;,5,20,b6,1
-----O------O----XXOX-----OOOOO---OOO--------------------------- X;,5,20,f6,1
------------XO---XXXO-----OOOOO---OOO--------------------------- X;,6,20,f3,1
-----------OX----XXOO-----OOOOO---OOO--------------------------- X;,10,20,f3,1
----O-------O----XXXO-----OOOOO---OOO--------------------------- X;,12,20,f3,1
--------O---X----OXXX-----OOOOO---OOO--------------------------- X;,20,20,f5,1
---------O--X----XOXX-----OOOOO---OOO--------------------------- X;,24,20,f5,1
--O-------OO-X-----OOO----XXOO-----OOO-------------------------- X;,4,20,d6,1
----------OOOX-----OOO----XXOO-----OOO-------------------------- X;,5,20,g4,1
----------OX-X----OOXO----XOOO-----OOO-------------------------- X;,8,20,e2,1
---O------OO-X-----OXO----XXOO-----OOO-------------------------- X;,9,20,c3,1
-----O----OX-O-----OXO----XXOO-----OOO-------------------------- X;,13,20,c3,1
----------OX-X-----OXO----OXOO---O-OOO-------------------------- X;,12,20,e6,1
----------OX-X---O-OXO----OXOO-----OOO-------------------------- X;,12,20,c3,1
----------X-XO----OXO-----OOOOO---OOO--------------------------- X;,12,20,d6,1
--O--------O-X---O-XOO----OXOO-----OOO-------------------------- X;,6,20,g4,1
-----------XOX---O-OOO----OXOO-----OOO-------------------------- X;,6,20,g4,1
----------X-X-----OOOOO---OOOO----OOO--------------------------- X;,5,20,g4,1
-----O-----X-O---O-XXO----OXOO-----OOO-------------------------- X;,11,20,e6,1
----O-----X-O-----OXO-O---OOOO----OOO--------------------------- X;,13,20,d6,1
-------------O----OOOO----XXXOX----XOOO------------------------- X;,3,20,f6,1
------------------OOOX-O--XXXXO----XOOO------------------------- X;,5,20,e6,1
------------------XOOO---XXXOX---OOOO-------O------------------- X;,6,20,d2,1
------------------OOOX----OXXXX--O-XOOO------------------------- X;,7,20,f6,1
------------------OX------OXX-----OXO-----OOO-----OOO----------- X;,11,20,b4,1
-----------XO-----XXO-----OXO-----OOO-----OOO------------------- X;,13,20,f1,1
-----------OX-----XOOO----XOOX----OOO-------O------------------- X;,7,20,g3,1
------------X-----XXOO----XXOO----OOOO------O------------------- X;,5,20,f2,1
------------X-----XXOO----XXOOO---OOO-------O------------------- X;,8,20,f2,1
------------X-----XXOO----XXOO----OOO-O-----O------------------- X;,9,20,f2,1
----O-------O-----XXOO----XXOX----OOO-------O------------------- X;,13,20,f5,1
-----------X------OOXX----XOOOO----OOO-----O-------------------- X;,12,20,c5,1
---O--------O-----XXOO----XXOX----OOO-------O------------------- X;,13,20,f5,1
------------X-----XXOOO---XXOO----OOO-------O------------------- X;,11,20,f2,1
-----------X------OOOOO---XOXO-----OOO-----O-------------------- X;,16,20,b4,1
-----------X-O----OOOO----XOXO-----OOO-----O-------------------- X;,15,20,b4,1
---------O--X-----OXOO----XOOX----OOO-------O------------------- X;,27,20,d2,1
-----------X------XXOO----XXXO----OOOOO------------------------- X;,7,20,d6,1
-----------X------XXOO----XXXO----OOO-O----O-------------------- X;,8,20,b6,1
------------X-----OOXX----OOOOO--O-XOO-------------------------- X;,9,20,c5,1
-----------X------XXOO----XXOO----OOO-O-----O------------------- X;,11,20,f5,1
-----O------O-----OOXX----OXXX---O-XOO-------------------------- X;,10,20,e6,1
----O-------O-----OOOX----OXOX---O-XOO-------------------------- X;,12,20,f2,1
------------XO----OOXO----OXXO---O-XOO-------------------------- X;,14,20,g3,1
------------X-----OOOOO---OXXO---O-XOO-------------------------- X;,18,20,f2,1
-----------X-O----OXOO----XXOO-----OOO----O--------------------- X;,5,20,e6,1
-----------O------OO-----XXOX-----OOO----OOOO------------------- X;,7,20,e2,1
--O--------O-O----OXOO----XXXO-----XOO-------------------------- X;,11,20,e2,1
-----------------OOX-----XOXX-----OOO----OOOO------------------- X;,8,20,b5,1
----O------O-O----OXOO----XXXO-----XOO-------------------------- X;,12,20,c2,1
----------O-X-----OOXO----OXOO----OOOO-------------------------- X;,16,20,d2,1
----------X-------XXOOO---XOXO----OOOO-------------------------- X;,8,20,d6,1
----------X-------XXOOO---XXOO-----OOO----O--------------------- X;,8,20,e6,1
----------O------XOX------OXX-----OXO-----OOO-----O------------- X;,13,20,b4,1
-----------O-----XXO------XOX-----OOO-----OOO-----O------------- X;,11,20,e3,1
--------O--------OXX------OXX-----OOO-----OOO-----O------------- X;,20,20,b5,1
---------OX-------OXOOO---XOXO-----XOO-------------------------- X;,25,20,g4,1
-----------X------XXOO---OOOOO----OOOO-------------------------- X;,11,20,b5,1
-----------X-----OOOOO----OXOO----OOOO-------------------------- X;,14,20,f2,1
----------OX------OOOO----OXOO----OOOO-------------------------- X;,13,20,f2,1
--O--------O------XXOO----XXOO----OOOO-------------------------- X;,12,20,d6,1
------------------XXO---OOOOO-----OOO-----OOO------------------- X;,14,20,d7,1
---------O-X------OXOO----XOOO----OOOO-------------------------- X;,33,20,c2,1
------------O----XOO------XOX----XOOO-----OO-------O------------ X;,4,20,e3,1
----------X-X-----OXOOO---OXXO---O-XO--------------------------- X;,5,20,b4,1
-----------X-X----OOXO----XXOO-----OOOO------------------------- X;,5,20,e2,1
----------X-X-----OXOO----OXXO---O-XOO-------------------------- X;,6,20,f2,1
--O-------O-X-----OXOO----OXXX---O-XO--------------------------- X;,7,20,d2,1
----O-----X-O-----OXOO----OXXX---O-XO--------------------------- X;,8,20,d2,1
---O------X-O-----OXOO----OXXX---O-XO--------------------------- X;,7,20,d2,1
-----O----X-O-----OOOO----OXXX---O-XO--------------------------- X;,7,20,d2,1
----------X-X-----OXOO----OXXO---O-XO-O------------------------- X;,7,20,b4,1
-----------X-X----OOXO----XXXO-----OO-O----O-------------------- X;,7,20,e2,1
-----------X-X----OOXO----XOXO-----OO-O------O------------------ X;,10,20,e2,1
------------X-----OOX-----OOOOO--OXOO------O-------------------- X;,3,20,f5,1
------------X-----OOX-----OXOX---OXOOO-----O-------------------- X;,6,20,d2,1
------------X-----OOOO----OXOX---OXOO------O-------------------- X;,7,20,b4,1
-----------X-------XOO----XXXO-----OOOO-----OO------------------ X;,10,20,e2,1
-----O------O-----OOX-----OXXX---OXOO------O-------------------- X;,7,20,c6,1
----O-------O-----OOO-----OXOX---OXOO------O-------------------- X;,9,20,a5,1
-----------X-------XOO----XXXOO----OOOO-----O------------------- X;,11,20,e2,1
------------X-----OOX-O---OXXO---OXOO------O-------------------- X;,11,20,d2,1
-----------XX-----OOOO----XOXO-----OO-O----O-------------------- X;,7,20,c2,1
-----------XX----O-XXO----OXXO-----OO-O----O-------------------- X;,8,20,b4,1
--O--------OX------XOO----XXXO-----OO-O----O-------------------- X;,9,20,f2,1
----O------XO------XOO----XXOO-----OO-O----O-------------------- X;,14,20,f1,1
-----------XX------XXO---OOOOO-----OO-O----O-------------------- X;,11,20,f5,1
---O-------OO------OXO----XOXO-----OO-O----O-------------------- X;,26,20,c3,1
--O--------OX------XOO----XXXO-----OOOO------------------------- X;,8,20,f2,1
-----------XX-----OOOO----XOXO-----OOOO------------------------- X;,8,20,b4,1
----O------XO------XOO----XXOO-----OOOO------------------------- X;,10,20,f1,1
-----------XX-----OXX-O---OXXO---OOOO--------------------------- X;,9,20,g4,1
-----------XX-----OXX-----OOOOO--OOOO--------------------------- X;,9,20,f5,1
----------OXX------OXO----XXOO-----OOOO------------------------- X;,15,20,c3,1
---O-------OO------OXO----XOXO-----OOOO------------------------- X;,21,20,g4,1
-----O-----XO-----OOX-O---OXXO---O-XO--------------------------- X;,8,20,e1,1
-----------XX-----OOOOO---OXXO---O-XO--------------------------- X;,8,20,f2,1
--O--------OX-----OXO-O---OXXO---O-XO--------------------------- X;,18,20,d1,1
------------O-----OO-----OXXX---OOOOO------O------O------------- X;,25,20,d7,1
-----------OX-----OOOX----OOXOO--O-XO--------------------------- X;,8,20,f5,1
-----O------O-----OOXX----OOXOO--O-XO--------------------------- X;,13,20,d2,1
------------X-----OOOOO---OOXOO--O-XO--------------------------- X;,15,20,d2,1
------------XO----OOOO----OOXOO--O-XO--------------------------- X;,15,20,d2,1
----O-------O-----OOOX----OOOOO--O-XO--------------------------- X;,14,20,f5,1
-----------X------XXOO---OOXOO-----OOOO------------------------- X;,17,20,c5,1
-----------X------XXOO---OOXOO-----OO-O----O-------------------- X;,19,20,c5,1
-----------X------XXOO---OOXOO-----OO-O-----O------------------- X;,20,20,c5,1
---O--------O-----OOXO----OOXOO--O-XO--------------------------- X;,19,20,d2,1
------------------XX----OOOXO-----OOOO----OO--------O----------- X;,16,20,f4,1
----O-------O-----OOOX----OXXO---O-XO-O------------------------- X;,15,20,d2,1
---O-------O------XOOO----XXXO-----OO-O----O-------------------- X;,17,20,e2,1
------------------XX----OOOXO-----OOO-----OOO-------O----------- X;,16,20,d7,1
----O-------O-----OOOOO---OXXO---O-XO--------------------------- X;,22,20,d2,1
-----------O--------OO-----XOO-----OOOOO----OO------O----------- X;,20,20,g4,1
-----O------O----XXXX-O---XXXO---O-XO--------------------------- X;,14,20,g5,1
-----O------O----XXXX-----XXXX---OOOO--------------------------- X;,13,20,c6,1
-----O---O--O----XOXX-----XOXX---O-XO--------------------------- X;,28,20,c5,1
-----------XO-----OOOXO--OOOOO-----XO--------------------------- X;,7,20,f2,1
------------X----OXXXO----OXOOO----OOO-------------------------- X;,10,20,b4,1
---O-------O------OOXXO--OOOXO-----XO--------------------------- X;,12,20,c5,1
--O--------O------OXOXO--OOOXO-----XO--------------------------- X;,15,20,g4,1
------------X----OXXXO----OXOOO----OO------O-------------------- X;,14,20,f5,1
------------X----OXXXO----OXOOO----OO-------O------------------- X;,14,20,c5,1
----O------O------OXXXO--OOOXO-----XO--------------------------- X;,15,20,c5,1
-----------X-O----OXOOO--OOOXO-----XO--------------------------- X;,16,20,e2,1
----O------OO-----OXOXO---XXOO-----XO--------------------------- X;,10,20,g4,1
----O------O-O----OXXOO---XXXO-----XO--------------------------- X;,13,20,d1,1
----O------O------OXXXO--OOOOO-----XO--------------------------- X;,12,20,c5,1
----O------O------OOXXO---XOXO-----OO------O-------------------- X;,19,20,e2,1
---O--------O----OXXXO----OXXO-----OOO-------------------------- X;,22,20,b4,1
--O--------OO-----OXOXO---XXOO-----XO--------------------------- X;,10,20,f2,1
--O--------O-O----OXXOO---XXXO-----XO--------------------------- X;,12,20,c2,1
--O--------O------OXXXO--OOOOO-----XO--------------------------- X;,13,20,c5,1
-----O------O----OXXXO----OXXO-----OOO-------------------------- X;,20,20,a3,1
--O--------O------OOXXO---XOXO-----OO------O-------------------- X;,20,20,e2,1
-----------OX----OXOOO----OOOO-----OOO-------------------------- X;,15,20,c5,1
----O-------O----OXXOO----OXOO-----OOO-------------------------- X;,16,20,c5,1
---O--------O----OXXXO----OXOO-----OOO-------------------------- X;,18,20,c5,1
-----O------O----OXOXO----OXOO-----OOO-------------------------- X;,20,20,b4,1
----------O-X----OOOXO----OXOO-----OOO-------------------------- X;,20,20,d2,1
-----------X--O---OXXOO---OOOO----OOO--------------------------- X;,34,20,f5,1
------------------O-OX-----OXXO---XXOO----OOO------------------- X;,7,20,c4,1
-------------------OOX-----OOXO---XOOO----OOO------------------- X;,11,20,d2,1
--------------------OX-----XXOO---XXOOO---OOO------------------- X;,10,20,d3,1
------------O-------OO-----XXXO---XXOO----OOO------------------- X;,11,20,g6,1
--------------------OX---O-XXXO---OXOO----OOO------------------- X;,12,20,d3,1
--------------------XO-----XXO----OXOO----OOO-----OO------------ X;,13,20,f6,1
------------------XO-----OXXX-----OOOOO----OOO------------------ X;,13,20,e3,1
------------O------OXX----OOXO----OXO-----OO------O------------- X;,13,20,e6,1
-----------O------XOO-----OOOO-----OOO-----OOO------------------ X;,15,20,f3,1
--------------------XO-----XXO----OXOO---OOOO------O------------ X;,18,20,f6,1
--------------O-----OO-----XOXO---XOOO----OOO------------------- X;,23,20,f6,1
-----------O-O-----XXO-----XXO-----XOO------OO------O----------- X;,8,20,g3,1
------------O-----XXX-----OXX-----OOOO----OO-------O------------ X;,10,20,b4,1
-----------O------OXXX-----OXO-----XOO------OO------O----------- X;,9,20,c4,1
-----------OO------XOX-----XOO-----XOO------OO------O----------- X;,11,20,f2,1
------------O-----XXX-----OOOO----OOO-----OO-------O------------ X;,13,20,b5,1
----------OO-------OXX-----XOO-----XOO------OO------O----------- X;,12,20,c3,1
------------O-----XXO-----OXO-----OOO-----OOO------O------------ X;,15,20,f4,1
------------X------OXO----OOXO---OXOO-O----O-------------------- X;,11,20,c3,1
---O--------O------OXO----OXXO---OXXX-O------------------------- X;,13,20,g4,1
-----O------O------OXO----OXXO---OXXX-O------------------------- X;,12,20,g4,1
------------O------OX----OOXX----XOXX-----OO--------O----------- X;,12,20,b6,1
------------X------OXO----OXXO---OXOX-O-----O------------------- X;,13,20,d6,1
-----------X------OXO-----OOXO---O-XOOO------O------------------ X;,14,20,e6,1
------------X------OXO----OXOO---OOOOOO------------------------- X;,17,20,e6,1
--------------------OX---OOOOO----OXOO-----OOO------------------ X;,11,20,g5,1
-------------------O-X---OOOOO----OXOO-----OOO------------------ X;,12,20,g5,1
-------------O-------O---OOOXO----OXOO-----OOO------------------ X;,21,20,e7,1
------------------OX------OXX-----OXX-----OOO-----O-OO---------- X;,11,20,b4,1
------------------OX------OXX-----OXX----OOOO-------OO---------- X;,11,20,b4,1
------------------OOOX----XXOO-----XOOO-----O-O----------------- X;,11,20,g4,1
----------OO-------OOX-----XOO-----XOO------OO------O----------- X;,12,20,c3,1
------------------OOOX----XOXO-----XOOO------OO----------------- X;,11,20,e6,1
------------------OOOX----XOXO-----OOOO----O--O----------------- X;,15,20,g4,1
------------------XOOO----OXXO---OOXX-O--O---------------------- X;,16,20,b4,1
------------------XOOO----OXOO---OOOOO---O---------------------- X;,21,20,b4,1
-------------------XO----OXXX-O---OXOO-----OOO------------------ X;,13,20,e7,1
-------------------XO----OXXX-----OXOOO----OOO------------------ X;,12,20,e7,1
-------------------OX-O----XXOO---XOOO----OOO------------------- X;,11,20,f6,1
------------------OX------OOXO----OXOO-----OOO------O----------- X;,13,20,b4,1
------------O------OO------XOXO---XOOO----OOO------------------- X;,15,20,g5,1
-----------O-------OO-----XOXO----OOOO-----OOO------------------ X;,15,20,c6,1
-----------O------OO-----XXOX-----OOO------OOO------O----------- X;,10,20,e2,1
----O------O------OXO-----XXXO-----XOOO------O------------------ X;,14,20,e6,1
--O--------O------OXO-----XXXO-----XOOO------O------------------ X;,15,20,e6,1
------------X------OXO----OXOO---OOOOO----O--------------------- X;,13,20,c3,1
-----------------OOX-----XOXX-----OOO------OOO------O----------- X;,16,20,b5,1
------------O------XXO-----XXOO----XOO-----OOO------------------ X;,5,20,g3,1
-----------O------OOOO---OXOXX----XXO--------O------------------ X;,9,20,e2,1
-----------O------OOOO---OXXOX----XXO-------O------------------- X;,9,20,f5,1
-----------O------OOOO---OOXXX---OXXX--------------------------- X;,9,20,b3,1
------------O-----OOOO----XXOXO----XXO--------O----------------- X;,9,20,d2,1
------------O------XXO-----XXOO----XXO------OO-----O------------ X;,13,20,g3,1
--------------------------XXX----OOOOOO---OOOO-----O------------ X;,11,20,a6,1
------------O-----OOOO----XXOXO----XOO------O------------------- X;,13,20,d2,1
------------------OX------OOX----OOXO-----OOOO-----O------------ X;,14,20,f5,1
---O-X------OO-----XXO-----XXO-----XOO-------O------------------ X;,7,20,e6,1
-----X------XO-----XXO-----XOO-----OOO----O--O------------------ X;,6,20,g3,1
-----X------XO-----XXO----OOOO-----XOO-------O------------------ X;,5,20,c5,1
-----X------XO----OOOO-----OXO-----XOO-------O------------------ X;,8,20,e6,1
-----X----O-XO-----OXO-----XOO-----XOO-------O------------------ X;,9,20,c3,1
----OX------OO-----XOO-----XOO-----XOO-------O------------------ X;,12,20,d1,1
--X-------OX------OOX-----OXO-----OOOO----O--------------------- X;,14,20,b3,1
-----X-----OOO-----XOO-----XXO-----XOO-------O------------------ X;,12,20,e1,1
-----------OO-----XOOX----OOOO-----XOO-------O------------------ X;,5,20,c5,1
-----------O------XXXX----OOOO----OOO-----OO-------------------- X;,7,20,f5,1
------------------XO------XOX----OXOO-----OOOO-----O------------ X;,8,20,e3,1
------------------XO------XOX----OOOO----OOOOO------------------ X;,9,20,a6,1
-----------O------XXXX----OOOO----OOO-----O--O------------------ X;,11,20,c1,1
-----------O------XXXX----OOOO----OOOO----O--------------------- X;,10,20,d6,1
-----------O------XXXX----OOOO----OOO-----O-O------------------- X;,10,20,e1,1
----------O-O-----OOXX----OOOO-----XOO-------O------------------ X;,13,20,d2,1
------------------XO------XOX----OXOO-----OOOO---O-------------- X;,25,20,e3,1
---------O--O-----OXXX----OOOO-----XOO-------O------------------ X;,29,20,c5,1
-----------OO-----OXOX----XXXO-----XOO-------O------------------ X;,7,20,f2,1
------------OO----OXXO----XXXO-----XOO-------O------------------ X;,8,20,e1,1
------------O-----OXXO----XXXOO----XOO-------O------------------ X;,7,20,e1,1
------------O-----OXXX---OOOOO-----XOO-------O------------------ X;,13,20,c5,1
----------O-O-----OOXX----XXOO-----XOO-------O------------------ X;,13,20,g4,1
-----------O------XXXO----OXXO----OOOO----O--------------------- X;,15,20,b4,1
------------O-----OOXX----OXXO---O-XOO-------O------------------ X;,15,20,g4,1
------------------OX------OXX----OOXO-----OOOO----O------------- X;,17,20,f5,1
------------------OOOX-----OOXO---XXOO-----OO------------------- X;,10,20,c4,1
--------------------O-----XXXX---OXXO-----OOOO-----O------------ X;,9,20,f5,1
------------------XOOO---OOXO----OXXXX------O------------------- X;,10,20,b3,1
------------------OOOX-----OOXO---XXXO-----O--O----------------- X;,10,20,e2,1
------------O------XXX-----XXO----OXOO-----O-O----O------------- X;,11,20,d7,1
------------O------XXX-----XXO----OXOO-----O-O------O----------- X;,11,20,e6,1
------------------OOOX-----OXXO---XXOX-----O-O------------------ X;,11,20,e6,1
--------------------O-----XOXX---OOXO----OOOOO------------------ X;,15,20,f5,1
----------OOOX-----OXX-----XOO-----XOO-------O------------------ X;,10,20,c3,1
----------XOO-----XXX-----OXX-----OOOO----O--------------------- X;,12,20,d1,1
-----------OOX----OXXX-----OXO-----XOO-------O------------------ X;,10,20,e1,1
-----------OOX-----XXO-----XXOO----XOO-------O------------------ X;,11,20,c1,1
-----------OOX-----OXX----OOOO-----XOO-------O------------------ X;,13,20,c3,1
-----O-----OOO-----XXO-----XXO-----XOO-------O------------------ X;,13,20,c1,1
----------XOO-----XXO-----OXO-----OOO-----O-O------------------- X;,27,20,f1,1
-----------OOOO----XXX-----XXO-----XOO-------O------------------ X;,32,20,g1,1
-----------------OX-------XXX----OXOO----OOOOO------------------ X;,9,20,a6,1
-----------------OX-------XXX----OXOO-----OOOO-----O------------ X;,9,20,f5,1
----------OOO-----XXOX-----XOO-----XOO-------O------------------ X;,10,20,f2,1
----------O-O-----XXXX-----XOO-----OOO----O--O------------------ X;,12,20,d1,1
----------O-O-----XXXX-----XOO----OOOO-------O------------------ X;,14,20,g4,1
-----------------OX-------XXX----OXOO-----OOOO---O-------------- X;,26,20,c7,1
---------OO-O-----OXXX-----OOO-----XOO-------O------------------ X;,30,20,e1,1
-------------------OOO----XXOX----XOXO-----OO-O----------------- X;,6,20,g5,1
------------------OOO-----XXXXO---XXOO-----OO------------------- X;,6,20,g6,1
-------------------OO-----XOOX----XXXO-----OOOO----------------- X;,9,20,f3,1
-------------------OOO----XXXO----XOXO-----OOO------------------ X;,10,20,d2,1
-------------------OOO----XXXXO---XOXO-----OO------------------- X;,9,20,c6,1
-------------------OO-----XXOX----XXXO----OOO-O----------------- X;,12,20,f3,1
------------------OOO-----XXOX----XXOO-----OO-O----------------- X;,14,20,f3,1
------------------OXX-----OXXO----OXOO-----OO-------O----------- X;,16,20,f6,1
-------------------OOO----XXXO----XOOOO----OO------------------- X;,16,20,f6,1
-------------------XX-----OXX-----OXXO----OOO------OO----------- X;,9,20,c7,1
--------------------O-----XXXO---OOOOOO----OOO------------------ X;,12,20,c6,1
-------------------OOO----XXOXO---XOXO----O-O------------------- X;,13,20,d6,1
-------------------OOO----XOXXO---XOXO-----OO------------------- X;,14,20,c3,1
------------------OOO----OXXOX----OXXO-----O--O----------------- X;,15,20,f6,1
-----------------O-OOO----OXXXO---XOXO------O------------------- X;,19,20,e2,1
------------------OOO----OXXXO----OOOOO----O-------------------- X;,24,20,e6,1
------------------OOOX-----OOOO---XXXO-----O--O----------------- X;,8,20,e2,1
------------------OOOX-----OXX----XXOO-----O-OO----------------- X;,14,20,c4,1
------------------OOOX-----OOX----XXOO-----OO-O----------------- X;,14,20,c4,1
------------------OOOX-----OXO----XXXOO----O--O----------------- X;,14,20,c4,1
------------------O-X-----OOXO----OXO-----OOO-----O--O---------- X;,16,20,f5,1
----------O--------OXX-----XXO----OXOO-----O-O----O------------- X;,20,20,d2,1
----------O--------OXX-----XXO----OXOO-----O-O------O----------- X;,18,20,d2,1
-----------------O--O-----OXXX----OXO-----OOOO----O------------- X;,18,20,f5,1
-------------O----XXO-----OXO-----OOOO----O-O-------O----------- X;,24,20,b4,1
-------------------OO-----XXOXO---XXOO----OOO------------------- X;,10,20,f3,1
-----------O-------XO------XXO----OXXO----OOOO------------------ X;,13,20,f3,1
-----------------O-O------OXXXO---XOXO----OOO------------------- X;,12,20,b4,1
--------------------O----OXXXO----OOOOO----OOO------------------ X;,12,20,c6,1
-------------------XXO----OXXO-----XOO-----OO-----OO------------ X;,14,20,f6,1
------------------OXX-----OOXO----OXO------OOO------O----------- X;,15,20,f5,1
------------------OOO-----OXXO---OOOOOO----O-------------------- X;,21,20,c6,1
------------------OXX-----OXXO----OXO-----OOOO------------------ X;,12,20,f5,1
-------------------OOO----XXXO----XOXO----O-OO------------------ X;,14,20,d6,1
-------------------OOO----XXOX----XOXO----O-O-O----------------- X;,11,20,d6,1
-------------------O-O----XXOX----XXXO----OOO-O----------------- X;,14,20,e3,1
-------------------OOO----XXXXO---XOXO----O-O------------------- X;,14,20,d6,1
------------------OOO-----XXOX----XXOO-----O-OO----------------- X;,14,20,f3,1
-------------------OOO----XXXO----XOOOO---O-O------------------- X;,17,20,d6,1
------------------OXX-----OXXO----OXO------OOO------O----------- X;,16,20,f5,1
-------------------XX------XXO----OXXO-----OOO----OO------------ X;,11,20,e7,1
-------------------OOO----XOXX----XOXO-----OO-O----------------- X;,12,20,c3,1
------------------OOO-----XXOX----OXXO---O-O--O----------------- X;,16,20,f6,1
-----------------O-OOO----OXXX----XOXO------O-O----------------- X;,21,20,b4,1
------------------OOO-----XXXO----OOOOO--O-O-------------------- X;,24,20,c6,1
--------------------O-----XOXO----OOOOO--O-OOO------------------ X;,13,20,c6,1
-----------------O-OOO----OXXO----XOXO------OO------------------ X;,13,20,c3,1
------------------OXX-----OXXO----OXO------OO-----O-O----------- X;,17,20,b4,1
-----------------O-OOO----OXOX----XOXO------O-O----------------- X;,19,20,b4,1
------------------OXX-----OXXO----OXO------OOO----O------------- X;,18,20,f5,1
-----------------O-OOO----OXXO----XOOOO-----O------------------- X;,20,20,b4,1
------------------OXX-----OXXO----OOO------OO-----O--O---------- X;,21,20,c6,1
----------------O-XXX----OXXOO----OOO-----OO-------------------- X;,7,20,f5,1
------------------XXX---OOOOOO----OOO-----OO-------------------- X;,8,20,f5,1
-----------X------XXOO----XXOO---OOOO------O-------------------- X;,9,20,a6,1
-----------X------XXOO----XOOO----OOO----O-O-------------------- X;,11,20,f5,1
-----------------OXXX----XOXOO----OOO-----OO-------------------- X;,10,20,b5,1
----------O-------OOX----XOXOO----OOO-----OO-------------------- X;,12,20,b3,1
-----------X------XXOO---OOOOO----OOO------O-------------------- X;,16,20,b5,1
---------O--------OXX----XXOOO----OOO-----OO-------------------- X;,27,20,b3,1
------------------XXX-----OXOO----OOOO----OOO------------------- X;,8,20,b4,1
------------------OOOX----XXOX-----OOO-----OO-O----------------- X;,10,20,f6,1
------------------XOOOO---XXXO----XOO------OO------------------- X;,10,20,d2,1
------------------XOOO---OXXXX----OOO------OO------------------- X;,11,20,c6,1
------------------XOOO----XXXO----XOO-O----OO------------------- X;,13,20,d2,1
-----------------OOOOO----OXXX----XOO------OO------------------- X;,15,20,c6,1
------------------OOOX----XXXO-----OOOO----OO------------------- X;,16,20,g4,1
---------O--------OOOO----XOXX----XOO------OO------------------- X;,29,20,c6,1
------------------OOOX----XXXO-----XOOO-----O-O----------------- X;,11,20,g4,1
------------------XOOO----XXOX----OOO----O-OO------------------- X;,10,20,e2,1
------------------OOOX----OXXX---O-XOO------O-O----------------- X;,14,20,e2,1
------------------OX------OXX-----OXOO----OOO-----O--O---------- X;,16,20,f6,1
-------------O----XXO-----OXOO----OOO-----OOO------------------- X;,17,20,b4,1
------------------OX------OXX-----OXOO---OOOO--------O---------- X;,17,20,f6,1
------------------XOOOO---XXXO----OOO----O-O-------------------- X;,20,20,d2,1
-----------------OOOOO----OXXX----XOOO-----O-------------------- X;,13,20,e6,1
------------------OOOX----XXOX----OOOO------O-O----------------- X;,10,20,f6,1
------------------XOOO---OXXXX----OOOO-----O-------------------- X;,13,20,d2,1
------------------XOOO----XXXO----XOOOO----O-------------------- X;,16,20,c6,1
------------------XOOOO---XXXO----XOOO-----O-------------------- X;,16,20,c6,1
------------------OOOX----XXXO----OOOOO-----O------------------- X;,16,20,g4,1
---------O--------OOOO----XOXX----XOOO-----O-------------------- X;,26,20,c6,1
-----------------OOOOO----OXOX----XOO------OO------------------- X;,12,20,b4,1
-------------------O------XOX-----OOOOO--OOOOO------------------ X;,11,20,c7,1
-----------------OOOOO----OOXX----XOO------O-O------------------ X;,12,20,b4,1
------------------OX------OXX-----OXOO----OOO-----O-O----------- X;,14,20,b4,1
------------------OX------OXX-----OXOO----OOO-----OO------------ X;,13,20,f6,1
------------------OX------OXX-----OXOO----OOOO----O------------- X;,10,20,d7,1
-----------------OOOOO----OXXO----XOX-O----O-------------------- X;,14,20,c6,1
------------------OX------OXX-----OOOO----OOO-----O--O---------- X;,16,20,f6,1
-----------------OOOOOO---OXXO----XOO------O-------------------- X;,19,20,e6,1
----------O-------OOX-----OXOO----OOO-----OOO------------------- X;,17,20,d2,1
-----------XO-----XXO-----OXOO----OOO-----OO-------------------- X;,14,20,f3,1
-----------OX------OOOO---OOXO-----XOO-------O------------------ X;,13,20,e6,1
-----O-----OO------OXX----OOXO-----XOO-------O------------------ X;,15,20,c3,1
------------------OOOX-----OOOOO---XOOO-----O------------------- X;,15,20,f6,1
-----------XO-----XXO-----OXOO----OOOO----O--------------------- X;,16,20,f3,1
-----------XO-----XXO-----OXOO----OOO-----O-O------------------- X;,18,20,f3,1
------------------OOOOO----OXOO----XOOO-----O------------------- X;,21,20,h4,1
----------X-O-----XXO-----XXOO-----OOO----O--O------------------ X;,11,20,f2,1
----------X-O-----XXO-----XOOO----OOOO-------O------------------ X;,9,20,d6,1
-----------O-----XXO------XOX----OOOO------OOO------------------ X;,12,20,e3,1
------------O----XXO------OXX----OOOO------OOO------------------ X;,14,20,b4,1
----------O------XOX------OXX----OOOO------OOO------------------ X;,14,20,b4,1
--------O--------OXX------OXX----OOOO------OOO------------------ X;,25,20,b4,1
---------O-------XOX------XOX----OOOO------OOO------------------ X;,28,20,c2,1
------------------O-XO-----OXO----XXOO----OOOO------------------ X;,9,20,d3,1
------------------OX------OXX-----OOOOO---OOOO------------------ X;,10,20,b4,1
------------------OOOO----XOXO-----OOO-----OOO------------------ X;,10,20,e7,1
------------------OX------OXX-O---OXXO----OOOO------------------ X;,11,20,g5,1
----------O-O-----OOOX----XXOO-----XOO-------O------------------ X;,11,20,d2,1
----------O-------OOXX----OXXO---O-XOO-------O------------------ X;,15,20,d2,1
----------O-------OOXX---OOOOO-----XOO-------O------------------ X;,13,20,d2,1
----------O--O----OOXO----XXXO-----XOO-------O------------------ X;,12,20,d2,1
----------OO------OOOX----XXXO-----XOO-------O------------------ X;,14,20,e2,1
----------O-------OOXX----XOXO-----OOO-----O-O------------------ X;,17,20,c5,1
-----------------OOX------OXX-----OXO-----OOOO----O------------- X;,17,20,f5,1
-------------O----XXOO----OXXO----OOOO----O--------------------- X;,19,20,e2,1
-------------------XXO----OXXO----OOOO----OOO------------------- X;,11,20,f6,1
------------------OOO-----XXXO-----OOOO----OOO------------------ X;,11,20,c6,1
-------------------XXO----OXXO----OXOO----OO--------O----------- X;,14,20,e6,1
-------------------XXO----OXXO----OXOO----OO------O------------- X;,15,20,e6,1
-------------------OOO---OXXXX----OXO-----OOO------------------- X;,14,20,f5,1
-------------------OOO----XOXX----OXO----OOOO------------------- X;,15,20,f5,1
--------------------XO----OOXO----OXOO----OOOO------------------ X;,14,20,g4,1
-----------------O-OOO----OXXX----XOO-----OOO------------------- X;,18,20,f5,1
------------------OX-----OXXX-O---OXXO-----OOO------------------ X;,12,20,g5,1
------------------OX-----OXXX-----OOOOO----OOO------------------ X;,12,20,b3,1
------------O-------OO-----XOXO---XXOO----OOO------------------- X;,11,20,f6,1
--------------------XOO----XXOO---XXOO----OOO------------------- X;,10,20,f6,1
-----------O------OOO-----XOXO-----OOO-----OOO------------------ X;,12,20,c2,1
-------------------OOO----OXOX---OXOO-----OOO------------------- X;,19,20,f5,1
------------------OXX----OOXOO----XOOO------OO------------------ X;,10,20,d6,1
------------------OXX----OOXOO----OOOO----O--O------------------ X;,15,20,b3,1
------------O------XOO-----XXO-----OOO----OOOO------------------ X;,15,20,f2,1
------------------OXX----OOXOO---OOOOO-------O------------------ X;,17,20,e6,1
-----------O------OOX----OXXX-----OOO------OOO------------------ X;,18,20,e2,1
-----------O-----OOOX-----OXX-----XOO------OOO------------------ X;,15,20,c6,1
-----------O------OOO-----XXXO----XOO------OOO------------------ X;,18,20,f5,1
------------O------XOO-----XXO-----OOOO---OOO------------------- X;,22,20,f2,1
------------------XOOO----XXOX----OOO----OO-O------------------- X;,12,20,e2,1
------------------OOOX----XXXO-----XOOO------OO----------------- X;,10,20,e6,1
------------------OOOX----OXXX---O-XOO-------OO----------------- X;,15,20,e6,1
------------------OX------OXX-----OXO----OOOOO-------O---------- X;,17,20,f5,1
-------------O----XXOO----OXO-----OOO-----OOO------------------- X;,18,20,b4,1
------------------OX------OXX-----OXO-----OOOO----O--O---------- X;,17,20,f5,1
------------------OOOOO---XOXX-----XOO-------OO----------------- X;,10,20,e6,1
-----------------OOOOO----XOXX----OXO----O---O------------------ X;,11,20,b5,1
------------------OOOOO---XXOX-----XOO------O-O----------------- X;,11,20,d6,1
----------O--O----OXO-----OXX-----OXX-----OO--------O----------- X;,17,20,b4,1
------------------OOOOO---XOXO-----OOO-----O--O----------------- X;,18,20,g4,1
----------O--O----OXO-----OXO-----OOO-----OOO------------------- X;,22,20,b4,1
------------XO----XXXO----OXO-----OOOO----O--------------------- X;,16,20,b4,1
------------XO----XXX-----OOOO----OOOO----O--------------------- X;,14,20,d6,1
-----O------OO----XOX-----OXX-----OOOO----O--------------------- X;,16,20,d2,1
----------O-XO----OOX-----OXO-----OOOO----O--------------------- X;,18,20,f4,1
----O-------OO----XXO-----OXO-----OOOO----O--------------------- X;,20,20,d6,1
----------OOO------XOX-----XOO----OOOO-------O------------------ X;,21,20,f2,1
----------OX--O----XXO-----XOO----OOOO-------O------------------ X;,34,20,g4,1
----------O--------OOOOO---XXXO----XOO-------O------------------ X;,15,20,e2,1
----------O--------OOOO----XXXO----XOO-O-----O------------------ X;,16,20,e2,1
-------------O---OOOO----XXOX-----OOO-----O--O------------------ X;,15,20,e2,1
----------O--------OOOO----XXOO----XOOO------O------------------ X;,17,20,e6,1
------------XO----OOXO-----OXO-----XOO-------OO----------------- X;,15,20,e6,1
----------OX------OXOO----OXO-----OOO----O--O------------------- X;,19,20,b5,1
----------OX------OXOO----OXO-----OOOO---O---------------------- X;,19,20,b5,1
------------------OOOX----XXXO----OOOOO-------O----------------- X;,16,20,g4,1
------------------XOOO----XXXO----OOOOO--O---------------------- X;,19,20,d2,1
------------------XOOOO---XXXO----OOOO---O---------------------- X;,20,20,d6,1
------------------OOOOO---XXXO----OOOO--------O----------------- X;,19,20,d2,1
-------------O----OOOO----XXXO----OOOO--------O----------------- X;,20,20,f6,1
--------------O---OOOO----XXOX----OOOO--------O----------------- X;,32,20,f2,1
----O-------OO-----XOX----OOOO-----XOO-------O------------------ X;,5,20,f1,1
----------OX------XXX-----OXOO----OOO-----OO-------------------- X;,9,20,b4,1
----------OX------XXX-----OXOO----OOOO----O--------------------- X;,12,20,d6,1
----------O-XO-----OXX----OOOO-----XOO-------O------------------ X;,9,20,e6,1
----------OX------XXX-----OXOO----OOO-----O-O------------------- X;,14,20,c1,1
-----O------OO-----OXX----OOXO-----XOO-------O------------------ X;,15,20,c2,1
------------------OOOXO----OXOO----XOOO-----O------------------- X;,23,20,f6,1
------------XO----OOOO----XXXO-----XOO-------O------------------ X;,6,20,d2,1
------------------OX------XXX---OOOOO----O-OOO------------------ X;,9,20,f7,1
-----------O------OO------XOX----XXOO----O-OOO------------------ X;,11,20,e3,1
-----------------OOX------OXX----XXOO----O-OOO------------------ X;,11,20,c6,1
----------OX-------OXO----OXOO----OOOO----O--------------------- X;,14,20,e6,1
-----------OOO----OXO-----XXXO-----XOO-------O------------------ X;,14,20,c2,1
--------------------------XXX---OXOOO---OO-OOO--O--------------- X;,6,20,c6,1
----OX------XO-----XO------XOO-----OOO----O--O------------------ X;,12,20,d1,1
----OX------XO-----XO-----OOOO-----XOO-------O------------------ X;,10,20,d1,1
----OX----O-XO-----OO------XOO-----XOO-------O------------------ X;,13,20,d1,1
----OX-----OOO-----XO------XOO-----XOO-------O------------------ X;,14,20,d1,1
----OX------XO----OOO------OOO-----XOO-------O------------------ X;,32,20,d1,1
----OX------XO-----XO------OOO----OOOO-------O------------------ X;,63,20,d1,1
----------O-XO----XXX------XOO-----OOO----O--O------------------ X;,11,20,d6,1
-----------------OOO------XOX----XXOO----O-OOO------------------ X;,13,20,e3,1
-----------------OX-------XXX---OOOOO----O-OOO------------------ X;,13,20,a3,1
----------O-XO----XXO------OOO----OOOO-------O------------------ X;,15,20,f3,1
-----------------OX------OXXX----OOOO----O-OOO------------------ X;,21,20,c6,1
---------O-------OO-------XOX----XXOO----O-OOO------------------ X;,34,20,c6,1
---O------OO------XOX-----OOO-----OOOO----O--------------------- X;,14,20,c1,1
----------OX-O----XXO-----OOO-----OOOO----O--------------------- X;,16,20,b5,1
----------OOO-----XOO-----OXO-----OOOO----O--------------------- X;,35,20,c1,1
---------OOX------OXX-----OOO-----OOOO----O--------------------- X;,41,20,b3,1
-----------OOO----OXXX-----OXO-----XOO-------O------------------ X;,16,20,e1,1
-----------OOO-----XXO-----XXOO----XOO-------O------------------ X;,15,20,e6,1
----------OOOO-----OXX-----XOO-----XOO-------O------------------ X;,15,20,c3,1
-----------OOO-----OXX----OOOO-----XOO-------O------------------ X;,20,20,c3,1
----------OOO-----XOX-----OXO-----OOOO----O--------------------- X;,32,20,d1,1
----------OOO-----XXO-----OXO-----OOO-----O-O------------------- X;,41,20,c1,1
----X------OXO----OXX------OXO-----XOO-------O------------------ X;,8,20,d1,1
-----------------O-------OOXX---XXXOO----O-OOO------------------ X;,9,20,d3,1
---X------OXO------XO-----OXO-----OOO-----O-O------------------- X;,12,20,f1,1
-------------------O-----OXOX---XXXOO----O-OOO------------------ X;,12,20,c6,1
---X------OXO------OX-----OXO-----OOOO----O--------------------- X;,32,20,c3,1
---X------OXO-----OX------OXO-----OOO-----O-O------------------- X;,10,20,b4,1
----------O------OXOX---XXXXO----O-OOO-------------------------- X;,16,20,e2,1
-----------O-----OXOX---XXXOO----O-OOO-------------------------- X;,19,20,c1,1
---------O-------OOXX---XXXOO----O-OOO-------------------------- X;,37,20,c2,1
---X------OXO-----XO------OXO----OOOO-------O------------------- X;,38,20,e3,1
-----------OO----OXOO----XXXOX-----OOO-------------------------- X;,12,20,f3,1
----------OX------XX-----OOXO-----OOO-----OOO------------------- X;,12,20,f4,1
-----------O-----OXOX-O--XXXXO-----OOO-------------------------- X;,16,20,c2,1
-----------O-----OXOO----XXXXO-----OOOO------------------------- X;,14,20,f3,1
------------O------XOOO---XXXXO---OOO--O------------------------ X;,17,20,f2,1
------------O------XOXO---XXXOO---OOO-O------------------------- X;,17,20,f2,1
---------O-O-----OOOX----XXOXX-----OOO-------------------------- X;,34,20,c5,1
----------OOX----OXOX----XXOO------OOO-------------------------- X;,12,20,c5,1
----------O-X----OOOOO---XXXO------OOO-------------------------- X;,15,20,d2,1
----------O-X----OOXX----XOXO-----OOOO-------------------------- X;,15,20,d2,1
----------O-X----OXXX----OXXO----O-OOO-------------------------- X;,16,20,a4,1
----------O-X----OXXX---OOOOO------OOO-------------------------- X;,17,20,c5,1
----------OX-----OXX------XXO---OOOOO-------O------------------- X;,18,20,a6,1
---------OO-X----OOXX----XXOO------OOO-------------------------- X;,32,20,c5,1
----------OX-----XXXO-----OOO-----OOO-----O-O------------------- X;,13,20,d6,1
----------X------OXOOO--OOOOO------OOO-------------------------- X;,15,20,a3,1
----------OX-----OXX----O-OXO-----OOO-----O-O------------------- X;,21,20,a3,1
--------O-OX-----OXX------OXO-----OOO-----O-O------------------- X;,24,20,b4,1
----------X------OXOOO---OOXO----O-OOO-------------------------- X;,24,20,c5,1
---------OOX-----XOX------OOO-----OOO-----O-O------------------- X;,42,20,b4,1
-----------OO----OXOXX---XXOO------OOO-------------------------- X;,16,20,f4,1
----------O-O----OXOXX---XXXO------OOO-------------------------- X;,20,20,d2,1
------------O----OXXXO---XXXO-O----OOO-------------------------- X;,19,20,f4,1
-----------O------XXXXO----OOOOO--OOO--------------------------- X;,22,20,f5,1
----------OX------OX------OXO----OOOO-----O-O-----O------------- X;,24,20,b6,1
------------O----OXOXX---OOXO----O-OOO-------------------------- X;,30,20,c5,1
------------O-O--OXXXO---XXXO------OOO-------------------------- X;,35,20,f4,1
---------O--O----OOXXX---XXOO------OOO-------------------------- X;,36,20,c5,1
---O------OO------OXX----OOOO-----XOO-------O------------------- X;,19,20,d6,1
-----------------OXXX---OOXXO----OOOOO-------------------------- X;,19,20,f4,1
-----------------OXXX---OOXXO-----OOOO-----O-------------------- X;,20,20,f4,1
---O------OO-----OXXX-----OXO-----XOO-------O------------------- X;,20,20,b4,1
---O------OO------OXX-----OXO-----OOO-----O-O------------------- X;,21,20,b4,1
---O------OO------XXX-----XXO----OOOO-------O------------------- X;,22,20,c6,1
---------O-------OOXX---OOXOO-----XOOO-------------------------- X;,37,20,c2,1
--X-------XOO-----XO------OXO----OOOO-------O------------------- X;,16,20,e3,1
----------O-----XXXOX----OXXO----O-OOO-------------------------- X;,21,20,c5,1
-----------O----XXOOX----OXOO----O-OOO-------------------------- X;,29,20,c2,1
---------O------XOOXX----OXOO----O-OOO-------------------------- X;,39,20,c2,1
--------O-------XOXXX----OOXO----O-OOO-------------------------- X;,43,20,a1,1
---------OX------OXXX----OXOO----O-OOO-------------------------- X;,38,20,c5,1
---------OX------OXXX---OOOOO------OOO-------------------------- X;,39,20,c5,1
---O-----OO------OXXX----XXOO------OOO-------------------------- X;,38,20,c5,1
---------OOX-----XXX------XOO-----OOO----O--O------------------- X;,49,20,d1,1
---------OOO-----OXOX----XXOO------OOO-------------------------- X;,38,20,c5,1
-O-------OO------OXOX----XXOO------OOO-------------------------- X;,52,20,c5,1
---------OOX-----XXX------XOO----OOOO-------O------------------- X;,57,20,d1,1
------------O-----OOOX---XXXOX----OOOO-------------------------- X;,6,20,c2,1
------------O-----OOOX---XOXXX---OOOO--------------------------- X;,8,20,f6,1
------------O-----OOOO---XXXXXO---OOO--------------------------- X;,5,20,d2,1
-----------O------XOOO-O--XXXXO----OOO-------------------------- X;,10,20,e2,1
------------O----OOOOX---XOXXX----OOO--------------------------- X;,9,20,f6,1
-----------O------XOOO----XXXXO----OOO-O------------------------ X;,12,20,e2,1
------------O-----OOOX---XXXXO----OOO-O------------------------- X;,10,20,f5,1
------------O-----OOOOO--XXXXO----OOO--------------------------- X;,11,20,b6,1
------------O-O---OOOO---XXXOX----OOO--------------------------- X;,26,20,f2,1
----------OOO-----XOXX----XXOX-----OOO-------------------------- X;,10,20,f1,1
-----------OO-----XXOX----XXOO-----OOOO------------------------- X;,12,20,f2,1
-----------OO-----XXXXO---XXOO-----OOO-------------------------- X;,12,20,c1,1
-----------OO-----XXOX----XOXO----OOO-O------------------------- X;,14,20,g4,1
-----------OOO----XXXO----XXOO-----OOO-------------------------- X;,15,20,c1,1
-----------OO-----XXXO----XXOOO----OOO-------------------------- X;,17,20,c1,1
-----------OO-----XXXXO---XOXO----OOO--------------------------- X;,19,20,f1,1
-----------OO-----XXXO----XOOOO---OOO--------------------------- X;,20,20,f5,1
-----------OO-O---XXXO----XXOX-----OOO-------------------------- X;,26,20,d1,1
-----------OO-O---XXXO----XOOX----OOO--------------------------- X;,31,20,f2,1
-----------OX-----XXXOO---XXOO-----OOO-------------------------- X;,7,20,d1,1
----------OOX-----XOX-O---XXOO-----OOO-------------------------- X;,12,20,d1,1
-----------OOO----XXX-O---XXXO-----OOO-------------------------- X;,15,20,c6,1
----O------OO-----XXO-O---XXOO-----OOO-------------------------- X;,15,20,f3,1
-----------XO----O-XXO----OOOOO---OOO--------------------------- X;,18,20,f5,1
-----------OX----OXXX-O---OXXO-----OOO-------------------------- X;,18,20,c1,1
---------O-OX-----OXX-O---XOXO-----OOO-------------------------- X;,31,20,c5,1
-----------O------OOX----OXXXX---OXOOO-------------------------- X;,10,20,c6,1
-----------O------XOX-O---XXXO---OXOOO-------------------------- X;,10,20,a6,1
-----------OO-----XOO-----XXOX---OXOOO-------------------------- X;,12,20,f3,1
------------O-----XXX----OOXO-----OOO-----OOO------------------- X;,12,20,b5,1
-----------O-----OOOX-----OXXX---OXOOO-------------------------- X;,14,20,c6,1
-----------O------XOO-----XXXO---OXOOOO------------------------- X;,15,20,d6,1
---------O-O------OOX-----XOXX---OXOOO-------------------------- X;,25,20,b3,1
----------XO------XXX-O--OXXXO-----OOO-------------------------- X;,9,20,e6,1
----------XO------XXO----OXXXO-----OOOO------------------------- X;,10,20,f3,1
----------XOO-----XXO----OXXOX-----OOO-------------------------- X;,10,20,f3,1
----------XO------XXXO---OXXOO-----OOO-------------------------- X;,15,20,e2,1
------------OX-----XXXO---XXXOO---OOO--------------------------- X;,14,20,f1,1
----------XO------XXX----OOOOOO----OOO-------------------------- X;,18,20,a5,1
-O--------OO------XOX----OXXOX-----OOO-------------------------- X;,21,20,e2,1
------------OOO----XXO----XXOXO---OOO--------------------------- X;,35,20,f5,1
-----------O-O----XXXO----XXXO-----OOOO------------------------- X;,11,20,c1,1
------------O-----XXXXO---OXXO---OOOO--------------------------- X;,15,20,f1,1
----------OO------XOXX----XXOO-----OOOO------------------------- X;,19,20,e2,1
------------O-----XXXO----OOOOO--OOOO--------------------------- X;,20,20,f5,1
-----------O--O---XXXO----XXOO-----OOOO------------------------- X;,29,20,e1,1
---------O-O------OXXX----XOXO-----OOOO------------------------- X;,31,20,c5,1
------------O------OO-----XXOX-----OOOO-----OO-------O---------- X;,12,20,f2,1
------------O------OO-----OXXX---OOXO-----OO------O------------- X;,15,20,e6,1
-------------------XOO----XXOX---OOOO-----OO------O------------- X;,17,20,f5,1
--------------------X------OXO----OXOO---OOOOO-----O------------ X;,18,20,e7,1
-------------------XO-----XXXO---OOXO-O---OO------O------------- X;,19,20,f5,1
------------O------XOOO---XXXO----OXO------O------O------------- X;,20,20,c6,1
---------O-OO-----OOO-----XXOX----XOOO-------------------------- X;,26,20,a1,1
---------O-O------OOX-O---XXXO----XOOO-------------------------- X;,31,20,e2,1
---------O--------OXX----OOXO-----OOO-----OOO------------------- X;,33,20,f4,1
---------O-O------OOO-----XXXO----XOOOO------------------------- X;,36,20,d6,1
---------O-O-----OOOX-----OXXX----XOOO-------------------------- X;,34,20,b4,1
------------O-O----XOO----XXXO----OOOOO------------------------- X;,39,20,f2,1
------------O-O----XOO----XXXO----OOOO-------O------------------ X;,37,20,f2,1
-------------------XXXO---XXXOO---OOOOO------------------------- X;,9,20,d6,1
----------O--------OXX----XXOXO---OOOOO------------------------- X;,11,20,c3,1
------------O------XOO----XXOXO---OOOOO------------------------- X;,12,20,d2,1
------------------XXXO---OXXOO---OOOOO-------------------------- X;,16,20,c6,1
------------------XXX----OOOOOO--OOOOO-------------------------- X;,15,20,c6,1
-------------O-----XOO----XOXOO---OOOOO------------------------- X;,18,20,e2,1
-----------O-------OOX----XOXOO---OOOOO------------------------- X;,19,20,c3,1
------------------XXX-O--OXXXO---OOOOO-------------------------- X;,20,20,d6,1
--------------O----XXO----XXOXO---OOOOO------------------------- X;,31,20,g3,1
------------------XXX-O--OXXXO----OOOO-----O-------------------- X;,11,20,c6,1
------------------XXXO---OXXOO----OOOO-----O-------------------- X;,10,20,g3,1
-------------------XXXO---XXXOO---OOOO------O------------------- X;,14,20,g5,1
----------O--------OXX----XXOXO---OOOO------O------------------- X;,14,20,c3,1
------------O------XOO----XXOXO---OOOO------O------------------- X;,14,20,d2,1
------------------XXX----OOOOOO---OOOO-----O-------------------- X;,15,20,c6,1
------------O-----XXO----OXXOX----OOOO-----O-------------------- X;,18,20,f3,1
-------------O-----XOO----XOXOO---OOOO------O------------------- X;,19,20,e2,1
--------------O----XXO----XXOXO---OOOO------O------------------- X;,29,20,g3,1
-----------OO-----OOO----OXXOX----XOOO-------------------------- X;,15,20,e6,1
-----------O------OOX----OOOOOO---XOOO-------------------------- X;,12,20,e6,1
------------O------XOO----XXXXO---OOOO------O------------------- X;,14,20,d2,1
-----------O-----OOOX----OOXXX----XOOO-------------------------- X;,14,20,c2,1
-----------O------OOX-O--OXXXO----XOOO-------------------------- X;,17,20,e2,1
-----------O------OXX----OOXO-----OOO-----OOO------------------- X;,20,20,f4,1
------------O------XOO----XXXOO---OOOO-------O------------------ X;,18,20,f2,1
-----------O------OOO----OXXXO----XOOOO------------------------- X;,21,20,d6,1
------------O------XOO----XXXOO---OOOOO------------------------- X;,19,20,f2,1
----------OOX-----OXX----OOOO-----XOO-------O------------------- X;,13,20,d6,1
-----------------OXXX----OXXO----XOOOO-----O-------------------- X;,13,20,a3,1
----------OOX-----XXX-----XXO----OOOO-------O------------------- X;,17,20,c6,1
----------OOX-----OXX-----OXO-----OOO-----O-O------------------- X;,20,20,d1,1
-----------------OXXX----OXXO---OOOOOO-------------------------- X;,20,20,f4,1
----------OOX----OXXX-----OXO-----XOO-------O------------------- X;,19,20,d1,1
-----------------OXXX----OXXO----OXOOO---O---------------------- X;,18,20,a4,1
---------OOOX-----OXX-----XOO-----XOO-------O------------------- X;,32,20,b3,1
----------OX------XXX----OXXO----OOOOO-------------------------- X;,14,20,a4,1
-----------O-----OXXX---OOOOO-----XOO-------O------------------- X;,15,20,b5,1
----------OX-----OXXX----OOXO-----XOOO-------------------------- X;,14,20,b5,1
----------OX------XXX----OXXO-----OOOO-----O-------------------- X;,15,20,f4,1
----------OX------OXX----OOXO-----OOOO----O--------------------- X;,15,20,d6,1
----O-----OO------OXX----OXXO-----XOOO-------------------------- X;,20,20,b3,1
-----------O-----OXXX----OXXO----OOOO-------O------------------- X;,18,20,c1,1
---------OOX------OXX----OXOO-----XOOO-------------------------- X;,33,20,b3,1
----------O-O-----XOXX---OXXO-----XOOO-------------------------- X;,14,20,d2,1
------------O----OXXXX---OOXO-----XOOO-------------------------- X;,17,20,b5,1
-----------OO-----OOXX---OXOO-----XOOO-------------------------- X;,16,20,f4,1
------------O-----XXXX---OXXO-----OOOO-----O-------------------- X;,17,20,f4,1
------------O-----XXXO---OXXO-O---XOOO-------------------------- X;,18,20,e1,1
------------O-----XOXX---OOXO----OOOOO-------------------------- X;,19,20,f4,1
---------O--O-----OXXX---OXOO-----XOOO-------------------------- X;,29,20,d6,1
------------O-O---XXXO---OXXO-----XOOO-------------------------- X;,30,20,f1,1
---------O-------XXXX----OXOO-----OOOO---O---------------------- X;,30,20,a4,1
---------O-------XXXX----OXOO-----OOOO-----O-------------------- X;,29,20,f4,1
---------OXO------OXX----OOOO-----XOO-------O------------------- X;,32,20,d6,1
---------OXO------XXX-----XOO----OOOO-------O------------------- X;,32,20,d1,1
---------O-------XXXX----OXOO----OOOOO-------------------------- X;,31,20,f4,1
---------OXO------XXX-----XOO-----OOO----O--O------------------- X;,35,20,d1,1
---------OXO-----OXXX-----OOO-----XOO-------O------------------- X;,32,20,d1,1
--------OO-------OXXX----OOOO-----XOOO-------------------------- X;,46,20,b5,1
----O-------OO-----XOO----XXOO----OOOO-------------------------- X;,10,20,g4,1
----------OX------OXX-----OOOOO---OOOO-------------------------- X;,10,20,b4,1
----------OX------OXX-O---OXXO----OOOO-------------------------- X;,14,20,d6,1
---O--------OO-----XXO----XXXO----OOOO-------------------------- X;,15,20,g4,1
----------O-XO-----OXO----XXOO----OOOO-------------------------- X;,16,20,c3,1
-----------OOO-----OOO----XOXO----OOOO-------------------------- X;,23,20,e1,1
--X-------XX-----OOOOO----OXO------OOO-------------------------- X;,14,20,b4,1
--X-------XXO----OXOO-----OXO------OOO-------------------------- X;,20,20,f3,1
--XO------OO-----OXOX-----OOO------OOO-------------------------- X;,26,20,e1,1
--X------OXX-----OOXX-----OOO------OOO-------------------------- X;,33,20,b4,1
-OX-------OX-----OXOX-----OXO------OOO-------------------------- X;,55,20,a1,1
---O------OO------OOX----OOOO-----XOOO-------------------------- X;,16,20,b3,1
-----------------OXXX---OOOXO-----OOO------OO------------------- X;,16,20,b5,1
-----------------OXXX---OOOXO----OOOO-------O------------------- X;,20,20,a3,1
-----------------OXXX---OOOXO-----OOO-----O-O------------------- X;,17,20,d6,1
---O------OO------XOX-----OXO----OOOOO-------------------------- X;,19,20,f4,1
---O------OO------OOX-----OXO-----OOOO----O--------------------- X;,18,20,b4,1
---O------OO-----OOOX-----OXO-----XOOO-------------------------- X;,18,20,b4,1
---------O-------OOXX---OOOOO-----XOO-------O------------------- X;,35,20,c2,1
----------OOO-----XXOX----XXOO-----OOO-------------------------- X;,14,20,f2,1
----------OOO-----XOXX----OXO----O-OOO-------------------------- X;,26,20,f4,1
-----------OOO----XXXO-----OOOO---OOO--------------------------- X;,24,20,f5,1
----------OOO-----OXXX----OXO-----OOOO-------------------------- X;,26,20,f4,1
----------OOO----OXXXX----OXO------OOO-------------------------- X;,26,20,f4,1
----------OOO-----XXXO----XXO-O----OOO-------------------------- X;,26,20,d1,1
---------OOOO-----OXXX----XOO------OOO-------------------------- X;,40,20,f4,1
----------OOO-O---XXXO----XXO------OOO-------------------------- X;,42,20,d1,1
---O-----OOO-----XXOX-----XOO------OOO-------------------------- X;,36,20,c5,1
---------OOX-----XOXX-----OOO-----OOOO-------------------------- X;,35,20,b4,1
---------OOX-----OXXX---O-XOO------OOO-------------------------- X;,36,20,c5,1
---------OOX-O---XXXO-----XOO------OOO-------------------------- X;,36,20,c1,1
---------OOX-----OXXX----OOOO------OOO-------------------------- X;,45,20,c5,1
---------OX------OXX-----OXOO----OOOO-------O------------------- X;,40,20,a5,1
--------OOOX-----OXXX-----OOO------OOO-------------------------- X;,47,20,b1,1
-----------OO-----XXOO----XXXXO---OOO--------------------------- X;,13,20,f1,1
-----------OO-----XOOX----XXXO-----OOOO------------------------- X;,15,20,f2,1
-----------OO-----XOXO----XXXXO----OOO-------------------------- X;,16,20,c1,1
-----------OO-----XXOX----XXXO----OOO-O------------------------- X;,17,20,f2,1
-----------OOO----XOXO----XXXO-----OOO-------------------------- X;,17,20,c6,1
-----------OO-----XOOOO---XXXO-----OOO-------------------------- X;,21,20,f2,1
-----------OO-----XXOOO---XXXO----OOO--------------------------- X;,19,20,f2,1
-----------OO-O---XOXO----XXOX-----OOO-------------------------- X;,30,20,g3,1
-----------OO-O---XXOO----XXOX----OOO--------------------------- X;,34,20,f5,1
---O------OOO-----XOXX----XOO------OOO-------------------------- X;,17,20,f4,1
----------OXO-----XXXX---OOOO------OOO-------------------------- X;,17,20,d1,1
----------OXO-----OXXX----OXO-----OOOO-------------------------- X;,21,20,f4,1
----------OXO-----XOXX----OXO----O-OOO-------------------------- X;,20,20,e1,1
----------OXO-----XXXO----XXO-O----OOO-------------------------- X;,20,20,f1,1
----------OXO----OXXXX----OXO------OOO-------------------------- X;,28,20,e1,1
----------OXO-O---XXXO----XXO------OOO-------------------------- X;,34,20,f4,1
---------OOXO-----OXXX----XOO------OOO-------------------------- X;,33,20,f4,1
------------O-----XXXOO---XXXOO----OOO-------------------------- X;,15,20,g5,1
-----------OO-----OXOX---OXXOX----OOO--------------------------- X;,19,20,f5,1
------------O-----XXXO---OOOOOO----OOO-------------------------- X;,18,20,c5,1
----------O-O-----XOXO----XXOXO----OOO-------------------------- X;,19,20,d2,1
-----------O------OXOX---OXXXO----OOO-O------------------------- X;,26,20,e2,1
-----------O------OOOOO--OXXXO----OOO--------------------------- X;,28,20,d1,1
-----------O--O---OXXO---OXXOX----OOO--------------------------- X;,36,20,g3,1
-----------OO-----XXOXO---XXOO----OOO--------------------------- X;,19,20,f2,1
------------OO---OXXXO----OXXO-----OOO-------------------------- X;,19,20,c5,1
------------O----OXXXO----OOOOO----OOO-------------------------- X;,18,20,c5,1
-----------O-O----XXOOO---XOXO----OOO--------------------------- X;,21,20,e2,1
---------O-O------OXXXO---XOXO----OOO--------------------------- X;,33,20,b3,1
-----------O--O---XXXOO---XXOO----OOO--------------------------- X;,35,20,f5,1
-----------O-----OOOOOO---OXXO----OOO--------------------------- X;,39,20,d1,1
------------O-----XOXO----OOOOO--O-OOO-------------------------- X;,16,20,e6,1
------------OO----XOXO----OXXO---O-OOO-------------------------- X;,19,20,g4,1
-----------O------XXOOO---XXXO----OOO-O------------------------- X;,19,20,e2,1
------------O-----XOOOO---OXXO---O-OOO-------------------------- X;,24,20,b4,1
-----------O-O----XXOO----XXXO----OOO-O------------------------- X;,24,20,e2,1
-----------O--O---XXOO----XXOO----OOO-O------------------------- X;,34,20,c6,1
---------O-O------OXOX----XOXO----OOO-O------------------------- X;,38,20,d1,1
-----------O--O---XXXO----XXXO----OOOO-------------------------- X;,31,20,g3,1
-----------O--O---XXXOO---XXXO----OOO--------------------------- X;,33,20,g4,1
-----------O--O---OXXO---OXXXX----OOO--------------------------- X;,32,20,g3,1
---------O--O-O---OXXO----XXOX-----OOO-------------------------- X;,39,20,f2,1
---------OO-O-----OOXX----XXOX-----OOO-------------------------- X;,36,20,d2,1
---------O--OO----OXXO----XXXO-----OOO-------------------------- X;,35,20,b3,1
---------O--O-----OOOOO---XXXO-----OOO-------------------------- X;,38,20,g4,1
-----------O--O---XXOO----XXXO----OOO-O------------------------- X;,39,20,e2,1
----------O-O-O---XOXO----XXOX-----OOO-------------------------- X;,32,20,e1,1
------------O-O---XXXOO---XXXO-----OOO-------------------------- X;,35,20,g4,1
---------O-OO-----OXOX----XXOX----OOO--------------------------- X;,37,20,f5,1
---------O-O------OXOX----XXXO----OOO-O------------------------- X;,38,20,g4,1
---------O-O--O---OXXO----XXOX----OOO--------------------------- X;,43,20,g3,1
---------O-O------OOOOO---XXXO----OOO--------------------------- X;,45,20,c2,1
---------O--------OXX----OOOO----XOOO-----O-O------------------- X;,28,20,d6,1
---------O-OX-----OXX----OOOO-----XOOO-------------------------- X;,26,20,b5,1
---------O--------OXX----OXOO----XOOO------OO------------------- X;,29,20,c2,1
---------OOOX-----OOX-----XOO-----XOOO-------------------------- X;,31,20,b3,1
---------O-OX----OOXX-----OOO-----XOOO-------------------------- X;,31,20,d1,1
---------O-OX-----OXX-----XOO----OOOOO-------------------------- X;,35,20,f4,1
---------O-OX-----OXX-----XOO-----OOOO---O---------------------- X;,34,20,f4,1
---------O--------OXX----OXOO----OOOO----O--O------------------- X;,37,20,c2,1
-----------XO-O----XXO-----OOO----OOOO-------O------------------ X;,38,20,f2,1
---------O--------OXX----OXOO---OOOOO-------O------------------- X;,36,20,c2,1
---------O-O-----XXXX-----XOO-----OOO----O--O------------------- X;,29,20,d6,1
---------O-O-----XXXX-----XOO----OOOO-------O------------------- X;,30,20,d6,1
---------OX-------XXX----OXOO-----OOOO---O---------------------- X;,30,20,f4,1
---------OX-------XXX----OXOO----OOOOO-------------------------- X;,29,20,a5,1
---------OX-------XXX----OXOO-----OOOO-----O-------------------- X;,29,20,b6,1
---------OX------OXXX----OOOO-----XOOO-------------------------- X;,32,20,b5,1
---------O-O-----OOXX----OOOO-----XOO-------O------------------- X;,37,20,c2,1
--------OO-O-----OXXX-----OOO-----XOO-------O------------------- X;,42,20,d1,1
------------O-O----XOO----XXOO----OOOO-------O------------------ X;,30,20,g4,1
----------O---O----OXO----XXOO----OOOO-------O------------------ X;,33,20,g3,1
---------O--------OXX-O---OXXO----OOOO----O--------------------- X;,35,20,d6,1
---------O--------OOOO----OXOO----OOOO----O--------------------- X;,31,20,a1,1
---------O--------OXX-----OOOOO---OOOO----O--------------------- X;,36,20,d6,1
-----------O--O----OOO----XOXO----OOOO-------O------------------ X;,36,20,e2,1
-------------OO----XOO----XOXO----OOOO-------O------------------ X;,38,20,e2,1
---------OOX------OXX----OOOO-----XOOO-------------------------- X;,31,20,b3,1
---------OOX-----OOXX-----OXO-----XOOO-------------------------- X;,36,20,b4,1
----O----OOO------OXX-----XXO-----XOOO-------------------------- X;,39,20,b3,1
---------O-------OOXX----XOXO-----OOO-----O-O------------------- X;,38,20,b5,1
---------OOX------OXX-----OXO-----OOOO----O--------------------- X;,41,20,b3,1
---------OOX------OXX-----XXO----OOOOO-------------------------- X;,43,20,b3,1
---------O-------OOXX----OXXO----OOOO-------O------------------- X;,45,20,a1,1
---------O--------OOOO----XXXO----XOOOO------------------------- X;,34,20,d6,1
---------O--------OOOOO---XXXO----XOOO-------------------------- X;,35,20,d6,1
---------O-------OOOOO----OXXX----XOOO-------------------------- X;,36,20,b4,1
--------------O---OOOO----XXXO----OOOOO------------------------- X;,35,20,f2,1
--------------O---OOOO----XXXO----OOOO-------O------------------ X;,38,20,f2,1
---------OX-O-----XXO-----XOO-----OOO----O--O------------------- X;,32,20,f4,1
---------O-------OXXX----OOOO----OOOOO-------------------------- X;,35,20,c6,1
---------O-O-----XXOX-----XOO----OOOOO-------------------------- X;,33,20,f4,1
---------OX-O-----XOO-----OXO----OOOO-------O------------------- X;,39,20,d2,1
---------OO------XOOX-----OXO----OOOOO-------------------------- X;,49,20,b4,1
--------OO-------OXXX-----OXO----OOOOO-------------------------- X;,53,20,a1,1
---------O-O-----XXOX-----XOO----OOOO-------O------------------- X;,35,20,b6,1
---------OX-O-----XXO-----XOO-----OOOO---O---------------------- X;,34,20,d6,1
---------O-------OXXX----OOOO----OOOO-------O------------------- X;,36,20,d6,1
---------OX-O-----XOO-----OXO----OOOOO-------------------------- X;,41,20,a1,1
--------OO-------OXXX-----OXO----OOOO-------O------------------- X;,50,20,a1,1
---------OO------XOOX-----OXO----OOOO-------O------------------- X;,55,20,b4,1
---------OOX------OXX----OOOO-----XOO-------O------------------- X;,34,20,d6,1
---------OOX-----OOXX-----OXO-----XOO-------O------------------- X;,36,20,b4,1
---------O-------OOXX----XOXO-----OOOO----O--------------------- X;,36,20,b5,1
---------O-------OOXX---OOOOO-----XOOO-------------------------- X;,37,20,c2,1
---------O-------OOXX----OXXO---O-XOOO-------------------------- X;,39,20,c2,1
---------OOX------OXX-----OXO-----OOO-----O-O------------------- X;,42,20,b3,1
---------OOX------OXX-----XXO----OOOO-------O------------------- X;,37,20,b3,1
---------O-------OOXX----OXXO----OOOOO-------------------------- X;,45,20,a1,1
------------------OOX----OXOX----XXOO------OOO------------------ X;,7,20,c6,1
------------------O-X----OOXX----XOXO-----OOOO------------------ X;,6,20,d3,1
-----------------OO-X----OOXX----XXOO------OOO------------------ X;,6,20,d3,1
-----------OOO----OXX------XXO----XXOO-------O------------------ X;,7,20,e1,1
------------------O-X----OXXX---OOOOO------OOO------------------ X;,7,20,a6,1
-----------XO------XXO----OXX-----OOOOO---O--------------------- X;,12,20,b4,1
-----------OX-----OOX------OXO----XOOO-----O-O------------------ X;,12,20,c4,1
-----------OX------OX-----OOOO----XOOO-----O-O------------------ X;,8,20,e6,1
-----------OX------XX-----OXOO----OOOO----O--O------------------ X;,9,20,c1,1
-----------------O-OX----OOXX----XXOO------OOO------------------ X;,8,20,c6,1
-----------OX------XX-----OXOO----XOOO------OO------------------ X;,9,20,c3,1
-----------OX------XX-----OXOO---OOOOO-------O------------------ X;,10,20,e6,1
-------------------OX----OOXX----OXOO---O--OOO------------------ X;,12,20,c6,1
-------------------OX----OXXX---OOOOO------OOO------------------ X;,13,20,c3,1
-------------------OX----OXXX----OXOO----O-OOO------------------ X;,14,20,d2,1
-------------------OO----OXOXX---XXOO------OOO------------------ X;,8,20,f5,1
------------------O-O----OXOXX---XXXO------OOO------------------ X;,9,20,d3,1
-----------OX------XX------XXO----OXOO-----O-O----O------------- X;,12,20,e6,1
-----------OX------XX------XXO----OXOO-----O-O------O----------- X;,11,20,e6,1
-----------------O--O----OOXXX---XXOO------OOO------------------ X;,13,20,c6,1
-------------------O------XXXXO----OOOOO--OOO------------------- X;,15,20,f6,1
-----------XO------XO-----OXO-----OOOO----O-O-------O----------- X;,18,20,b5,1
--------------------O----OXOXX---OOXO----O-OOO------------------ X;,21,20,d3,1
----------OOX------OXX----OOOO-----XOO-------O------------------ X;,11,20,e6,1
----O-----OOO------OOX-----XOO-----XOO-------O------------------ X;,10,20,f2,1
----------OOX-----OOXX-----OXO-----XOO-------O------------------ X;,14,20,c4,1
-----O----OOO------OXX-----XXO-----XOO-------O------------------ X;,14,20,c3,1
----------OOX------OOOO----XXO-----XOO-------O------------------ X;,16,20,f2,1
-----------XOO----XXO-----OXO-----OOO-----O-O------------------- X;,19,20,f3,1
----------OOOO-----OXO-----XXO-----XOO-------O------------------ X;,17,20,c3,1
-----------XOO----XXO-----OXX-----OOOO----O--------------------- X;,19,20,f4,1
-----------XO------OO-----OXO----OOOO---O-O-O------------------- X;,12,20,b6,1
------------X-----OOOO---XOOO----OOOOO-------------------------- X;,10,20,f4,1
-----------OX------OOO---XXOO----OOOOO-------------------------- X;,13,20,c6,1
------------X---O--XOO---OXXO----OOOOO-------------------------- X;,11,20,f4,1
------------X------XOO--OOOOO----OOOOO-------------------------- X;,11,20,d6,1
----------O-X------OOO---XXXO----OOOOO-------------------------- X;,12,20,f2,1
------------X----O-XOO---OOXO----OOOOO-------------------------- X;,14,20,f2,1
-----------XO------XO---O-XXO----OOOO-----O-O------------------- X;,17,20,f3,1
-----------XO------XO-----XXO---OOOOO-----O-O------------------- X;,15,20,f3,1
----O-----OOO------OXX-----XOO-----XOO-------O------------------ X;,11,20,g4,1
---O-------OO-----XXX-----OXX-----OOOO----O--------------------- X;,14,20,c1,1
----O------OO-----OXXX-----OXO-----XOO-------O------------------ X;,12,20,c4,1
----O------OOO-----XXO-----XXO-----XOO-------O------------------ X;,14,20,c1,1
----O------OO------XXO-----XXOO----XOO-------O------------------ X;,15,20,e6,1
----O------OO------OXX----OOOO-----XOO-------O------------------ X;,15,20,c3,1
---O-------OO-----XXO-----OXO-----OOO-----O-O------------------- X;,23,20,b5,1
--X--------XOO----OXX------OXO-----XOO-------O------------------ X;,14,20,c4,1
----------------X--O-----XOOX----OXOO----O-OOO------------------ X;,17,20,c3,1
----------------XO-------OOXX----OXOO----O-OOO------------------ X;,19,20,a4,1
-----X----OOX------OX-----OXO-----OOOO----O--------------------- X;,24,20,c3,1
----------OX------XXX---OOOOO----O-OOO-------------------------- X;,12,20,c5,1
---O------OO------XOX----XXOO----O-OOO-------------------------- X;,14,20,e2,1
----------OX------OXX----XOXO----OOOOO-------------------------- X;,13,20,b3,1
-----------XO----OXO-----OOXO----OOOO-------O------------------- X;,21,20,e3,1
----------OX-----OXXX----OOXO----O-OOO-------------------------- X;,25,20,c1,1
---------OOX------OXX----XXOO----O-OOO-------------------------- X;,30,20,c5,1
-----------O------XOX---OOOOO----OXOOO-------------------------- X;,12,20,a3,1
-----------XO-----XXX----OOXO-----OOO------OO------------------- X;,14,20,f4,1
-----------XO-----XXX----OOXO-----OOO-----O-O------------------- X;,17,20,f1,1
----O------OO-----OXX----OOXO-----XOO-------O------------------- X;,19,20,f4,1
-----------XO-----XXX----OOXO----OOOO-------O------------------- X;,18,20,f1,1
-----------O-----OOOX----OOXO----OXOOO-------------------------- X;,25,20,c2,1
---------O-XO-----OXX----OOOO-----XOO-------O------------------- X;,29,20,b5,1
-----------------OXXX---OOOXO----OXOOO-------------------------- X;,13,20,f4,1
---O-------OO----OXXX-----OXO-----XOO-------O------------------- X;,14,20,c1,1
------------------XXX---OOXXO----OOOOO-----O-------------------- X;,14,20,f4,1
---O-------OO-----OXX----OOOO-----XOO-------O------------------- X;,16,20,c2,1
---O-------OO-----XOX-----OXO----OOOO-------O------------------- X;,17,20,c1,1
---------O--------OXX---OOXOO----OXOOO-------------------------- X;,31,20,b3,1
---O-------OO-----XOX-----OOO----OOOO-------O------------------- X;,18,20,c1,1
-----------XOO----XXO-----OOO----OOOO-------O------------------- X;,19,20,f3,1
----------OOO-----OOX-----OXO----OOOO-------O------------------- X;,27,20,b4,1
---------O-XO-----OXX-----OOO----OOOO-------O------------------- X;,37,20,b3,1
-----------------OXXX----OXXO----OOOOO-----O-------------------- X;,19,20,c6,1
----------OOO----OXXX-----OXO-----XOO-------O------------------- X;,21,20,d1,1
----------OOO-----OXX----OOOO-----XOO-------O------------------- X;,21,20,b3,1
---------O-------OOXX----OXOO----OXOOO-------------------------- X;,38,20,c2,1
----------OOO-----XOX-----OXO----OOOO-------O------------------- X;,38,20,d1,1
----------OOO-----OXX-----OXO-----OOO-----O-O------------------- X;,35,20,e1,1
---------O-------XXXX---OOOOO----O-OOO-------------------------- X;,32,20,c5,1
---------OXXO-----XX------XOO-----OOO----O--O------------------- X;,33,20,f1,1
---------OO------XXOX----XXOO----O-OOO-------------------------- X;,36,20,c5,1
---------O-O-----XXOX----XXOO----O-OOO-------------------------- X;,34,20,a6,1
---------OXXO-----XO------OOO----OOOO-------O------------------- X;,39,20,e3,1
--------OO-------OXXX----XOOO----O-OOO-------------------------- X;,47,20,c5,1
