obf,side_to_move,n_empties,black_count,white_count,disc_diff_player_minus_opp,count_wthor,edax_score,edax_alpha,edax_beta,a1_minus_energy,a2_minus_energy,b1_minus_energy,b2_minus_energy,e_minus_energy,d4_a1_occupation_energy,d4_a2_occupation_energy,d4_b1_occupation_energy,d4_b2_occupation_energy,d4_e_occupation_energy,b1_energy,b2_energy,e_energy,archive_n_children,archive_mean_lb,archive_mean_ub,archive_median_lb,archive_median_ub,archive_min_lb,archive_max_ub,archive_exact_fraction
------------O------OOX-----XOX----XXOO----XO-O------------------ X;,1,50,6,8,-2,6397,0,-64,64,0.875,2.125,2.125,2.875,5.999999999999999,10.875,0.125,0.125,0.875,2.0,2.125,2.875,5.999999999999999,10556026,-27.117191261181055,32.31025501452914,2.0,64.0,-64.0,64.0,1.0
------------------OOXX-----OXX----XXOO----XO-O------------------ X;,1,50,7,7,0,96,4,-64,0,0.0,0.5000000000000001,0.5000000000000001,10.000000000000002,2.9999999999999996,12.5,0.0,0.0,0.5,1.0,0.5000000000000001,10.000000000000002,2.9999999999999996,1618420,5.093398499771382,63.96674163690513,4.0,64.0,-64.0,64.0,1.0
--------------------XX----OXXO----XXO----OOOOO------------------ X;,1,50,6,8,-2,14,4,-64,0,1.875,0.12500000000000003,0.12500000000000003,1.875,10.000000000000002,10.875,0.125,0.125,0.875,2.0,0.12500000000000003,1.875,10.000000000000002,1598418,5.296564478127749,63.96058853191093,4.0,64.0,-64.0,64.0,1.0
-------------------OXX-----XXX---OOOOO----XO-O------------------ X;,1,50,6,8,-2,27,6,-64,0,0.875,0.12500000000000003,0.12500000000000003,2.875,10.000000000000002,10.875,0.125,0.125,0.875,2.0,0.12500000000000003,2.875,10.000000000000002,3434348,5.332946457377062,63.97666806042952,4.0,64.0,-64.0,64.0,1.0
-------------------OXX-----XXX----XXOO---OOO-O------------------ X;,1,50,7,7,0,20,6,-64,0,1.375,0.6250000000000001,0.6250000000000001,3.375,8.000000000000002,10.875,0.125,0.125,0.875,2.0,0.6250000000000001,3.375,8.000000000000002,2300134,5.390545072591423,63.97511449332952,4.0,64.0,-64.0,64.0,1.0
-------------------OXX---O-XXX----OXOO----XO-O------------------ X;,1,50,7,7,0,4,6,-64,0,1.875,0.12500000000000003,0.12500000000000003,3.875,8.000000000000002,10.875,0.125,0.125,0.875,2.0,0.12500000000000003,3.875,8.000000000000002,2264107,5.2940466152880585,63.98113340049741,4.0,64.0,-64.0,64.0,1.0
--------------------XX----OXXO----OXO-----OOOO----O------------- X;,1,50,5,9,-4,0,8,-64,0,3.375,0.6250000000000001,0.6250000000000001,1.375,8.000000000000002,10.875,0.125,0.125,0.875,2.0,0.6250000000000001,1.375,8.000000000000002,288146,8.749973971528322,63.8444330304776,4.0,64.0,-64.0,64.0,1.0
-----------------OO-OX---XOXXX----XOO-----X-O------------------- X;,1,50,7,7,0,319,-4,0,64,0.6250000000000001,1.375,1.375,3.6250000000000004,7.000000000000001,9.625,0.375,0.375,0.625,3.0,1.375,3.6250000000000004,7.000000000000001,2469874,-63.752467534781125,-5.27230376934208,-64.0,-4.0,-64.0,64.0,1.0
------------------OOXX----XOX-----XOOO----XO-------O------------ X;,1,50,6,8,-2,344,-4,0,64,1.375,0.12500000000000003,0.6250000000000001,3.875,8.000000000000002,10.875,0.625,0.125,0.375,2.0,0.6250000000000001,3.875,8.000000000000002,3239303,-63.88844266806779,-4.174341208587156,-64.0,-4.0,-64.0,64.0,1.0
-------------------OOX----XXOX----XXOO----XO-O------------------ X;,1,50,7,7,0,37,-6,0,64,0.37499999999999994,1.1249999999999998,3.1250000000000004,2.3749999999999996,7.000000000000001,12.375,0.125,0.125,0.375,1.0,3.1250000000000004,2.3749999999999996,7.000000000000001,2408448,-63.77853455835459,-4.8625181029443025,-64.0,-4.0,-64.0,64.0,1.0
------------X-----O-XX----OOXX----XOO-----XOO------------------- X;,1,50,7,7,0,9,-6,0,64,1.375,0.6250000000000001,0.6250000000000001,5.375,5.999999999999999,10.875,0.125,0.125,0.875,2.0,0.6250000000000001,5.375,5.999999999999999,988255,-63.723326469382904,-5.0212384455429016,-64.0,-4.0,-64.0,64.0,1.0
----------X--------X-X-----OXX---OOOOO----XO-O------------------ X;,1,50,6,8,-2,3,-6,0,64,1.6249999999999998,1.375,0.37499999999999994,3.6250000000000004,7.000000000000001,9.625,0.375,0.375,0.625,3.0,0.37499999999999994,3.6250000000000004,7.000000000000001,2354346,-63.92252710519185,-4.2192532448501625,-64.0,-4.0,-64.0,64.0,1.0
-----------X------O-XX----OOXX----XOO-----XOO------------------- X;,1,50,7,7,0,1,-8,0,64,1.375,0.6250000000000001,0.6250000000000001,5.375,5.999999999999999,10.875,0.125,0.125,0.875,2.0,0.6250000000000001,5.375,5.999999999999999,743163,-63.719081816505934,-4.83228847507209,-64.0,-4.0,-64.0,64.0,1.0
-------------X----O-XX----OXXX---OOOO-----X-O------------------- X;,1,50,7,7,0,1,-8,0,64,0.6250000000000001,0.37499999999999994,0.37499999999999994,3.6250000000000004,9.0,9.625,0.375,0.375,0.625,3.0,0.37499999999999994,3.6250000000000004,9.0,1743493,-63.850854577563545,-4.4617672683515215,-64.0,-4.0,-64.0,64.0,1.0
-----------------XO-OX----XOXX----XOO-----XOO------------------- X;,1,50,7,7,0,0,-10,0,64,1.375,0.6250000000000001,4.625,3.375,4.0,10.875,0.125,0.125,0.875,2.0,4.625,3.375,4.0,1514639,-63.615849057102054,-5.245948374497157,-64.0,-4.0,-64.0,64.0,1.0
-----------X-------XOX-----XOX----XXOO----XO-O------------------ X;,1,50,8,6,2,0,-14,0,64,0.37499999999999994,4.625,0.6250000000000001,2.3749999999999996,5.999999999999999,10.875,0.125,0.125,0.875,2.0,0.6250000000000001,2.3749999999999996,5.999999999999999,843198,-63.23981793125695,-6.747508888778199,-64.0,-4.0,-64.0,64.0,1.0
----------X-------X-OX----XOXX----OXO----OX-O------------------- X;,1,50,8,6,2,0,-6,0,64,2.3749999999999996,0.12500000000000003,1.6249999999999998,4.875000000000001,5.000000000000001,9.875,0.625,0.125,0.375,3.0,1.6249999999999998,4.875000000000001,5.000000000000001,2369459,-63.8063490442333,-5.237017395110023,-64.0,-4.0,-64.0,64.0,1.0
--------------------XX---OOXXO----OXX-----XOO------O------------ X;,1,50,7,7,0,1088,0,-64,0,7.5,1.0,0.5000000000000001,1.0,4.0,10.0,0.5,0.0,1.5,2.0,0.5000000000000001,1.0,4.0,11709759,-39.72030081917143,19.938521706552628,-64.0,-2.0,-64.0,64.0,1.0
-------------------OXX----OOXO----XOX-----XOO------O------------ X;,1,50,6,8,-2,610,2,-64,0,2.25,0.25,0.25,2.25,9.0,11.25,0.25,0.25,1.25,1.0,0.25,2.25,9.0,5865165,4.671414359186826,63.98590627885149,4.0,64.0,-64.0,64.0,1.0
--------------------XX----OXXO----XXX----OOOO------O------------ X;,1,50,7,7,0,572,2,-64,0,4.750000000000001,0.25,0.25,0.7499999999999999,8.000000000000002,9.75,0.25,0.25,1.75,2.0,0.25,0.7499999999999999,8.000000000000002,2578049,4.4211440511797875,63.896102828146404,4.0,64.0,-64.0,64.0,1.0
--------------------XX----OXXO---OXXX-----OOO------O------------ X;,1,50,7,7,0,52,2,-64,0,5.000000000000001,0.0,0.0,1.0,8.000000000000002,10.0,0.0,0.0,2.0,2.0,0.0,1.0,8.000000000000002,2437935,5.17331840266455,63.97669503083552,4.0,64.0,-64.0,64.0,1.0
-------------------OXX-----XXOO--OOOOO----XO-------------------- X;,1,50,5,9,-4,11,2,-64,0,3.5,1.0,1.0,1.4999999999999998,7.000000000000001,10.0,0.5,0.5,2.0,1.0,1.0,1.4999999999999998,7.000000000000001,2153713,5.043479795125906,63.981685582062234,4.0,64.0,-64.0,64.0,1.0
------------------XX------OXXO-----XXO-----OOO------OO---------- X;,1,50,6,8,-2,1,4,-64,0,6.25,0.7499999999999999,0.7499999999999999,0.25,5.999999999999999,9.75,0.25,0.25,1.75,2.0,0.7499999999999999,0.25,5.999999999999999,800613,5.793003610983084,63.93746042095245,4.0,64.0,-64.0,64.0,1.0
-------------------OXX-----XXOO---XXXO---OOO-------------------- X;,1,50,7,7,0,1,8,-64,0,4.750000000000001,0.25,0.25,0.7499999999999999,8.000000000000002,9.75,0.25,0.25,1.75,2.0,0.25,0.7499999999999999,8.000000000000002,993588,7.114373361997125,63.95913195408962,4.0,64.0,-64.0,64.0,1.0
-------------------OXX---O-XXOO---OXXO----XO-------------------- X;,1,50,7,7,0,0,10,-64,0,7.5,0.5000000000000001,1.0,1.0,4.0,10.0,0.0,0.5,1.5,2.0,1.0,1.0,4.0,716024,5.417013954839502,63.97526339899221,4.0,64.0,-64.0,64.0,1.0
------------------XXXX-----OOO----OOOO----XO-------O------------ X;,1,50,5,9,-4,586,2,-64,0,6.875,0.12500000000000003,2.125,0.875,4.0,10.875,0.125,0.125,0.875,2.0,2.125,0.875,4.0,5018806,5.859034200564835,63.98528215675202,4.0,64.0,-64.0,64.0,1.0
-------------O----XXOX-----OX-----OOOO----XO-------O------------ X;,1,50,5,9,-4,0,10,-64,0,4.625,1.375,0.37499999999999994,2.625,5.000000000000001,9.625,0.375,0.375,0.625,3.0,0.37499999999999994,2.625,5.000000000000001,2584676,6.377975421290715,63.96687244358674,4.0,64.0,-64.0,64.0,1.0
-----------O------XOXX-----OX-----OOOO----XO-------O------------ X;,1,50,5,9,-4,0,10,-64,0,4.875000000000001,0.12500000000000003,0.6250000000000001,1.375,7.000000000000001,9.875,0.125,0.625,0.375,3.0,0.6250000000000001,1.375,7.000000000000001,3826234,8.566478683739676,63.95468442337818,4.0,64.0,-64.0,64.0,1.0
------------------XXXX-----XO-----OOOO------OO------OO---------- X;,1,50,5,9,-4,1,12,-64,0,1.6249999999999998,0.37499999999999994,1.375,1.6249999999999998,9.0,9.625,0.375,0.375,0.625,3.0,1.375,1.6249999999999998,9.0,902774,8.594447779843017,63.91013919319786,4.0,64.0,-64.0,64.0,1.0
----------O-------XOXX-----OO-----OOOO----XO-------O------------ X;,1,50,4,10,-6,0,12,-64,0,7.625000000000001,0.37499999999999994,0.37499999999999994,0.6250000000000001,5.000000000000001,9.625,0.375,0.375,0.625,3.0,0.37499999999999994,0.6250000000000001,5.000000000000001,1938573,7.250295965124862,63.9549916356,4.0,64.0,-64.0,64.0,1.0
------------------XXXX-----XO-----OOOO------OOO-----O----------- X;,1,50,5,9,-4,0,12,-64,0,1.6249999999999998,0.37499999999999994,1.375,1.6249999999999998,9.0,9.625,0.375,0.375,0.625,3.0,1.375,1.6249999999999998,9.0,893452,7.005882800642899,63.936571858365085,4.0,64.0,-64.0,64.0,1.0
------------O-----XXOX-----OO-----OOOO----XO-------O------------ X;,1,50,4,10,-6,2,14,-64,0,7.875,1.6249999999999998,0.6250000000000001,1.875,2.0000000000000004,9.875,0.625,0.625,0.875,2.0,0.6250000000000001,1.875,2.0000000000000004,2280967,7.552134686735933,63.9474345748974,4.0,64.0,-64.0,64.0,1.0
------------------XXXX-----XO-----OOOOO-----OO------O----------- X;,1,50,5,9,-4,0,14,-64,0,1.875,0.12500000000000003,1.1249999999999998,1.875,9.0,9.875,0.125,0.125,0.875,3.0,1.1249999999999998,1.875,9.0,651802,8.298112003338437,63.9076744164639,4.0,64.0,-64.0,64.0,1.0
---------O--------OXXX-----OX-----OOOO----XO-------O------------ X;,1,50,5,9,-4,0,24,-64,0,1.7500000000000002,0.25,1.2500000000000002,3.7500000000000004,7.000000000000001,9.75,0.25,0.25,0.75,3.0,1.2500000000000002,3.7500000000000004,7.000000000000001,1828420,11.980875291235055,63.922336224718606,4.0,64.0,-64.0,64.0,1.0
------------------X-OX----XOOOO---XOO-----O-O----O-------------- X;,1,50,4,10,-6,0,28,-64,0,4.750000000000001,0.25,1.2500000000000002,0.7499999999999999,7.000000000000001,9.75,0.25,0.25,0.75,3.0,1.2500000000000002,0.7499999999999999,7.000000000000001,1797807,7.696788364935724,63.95156543499942,4.0,64.0,-64.0,64.0,1.0
------------------XXXX-----XO-----OOOO------OO------O-O--------- X;,1,50,5,9,-4,0,28,-64,0,1.7500000000000002,0.25,1.2500000000000002,1.7500000000000002,9.0,9.75,0.25,0.25,0.75,3.0,1.2500000000000002,1.7500000000000002,9.0,952058,8.144739081022374,63.9353673830796,4.0,64.0,-64.0,64.0,1.0
------------X-----O-XX----OOXO----XXO-O---X-O------------------- X;,1,50,7,7,0,2,4,-64,0,0.37499999999999994,0.12500000000000003,0.6250000000000001,7.875,5.000000000000001,9.875,0.625,0.125,0.375,3.0,0.6250000000000001,7.875,5.000000000000001,1752514,4.71610383711628,63.986222078682395,4.0,64.0,-64.0,64.0,1.0
-------------------OXX-----XX----XXXOO---OOO--------O----------- X;,1,50,7,7,0,0,4,-64,0,1.2500000000000002,0.25,0.7499999999999999,2.75,9.0,8.75,0.75,0.25,1.25,3.0,0.7499999999999999,2.75,9.0,1311189,5.864597704831263,63.982699671824584,4.0,64.0,-64.0,64.0,1.0
-------------------OXX---O-XX----XOXOO----XO--------O----------- X;,1,50,7,7,0,0,6,-64,0,3.2499999999999996,0.25,0.25,3.2499999999999996,7.000000000000001,9.25,0.25,0.25,1.25,3.0,0.25,3.2499999999999996,7.000000000000001,1751245,5.859968194056228,63.98067888844793,4.0,64.0,-64.0,64.0,1.0
------------X-------XX----OXXO---OOOO-O---X-O------------------- X;,1,50,6,8,-2,0,8,-64,0,2.25,1.2500000000000002,2.25,1.2500000000000002,7.000000000000001,9.25,0.25,0.25,1.25,3.0,2.25,1.2500000000000002,7.000000000000001,1214041,5.419446295471076,63.97396628285206,4.0,64.0,-64.0,64.0,1.0
-------------------OXX-----XX---OOOOOO----XO--------O----------- X;,1,50,5,9,-4,0,10,-64,0,2.75,0.7499999999999999,0.25,1.2500000000000002,9.0,8.75,0.75,0.25,1.25,3.0,0.25,1.2500000000000002,9.0,1731165,5.0413519219716205,63.984984677948084,4.0,64.0,-64.0,64.0,1.0
------------X-------XX----OXXO----OXO-O---O-O-----O------------- X;,1,50,6,8,-2,0,12,-64,0,2.25,1.2500000000000002,1.7500000000000002,1.7500000000000002,7.000000000000001,8.75,0.75,0.25,1.25,3.0,1.7500000000000002,1.7500000000000002,7.000000000000001,341734,7.397355838166527,63.95085651413088,4.0,64.0,-64.0,64.0,1.0
------------------XXX-----OXXO-----OOO-----OOO-------O---------- X;,1,50,5,9,-4,9,6,-64,0,1.2500000000000002,0.25,1.2500000000000002,0.25,11.0,11.25,0.25,0.25,1.25,1.0,1.2500000000000002,0.25,11.0,2484074,5.76131226364432,63.97737104450189,4.0,64.0,-64.0,64.0,1.0
------------------OXXX----OOXO-----XO-----XOO-----O------------- X;,1,50,6,8,-2,1,8,-64,0,0.875,0.12500000000000003,0.6250000000000001,6.374999999999999,5.999999999999999,10.875,0.125,0.625,0.375,2.0,0.6250000000000001,6.374999999999999,5.999999999999999,1440120,6.356882759770019,63.96855123184179,4.0,64.0,-64.0,64.0,1.0
-------------------O-XO---XXXO----XXOO---OOO-------------------- X;,1,50,6,8,-2,0,10,-64,0,2.0000000000000004,0.5000000000000001,1.0,1.4999999999999998,9.0,10.0,0.5,1.0,1.5,1.0,1.0,1.4999999999999998,9.0,1172429,5.819359637129413,63.95991569638758,4.0,64.0,-64.0,64.0,1.0
--------------------OX----OOXO----OOOOO--OX-O------------------- X;,1,50,3,11,-8,0,14,-64,0,6.75,0.25,0.7499999999999999,2.25,4.0,9.75,0.25,0.75,1.25,2.0,0.7499999999999999,2.25,4.0,1519775,6.276540935335823,63.967203039923675,4.0,64.0,-64.0,64.0,1.0
-------------------O-XO---OXXO---OOOOO----XO-------------------- X;,1,50,4,10,-6,0,14,-64,0,5.749999999999999,0.25,0.7499999999999999,1.2500000000000002,5.999999999999999,9.75,0.25,0.75,1.25,2.0,0.7499999999999999,1.2500000000000002,5.999999999999999,1564782,6.653266717025119,63.9589859801557,4.0,64.0,-64.0,64.0,1.0
-------------------XXX----OXXO-----XO----OOOO-----O------------- X;,1,50,6,8,-2,0,16,-64,0,2.0000000000000004,0.0,0.5000000000000001,1.4999999999999998,10.000000000000002,10.0,0.0,0.5,1.5,2.0,0.5000000000000001,1.4999999999999998,10.000000000000002,542902,5.749365447170944,63.95837922866374,4.0,64.0,-64.0,64.0,1.0
------------O-----XXOX-----XO-----OXOO----OO------O------------- X;,1,50,5,9,-4,3,14,-64,0,1.6249999999999998,1.375,0.37499999999999994,1.6249999999999998,9.0,9.625,0.375,0.375,0.625,3.0,0.37499999999999994,1.6249999999999998,9.0,998669,7.401134910565963,63.9156056711483,4.0,64.0,-64.0,64.0,1.0
-------------O----XXOX-----OX-----OXOO----OO------O------------- X;,1,50,5,9,-4,3,16,-64,0,1.875,1.6249999999999998,0.6250000000000001,5.875000000000001,4.0,9.875,0.625,0.625,0.875,2.0,0.6250000000000001,5.875000000000001,4.0,276113,10.033377638865247,63.80443514068516,4.0,64.0,-64.0,64.0,1.0
----------O-------XOXX-----XO-----OXOO----OO------O------------- X;,1,50,5,9,-4,2,16,-64,0,1.875,0.12500000000000003,0.6250000000000001,0.37499999999999994,11.0,9.875,0.125,0.625,0.375,3.0,0.6250000000000001,0.37499999999999994,11.0,340036,7.618963874413297,63.90038701784517,4.0,64.0,-64.0,64.0,1.0
------------O-----XXOX-----XO-----OOOO------OO-------O---------- X;,1,50,4,10,-6,1,16,-64,0,2.625,0.37499999999999994,0.37499999999999994,1.6249999999999998,9.0,9.625,0.375,0.375,0.625,3.0,0.37499999999999994,1.6249999999999998,9.0,697867,11.765946806483184,63.79161072238693,4.0,64.0,-64.0,64.0,1.0
--------------O---XXXO-----XO-----OOOO----OO------O------------- X;,1,50,4,10,-6,0,32,-64,0,1.7500000000000002,0.25,1.2500000000000002,3.7500000000000004,7.000000000000001,9.75,0.25,0.25,0.75,3.0,1.2500000000000002,3.7500000000000004,7.000000000000001,413605,12.728569528898346,63.801346695518674,4.0,64.0,-64.0,64.0,1.0
---------O--------OXXX-----OX-----OXOO----OO------O------------- X;,1,50,5,9,-4,0,32,-64,0,0.7499999999999999,0.25,1.2500000000000002,4.750000000000001,7.000000000000001,9.75,0.25,0.25,0.75,3.0,1.2500000000000002,4.750000000000001,7.000000000000001,246223,14.821775382478485,63.80434809095819,6.0,64.0,-64.0,64.0,1.0
-----------------XO-OX----OOXX----OXO-----O-O-----O------------- X;,1,50,5,9,-4,0,14,-64,0,1.375,0.12500000000000003,0.6250000000000001,4.875000000000001,7.000000000000001,9.875,0.625,0.125,0.375,3.0,0.6250000000000001,4.875000000000001,7.000000000000001,546534,8.870295352164733,63.93591615526207,4.0,64.0,-64.0,64.0,1.0
---------------O--XO--O---XXXO-----OOO-----O-O-------O---------- X;,1,50,4,10,-6,0,16,-64,0,1.7500000000000002,0.7499999999999999,0.25,0.25,11.0,8.75,0.75,0.25,1.25,3.0,0.25,0.25,11.0,1122828,5.337396288656856,63.983883551176135,4.0,64.0,-64.0,64.0,1.0
----------X--------XOOO----XX-----OXOO----OO------O------------- X;,1,50,5,9,-4,0,16,-64,0,3.2499999999999996,1.2500000000000002,0.25,4.25,5.000000000000001,9.25,0.25,0.25,1.25,3.0,0.25,4.25,5.000000000000001,169572,8.924846083079753,63.881914467011065,4.0,64.0,-64.0,64.0,1.0
-----------------X--OX----XXXO----OXO-O---O-O-----O------------- X;,1,50,6,8,-2,0,18,-64,0,2.25,1.2500000000000002,0.7499999999999999,2.75,7.000000000000001,8.75,0.75,0.25,1.25,3.0,0.7499999999999999,2.75,7.000000000000001,292143,8.15009772611358,63.962436204187675,4.0,64.0,-64.0,64.0,1.0
--------------O--X--OO----XXOX----OOO-----O-O-----O------------- X;,1,50,4,10,-6,0,22,-64,0,2.3749999999999996,0.12500000000000003,1.6249999999999998,2.875,7.000000000000001,8.875,0.625,0.125,1.375,3.0,1.6249999999999998,2.875,7.000000000000001,1397140,5.611781210186524,63.98636357129565,4.0,64.0,-64.0,64.0,1.0
----------X------OOOO-----XXXO----XXXX-----O-------------------- X;,1,50,8,6,2,2395,0,0,64,4.375,0.6250000000000001,3.6250000000000004,1.375,4.0,10.875,0.125,0.125,0.875,2.0,3.6250000000000004,1.375,4.0,8177508,-42.27869932991811,14.724742794504145,-64.0,-4.0,-64.0,64.0,1.0
------------X----OOOO-----XXXO----XXXX-----O-------------------- X;,1,50,8,6,2,242,-4,0,64,4.625,0.37499999999999994,3.375,1.6249999999999998,4.0,10.625,0.375,0.375,0.625,2.0,3.375,1.6249999999999998,4.0,4614070,-63.72599462080116,-6.450886960969383,-64.0,-4.0,-64.0,64.0,1.0
------------X-------XOO---OXXO----XXXO------OO------------------ X;,1,50,7,7,0,98,-6,0,64,5.749999999999999,0.25,0.7499999999999999,2.25,5.000000000000001,9.75,0.25,0.75,0.25,3.0,0.7499999999999999,2.25,5.000000000000001,6391896,-63.788976854441934,-5.688073773415588,-64.0,-4.0,-64.0,64.0,1.0
------------------X-OOO---XXXO----XXXXO-----O------------------- X;,1,50,8,6,2,20,-8,0,64,4.25,0.7499999999999999,2.25,1.7500000000000002,5.000000000000001,9.75,0.25,0.75,0.25,3.0,2.25,1.7500000000000002,5.000000000000001,1541720,-63.031698362867445,-8.656331889058974,-64.0,-4.0,-64.0,64.0,1.0
-----------X-------X-----OXXXX----OXXO---OOO-------------------- X;,1,50,8,6,2,2,-8,0,64,4.375,1.1249999999999998,0.6250000000000001,0.875,7.000000000000001,9.375,0.125,0.625,0.875,3.0,0.6250000000000001,0.875,7.000000000000001,2218385,-63.270682050230235,-7.717366462539189,-64.0,-4.0,-64.0,64.0,1.0
------------X------X-----OXXXX----OXXO---OOO-------------------- X;,1,50,8,6,2,2,-8,0,64,4.375,0.6250000000000001,0.6250000000000001,1.375,7.000000000000001,9.375,0.625,0.625,0.375,3.0,0.6250000000000001,1.375,7.000000000000001,2201088,-63.32675113398465,-7.043472137415678,-64.0,-4.0,-64.0,64.0,1.0
----------X--------X-----OXXXX----OXXO---OOO-------------------- X;,1,50,8,6,2,2,-8,0,64,4.375,0.6250000000000001,0.6250000000000001,1.375,7.000000000000001,9.375,0.625,0.625,0.375,3.0,0.6250000000000001,1.375,7.000000000000001,1966813,-63.17771745458262,-8.290278740276783,-64.0,-4.0,-64.0,64.0,1.0
--------------------O-----XXXXO--XXXXO------OOO----------------- X;,1,50,8,6,2,4,-12,0,64,4.375,0.6250000000000001,2.125,0.875,5.999999999999999,9.375,0.625,1.125,0.875,2.0,2.125,0.875,5.999999999999999,1658442,-62.975789325161806,-8.564095699457683,-64.0,-4.0,-64.0,64.0,1.0
-----------------X--OOO---XXXO----XXXXO-----O------------------- X;,1,50,8,6,2,2,-12,0,64,4.375,1.1249999999999998,2.125,1.375,5.000000000000001,9.375,0.125,1.125,0.375,3.0,2.125,1.375,5.000000000000001,1627177,-62.81380697981842,-9.209772507846411,-64.0,-4.0,-64.0,64.0,1.0
---------------X----OOX---OXXO----XXXO------OO------------------ X;,1,50,7,7,0,0,-16,0,64,7.249999999999999,0.7499999999999999,0.25,0.7499999999999999,5.000000000000001,9.75,0.25,0.75,0.25,3.0,0.25,0.7499999999999999,5.000000000000001,7016971,-63.662298162554755,-6.472121660471449,-64.0,-4.0,-64.0,64.0,1.0
---------X-------OXO------OXXO---OXXXX-----O-------------------- X;,1,50,8,6,2,0,-24,0,64,5.25,0.25,0.7499999999999999,0.7499999999999999,7.000000000000001,9.25,0.25,0.75,0.75,3.0,0.7499999999999999,0.7499999999999999,7.000000000000001,2792528,-62.44522955544224,-11.115854881311844,-64.0,-4.0,-64.0,64.0,1.0
-------------------OX----X-XXX----XXXO----OOO-----O------------- X;,1,50,8,6,2,376,-4,0,64,4.625,0.37499999999999994,1.375,3.6250000000000004,4.0,10.625,0.375,0.375,0.625,2.0,1.375,3.6250000000000004,4.0,3003014,-63.61792252716771,-6.558737321903927,-64.0,-4.0,-64.0,64.0,1.0
-------------O------XOX---OXXO----XXXO-----XO------------------- X;,1,50,8,6,2,103,-6,0,64,4.375,0.6250000000000001,1.6249999999999998,3.375,4.0,10.875,0.125,0.125,0.875,2.0,1.6249999999999998,3.375,4.0,4992250,-63.65410025539586,-6.387501827833141,-64.0,-4.0,-64.0,64.0,1.0
-------------------OX------XXX---XXXXO----OOO-----O------------- X;,1,50,8,6,2,19,-6,0,64,4.625,0.37499999999999994,1.375,3.6250000000000004,4.0,10.625,0.375,0.375,0.625,2.0,1.375,3.6250000000000004,4.0,3430355,-63.58743453665874,-6.645507534934431,-64.0,-4.0,-64.0,64.0,1.0
-------------------XXX----XXX-O---OXXO------OOO----------------- X;,1,50,8,6,2,20,-8,0,64,4.25,0.7499999999999999,0.7499999999999999,1.2500000000000002,7.000000000000001,9.75,0.25,0.25,0.75,3.0,0.7499999999999999,1.2500000000000002,7.000000000000001,1457292,-63.37092497591423,-6.359919631755338,-64.0,-4.0,-64.0,64.0,1.0
-------------------XXX----XXX-----OXXO-----OOO-------O---------- X;,1,50,8,6,2,7,-8,0,64,4.25,0.25,0.25,1.2500000000000002,8.000000000000002,11.25,0.25,0.25,0.25,2.0,0.25,1.2500000000000002,8.000000000000002,1777493,-63.46465049370096,-6.760943643659918,-64.0,-4.0,-64.0,64.0,1.0
------------X------XX-----XXX-----OXXO------OO-----O-O---------- X;,1,50,8,6,2,5,-8,0,64,4.375,0.6250000000000001,0.6250000000000001,0.37499999999999994,8.000000000000002,9.375,0.625,0.625,1.375,2.0,0.6250000000000001,0.37499999999999994,8.000000000000002,1223223,-63.337597478137674,-6.9231415694440015,-64.0,-4.0,-64.0,64.0,1.0
------------X------XX-----XXX-O---OXXO------OOO----------------- X;,1,50,8,6,2,0,-8,0,64,4.375,1.1249999999999998,1.1249999999999998,0.37499999999999994,7.000000000000001,9.375,0.125,0.125,1.375,3.0,1.1249999999999998,0.37499999999999994,7.000000000000001,1477120,-63.53591854419411,-6.495757961438475,-64.0,-4.0,-64.0,64.0,1.0
-------------X-----XX-----XXX-O---OXXO------OOO----------------- X;,1,50,8,6,2,2,-8,0,64,4.375,0.6250000000000001,1.1249999999999998,0.875,7.000000000000001,9.375,0.625,0.125,0.875,3.0,1.1249999999999998,0.875,7.000000000000001,1294440,-63.43916906152467,-6.945775779487655,-64.0,-4.0,-64.0,64.0,1.0
-------------X-----XX-----XXX-----OXXO------OO-----O-O---------- X;,1,50,8,6,2,0,-10,0,64,4.375,1.1249999999999998,0.6250000000000001,0.875,7.000000000000001,9.375,0.125,0.625,0.875,3.0,0.6250000000000001,0.875,7.000000000000001,1322125,-63.41374832183039,-7.077379219060225,-64.0,-4.0,-64.0,64.0,1.0
------X------X-----OOO----OXXO----XXX------XO------------------- X;,1,50,8,6,2,0,-16,0,64,5.625,0.37499999999999994,0.37499999999999994,1.6249999999999998,5.999999999999999,10.625,0.375,0.375,0.625,2.0,0.37499999999999994,1.6249999999999998,5.999999999999999,4025542,-63.45054703192763,-7.1703641397854,-64.0,-4.0,-64.0,64.0,1.0
------------OOX-----OX----OXOO----XXO------XO------------------- X;,1,50,6,8,-2,1,-20,0,64,1.2500000000000002,0.25,0.25,1.2500000000000002,11.0,9.25,0.25,0.25,1.25,3.0,0.25,1.2500000000000002,11.0,2748253,-62.83816664622944,-10.176611105309446,-64.0,-4.0,-64.0,64.0,1.0
------------------XXXO----XXXO-----XXO-----OOO------------------ X;,1,50,8,6,2,194,-4,0,64,4.375,0.12500000000000003,0.12500000000000003,0.37499999999999994,9.0,12.375,0.125,0.125,0.375,1.0,0.12500000000000003,0.37499999999999994,9.0,3914791,-63.78085982112455,-5.250010536960977,-64.0,-4.0,-64.0,64.0,1.0
------------------OXXX---XOXXX----OOO-----O-O------------------- X;,1,50,7,7,0,141,-6,0,64,0.37499999999999994,0.12500000000000003,0.6250000000000001,0.875,11.999999999999998,10.875,0.625,0.125,0.375,2.0,0.6250000000000001,0.875,11.999999999999998,2375522,-63.76965483796825,-5.432817713327849,-64.0,-4.0,-64.0,64.0,1.0
-----------O------OOXX----OOXX----XXO-----X-O------------------- X;,1,50,7,7,0,0,-8,0,64,0.37499999999999994,0.12500000000000003,0.6250000000000001,10.875,2.0000000000000004,10.875,0.625,0.125,0.375,2.0,0.6250000000000001,10.875,2.0000000000000004,1715273,-63.69790115042912,-4.716376926588362,-64.0,-4.0,-64.0,64.0,1.0
------------------OXXX---OOOXX---XXOO-------O------------------- X;,1,50,7,7,0,5,-8,0,64,1.4999999999999998,1.0,0.0,4.499999999999999,7.000000000000001,10.0,0.5,0.5,0.0,3.0,0.0,4.499999999999999,7.000000000000001,1279284,-63.40814705726015,-6.417073925727204,-64.0,-4.0,-64.0,64.0,1.0
----------O------XOXXX----OOXX----XOO-------O------------------- X;,1,50,7,7,0,5,-10,0,64,1.4999999999999998,1.0,0.5000000000000001,4.0,7.000000000000001,10.0,0.5,0.0,0.5,3.0,0.5000000000000001,4.0,7.000000000000001,1707160,-63.54243773284285,-6.253821551582746,-64.0,-4.0,-64.0,64.0,1.0
------------O-----XXOO----XXOO----XXXX-----O-------------------- X;,1,50,8,6,2,0,-12,0,64,1.2500000000000002,0.25,1.2500000000000002,5.25,5.999999999999999,11.25,0.25,0.25,0.25,2.0,1.2500000000000002,5.25,5.999999999999999,1633648,-63.66318203186978,-5.418140260325358,-64.0,-4.0,-64.0,64.0,1.0
-------------X----XXXX----XXOX-----OOOO----O-------------------- X;,1,50,8,6,2,0,-14,0,64,2.75,0.7499999999999999,0.25,1.2500000000000002,9.0,9.75,0.75,0.25,0.25,3.0,0.25,1.2500000000000002,9.0,1083507,-63.60315715542216,-5.566433811687419,-64.0,-4.0,-64.0,64.0,1.0
--------------------XX---XXXXX-----OOOO----XOO------------------ X;,1,50,8,6,2,1,-16,0,64,0.5000000000000001,0.5000000000000001,0.0,2.9999999999999996,10.000000000000002,10.0,1.0,0.5,0.5,2.0,0.0,2.9999999999999996,10.000000000000002,495554,-62.14697893670518,-8.246104359968843,-64.0,-4.0,-64.0,64.0,1.0
------------------X-XX---XXXXO-----OOO----OOO------------------- X;,1,50,7,7,0,4,-8,0,64,0.875,0.6250000000000001,0.12500000000000003,0.37499999999999994,11.999999999999998,10.875,0.625,0.125,0.375,2.0,0.12500000000000003,0.37499999999999994,11.999999999999998,1364700,-63.75615300065949,-5.032486260716641,-64.0,-4.0,-64.0,64.0,1.0
-----------X------XXO-----XOOO----OOOX----XO-------------------- X;,1,50,6,8,-2,4,-10,0,64,5.25,0.25,0.25,6.25,2.0000000000000004,11.25,0.25,0.25,0.25,2.0,0.25,6.25,2.0000000000000004,1578289,-63.83572336878734,-4.672594182687708,-64.0,-4.0,-64.0,64.0,1.0
------------X-----XXO-----XOOO----OOOX----XO-------------------- X;,1,50,6,8,-2,1,-10,0,64,5.25,0.25,0.25,6.25,2.0000000000000004,11.25,0.25,0.25,0.25,2.0,0.25,6.25,2.0000000000000004,1333548,-63.7380191789122,-4.987459019097925,-64.0,-4.0,-64.0,64.0,1.0
------------------X-XX----XXXO----XOOO----OOO------------------- X;,1,50,7,7,0,0,-10,0,64,0.37499999999999994,0.12500000000000003,0.12500000000000003,0.37499999999999994,12.999999999999998,12.375,0.125,0.125,0.375,1.0,0.12500000000000003,0.37499999999999994,12.999999999999998,1540110,-63.66013336709715,-5.422998357260195,-64.0,-4.0,-64.0,64.0,1.0
-------------X----XOX-----XXOO----OOOX----XO-------------------- X;,1,50,7,7,0,0,-10,0,64,2.25,3.2499999999999996,0.25,2.25,5.999999999999999,11.25,0.25,0.25,0.25,2.0,0.25,2.25,5.999999999999999,3369581,-63.871429118338455,-4.450688082583562,-64.0,-4.0,-64.0,64.0,1.0
----------X-------XXO-----XOXO----OOOX----XO-------------------- X;,1,50,7,7,0,0,-10,0,64,2.25,0.25,0.25,7.249999999999999,4.0,11.25,0.25,0.25,0.25,2.0,0.25,7.249999999999999,4.0,1245841,-63.73734047924253,-5.148546243059909,-64.0,-4.0,-64.0,64.0,1.0
------------------XOOX-----XOX----XXOO----XOO------------------- X;,1,50,7,7,0,5,-12,0,64,3.375,1.1249999999999998,3.1250000000000004,1.375,5.000000000000001,12.375,0.125,0.125,0.375,1.0,3.1250000000000004,1.375,5.000000000000001,1351770,-63.86313795986003,-4.422515664647093,-64.0,-4.0,-64.0,64.0,1.0
------------------XOO-----XOXXX---OOOX----XO-------------------- X;,1,50,7,7,0,2,-12,0,64,2.25,0.25,3.2499999999999996,2.25,5.999999999999999,11.25,0.25,0.25,0.25,2.0,3.2499999999999996,2.25,5.999999999999999,1268331,-63.549519802007524,-5.541826226749957,-64.0,-4.0,-64.0,64.0,1.0
------------O-----XXOX----XXOX-----XOX----XO-------------------- X;,1,50,9,5,4,1,-12,0,64,2.875,0.6250000000000001,2.125,2.3749999999999996,5.999999999999999,10.875,0.625,0.125,0.375,2.0,2.125,2.3749999999999996,5.999999999999999,766714,-63.57590966122961,-5.303709075352739,-64.0,-4.0,-64.0,64.0,1.0
-----------X------XXO-----XXOO----XXOX-----OO------------------- X;,1,50,8,6,2,1,-8,0,64,0.37499999999999994,0.12500000000000003,2.125,2.3749999999999996,9.0,12.375,0.125,0.125,0.375,1.0,2.125,2.3749999999999996,9.0,1345847,-63.735235877480875,-5.141505683781292,-64.0,-4.0,-64.0,64.0,1.0
------------------XX-----XXXXO----OOOO-----OOO------------------ X;,1,50,6,8,-2,0,-10,0,64,1.2500000000000002,0.25,0.25,1.2500000000000002,11.0,11.25,0.25,0.25,1.25,1.0,0.25,1.2500000000000002,11.0,2226943,-63.804667654268655,-5.030254478897754,-64.0,-4.0,-64.0,64.0,1.0
------------X------OXX----OOXX----XOO-----XOO------------------- X;,1,50,7,7,0,1,-12,0,64,2.25,0.25,1.2500000000000002,5.25,5.000000000000001,11.25,0.25,0.25,1.25,1.0,1.2500000000000002,5.25,5.000000000000001,1040247,-63.58859578542404,-5.4687088739501295,-64.0,-4.0,-64.0,64.0,1.0
-----------OX-----XOXX----XOXX----XOO-------O------------------- X;,1,50,8,6,2,1,-12,0,64,2.5000000000000004,1.0,2.0000000000000004,3.5,5.000000000000001,10.0,0.5,0.5,0.0,3.0,2.0000000000000004,3.5,5.000000000000001,989085,-63.5321029031883,-5.369556711506089,-64.0,-4.0,-64.0,64.0,1.0
-----------X-X----XXX-----XXOO-----OOO-----O-O------------------ X;,1,50,7,7,0,0,-14,0,64,1.2500000000000002,0.25,0.7499999999999999,1.7500000000000002,10.000000000000002,9.75,0.75,0.25,1.25,2.0,0.7499999999999999,1.7500000000000002,10.000000000000002,715560,-63.55885460338756,-6.058270445525183,-64.0,-4.0,-64.0,64.0,1.0
------------X------XXX----XOXX---XOOO----O--O------------------- X;,1,50,8,6,2,0,-14,0,64,2.3749999999999996,0.6250000000000001,0.12500000000000003,1.875,9.0,9.375,0.625,0.125,0.875,3.0,0.12500000000000003,1.875,9.0,477608,-63.23269291971659,-7.580388100701831,-64.0,-4.0,-64.0,64.0,1.0
------------------XX-----XXXXXX---OOO------OOO------------------ X;,1,50,8,6,2,0,-18,0,64,0.5000000000000001,0.0,1.0,0.5000000000000001,11.999999999999998,10.0,0.5,0.5,1.0,2.0,1.0,0.5000000000000001,11.999999999999998,579496,-63.24115093115397,-6.5440762317600125,-64.0,-4.0,-64.0,64.0,1.0
------------X-----OOXX---XXOXX----XOO-------O------------------- X;,1,50,8,6,2,0,-18,0,64,2.0000000000000004,1.0,2.0000000000000004,4.0,5.000000000000001,10.0,1.0,0.0,0.0,3.0,2.0000000000000004,4.0,5.000000000000001,614154,-63.2292617161168,-6.89390608870088,-64.0,-4.0,-64.0,64.0,1.0
------------------XOOX----XOXX----OOOX----XO-------------------- X;,1,50,7,7,0,4,-10,0,64,3.375,0.12500000000000003,3.1250000000000004,2.3749999999999996,5.000000000000001,12.375,0.125,0.125,0.375,1.0,3.1250000000000004,2.3749999999999996,5.000000000000001,994777,-63.61111686337742,-5.460677116579896,-64.0,-4.0,-64.0,64.0,1.0
----------XO------XOOX----XOXX----XOO-------O------------------- X;,1,50,7,7,0,3,-10,0,64,2.25,0.25,4.750000000000001,1.7500000000000002,5.000000000000001,9.75,0.75,0.25,0.25,3.0,4.750000000000001,1.7500000000000002,5.000000000000001,1981240,-63.76290807776948,-5.0957218711514,-64.0,-4.0,-64.0,64.0,1.0
------------------XOOX----XXOX----XXOX-----OO------------------- X;,1,50,8,6,2,2,-10,0,64,1.0,0.0,8.000000000000002,0.0,5.000000000000001,13.0,0.0,0.0,0.0,1.0,8.000000000000002,0.0,5.000000000000001,2302460,-63.77890169644641,-4.97202470401223,-64.0,-4.0,-64.0,64.0,1.0
-------------X----XOXX----XXOX----XOOO------O------------------- X;,1,50,8,6,2,1,-10,0,64,2.25,0.25,1.2500000000000002,4.25,5.999999999999999,11.25,0.25,0.25,0.25,2.0,1.2500000000000002,4.25,5.999999999999999,1375144,-63.60179297586289,-5.844535554094699,-64.0,-4.0,-64.0,64.0,1.0
-----------X------XOXX----XOOX----XOOO------O------------------- X;,1,50,7,7,0,4,-12,0,64,5.25,0.25,1.2500000000000002,3.2499999999999996,4.0,11.25,0.25,0.25,0.25,2.0,1.2500000000000002,3.2499999999999996,4.0,690296,-63.44182495625065,-5.940573319271732,-64.0,-4.0,-64.0,64.0,1.0
------------------XOOX----XOXX----XOX-----OOO------------------- X;,1,50,7,7,0,2,-12,0,64,0.37499999999999994,0.12500000000000003,6.125,0.37499999999999994,7.000000000000001,12.375,0.125,0.125,0.375,1.0,6.125,0.37499999999999994,7.000000000000001,1907422,-63.803153156459345,-4.762435370882794,-64.0,-4.0,-64.0,64.0,1.0
------------------XOOX----XOOX----XXOO----X-O------------------- X;,1,50,7,7,0,2,-14,0,64,3.375,0.12500000000000003,3.1250000000000004,2.3749999999999996,5.000000000000001,12.375,0.125,0.125,0.375,1.0,3.1250000000000004,2.3749999999999996,5.000000000000001,791235,-63.67825488002932,-5.149504256004853,-64.0,-4.0,-64.0,64.0,1.0
-----------O------XOX-----OOO-----OXXXX---XX-------------------- X;,1,50,8,6,2,0,-16,0,64,1.0,2.5000000000000004,1.0,0.5000000000000001,9.0,10.0,0.5,0.0,0.5,3.0,1.0,0.5000000000000001,9.0,683237,-62.6079471691375,-8.512041941522488,-64.0,-4.0,-64.0,64.0,1.0
------------------XXO-X---OOOX----OOX-----XXX------------------- X;,1,50,8,6,2,0,-20,0,64,2.25,1.2500000000000002,1.2500000000000002,1.2500000000000002,8.000000000000002,11.25,0.25,0.25,0.25,2.0,1.2500000000000002,1.2500000000000002,8.000000000000002,331396,-63.153773732935825,-6.6812695385581,-64.0,-4.0,-64.0,64.0,1.0
-------------X-----OXX----OOOX----XOOO-----XO------------------- X;,1,50,6,8,-2,1,-10,0,64,4.375,0.12500000000000003,0.12500000000000003,8.375,1.0,12.375,0.125,0.125,0.375,1.0,0.12500000000000003,8.375,1.0,1322517,-63.77962022416347,-4.7335436897975605,-64.0,-4.0,-64.0,64.0,1.0
----------X-------XXO-----XXOO----XXOX-----OO------------------- X;,1,50,8,6,2,0,-10,0,64,0.37499999999999994,0.12500000000000003,2.125,2.3749999999999996,9.0,12.375,0.125,0.125,0.375,1.0,2.125,2.3749999999999996,9.0,1583851,-63.8079124867175,-4.835348779651621,-64.0,-4.0,-64.0,64.0,1.0
-------------X----XXXX---OOOXX----XOO-------O------------------- X;,1,50,8,6,2,0,-12,0,64,2.75,0.7499999999999999,0.25,3.2499999999999996,7.000000000000001,9.75,0.75,0.25,0.25,3.0,0.25,3.2499999999999996,7.000000000000001,1904691,-63.760161622016376,-4.8973056522029035,-64.0,-4.0,-64.0,64.0,1.0
-------------X-----OXX----OOOX----XXOO----X-O------------------- X;,1,50,7,7,0,0,-14,0,64,2.25,0.25,0.25,8.25,2.9999999999999996,11.25,0.25,0.25,1.25,1.0,0.25,8.25,2.9999999999999996,1118023,-63.68025165850792,-5.00836029312456,-64.0,-4.0,-64.0,64.0,1.0
--------------------XXX--XXXXX-----OOO----OOO------------------- X;,1,50,8,6,2,0,-14,0,64,0.25,0.25,0.7499999999999999,0.7499999999999999,11.999999999999998,9.75,0.75,0.25,1.25,2.0,0.7499999999999999,0.7499999999999999,11.999999999999998,814787,-63.51948668793194,-5.815154144580117,-64.0,-4.0,-64.0,64.0,1.0
-------------X----OOXX---XXOXX----XOO-------O------------------- X;,1,50,8,6,2,0,-14,0,64,1.7500000000000002,0.7499999999999999,2.25,4.25,5.000000000000001,9.75,0.75,0.25,0.25,3.0,2.25,4.25,5.000000000000001,1114739,-63.5702330321268,-5.671225282330663,-64.0,-4.0,-64.0,64.0,1.0
----------X--X----XXX-----XXOO-----OOO-----O-O------------------ X;,1,50,7,7,0,0,-14,0,64,1.4999999999999998,0.0,1.0,1.4999999999999998,10.000000000000002,10.0,0.5,0.5,1.0,2.0,1.0,1.4999999999999998,10.000000000000002,755489,-63.61155225291169,-5.646485918391929,-64.0,-4.0,-64.0,64.0,1.0
------------------XOO-----XXOXX---XXOX-----OO------------------- X;,1,50,8,6,2,0,-10,0,64,0.37499999999999994,0.12500000000000003,8.125,0.37499999999999994,5.000000000000001,12.375,0.125,0.125,0.375,1.0,8.125,0.37499999999999994,5.000000000000001,1652674,-63.75045774302736,-5.154911373930975,-64.0,-4.0,-64.0,64.0,1.0
------------------XXXX---XXOXX----OOO----O--O------------------- X;,1,50,8,6,2,1,-12,0,64,2.75,0.7499999999999999,0.25,1.2500000000000002,9.0,9.75,0.75,0.25,0.25,3.0,0.25,1.2500000000000002,9.0,705010,-63.3404348874484,-7.264974964894115,-64.0,-4.0,-64.0,64.0,1.0
----------X--------XOX---XXOXX---OOOO-------O------------------- X;,1,50,7,7,0,0,-14,0,64,1.375,0.6250000000000001,0.6250000000000001,2.3749999999999996,9.0,9.375,0.625,0.625,0.375,3.0,0.6250000000000001,2.3749999999999996,9.0,1183245,-63.550395733766045,-5.826008983769211,-64.0,-4.0,-64.0,64.0,1.0
-------------------OOX---XXOXX----XOX-----OOO------------------- X;,1,50,7,7,0,0,-14,0,64,0.25,0.25,6.25,0.25,7.000000000000001,11.25,0.25,0.25,1.25,1.0,6.25,0.25,7.000000000000001,1920252,-63.74231402961695,-5.2594961494637165,-64.0,-4.0,-64.0,64.0,1.0
-----------X------OX-------OOX----XXOXX---XOO------------------- X;,1,50,8,6,2,0,-14,0,64,2.0000000000000004,0.5000000000000001,2.0000000000000004,2.5000000000000004,7.000000000000001,10.0,0.5,0.0,0.5,3.0,2.0000000000000004,2.5000000000000004,7.000000000000001,1309960,-63.67507252129836,-5.177249687013344,-64.0,-4.0,-64.0,64.0,1.0
-----------X-------OXX---XXOOX----XOOO------O------------------- X;,1,50,7,7,0,0,-14,0,64,4.875000000000001,0.12500000000000003,1.1249999999999998,3.875,4.0,10.875,0.125,0.125,0.875,2.0,1.1249999999999998,3.875,4.0,1107598,-63.68148010379217,-5.2852424796722275,-64.0,-4.0,-64.0,64.0,1.0
-------------------OOX---XXOOX----XXOO----X-O------------------- X;,1,50,7,7,0,0,-16,0,64,2.25,0.25,3.2499999999999996,3.2499999999999996,5.000000000000001,11.25,0.25,0.25,1.25,1.0,3.2499999999999996,3.2499999999999996,5.000000000000001,860946,-63.64370355399758,-5.0322970314049895,-64.0,-4.0,-64.0,64.0,1.0
------------X------XXX---XXOXX----OOO----O--O------------------- X;,1,50,8,6,2,0,-18,0,64,2.3749999999999996,1.1249999999999998,0.12500000000000003,1.375,9.0,9.375,1.125,0.125,0.375,3.0,0.12500000000000003,1.375,9.0,433334,-63.459137755172684,-6.870326353344072,-64.0,-4.0,-64.0,64.0,1.0
----------X--------X------OOXX----XOOXX---XOO------------------- X;,1,50,8,6,2,0,-20,0,64,1.6249999999999998,1.375,1.375,1.6249999999999998,8.000000000000002,10.625,0.375,0.375,0.625,2.0,1.375,1.6249999999999998,8.000000000000002,358054,-63.02210281130779,-6.812100968010411,-64.0,-4.0,-64.0,64.0,1.0
-----------X-------OXX----OOXX----XXOX------OO------------------ X;,1,50,8,6,2,0,-10,0,64,0.25,0.25,1.2500000000000002,8.25,4.0,11.25,0.25,0.25,0.25,2.0,1.2500000000000002,8.25,4.0,1643625,-63.825349456232416,-4.50100600806145,-64.0,-4.0,-64.0,64.0,1.0
------------X-----XXXX----XXOX-----OOO-----O--O----------------- X;,1,50,8,6,2,0,-10,0,64,2.75,0.7499999999999999,0.25,1.2500000000000002,9.0,9.75,0.75,0.25,0.25,3.0,0.25,1.2500000000000002,9.0,788006,-63.58574934708619,-5.700621568871303,-64.0,-4.0,-64.0,64.0,1.0
------------XX----XXX-----XXOO-----OOO-----O-O------------------ X;,1,50,7,7,0,0,-12,0,64,1.2500000000000002,0.25,0.7499999999999999,1.7500000000000002,10.000000000000002,9.75,0.75,0.25,1.25,2.0,0.7499999999999999,1.7500000000000002,10.000000000000002,953840,-63.60577874695966,-5.927996309653611,-64.0,-4.0,-64.0,64.0,1.0
-----------X-------OXX----OOOX----XXOO----X-O------------------- X;,1,50,7,7,0,0,-14,0,64,2.25,0.25,0.25,8.25,2.9999999999999996,11.25,0.25,0.25,1.25,1.0,0.25,8.25,2.9999999999999996,879981,-63.71568477046664,-4.880889473750002,-64.0,-4.0,-64.0,64.0,1.0
-----------X-------OXX---XXXOX----XOOO------O------------------- X;,1,50,8,6,2,0,-14,0,64,1.875,0.12500000000000003,1.1249999999999998,4.875000000000001,5.999999999999999,10.875,0.125,0.125,0.875,2.0,1.1249999999999998,4.875000000000001,5.999999999999999,1150274,-63.643008535357666,-5.568906191046655,-64.0,-4.0,-64.0,64.0,1.0
-------------------OXX---XXOOX-----OOOX----XO------------------- X;,1,50,7,7,0,0,-16,0,64,4.875000000000001,1.6249999999999998,0.6250000000000001,3.875,2.9999999999999996,10.875,0.625,0.625,0.875,1.0,0.6250000000000001,3.875,2.9999999999999996,749803,-63.420882551816945,-5.928634588018453,-64.0,-4.0,-64.0,64.0,1.0
------------X-----XXX-----XXXO-----XXO-----OOO------------------ X;,1,50,9,5,4,0,-16,0,64,4.25,0.25,0.25,0.25,9.0,11.25,0.25,0.25,1.25,1.0,0.25,0.25,9.0,1322383,-63.609222139123084,-5.908840328407126,-64.0,-4.0,-64.0,64.0,1.0
-----------------X-OX----OOOO-----OXXXX---XX-------------------- X;,1,50,8,6,2,4,-16,0,64,0.37499999999999994,2.125,0.6250000000000001,0.875,10.000000000000002,9.375,1.125,0.625,0.875,2.0,0.6250000000000001,0.875,10.000000000000002,855554,-63.285534285387016,-6.525210565317911,-64.0,-4.0,-64.0,64.0,1.0
-------------------OXXX--XXOOX-----OXO-----XO------------------- X;,1,50,8,6,2,1,-16,0,64,1.6249999999999998,1.375,0.37499999999999994,4.625,5.999999999999999,10.625,0.375,0.375,0.625,2.0,0.37499999999999994,4.625,5.999999999999999,887187,-63.397015510822406,-6.132580842595755,-64.0,-4.0,-64.0,64.0,1.0
------------------XXX----OOOO-----XXXXX---XX-------------------- X;,1,50,10,4,6,1,-16,0,64,2.9999999999999996,0.0,0.5000000000000001,0.5000000000000001,10.000000000000002,10.0,1.0,0.5,0.5,2.0,0.5000000000000001,0.5000000000000001,10.000000000000002,391469,-62.59482615481686,-7.5531344755267975,-64.0,-4.0,-64.0,64.0,1.0
-----------X-------XOX-----XOX----XXOO----XOO------------------- X;,1,50,8,6,2,1,-18,0,64,1.2500000000000002,3.2499999999999996,1.2500000000000002,1.2500000000000002,7.000000000000001,11.25,0.25,0.25,1.25,1.0,1.2500000000000002,1.2500000000000002,7.000000000000001,829168,-63.4290035312506,-5.980978523049611,-64.0,-4.0,-64.0,64.0,1.0
-----------X-------X------OOOX----XOXXX---XOO------------------- X;,1,50,8,6,2,0,-18,0,64,1.875,1.1249999999999998,1.1249999999999998,1.875,8.000000000000002,10.875,0.125,0.125,0.875,2.0,1.1249999999999998,1.875,8.000000000000002,905124,-63.398517772150555,-6.1219877055519465,-64.0,-4.0,-64.0,64.0,1.0
----------X--------XX-----OOX-----OOXXX---XXO------------------- X;,1,50,9,5,4,0,-24,0,64,0.6250000000000001,1.375,1.375,0.6250000000000001,10.000000000000002,10.625,0.375,0.375,0.625,2.0,1.375,0.6250000000000001,10.000000000000002,413548,-62.62393724549508,-8.290607136293731,-64.0,-4.0,-64.0,64.0,1.0
-------------------O-----OXXXX---OXXXO---OOO-------------------- X;,1,50,7,7,0,221,2,-64,0,4.875000000000001,0.6250000000000001,2.625,0.875,5.000000000000001,9.375,0.125,1.125,0.375,3.0,2.625,0.875,5.000000000000001,1413800,6.1173617201867305,63.96098033668128,4.0,64.0,-64.0,64.0,1.0
-----------XO-----XXX-----OXXO-----XX------OOO------------------ X;,1,50,8,6,2,15,4,-64,0,4.499999999999999,0.5000000000000001,0.5000000000000001,0.5000000000000001,8.000000000000002,10.0,0.0,1.0,1.0,2.0,0.5000000000000001,0.5000000000000001,8.000000000000002,372716,8.086891896242715,63.926480215499204,4.0,64.0,-64.0,64.0,1.0
--------------------OX-O--OXXXO---XXXOO-----O------------------- X;,1,50,7,7,0,9,6,-64,0,5.375,2.125,1.1249999999999998,2.3749999999999996,2.9999999999999996,9.375,0.125,1.125,0.375,3.0,1.1249999999999998,2.3749999999999996,2.9999999999999996,392777,6.748470506165076,63.956443478105896,4.0,64.0,-64.0,64.0,1.0
------------------XO----OOOOOO---OXXXX-----O-------------------- X;,1,50,5,9,-4,6,6,-64,0,1.375,0.12500000000000003,1.1249999999999998,0.37499999999999994,11.0,9.375,0.125,1.125,0.375,3.0,1.1249999999999998,0.37499999999999994,11.0,706793,8.433467790428033,63.83784219707892,4.0,64.0,-64.0,64.0,1.0
-----------OX------XXX----OXXO-----XO------OO-----O------------- X;,1,50,7,7,0,2,8,-64,0,1.875,0.6250000000000001,0.6250000000000001,1.875,9.0,9.375,0.125,1.125,0.375,3.0,0.6250000000000001,1.875,9.0,432961,5.228683414903421,63.973891412852424,4.0,64.0,-64.0,64.0,1.0
------------------XO-----XXXXO---OOOOOO----O-------------------- X;,1,50,5,9,-4,1,12,-64,0,2.3749999999999996,0.6250000000000001,0.12500000000000003,0.875,10.000000000000002,9.875,0.125,1.625,0.375,2.0,0.12500000000000003,0.875,10.000000000000002,395854,8.52744698803094,63.834913882390985,4.0,64.0,-64.0,64.0,1.0
--------------------OX----XOX-O---OOOOO-----OOO----------------- X;,1,50,3,11,-8,0,6,-64,0,2.75,0.25,0.7499999999999999,2.25,8.000000000000002,8.75,0.25,0.75,0.25,4.0,0.7499999999999999,2.25,8.000000000000002,2039820,6.237208185035935,63.95039072074987,4.0,64.0,-64.0,64.0,1.0
-------------------X-------XX-----OXXO----O-OO----OOOO---------- X;,1,50,5,9,-4,1,8,-64,0,6.499999999999999,0.0,1.4999999999999998,0.0,5.999999999999999,8.0,0.5,1.0,0.5,4.0,1.4999999999999998,0.0,5.999999999999999,454241,6.789211013536867,63.91635277308741,4.0,64.0,-64.0,64.0,1.0
-------------------X-------XX----OOXXO----O-OO-----OOO---------- X;,1,50,5,9,-4,0,8,-64,0,6.75,0.25,0.7499999999999999,0.25,5.999999999999999,8.25,0.75,0.25,0.75,4.0,0.7499999999999999,0.25,5.999999999999999,262942,5.831316411984392,63.92265975005895,4.0,64.0,-64.0,64.0,1.0
------------------O-OX----XOX-O----XOOO-----OOO----------------- X;,1,50,4,10,-6,0,10,-64,0,1.375,0.12500000000000003,1.1249999999999998,6.374999999999999,5.000000000000001,8.875,0.625,0.625,0.875,3.0,1.1249999999999998,6.374999999999999,5.000000000000001,368046,7.231443895600006,63.892372149133536,4.0,64.0,-64.0,64.0,1.0
-------------------OOX----XXO-O----XXOO-----OOO----------------- X;,1,50,5,9,-4,0,12,-64,0,2.75,0.25,1.7500000000000002,2.25,7.000000000000001,8.75,0.25,0.75,1.25,3.0,1.7500000000000002,2.25,7.000000000000001,675971,7.437810201916946,63.92333694788682,4.0,64.0,-64.0,64.0,1.0
------------------XO--O--O-XXO---OOXO----OOO-------------------- X;,1,50,4,10,-6,0,14,-64,0,4.0,1.0,1.0,2.9999999999999996,5.000000000000001,8.0,1.0,1.0,1.0,3.0,1.0,2.9999999999999996,5.000000000000001,151012,7.916655630016158,63.844422959764785,4.0,64.0,-64.0,64.0,1.0
------------------OXX------XX-----OXOO----OO------OOO----------- X;,1,50,5,9,-4,13,10,-64,0,2.75,0.25,1.7500000000000002,1.2500000000000002,8.000000000000002,8.75,0.25,0.75,0.25,4.0,1.7500000000000002,1.2500000000000002,8.000000000000002,592578,5.56399326333411,63.98526438713553,4.0,64.0,-64.0,64.0,1.0
------------------O-OX----XOXXX---OXO-O--O--O------------------- X;,1,50,6,8,-2,8,10,-64,0,0.25,0.7499999999999999,1.2500000000000002,5.749999999999999,5.999999999999999,8.75,0.25,0.75,0.25,4.0,1.2500000000000002,5.749999999999999,5.999999999999999,817098,5.332471747574954,63.984187943184295,4.0,64.0,-64.0,64.0,1.0
------------------XO-O---XXXXX---O-OOOO----O-------------------- X;,1,50,6,8,-2,12,12,-64,0,0.25,0.25,1.2500000000000002,1.2500000000000002,11.0,9.25,0.25,1.25,0.25,3.0,1.2500000000000002,1.2500000000000002,11.0,428510,11.176948029217522,63.88352663881823,4.0,64.0,-64.0,64.0,1.0
-----------------OO-OX----OXXXX---XOO-O-----O------------------- X;,1,50,6,8,-2,16,14,-64,0,0.25,1.7500000000000002,1.2500000000000002,2.75,8.000000000000002,8.75,0.25,0.75,0.25,4.0,1.2500000000000002,2.75,8.000000000000002,465091,5.628403903752169,63.91965013298473,4.0,64.0,-64.0,64.0,1.0
------------------O-OX----OXXXX---OXO-O---O-O------------------- X;,1,50,6,8,-2,2,18,-64,0,2.3749999999999996,0.6250000000000001,0.12500000000000003,1.875,9.0,9.875,0.125,0.625,0.375,3.0,0.12500000000000003,1.875,9.0,306236,8.766376258833057,63.94724330255097,4.0,64.0,-64.0,64.0,1.0
------------------XXXO---XXXO----O-OOOO----O-------------------- X;,1,50,6,8,-2,0,14,-64,0,1.2500000000000002,0.25,0.25,2.25,10.000000000000002,9.25,1.25,1.25,0.25,2.0,0.25,2.25,10.000000000000002,428457,11.177317677153134,63.88351223109904,4.0,64.0,-64.0,64.0,1.0
-----------O------XOX----XXOX----O-OOOO----O-------------------- X;,1,50,5,9,-4,0,18,-64,0,1.875,0.6250000000000001,0.12500000000000003,1.375,10.000000000000002,9.375,1.125,0.625,0.875,2.0,0.12500000000000003,1.375,10.000000000000002,332621,10.163116580131742,63.815189059019126,4.0,64.0,-64.0,64.0,1.0
-----------------OXXX----OOXX----O-OOOO----O-------------------- X;,1,50,5,9,-4,0,20,-64,0,1.6249999999999998,1.375,2.3749999999999996,0.6250000000000001,8.000000000000002,8.625,1.375,1.375,0.625,2.0,2.3749999999999996,0.6250000000000001,8.000000000000002,37647,25.634552553988364,62.96310462985098,12.0,64.0,-64.0,64.0,1.0
----------O-------XOX----XXXO----O-OOOO----O-------------------- X;,1,50,5,9,-4,0,20,-64,0,1.6249999999999998,0.37499999999999994,0.37499999999999994,1.6249999999999998,10.000000000000002,8.625,1.375,1.375,0.625,2.0,0.37499999999999994,1.6249999999999998,10.000000000000002,169435,19.497293947531503,63.56415144450674,6.0,64.0,-64.0,64.0,1.0
-----------XO-----XO------OXOO---OOOO-------O-------O----------- X;,1,50,3,11,-8,0,26,-64,0,4.875000000000001,1.1249999999999998,0.12500000000000003,1.875,5.999999999999999,9.375,1.625,0.625,0.375,2.0,0.12500000000000003,1.875,5.999999999999999,61551,17.305194066708907,63.312115156536855,6.0,64.0,-64.0,64.0,1.0
---------O--------OXX----XXOX----O-OOOO----O-------------------- X;,1,50,5,9,-4,0,34,-64,0,1.7500000000000002,0.25,0.25,1.7500000000000002,10.000000000000002,8.75,1.25,1.25,0.75,2.0,0.25,1.7500000000000002,10.000000000000002,91128,28.67491879554034,63.113027828987796,16.0,64.0,-64.0,64.0,1.0
------------------XO--O--XXXXO---O-OOO-----O--O----------------- X;,1,50,5,9,-4,0,16,-64,0,1.875,0.6250000000000001,0.6250000000000001,0.875,10.000000000000002,8.375,0.125,1.125,0.375,4.0,0.6250000000000001,0.875,10.000000000000002,180556,6.296871884623053,63.899466093621925,4.0,64.0,-64.0,64.0,1.0
-----------OX-------XX----OOXO-----XO------OOO----O------------- X;,1,50,5,9,-4,0,16,-64,0,1.2500000000000002,0.7499999999999999,0.25,5.749999999999999,5.999999999999999,8.75,0.25,0.75,0.25,4.0,0.25,5.749999999999999,5.999999999999999,246327,6.173752775781786,63.92492093842738,4.0,64.0,-64.0,64.0,1.0
-------------O-----XO------XX-----OXOO----OO------OOO----------- X;,1,50,4,10,-6,0,22,-64,0,3.375,1.6249999999999998,1.1249999999999998,2.875,5.000000000000001,8.375,0.625,1.125,0.875,3.0,1.1249999999999998,2.875,5.000000000000001,106200,8.410508474576272,63.75009416195857,4.0,64.0,-64.0,64.0,1.0
-------------------XXX----XOOO----OOOO------OOO----------------- X;,1,50,4,10,-6,74,2,-64,0,4.25,1.2500000000000002,1.2500000000000002,1.2500000000000002,5.999999999999999,11.25,0.25,0.25,0.25,2.0,1.2500000000000002,1.2500000000000002,5.999999999999999,2781902,5.615323616719784,63.95983395532984,4.0,64.0,-64.0,64.0,1.0
------------------XXX------XOOO---OOOO---OOO-------------------- X;,1,50,4,10,-6,25,4,-64,0,1.7500000000000002,0.25,2.25,2.75,7.000000000000001,9.75,0.25,0.25,0.75,3.0,2.25,2.75,7.000000000000001,3795469,4.604287902232899,63.99269602781632,4.0,64.0,-64.0,64.0,1.0
------------------XXX-O----XOO----OOOO---OOO-------------------- X;,1,50,4,10,-6,1,6,-64,0,2.0000000000000004,0.5000000000000001,2.5000000000000004,2.9999999999999996,5.999999999999999,10.0,0.5,0.5,1.0,2.0,2.5000000000000004,2.9999999999999996,5.999999999999999,1673710,5.835809070866518,63.971891187840185,4.0,64.0,-64.0,64.0,1.0
------------------XXXO-----XOO----OOOO---OOO-------------------- X;,1,50,4,10,-6,1,8,-64,0,1.875,0.12500000000000003,2.125,3.875,5.999999999999999,10.875,0.125,0.125,0.875,2.0,2.125,3.875,5.999999999999999,1660024,7.210070456812673,63.95928854040665,4.0,64.0,-64.0,64.0,1.0
-------------O-----XOX----XOX-----OOOO------OOO----------------- X;,1,50,4,10,-6,0,10,-64,0,2.0000000000000004,0.5000000000000001,0.0,2.5000000000000004,9.0,10.0,0.5,0.0,0.5,3.0,0.0,2.5000000000000004,9.0,1450828,6.449650820083428,63.93114276812965,4.0,64.0,-64.0,64.0,1.0
-----------O-------OXX----XOX-----OOOO------OOO----------------- X;,1,50,4,10,-6,0,12,-64,0,1.7500000000000002,2.25,0.25,2.75,7.000000000000001,9.75,0.25,0.25,0.75,3.0,0.25,2.75,7.000000000000001,1047580,8.305677847992516,63.906529334275184,4.0,64.0,-64.0,64.0,1.0
------------O------XOX----XOO-----OOOO------OOO----------------- X;,1,50,3,11,-8,0,14,-64,0,4.750000000000001,0.25,0.25,1.7500000000000002,7.000000000000001,9.75,0.25,0.25,0.75,3.0,0.25,1.7500000000000002,7.000000000000001,742004,9.692848016991823,63.81502525592854,4.0,64.0,-64.0,64.0,1.0
----------O--------OXX----XOO-----OOOO------OOO----------------- X;,1,50,3,11,-8,0,18,-64,0,5.000000000000001,2.0000000000000004,0.0,2.0000000000000004,5.000000000000001,10.0,0.0,0.0,1.0,3.0,0.0,2.0000000000000004,5.000000000000001,631885,7.802733092255711,63.90791995378906,4.0,64.0,-64.0,64.0,1.0
--------------O----XXO----XOO-----OOOO------OOO----------------- X;,1,50,3,11,-8,0,30,-64,0,5.375,0.6250000000000001,0.6250000000000001,0.37499999999999994,7.000000000000001,9.875,0.125,0.125,0.875,3.0,0.6250000000000001,0.37499999999999994,7.000000000000001,493691,12.560480138386156,63.747894938331875,4.0,64.0,-64.0,64.0,1.0
---O--------O-------XOO---XXX------XXO------OOO----------------- X;,1,50,6,8,-2,67,4,-64,0,5.749999999999999,0.7499999999999999,0.7499999999999999,0.7499999999999999,5.999999999999999,7.75,0.75,0.75,0.75,4.0,0.7499999999999999,0.7499999999999999,5.999999999999999,1976611,4.939006208100633,63.97128620654241,4.0,64.0,-64.0,64.0,1.0
------------X-------XOO---XXX-----OOOO------OOO----------------- X;,1,50,5,9,-4,4,8,-64,0,1.7500000000000002,1.2500000000000002,0.7499999999999999,0.25,10.000000000000002,8.75,0.25,0.75,0.25,4.0,0.7499999999999999,0.25,10.000000000000002,1578958,5.3838810152011645,63.9675494851668,4.0,64.0,-64.0,64.0,1.0
-------------------X-------XX---OOOOOO----O-OO----O--O---------- X;,1,50,3,11,-8,2,10,-64,0,2.25,0.25,1.2500000000000002,0.25,10.000000000000002,7.75,0.75,0.75,0.75,4.0,1.2500000000000002,0.25,10.000000000000002,483588,5.943675194587128,63.925213198011534,4.0,64.0,-64.0,64.0,1.0
-------------------X------OXX----XOOXO----O-OO----O--O---------- X;,1,50,5,9,-4,3,12,-64,0,3.7500000000000004,0.25,1.7500000000000002,1.2500000000000002,7.000000000000001,8.75,0.25,0.75,1.25,3.0,1.7500000000000002,1.2500000000000002,7.000000000000001,467152,9.286180943247594,63.86417697023667,4.0,64.0,-64.0,64.0,1.0
-----------X-----OOX-------OXX----OXO----OOO-O------------------ X;,1,50,5,9,-4,0,12,-64,0,2.875,0.6250000000000001,0.6250000000000001,4.875000000000001,5.000000000000001,8.875,0.625,0.625,0.875,3.0,0.6250000000000001,4.875000000000001,5.000000000000001,381902,6.34880152499856,63.93766463647742,4.0,64.0,-64.0,64.0,1.0
------------X-----O-XOO---XOX------XOO------OOO----------------- X;,1,50,5,9,-4,0,12,-64,0,2.875,0.6250000000000001,0.6250000000000001,4.875000000000001,5.000000000000001,8.875,0.625,0.625,0.875,3.0,0.6250000000000001,4.875000000000001,5.000000000000001,390856,6.262019771987638,63.90082792639745,4.0,64.0,-64.0,64.0,1.0
-----------X-----OOX--O----XXO----OXO----OOO-------------------- X;,1,50,5,9,-4,0,16,-64,0,3.7500000000000004,0.25,1.7500000000000002,3.2499999999999996,5.000000000000001,8.25,0.75,1.25,0.75,3.0,1.7500000000000002,3.2499999999999996,5.000000000000001,237923,5.978245062478197,63.94267893394081,4.0,64.0,-64.0,64.0,1.0
------------O-----XXOX----XXO------XXO------OOO----------------- X;,1,50,7,7,0,0,8,-64,0,1.6249999999999998,0.37499999999999994,0.37499999999999994,1.6249999999999998,10.000000000000002,9.625,0.375,0.375,1.625,2.0,0.37499999999999994,1.6249999999999998,10.000000000000002,880372,8.177502237690431,63.93711976300927,4.0,64.0,-64.0,64.0,1.0
------------------XXXX-----OOOO---OXX----OOO-------------------- X;,1,50,6,8,-2,0,8,-64,0,0.6250000000000001,0.37499999999999994,1.375,1.6249999999999998,10.000000000000002,9.625,0.375,0.375,1.625,2.0,1.375,1.6249999999999998,10.000000000000002,1659507,6.165014067430869,63.96584407296866,4.0,64.0,-64.0,64.0,1.0
------------------XXXX----XXO-----OOOO------OOO----------------- X;,1,50,6,8,-2,0,8,-64,0,1.375,0.6250000000000001,0.6250000000000001,1.375,10.000000000000002,10.875,0.125,0.125,0.875,2.0,0.6250000000000001,1.375,10.000000000000002,1613489,6.686910167965198,63.94588621304515,4.0,64.0,-64.0,64.0,1.0
------------------XXXX-----OXX----OXO----OOO-O------------------ X;,1,50,7,7,0,0,10,-64,0,0.25,0.25,0.25,4.25,9.0,11.25,0.25,0.25,1.25,1.0,0.25,4.25,9.0,1637275,5.675216441953856,63.97927043410545,4.0,64.0,-64.0,64.0,1.0
----------O-------XOXX----XXO------XXO------OOO----------------- X;,1,50,7,7,0,0,14,-64,0,1.875,1.1249999999999998,0.12500000000000003,2.875,8.000000000000002,9.875,0.125,0.125,1.875,2.0,0.12500000000000003,2.875,8.000000000000002,740925,7.43658804872288,63.92580085703681,4.0,64.0,-64.0,64.0,1.0
------------------XXXXO----OXO----OXO----OOO-------------------- X;,1,50,6,8,-2,0,14,-64,0,0.875,0.6250000000000001,1.6249999999999998,5.875000000000001,5.000000000000001,9.875,0.625,0.625,1.875,1.0,1.6249999999999998,5.875000000000001,5.000000000000001,870568,7.089419781108425,63.94103619705756,4.0,64.0,-64.0,64.0,1.0
------------------XX------XXX-----XOXO----O-OO---O---O---------- X;,1,50,7,7,0,0,24,-64,0,1.7500000000000002,0.25,0.25,1.7500000000000002,10.000000000000002,9.75,0.25,0.25,1.75,2.0,0.25,1.7500000000000002,10.000000000000002,1168575,8.541272917870055,63.94817619750551,4.0,64.0,-64.0,64.0,1.0
---------O--------OXXX----XOO------XOO------OOO----------------- X;,1,50,5,9,-4,0,26,-64,0,1.7500000000000002,0.25,0.25,3.7500000000000004,8.000000000000002,9.75,0.25,0.25,1.75,2.0,0.25,3.7500000000000004,8.000000000000002,811926,8.89347551377835,63.93085576764385,4.0,64.0,-64.0,64.0,1.0
------------------XXXO-----XXO----OOOO---OOO-------------------- X;,1,50,5,9,-4,1,8,-64,0,0.875,0.12500000000000003,2.125,2.875,8.000000000000002,10.875,0.125,0.125,0.875,2.0,2.125,2.875,8.000000000000002,2739460,6.589689938893066,63.96534207471546,4.0,64.0,-64.0,64.0,1.0
------------------OX------OXX-----OXOO----O-OO----O--O---------- X;,1,50,4,10,-6,1,12,-64,0,4.875000000000001,0.12500000000000003,1.6249999999999998,1.375,5.999999999999999,9.875,0.125,0.625,1.375,2.0,1.6249999999999998,1.375,5.999999999999999,345052,8.623082897650209,63.86843722105654,4.0,64.0,-64.0,64.0,1.0
------------O-----OXOX----XXO------XOO------OOO----------------- X;,1,50,5,9,-4,0,12,-64,0,0.6250000000000001,0.37499999999999994,0.37499999999999994,2.625,10.000000000000002,9.625,0.375,0.375,1.625,2.0,0.37499999999999994,2.625,10.000000000000002,484235,9.337135894761841,63.88493190289839,4.0,64.0,-64.0,64.0,1.0
------------------XXXOO----XXO----OOO----OOO-------------------- X;,1,50,5,9,-4,0,12,-64,0,0.875,0.6250000000000001,1.6249999999999998,3.875,7.000000000000001,9.875,0.625,0.625,1.875,1.0,1.6249999999999998,3.875,7.000000000000001,793326,4.914748791795555,63.97616868727358,4.0,64.0,-64.0,64.0,1.0
----------O-------OOXX----XXO------XOO------OOO----------------- X;,1,50,5,9,-4,2,14,-64,0,0.875,1.1249999999999998,0.12500000000000003,3.875,8.000000000000002,9.875,0.125,0.125,1.875,2.0,0.12500000000000003,3.875,8.000000000000002,571097,6.644370395922234,63.91210249747416,4.0,64.0,-64.0,64.0,1.0
-------------O----XOOO----XOXO----XOO------O------O------------- X;,1,50,4,10,-6,0,14,-64,0,2.0000000000000004,0.5000000000000001,2.5000000000000004,2.9999999999999996,5.999999999999999,10.0,0.5,0.5,1.0,2.0,2.5000000000000004,2.9999999999999996,5.999999999999999,686224,7.340340763365898,63.91526090605983,4.0,64.0,-64.0,64.0,1.0
------------------XXXOO----XOO----OOO----OOO-------------------- X;,1,50,4,10,-6,0,14,-64,0,1.875,0.6250000000000001,1.6249999999999998,4.875000000000001,5.000000000000001,9.875,0.625,0.625,1.875,1.0,1.6249999999999998,4.875000000000001,5.000000000000001,868699,5.995063882886938,63.95285593744208,4.0,64.0,-64.0,64.0,1.0
-------------O----X-OO----XXXO---OOOO------O------O------------- X;,1,50,4,10,-6,0,16,-64,0,1.7500000000000002,0.7499999999999999,0.7499999999999999,4.750000000000001,5.999999999999999,8.75,0.75,0.75,1.75,2.0,0.7499999999999999,4.750000000000001,5.999999999999999,391632,7.98173285124811,63.91376087755852,4.0,64.0,-64.0,64.0,1.0
-------------O----XXO-O----OXO----OXO----OOO-------------------- X;,1,50,4,10,-6,0,18,-64,0,2.25,0.25,0.25,9.249999999999998,2.0000000000000004,9.25,0.25,0.25,2.25,2.0,0.25,9.249999999999998,2.0000000000000004,160401,9.794864121794753,63.853155528955554,4.0,64.0,-64.0,64.0,1.0
------------O----O-OOX----OXO------OOO------OOO----------------- X;,1,50,2,12,-10,0,28,-64,0,4.750000000000001,0.7499999999999999,0.7499999999999999,3.7500000000000004,4.0,8.75,0.75,0.75,1.75,2.0,0.7499999999999999,3.7500000000000004,4.0,25553,17.563730286072087,63.15508942198568,6.0,64.0,-64.0,64.0,1.0
---------O--------OXX-O----OXO----OXO----OOO-------------------- X;,1,50,4,10,-6,0,38,-64,0,1.875,0.6250000000000001,1.6249999999999998,5.875000000000001,4.0,8.875,0.625,0.625,1.875,2.0,1.6249999999999998,5.875000000000001,4.0,41235,18.515387413604948,62.83928701345944,6.0,64.0,-64.0,64.0,1.0
-------------------OOX----XXO-----XXXO----O-OOO----------------- X;,1,50,6,8,-2,5,6,-64,0,1.875,0.12500000000000003,2.125,1.875,8.000000000000002,10.875,0.125,0.125,0.875,2.0,2.125,1.875,8.000000000000002,1054218,5.6552705417665035,63.970175049183375,4.0,64.0,-64.0,64.0,1.0
------------------OXX------XX-----OXXO----OO-O----O--O---------- X;,1,50,6,8,-2,3,8,-64,0,6.875,0.12500000000000003,1.6249999999999998,0.37499999999999994,5.000000000000001,9.875,0.125,0.625,0.375,3.0,1.6249999999999998,0.37499999999999994,5.000000000000001,472634,5.291879128458808,63.97307430273742,4.0,64.0,-64.0,64.0,1.0
----------O-------OO-X----OOXO-----XO-----OOOO------------------ X;,1,50,3,11,-8,0,12,-64,0,4.25,0.25,0.25,5.25,4.0,11.25,0.25,0.25,0.25,2.0,0.25,5.25,4.0,780643,5.060589795847782,63.97937853794885,4.0,64.0,-64.0,64.0,1.0
--------------------OX----XOX-----OXXO---OO-OOO----------------- X;,1,50,5,9,-4,1,14,-64,0,2.875,0.12500000000000003,0.6250000000000001,1.375,9.0,9.875,0.125,0.625,0.375,3.0,0.6250000000000001,1.375,9.0,426665,5.80648049406443,63.95924671580748,4.0,64.0,-64.0,64.0,1.0
-----------------O--OX----OXX-----XOXO----O-OOO----------------- X;,1,50,5,9,-4,0,14,-64,0,2.875,1.6249999999999998,0.6250000000000001,2.875,5.999999999999999,9.875,0.625,0.625,0.875,2.0,0.6250000000000001,2.875,5.999999999999999,614247,5.340545415769227,63.97079676416816,4.0,64.0,-64.0,64.0,1.0
--------------------OX----XXX----OOOOO----O-OOO----------------- X;,1,50,4,10,-6,0,16,-64,0,1.6249999999999998,0.37499999999999994,0.37499999999999994,0.6250000000000001,11.0,9.625,0.375,0.375,0.625,3.0,0.37499999999999994,0.6250000000000001,11.0,748558,5.707066119125038,63.945781088439375,4.0,64.0,-64.0,64.0,1.0
------------------OXX------OX-----OXOO----OO-O----O---O--------- X;,1,50,4,10,-6,0,34,-64,0,2.75,0.25,1.2500000000000002,4.750000000000001,5.000000000000001,9.75,0.25,0.25,0.75,3.0,1.2500000000000002,4.750000000000001,5.000000000000001,203527,6.530199924334363,63.92332221277766,4.0,64.0,-64.0,64.0,1.0
-------------O----OXOX----XOXX----OXO----O--O------------------- X;,1,50,6,8,-2,1,8,-64,0,0.5000000000000001,0.0,0.5000000000000001,5.999999999999999,7.000000000000001,10.0,0.5,0.0,0.5,3.0,0.5000000000000001,5.999999999999999,7.000000000000001,3313515,4.380064674522373,63.990327492104306,4.0,64.0,-64.0,64.0,1.0
------------------XXXOO---XXXO-----OOO-----O--O----------------- X;,1,50,6,8,-2,2,10,-64,0,0.5000000000000001,0.0,1.0,1.4999999999999998,11.0,10.0,0.5,0.5,0.0,3.0,1.0,1.4999999999999998,11.0,1045827,5.364671212351565,63.96912300026678,4.0,64.0,-64.0,64.0,1.0
------------O-----OXOX----XXOX----OXO----O--O------------------- X;,1,50,6,8,-2,1,10,-64,0,0.25,0.25,0.7499999999999999,1.7500000000000002,11.0,9.75,0.75,0.25,0.25,3.0,0.7499999999999999,1.7500000000000002,11.0,3274000,8.143498472816127,63.95531643249847,4.0,64.0,-64.0,64.0,1.0
-------------O----OXO-----OXX-----OXOO----OO------O------------- X;,1,50,4,10,-6,0,18,-64,0,4.499999999999999,2.5000000000000004,1.0,2.0000000000000004,4.0,10.0,1.0,0.5,0.5,2.0,1.0,2.0000000000000004,4.0,137540,10.503257234259125,63.716838737821725,4.0,64.0,-64.0,64.0,1.0
------------------XXXOO---XXXO-----OOOO----O-------------------- X;,1,50,6,8,-2,9,10,-64,0,0.25,0.25,0.7499999999999999,1.7500000000000002,11.0,9.75,0.75,0.25,0.25,3.0,0.7499999999999999,1.7500000000000002,11.0,1309407,5.03654555077222,63.979997052100686,4.0,64.0,-64.0,64.0,1.0
----------O-------XOXO----XXOX-----OOOO----O-------------------- X;,1,50,5,9,-4,1,10,-64,0,1.2500000000000002,0.25,0.7499999999999999,2.75,9.0,9.75,0.75,0.25,0.25,3.0,0.7499999999999999,2.75,9.0,2327029,7.4636835209187335,63.91421507854006,4.0,64.0,-64.0,64.0,1.0
------------O-----XXOO----XXOX-----OOOO----O-------------------- X;,1,50,5,9,-4,43,12,-64,0,1.4999999999999998,2.5000000000000004,0.5000000000000001,2.5000000000000004,7.000000000000001,10.0,1.0,0.0,0.0,3.0,0.5000000000000001,2.5000000000000004,7.000000000000001,429493,15.878223859294563,63.705587751139134,4.0,64.0,-64.0,64.0,1.0
-----------O------XOOO----XOXO-----OOOO----O-------------------- X;,1,50,3,11,-8,3,22,-64,0,3.5,0.0,0.5000000000000001,2.9999999999999996,7.000000000000001,10.0,0.5,0.0,0.5,3.0,0.5000000000000001,2.9999999999999996,7.000000000000001,87124,14.2515954272072,63.54501629860888,4.0,64.0,-64.0,64.0,1.0
------------------OOOOO---XXXO---OOOO-------O------------------- X;,1,50,3,11,-8,0,22,-64,0,3.2499999999999996,2.25,0.7499999999999999,0.7499999999999999,7.000000000000001,9.75,0.75,0.25,0.25,3.0,0.7499999999999999,0.7499999999999999,7.000000000000001,82178,10.995327216529972,63.55881136070481,4.0,64.0,-64.0,64.0,1.0
--------------O---OXXO----XXOX---OOOO-------O------------------- X;,1,50,5,9,-4,0,32,-64,0,2.875,0.6250000000000001,0.12500000000000003,1.375,9.0,9.875,0.625,0.125,0.375,3.0,0.12500000000000003,1.375,9.0,406650,18.29842862412394,63.67146194516169,8.0,64.0,-64.0,64.0,1.0
-----------------OO-OX----OXXX---OOOO-----X-O------------------- X;,1,50,5,9,-4,11,10,-64,0,1.6249999999999998,0.37499999999999994,0.37499999999999994,2.625,9.0,9.625,0.375,0.375,0.625,3.0,0.37499999999999994,2.625,9.0,1746572,5.149033649915377,63.97456846897809,4.0,64.0,-64.0,64.0,1.0
--------------------XX----OOXO-----XO-----XOOO----O--O---------- X;,1,50,5,9,-4,2,12,-64,0,1.875,0.12500000000000003,0.6250000000000001,6.374999999999999,5.000000000000001,9.875,0.125,0.625,0.375,3.0,0.6250000000000001,6.374999999999999,5.000000000000001,956350,4.975272651226016,63.972585350551576,4.0,64.0,-64.0,64.0,1.0
----------O-------OOXX-----OX-----OOOO----XO-------O------------ X;,1,50,4,10,-6,1,12,-64,0,2.625,0.37499999999999994,0.37499999999999994,3.6250000000000004,7.000000000000001,9.625,0.375,0.375,0.625,3.0,0.37499999999999994,3.6250000000000004,7.000000000000001,1414942,5.830904729663831,63.97070409953199,4.0,64.0,-64.0,64.0,1.0
----------O-------OOXX-----XX-----OXOO----XO--------O----------- X;,1,50,6,8,-2,4,14,-64,0,2.625,0.37499999999999994,0.37499999999999994,3.6250000000000004,7.000000000000001,9.625,0.375,0.375,0.625,3.0,0.37499999999999994,3.6250000000000004,7.000000000000001,463849,5.634812191036307,63.94913862054246,4.0,64.0,-64.0,64.0,1.0
-----------------OO-OX----OXXX----OXO-----O-O-----O------------- X;,1,50,5,9,-4,0,20,-64,0,2.875,0.6250000000000001,0.12500000000000003,1.375,9.0,9.875,0.625,0.125,0.375,3.0,0.12500000000000003,1.375,9.0,319226,8.138340861959865,63.93826943920608,4.0,64.0,-64.0,64.0,1.0
----------O-------OOXX-----XX-----OXOO----OO------O------------- X;,1,50,5,9,-4,1,22,-64,0,2.875,0.12500000000000003,0.6250000000000001,1.375,9.0,9.875,0.125,0.625,0.375,3.0,0.6250000000000001,1.375,9.0,103804,9.498362298177334,63.69319101383376,4.0,64.0,-64.0,64.0,1.0
----------------OOO-OX----XXXX----OXO-----O-O------------------- X;,1,50,6,8,-2,1,12,-64,0,1.6249999999999998,0.37499999999999994,1.375,1.6249999999999998,9.0,9.625,0.375,0.375,0.625,3.0,1.375,1.6249999999999998,9.0,399917,6.6542707611829455,63.97225924379309,4.0,64.0,-64.0,64.0,1.0
----------X-------OXOO-----XX-----OXOO----OO------O------------- X;,1,50,5,9,-4,0,12,-64,0,4.375,1.6249999999999998,0.12500000000000003,2.875,5.000000000000001,9.875,0.125,0.625,0.375,3.0,0.12500000000000003,2.875,5.000000000000001,86892,11.99921741932514,63.85333517469963,4.0,64.0,-64.0,64.0,1.0
-----------------XO-OX----XXXO----OXO-O---O-O------------------- X;,1,50,6,8,-2,1,16,-64,0,2.625,1.375,0.37499999999999994,2.625,7.000000000000001,9.625,0.375,0.375,0.625,3.0,0.37499999999999994,2.625,7.000000000000001,306237,8.766210484036874,63.94724347482505,4.0,64.0,-64.0,64.0,1.0
---------------O--XO-OO---XXXO-----OOO-----O-O------------------ X;,1,50,4,10,-6,0,20,-64,0,1.6249999999999998,0.37499999999999994,0.37499999999999994,0.6250000000000001,11.0,9.625,0.375,0.375,0.625,3.0,0.37499999999999994,0.6250000000000001,11.0,187437,14.180690045188516,63.69391315482002,4.0,64.0,-64.0,64.0,1.0
--------------O--XO-OO----XXOX----OOO-----O-O------------------- X;,1,50,4,10,-6,0,26,-64,0,3.7500000000000004,0.25,1.2500000000000002,1.7500000000000002,7.000000000000001,9.75,0.25,0.25,0.75,3.0,1.2500000000000002,1.7500000000000002,7.000000000000001,1234861,10.746869485715397,63.90548247940456,4.0,64.0,-64.0,64.0,1.0
-----------O-----OOOX-----OXX-----XOOOO----O-------------------- X;,1,50,4,10,-6,0,16,-64,0,1.375,0.6250000000000001,0.12500000000000003,2.875,9.0,9.375,0.625,0.125,0.875,3.0,0.12500000000000003,2.875,9.0,765764,6.36708176409442,63.93153765389859,4.0,64.0,-64.0,64.0,1.0
-----------O------XOX-----OXX----OOOOOO----O-------------------- X;,1,50,4,10,-6,2,18,-64,0,3.375,0.12500000000000003,0.6250000000000001,0.875,9.0,9.875,0.625,0.125,0.375,3.0,0.6250000000000001,0.875,9.0,255882,13.379557764907261,63.631384778921536,4.0,64.0,-64.0,64.0,1.0
-----------O------XOO-----XXXO----XOOOO----O-------------------- X;,1,50,5,9,-4,1,18,-64,0,1.875,0.12500000000000003,1.1249999999999998,0.875,10.000000000000002,10.875,0.125,0.125,0.875,2.0,1.1249999999999998,0.875,10.000000000000002,417013,7.367636020939395,63.94455328730759,4.0,64.0,-64.0,64.0,1.0
-----------O------OOX----OXXX-----OOOOO----O-------------------- X;,1,50,4,10,-6,0,20,-64,0,1.875,0.6250000000000001,0.12500000000000003,1.375,10.000000000000002,9.875,0.625,0.125,1.375,2.0,0.12500000000000003,1.375,10.000000000000002,121842,18.49111143940513,63.32118645458873,6.0,64.0,-64.0,64.0,1.0
------------------XXX----OOXOO---OOOO-------O-------O----------- X;,1,50,4,10,-6,1,22,-64,0,2.875,0.6250000000000001,2.125,1.375,7.000000000000001,9.875,0.625,0.125,0.375,3.0,2.125,1.375,7.000000000000001,297462,13.377312060027835,63.702617477190365,4.0,64.0,-64.0,64.0,1.0
------------------XXX----OOXOO----OOO-----O-O-------O----------- X;,1,50,4,10,-6,0,22,-64,0,2.0000000000000004,0.5000000000000001,2.0000000000000004,2.5000000000000004,7.000000000000001,10.0,0.5,0.0,0.5,3.0,2.0000000000000004,2.5000000000000004,7.000000000000001,329919,8.38156032238216,63.862966364471276,4.0,64.0,-64.0,64.0,1.0
---------O-O------OOX-----XOX-----XOOOO----O-------------------- X;,1,50,4,10,-6,0,34,-64,0,2.0000000000000004,0.0,0.5000000000000001,2.5000000000000004,9.0,9.5,0.5,0.0,1.0,3.0,0.5000000000000001,2.5000000000000004,9.0,343838,23.511618843757816,63.39516865500614,12.0,64.0,-64.0,64.0,1.0
----------O-------XOX-O---XXXO-----OOOO----O-------------------- X;,1,50,5,9,-4,0,16,-64,0,1.375,1.1249999999999998,0.12500000000000003,0.37499999999999994,11.0,9.375,1.125,0.125,0.375,3.0,0.12500000000000003,0.37499999999999994,11.0,257622,14.35153830030044,63.571783465697806,4.0,64.0,-64.0,64.0,1.0
-------------O-----XOO----XXXO---OOOOO------O------------------- X;,1,50,4,10,-6,0,16,-64,0,1.6249999999999998,0.37499999999999994,0.37499999999999994,1.6249999999999998,10.000000000000002,10.625,0.375,0.375,0.625,2.0,0.37499999999999994,1.6249999999999998,10.000000000000002,291380,9.315169194865812,63.734944059304,4.0,64.0,-64.0,64.0,1.0
-------------O-----XOX----XXXO---OOOO-O-----O------------------- X;,1,50,5,9,-4,0,18,-64,0,1.375,0.6250000000000001,0.6250000000000001,2.3749999999999996,9.0,9.375,0.625,0.625,0.375,3.0,0.6250000000000001,2.3749999999999996,9.0,216311,14.938056779359348,63.60997822579527,4.0,64.0,-64.0,64.0,1.0
----------O-O-----XOO-----XXOX-----OOOO----O-------------------- X;,1,50,4,10,-6,0,18,-64,0,2.3749999999999996,1.1249999999999998,2.125,1.375,7.000000000000001,9.375,1.125,0.125,0.375,3.0,2.125,1.375,7.000000000000001,504752,15.606404729451295,63.64594097695502,4.0,64.0,-64.0,64.0,1.0
-----------------OXX------OXOO----OOO-----OOO-------O----------- X;,1,50,3,11,-8,0,18,-64,0,3.2499999999999996,0.25,0.7499999999999999,2.75,7.000000000000001,9.75,0.75,0.25,0.25,3.0,0.7499999999999999,2.75,7.000000000000001,468616,12.06219164518497,63.810296703484305,4.0,64.0,-64.0,64.0,1.0
-------------O-----XOOO---XXXO---OOOO-------O------------------- X;,1,50,4,10,-6,0,20,-64,0,1.375,0.6250000000000001,0.12500000000000003,2.875,9.0,9.375,0.625,0.125,0.875,3.0,0.12500000000000003,2.875,9.0,182687,9.379791665526282,63.73754016432478,4.0,64.0,-64.0,64.0,1.0
----------OO------XOO-----XXXO-----OOOO----O-------------------- X;,1,50,4,10,-6,0,22,-64,0,2.875,0.12500000000000003,0.6250000000000001,1.375,9.0,9.375,0.625,0.125,0.875,3.0,0.6250000000000001,1.375,9.0,153006,19.831104662562254,63.32969948890893,10.0,64.0,-64.0,64.0,1.0
-------------OO----XOO----XXOX---OOOO-------O------------------- X;,1,50,4,10,-6,0,36,-64,0,1.7500000000000002,0.25,0.7499999999999999,2.25,9.0,9.25,0.75,0.25,0.75,3.0,0.7499999999999999,2.25,9.0,290911,15.079037918813658,63.559308517037856,4.0,64.0,-64.0,64.0,1.0
-----------O-----OXOX----XXOX------OOOO----O-------------------- X;,1,50,5,9,-4,0,18,-64,0,1.6249999999999998,0.37499999999999994,0.37499999999999994,1.6249999999999998,10.000000000000002,8.625,1.375,0.375,1.625,2.0,0.37499999999999994,1.6249999999999998,10.000000000000002,201662,19.059376580615087,63.29525641915681,6.0,64.0,-64.0,64.0,1.0
-----------------OXXX----OXXX----O-OOOO----O-------------------- X;,1,50,6,8,-2,1,20,-64,0,1.6249999999999998,0.37499999999999994,1.375,0.6250000000000001,10.000000000000002,8.625,1.375,1.375,0.625,2.0,1.375,0.6250000000000001,10.000000000000002,35423,26.26717104705982,62.90698133980747,14.0,64.0,-64.0,64.0,1.0
----------O------OXOX----XXXO------OOOO----O-------------------- X;,1,50,5,9,-4,0,20,-64,0,1.875,0.12500000000000003,0.12500000000000003,1.875,10.000000000000002,8.375,1.625,0.625,1.375,2.0,0.12500000000000003,1.875,10.000000000000002,129507,19.900190723281366,63.16359733450702,6.0,64.0,-64.0,64.0,1.0
----------OX------OX------OXOO----OOO-----O-O-------O----------- X;,1,50,3,11,-8,0,20,-64,0,3.2499999999999996,0.25,1.2500000000000002,1.2500000000000002,8.000000000000002,8.75,1.75,0.75,0.75,2.0,1.2500000000000002,1.2500000000000002,8.000000000000002,29144,19.845182541861103,62.43803184188855,6.0,64.0,-64.0,64.0,1.0
----------OX------XX------XXOO---OOOO-------O-------O----------- X;,1,50,5,9,-4,0,24,-64,0,1.6249999999999998,1.375,0.37499999999999994,2.625,8.000000000000002,8.625,2.375,0.375,0.625,2.0,0.37499999999999994,2.625,8.000000000000002,149389,21.295771442341806,63.543366646807996,10.0,64.0,-64.0,64.0,1.0
---------O-------OOXX----XXOX------OOOO----O-------------------- X;,1,50,5,9,-4,0,36,-64,0,1.7500000000000002,0.25,0.25,1.7500000000000002,10.000000000000002,8.25,1.75,0.75,1.25,2.0,0.25,1.7500000000000002,10.000000000000002,114688,28.678937639508927,63.025477818080354,16.0,64.0,-64.0,64.0,1.0
------------O-----XXXO----XXO-O----OOOO----O-------------------- X;,1,50,5,9,-4,0,18,-64,0,2.25,0.25,0.25,2.25,9.0,9.25,1.25,0.25,0.25,3.0,0.25,2.25,9.0,113184,18.949586513994912,63.23724201300537,8.0,64.0,-64.0,64.0,1.0
-----------OO-----XOXX----XOO------OOOO----O-------------------- X;,1,50,4,10,-6,1,20,-64,0,6.25,0.25,0.25,0.25,7.000000000000001,9.25,1.25,0.25,0.25,3.0,0.25,0.25,7.000000000000001,157371,21.08763368091961,63.24038101047842,10.0,64.0,-64.0,64.0,1.0
------------O-----XXXX---OOOO------OOOO----O-------------------- X;,1,50,4,10,-6,0,22,-64,0,6.25,2.25,1.2500000000000002,0.25,4.0,9.25,2.25,0.25,0.25,2.0,1.2500000000000002,0.25,4.0,79085,22.478801289751534,63.503319213504454,12.0,64.0,-64.0,64.0,1.0
----------O-O-----XOXX----XXO------OOOO----O-------------------- X;,1,50,5,9,-4,0,22,-64,0,2.75,0.7499999999999999,0.25,1.2500000000000002,9.0,8.75,1.75,0.25,0.25,3.0,0.25,1.2500000000000002,9.0,118173,25.153292207187768,63.078249684784176,14.0,64.0,-64.0,64.0,1.0
------------O----OXXXX----OXO------OOOO----O-------------------- X;,1,50,5,9,-4,0,28,-64,0,2.75,1.7500000000000002,1.2500000000000002,1.2500000000000002,7.000000000000001,8.75,1.75,0.25,0.25,3.0,1.2500000000000002,1.2500000000000002,7.000000000000001,141070,14.540823704543843,63.53967533848444,4.0,64.0,-64.0,64.0,1.0
------------O-----XOXX----OXO----O-OOOO----O-------------------- X;,1,50,4,10,-6,0,28,-64,0,4.25,0.25,0.25,2.25,7.000000000000001,9.25,1.25,0.25,0.25,3.0,0.25,2.25,7.000000000000001,79233,19.43243345575707,63.60958186614163,10.0,64.0,-64.0,64.0,1.0
---------O--O-----OXXX----XOO------OOOO----O-------------------- X;,1,50,4,10,-6,0,34,-64,0,4.875000000000001,0.6250000000000001,0.12500000000000003,1.375,7.000000000000001,8.875,1.625,0.125,0.375,3.0,0.12500000000000003,1.375,7.000000000000001,164369,24.05181025619186,63.414256946261155,12.0,64.0,-64.0,64.0,1.0
------------O-O---XXXO----XXO------OOOO----O-------------------- X;,1,50,5,9,-4,0,38,-64,0,1.875,0.6250000000000001,0.12500000000000003,2.3749999999999996,9.0,8.875,1.625,0.125,0.375,3.0,0.12500000000000003,2.3749999999999996,9.0,169878,23.562745028785365,63.445142984965685,12.0,64.0,-64.0,64.0,1.0
---------O--------OXX----OXXX-----OOOOO----O-------------------- X;,1,50,5,9,-4,0,34,-64,0,1.0,0.5000000000000001,1.0,1.4999999999999998,10.000000000000002,9.5,1.0,0.5,1.0,2.0,1.0,1.4999999999999998,10.000000000000002,209856,18.555009149130832,63.42288045135712,6.0,64.0,-64.0,64.0,1.0
---------O--------OXX-----XXX----OOOOOO----O-------------------- X;,1,50,5,9,-4,0,34,-64,0,1.0,0.0,1.0,1.0,11.0,9.5,0.5,0.5,0.5,3.0,1.0,1.0,11.0,175871,17.19562633976039,63.65591825826885,4.0,64.0,-64.0,64.0,1.0
---------O-------OOXX-----OXX-----XOOOO----O-------------------- X;,1,50,5,9,-4,0,34,-64,0,0.7499999999999999,2.25,0.7499999999999999,1.2500000000000002,9.0,9.25,0.75,0.25,0.75,3.0,0.7499999999999999,1.2500000000000002,9.0,207209,15.356948781182284,63.53320560400369,4.0,64.0,-64.0,64.0,1.0
---------O--------OXX-----OXX-----OOOOO---OO-------------------- X;,1,50,4,10,-6,0,34,-64,0,1.875,0.6250000000000001,2.125,0.37499999999999994,9.0,9.875,0.625,0.125,0.375,3.0,2.125,0.37499999999999994,9.0,198613,20.79184142024943,63.37685851379315,10.0,64.0,-64.0,64.0,1.0
---------O--------OXX-----OXOO----OOO-----O-O-------O----------- X;,1,50,3,11,-8,0,36,-64,0,2.875,0.6250000000000001,2.125,1.375,7.000000000000001,9.875,0.625,0.125,0.375,3.0,2.125,1.375,7.000000000000001,155167,11.482853957349178,63.69652052304936,4.0,64.0,-64.0,64.0,1.0
---------O--------OXX-----XXOO---OOOO-------O-------O----------- X;,1,50,4,10,-6,0,38,-64,0,2.0000000000000004,2.5000000000000004,0.5000000000000001,2.0000000000000004,7.000000000000001,9.5,1.0,0.0,0.5,3.0,0.5000000000000001,2.0000000000000004,7.000000000000001,67100,23.564113263785394,63.094217585692995,12.0,64.0,-64.0,64.0,1.0
---------O-------OOXX-----OXOO----XOO-------O-------O----------- X;,1,50,4,10,-6,0,42,-64,0,1.7500000000000002,0.25,0.7499999999999999,2.25,9.0,9.25,0.75,0.25,0.75,3.0,0.7499999999999999,2.25,9.0,64704,27.858154055390703,61.822607566765576,14.0,64.0,-64.0,64.0,1.0
-----------------OO-OX---XOXXX----OOO----O--O------------------- X;,1,50,5,9,-4,1,10,-64,0,1.7500000000000002,0.25,0.7499999999999999,1.2500000000000002,10.000000000000002,8.75,0.25,0.75,0.25,4.0,0.7499999999999999,1.2500000000000002,10.000000000000002,776564,6.384390726327772,63.9456297227273,4.0,64.0,-64.0,64.0,1.0
----------------O-O-OX---OXXXX----OXO----O--O------------------- X;,1,50,6,8,-2,0,12,-64,0,1.4999999999999998,0.5000000000000001,1.4999999999999998,2.5000000000000004,8.000000000000002,8.5,0.5,0.5,0.5,4.0,1.4999999999999998,2.5000000000000004,8.000000000000002,486127,6.836320549979738,63.942085092990105,4.0,64.0,-64.0,64.0,1.0
------------------O-OX---OXXXX--O-OXO----O--O------------------- X;,1,50,6,8,-2,0,12,-64,0,1.4999999999999998,0.5000000000000001,1.4999999999999998,2.5000000000000004,8.000000000000002,8.5,0.5,0.5,0.5,4.0,1.4999999999999998,2.5000000000000004,8.000000000000002,835395,5.474679642564296,63.961843199923386,4.0,64.0,-64.0,64.0,1.0
------------------O-OX---XXXXO----OXO-O--O--O------------------- X;,1,50,6,8,-2,0,14,-64,0,2.25,1.2500000000000002,0.25,3.2499999999999996,7.000000000000001,8.75,0.75,0.75,0.75,3.0,0.25,3.2499999999999996,7.000000000000001,210631,5.225318210519819,63.95511581865917,4.0,64.0,-64.0,64.0,1.0
-----------X-O----OXO------XX-----OXOO----OO------O------------- X;,1,50,5,9,-4,0,20,-64,0,3.7500000000000004,1.7500000000000002,0.7499999999999999,2.75,5.000000000000001,8.75,0.75,0.75,0.75,3.0,0.7499999999999999,2.75,5.000000000000001,36842,10.255686444818414,63.44905271157918,4.0,64.0,-64.0,64.0,1.0
-----------------O--OX----OXXX----OXO----OOOO------------------- X;,1,50,5,9,-4,0,12,-64,0,3.5,0.5000000000000001,1.0,1.0,8.000000000000002,10.0,0.0,0.5,1.5,2.0,1.0,1.0,8.000000000000002,906767,7.038460817387488,63.9092798921884,4.0,64.0,-64.0,64.0,1.0
-----------------O--OX----OXXO----OXO-O--OX-O------------------- X;,1,50,5,9,-4,0,16,-64,0,5.749999999999999,0.25,0.7499999999999999,2.25,5.000000000000001,8.75,0.25,0.75,1.25,3.0,0.7499999999999999,2.25,5.000000000000001,277144,6.525813295615276,63.93868169615796,4.0,64.0,-64.0,64.0,1.0
-------------------O-XO----OXO---OOOOO----XO--O----------------- X;,1,50,3,11,-8,0,16,-64,0,5.749999999999999,0.25,0.7499999999999999,2.25,5.000000000000001,8.75,0.25,0.75,1.25,3.0,0.7499999999999999,2.25,5.000000000000001,744547,6.2726221447403585,63.94671390791985,4.0,64.0,-64.0,64.0,1.0
----------O--O-----OOX-----XX-----OXOO----OO------O------------- X;,1,50,4,10,-6,0,18,-64,0,5.25,0.25,1.2500000000000002,1.2500000000000002,5.999999999999999,9.25,0.25,1.25,1.25,2.0,1.2500000000000002,1.2500000000000002,5.999999999999999,169156,7.1605973184516065,63.84734801012083,4.0,64.0,-64.0,64.0,1.0
-----------------O--OX----OXXX----OXO----OO-O-----O------------- X;,1,50,5,9,-4,0,20,-64,0,3.2499999999999996,0.25,0.25,1.2500000000000002,9.0,9.25,0.25,0.25,1.25,3.0,0.25,1.2500000000000002,9.0,218137,5.904454540036766,63.94778510752417,4.0,64.0,-64.0,64.0,1.0
------------XO-----XXO-----XO-----OOOO----OO------O------------- X;,1,50,4,10,-6,0,18,-64,0,2.75,0.7499999999999999,1.7500000000000002,2.75,5.999999999999999,8.75,0.75,0.75,1.75,2.0,1.7500000000000002,2.75,5.999999999999999,250490,7.172589724140685,63.765826979120924,4.0,64.0,-64.0,64.0,1.0
--------------------OOO---XXXO--OOOOO----O--O------------------- X;,1,50,3,11,-8,0,20,-64,0,2.125,1.875,0.875,2.125,7.000000000000001,8.125,0.875,0.875,1.125,3.0,0.875,2.125,7.000000000000001,156976,9.173313117928855,63.53434919987769,4.0,64.0,-64.0,64.0,1.0
-----------------O--OOO---OXXO---XXOO----O--O------------------- X;,1,50,4,10,-6,0,20,-64,0,2.625,0.37499999999999994,1.375,0.6250000000000001,9.0,8.625,0.375,1.375,0.625,3.0,1.375,0.6250000000000001,9.0,114752,8.29914947016174,63.70792665923034,4.0,64.0,-64.0,64.0,1.0
------------XO----OXX------OX-----OXOO----OO------O------------- X;,1,50,5,9,-4,0,22,-64,0,1.7500000000000002,0.7499999999999999,1.7500000000000002,4.750000000000001,5.000000000000001,8.75,0.75,0.75,0.75,3.0,1.7500000000000002,4.750000000000001,5.000000000000001,134304,9.55652847271861,63.71707469621158,4.0,64.0,-64.0,64.0,1.0
----------OOO------XO------XO-----OOOO------OO-------O---------- X;,1,50,2,12,-10,0,26,-64,0,3.375,0.6250000000000001,1.1249999999999998,1.875,7.000000000000001,8.375,0.625,1.125,0.875,3.0,1.1249999999999998,1.875,7.000000000000001,31599,16.981233583341243,63.24219120858255,6.0,64.0,-64.0,64.0,1.0
------------------X-OX---OOOX-----XXOX----X-OO------------------ X;,1,50,7,7,0,17,-6,0,64,1.2500000000000002,0.25,1.2500000000000002,5.25,5.999999999999999,11.25,0.25,0.25,0.25,2.0,1.2500000000000002,5.25,5.999999999999999,2731802,-63.90940997920054,-4.1574901841348675,-64.0,-4.0,-64.0,64.0,1.0
----------------X-X-OX---XOOO-----XOOX------OO------------------ X;,1,50,6,8,-2,1,-10,0,64,4.625,0.37499999999999994,1.375,0.6250000000000001,7.000000000000001,9.625,0.375,0.375,0.625,3.0,1.375,0.6250000000000001,7.000000000000001,1070068,-63.883627956354175,-4.235229910622502,-64.0,-4.0,-64.0,64.0,1.0
------------------X-OX---XOOO---X-OOXX----O-O------------------- X;,1,50,6,8,-2,0,-12,0,64,2.625,0.37499999999999994,0.37499999999999994,1.6249999999999998,9.0,9.625,0.375,0.375,0.625,3.0,0.37499999999999994,1.6249999999999998,9.0,1006874,-63.59562566915026,-5.562455679658031,-64.0,-4.0,-64.0,64.0,1.0
------------------XXXX-----XOOO---XXOO-----OO------------------- X;,1,50,7,7,0,4,-14,0,64,1.2500000000000002,0.25,0.25,0.25,11.999999999999998,11.25,0.25,0.25,0.25,2.0,0.25,0.25,11.999999999999998,1154802,-63.691883110697766,-5.412496687743873,-64.0,-4.0,-64.0,64.0,1.0
------------------X-X-----OOXXX----OO-----XOO------OO----------- X;,1,50,6,8,-2,0,-14,0,64,2.25,0.25,1.2500000000000002,2.25,8.000000000000002,9.25,0.25,0.25,0.25,4.0,1.2500000000000002,2.25,8.000000000000002,353459,-62.817124475540304,-7.812708121734063,-64.0,-4.0,-64.0,64.0,1.0
------------------X-X-----OOXX-----OO-X---XOO------OO----------- X;,1,50,6,8,-2,0,-14,0,64,2.25,0.25,1.2500000000000002,2.25,8.000000000000002,9.25,0.25,0.25,0.25,4.0,1.2500000000000002,2.25,8.000000000000002,460900,-63.335074853547404,-6.267285745280972,-64.0,-4.0,-64.0,64.0,1.0
----------X-------XXOX-----OOOO---XXOX-----O-------------------- X;,1,50,7,7,0,0,-14,0,64,2.25,0.7499999999999999,0.7499999999999999,3.2499999999999996,7.000000000000001,9.75,0.25,0.25,0.75,3.0,0.7499999999999999,3.2499999999999996,7.000000000000001,1127244,-63.778495161650895,-5.071798120016607,-64.0,-4.0,-64.0,64.0,1.0
-----------X------XX-X-----XOOO---XXOOO----O-------------------- X;,1,50,7,7,0,0,-14,0,64,1.2500000000000002,1.2500000000000002,1.2500000000000002,0.25,10.000000000000002,9.25,0.25,0.25,0.25,4.0,1.2500000000000002,0.25,10.000000000000002,366150,-62.86084391642769,-6.669233920524375,-64.0,-4.0,-64.0,64.0,1.0
-------------------XXX----OXX-----XXOX-----OOO----O------------- X;,1,50,8,6,2,3,-8,0,64,1.2500000000000002,0.25,0.25,2.25,10.000000000000002,11.25,0.25,0.25,0.25,2.0,0.25,2.25,10.000000000000002,1413376,-63.86849359264626,-5.11064147120087,-64.0,-4.0,-64.0,64.0,1.0
------------------XXXX----XOX-----XOOOO-----OO------------------ X;,1,50,7,7,0,0,-10,0,64,1.875,0.12500000000000003,0.12500000000000003,1.875,10.000000000000002,10.875,0.125,0.125,0.875,2.0,0.12500000000000003,1.875,10.000000000000002,236526,-62.72945891783567,-8.37429288957662,-64.0,-4.0,-64.0,64.0,1.0
-------------------OX-----XOO-----XOXXX---XOOO------------------ X;,1,50,7,7,0,0,-12,0,64,1.2500000000000002,1.2500000000000002,3.2499999999999996,2.25,5.999999999999999,11.25,0.25,0.25,0.25,2.0,3.2499999999999996,2.25,5.999999999999999,1836378,-63.73954599761051,-5.017231746405152,-64.0,-4.0,-64.0,64.0,1.0
-------------------XXX----XOX----XOOOX---O--OO------------------ X;,1,50,7,7,0,0,-12,0,64,1.7500000000000002,2.25,0.25,2.75,7.000000000000001,9.75,0.25,0.25,0.75,3.0,0.25,2.75,7.000000000000001,679306,-63.72661804842001,-5.562656593641157,-64.0,-4.0,-64.0,64.0,1.0
-------------------XXX----OOX-----XOOX----XOOO------------------ X;,1,50,7,7,0,6,-14,0,64,1.375,0.12500000000000003,0.12500000000000003,3.375,9.0,12.375,0.125,0.125,0.375,1.0,0.12500000000000003,3.375,9.0,693195,-63.65124676317631,-5.082794884556294,-64.0,-4.0,-64.0,64.0,1.0
------------------OX-X----OOXX---XOOOX-----XO------------------- X;,1,50,7,7,0,0,-14,0,64,1.2500000000000002,0.25,0.25,2.25,10.000000000000002,11.25,0.25,0.25,0.25,2.0,0.25,2.25,10.000000000000002,629712,-63.64570470310237,-5.5802049190741165,-64.0,-4.0,-64.0,64.0,1.0
------------------XXX------XXXX---XOOOO---OO-------------------- X;,1,50,8,6,2,0,-16,0,64,0.5000000000000001,2.5000000000000004,0.0,2.0000000000000004,9.0,10.0,0.0,0.5,0.5,3.0,0.0,2.0000000000000004,9.0,1194263,-63.68189753848189,-5.130637053982247,-64.0,-4.0,-64.0,64.0,1.0
-----------------XXXOX----OOOX-----OOX-----XO------------------- X;,1,50,7,7,0,0,-16,0,64,5.25,0.25,0.25,0.25,8.000000000000002,11.25,0.25,0.25,0.25,2.0,0.25,0.25,8.000000000000002,779660,-63.61535797655388,-5.272359746556191,-64.0,-4.0,-64.0,64.0,1.0
----------XO------XOXX-----OXX----XXOX-----O-------------------- X;,1,50,9,5,4,0,-10,0,64,1.7500000000000002,0.25,2.25,4.750000000000001,5.000000000000001,9.75,0.25,0.25,0.75,3.0,2.25,4.750000000000001,5.000000000000001,1128083,-63.64499597990574,-5.347891954758648,-64.0,-4.0,-64.0,64.0,1.0
------------------OX-XX---XOOX---X-OOO-----XO------------------- X;,1,50,7,7,0,0,-18,0,64,4.750000000000001,0.25,0.25,1.7500000000000002,7.000000000000001,9.75,0.25,0.25,0.75,3.0,0.25,1.7500000000000002,7.000000000000001,417933,-63.67394773803456,-5.179882899890653,-64.0,-4.0,-64.0,64.0,1.0
----------X--X----XXX------XOO----XOOX----OO-------------------- X;,1,50,8,6,2,1,-18,0,64,2.0000000000000004,0.0,0.5000000000000001,2.5000000000000004,9.0,10.0,0.0,0.5,0.5,3.0,0.5000000000000001,2.5000000000000004,9.0,957414,-63.72830771223316,-4.887795666242607,-64.0,-4.0,-64.0,64.0,1.0
------------------OX-XX--XXOOX-----OOO-----XO------------------- X;,1,50,7,7,0,0,-18,0,64,4.750000000000001,0.25,0.25,1.7500000000000002,7.000000000000001,9.75,0.25,0.25,0.75,3.0,0.25,1.7500000000000002,7.000000000000001,434389,-63.62409269111326,-5.344895934289312,-64.0,-4.0,-64.0,64.0,1.0
-------------X-----OXX----OOX-----XOXX----XOO------------------- X;,1,50,8,6,2,0,-20,0,64,1.2500000000000002,0.25,1.2500000000000002,2.25,9.0,11.25,0.25,0.25,1.25,1.0,1.2500000000000002,2.25,9.0,717990,-63.670828284516496,-4.995122494742267,-64.0,-4.0,-64.0,64.0,1.0
-----------X------OOOX----XXOX-----XOO----XO-------------------- X;,1,50,7,7,0,1,-12,0,64,0.875,0.6250000000000001,2.125,2.3749999999999996,8.000000000000002,10.875,0.625,0.125,0.375,2.0,2.125,2.3749999999999996,8.000000000000002,1283111,-63.81340507563258,-4.906105551273429,-64.0,-4.0,-64.0,64.0,1.0
-------------------OXX----XOX-----XOOO----XOOO------------------ X;,1,50,6,8,-2,0,-12,0,64,1.375,0.12500000000000003,1.1249999999999998,4.375,7.000000000000001,12.375,0.125,0.125,0.375,1.0,1.1249999999999998,4.375,7.000000000000001,797945,-63.724326864633525,-4.88464994454505,-64.0,-4.0,-64.0,64.0,1.0
-----------OX-----OO-X----XOXX-----XOO----XO-------------------- X;,1,50,7,7,0,1,-14,0,64,0.37499999999999994,0.6250000000000001,1.1249999999999998,6.875,5.000000000000001,9.875,0.125,0.625,0.375,3.0,1.1249999999999998,6.875,5.000000000000001,675439,-63.54446219421739,-5.5441927398329085,-64.0,-4.0,-64.0,64.0,1.0
------------------X-OX----XOX-----XOOX----XOOO------------------ X;,1,50,7,7,0,0,-14,0,64,2.0000000000000004,0.0,4.499999999999999,2.5000000000000004,5.000000000000001,12.5,0.5,0.0,0.0,1.0,4.499999999999999,2.5000000000000004,5.000000000000001,415232,-63.32620318279901,-6.318973489519112,-64.0,-4.0,-64.0,64.0,1.0
-----------X-------XXX-----XX-----OXOO----XOOO------------------ X;,1,50,8,6,2,0,-14,0,64,1.875,0.12500000000000003,0.6250000000000001,3.375,8.000000000000002,10.875,0.125,0.625,0.375,2.0,0.6250000000000001,3.375,8.000000000000002,1276514,-63.55238563776034,-5.477248193125966,-64.0,-4.0,-64.0,64.0,1.0
------------X-------XX----OOX-----XOOX----XOOO------------------ X;,1,50,7,7,0,2,-16,0,64,1.375,0.12500000000000003,0.6250000000000001,3.875,8.000000000000002,10.875,0.625,0.125,0.375,2.0,0.6250000000000001,3.875,8.000000000000002,505822,-63.43255927974663,-5.598159036182689,-64.0,-4.0,-64.0,64.0,1.0
-----------------X--OX----XOX-----XOOX----XOOO------------------ X;,1,50,7,7,0,0,-16,0,64,1.375,0.12500000000000003,4.625,3.875,4.0,10.875,0.625,0.125,0.375,2.0,4.625,3.875,4.0,467789,-63.67025731686722,-5.0824837693917555,-64.0,-4.0,-64.0,64.0,1.0
-------------X----O-XX----OOX-----XXOX----X-OO------------------ X;,1,50,8,6,2,0,-16,0,64,0.25,0.25,0.25,9.249999999999998,4.0,11.25,0.25,0.25,0.25,2.0,0.25,9.249999999999998,4.0,686610,-63.77525523951006,-4.666296733225558,-64.0,-4.0,-64.0,64.0,1.0
----------X-------XX-X----XOXX----OOOO----XO-------------------- X;,1,50,8,6,2,0,-20,0,64,3.375,0.6250000000000001,0.12500000000000003,1.875,8.000000000000002,10.875,0.125,0.625,0.375,2.0,0.12500000000000003,1.875,8.000000000000002,275061,-63.645125990234895,-5.3119562569757255,-64.0,-4.0,-64.0,64.0,1.0
-----------------XXX-X---XXOOO-----OO-----OOO------------------- X;,1,50,6,8,-2,1,-12,0,64,4.625,0.37499999999999994,0.37499999999999994,1.6249999999999998,7.000000000000001,9.625,0.375,0.375,0.625,3.0,0.37499999999999994,1.6249999999999998,7.000000000000001,540459,-63.73889231190525,-5.0259020573253474,-64.0,-4.0,-64.0,64.0,1.0
------------------XXX------OO-----OOOXX---XOOO------------------ X;,1,50,6,8,-2,1,-12,0,64,4.375,0.6250000000000001,0.12500000000000003,0.875,8.000000000000002,10.875,0.125,0.625,0.375,2.0,0.12500000000000003,0.875,8.000000000000002,748215,-63.639165213207434,-5.385174047566542,-64.0,-4.0,-64.0,64.0,1.0
-----------------OOX-X---XOXXXX----OO------XO------------------- X;,1,50,8,6,2,0,-14,0,64,0.7499999999999999,0.25,0.7499999999999999,2.25,10.000000000000002,8.75,0.25,0.75,0.25,4.0,0.7499999999999999,2.25,10.000000000000002,504628,-63.3223998668326,-6.027299317517062,-64.0,-4.0,-64.0,64.0,1.0
-----------X------OX-X---OOOXX-----XOO----XO-------------------- X;,1,50,7,7,0,0,-14,0,64,0.37499999999999994,3.6250000000000004,0.6250000000000001,6.374999999999999,2.9999999999999996,9.875,0.125,0.125,0.875,3.0,0.6250000000000001,6.374999999999999,2.9999999999999996,921557,-63.68990523646394,-5.354071424773508,-64.0,-4.0,-64.0,64.0,1.0
----------X-------XX-X---XXOOO-----OO-----OOO------------------- X;,1,50,6,8,-2,0,-14,0,64,4.625,0.37499999999999994,0.37499999999999994,1.6249999999999998,7.000000000000001,9.625,0.375,0.375,0.625,3.0,0.37499999999999994,1.6249999999999998,7.000000000000001,545541,-63.750750172764285,-4.975926648959473,-64.0,-4.0,-64.0,64.0,1.0
------------------OX-X---XOOXX----OOOX-----XO------------------- X;,1,50,7,7,0,0,-14,0,64,1.2500000000000002,0.25,0.25,2.25,10.000000000000002,11.25,0.25,0.25,0.25,2.0,0.25,2.25,10.000000000000002,432755,-63.39799193539069,-6.250012131575603,-64.0,-4.0,-64.0,64.0,1.0
-----------X------XX-X---XXOOO-----OO-----OOO------------------- X;,1,50,6,8,-2,0,-16,0,64,4.875000000000001,0.12500000000000003,0.12500000000000003,1.875,7.000000000000001,9.875,0.125,0.125,0.875,3.0,0.12500000000000003,1.875,7.000000000000001,394245,-63.62761227155703,-5.180504508617737,-64.0,-4.0,-64.0,64.0,1.0
----------X--------XX------OX-----OOOXX---XOOO------------------ X;,1,50,7,7,0,0,-20,0,64,1.2500000000000002,0.7499999999999999,0.25,2.75,9.0,9.75,0.25,0.75,0.25,3.0,0.25,2.75,9.0,458461,-63.51758164816636,-5.521014873675187,-64.0,-4.0,-64.0,64.0,1.0
----------O------XOX-X----OOXXX----OO------XO------------------- X;,1,50,7,7,0,0,-12,0,64,1.2500000000000002,0.7499999999999999,0.7499999999999999,3.2499999999999996,8.000000000000002,8.75,0.25,0.25,0.75,4.0,0.7499999999999999,3.2499999999999996,8.000000000000002,767839,-63.64132064143655,-5.694826649857587,-64.0,-4.0,-64.0,64.0,1.0
------------------OX-X---OOOXXX--X-OO------XO------------------- X;,1,50,7,7,0,0,-16,0,64,1.2500000000000002,1.2500000000000002,0.25,4.25,7.000000000000001,9.25,0.25,1.25,0.25,3.0,0.25,4.25,7.000000000000001,288296,-63.49860559980021,-5.2175611177401,-64.0,-4.0,-64.0,64.0,1.0
------------X-----X-XX----XOOO----XOOO------OO------------------ X;,1,50,6,8,-2,0,-18,0,64,4.375,0.6250000000000001,0.12500000000000003,0.875,8.000000000000002,10.875,0.125,0.625,0.375,2.0,0.12500000000000003,0.875,8.000000000000002,214219,-63.43406513894659,-5.883296999799271,-64.0,-4.0,-64.0,64.0,1.0
------------X------OXX---XXOX-----XOOX------OO------------------ X;,1,50,8,6,2,0,-18,0,64,2.0000000000000004,2.5000000000000004,2.0000000000000004,2.5000000000000004,5.000000000000001,10.0,0.5,0.0,0.5,3.0,2.0000000000000004,2.5000000000000004,5.000000000000001,498493,-63.76096755621443,-5.003051196305665,-64.0,-4.0,-64.0,64.0,1.0
------------------X-X-----OOXX----OOO-X---XOOO------------------ X;,1,50,6,8,-2,1,-14,0,64,1.875,0.12500000000000003,0.12500000000000003,1.875,10.000000000000002,10.875,0.125,0.125,0.875,2.0,0.12500000000000003,1.875,10.000000000000002,571172,-63.559225592290936,-5.90491480674823,-64.0,-4.0,-64.0,64.0,1.0
-------------------XOX----XXOXX--X-OO-----OOO------------------- X;,1,50,7,7,0,0,-14,0,64,1.4999999999999998,1.0,2.5000000000000004,2.0000000000000004,7.000000000000001,10.0,0.5,1.0,1.5,1.0,2.5000000000000004,2.0000000000000004,7.000000000000001,939258,-63.724363273988615,-5.034131197179049,-64.0,-4.0,-64.0,64.0,1.0
------------------OX-X----XOXX---X-OOX----OOO------------------- X;,1,50,7,7,0,0,-14,0,64,1.875,0.12500000000000003,2.125,1.875,8.000000000000002,10.875,0.125,0.125,0.875,2.0,2.125,1.875,8.000000000000002,588633,-63.42339963950373,-6.156083671829476,-64.0,-4.0,-64.0,64.0,1.0
------------X-----OX-X----XOXXX----OOO----XO-------------------- X;,1,50,8,6,2,0,-20,0,64,1.875,1.1249999999999998,0.12500000000000003,3.875,7.000000000000001,9.875,0.125,0.125,0.875,3.0,0.12500000000000003,3.875,7.000000000000001,318627,-63.43799489685431,-5.443016442423272,-64.0,-4.0,-64.0,64.0,1.0
----------X-------OOOO-----OX-X---OOXX----X-X------------------- X;,1,50,7,7,0,0,-24,0,64,0.6250000000000001,0.37499999999999994,0.37499999999999994,1.6249999999999998,11.0,9.625,0.375,0.375,0.625,3.0,0.37499999999999994,1.6249999999999998,11.0,218189,-62.96561238192576,-8.01935936275431,-64.0,-4.0,-64.0,64.0,1.0
------------X-X---OX-X----XOXO-----XOO----XO-------------------- X;,1,50,8,6,2,0,-34,0,64,0.7499999999999999,0.25,0.25,7.749999999999999,5.000000000000001,9.75,0.25,0.25,0.75,3.0,0.25,7.749999999999999,5.000000000000001,398534,-62.79446672053074,-7.872041030376329,-64.0,-4.0,-64.0,64.0,1.0
------------------XXXO-O---XXXO----OOO----XO-------------------- X;,1,50,7,7,0,1,-6,0,64,0.6250000000000001,1.375,0.37499999999999994,0.6250000000000001,11.0,9.625,0.375,0.375,0.625,3.0,0.37499999999999994,0.6250000000000001,11.0,1514700,-63.70637089852776,-5.186822473096983,-64.0,-4.0,-64.0,64.0,1.0
------------------X-OX----OOOX-----XOX----XOOO------------------ X;,1,50,6,8,-2,2,-6,0,64,2.5000000000000004,0.5000000000000001,2.0000000000000004,2.0000000000000004,7.000000000000001,12.5,0.5,0.0,0.0,1.0,2.0000000000000004,2.0000000000000004,7.000000000000001,2666728,-63.899124320140636,-4.297076417242404,-64.0,-4.0,-64.0,64.0,1.0
------------------XXXXX---OOOO-----OOO----XO-------------------- X;,1,50,6,8,-2,1,-10,0,64,6.875,0.6250000000000001,2.125,0.37499999999999994,4.0,10.875,0.625,0.125,0.375,2.0,2.125,0.37499999999999994,4.0,1171865,-63.74457467370388,-5.0552290579546275,-64.0,-4.0,-64.0,64.0,1.0
------------------XXXO----OOOX-----OOOX---XO-------------------- X;,1,50,6,8,-2,0,-10,0,64,4.375,2.125,0.6250000000000001,0.875,5.999999999999999,10.875,0.625,0.125,0.375,2.0,0.6250000000000001,0.875,5.999999999999999,2463737,-63.84132153716082,-4.669581209357979,-64.0,-4.0,-64.0,64.0,1.0
------------------XO-OX----OOO-----XXO----XXXO------------------ X;,1,50,7,7,0,0,-10,0,64,0.25,0.25,1.2500000000000002,0.25,11.999999999999998,11.25,0.25,0.25,0.25,2.0,1.2500000000000002,0.25,11.999999999999998,1202000,-63.69315141430948,-5.541038269550749,-64.0,-4.0,-64.0,64.0,1.0
------------------X--X---XXXXX-----OOOO----OOO------------------ X;,1,50,7,7,0,1,-12,0,64,0.37499999999999994,0.12500000000000003,1.1249999999999998,0.37499999999999994,11.999999999999998,9.875,0.625,0.625,0.875,2.0,1.1249999999999998,0.37499999999999994,11.999999999999998,968485,-63.20369649504122,-6.342574226756223,-64.0,-4.0,-64.0,64.0,1.0
------------------X-OX----XOOX----XXOX-----OOO------------------ X;,1,50,7,7,0,0,-12,0,64,1.375,0.12500000000000003,6.125,1.375,5.000000000000001,12.375,0.125,0.125,0.375,1.0,6.125,1.375,5.000000000000001,1380794,-63.728013012802776,-5.284177074929352,-64.0,-4.0,-64.0,64.0,1.0
-------------OX---XXXO-----XXO-----XOO----XO-------------------- X;,1,50,8,6,2,0,-26,0,64,1.7500000000000002,0.25,1.2500000000000002,1.7500000000000002,9.0,9.75,0.25,0.25,0.75,3.0,1.2500000000000002,1.7500000000000002,9.0,1150653,-62.44717043278904,-8.593836717064137,-64.0,-4.0,-64.0,64.0,1.0
------------------XXXX-----OOOO---OXOX----XO-------------------- X;,1,50,7,7,0,1,-6,0,64,3.375,0.6250000000000001,0.6250000000000001,3.375,5.999999999999999,10.875,0.125,0.125,0.875,2.0,0.6250000000000001,3.375,5.999999999999999,2069827,-63.78761799899219,-4.6177095960193775,-64.0,-4.0,-64.0,64.0,1.0
------------------XXX-----XOOO---OOOOX----XO-------------------- X;,1,50,6,8,-2,4,-8,0,64,5.25,1.2500000000000002,0.25,3.2499999999999996,4.0,11.25,0.25,0.25,0.25,2.0,0.25,3.2499999999999996,4.0,1899308,-63.70517051473484,-4.950292422292751,-64.0,-4.0,-64.0,64.0,1.0
------------------XXX------OOOO---OOOXX---XO-------------------- X;,1,50,6,8,-2,1,-8,0,64,5.000000000000001,1.0,0.5000000000000001,2.5000000000000004,5.000000000000001,10.0,0.0,0.5,0.5,3.0,0.5000000000000001,2.5000000000000004,5.000000000000001,2041734,-63.811333895600505,-4.638365232689469,-64.0,-4.0,-64.0,64.0,1.0
-------------------XXX----OOX-----XXOO----X-OOO----------------- X;,1,50,7,7,0,0,-14,0,64,0.37499999999999994,0.6250000000000001,0.6250000000000001,8.375,4.0,10.875,0.125,0.125,0.875,2.0,0.6250000000000001,8.375,4.0,593433,-63.40649070745982,-6.151885722566827,-64.0,-4.0,-64.0,64.0,1.0
------------------XOOX---XXXOX-----OOX-----XO------------------- X;,1,50,8,6,2,1,-14,0,64,2.25,1.2500000000000002,3.2499999999999996,1.2500000000000002,5.999999999999999,11.25,0.25,0.25,0.25,2.0,3.2499999999999996,1.2500000000000002,5.999999999999999,953841,-63.61575356899106,-5.38791475728135,-64.0,-4.0,-64.0,64.0,1.0
------------------XXX-----OOOO----XOOX---XXO-------------------- X;,1,50,7,7,0,0,-14,0,64,5.25,0.25,0.25,0.25,8.000000000000002,11.25,0.25,0.25,0.25,2.0,0.25,0.25,8.000000000000002,559094,-63.606001852997885,-5.2686489212905165,-64.0,-4.0,-64.0,64.0,1.0
------------------XO-X----XOOX----XXOX-----XOO------------------ X;,1,50,8,6,2,2,-16,0,64,2.3749999999999996,1.1249999999999998,3.1250000000000004,2.3749999999999996,5.000000000000001,12.375,0.125,0.125,0.375,1.0,3.1250000000000004,2.3749999999999996,5.000000000000001,558494,-63.27808714149123,-6.645840420846061,-64.0,-4.0,-64.0,64.0,1.0
------------------XXX------OOO---XXXOX----XOO------------------- X;,1,50,8,6,2,1,-16,0,64,2.25,0.25,0.25,1.2500000000000002,10.000000000000002,11.25,0.25,0.25,0.25,2.0,0.25,1.2500000000000002,10.000000000000002,244727,-63.4412958112509,-5.6903243205694505,-64.0,-4.0,-64.0,64.0,1.0
------------X-------XX----XOX----OOOO-----X-OOO----------------- X;,1,50,6,8,-2,0,-8,0,64,1.375,2.625,0.6250000000000001,3.375,5.999999999999999,8.875,0.125,0.125,0.875,4.0,0.6250000000000001,3.375,5.999999999999999,875615,-63.95889974475083,-3.9809528160207397,-64.0,-4.0,-64.0,64.0,1.0
-------------O----X--OX--XXXOO-----OOO-----XO------------------- X;,1,50,6,8,-2,0,-8,0,64,1.2500000000000002,1.7500000000000002,0.7499999999999999,2.25,8.000000000000002,8.75,0.25,0.25,0.75,4.0,0.7499999999999999,2.25,8.000000000000002,712214,-63.78834451442965,-5.0286093786418125,-64.0,-4.0,-64.0,64.0,1.0
------------X------OXX----XOX-----XOO----X--OOO----------------- X;,1,50,7,7,0,0,-10,0,64,1.2500000000000002,1.7500000000000002,1.2500000000000002,3.7500000000000004,5.999999999999999,8.75,0.25,0.75,0.25,4.0,1.2500000000000002,3.7500000000000004,5.999999999999999,1102008,-63.884140587001184,-4.555110307729164,-64.0,-4.0,-64.0,64.0,1.0
-------------------XO------OO----XXXOXX---X-OO-------O---------- X;,1,50,7,7,0,0,-16,0,64,1.7500000000000002,0.25,1.7500000000000002,2.25,8.000000000000002,8.75,0.25,0.75,0.25,4.0,1.7500000000000002,2.25,8.000000000000002,268636,-63.33113953453744,-6.190026653166367,-64.0,-4.0,-64.0,64.0,1.0
------------------X--X----OOXX----OOOX----XOX------O------------ X;,1,50,7,7,0,0,-12,0,64,3.375,0.6250000000000001,0.12500000000000003,1.875,8.000000000000002,10.875,0.125,0.625,0.375,2.0,0.12500000000000003,1.875,8.000000000000002,863786,-63.48220045242687,-5.543963435387932,-64.0,-4.0,-64.0,64.0,1.0
------------------XOOX----XOX-----XOX-----XOOX------------------ X;,1,50,8,6,2,4,-14,0,64,4.499999999999999,0.0,4.499999999999999,0.0,5.000000000000001,12.5,0.0,0.5,0.0,1.0,4.499999999999999,0.0,5.000000000000001,262609,-63.74001652647091,-4.750400785959354,-64.0,-4.0,-64.0,64.0,1.0
------------------X--X----OOXXX---OOO-----XOX------O------------ X;,1,50,7,7,0,0,-14,0,64,3.375,1.6249999999999998,0.6250000000000001,1.375,7.000000000000001,9.875,0.125,0.125,0.875,3.0,0.6250000000000001,1.375,7.000000000000001,630930,-63.49794430443948,-5.5860047865848825,-64.0,-4.0,-64.0,64.0,1.0
----------X-------XXOX-----OOOO----XOX----XO-------------------- X;,1,50,7,7,0,1,-14,0,64,3.6250000000000004,0.37499999999999994,0.37499999999999994,4.625,5.000000000000001,9.625,0.375,0.375,0.625,3.0,0.37499999999999994,4.625,5.000000000000001,449547,-63.64409950461242,-5.417996338536349,-64.0,-4.0,-64.0,64.0,1.0
------------------X--XX---OOXX----OOX-----XOX------O------------ X;,1,50,8,6,2,0,-18,0,64,2.625,1.375,0.37499999999999994,0.6250000000000001,9.0,9.625,0.375,0.375,0.625,3.0,0.37499999999999994,0.6250000000000001,9.0,477340,-63.167767209955166,-6.208538986885658,-64.0,-4.0,-64.0,64.0,1.0
----------OX------XOXX-----XOX-----XOX----XO-------------------- X;,1,50,9,5,4,0,-20,0,64,2.625,0.37499999999999994,1.375,0.6250000000000001,9.0,9.625,0.375,0.375,0.625,3.0,1.375,0.6250000000000001,9.0,156729,-62.800757996286585,-7.494413924672524,-64.0,-4.0,-64.0,64.0,1.0
------------------X--X----OXXX----OOOX----XOO------O------------ X;,1,50,7,7,0,0,-12,0,64,2.875,0.12500000000000003,0.6250000000000001,0.37499999999999994,10.000000000000002,10.875,0.125,0.625,0.375,2.0,0.6250000000000001,0.37499999999999994,10.000000000000002,1173989,-63.494150285905576,-5.798851607638572,-64.0,-4.0,-64.0,64.0,1.0
------------OX----XOOX-----XOX-----XOO----XO-------------------- X;,1,50,7,7,0,0,-14,0,64,3.6250000000000004,1.375,1.375,0.6250000000000001,7.000000000000001,9.625,0.375,0.375,0.625,3.0,1.375,0.6250000000000001,7.000000000000001,812781,-63.46597668990786,-6.0088289465427955,-64.0,-4.0,-64.0,64.0,1.0
------------------X--X---XXXXO----XOO-----XOO------O------------ X;,1,50,8,6,2,0,-16,0,64,2.3749999999999996,0.12500000000000003,1.6249999999999998,0.875,9.0,9.875,0.625,0.125,0.375,3.0,1.6249999999999998,0.875,9.0,609024,-63.347739990542244,-6.070923313366961,-64.0,-4.0,-64.0,64.0,1.0
------------------XOOX-----XOOO----XXXX---XO-------------------- X;,1,50,8,6,2,0,-18,0,64,4.375,0.6250000000000001,1.1249999999999998,2.875,5.000000000000001,9.875,0.125,0.625,0.375,3.0,1.1249999999999998,2.875,5.000000000000001,1279765,-63.4560220040398,-5.855159345661117,-64.0,-4.0,-64.0,64.0,1.0
------------------X--X----OXXXX---OOO-----XOO------O------------ X;,1,50,7,7,0,0,-18,0,64,3.375,0.6250000000000001,0.6250000000000001,0.37499999999999994,9.0,9.875,0.125,0.125,0.875,3.0,0.6250000000000001,0.37499999999999994,9.0,586985,-63.11021235636345,-6.64250704873208,-64.0,-4.0,-64.0,64.0,1.0
------------------X--XX---OXXX----OOOO----XXO------------------- X;,1,50,8,6,2,0,-18,0,64,2.875,0.12500000000000003,0.6250000000000001,2.3749999999999996,8.000000000000002,10.875,0.125,0.625,0.375,2.0,0.6250000000000001,2.3749999999999996,8.000000000000002,558497,-63.65584774851074,-5.201209675253403,-64.0,-4.0,-64.0,64.0,1.0
-------------------OX------OO----XXXXOX---X--OO------O---------- X;,1,50,7,7,0,0,-12,0,64,1.0,0.0,0.5000000000000001,3.5,9.0,8.0,0.0,0.5,0.5,5.0,0.5000000000000001,3.5,9.0,238310,-62.83472787545634,-7.6687759640804,-64.0,-4.0,-64.0,64.0,1.0
------------X------OXX---XXOX-----XOX-------OOO----------------- X;,1,50,8,6,2,0,-12,0,64,0.7499999999999999,1.7500000000000002,1.2500000000000002,2.25,8.000000000000002,8.75,0.75,0.25,0.25,4.0,1.2500000000000002,2.25,8.000000000000002,691493,-63.723042749528915,-5.15768055497308,-64.0,-4.0,-64.0,64.0,1.0
------------X-------XX----OOX-----XOX-----XOOOO----------------- X;,1,50,7,7,0,0,-14,0,64,0.6250000000000001,0.37499999999999994,0.37499999999999994,3.6250000000000004,9.0,9.625,0.375,0.375,0.625,3.0,0.37499999999999994,3.6250000000000004,9.0,534273,-63.29391902641533,-6.007501782796435,-64.0,-4.0,-64.0,64.0,1.0
------------X-----XOXX----XOX-----XOX-------OOO----------------- X;,1,50,8,6,2,0,-14,0,64,0.6250000000000001,1.375,1.375,1.6249999999999998,9.0,9.625,0.375,0.375,0.625,3.0,1.375,1.6249999999999998,9.0,397533,-63.56815660586668,-5.923296933839455,-64.0,-4.0,-64.0,64.0,1.0
---------XO-------XO-X----OOXXX----OO------XO------------------- X;,1,50,7,7,0,0,-28,0,64,2.625,0.37499999999999994,0.37499999999999994,4.625,5.999999999999999,8.625,0.375,0.375,0.625,4.0,0.37499999999999994,4.625,5.999999999999999,906679,-63.154993112226045,-7.112009873395104,-64.0,-4.0,-64.0,64.0,1.0
------------------X--XX---XXOX----XOOO----OOO------------------- X;,1,50,7,7,0,0,-14,0,64,1.375,0.6250000000000001,2.125,1.875,8.000000000000002,10.875,0.125,0.625,0.375,2.0,2.125,1.875,8.000000000000002,907767,-63.515675277907214,-5.677494335000061,-64.0,-4.0,-64.0,64.0,1.0
----------X-------XXXX-----OOOO----XOX----XO-------------------- X;,1,50,8,6,2,0,-16,0,64,3.6250000000000004,0.37499999999999994,0.37499999999999994,2.625,7.000000000000001,9.625,0.375,0.375,0.625,3.0,0.37499999999999994,2.625,7.000000000000001,685242,-63.547024262961116,-5.378622442874196,-64.0,-4.0,-64.0,64.0,1.0
------------------X--XX--XXXOX-----OOO-----OO------O------------ X;,1,50,7,7,0,0,-18,0,64,2.25,0.25,1.7500000000000002,1.7500000000000002,8.000000000000002,8.75,0.75,0.25,0.25,4.0,1.7500000000000002,1.7500000000000002,8.000000000000002,475888,-63.731083784419866,-4.990224590659987,-64.0,-4.0,-64.0,64.0,1.0
-------------X----X-XX---OOOO-----XXOX------OO------------------ X;,1,50,7,7,0,1,-10,0,64,1.6249999999999998,0.37499999999999994,0.37499999999999994,2.625,9.0,9.625,0.375,0.375,0.625,3.0,0.37499999999999994,2.625,9.0,2066141,-63.90823859552663,-4.291919089742665,-64.0,-4.0,-64.0,64.0,1.0
-------------X--X-X-XX---XOOO-----OOO-----O-O------------------- X;,1,50,6,8,-2,1,-10,0,64,5.125000000000001,0.875,0.875,1.1249999999999998,5.999999999999999,8.625,0.375,0.375,0.625,4.0,0.875,1.1249999999999998,5.999999999999999,490723,-63.72239328501008,-5.050837234040385,-64.0,-4.0,-64.0,64.0,1.0
-------------X----X-XX---XOOO---X-OOO----O--O------------------- X;,1,50,6,8,-2,0,-14,0,64,5.749999999999999,1.2500000000000002,1.2500000000000002,0.7499999999999999,5.000000000000001,7.75,0.25,0.25,0.75,5.0,1.2500000000000002,0.7499999999999999,5.000000000000001,400155,-63.207217203333705,-6.324114405667804,-64.0,-4.0,-64.0,64.0,1.0
-------------X----X-XX---OOOX-----OOO-----XOO------------------- X;,1,50,6,8,-2,2,-18,0,64,4.625,0.37499999999999994,0.37499999999999994,1.6249999999999998,7.000000000000001,9.625,0.375,0.375,0.625,3.0,0.37499999999999994,1.6249999999999998,7.000000000000001,295673,-63.52411616887575,-4.877645236460549,-64.0,-4.0,-64.0,64.0,1.0
-----------------XX-------XXXXX----OO-----XOO------OO----------- X;,1,50,8,6,2,0,-26,0,64,1.2500000000000002,0.25,3.2499999999999996,0.25,9.0,8.25,0.25,0.25,0.25,5.0,3.2499999999999996,0.25,9.0,121763,-62.1309921733203,-7.458176950305101,-64.0,-4.0,-64.0,64.0,1.0
-------------X----X-XX----XOO-----XOOX-----OOO------------------ X;,1,50,7,7,0,1,-14,0,64,4.875000000000001,0.6250000000000001,2.125,0.37499999999999994,5.999999999999999,10.875,0.625,0.125,0.375,2.0,2.125,0.37499999999999994,5.999999999999999,931151,-63.68752866076501,-5.085258996661121,-64.0,-4.0,-64.0,64.0,1.0
-------------X-----XXX----OOOO----XXOO------OO------------------ X;,1,50,6,8,-2,0,-14,0,64,1.2500000000000002,0.25,1.2500000000000002,3.2499999999999996,8.000000000000002,11.25,0.25,0.25,0.25,2.0,1.2500000000000002,3.2499999999999996,8.000000000000002,1359639,-63.76371375048818,-5.321762614929404,-64.0,-4.0,-64.0,64.0,1.0
-------------X---X--XX----XOO-----XOOX-----OOO------------------ X;,1,50,7,7,0,0,-16,0,64,5.000000000000001,1.0,2.0000000000000004,1.0,5.000000000000001,10.0,1.0,0.0,0.0,3.0,2.0000000000000004,1.0,5.000000000000001,724076,-63.77340223954391,-4.673738668316585,-64.0,-4.0,-64.0,64.0,1.0
------------------OX-XX---XOOX---X-XO------OO-----O------------- X;,1,50,7,7,0,0,-18,0,64,1.2500000000000002,0.7499999999999999,1.7500000000000002,2.25,8.000000000000002,8.75,0.25,0.25,0.75,4.0,1.7500000000000002,2.25,8.000000000000002,539863,-63.74076015581731,-5.159883155541313,-64.0,-4.0,-64.0,64.0,1.0
-----------------XXX-XX---XOOX----OOO------XO------------------- X;,1,50,8,6,2,0,-18,0,64,5.999999999999999,0.5000000000000001,0.5000000000000001,0.0,7.000000000000001,10.0,0.5,0.5,0.0,3.0,0.5000000000000001,0.0,7.000000000000001,249343,-63.54179583946612,-5.047216083868406,-64.0,-4.0,-64.0,64.0,1.0
------------------OX-XX--XXXXX-----XO-----OOO------------------- X;,1,50,9,5,4,0,-18,0,64,1.6249999999999998,0.37499999999999994,1.375,1.6249999999999998,9.0,9.625,0.375,0.375,0.625,3.0,1.375,1.6249999999999998,9.0,1303481,-63.51671409096105,-5.427568180894083,-64.0,-4.0,-64.0,64.0,1.0
-------------X------XX----OOOX----XOO-X---XOO------------------- X;,1,50,7,7,0,1,-16,0,64,5.25,0.7499999999999999,0.7499999999999999,3.2499999999999996,4.0,9.75,0.25,0.25,1.75,2.0,0.7499999999999999,3.2499999999999996,4.0,560388,-63.61342141516235,-5.1165406825271065,-64.0,-4.0,-64.0,64.0,1.0
-----------------X--OXX---XOOX----OOO-----XXO------------------- X;,1,50,7,7,0,0,-16,0,64,5.5,0.5000000000000001,1.0,1.0,5.999999999999999,10.0,0.0,0.5,1.5,2.0,1.0,1.0,5.999999999999999,440773,-63.758143080451845,-4.68191109709533,-64.0,-4.0,-64.0,64.0,1.0
-------------X----X-XX----XOOO----XOO-----XOO------------------- X;,1,50,7,7,0,0,-16,0,64,6.374999999999999,0.6250000000000001,0.6250000000000001,0.37499999999999994,5.999999999999999,10.875,0.125,0.125,0.875,2.0,0.6250000000000001,0.37499999999999994,5.999999999999999,384371,-63.595281641955296,-5.162897304947563,-64.0,-4.0,-64.0,64.0,1.0
-------------X----OXXX----OOOO----XXO-----X-O------------------- X;,1,50,7,7,0,0,-16,0,64,1.375,0.12500000000000003,0.6250000000000001,3.875,8.000000000000002,10.875,0.625,0.125,0.375,2.0,0.6250000000000001,3.875,8.000000000000002,920453,-63.619128841994105,-4.7729172483548865,-64.0,-4.0,-64.0,64.0,1.0
-------------X------XX----OOOX----XOXX----XOO------------------- X;,1,50,8,6,2,0,-16,0,64,2.25,0.25,1.2500000000000002,3.2499999999999996,7.000000000000001,11.25,0.25,0.25,1.25,1.0,1.2500000000000002,3.2499999999999996,7.000000000000001,576940,-63.37856969528894,-5.602991645578396,-64.0,-4.0,-64.0,64.0,1.0
-------------X---X--XX----XOOO----XOO-----XOO------------------- X;,1,50,7,7,0,0,-18,0,64,5.5,1.0,0.5000000000000001,1.0,5.999999999999999,10.0,0.5,0.0,1.5,2.0,0.5000000000000001,1.0,5.999999999999999,405513,-63.58337710504966,-5.427742143901675,-64.0,-4.0,-64.0,64.0,1.0
-------------------OXX-----OOO----XXOXX--XXO-------------------- X;,1,50,8,6,2,0,-18,0,64,2.25,0.7499999999999999,0.7499999999999999,2.25,8.000000000000002,9.75,0.25,0.25,1.75,2.0,0.7499999999999999,2.25,8.000000000000002,514722,-63.60162961754112,-5.490210249416189,-64.0,-4.0,-64.0,64.0,1.0
------------------XXX------OO-----XOOXX--XXOO------------------- X;,1,50,8,6,2,0,-22,0,64,5.749999999999999,0.25,0.7499999999999999,0.25,7.000000000000001,9.75,0.25,0.75,0.25,3.0,0.7499999999999999,0.25,7.000000000000001,56071,-63.15728273082342,-6.877958302866009,-64.0,-4.0,-64.0,64.0,1.0
-------------------OXX-----OOO----XXOXX--XX-O------------------- X;,1,50,8,6,2,0,-24,0,64,2.25,2.25,0.7499999999999999,2.75,5.999999999999999,9.75,0.75,0.25,1.25,2.0,0.7499999999999999,2.75,5.999999999999999,118762,-63.268924403428706,-5.800929590272983,-64.0,-4.0,-64.0,64.0,1.0
-----------X------OXX------OO-----XXOXX--XX-O------------------- X;,1,50,9,5,4,0,-24,0,64,2.75,0.25,0.25,2.75,8.000000000000002,8.75,0.25,0.25,0.75,4.0,0.25,2.75,8.000000000000002,65662,-63.14787852943864,-5.9360056044592,-64.0,-4.0,-64.0,64.0,1.0
----------X--------X-XX--XXOXX-----OO-----OOO------------------- X;,1,50,8,6,2,0,-26,0,64,1.7500000000000002,0.7499999999999999,1.2500000000000002,1.2500000000000002,9.0,8.75,0.75,0.25,1.25,3.0,1.2500000000000002,1.2500000000000002,9.0,121170,-63.18438557398696,-5.9272922340513325,-64.0,-4.0,-64.0,64.0,1.0
----------X--------XX------OX-----XOOXX--XXOO------------------- X;,1,50,9,5,4,0,-26,0,64,2.3749999999999996,0.6250000000000001,0.6250000000000001,1.375,9.0,9.375,0.625,0.625,0.375,3.0,0.6250000000000001,1.375,9.0,65445,-63.26830162732065,-5.96192222476889,-64.0,-4.0,-64.0,64.0,1.0
------------X------X-XX--XXOXX-----OO-----OOO------------------- X;,1,50,8,6,2,0,-28,0,64,1.7500000000000002,0.7499999999999999,1.2500000000000002,1.2500000000000002,9.0,8.75,0.75,0.25,1.25,3.0,1.2500000000000002,1.2500000000000002,9.0,100760,-63.10571655418817,-5.903096466851926,-64.0,-4.0,-64.0,64.0,1.0
-----------X------OX-XX--XXOXX-----XO------XO------------------- X;,1,50,10,4,6,0,-28,0,64,1.7500000000000002,0.25,0.25,5.749999999999999,5.999999999999999,8.75,0.25,0.25,0.75,4.0,0.25,5.749999999999999,5.999999999999999,72178,-62.81734046385325,-6.486297763861565,-64.0,-4.0,-64.0,64.0,1.0
-----------------X---XX---XOOOO----XXO-----XOO------------------ X;,1,50,7,7,0,0,-12,0,64,0.7499999999999999,1.2500000000000002,0.7499999999999999,1.2500000000000002,10.000000000000002,8.75,0.25,0.75,0.25,4.0,0.7499999999999999,1.2500000000000002,10.000000000000002,1548121,-63.59492184396439,-5.38841602174507,-64.0,-4.0,-64.0,64.0,1.0
----------X-------OXX------OOO----XOOX---XX---X----------------- X;,1,50,8,6,2,0,-20,0,64,6.25,0.25,0.25,1.2500000000000002,5.999999999999999,9.25,0.25,0.25,0.25,4.0,0.25,1.2500000000000002,5.999999999999999,479292,-63.71741652270432,-5.032552181133839,-64.0,-4.0,-64.0,64.0,1.0
-----------------X-X-XX---XXOOO----XO------XOO------------------ X;,1,50,8,6,2,0,-24,0,64,0.7499999999999999,1.2500000000000002,0.7499999999999999,1.2500000000000002,10.000000000000002,8.75,0.25,0.75,0.25,4.0,0.7499999999999999,1.2500000000000002,10.000000000000002,412107,-63.157616832521654,-6.979915410318194,-64.0,-4.0,-64.0,64.0,1.0
-----------------XX---X---XOOX-----OOO---XXXX------------------- X;,1,50,9,5,4,0,-24,0,64,7.249999999999999,0.25,1.2500000000000002,0.25,5.000000000000001,9.25,0.25,1.25,0.25,3.0,1.2500000000000002,0.25,5.000000000000001,119651,-63.191331455650186,-5.705760921346249,-64.0,-4.0,-64.0,64.0,1.0
----------X------XXX-O----XOOX-----OO-----XO-O------------------ X;,1,50,7,7,0,1,-16,0,64,5.000000000000001,0.5000000000000001,0.5000000000000001,1.0,7.000000000000001,10.5,0.0,0.0,0.5,3.0,0.5000000000000001,1.0,7.000000000000001,613172,-63.80026159054882,-4.675285238073493,-64.0,-4.0,-64.0,64.0,1.0
-----------------XOOOX----XXOXX----XO------X-O------------------ X;,1,50,8,6,2,0,-16,0,64,0.6250000000000001,0.37499999999999994,1.375,2.625,9.0,9.625,0.375,0.375,0.625,3.0,1.375,2.625,9.0,913375,-63.762866292596144,-5.05088052552347,-64.0,-4.0,-64.0,64.0,1.0
-----------------XOOOXX---XOOX-----XX------X-O------------------ X;,1,50,8,6,2,0,-22,0,64,0.875,0.12500000000000003,1.6249999999999998,2.3749999999999996,9.0,9.875,0.125,0.625,0.375,3.0,1.6249999999999998,2.3749999999999996,9.0,232257,-63.33559806593558,-6.008266704555729,-64.0,-4.0,-64.0,64.0,1.0
-----------------XOX-X---OOOXX-----XXX-----X-O------------------ X;,1,50,9,5,4,0,-26,0,64,2.625,0.37499999999999994,0.37499999999999994,3.6250000000000004,7.000000000000001,9.625,0.375,0.375,0.625,3.0,0.37499999999999994,3.6250000000000004,7.000000000000001,17928,-58.96028558679161,-11.75111557340473,-64.0,-4.0,-64.0,64.0,1.0
----------X--------X-------OXXX----OOOO---XXXO------------------ X;,1,50,8,6,2,0,-18,0,64,2.25,1.7500000000000002,1.2500000000000002,2.75,5.999999999999999,8.75,0.25,0.75,0.25,4.0,1.2500000000000002,2.75,5.999999999999999,370741,-63.45145532865262,-5.755435735459526,-64.0,-4.0,-64.0,64.0,1.0
------------------X---X---XOOX----XOOO---XXXX------------------- X;,1,50,9,5,4,0,-18,0,64,7.5,1.0,0.5000000000000001,1.0,4.0,10.0,0.5,1.0,0.5,2.0,0.5000000000000001,1.0,4.0,236196,-63.28099544446138,-5.597232806652102,-64.0,-4.0,-64.0,64.0,1.0
-------------X-----XXX-----XOOO---XOOX---X---X------------------ X;,1,50,9,5,4,0,-22,0,64,3.7500000000000004,0.25,0.25,1.7500000000000002,8.000000000000002,8.75,0.25,0.25,0.75,4.0,0.25,1.7500000000000002,8.000000000000002,225281,-62.683208970130636,-7.657103794816252,-64.0,-4.0,-64.0,64.0,1.0
-----------------XOX-X----XOXX-----XOX-----XOO------------------ X;,1,50,9,5,4,0,-26,0,64,2.3749999999999996,0.6250000000000001,0.6250000000000001,6.374999999999999,4.0,10.875,0.125,0.125,0.875,2.0,0.6250000000000001,6.374999999999999,4.0,56612,-62.513424715608,-5.915353635271674,-64.0,-4.0,-64.0,64.0,1.0
-------------------X-O-----XXX----XXXXX--X--OOO----------------- X;,1,50,10,4,6,0,-20,0,64,6.25,0.7499999999999999,1.2500000000000002,0.7499999999999999,5.000000000000001,8.75,1.25,0.75,0.25,3.0,1.2500000000000002,0.7499999999999999,5.000000000000001,359372,-60.98251394098594,-13.43117438197745,-64.0,-4.0,-64.0,64.0,1.0
-----------------X---XXX--XXXOX---OOO------X-O------------------ X;,1,50,9,5,4,0,-20,0,64,0.7499999999999999,2.25,1.2500000000000002,1.7500000000000002,8.000000000000002,7.75,0.25,1.25,0.75,4.0,1.2500000000000002,1.7500000000000002,8.000000000000002,330827,-63.792465548458864,-4.712336054796011,-64.0,-4.0,-64.0,64.0,1.0
---------------X-XO--XX---XOXXX----XO------X-O------------------ X;,1,50,10,4,6,0,-30,0,64,2.125,0.37499999999999994,0.875,6.625000000000001,4.0,8.125,0.375,0.875,0.625,4.0,0.875,6.625000000000001,4.0,166766,-63.04829521605124,-5.892915822169987,-64.0,-4.0,-64.0,64.0,1.0
-------------------XXO-----XX-----XXXOX--X---OO------O---------- X;,1,50,9,5,4,0,-32,0,64,5.749999999999999,0.7499999999999999,0.7499999999999999,1.7500000000000002,5.000000000000001,8.25,0.25,0.25,0.25,5.0,0.7499999999999999,1.7500000000000002,5.000000000000001,211646,-63.026563223495835,-5.908904491462159,-64.0,-4.0,-64.0,64.0,1.0
----------O---X----O-X-----XO-----XXXOX--X---XO----------------- X;,1,50,9,5,4,0,-26,0,64,2.625,0.37499999999999994,0.37499999999999994,3.6250000000000004,7.000000000000001,7.625,0.375,0.375,0.625,5.0,0.37499999999999994,3.6250000000000004,7.000000000000001,387314,-63.582147818049435,-6.6064226957972085,-64.0,-4.0,-64.0,64.0,1.0
--------------X--X---XX---XXXOX---OOO------X-O------------------ X;,1,50,9,5,4,0,-38,0,64,0.875,2.125,1.1249999999999998,1.875,8.000000000000002,7.875,0.125,1.125,0.875,4.0,1.1249999999999998,1.875,8.000000000000002,193930,-62.930789460114475,-8.16076934976538,-64.0,-4.0,-64.0,64.0,1.0
------------------XXXO----XOOO---XXXOX-----O-------------------- X;,1,50,8,6,2,2,-16,0,64,2.25,0.25,0.25,3.2499999999999996,8.000000000000002,11.25,0.25,0.25,0.25,2.0,0.25,3.2499999999999996,8.000000000000002,924995,-63.36599224860675,-5.949368374964189,-64.0,-4.0,-64.0,64.0,1.0
-----------------XXXXO----XOOO----XXOX-----O-------------------- X;,1,50,8,6,2,1,-16,0,64,2.25,0.25,0.25,3.2499999999999996,8.000000000000002,11.25,0.25,0.25,0.25,2.0,0.25,3.2499999999999996,8.000000000000002,1001940,-63.45001896321137,-5.7667525001497095,-64.0,-4.0,-64.0,64.0,1.0
-------------------XOX----XXOX---X-XOO-----X-OO----------------- X;,1,50,8,6,2,0,-18,0,64,0.7499999999999999,0.7499999999999999,0.25,1.2500000000000002,11.0,9.75,0.75,0.25,0.25,3.0,0.25,1.2500000000000002,11.0,387448,-62.57570564307984,-8.64988333918358,-64.0,-4.0,-64.0,64.0,1.0
-----------------XXXXX-----OOO----XXOO------OO------------------ X;,1,50,7,7,0,0,-18,0,64,1.375,0.12500000000000003,0.6250000000000001,1.875,10.000000000000002,10.875,0.625,0.125,0.375,2.0,0.6250000000000001,1.875,10.000000000000002,363703,-63.46159366296126,-5.911328749006745,-64.0,-4.0,-64.0,64.0,1.0
-----------------X-XOX----XXOX-----XOO-----X-OO----------------- X;,1,50,8,6,2,0,-20,0,64,0.5000000000000001,0.5000000000000001,0.0,1.0,11.999999999999998,10.0,1.0,0.5,0.5,2.0,0.0,1.0,11.999999999999998,408204,-62.868996874111964,-7.304029357870085,-64.0,-4.0,-64.0,64.0,1.0
-------------------XOX---XXXOX-----XOO-----X-OO----------------- X;,1,50,8,6,2,0,-22,0,64,0.7499999999999999,0.7499999999999999,0.25,1.2500000000000002,11.0,9.75,0.75,0.25,0.25,3.0,0.25,1.2500000000000002,11.0,364431,-62.733647796153456,-7.477816102362313,-64.0,-4.0,-64.0,64.0,1.0
---------X--------XXXX-----XOO----XXOX-----OO------------------- X;,1,50,9,5,4,0,-34,0,64,1.375,0.12500000000000003,0.12500000000000003,0.37499999999999994,11.999999999999998,11.375,0.125,0.125,0.375,2.0,0.12500000000000003,0.37499999999999994,11.999999999999998,355735,-63.156793680689276,-5.89181834792753,-64.0,-4.0,-64.0,64.0,1.0
------------------XXXXX----OOO-----XOX----XOO------------------- X;,1,50,8,6,2,2,-16,0,64,3.375,0.6250000000000001,0.12500000000000003,1.875,8.000000000000002,10.875,0.125,0.625,0.375,2.0,0.12500000000000003,1.875,8.000000000000002,300886,-63.321922588621604,-5.4519851372280534,-64.0,-4.0,-64.0,64.0,1.0
----------X-------X-XX----XOXO----XOOO----XO-------------------- X;,1,50,8,6,2,2,-18,0,64,3.375,0.12500000000000003,0.12500000000000003,1.375,9.0,10.875,0.625,0.625,0.875,1.0,0.12500000000000003,1.375,9.0,351685,-63.535226125652216,-5.493410296145699,-64.0,-4.0,-64.0,64.0,1.0
----------X-------XOX-----XOOXX---XOOO----X--------------------- X;,1,50,8,6,2,2,-18,0,64,5.749999999999999,0.25,0.7499999999999999,2.25,5.000000000000001,9.75,0.25,0.75,0.25,3.0,0.7499999999999999,2.25,5.000000000000001,280698,-63.11925984510043,-6.424869432628661,-64.0,-4.0,-64.0,64.0,1.0
----------X-------X-X-----XOOX----XOXXX---XO-------------------- X;,1,50,10,4,6,0,-18,0,64,4.25,0.25,2.25,1.2500000000000002,5.999999999999999,9.75,0.75,0.75,0.75,2.0,2.25,1.2500000000000002,5.999999999999999,228223,-63.34044333831384,-6.25638082051327,-64.0,-4.0,-64.0,64.0,1.0
-----------------XXXXX-----OOO----XXOX-----OO------------------- X;,1,50,8,6,2,1,-20,0,64,2.25,0.25,0.25,1.2500000000000002,10.000000000000002,11.25,0.25,0.25,0.25,2.0,0.25,1.2500000000000002,10.000000000000002,329739,-63.37300107054367,-6.4044532190611365,-64.0,-4.0,-64.0,64.0,1.0
-------------------XXX---XXXXX----OOOX-----X-O------------------ X;,1,50,10,4,6,0,-16,0,64,3.2499999999999996,1.2500000000000002,0.25,1.2500000000000002,8.000000000000002,11.25,0.25,0.25,0.25,2.0,0.25,1.2500000000000002,8.000000000000002,551807,-63.674342659661804,-4.813973001429848,-64.0,-4.0,-64.0,64.0,1.0
-------------X------XX---XXXOX-----XOOO----X-O------------------ X;,1,50,9,5,4,0,-22,0,64,1.2500000000000002,0.25,0.25,2.25,10.000000000000002,8.75,1.75,0.75,0.75,2.0,0.25,2.25,10.000000000000002,191670,-63.134314185840246,-6.988824542181875,-64.0,-4.0,-64.0,64.0,1.0
-----------X--------XX---XXXOX-----XOOO----X-O------------------ X;,1,50,9,5,4,0,-24,0,64,1.2500000000000002,0.25,0.25,2.25,10.000000000000002,9.25,1.25,0.25,1.25,2.0,0.25,2.25,10.000000000000002,129125,-62.65858664085189,-7.217827686350436,-64.0,-4.0,-64.0,64.0,1.0
----------X------OX-X-----OOX-----XOXXX---XO-------------------- X;,1,50,9,5,4,0,-26,0,64,1.2500000000000002,0.7499999999999999,0.7499999999999999,0.25,11.0,8.75,1.25,0.25,0.75,3.0,0.7499999999999999,0.25,11.0,136796,-62.4033451270505,-7.7571420216965405,-64.0,-4.0,-64.0,64.0,1.0
---------X-------OX-X-----OXX-----XOXXX---XO-------------------- X;,1,50,10,4,6,0,-46,0,64,2.625,0.37499999999999994,0.37499999999999994,1.6249999999999998,9.0,8.625,1.375,0.375,0.625,3.0,0.37499999999999994,1.6249999999999998,9.0,37422,-57.670354337021,-12.135161135161136,-64.0,-4.0,-64.0,64.0,1.0
------------------X---X---XOOOO--XOOX---X-O-X------------------- X;,1,50,7,7,0,0,-18,0,64,1.2500000000000002,0.7499999999999999,0.7499999999999999,4.25,7.000000000000001,7.75,1.25,1.25,0.75,3.0,0.7499999999999999,4.25,7.000000000000001,151961,-63.74155210876475,-4.691861727680129,-64.0,-4.0,-64.0,64.0,1.0
----------X--------X------XXXX-----OO-----XOOO-----OO----------- X;,1,50,7,7,0,0,-20,0,64,0.7499999999999999,0.25,1.7500000000000002,1.2500000000000002,10.000000000000002,8.75,0.25,0.75,0.25,4.0,1.7500000000000002,1.2500000000000002,10.000000000000002,91764,-61.097489211455475,-9.950982956279152,-64.0,-4.0,-64.0,64.0,1.0
-----------------X---X----XOOX-----XXOXX---X-OO----------------- X;,1,50,9,5,4,0,-22,0,64,0.7499999999999999,0.25,0.25,1.7500000000000002,11.0,7.75,1.25,1.25,0.75,3.0,0.25,1.7500000000000002,11.0,85304,-61.96042389571415,-8.22875832317359,-64.0,-4.0,-64.0,64.0,1.0
-------------X-----X-XO----XOOO---XOOX---X---X------------------ X;,1,50,8,6,2,0,-28,0,64,2.75,0.25,0.25,1.7500000000000002,9.0,8.25,0.75,0.75,1.25,3.0,0.25,1.7500000000000002,9.0,28962,-61.53628893032249,-9.129756232304398,-64.0,-4.0,-64.0,64.0,1.0
------------------XXXX-----XX----OOOOO---X---O-------O---------- X;,1,50,7,7,0,39,2,-64,0,0.37499999999999994,0.12500000000000003,2.625,0.875,10.000000000000002,8.875,0.625,0.125,0.375,4.0,2.625,0.875,10.000000000000002,3727994,5.9550798633259605,63.984546112466916,4.0,64.0,-64.0,64.0,1.0
------------O-----XXOX-----XO-----XOOO---X---O-------O---------- X;,1,50,6,8,-2,5,4,-64,0,1.375,2.125,0.6250000000000001,1.875,8.000000000000002,8.875,0.625,0.125,0.375,4.0,0.6250000000000001,1.875,8.000000000000002,3268698,5.541991337223568,63.98384677935986,4.0,64.0,-64.0,64.0,1.0
-----------O------XOXX-----OX-----XOOO---X---O-------O---------- X;,1,50,6,8,-2,4,6,-64,0,1.375,0.12500000000000003,0.6250000000000001,3.875,8.000000000000002,8.875,0.625,0.125,0.375,4.0,0.6250000000000001,3.875,8.000000000000002,2246501,6.475665935603857,63.9915032310246,4.0,64.0,-64.0,64.0,1.0
----------O-------XOXX-----XO-----XOOO---X---O-------O---------- X;,1,50,6,8,-2,0,8,-64,0,1.375,0.12500000000000003,1.1249999999999998,4.375,7.000000000000001,9.375,1.125,0.125,0.375,3.0,1.1249999999999998,4.375,7.000000000000001,1577626,5.504334994479047,63.988262110284694,4.0,64.0,-64.0,64.0,1.0
-------------X----X-X-----XXO-----XOO-----O-OOO--O-------------- X;,1,50,6,8,-2,0,20,-64,0,2.0000000000000004,0.5000000000000001,1.0,2.5000000000000004,8.000000000000002,9.0,0.5,0.0,0.5,4.0,1.0,2.5000000000000004,8.000000000000002,1642805,6.218825727947017,63.99267228916396,4.0,64.0,-64.0,64.0,1.0
---------O--------OXXX-----OX-----XOOO---X---O-------O---------- X;,1,50,6,8,-2,0,22,-64,0,2.0000000000000004,0.5000000000000001,1.0,4.499999999999999,5.999999999999999,9.0,0.5,0.0,0.5,4.0,1.0,4.499999999999999,5.999999999999999,1485032,9.759955341029688,63.97994251975715,4.0,64.0,-64.0,64.0,1.0
----------XO------XXOX-----OOO----OOOO----X--------------------- X;,1,50,5,9,-4,19,2,-64,0,7.625000000000001,0.37499999999999994,1.375,1.6249999999999998,2.9999999999999996,9.625,0.375,0.375,0.625,3.0,1.375,1.6249999999999998,2.9999999999999996,1488994,7.945416838482895,63.96323423734414,4.0,64.0,-64.0,64.0,1.0
----------XO-O----XXOX-----OX-----OOOO----X--------------------- X;,1,50,6,8,-2,4,2,-64,0,3.875,1.1249999999999998,0.6250000000000001,2.3749999999999996,5.999999999999999,8.875,0.125,0.625,0.375,4.0,0.6250000000000001,2.3749999999999996,5.999999999999999,639071,13.005647259850626,63.91690125197357,4.0,64.0,-64.0,64.0,1.0
----------XOO-----XXOX-----OO-----OOOO----X--------------------- X;,1,50,5,9,-4,6,6,-64,0,7.375,0.6250000000000001,1.1249999999999998,0.875,4.0,8.875,0.125,0.625,0.375,4.0,1.1249999999999998,0.875,4.0,775618,12.615140442846865,63.89880843404872,4.0,64.0,-64.0,64.0,1.0
----------XO------OXXX---O-OX-----OOOO----X--------------------- X;,1,50,6,8,-2,1,8,-64,0,1.875,0.12500000000000003,2.125,3.875,5.999999999999999,8.875,0.125,0.125,0.875,4.0,2.125,3.875,5.999999999999999,916083,10.963569894867605,63.93657561596493,4.0,64.0,-64.0,64.0,1.0
------------OX----XXXX-----XO-----OOOO-------O-------O---------- X;,1,50,6,8,-2,0,10,-64,0,1.375,0.6250000000000001,2.125,1.875,8.000000000000002,8.875,0.125,0.625,0.375,4.0,2.125,1.875,8.000000000000002,638566,14.543242202058988,63.805915128584985,4.0,64.0,-64.0,64.0,1.0
-O--------OO------XOXX-----OO-----OOOO----X--------------------- X;,1,50,4,10,-6,0,14,-64,0,7.125,0.875,0.875,1.1249999999999998,4.0,8.625,0.375,0.375,0.625,4.0,0.875,1.1249999999999998,4.0,2483698,10.273393142000357,63.949245037037514,4.0,64.0,-64.0,64.0,1.0
-----------------XX-OX---OXOO-----XOO-----O-O----O-------------- X;,1,50,5,9,-4,0,22,-64,0,4.750000000000001,0.25,2.25,0.7499999999999999,5.999999999999999,8.75,0.25,0.25,0.75,4.0,2.25,0.7499999999999999,5.999999999999999,684183,16.846975151384935,63.891116850316365,4.0,64.0,-64.0,64.0,1.0
------------OX----XXXX-----XO-----OOOO-------O--------O--------- X;,1,50,6,8,-2,0,22,-64,0,1.7500000000000002,0.25,2.25,1.7500000000000002,8.000000000000002,8.75,0.25,0.25,0.75,4.0,2.25,1.7500000000000002,8.000000000000002,769823,11.4519649321987,63.85386510925239,4.0,64.0,-64.0,64.0,1.0
---------OOO------OXXX-----OX-----OOOO----X--------------------- X;,1,50,5,9,-4,0,32,-64,0,1.7500000000000002,0.25,2.25,3.7500000000000004,5.999999999999999,8.75,0.25,0.25,0.75,4.0,2.25,3.7500000000000004,5.999999999999999,593129,10.792269472576791,63.90479979903191,4.0,64.0,-64.0,64.0,1.0
-----------OO-----XOOX-----OXX----OOOO----X--------------------- X;,1,50,5,9,-4,3,4,-64,0,4.875000000000001,0.12500000000000003,0.6250000000000001,1.375,7.000000000000001,9.875,0.125,0.625,0.375,3.0,0.6250000000000001,1.375,7.000000000000001,4034970,5.031324148630597,63.994395497364295,4.0,64.0,-64.0,64.0,1.0
------------O-----XXOO-----XXXO---OOOO----X--------------------- X;,1,50,6,8,-2,0,6,-64,0,0.875,1.1249999999999998,0.12500000000000003,0.875,11.0,9.875,0.125,0.125,0.875,3.0,0.12500000000000003,0.875,11.0,1325736,7.15316774983858,63.9604370704273,4.0,64.0,-64.0,64.0,1.0
------------O-----XOOX----OXXX----OOOO----X--------------------- X;,1,50,6,8,-2,4,8,-64,0,4.375,0.6250000000000001,0.12500000000000003,0.875,8.000000000000002,10.875,0.125,0.625,0.375,2.0,0.12500000000000003,0.875,8.000000000000002,1476225,9.626145065962167,63.940186624667646,4.0,64.0,-64.0,64.0,1.0
------------O-----XXOX-----XXO----OOOOO---X--------------------- X;,1,50,6,8,-2,2,8,-64,0,3.875,0.6250000000000001,1.1249999999999998,1.375,7.000000000000001,9.875,0.625,0.125,0.375,3.0,1.1249999999999998,1.375,7.000000000000001,4196909,6.0903088439611155,63.979034093901014,4.0,64.0,-64.0,64.0,1.0
----------O-O-----XOOX-----XOX----OOOO----X--------------------- X;,1,50,5,9,-4,1,8,-64,0,4.625,0.37499999999999994,0.37499999999999994,1.6249999999999998,7.000000000000001,9.625,0.375,0.375,0.625,3.0,0.37499999999999994,1.6249999999999998,7.000000000000001,1540915,8.087754353744366,63.95444654637018,4.0,64.0,-64.0,64.0,1.0
-----------O------XOXX----XXX-----OOOO-------O-------O---------- X;,1,50,6,8,-2,1,12,-64,0,0.6250000000000001,1.375,0.37499999999999994,0.6250000000000001,11.0,9.625,0.375,0.375,0.625,3.0,0.37499999999999994,0.6250000000000001,11.0,617192,9.740116527757975,63.85518930899947,4.0,64.0,-64.0,64.0,1.0
------------------X-OX----XXO----OOXO----OOOO------------------- X;,1,50,5,9,-4,0,12,-64,0,1.6249999999999998,0.37499999999999994,1.375,1.6249999999999998,9.0,9.625,0.375,0.375,0.625,3.0,1.375,1.6249999999999998,9.0,706823,8.36187560393479,63.903308183236824,4.0,64.0,-64.0,64.0,1.0
------------O----OOOOX-----XXX----OOOO----X--------------------- X;,1,50,5,9,-4,0,14,-64,0,1.6249999999999998,0.37499999999999994,0.37499999999999994,2.625,9.0,9.625,0.375,0.375,0.625,3.0,0.37499999999999994,2.625,9.0,357035,8.716243505538673,63.94219614323526,4.0,64.0,-64.0,64.0,1.0
------------------X-OX----XXO----OOXO-----OOO-----O------------- X;,1,50,5,9,-4,0,16,-64,0,1.6249999999999998,0.37499999999999994,1.375,1.6249999999999998,9.0,9.625,0.375,0.375,0.625,3.0,1.375,1.6249999999999998,9.0,727941,9.105325843715356,63.88519124489485,4.0,64.0,-64.0,64.0,1.0
------------O-O---XXOO-----XOX----OOOO----X--------------------- X;,1,50,5,9,-4,0,22,-64,0,1.7500000000000002,1.2500000000000002,0.25,1.7500000000000002,9.0,9.75,0.25,0.25,0.75,3.0,0.25,1.7500000000000002,9.0,1966266,9.561097023495295,63.946644045108854,4.0,64.0,-64.0,64.0,1.0
-----------O------XOXX----XXX-----OOOO-------O--------O--------- X;,1,50,6,8,-2,0,24,-64,0,0.7499999999999999,1.2500000000000002,0.25,0.7499999999999999,11.0,9.75,0.25,0.25,0.75,3.0,0.25,0.7499999999999999,11.0,655017,10.017416341865935,63.85150614411534,4.0,64.0,-64.0,64.0,1.0
---------O--O-----OXOX-----OXX----OOOO----X--------------------- X;,1,50,5,9,-4,0,26,-64,0,1.7500000000000002,1.2500000000000002,0.25,3.7500000000000004,7.000000000000001,9.75,0.25,0.25,0.75,3.0,0.25,3.7500000000000004,7.000000000000001,679631,15.183739411533612,63.82727686053167,4.0,64.0,-64.0,64.0,1.0
------------------X-OX----XXXX----OXO----OOOO------------------- X;,1,50,7,7,0,0,4,-64,0,1.875,0.12500000000000003,2.125,1.875,8.000000000000002,10.875,0.125,0.125,0.875,2.0,2.125,1.875,8.000000000000002,2356016,6.359825230388927,63.969760816564914,4.0,64.0,-64.0,64.0,1.0
-----------------OX-OX----OXXX----OOO----OX-O------------------- X;,1,50,6,8,-2,0,4,-64,0,3.875,0.12500000000000003,0.6250000000000001,0.37499999999999994,9.0,9.875,0.125,0.625,0.375,3.0,0.6250000000000001,0.37499999999999994,9.0,3366983,6.06925250290839,63.98076081762218,4.0,64.0,-64.0,64.0,1.0
------------------X-OX----XXXX----OXO----OO-O-----O------------- X;,1,50,7,7,0,0,8,-64,0,1.875,0.12500000000000003,1.1249999999999998,1.875,9.0,9.875,0.125,0.125,0.875,3.0,1.1249999999999998,1.875,9.0,716128,5.338193730729702,63.974334197238484,4.0,64.0,-64.0,64.0,1.0
-------------O----XXOX-----XX-----OXOO----XO--------O----------- X;,1,50,7,7,0,0,8,-64,0,4.625,1.375,0.37499999999999994,2.625,5.000000000000001,9.625,0.375,0.375,0.625,3.0,0.37499999999999994,2.625,5.000000000000001,1316729,5.062607415800821,63.988887614687606,4.0,64.0,-64.0,64.0,1.0
----------O-------O-OX----OXXX----OXO----OX-O------------------- X;,1,50,6,8,-2,0,10,-64,0,2.875,0.6250000000000001,0.12500000000000003,3.375,7.000000000000001,9.875,0.625,0.125,0.375,3.0,0.12500000000000003,3.375,7.000000000000001,1495406,4.904292212282149,63.974390901200074,4.0,64.0,-64.0,64.0,1.0
-------------O----XXOX-----XX-----OXOO----OO------O------------- X;,1,50,6,8,-2,0,14,-64,0,2.875,1.6249999999999998,0.6250000000000001,2.875,5.999999999999999,9.875,0.625,0.625,0.875,2.0,0.6250000000000001,2.875,5.999999999999999,180390,13.115926603470259,63.80934641609846,4.0,64.0,-64.0,64.0,1.0
---------O--------O-OX----XOXX----OXO----OX-O------------------- X;,1,50,6,8,-2,0,24,-64,0,0.7499999999999999,0.25,1.2500000000000002,6.75,5.000000000000001,9.75,0.25,0.25,0.75,3.0,1.2500000000000002,6.75,5.000000000000001,1664023,7.248163036208033,63.98080314995646,4.0,64.0,-64.0,64.0,1.0
----------O-------OOXX----OXXX----OOOO----X--------------------- X;,1,50,6,8,-2,0,8,-64,0,0.875,0.12500000000000003,0.6250000000000001,4.375,8.000000000000002,10.875,0.125,0.625,0.375,2.0,0.6250000000000001,4.375,8.000000000000002,1802696,6.260123725797361,63.960424830365184,4.0,64.0,-64.0,64.0,1.0
----------O------OOOXX-----XXX----OOOO----X--------------------- X;,1,50,6,8,-2,1,12,-64,0,0.875,0.12500000000000003,0.12500000000000003,3.875,9.0,9.875,0.125,0.125,0.875,3.0,0.12500000000000003,3.875,9.0,1159728,5.737686767931791,63.95735724238787,4.0,64.0,-64.0,64.0,1.0
-------------O----XXOX----XXX-----OOOO-------O-------O---------- X;,1,50,6,8,-2,0,12,-64,0,0.875,0.12500000000000003,0.6250000000000001,1.375,11.0,9.875,0.125,0.625,0.375,3.0,0.6250000000000001,1.375,11.0,638624,9.742580923986571,63.872641804880494,4.0,64.0,-64.0,64.0,1.0
-----------------OX-OX----OXO-----OXO-----OOO-----O------------- X;,1,50,4,10,-6,0,16,-64,0,3.875,0.6250000000000001,0.12500000000000003,0.37499999999999994,9.0,9.875,0.625,0.125,0.375,3.0,0.12500000000000003,0.37499999999999994,9.0,512327,7.375797098337586,63.89567600380226,4.0,64.0,-64.0,64.0,1.0
-----------------OX-OX----OOO-----OXO----OOOO------------------- X;,1,50,3,11,-8,0,16,-64,0,4.875000000000001,0.12500000000000003,0.6250000000000001,1.375,7.000000000000001,9.875,0.125,0.625,0.375,3.0,0.6250000000000001,1.375,7.000000000000001,225580,10.622023229009663,63.84475574075716,4.0,64.0,-64.0,64.0,1.0
----------O---O---XOXO-----XOX----OOOO----X--------------------- X;,1,50,5,9,-4,0,24,-64,0,1.7500000000000002,0.25,0.25,2.75,9.0,9.75,0.25,0.25,0.75,3.0,0.25,2.75,9.0,1936772,8.164622371657583,63.96485492355321,4.0,64.0,-64.0,64.0,1.0
---------OO-------OOXX-----OXX----OOOO----X--------------------- X;,1,50,5,9,-4,0,24,-64,0,1.7500000000000002,0.25,0.25,4.750000000000001,7.000000000000001,9.75,0.25,0.25,0.75,3.0,0.25,4.750000000000001,7.000000000000001,980230,13.364473643940707,63.89175397610765,4.0,64.0,-64.0,64.0,1.0
-------------O----XXOX----XXX-----OOOO-------O--------O--------- X;,1,50,6,8,-2,0,30,-64,0,0.7499999999999999,0.25,0.25,1.7500000000000002,11.0,9.75,0.25,0.25,0.75,3.0,0.25,1.7500000000000002,11.0,841731,5.826165366370016,63.9689972212025,4.0,64.0,-64.0,64.0,1.0
------------------X-O-----XXXX---OOOO-----X-OO--------O--------- X;,1,50,6,8,-2,0,16,-64,0,0.7499999999999999,0.25,1.2500000000000002,0.7499999999999999,11.0,9.75,0.25,0.25,0.75,3.0,1.2500000000000002,0.7499999999999999,11.0,2772884,5.562271627662751,63.99048788193087,4.0,64.0,-64.0,64.0,1.0
------------------XXXX-----XX-----OXOO-----O-O------O-O--------- X;,1,50,7,7,0,0,18,-64,0,1.7500000000000002,0.25,1.2500000000000002,1.7500000000000002,9.0,9.75,0.25,0.25,0.75,3.0,1.2500000000000002,1.7500000000000002,9.0,1347979,4.8432816831716226,63.99082478287867,4.0,64.0,-64.0,64.0,1.0
------------------XXXX-----XX-----OXOO-----O-O----O---O--------- X;,1,50,7,7,0,0,18,-64,0,1.7500000000000002,0.25,1.2500000000000002,1.7500000000000002,9.0,9.75,0.25,0.25,0.75,3.0,1.2500000000000002,1.7500000000000002,9.0,1521025,4.7532249634292665,63.99375289689519,4.0,64.0,-64.0,64.0,1.0
-----------------OX-O-----OXXX----XOO-----X-OO--------O--------- X;,1,50,6,8,-2,0,22,-64,0,0.7499999999999999,1.2500000000000002,1.2500000000000002,1.7500000000000002,9.0,9.75,0.25,0.25,0.75,3.0,1.2500000000000002,1.7500000000000002,9.0,899285,5.91517483333982,63.96817026860228,4.0,64.0,-64.0,64.0,1.0
------------------X-O-----XOXX----OXO----OX-OO--------O--------- X;,1,50,6,8,-2,0,30,-64,0,0.7499999999999999,0.25,1.2500000000000002,4.750000000000001,7.000000000000001,9.75,0.25,0.25,0.75,3.0,1.2500000000000002,4.750000000000001,7.000000000000001,860024,5.801984595778722,63.969145047114964,4.0,64.0,-64.0,64.0,1.0
---------O--------OO-X-----OXX----XXOX-----O-O--------O--------- X;,1,50,6,8,-2,0,36,-64,0,1.375,0.12500000000000003,3.1250000000000004,7.375,2.0000000000000004,10.375,0.125,0.125,1.375,2.0,3.1250000000000004,7.375,2.0000000000000004,768409,5.975333448723271,63.979888314686576,4.0,64.0,-64.0,64.0,1.0
-------------OO---XXOO-----OXX----OOOO----X--------------------- X;,1,50,5,9,-4,0,24,-64,0,1.7500000000000002,1.2500000000000002,0.25,1.7500000000000002,9.0,9.75,0.25,0.25,0.75,3.0,0.25,1.7500000000000002,9.0,1568663,8.719851236371357,63.940722768370264,4.0,64.0,-64.0,64.0,1.0
------------------X-OX----XXO-----XXO-----OOO----OO------------- X;,1,50,6,8,-2,0,26,-64,0,0.7499999999999999,0.25,3.2499999999999996,0.7499999999999999,9.0,9.75,0.25,0.25,0.75,3.0,3.2499999999999996,0.7499999999999999,9.0,1909467,8.253904361793108,63.962054332439365,4.0,64.0,-64.0,64.0,1.0
-----------O--O---XOXO-----OXX----OOOO----X--------------------- X;,1,50,5,9,-4,0,26,-64,0,1.7500000000000002,0.25,0.25,2.75,9.0,9.75,0.25,0.25,0.75,3.0,0.25,2.75,9.0,1589503,10.447751278229736,63.920960199508905,4.0,64.0,-64.0,64.0,1.0
---------O--------OXXX----XXX-----OOOO-------O-------O---------- X;,1,50,6,8,-2,0,28,-64,0,0.7499999999999999,0.25,1.2500000000000002,2.75,9.0,9.75,0.25,0.25,0.75,3.0,1.2500000000000002,2.75,9.0,660442,7.896508701748223,63.982054442328014,4.0,64.0,-64.0,64.0,1.0
---------------------X----OOOO----XXX-----OOOOO--O-------------- X;,1,50,4,10,-6,0,30,-64,0,1.7500000000000002,0.25,0.25,0.7499999999999999,11.0,9.75,0.25,0.25,0.75,3.0,0.25,0.7499999999999999,11.0,546691,9.02271301338416,63.890204887221486,4.0,64.0,-64.0,64.0,1.0
---------O----O---OXXO-----OXX----OOOO----X--------------------- X;,1,50,5,9,-4,0,34,-64,0,2.3749999999999996,0.12500000000000003,1.1249999999999998,1.375,9.0,10.375,0.125,0.125,0.375,3.0,1.1249999999999998,1.375,9.0,707719,15.431322318603852,63.86481075115971,4.0,64.0,-64.0,64.0,1.0
---------O--------OXXX----XXX-----OOOO-------O--------O--------- X;,1,50,6,8,-2,0,38,-64,0,1.375,0.12500000000000003,1.1249999999999998,3.375,8.000000000000002,10.375,0.125,0.125,1.375,2.0,1.1249999999999998,3.375,8.000000000000002,353239,17.162736843893228,63.730494084741494,4.0,64.0,-64.0,64.0,1.0
---------O--------O-OX----XXXX---OOOO-----X-O------------------- X;,1,50,6,8,-2,0,24,-64,0,0.7499999999999999,0.25,1.2500000000000002,2.75,9.0,9.75,0.25,0.25,0.75,3.0,1.2500000000000002,2.75,9.0,1820855,10.562988266501177,63.952799097127446,4.0,64.0,-64.0,64.0,1.0
---------O-------OO-OX----OXXX----XOO-----X-O------------------- X;,1,50,6,8,-2,0,24,-64,0,0.7499999999999999,1.2500000000000002,1.2500000000000002,3.7500000000000004,7.000000000000001,9.75,0.25,0.25,0.75,3.0,1.2500000000000002,3.7500000000000004,7.000000000000001,1324060,5.988864552965878,63.977600712958626,4.0,64.0,-64.0,64.0,1.0
---------O--------OXXX-----XX-----OXOO----XO--------O----------- X;,1,50,7,7,0,0,24,-64,0,1.7500000000000002,0.25,1.2500000000000002,3.7500000000000004,7.000000000000001,9.75,0.25,0.25,0.75,3.0,1.2500000000000002,3.7500000000000004,7.000000000000001,894452,6.115076046562588,63.98661526834307,4.0,64.0,-64.0,64.0,1.0
---------O--------OXXX-----XX-----OXOO----OO------O------------- X;,1,50,6,8,-2,0,30,-64,0,1.7500000000000002,0.25,1.2500000000000002,1.7500000000000002,9.0,9.75,0.25,0.25,0.75,3.0,1.2500000000000002,1.7500000000000002,9.0,380417,12.451557107069348,63.87097316891727,4.0,64.0,-64.0,64.0,1.0
---------O--------O-OX----OXXX----OXO-----O-O-----O------------- X;,1,50,5,9,-4,0,40,-64,0,2.75,0.25,0.25,1.7500000000000002,9.0,9.75,0.25,0.25,0.75,3.0,0.25,1.7500000000000002,9.0,151588,16.008087711428345,63.732406259070636,6.0,64.0,-64.0,64.0,1.0
------------O-----OOOX----XOXX-----OOO----XO-------------------- X;,1,50,5,9,-4,26,2,-64,0,1.875,0.6250000000000001,2.125,3.375,5.999999999999999,10.875,0.625,0.125,0.375,2.0,2.125,3.375,5.999999999999999,3864309,7.820487440315979,63.966558574896574,4.0,64.0,-64.0,64.0,1.0
------------------OX-X----OXX----OOXO-----XOO-------O----------- X;,1,50,6,8,-2,1,4,-64,0,2.875,0.6250000000000001,0.12500000000000003,3.375,7.000000000000001,9.875,0.625,0.125,0.375,3.0,0.12500000000000003,3.375,7.000000000000001,2937273,7.28821733628437,63.97467923478683,4.0,64.0,-64.0,64.0,1.0
------------------X--------XOO----XXXXO---OOOO------O----------- X;,1,50,6,8,-2,0,4,-64,0,1.875,0.12500000000000003,1.1249999999999998,1.875,9.0,9.875,0.125,0.125,0.875,3.0,1.1249999999999998,1.875,9.0,699733,7.504853994309258,63.964360691863895,4.0,64.0,-64.0,64.0,1.0
------------------OX-X----OXX----OOXO----OOOO------------------- X;,1,50,5,9,-4,0,6,-64,0,2.625,0.37499999999999994,0.37499999999999994,1.6249999999999998,9.0,9.625,0.375,0.375,0.625,3.0,0.37499999999999994,1.6249999999999998,9.0,626233,8.560439964038943,63.88878580336712,4.0,64.0,-64.0,64.0,1.0
------------O-----OOOX----OXXX---O-XOO----X--------------------- X;,1,50,6,8,-2,2,8,-64,0,2.875,1.1249999999999998,0.12500000000000003,4.875000000000001,5.000000000000001,9.875,0.125,0.125,0.875,3.0,0.12500000000000003,4.875000000000001,5.000000000000001,1494809,6.581932541214296,63.979331138627074,4.0,64.0,-64.0,64.0,1.0
-------------------OXX-----OXOO----OOO----XOOO------------------ X;,1,50,4,10,-6,0,8,-64,0,3.375,0.6250000000000001,0.12500000000000003,3.875,5.999999999999999,10.875,0.125,0.625,0.375,2.0,0.12500000000000003,3.875,5.999999999999999,1381927,8.278236115221716,63.92146184277462,4.0,64.0,-64.0,64.0,1.0
------------------OX-X----OXX----OOXO-----OOO-----O------------- X;,1,50,5,9,-4,0,10,-64,0,2.625,0.37499999999999994,0.37499999999999994,1.6249999999999998,9.0,9.625,0.375,0.375,0.625,3.0,0.37499999999999994,1.6249999999999998,9.0,749836,8.79876933089369,63.896227975183905,4.0,64.0,-64.0,64.0,1.0
------------------X-X------XXOO----XXOO----OOO------O----------- X;,1,50,6,8,-2,39,4,-64,0,6.25,0.25,0.25,0.25,7.000000000000001,9.25,0.25,0.25,1.25,3.0,0.25,0.25,7.000000000000001,841198,9.131360274275497,63.939783499247504,4.0,64.0,-64.0,64.0,1.0
------------------X-X------XXO----OOOOO----OOO------O----------- X;,1,50,4,10,-6,3,8,-64,0,2.5000000000000004,0.5000000000000001,0.5000000000000001,0.5000000000000001,10.000000000000002,10.0,0.0,0.0,2.0,2.0,0.5000000000000001,0.5000000000000001,10.000000000000002,1255000,5.071359362549801,63.974455776892434,4.0,64.0,-64.0,64.0,1.0
------------O------O-X----OXX----OXXX-----OOO------O------------ X;,1,50,6,8,-2,0,12,-64,0,6.25,0.25,1.2500000000000002,2.25,4.0,9.25,0.25,0.25,2.25,2.0,1.2500000000000002,2.25,4.0,562761,7.542615781832785,63.915118496128905,4.0,64.0,-64.0,64.0,1.0
-------------------X-X----OOOO---OXXO-----OOO------O------------ X;,1,50,4,10,-6,0,12,-64,0,2.0000000000000004,0.5000000000000001,0.0,1.4999999999999998,10.000000000000002,10.0,0.5,0.0,1.5,2.0,0.0,1.4999999999999998,10.000000000000002,435288,10.28388101670618,63.7812207090478,4.0,64.0,-64.0,64.0,1.0
-----------O-------O-X----OOX----OXOX-----OOO------O------------ X;,1,50,4,10,-6,1,14,-64,0,2.25,0.25,1.2500000000000002,1.2500000000000002,9.0,9.25,0.25,0.25,1.25,3.0,1.2500000000000002,1.2500000000000002,9.0,404802,6.420427764684957,63.93159124707882,4.0,64.0,-64.0,64.0,1.0
-------------------XOX----OXO----OXXO-----OOO------O------------ X;,1,50,5,9,-4,0,14,-64,0,1.0,2.0000000000000004,0.5000000000000001,0.5000000000000001,10.000000000000002,10.0,0.0,0.5,1.5,2.0,0.5000000000000001,0.5000000000000001,10.000000000000002,893492,7.651923016658236,63.93082646515022,4.0,64.0,-64.0,64.0,1.0
-----------O------OXO----OOOXX----OXO--------O--------O--------- X;,1,50,4,10,-6,0,30,-64,0,1.875,1.1249999999999998,0.12500000000000003,5.875000000000001,5.000000000000001,8.875,0.125,0.125,1.875,3.0,0.12500000000000003,5.875000000000001,5.000000000000001,408753,6.996161496062414,63.929532015667164,4.0,64.0,-64.0,64.0,1.0
------------------X-X------XXOO----XXO-----OOOO-----O----------- X;,1,50,6,8,-2,2,4,-64,0,5.749999999999999,0.7499999999999999,0.25,0.25,7.000000000000001,8.75,0.75,0.25,1.25,3.0,0.25,0.25,7.000000000000001,2019024,5.439950193756983,63.99368506763664,4.0,64.0,-64.0,64.0,1.0
-------------------X-X---OOXX-----OOOO----XOO------O------------ X;,1,50,5,9,-4,4,6,-64,0,3.5,1.0,0.5000000000000001,1.0,8.000000000000002,10.0,0.5,0.0,1.5,2.0,0.5000000000000001,1.0,8.000000000000002,1838345,6.216865713454221,63.97519725622775,4.0,64.0,-64.0,64.0,1.0
------------------X-X------XXOO----XXO-----OOO------OO---------- X;,1,50,6,8,-2,1,8,-64,0,5.749999999999999,0.7499999999999999,0.25,0.25,7.000000000000001,8.75,0.75,0.25,1.25,3.0,0.25,0.25,7.000000000000001,963350,7.056934655109774,63.9387242435252,4.0,64.0,-64.0,64.0,1.0
---------------------X----OXX----OOOOOO---XOO-------O----------- X;,1,50,4,10,-6,0,10,-64,0,5.25,0.25,0.25,1.2500000000000002,7.000000000000001,9.25,0.25,0.25,1.25,3.0,0.25,1.2500000000000002,7.000000000000001,1018117,6.567001631443144,63.96368000927202,4.0,64.0,-64.0,64.0,1.0
-----------O-------OOX----OXXOO--O-XXO----X--------------------- X;,1,50,6,8,-2,0,12,-64,0,9.249999999999998,1.2500000000000002,0.25,1.2500000000000002,2.0000000000000004,9.25,1.25,0.25,1.25,2.0,0.25,1.2500000000000002,2.0000000000000004,873378,7.798588927131208,63.94886063079217,4.0,64.0,-64.0,64.0,1.0
-----------O-------OOX----XOXOO----OOO----XO-------------------- X;,1,50,4,10,-6,0,12,-64,0,4.499999999999999,0.5000000000000001,0.5000000000000001,2.5000000000000004,5.999999999999999,10.0,1.0,0.0,1.0,2.0,0.5000000000000001,2.5000000000000004,5.999999999999999,886617,9.123037343069218,63.89309250781341,4.0,64.0,-64.0,64.0,1.0
-----------O-------OOX----XOXOO---OOOO----X--------------------- X;,1,50,4,10,-6,0,12,-64,0,4.499999999999999,1.0,0.0,2.5000000000000004,5.999999999999999,10.0,0.5,0.5,1.0,2.0,0.0,2.5000000000000004,5.999999999999999,1371972,6.459047269186252,63.96121786742003,4.0,64.0,-64.0,64.0,1.0
--------------------OX---XOOO----OXOO-----OOO------O------------ X;,1,50,3,11,-8,3,6,-64,0,5.25,1.2500000000000002,1.2500000000000002,1.2500000000000002,5.000000000000001,9.25,0.25,0.25,1.25,3.0,1.2500000000000002,1.2500000000000002,5.000000000000001,1043693,6.523111681308584,63.95021716155996,4.0,64.0,-64.0,64.0,1.0
--------------------OX---XOOO----OOXO----OOOO------------------- X;,1,50,3,11,-8,0,8,-64,0,4.25,0.7499999999999999,0.25,1.7500000000000002,7.000000000000001,8.75,0.25,0.75,1.25,3.0,0.25,1.7500000000000002,7.000000000000001,201226,11.729657201355689,63.52706906662161,4.0,64.0,-64.0,64.0,1.0
--------------------OX---XOOO----OOXO-----OOO-----O------------- X;,1,50,3,11,-8,0,10,-64,0,4.25,0.7499999999999999,0.25,1.7500000000000002,7.000000000000001,8.75,0.25,0.75,1.25,3.0,0.25,1.7500000000000002,7.000000000000001,110061,15.170114754545207,63.729531805089906,4.0,64.0,-64.0,64.0,1.0
----------OOO------OXX-----OXX----OOOO----X--------------------- X;,1,50,5,9,-4,0,12,-64,0,2.75,0.25,0.7499999999999999,3.2499999999999996,7.000000000000001,8.75,0.25,0.75,1.25,3.0,0.7499999999999999,3.2499999999999996,7.000000000000001,204649,12.302420241486644,63.77305532888018,4.0,64.0,-64.0,64.0,1.0
---O-------OO------OXX-----OXX----OOOO----X--------------------- X;,1,50,5,9,-4,1,14,-64,0,2.75,0.25,0.7499999999999999,3.2499999999999996,7.000000000000001,8.75,0.25,0.75,1.25,3.0,0.7499999999999999,3.2499999999999996,7.000000000000001,247224,14.116760508688477,63.80026211047471,4.0,64.0,-64.0,64.0,1.0
-----------OX-----XXO-----XXO-----OOOO-------O-------O---------- X;,1,50,5,9,-4,0,18,-64,0,1.2500000000000002,0.7499999999999999,0.25,2.75,9.0,8.75,0.25,0.75,1.25,3.0,0.25,2.75,9.0,392611,15.22212062321229,63.62554793421478,4.0,64.0,-64.0,64.0,1.0
-----------XO-O----OXO-----OOX----OOOO----X--------------------- X;,1,50,4,10,-6,0,24,-64,0,4.375,0.6250000000000001,0.12500000000000003,1.875,7.000000000000001,8.875,0.125,0.625,1.375,3.0,0.12500000000000003,1.875,7.000000000000001,284972,15.668030543351627,63.80165068848869,4.0,64.0,-64.0,64.0,1.0
-----------OX-----XXO-----XXO-----OOOO-------O--------O--------- X;,1,50,5,9,-4,0,30,-64,0,1.375,0.6250000000000001,0.12500000000000003,2.875,9.0,8.875,0.125,0.625,1.375,3.0,0.12500000000000003,2.875,9.0,328456,15.00879265411501,63.6445429524807,4.0,64.0,-64.0,64.0,1.0
------------------X-OX-----XOO-----XOO-----OOO------OO---------- X;,1,50,4,10,-6,1,6,-64,0,3.6250000000000004,0.37499999999999994,0.37499999999999994,0.6250000000000001,9.0,9.625,0.375,0.375,0.625,3.0,0.37499999999999994,0.6250000000000001,9.0,2259625,5.850201692758755,63.98269978425624,4.0,64.0,-64.0,64.0,1.0
------------------X--X----OXX-----OOOO----OOO-----OO------------ X;,1,50,4,10,-6,1,6,-64,0,3.6250000000000004,0.37499999999999994,0.37499999999999994,0.6250000000000001,9.0,9.625,0.375,0.375,0.625,3.0,0.37499999999999994,0.6250000000000001,9.0,1896077,4.66414918803403,63.9943093028395,4.0,64.0,-64.0,64.0,1.0
------------------X--------XXO-----XXOO--OOOOOO----------------- X;,1,50,5,9,-4,0,6,-64,0,6.875,0.12500000000000003,0.6250000000000001,0.37499999999999994,5.999999999999999,8.875,0.125,0.625,0.375,4.0,0.6250000000000001,0.37499999999999994,5.999999999999999,1206392,6.497521535288696,63.96302528531356,4.0,64.0,-64.0,64.0,1.0
------------------X-OX----OOO-----OXO-----OOO-----OO------------ X;,1,50,3,11,-8,0,12,-64,0,4.625,0.37499999999999994,0.37499999999999994,1.6249999999999998,7.000000000000001,9.625,0.375,0.375,0.625,3.0,0.37499999999999994,1.6249999999999998,7.000000000000001,506680,8.321733638588459,63.914979868950816,4.0,64.0,-64.0,64.0,1.0
------------------X--X----OOOO----OXO-----OOO-----OO------------ X;,1,50,3,11,-8,0,14,-64,0,4.625,0.37499999999999994,0.37499999999999994,1.6249999999999998,7.000000000000001,9.625,0.375,0.375,0.625,3.0,0.37499999999999994,1.6249999999999998,7.000000000000001,416934,7.228736442698365,63.913079768020836,4.0,64.0,-64.0,64.0,1.0
---------O--------O--X-----OXO-----XOO-----OOO------OO---------- X;,1,50,3,11,-8,0,26,-64,0,2.75,0.25,0.25,6.75,4.0,8.75,0.25,0.25,0.75,4.0,0.25,6.75,4.0,670958,6.262985164496138,63.96327340906584,4.0,64.0,-64.0,64.0,1.0
---------------------X----OOX----XXXO----OOOOO-----O------------ X;,1,50,5,9,-4,0,6,-64,0,0.875,1.1249999999999998,1.1249999999999998,4.875000000000001,5.999999999999999,8.875,0.125,0.125,0.875,4.0,1.1249999999999998,4.875000000000001,5.999999999999999,1298252,5.719313353647828,63.967125026574195,4.0,64.0,-64.0,64.0,1.0
---------------------X----OOX----OXXX---OOOOO------O------------ X;,1,50,5,9,-4,0,8,-64,0,2.25,0.7499999999999999,0.7499999999999999,2.25,8.000000000000002,7.75,0.25,0.25,1.75,4.0,0.7499999999999999,2.25,8.000000000000002,811986,5.446305724482935,63.965509257548774,4.0,64.0,-64.0,64.0,1.0
---------------------X--O-OOX----OXXX----OOOO------O------------ X;,1,50,5,9,-4,0,10,-64,0,2.25,0.7499999999999999,0.7499999999999999,2.25,8.000000000000002,7.75,0.25,0.25,1.75,4.0,0.7499999999999999,2.25,8.000000000000002,257045,11.796907156334495,63.835484059211424,4.0,64.0,-64.0,64.0,1.0
---------------------X----OOOO---XXXO----OOOO------O------------ X;,1,50,4,10,-6,0,12,-64,0,2.25,0.7499999999999999,0.7499999999999999,1.2500000000000002,9.0,8.75,0.25,0.25,1.75,3.0,0.7499999999999999,1.2500000000000002,9.0,313816,16.704183343105512,63.71198409258929,4.0,64.0,-64.0,64.0,1.0
---------------------X----OXX----OOXO-----OOO-----OOO----------- X;,1,50,4,10,-6,0,14,-64,0,4.25,0.25,0.25,1.2500000000000002,8.000000000000002,8.25,0.25,0.25,1.25,4.0,0.25,1.2500000000000002,8.000000000000002,411710,7.620538728716816,63.89746666342814,4.0,64.0,-64.0,64.0,1.0
--------------------OX----OOO----XXXO----OOOO------O------------ X;,1,50,4,10,-6,0,14,-64,0,2.25,1.7500000000000002,1.7500000000000002,1.2500000000000002,7.000000000000001,8.75,0.25,0.25,1.75,3.0,1.7500000000000002,1.2500000000000002,7.000000000000001,855697,7.023175259466844,63.92426291082007,4.0,64.0,-64.0,64.0,1.0
-----------O-----OOOO----XXOX-----OOO--------O--------O--------- X;,1,50,3,11,-8,0,30,-64,0,2.875,1.1249999999999998,1.1249999999999998,2.875,5.999999999999999,7.875,0.125,0.125,1.875,4.0,1.1249999999999998,2.875,5.999999999999999,262173,10.669473973292444,63.71350215315841,4.0,64.0,-64.0,64.0,1.0
---------------------X---XOOOO---OOXO----OOOO------------------- X;,1,50,3,11,-8,0,8,-64,0,4.25,0.7499999999999999,0.25,1.7500000000000002,7.000000000000001,8.75,0.25,0.75,1.25,3.0,0.25,1.7500000000000002,7.000000000000001,128025,12.34505760593634,63.61732474126147,4.0,64.0,-64.0,64.0,1.0
---------------------X---XOOOO---OXOO-----OOO------O------------ X;,1,50,3,11,-8,0,8,-64,0,5.25,0.25,0.25,1.2500000000000002,7.000000000000001,9.25,0.25,0.25,1.25,3.0,0.25,1.2500000000000002,7.000000000000001,712362,8.966452449737634,63.91529306728882,4.0,64.0,-64.0,64.0,1.0
---------------------X---XOOOO---OOXO-----OOO-----O------------- X;,1,50,3,11,-8,1,12,-64,0,4.25,0.7499999999999999,0.25,1.7500000000000002,7.000000000000001,8.75,0.25,0.75,1.25,3.0,0.25,1.7500000000000002,7.000000000000001,132457,15.459160331277321,63.69028439418075,4.0,64.0,-64.0,64.0,1.0
-------------------OXX-----OXXO---OOOOOO--X--------------------- X;,1,50,5,9,-4,2,14,-64,0,2.75,0.25,0.7499999999999999,3.2499999999999996,7.000000000000001,8.75,0.25,0.75,1.25,3.0,0.7499999999999999,3.2499999999999996,7.000000000000001,289578,14.044975792359917,63.81499285166691,4.0,64.0,-64.0,64.0,1.0
----------OOO------OXX-----OXX-----OOO----XO-------------------- X;,1,50,5,9,-4,0,16,-64,0,2.75,0.25,0.7499999999999999,3.2499999999999996,7.000000000000001,8.75,0.25,0.75,1.25,3.0,0.7499999999999999,3.2499999999999996,7.000000000000001,671184,11.995843166702425,63.78170516579656,4.0,64.0,-64.0,64.0,1.0
-----------OX-----XXO-----XXO-----OOO-------OOO----------------- X;,1,50,5,9,-4,0,18,-64,0,1.2500000000000002,0.7499999999999999,0.25,2.75,9.0,8.75,0.25,0.75,1.25,3.0,0.25,2.75,9.0,351168,16.39180677054857,63.6228699653727,6.0,64.0,-64.0,64.0,1.0
-----------XO-O----OXO-----OOX-----OOO----XO-------------------- X;,1,50,4,10,-6,0,26,-64,0,4.375,0.6250000000000001,0.12500000000000003,1.875,7.000000000000001,8.875,0.125,0.625,1.375,3.0,0.12500000000000003,1.875,7.000000000000001,466735,15.817952371259922,63.826861066772366,4.0,64.0,-64.0,64.0,1.0
-----------OX-----XXO-----XXO-----OOO-------OO--------O--------- X;,1,50,5,9,-4,0,30,-64,0,1.375,0.6250000000000001,0.12500000000000003,2.875,9.0,8.875,0.125,0.625,1.375,3.0,0.12500000000000003,2.875,9.0,441204,11.703638226308012,63.768927752241595,4.0,64.0,-64.0,64.0,1.0
------------------OOXX---OXXX-----OOOO----XO-------------------- X;,1,50,6,8,-2,187,4,-64,0,0.875,0.6250000000000001,0.12500000000000003,2.3749999999999996,10.000000000000002,10.875,0.625,0.125,0.375,2.0,0.12500000000000003,2.3749999999999996,10.000000000000002,4987413,4.4817603835896485,63.991085959795186,4.0,64.0,-64.0,64.0,1.0
-----------------OOOXX----OXX-----XOOO----XO-------------------- X;,1,50,6,8,-2,36,6,-64,0,0.875,0.6250000000000001,0.12500000000000003,4.375,8.000000000000002,10.875,0.625,0.125,0.375,2.0,0.12500000000000003,4.375,8.000000000000002,2685795,6.1290478238286985,63.98078185416236,4.0,64.0,-64.0,64.0,1.0
------------------OOXX----XXX-----XOOO---OOO-------------------- X;,1,50,6,8,-2,7,6,-64,0,0.37499999999999994,0.12500000000000003,0.6250000000000001,0.875,11.999999999999998,10.875,0.625,0.125,0.375,2.0,0.6250000000000001,0.875,11.999999999999998,2323786,4.954330562280692,63.98645572354769,4.0,64.0,-64.0,64.0,1.0
------------------OOXX----OXX----OOOOO----XO-------------------- X;,1,50,5,9,-4,4,6,-64,0,2.3749999999999996,0.12500000000000003,0.6250000000000001,2.875,8.000000000000002,10.875,0.625,0.125,0.375,2.0,0.6250000000000001,2.875,8.000000000000002,2940143,4.860265640140633,63.9854306406185,4.0,64.0,-64.0,64.0,1.0
------------------OXXX----OXOO---OOOO-----X-O------------------- X;,1,50,5,9,-4,8,10,-64,0,1.875,0.6250000000000001,2.125,3.375,5.999999999999999,10.875,0.625,0.125,0.375,2.0,2.125,3.375,5.999999999999999,2232626,9.400692278957605,63.913156077193406,4.0,64.0,-64.0,64.0,1.0
------------------OXXX----OXOO----OXO-----O-O-----O------------- X;,1,50,5,9,-4,0,12,-64,0,0.875,0.6250000000000001,2.125,0.37499999999999994,10.000000000000002,10.875,0.625,0.125,0.375,2.0,2.125,0.37499999999999994,10.000000000000002,530337,6.6805182365175355,63.91363604651382,4.0,64.0,-64.0,64.0,1.0
------------------XXOO-----XXO----OOOO------OO-------O---------- X;,1,50,4,10,-6,0,12,-64,0,2.3749999999999996,0.12500000000000003,0.6250000000000001,0.875,10.000000000000002,10.875,0.625,0.125,0.375,2.0,0.6250000000000001,0.875,10.000000000000002,548287,6.898321499506645,63.93516169451401,4.0,64.0,-64.0,64.0,1.0
------------------OOXX----XXX-----XOOO----OO-----O-------------- X;,1,50,6,8,-2,0,22,-64,0,0.5000000000000001,0.0,0.5000000000000001,1.0,11.999999999999998,11.0,0.5,0.0,0.5,2.0,0.5000000000000001,1.0,11.999999999999998,2427224,5.148896022781581,63.99238059610485,4.0,64.0,-64.0,64.0,1.0
------------------OXXX----OXOO----XOO-----O-O----O-------------- X;,1,50,5,9,-4,0,26,-64,0,1.4999999999999998,0.0,0.5000000000000001,2.0000000000000004,10.000000000000002,11.0,0.5,0.0,0.5,2.0,0.5000000000000001,2.0000000000000004,10.000000000000002,1378409,8.010964815232635,63.95605658407628,4.0,64.0,-64.0,64.0,1.0
------------------O-XX----OXX----OOXO-----XOO-------O----------- X;,1,50,6,8,-2,12,4,-64,0,2.875,0.6250000000000001,0.12500000000000003,3.375,7.000000000000001,9.875,0.625,0.125,0.375,3.0,0.12500000000000003,3.375,7.000000000000001,1735224,5.244542491344057,63.983471874524554,4.0,64.0,-64.0,64.0,1.0
---------------------X----OOXX---OXXX-----OOOO-----O------------ X;,1,50,6,8,-2,15,6,-64,0,1.875,1.1249999999999998,1.1249999999999998,2.875,7.000000000000001,9.875,0.125,0.125,0.875,3.0,1.1249999999999998,2.875,7.000000000000001,1299530,7.015677975883588,63.9716312820789,4.0,64.0,-64.0,64.0,1.0
------------O-----OOOX-----OXX----XOOO----XO-------------------- X;,1,50,5,9,-4,6,8,-64,0,1.875,2.125,2.125,3.875,4.0,10.875,0.125,0.125,0.875,2.0,2.125,3.875,4.0,2130112,7.822784905206863,63.94122093110597,4.0,64.0,-64.0,64.0,1.0
------------------O-XX----OXX----OOXO----OOOO------------------- X;,1,50,5,9,-4,0,8,-64,0,2.625,0.37499999999999994,0.37499999999999994,1.6249999999999998,9.0,9.625,0.375,0.375,0.625,3.0,0.37499999999999994,1.6249999999999998,9.0,936422,6.579078663252251,63.96402476661164,4.0,64.0,-64.0,64.0,1.0
------------------O-XX----OXX----OOXO-----OOO-----O------------- X;,1,50,5,9,-4,0,12,-64,0,2.625,0.37499999999999994,0.37499999999999994,1.6249999999999998,9.0,9.625,0.375,0.375,0.625,3.0,0.37499999999999994,1.6249999999999998,9.0,627579,9.185387019004779,63.92363351864865,4.0,64.0,-64.0,64.0,1.0
------------O-----OOOX-----XXX---OOOOO----X--------------------- X;,1,50,5,9,-4,1,14,-64,0,1.875,0.12500000000000003,0.12500000000000003,2.875,9.0,9.875,0.125,0.125,0.875,3.0,0.12500000000000003,2.875,9.0,167517,10.688909185336414,63.75349367526878,4.0,64.0,-64.0,64.0,1.0
-------------------OXX-----OXOO----XOO----XO-O----O------------- X;,1,50,5,9,-4,0,16,-64,0,1.6249999999999998,0.37499999999999994,0.37499999999999994,6.625000000000001,5.000000000000001,9.625,0.375,0.375,0.625,3.0,0.37499999999999994,6.625000000000001,5.000000000000001,926989,5.896076436721471,63.94100253616818,4.0,64.0,-64.0,64.0,1.0
------------------X-OX----XXOO-----XO-----OOOOO----------------- X;,1,50,5,9,-4,0,6,-64,0,1.2500000000000002,0.25,1.2500000000000002,1.2500000000000002,10.000000000000002,11.25,0.25,0.25,0.25,2.0,1.2500000000000002,1.2500000000000002,10.000000000000002,1545821,6.553198591557496,63.95493398006626,4.0,64.0,-64.0,64.0,1.0
------------------X-OX----OXOX-----XO----OOOOO------------------ X;,1,50,5,9,-4,0,6,-64,0,1.2500000000000002,1.2500000000000002,1.2500000000000002,0.25,10.000000000000002,11.25,0.25,0.25,0.25,2.0,1.2500000000000002,0.25,10.000000000000002,1256765,6.294524433764467,63.95548252855546,4.0,64.0,-64.0,64.0,1.0
------------------XX-O-----XXO-----XXO---OOO-O-------O---------- X;,1,50,6,8,-2,1,12,-64,0,5.999999999999999,1.0,0.5000000000000001,1.4999999999999998,5.000000000000001,10.5,0.5,0.0,0.0,3.0,0.5000000000000001,1.4999999999999998,5.000000000000001,597132,4.974042590248052,63.990856293080924,4.0,64.0,-64.0,64.0,1.0
------------------X--XO---OXXO-----XO----OOOOO------------------ X;,1,50,5,9,-4,0,12,-64,0,3.5,0.5000000000000001,0.5000000000000001,1.4999999999999998,8.000000000000002,10.5,0.5,0.5,0.5,2.0,0.5000000000000001,1.4999999999999998,8.000000000000002,617239,6.616344722222673,63.93478053071825,4.0,64.0,-64.0,64.0,1.0
------------------O-XX----OOX-----OXO-----O-OO----O---O--------- X;,1,50,4,10,-6,0,26,-64,0,1.875,0.6250000000000001,0.6250000000000001,5.875000000000001,5.000000000000001,10.375,0.125,0.125,0.375,3.0,0.6250000000000001,5.875000000000001,5.000000000000001,342963,6.727262124485732,63.94756285663468,4.0,64.0,-64.0,64.0,1.0
------------------X--X----OOOOO----XX----OOOOO------------------ X;,1,50,4,10,-6,0,30,-64,0,2.25,0.25,0.25,0.25,11.0,10.25,0.25,0.25,0.25,3.0,0.25,0.25,11.0,31688,12.088172178742742,63.69988639232517,4.0,64.0,-64.0,64.0,1.0
---------O--------O--X----XOXO-----XO-----OOOOO----------------- X;,1,50,4,10,-6,0,30,-64,0,1.875,0.6250000000000001,0.6250000000000001,5.875000000000001,5.000000000000001,10.375,0.125,0.125,0.375,3.0,0.6250000000000001,5.875000000000001,5.000000000000001,396064,8.255791993213219,63.89638038296841,4.0,64.0,-64.0,64.0,1.0
------------O-----O-OX----OXXX---OOOO-----X-O------------------- X;,1,50,5,9,-4,2,12,-64,0,1.875,0.12500000000000003,0.12500000000000003,2.875,9.0,9.875,0.125,0.125,0.875,3.0,0.12500000000000003,2.875,9.0,535049,7.326200030277601,63.8987756261576,4.0,64.0,-64.0,64.0,1.0
------------------OOXX-----XX----OOXOO----XO--------O----------- X;,1,50,6,8,-2,2,12,-64,0,2.875,0.6250000000000001,0.12500000000000003,3.375,7.000000000000001,9.875,0.625,0.125,0.375,3.0,0.12500000000000003,3.375,7.000000000000001,573648,5.231441580899785,63.974709229353195,4.0,64.0,-64.0,64.0,1.0
--------------------XX----OOXOO----XO-----XOOO----O------------- X;,1,50,5,9,-4,0,14,-64,0,1.6249999999999998,0.37499999999999994,0.37499999999999994,6.625000000000001,5.000000000000001,9.625,0.375,0.375,0.625,3.0,0.37499999999999994,6.625000000000001,5.000000000000001,440820,5.761843836486547,63.92947688398893,4.0,64.0,-64.0,64.0,1.0
------------------OOXX-----XX----OOXOO----OO------O------------- X;,1,50,5,9,-4,1,16,-64,0,2.625,0.37499999999999994,0.37499999999999994,1.6249999999999998,9.0,9.625,0.375,0.375,0.625,3.0,0.37499999999999994,1.6249999999999998,9.0,195650,7.776805520061334,63.86405315614618,4.0,64.0,-64.0,64.0,1.0
------------------XXOO-----XO-----OOOOO-----OO------O----------- X;,1,50,3,11,-8,1,18,-64,0,2.875,0.12500000000000003,0.12500000000000003,1.875,9.0,9.875,0.125,0.125,0.875,3.0,0.12500000000000003,1.875,9.0,168891,6.54347478551255,63.89577893434227,4.0,64.0,-64.0,64.0,1.0
------------O-----O-OX----OXXX----OXO-----O-O-----O------------- X;,1,50,5,9,-4,0,18,-64,0,2.625,0.37499999999999994,0.37499999999999994,1.6249999999999998,9.0,9.625,0.375,0.375,0.625,3.0,0.37499999999999994,1.6249999999999998,9.0,96232,7.962112395045307,63.75929004904813,4.0,64.0,-64.0,64.0,1.0
-------------------X-X----OXOO---OOOO----XO-O-----O------------- X;,1,50,4,10,-6,1,6,-64,0,2.25,0.7499999999999999,1.7500000000000002,1.2500000000000002,8.000000000000002,8.75,1.25,0.25,1.75,2.0,1.7500000000000002,1.2500000000000002,8.000000000000002,2122385,8.33726208958318,63.978100109075406,4.0,64.0,-64.0,64.0,1.0
------------OX----OOXX----XOO------OOO----XO-------------------- X;,1,50,5,9,-4,4,8,-64,0,4.625,0.37499999999999994,0.37499999999999994,2.625,5.999999999999999,9.625,1.375,0.375,0.625,2.0,0.37499999999999994,2.625,5.999999999999999,957057,8.826989406064634,63.93039495035301,4.0,64.0,-64.0,64.0,1.0
------------OX-----OXX----OXO----O-OOO----XO-------------------- X;,1,50,5,9,-4,0,12,-64,0,3.7500000000000004,0.25,0.25,3.7500000000000004,5.999999999999999,8.75,1.25,0.25,1.75,2.0,0.25,3.7500000000000004,5.999999999999999,1000600,8.447769338396961,63.93560263841695,4.0,64.0,-64.0,64.0,1.0
------------OX---O-OXX----OXO------OOO----XO-------------------- X;,1,50,5,9,-4,0,12,-64,0,3.2499999999999996,0.25,0.7499999999999999,3.7500000000000004,5.999999999999999,8.75,1.75,0.25,1.25,2.0,0.7499999999999999,3.7500000000000004,5.999999999999999,617871,9.715189740253225,63.919313254708506,4.0,64.0,-64.0,64.0,1.0
------------OX-----OXX----XXO------OOO---OOO-------------------- X;,1,50,5,9,-4,0,12,-64,0,1.2500000000000002,0.7499999999999999,0.7499999999999999,1.2500000000000002,10.000000000000002,8.75,1.25,0.25,1.75,2.0,0.7499999999999999,1.2500000000000002,10.000000000000002,928731,7.6250755062553095,63.934502024805894,4.0,64.0,-64.0,64.0,1.0
-------------------X-X----OXOO---OXOO----XO-O------O------------ X;,1,50,5,9,-4,0,14,-64,0,1.7500000000000002,0.25,0.25,1.7500000000000002,10.000000000000002,8.75,1.25,0.25,1.75,2.0,0.25,1.7500000000000002,10.000000000000002,158779,14.007393924889312,63.80211488924858,4.0,64.0,-64.0,64.0,1.0
------------OX-----OXX---OOOO------OOO----XO-------------------- X;,1,50,4,10,-6,1,20,-64,0,6.75,0.7499999999999999,0.25,2.25,4.0,8.75,1.75,0.25,1.25,2.0,0.25,2.25,4.0,113757,15.38412581203794,63.70756964406586,4.0,64.0,-64.0,64.0,1.0
------------OX-----OXX----XXO------OOO----OO-----O-------------- X;,1,50,5,9,-4,0,26,-64,0,1.6249999999999998,0.37499999999999994,0.37499999999999994,1.6249999999999998,10.000000000000002,8.625,1.375,0.375,1.625,2.0,0.37499999999999994,1.6249999999999998,10.000000000000002,675350,7.912892574220774,63.91416302657881,4.0,64.0,-64.0,64.0,1.0
-------------------X-X----OXOO---OXOO----OO-O----O-------------- X;,1,50,4,10,-6,0,32,-64,0,1.6249999999999998,0.37499999999999994,0.37499999999999994,1.6249999999999998,10.000000000000002,8.625,1.375,0.375,1.625,2.0,0.37499999999999994,1.6249999999999998,10.000000000000002,455286,14.454083806662187,63.78420597163102,6.0,64.0,-64.0,64.0,1.0
-----------XO------X-X----OXOO----OXO-----O-O-----O------------- X;,1,50,5,9,-4,0,6,-64,0,1.2500000000000002,0.7499999999999999,1.2500000000000002,0.7499999999999999,10.000000000000002,8.75,1.25,0.75,1.25,2.0,1.2500000000000002,0.7499999999999999,10.000000000000002,1153493,5.672698490584685,63.98416808771271,4.0,64.0,-64.0,64.0,1.0
-----------XO------X-X----OXOO---OOOO-----X-O------------------- X;,1,50,5,9,-4,0,8,-64,0,3.2499999999999996,0.25,1.2500000000000002,3.2499999999999996,5.999999999999999,9.25,1.25,0.25,1.25,2.0,1.2500000000000002,3.2499999999999996,5.999999999999999,1008331,10.066728088296403,63.91028144527938,4.0,64.0,-64.0,64.0,1.0
------------------OOXX---XXOX----O-OOO----XO-------------------- X;,1,50,6,8,-2,0,8,-64,0,1.375,0.6250000000000001,0.12500000000000003,3.875,8.000000000000002,9.875,1.125,0.625,0.375,2.0,0.12500000000000003,3.875,8.000000000000002,2648384,6.093500036248519,63.98079734660835,4.0,64.0,-64.0,64.0,1.0
-------------------OXX---XXXX----O-OOO----OO-------O------------ X;,1,50,6,8,-2,1,14,-64,0,0.25,0.25,0.25,1.2500000000000002,11.999999999999998,9.25,1.25,0.25,1.25,2.0,0.25,1.2500000000000002,11.999999999999998,418734,9.677785897491008,63.92163043841675,4.0,64.0,-64.0,64.0,1.0
-------------------OXX---XXXX----O-OOO---OOO-------------------- X;,1,50,6,8,-2,0,14,-64,0,0.25,0.7499999999999999,0.25,0.7499999999999999,11.999999999999998,8.75,1.25,0.75,1.25,2.0,0.25,0.7499999999999999,11.999999999999998,324570,11.082108636041532,63.81162769202329,4.0,64.0,-64.0,64.0,1.0
-----------------O-OXX---OOXX----O-OOO----XO-------------------- X;,1,50,5,9,-4,0,14,-64,0,2.75,0.25,0.7499999999999999,2.25,8.000000000000002,8.75,1.25,0.75,1.25,2.0,0.7499999999999999,2.25,8.000000000000002,940983,5.274414096747763,63.96528948982075,4.0,64.0,-64.0,64.0,1.0
-----------XO------X-X----OXOO----XOO-----O-O----O-------------- X;,1,50,5,9,-4,0,28,-64,0,1.375,0.6250000000000001,0.12500000000000003,1.875,10.000000000000002,8.875,1.125,0.625,1.375,2.0,0.12500000000000003,1.875,10.000000000000002,622557,10.51531666979891,63.88668025578381,4.0,64.0,-64.0,64.0,1.0
-------------------OXX---XXXX----O-OOO----OO-----O-------------- X;,1,50,6,8,-2,0,28,-64,0,0.37499999999999994,0.6250000000000001,0.12500000000000003,0.875,11.999999999999998,8.875,1.125,0.625,1.375,2.0,0.12500000000000003,0.875,11.999999999999998,648282,9.306240185598243,63.915993348573615,4.0,64.0,-64.0,64.0,1.0
-----------------OOOXX---XXOX------OOO----XO-------------------- X;,1,50,6,8,-2,2,6,-64,0,1.6249999999999998,0.37499999999999994,0.37499999999999994,3.6250000000000004,8.000000000000002,9.625,1.375,0.375,0.625,2.0,0.37499999999999994,3.6250000000000004,8.000000000000002,2681240,6.132662499440557,63.98252599543495,4.0,64.0,-64.0,64.0,1.0
----------OX-------X-X----OXOO----OXO-----O-O-----O------------- X;,1,50,5,9,-4,0,8,-64,0,1.7500000000000002,0.25,1.7500000000000002,0.25,10.000000000000002,8.75,1.25,0.75,1.25,2.0,1.7500000000000002,0.25,10.000000000000002,1199959,6.296685136742172,63.98461280760426,4.0,64.0,-64.0,64.0,1.0
----------OX-------X-X----OXOO---OOOO-----X-O------------------- X;,1,50,5,9,-4,0,12,-64,0,3.2499999999999996,0.25,1.7500000000000002,2.75,5.999999999999999,8.75,1.75,0.25,1.25,2.0,1.7500000000000002,2.75,5.999999999999999,959682,11.329150697835324,63.901133917276766,4.0,64.0,-64.0,64.0,1.0
-----------------O-OXX---XXXX------OOO---OOO-------------------- X;,1,50,6,8,-2,0,14,-64,0,0.7499999999999999,0.25,0.7499999999999999,0.25,11.999999999999998,8.75,1.25,0.75,1.25,2.0,0.7499999999999999,0.25,11.999999999999998,421411,13.847759076056391,63.81961552973225,4.0,64.0,-64.0,64.0,1.0
----------OX-------X-X----OXOO----XOO-----O-O----O-------------- X;,1,50,5,9,-4,0,26,-64,0,1.6249999999999998,0.37499999999999994,0.37499999999999994,1.6249999999999998,10.000000000000002,8.625,1.375,0.375,1.625,2.0,0.37499999999999994,1.6249999999999998,10.000000000000002,580882,11.879362762144464,63.9259402081662,4.0,64.0,-64.0,64.0,1.0
-----------------O-OXX---XXXX------OOO----OO-----O-------------- X;,1,50,6,8,-2,0,28,-64,0,0.6250000000000001,0.37499999999999994,0.37499999999999994,0.6250000000000001,11.999999999999998,8.625,1.375,0.375,1.625,2.0,0.37499999999999994,0.6250000000000001,11.999999999999998,722284,8.84319187466426,63.9289393091914,4.0,64.0,-64.0,64.0,1.0
------------------OX-X----OOOO----XXO----XO-O-----O------------- X;,1,50,5,9,-4,0,6,-64,0,1.375,0.6250000000000001,0.6250000000000001,1.375,10.000000000000002,9.875,1.125,0.125,0.875,2.0,0.6250000000000001,1.375,10.000000000000002,1589306,7.524552225940127,63.9688216114455,4.0,64.0,-64.0,64.0,1.0
------------O------O-X----OXOO----XXO----XO-O-----O------------- X;,1,50,5,9,-4,0,8,-64,0,1.2500000000000002,0.7499999999999999,0.7499999999999999,1.2500000000000002,10.000000000000002,8.75,1.25,0.25,1.75,2.0,0.7499999999999999,1.2500000000000002,10.000000000000002,1275858,4.852757908795493,63.9949163621657,4.0,64.0,-64.0,64.0,1.0
----------O--------O-X----OXOO----XXO----XO-O-----O------------- X;,1,50,5,9,-4,0,10,-64,0,1.2500000000000002,0.25,1.2500000000000002,1.2500000000000002,10.000000000000002,9.25,1.25,0.25,1.25,2.0,1.2500000000000002,1.2500000000000002,10.000000000000002,1523493,4.478946736217364,63.99667868510062,4.0,64.0,-64.0,64.0,1.0
-------------------X-X----OXOO--O-XXO----OO-O-----O------------- X;,1,50,5,9,-4,0,12,-64,0,0.7499999999999999,0.25,0.25,0.7499999999999999,11.999999999999998,8.75,1.25,0.25,1.75,2.0,0.25,0.7499999999999999,11.999999999999998,846805,6.682234989165156,63.94631585784212,4.0,64.0,-64.0,64.0,1.0
-------------------X-X----OXOO----XXO---OOO-O-----O------------- X;,1,50,5,9,-4,0,12,-64,0,0.7499999999999999,0.25,0.25,0.7499999999999999,11.999999999999998,8.75,1.25,0.25,1.75,2.0,0.25,0.7499999999999999,11.999999999999998,920701,5.920801650047084,63.971013390883684,4.0,64.0,-64.0,64.0,1.0
-------------X-----OXOO---XXX------OOO---OOO-------------------- X;,1,50,5,9,-4,0,12,-64,0,1.2500000000000002,1.2500000000000002,1.2500000000000002,1.2500000000000002,9.0,9.25,1.25,0.25,2.25,1.0,1.2500000000000002,1.2500000000000002,9.0,768083,5.537357290813623,63.991891501309105,4.0,64.0,-64.0,64.0,1.0
-------------X-----OXOO---XXX------OOO----OO-----O-------------- X;,1,50,5,9,-4,0,24,-64,0,1.375,0.6250000000000001,0.6250000000000001,1.375,10.000000000000002,8.875,1.125,0.125,1.875,2.0,0.6250000000000001,1.375,10.000000000000002,980047,4.915727511027533,63.991443267516765,4.0,64.0,-64.0,64.0,1.0
------------O-----XXOX----XXO------OOO---OOO-------------------- X;,1,50,5,9,-4,0,12,-64,0,1.6249999999999998,1.375,0.37499999999999994,2.625,8.000000000000002,9.625,1.375,0.375,0.625,2.0,0.37499999999999994,2.625,8.000000000000002,377053,14.817306850761033,63.75812418943756,4.0,64.0,-64.0,64.0,1.0
-----------O------XOXX----XOX------OOO---OOO-------------------- X;,1,50,5,9,-4,0,14,-64,0,1.6249999999999998,0.37499999999999994,0.37499999999999994,1.6249999999999998,10.000000000000002,9.625,1.375,0.375,0.625,2.0,0.37499999999999994,1.6249999999999998,10.000000000000002,753660,11.118865270811773,63.84154658599368,4.0,64.0,-64.0,64.0,1.0
-----------------OXXXX----OXX------OOO---OOO-------------------- X;,1,50,6,8,-2,0,14,-64,0,0.875,1.1249999999999998,1.6249999999999998,0.37499999999999994,10.000000000000002,9.875,1.125,0.625,0.375,2.0,1.6249999999999998,0.37499999999999994,10.000000000000002,421412,13.847730961624254,63.81961595778004,4.0,64.0,-64.0,64.0,1.0
----------O-------XOXX----XXO------OOO---OOO-------------------- X;,1,50,5,9,-4,0,16,-64,0,1.875,0.6250000000000001,0.12500000000000003,1.375,10.000000000000002,9.875,1.625,0.125,0.375,2.0,0.12500000000000003,1.375,10.000000000000002,352550,12.945471564317119,63.719387320947384,4.0,64.0,-64.0,64.0,1.0
---------O--------OXXX----XOX------OOO---OOO-------------------- X;,1,50,5,9,-4,0,26,-64,0,1.7500000000000002,0.25,0.25,1.7500000000000002,10.000000000000002,9.75,1.25,0.25,0.75,2.0,0.25,1.7500000000000002,10.000000000000002,459422,16.568161733656638,63.72764908950812,6.0,64.0,-64.0,64.0,1.0
--------------O---XXXO----XXO------OOO---OOO-------------------- X;,1,50,5,9,-4,0,30,-64,0,1.7500000000000002,0.25,0.25,3.7500000000000004,8.000000000000002,9.75,1.25,0.25,0.75,2.0,0.25,3.7500000000000004,8.000000000000002,491107,13.911954014094688,63.8472389927246,4.0,64.0,-64.0,64.0,1.0
------------------XX-X----XXOO---OOOO-----O-O----O-------------- X;,1,50,5,9,-4,0,26,-64,0,1.7500000000000002,1.2500000000000002,0.25,2.75,8.000000000000002,9.75,1.25,0.25,0.75,2.0,0.25,2.75,8.000000000000002,544674,16.120831910463874,63.80694507173098,6.0,64.0,-64.0,64.0,1.0
-----------O------XO-X----XOOO----XOO-----O-O----O-------------- X;,1,50,4,10,-6,0,26,-64,0,4.750000000000001,1.2500000000000002,1.2500000000000002,0.7499999999999999,5.999999999999999,9.75,1.25,0.25,0.75,2.0,1.2500000000000002,0.7499999999999999,5.999999999999999,745196,10.366657899398279,63.897860428665744,4.0,64.0,-64.0,64.0,1.0
-----------------OXX-X----OXOO----XOO-----O-O----O-------------- X;,1,50,5,9,-4,0,28,-64,0,1.7500000000000002,0.25,0.25,1.7500000000000002,10.000000000000002,9.75,1.25,0.25,0.75,2.0,0.25,1.7500000000000002,10.000000000000002,667630,12.905321809984573,63.84767311235265,4.0,64.0,-64.0,64.0,1.0
------------------XX-X---OOOOO----XOO-----O-O----O-------------- X;,1,50,4,10,-6,0,28,-64,0,4.750000000000001,0.25,0.25,0.7499999999999999,8.000000000000002,9.75,1.25,0.25,0.75,2.0,0.25,0.7499999999999999,8.000000000000002,902821,11.079117565940535,63.879256242378055,4.0,64.0,-64.0,64.0,1.0
---------O--------OX-X----XOOO----XOO-----O-O----O-------------- X;,1,50,4,10,-6,0,36,-64,0,5.375,0.12500000000000003,0.12500000000000003,0.37499999999999994,8.000000000000002,10.375,1.125,0.125,0.375,2.0,0.12500000000000003,0.37499999999999994,8.000000000000002,793142,15.034195642142265,63.85261655542135,6.0,64.0,-64.0,64.0,1.0
----------O-------OO-X----OXOO----OOO-----O-O----O-------------- X;,1,50,2,12,-10,0,36,-64,0,4.750000000000001,1.2500000000000002,0.25,1.7500000000000002,5.999999999999999,9.75,1.25,0.25,0.75,2.0,0.25,1.7500000000000002,5.999999999999999,87768,11.080872299699207,63.74781241454745,4.0,64.0,-64.0,64.0,1.0
--------------O---XXXO----XXO------OOO----OO-----O-------------- X;,1,50,5,9,-4,0,38,-64,0,2.3749999999999996,0.12500000000000003,0.12500000000000003,4.375,7.000000000000001,10.375,1.125,0.125,1.375,1.0,0.12500000000000003,4.375,7.000000000000001,494385,11.023425063462685,63.88337024788373,4.0,64.0,-64.0,64.0,1.0
------------O-----XXOX----XXO------OOO----OO-----O-------------- X;,1,50,5,9,-4,0,26,-64,0,1.7500000000000002,1.2500000000000002,0.25,2.75,8.000000000000002,9.75,1.25,0.25,0.75,2.0,0.25,2.75,8.000000000000002,1079910,9.322126843903659,63.88124751136669,4.0,64.0,-64.0,64.0,1.0
-----------O------XOXX----XOX------OOO----OO-----O-------------- X;,1,50,5,9,-4,0,28,-64,0,1.7500000000000002,0.25,0.25,1.7500000000000002,10.000000000000002,9.75,1.25,0.25,0.75,2.0,0.25,1.7500000000000002,10.000000000000002,1241188,9.02638762218133,63.92207304614611,4.0,64.0,-64.0,64.0,1.0
-----------------OXXXX----OXX------OOO----OO-----O-------------- X;,1,50,6,8,-2,0,28,-64,0,0.7499999999999999,1.2500000000000002,1.2500000000000002,0.7499999999999999,10.000000000000002,9.75,1.25,0.25,0.75,2.0,1.2500000000000002,0.7499999999999999,10.000000000000002,723414,8.848316455031283,63.927726032396386,4.0,64.0,-64.0,64.0,1.0
----------O-------XOXX----XXO------OOO----OO-----O-------------- X;,1,50,5,9,-4,0,30,-64,0,1.7500000000000002,0.25,0.25,1.7500000000000002,10.000000000000002,9.75,1.25,0.25,0.75,2.0,0.25,1.7500000000000002,10.000000000000002,475837,10.651542439953177,63.827550190506415,4.0,64.0,-64.0,64.0,1.0
---------O--------OXXX----XOX------OOO----OO-----O-------------- X;,1,50,5,9,-4,0,34,-64,0,2.3749999999999996,0.12500000000000003,0.12500000000000003,1.375,10.000000000000002,10.375,1.125,0.125,0.375,2.0,0.12500000000000003,1.375,10.000000000000002,583073,15.411257252522411,63.829448456711255,4.0,64.0,-64.0,64.0,1.0
-----------------XO--X---OXXX---O-OXO-----O-O-----O------------- X;,1,50,6,8,-2,0,8,-64,0,1.6249999999999998,1.375,0.875,2.125,8.000000000000002,8.125,0.875,0.375,0.625,4.0,0.875,2.125,8.000000000000002,79697,8.172653926747556,63.78458411232543,4.0,64.0,-64.0,64.0,1.0
----------------OOO--X---OXXX-----OXO-----O-O-----O------------- X;,1,50,5,9,-4,0,12,-64,0,2.125,1.875,0.37499999999999994,1.6249999999999998,8.000000000000002,8.125,0.875,0.375,0.625,4.0,0.37499999999999994,1.6249999999999998,8.000000000000002,434721,4.803678681269136,63.98278436054389,4.0,64.0,-64.0,64.0,1.0
-----------------XO-OX---XXOO-----OXO-----O-O-----O------------- X;,1,50,5,9,-4,0,14,-64,0,1.875,0.6250000000000001,1.1249999999999998,2.3749999999999996,8.000000000000002,8.875,0.625,0.125,0.375,4.0,1.1249999999999998,2.3749999999999996,8.000000000000002,546597,8.872090406643286,63.935425917083336,4.0,64.0,-64.0,64.0,1.0
--------O--------OO--X---XOXX-----OOO-----O-O-----O------------- X;,1,50,4,10,-6,0,14,-64,0,2.125,0.875,0.37499999999999994,0.6250000000000001,10.000000000000002,8.125,0.875,0.375,0.625,4.0,0.37499999999999994,0.6250000000000001,10.000000000000002,611999,8.41723270789658,63.96486268768413,4.0,64.0,-64.0,64.0,1.0
----------XX------OXOOO----XO------OOO----O------O-------------- X;,1,50,4,10,-6,0,26,-64,0,3.7500000000000004,1.2500000000000002,0.7499999999999999,2.25,5.999999999999999,8.25,0.75,0.25,0.75,4.0,0.7499999999999999,2.25,5.999999999999999,236318,12.900777765553196,63.6899601384575,4.0,64.0,-64.0,64.0,1.0
--------O--------O---X----OXX-----OXO-----OOO-----O-O----------- X;,1,50,4,10,-6,0,20,-64,0,3.7500000000000004,0.7499999999999999,0.25,1.2500000000000002,8.000000000000002,7.75,0.75,0.25,1.25,4.0,0.25,1.2500000000000002,8.000000000000002,619027,6.129354616196062,63.96047022181585,4.0,64.0,-64.0,64.0,1.0
---------------------X----OOX-----XXO----OOOOO-------O--------O- X;,1,50,4,10,-6,0,20,-64,0,1.375,1.1249999999999998,0.6250000000000001,4.875000000000001,5.999999999999999,8.875,0.625,0.125,0.375,4.0,0.6250000000000001,4.875000000000001,5.999999999999999,537539,10.546334312487094,63.93689760184842,4.0,64.0,-64.0,64.0,1.0
---------------------X----OOOO----XXO----OOOO--------O--------O- X;,1,50,3,11,-8,0,22,-64,0,2.75,0.7499999999999999,0.25,1.2500000000000002,9.0,8.75,0.75,0.25,1.25,3.0,0.25,1.2500000000000002,9.0,245247,15.76514289675307,63.81213225849857,4.0,64.0,-64.0,64.0,1.0
--------------------OX----OOO-----XXO----OOOO--------O--------O- X;,1,50,3,11,-8,0,24,-64,0,2.75,1.7500000000000002,1.2500000000000002,1.2500000000000002,7.000000000000001,8.75,0.75,0.25,1.25,3.0,1.2500000000000002,1.2500000000000002,7.000000000000001,532851,5.86438610418297,63.95334530666171,4.0,64.0,-64.0,64.0,1.0
------O------O---OOOO-----XOX-----OOO--------O--------O--------- X;,1,50,2,12,-10,0,36,-64,0,3.375,1.1249999999999998,0.6250000000000001,2.875,5.999999999999999,7.875,0.625,0.125,1.375,4.0,0.6250000000000001,2.875,5.999999999999999,433602,7.8297470952624755,63.942993805379125,4.0,64.0,-64.0,64.0,1.0
----------X--------XOOO----XXO-----OOOO---O------O-------------- X;,1,50,4,10,-6,0,26,-64,0,1.875,0.6250000000000001,1.1249999999999998,2.3749999999999996,8.000000000000002,7.875,0.625,0.125,1.375,4.0,1.1249999999999998,2.3749999999999996,8.000000000000002,264427,9.482942362164227,63.81147159707594,4.0,64.0,-64.0,64.0,1.0
-------------X---OOOX-----XXO-----OOOO-------O--------O--------- X;,1,50,4,10,-6,0,28,-64,0,2.3749999999999996,1.1249999999999998,0.6250000000000001,2.875,7.000000000000001,8.875,0.625,0.125,1.375,3.0,0.6250000000000001,2.875,7.000000000000001,462340,9.551265302591167,63.92823463252152,4.0,64.0,-64.0,64.0,1.0
------------OX---OOOO-----XXO-----OOO--------O--------O--------- X;,1,50,3,11,-8,0,28,-64,0,2.875,0.6250000000000001,1.1249999999999998,3.375,5.999999999999999,7.875,0.625,0.125,1.375,4.0,1.1249999999999998,3.375,5.999999999999999,752170,10.279319834611856,63.92463671776327,4.0,64.0,-64.0,64.0,1.0
-------------X---OOOOO----XXO-----OOO--------O--------O--------- X;,1,50,3,11,-8,0,30,-64,0,4.0,0.5000000000000001,1.0,2.5000000000000004,5.999999999999999,9.0,0.5,0.0,0.5,4.0,1.0,2.5000000000000004,5.999999999999999,99478,13.236434186453286,63.62522366754458,4.0,64.0,-64.0,64.0,1.0
----------O-------OXXX----OOX------OX-----XOO------O------------ X;,1,50,6,8,-2,15,2,-64,0,0.6250000000000001,0.37499999999999994,0.37499999999999994,2.625,10.000000000000002,9.625,0.375,1.375,0.625,2.0,0.37499999999999994,2.625,10.000000000000002,3804956,5.450966581479523,63.98125970444862,4.0,64.0,-64.0,64.0,1.0
---------------------X-----XXX---OOXOOO---X-OOO----------------- X;,1,50,6,8,-2,5,4,-64,0,2.3749999999999996,0.12500000000000003,0.6250000000000001,3.875,7.000000000000001,8.875,0.625,1.125,0.375,3.0,0.6250000000000001,3.875,7.000000000000001,2241296,5.227535318851236,63.98182480136492,4.0,64.0,-64.0,64.0,1.0
------------------X-------XXX-----XOXOO--OOO-O------O----------- X;,1,50,6,8,-2,2,4,-64,0,1.875,0.6250000000000001,0.6250000000000001,1.875,9.0,8.875,0.625,0.625,0.875,3.0,0.6250000000000001,1.875,9.0,1074501,6.491420668756939,63.95375527803139,4.0,64.0,-64.0,64.0,1.0
------------------X-------XXX-----XOXOO--OOO-O-------O---------- X;,1,50,6,8,-2,2,4,-64,0,1.875,1.1249999999999998,0.6250000000000001,1.375,9.0,8.875,1.125,0.625,0.375,3.0,0.6250000000000001,1.375,9.0,1571823,6.050588393222392,63.96693775316941,4.0,64.0,-64.0,64.0,1.0
----------O--O----OXOX----OOX------XX-----XO-------O------------ X;,1,50,6,8,-2,0,6,-64,0,2.3749999999999996,2.125,0.6250000000000001,3.875,5.000000000000001,8.875,0.625,1.125,0.375,3.0,0.6250000000000001,3.875,5.000000000000001,2015889,5.12579313642765,63.971007332248945,4.0,64.0,-64.0,64.0,1.0
-------------------O-X-----XOX---OOXOO----X-OOO----------------- X;,1,50,5,9,-4,1,8,-64,0,1.6249999999999998,0.37499999999999994,0.37499999999999994,3.6250000000000004,8.000000000000002,9.625,1.375,0.375,0.625,2.0,0.37499999999999994,3.6250000000000004,8.000000000000002,1988187,5.360667784267777,63.96967589064811,4.0,64.0,-64.0,64.0,1.0
----------O-------OXXX----OOX------XO-----XO-O-----O------------ X;,1,50,6,8,-2,0,8,-64,0,0.25,0.7499999999999999,0.7499999999999999,8.25,4.0,10.25,0.75,0.75,0.25,2.0,0.7499999999999999,8.25,4.0,1717650,4.440764998690071,63.98119290891625,4.0,64.0,-64.0,64.0,1.0
---------------------X-----XXXO--OOXOO----X-OOO----------------- X;,1,50,6,8,-2,0,10,-64,0,2.3749999999999996,0.6250000000000001,0.6250000000000001,4.375,5.999999999999999,8.875,1.125,1.125,0.875,2.0,0.6250000000000001,4.375,5.999999999999999,1819707,6.142937297048371,63.95377387678346,4.0,64.0,-64.0,64.0,1.0
-----------------OOO-X----XOXOO---XOO-----XO-------------------- X;,1,50,5,9,-4,0,10,-64,0,1.6249999999999998,0.37499999999999994,1.375,3.6250000000000004,7.000000000000001,9.625,0.375,0.375,0.625,3.0,1.375,3.6250000000000004,7.000000000000001,1472104,7.936958258383918,63.93649905169743,4.0,64.0,-64.0,64.0,1.0
------------O-------OX-----XX------XOO---OOOOO-------O---------- X;,1,50,4,10,-6,0,12,-64,0,3.875,1.1249999999999998,0.6250000000000001,1.375,7.000000000000001,8.875,1.125,0.625,0.375,3.0,0.6250000000000001,1.375,7.000000000000001,2048522,5.8323278929882125,63.95556308401862,4.0,64.0,-64.0,64.0,1.0
------------O-----XXOX-----XXOX----XO-O-----O-------O----------- X;,1,50,7,7,0,9,4,-64,0,2.9999999999999996,0.5000000000000001,0.5000000000000001,2.0000000000000004,8.000000000000002,9.0,0.5,0.5,0.0,4.0,0.5000000000000001,2.0000000000000004,8.000000000000002,750768,7.6091122690365065,63.95479828655457,4.0,64.0,-64.0,64.0,1.0
------------O-----XXOOO----XXOX----XO-------O-------O----------- X;,1,50,6,8,-2,0,6,-64,0,1.7500000000000002,0.25,1.2500000000000002,2.75,8.000000000000002,8.25,0.75,0.75,0.25,4.0,1.2500000000000002,2.75,8.000000000000002,1271773,9.920512544298393,63.94902549432957,4.0,64.0,-64.0,64.0,1.0
-----------O------XOXX---XXXO------OOO-----O-------O------------ X;,1,50,6,8,-2,0,8,-64,0,2.25,0.25,1.2500000000000002,1.2500000000000002,9.0,9.25,1.25,0.25,0.25,3.0,1.2500000000000002,1.2500000000000002,9.0,1067191,11.447081169162784,63.935668497953976,4.0,64.0,-64.0,64.0,1.0
------------O-----XXOO-----XXXO----XO--O----O-------O----------- X;,1,50,6,8,-2,0,10,-64,0,2.25,0.7499999999999999,0.7499999999999999,2.25,8.000000000000002,8.25,0.75,0.75,0.25,4.0,0.7499999999999999,2.25,8.000000000000002,443319,10.09521811607443,63.94552906597732,4.0,64.0,-64.0,64.0,1.0
-----------O------XOOX---XXXXO-----OO------O-------O------------ X;,1,50,6,8,-2,0,10,-64,0,2.25,0.25,2.25,1.2500000000000002,8.000000000000002,9.25,0.25,0.25,0.25,4.0,2.25,1.2500000000000002,8.000000000000002,527218,12.852865418100292,63.82480491940715,4.0,64.0,-64.0,64.0,1.0
------------O----OOOOX-----XXXX----XO-------O-------O----------- X;,1,50,6,8,-2,0,10,-64,0,1.7500000000000002,0.25,3.2499999999999996,2.75,5.999999999999999,8.25,0.75,0.75,0.25,4.0,3.2499999999999996,2.75,5.999999999999999,432937,8.658747115631142,63.91976199770406,4.0,64.0,-64.0,64.0,1.0
---------O--O-----OXOX-----OXXX----XO-------O-------O----------- X;,1,50,6,8,-2,0,28,-64,0,0.37499999999999994,0.6250000000000001,1.6249999999999998,5.375,5.999999999999999,8.375,0.625,0.625,0.375,4.0,1.6249999999999998,5.375,5.999999999999999,676418,9.852307301106713,63.93070556963298,4.0,64.0,-64.0,64.0,1.0
------------O-----XOOX---XXXO------OO------OO------O------------ X;,1,50,5,9,-4,0,4,-64,0,3.2499999999999996,0.25,4.25,2.25,4.0,9.25,1.25,1.25,0.25,2.0,4.25,2.25,4.0,2397909,8.551777402728794,63.95397323251216,4.0,64.0,-64.0,64.0,1.0
------------O-----XOXX---XXXXO-----OO------O-------O------------ X;,1,50,7,7,0,0,8,-64,0,1.2500000000000002,1.2500000000000002,1.2500000000000002,1.2500000000000002,9.0,9.25,1.25,0.25,0.25,3.0,1.2500000000000002,1.2500000000000002,9.0,3276959,5.879122686612802,63.99119854718963,4.0,64.0,-64.0,64.0,1.0
-----------O------XXOX-----XXOX----XO-O-----O-------O----------- X;,1,50,7,7,0,1,10,-64,0,2.9999999999999996,0.0,0.5000000000000001,3.5,7.000000000000001,9.0,1.0,0.5,0.5,3.0,0.5000000000000001,3.5,7.000000000000001,1218395,8.198654787650968,63.941872709589255,4.0,64.0,-64.0,64.0,1.0
-----------O------OXOX---O-XXXX----XO-------O-------O----------- X;,1,50,7,7,0,0,10,-64,0,1.4999999999999998,0.5000000000000001,1.0,4.0,7.000000000000001,9.0,1.0,0.5,0.5,3.0,1.0,4.0,7.000000000000001,633687,9.302561043543578,63.91351881922779,4.0,64.0,-64.0,64.0,1.0
-----------O------XXOOO----XXOX----XO-------O-------O----------- X;,1,50,6,8,-2,0,12,-64,0,1.7500000000000002,0.25,1.2500000000000002,3.7500000000000004,7.000000000000001,8.25,1.75,0.75,0.25,3.0,1.2500000000000002,3.7500000000000004,7.000000000000001,1263354,10.142862570585917,63.92409570080912,4.0,64.0,-64.0,64.0,1.0
-----------O-----OOOOX-----XXXX----XO-------O-------O----------- X;,1,50,6,8,-2,0,12,-64,0,1.7500000000000002,0.25,3.2499999999999996,3.7500000000000004,5.000000000000001,8.25,1.75,0.75,0.25,3.0,3.2499999999999996,3.7500000000000004,5.000000000000001,214730,9.113696269734085,63.94281190332045,4.0,64.0,-64.0,64.0,1.0
------------O-----XOXX---XXXO------OOO-----O-------O------------ X;,1,50,6,8,-2,0,16,-64,0,2.25,0.25,1.2500000000000002,2.25,8.000000000000002,9.25,2.25,0.25,0.25,2.0,1.2500000000000002,2.25,8.000000000000002,712264,13.411136881830332,63.870272820190266,4.0,64.0,-64.0,64.0,1.0
---------O-O------OXOX-----OXXX----XO-------O-------O----------- X;,1,50,6,8,-2,0,24,-64,0,0.37499999999999994,0.6250000000000001,1.6249999999999998,6.374999999999999,5.000000000000001,8.375,1.625,0.625,0.375,3.0,1.6249999999999998,6.374999999999999,5.000000000000001,470054,9.987018512766618,63.95190765316325,4.0,64.0,-64.0,64.0,1.0
----------OX------XXXX-----XOO-----OO-----O-O-------O----------- X;,1,50,6,8,-2,0,4,-64,0,1.375,0.6250000000000001,0.6250000000000001,1.375,10.000000000000002,8.875,1.125,1.125,0.875,2.0,0.6250000000000001,1.375,10.000000000000002,563115,9.414286602203813,63.90217983893166,4.0,64.0,-64.0,64.0,1.0
-----------------OX------XXXX-----XOOOO--OOO-------------------- X;,1,50,6,8,-2,0,8,-64,0,0.5000000000000001,0.5000000000000001,1.0,1.0,11.0,8.0,1.0,1.5,0.5,3.0,1.0,1.0,11.0,4050233,7.605791568040654,63.95785970831802,4.0,64.0,-64.0,64.0,1.0
--O-------OO------XXOX-----XOO-----XO-------O-------O----------- X;,1,50,5,9,-4,1,10,-64,0,2.25,0.7499999999999999,0.7499999999999999,1.2500000000000002,9.0,7.75,1.25,1.25,0.75,3.0,0.7499999999999999,1.2500000000000002,9.0,1951681,5.5973173894709225,63.96295091257229,4.0,64.0,-64.0,64.0,1.0
----------OX------XXXX-----XOO----OOO-------O-------O----------- X;,1,50,6,8,-2,0,10,-64,0,2.25,1.2500000000000002,1.2500000000000002,1.2500000000000002,8.000000000000002,8.75,1.75,0.75,0.75,2.0,1.2500000000000002,1.2500000000000002,8.000000000000002,2709056,6.844242422452692,63.960960570767085,4.0,64.0,-64.0,64.0,1.0
------------XO----XXXO----OOOO-----OO------O-------O------------ X;,1,50,4,10,-6,0,14,-64,0,4.25,0.25,1.2500000000000002,1.2500000000000002,7.000000000000001,8.75,0.75,0.75,0.75,3.0,1.2500000000000002,1.2500000000000002,7.000000000000001,933786,9.143846662939902,63.88619233957245,4.0,64.0,-64.0,64.0,1.0
----------OOO-----XXOX-----XOO-----XO-------O-------O----------- X;,1,50,5,9,-4,0,16,-64,0,2.75,0.25,1.2500000000000002,0.7499999999999999,9.0,8.25,0.75,1.75,0.25,3.0,1.2500000000000002,0.7499999999999999,9.0,121387,21.017423612083665,62.88976579040589,8.0,64.0,-64.0,64.0,1.0
-----------------OX------XXXX-----XOOOO---OO-----O-------------- X;,1,50,6,8,-2,0,24,-64,0,0.37499999999999994,0.6250000000000001,0.6250000000000001,1.375,11.0,7.875,1.125,1.125,0.875,3.0,0.6250000000000001,1.375,11.0,1685328,12.239991265795146,63.94692783837924,4.0,64.0,-64.0,64.0,1.0
---------OOX------OXXX-----OOO-----XO-------O-------O----------- X;,1,50,5,9,-4,0,28,-64,0,1.375,0.6250000000000001,0.6250000000000001,2.3749999999999996,9.0,7.875,1.125,1.125,0.875,3.0,0.6250000000000001,2.3749999999999996,9.0,1089252,11.330307403612755,63.898609320891765,4.0,64.0,-64.0,64.0,1.0
------------O-----XXOX---XXXO------OO------O-O-----O------------ X;,1,50,6,8,-2,1,6,-64,0,1.375,0.6250000000000001,1.6249999999999998,4.375,5.999999999999999,9.375,1.625,0.625,0.375,2.0,1.6249999999999998,4.375,5.999999999999999,763267,12.164820436361063,63.94238451288999,4.0,64.0,-64.0,64.0,1.0
-----------O------XOXX---XXOX------OO------O-O-----O------------ X;,1,50,6,8,-2,2,8,-64,0,1.375,0.6250000000000001,1.6249999999999998,1.375,9.0,9.375,0.625,0.625,0.375,3.0,1.6249999999999998,1.375,9.0,990579,11.700688183375581,63.917325119955095,4.0,64.0,-64.0,64.0,1.0
-----------------OXXXX---XOXX------OO------O-O-----O------------ X;,1,50,7,7,0,0,10,-64,0,0.37499999999999994,0.6250000000000001,1.1249999999999998,0.875,11.0,8.875,1.125,0.625,0.375,3.0,1.1249999999999998,0.875,11.0,726876,10.099516286134087,63.961080019150444,4.0,64.0,-64.0,64.0,1.0
---------O--------OXXX---XXOX------OO------O-O-----O------------ X;,1,50,6,8,-2,0,24,-64,0,2.0000000000000004,0.0,0.5000000000000001,4.499999999999999,7.000000000000001,9.0,1.0,0.5,0.5,3.0,0.5000000000000001,4.499999999999999,7.000000000000001,948606,13.396035867367484,63.912199585497035,4.0,64.0,-64.0,64.0,1.0
--------------O---XXXO---XXXO------OO------O-O-----O------------ X;,1,50,6,8,-2,0,26,-64,0,2.0000000000000004,0.0,0.5000000000000001,2.5000000000000004,9.0,9.0,1.0,0.5,0.5,3.0,0.5000000000000001,2.5000000000000004,9.0,1014020,9.234308987988403,63.97243644109584,4.0,64.0,-64.0,64.0,1.0
------------------XO------XXXX----XOOOO--OOO-------------------- X;,1,50,6,8,-2,0,6,-64,0,0.25,0.7499999999999999,2.25,1.7500000000000002,9.0,9.75,0.25,0.75,0.25,3.0,2.25,1.7500000000000002,9.0,2628101,5.07464210850344,63.98138960412861,4.0,64.0,-64.0,64.0,1.0
------------------XXXX----OXOO-----XO------OO-----O-O----------- X;,1,50,6,8,-2,0,6,-64,0,1.7500000000000002,0.25,0.7499999999999999,0.25,11.0,9.75,0.25,0.75,0.25,3.0,0.7499999999999999,0.25,11.0,2835752,5.045253604687575,63.993885219864076,4.0,64.0,-64.0,64.0,1.0
------------------XO-----OXXXX----OOOOO---XO-------------------- X;,1,50,6,8,-2,0,8,-64,0,2.0000000000000004,0.5000000000000001,1.0,0.5000000000000001,10.000000000000002,10.0,0.5,1.0,0.5,2.0,1.0,0.5000000000000001,10.000000000000002,3342972,5.468586634886562,63.97917541636603,4.0,64.0,-64.0,64.0,1.0
------------------XXXX----OXOO-----OO-----OOO-------O----------- X;,1,50,5,9,-4,0,8,-64,0,1.875,0.12500000000000003,0.6250000000000001,1.375,10.000000000000002,10.875,0.125,0.625,0.375,2.0,0.6250000000000001,1.375,10.000000000000002,1812111,5.9943071919987245,63.97994272977759,4.0,64.0,-64.0,64.0,1.0
------------------XO------OXXX---OOOOOO---XO-------------------- X;,1,50,5,9,-4,0,8,-64,0,3.5,0.5000000000000001,0.5000000000000001,0.5000000000000001,9.0,10.0,0.0,1.0,0.0,3.0,0.5000000000000001,0.5000000000000001,9.0,2130588,7.336140070252907,63.939490882329196,4.0,64.0,-64.0,64.0,1.0
------------------XXXX----OXOO----OOO------OO-------O----------- X;,1,50,5,9,-4,0,10,-64,0,3.2499999999999996,0.25,1.2500000000000002,1.2500000000000002,8.000000000000002,11.25,0.25,0.25,0.25,2.0,1.2500000000000002,1.2500000000000002,8.000000000000002,2583170,6.765372004165425,63.97154503962186,4.0,64.0,-64.0,64.0,1.0
--------------------OX---OOOOX----XXXO------OOO----------------- X;,1,50,5,9,-4,0,12,-64,0,0.7499999999999999,2.25,0.7499999999999999,3.2499999999999996,7.000000000000001,9.75,0.25,0.75,0.25,3.0,0.7499999999999999,3.2499999999999996,7.000000000000001,1837966,6.174818250174377,63.968853613178915,4.0,64.0,-64.0,64.0,1.0
------------------XO------XXXX----XOOOO---OO-----O-------------- X;,1,50,6,8,-2,0,22,-64,0,0.37499999999999994,0.6250000000000001,2.125,1.875,9.0,9.875,0.125,0.625,0.375,3.0,2.125,1.875,9.0,2436367,6.119412223199543,63.971358994765566,4.0,64.0,-64.0,64.0,1.0
--------------------OX---OOOOX----XXOX------OO--------O--------- X;,1,50,5,9,-4,0,28,-64,0,1.375,0.6250000000000001,2.125,2.875,7.000000000000001,9.875,0.125,0.625,0.375,3.0,2.125,2.875,7.000000000000001,1705305,9.846525988019739,63.924754809256996,4.0,64.0,-64.0,64.0,1.0
------------O-----XXOX---XXXO------OOO-----O-------O------------ X;,1,50,6,8,-2,7,8,-64,0,2.25,1.2500000000000002,1.2500000000000002,3.2499999999999996,5.999999999999999,9.25,2.25,0.25,0.25,2.0,1.2500000000000002,3.2499999999999996,5.999999999999999,587828,13.790894615431725,63.91509421123186,4.0,64.0,-64.0,64.0,1.0
-----------O------XOXX---XXOX------OOO-----O-------O------------ X;,1,50,6,8,-2,3,8,-64,0,2.25,0.25,1.2500000000000002,1.2500000000000002,9.0,9.25,1.25,0.25,0.25,3.0,1.2500000000000002,1.2500000000000002,9.0,1498768,7.7997848899896445,63.956799184396786,4.0,64.0,-64.0,64.0,1.0
-----------------OXXXX---XOXX------OOO-----O-------O------------ X;,1,50,7,7,0,1,12,-64,0,1.2500000000000002,1.2500000000000002,1.7500000000000002,0.7499999999999999,9.0,8.75,1.75,0.25,0.25,3.0,1.7500000000000002,0.7499999999999999,9.0,1438676,8.704219713125124,63.95667266292063,4.0,64.0,-64.0,64.0,1.0
----------O-------XOXX---XXXO------OOO-----O-------O------------ X;,1,50,6,8,-2,0,14,-64,0,2.25,0.25,0.7499999999999999,1.7500000000000002,9.0,8.75,1.75,0.25,0.25,3.0,0.7499999999999999,1.7500000000000002,9.0,828405,13.133481811432814,63.87479554082846,4.0,64.0,-64.0,64.0,1.0
---------O--------OXXX---XXOX------OOO-----O-------O------------ X;,1,50,6,8,-2,0,24,-64,0,1.375,0.12500000000000003,0.6250000000000001,2.875,9.0,8.875,1.625,0.125,0.375,3.0,0.6250000000000001,2.875,9.0,990437,14.759614190503788,63.86543515640066,4.0,64.0,-64.0,64.0,1.0
--------------O---XXXO---XXXO------OOO-----O-------O------------ X;,1,50,6,8,-2,0,26,-64,0,1.375,0.12500000000000003,0.6250000000000001,2.875,9.0,8.875,1.625,0.125,0.375,3.0,0.6250000000000001,2.875,9.0,915867,12.723386692609298,63.944061746956706,4.0,64.0,-64.0,64.0,1.0
-------------OO---XXXOX----XOO-----XO-------O-------O----------- X;,1,50,6,8,-2,0,20,-64,0,0.37499999999999994,1.1249999999999998,1.1249999999999998,1.375,10.000000000000002,7.875,0.625,0.625,0.875,4.0,1.1249999999999998,1.375,10.000000000000002,3647439,7.978468180002462,63.979578548126504,4.0,64.0,-64.0,64.0,1.0
---------O-------XXXXX----OOOO-----OO------O-------O------------ X;,1,50,5,9,-4,0,22,-64,0,5.625,0.37499999999999994,1.375,0.6250000000000001,5.999999999999999,8.625,0.375,0.375,0.625,4.0,1.375,0.6250000000000001,5.999999999999999,1092849,10.025114174053323,63.88918322659398,4.0,64.0,-64.0,64.0,1.0
-----------O--O---XXOXX----XOO-----XO-------O-------O----------- X;,1,50,6,8,-2,0,24,-64,0,2.3749999999999996,0.6250000000000001,0.6250000000000001,1.375,9.0,7.875,1.125,1.125,0.875,3.0,0.6250000000000001,1.375,9.0,644531,18.24952407254267,63.79995997089357,6.0,64.0,-64.0,64.0,1.0
----------O---O---XOXXX----XOO-----XO-------O-------O----------- X;,1,50,6,8,-2,0,24,-64,0,1.875,2.125,0.6250000000000001,1.375,8.000000000000002,7.875,1.125,0.625,0.375,4.0,0.6250000000000001,1.375,8.000000000000002,1683589,12.290182461396457,63.947446793724595,4.0,64.0,-64.0,64.0,1.0
--------------O---XXXXO----XOOO----XO-------O-------O----------- X;,1,50,6,8,-2,0,26,-64,0,1.875,1.1249999999999998,0.6250000000000001,0.37499999999999994,10.000000000000002,7.875,1.125,0.625,0.375,4.0,0.6250000000000001,0.37499999999999994,10.000000000000002,333001,18.800790388016853,63.778961624739864,6.0,64.0,-64.0,64.0,1.0
--------------O---XXXXX----XOO-----OO-----O-O-------O----------- X;,1,50,6,8,-2,0,26,-64,0,1.7500000000000002,0.7499999999999999,0.7499999999999999,1.7500000000000002,9.0,8.75,0.75,0.75,0.75,3.0,0.7499999999999999,1.7500000000000002,9.0,564280,15.95702842560431,63.90776210392004,4.0,64.0,-64.0,64.0,1.0
------------O-O---XXOXX----XOO-----XO-------O-------O----------- X;,1,50,6,8,-2,0,28,-64,0,2.3749999999999996,0.12500000000000003,0.6250000000000001,0.875,10.000000000000002,7.875,0.625,1.125,0.375,4.0,0.6250000000000001,0.875,10.000000000000002,477532,22.427623698516538,63.78051313838654,10.0,64.0,-64.0,64.0,1.0
--------------O---XXXXX----XOO----OOO-------O-------O----------- X;,1,50,6,8,-2,0,28,-64,0,2.625,1.375,1.375,1.6249999999999998,7.000000000000001,8.625,1.375,0.375,0.625,3.0,1.375,1.6249999999999998,7.000000000000001,330425,21.490008322614813,63.80285995309072,10.0,64.0,-64.0,64.0,1.0
---------O----O---OXXXX----OOO-----XO-------O-------O----------- X;,1,50,5,9,-4,0,30,-64,0,2.25,0.7499999999999999,0.7499999999999999,2.25,8.000000000000002,8.25,0.75,0.75,0.25,4.0,0.7499999999999999,2.25,8.000000000000002,1310103,10.36358515322841,63.970932056487165,4.0,64.0,-64.0,64.0,1.0
--------------OO--XXXXO----XOO-----XO-------O-------O----------- X;,1,50,6,8,-2,0,34,-64,0,1.6249999999999998,0.875,0.875,0.6250000000000001,10.000000000000002,7.625,0.875,0.875,0.625,4.0,0.875,0.6250000000000001,10.000000000000002,318951,23.92884800486595,63.65314421337447,12.0,64.0,-64.0,64.0,1.0
---------O--------O-X-----XXX-----XOOOO--OOO-------------------- X;,1,50,5,9,-4,0,22,-64,0,1.6249999999999998,0.37499999999999994,0.37499999999999994,0.6250000000000001,11.0,8.625,1.375,0.375,0.625,3.0,0.37499999999999994,0.6250000000000001,11.0,2202199,5.465856627852433,63.98450548746957,4.0,64.0,-64.0,64.0,1.0
---------O--O-----OXOX-----XOO----XXO-------O-------O----------- X;,1,50,5,9,-4,0,24,-64,0,0.875,0.12500000000000003,0.6250000000000001,1.375,11.0,8.875,1.125,0.625,0.375,3.0,0.6250000000000001,1.375,11.0,891560,7.596422001884338,63.979846561083946,4.0,64.0,-64.0,64.0,1.0
---------O-O------OXOX-----XOO----XXO-------O-------O----------- X;,1,50,5,9,-4,0,26,-64,0,0.875,0.6250000000000001,0.6250000000000001,1.875,10.000000000000002,8.875,1.625,0.625,0.875,2.0,0.6250000000000001,1.875,10.000000000000002,734764,8.261316558786223,63.97067629878437,4.0,64.0,-64.0,64.0,1.0
---------O--------OXXX-----XOO----XOO-----O-O-------O----------- X;,1,50,5,9,-4,0,26,-64,0,1.7500000000000002,0.25,0.25,1.7500000000000002,10.000000000000002,9.75,1.25,0.25,0.75,2.0,0.25,1.7500000000000002,10.000000000000002,1074255,7.719640122689678,63.98483972613579,4.0,64.0,-64.0,64.0,1.0
---------O--------OXXX----OOOO----XOO-------O-------O----------- X;,1,50,4,10,-6,0,28,-64,0,4.375,0.12500000000000003,0.6250000000000001,1.875,7.000000000000001,9.875,0.625,0.125,0.375,3.0,0.6250000000000001,1.875,7.000000000000001,1696669,9.885984832633826,63.92480442561278,4.0,64.0,-64.0,64.0,1.0
---------OO-------OOXX-----XOO----XXO-------O-------O----------- X;,1,50,5,9,-4,0,28,-64,0,0.6250000000000001,1.375,0.37499999999999994,2.625,9.0,8.625,1.375,0.375,0.625,3.0,0.37499999999999994,2.625,9.0,1125002,11.210205848522936,63.898878401993954,4.0,64.0,-64.0,64.0,1.0
--------------O----X-O-----XXO---OOOOO------OO-------O---------- X;,1,50,3,11,-8,0,28,-64,0,2.625,0.37499999999999994,1.375,0.6250000000000001,9.0,8.625,1.375,0.375,0.625,3.0,1.375,0.6250000000000001,9.0,553858,10.506234449985376,63.87474045694022,4.0,64.0,-64.0,64.0,1.0
---------O--------O-X-----XXX-----XOOOO---OO-----O-------------- X;,1,50,5,9,-4,0,30,-64,0,2.25,0.25,0.25,0.25,11.0,9.25,1.25,0.25,0.25,3.0,0.25,0.25,11.0,1139555,9.160230089815762,63.98362869716688,4.0,64.0,-64.0,64.0,1.0
---------O--------OXXX-----XOO---OOOO-------O-------O----------- X;,1,50,4,10,-6,0,34,-64,0,1.875,1.6249999999999998,1.1249999999999998,2.3749999999999996,7.000000000000001,8.875,1.625,0.125,0.375,3.0,1.1249999999999998,2.3749999999999996,7.000000000000001,312141,12.562777719043638,63.89263826283635,4.0,64.0,-64.0,64.0,1.0
---------------------X----OXX---XXOOX-----O-OOO----O------------ X;,1,50,6,8,-2,24,4,-64,0,2.625,0.875,0.875,1.6249999999999998,8.000000000000002,8.125,0.375,0.375,1.125,4.0,0.875,1.6249999999999998,8.000000000000002,601019,6.563339927689474,63.958107813563295,4.0,64.0,-64.0,64.0,1.0
--------------------OX-----XO---XXXXO-----O-OOO----O------------ X;,1,50,6,8,-2,0,6,-64,0,0.6250000000000001,0.875,1.875,0.6250000000000001,10.000000000000002,8.125,0.375,0.375,1.125,4.0,1.875,0.6250000000000001,10.000000000000002,574475,4.970165803559772,63.98328909003873,4.0,64.0,-64.0,64.0,1.0
---------------------X--O--XX---XOXXX-----O-OOO----O------------ X;,1,50,7,7,0,0,12,-64,0,4.875000000000001,0.6250000000000001,0.6250000000000001,1.875,5.999999999999999,7.875,0.625,0.625,0.875,4.0,0.6250000000000001,1.875,5.999999999999999,80611,7.203260100978775,63.889990199848654,4.0,64.0,-64.0,64.0,1.0
------------------O--X-----OX---XXXXO-----O-OOO----O------------ X;,1,50,6,8,-2,0,12,-64,0,1.2500000000000002,0.7499999999999999,1.2500000000000002,5.749999999999999,5.000000000000001,9.25,0.75,0.25,0.75,3.0,1.2500000000000002,5.749999999999999,5.000000000000001,140959,5.647287509133862,63.95845600493761,4.0,64.0,-64.0,64.0,1.0
---X-------X------OX-----O-OX-----OXO-----O--O----O---O--------- X;,1,50,5,9,-4,0,28,-64,0,2.75,0.7499999999999999,1.2500000000000002,5.25,4.0,7.75,0.75,0.25,1.25,4.0,1.2500000000000002,5.25,4.0,53760,11.576599702380953,63.83292410714286,4.0,64.0,-64.0,64.0,1.0
---------------------X----OXX---XXOOX-----O-OOO---O------------- X;,1,50,6,8,-2,4,6,-64,0,3.1250000000000004,0.875,0.37499999999999994,1.6249999999999998,8.000000000000002,8.125,0.875,0.375,0.625,4.0,0.37499999999999994,1.6249999999999998,8.000000000000002,626075,5.6702887034301,63.97771832448189,4.0,64.0,-64.0,64.0,1.0
--------------------OX-----XO---XXXXO-----O-OOO---O------------- X;,1,50,6,8,-2,0,8,-64,0,1.1249999999999998,0.875,1.375,0.6250000000000001,10.000000000000002,8.125,0.875,0.375,0.625,4.0,1.375,0.6250000000000001,10.000000000000002,666437,4.750363500225828,63.98747968675209,4.0,64.0,-64.0,64.0,1.0
---------------------X--O--XX---XOXXX-----O-OOO---O------------- X;,1,50,7,7,0,0,12,-64,0,4.875000000000001,1.1249999999999998,0.6250000000000001,1.375,5.999999999999999,7.875,1.125,0.625,0.375,4.0,0.6250000000000001,1.375,5.999999999999999,82080,7.911403508771929,63.913620857699804,4.0,64.0,-64.0,64.0,1.0
------------------O--X-----OX---XXXXO-----O-OOO---O------------- X;,1,50,6,8,-2,0,14,-64,0,1.7500000000000002,0.7499999999999999,0.7499999999999999,5.749999999999999,5.000000000000001,9.25,1.25,0.25,0.25,3.0,0.7499999999999999,5.749999999999999,5.000000000000001,91535,6.184847326159392,63.95706560332113,4.0,64.0,-64.0,64.0,1.0
---X-------X-----OOX-------OX-----OXO-----O--O----O---O--------- X;,1,50,5,9,-4,0,26,-64,0,3.2499999999999996,0.7499999999999999,0.7499999999999999,5.25,4.0,7.75,1.25,0.25,0.75,4.0,0.7499999999999999,5.25,4.0,235025,5.535198383150728,63.938219338368256,4.0,64.0,-64.0,64.0,1.0
----------O-------O--X----OXX----OXXX-----OOO------O------------ X;,1,50,6,8,-2,3,6,-64,0,5.375,0.6250000000000001,0.6250000000000001,1.375,5.999999999999999,8.875,0.125,0.125,0.875,4.0,0.6250000000000001,1.375,5.999999999999999,683728,6.906383825146842,63.932072403060864,4.0,64.0,-64.0,64.0,1.0
-----------O-----OOOOX-----XXOO----XXO----X--------------------- X;,1,50,6,8,-2,1,6,-64,0,6.875,0.6250000000000001,0.12500000000000003,2.3749999999999996,4.0,8.875,0.625,0.125,0.375,4.0,0.12500000000000003,2.3749999999999996,4.0,1185525,7.805286265578541,63.96577212627317,4.0,64.0,-64.0,64.0,1.0
------------O------OOX-----XOX-----XOO----X-OO-------O---------- X;,1,50,5,9,-4,0,6,-64,0,1.6249999999999998,0.37499999999999994,1.375,3.6250000000000004,7.000000000000001,9.625,0.375,0.375,0.625,3.0,1.375,3.6250000000000004,7.000000000000001,3231241,5.084625999731991,63.98370099908983,4.0,64.0,-64.0,64.0,1.0
-----------------OOOXX-----XXOO---OOOO----X--------------------- X;,1,50,5,9,-4,0,8,-64,0,1.6249999999999998,1.375,1.375,2.625,7.000000000000001,9.625,0.375,0.375,0.625,3.0,1.375,2.625,7.000000000000001,1372483,5.604687271172029,63.965784639955466,4.0,64.0,-64.0,64.0,1.0
----------O-------O--X----OXX-----XXX----OOOO------O------------ X;,1,50,6,8,-2,1,12,-64,0,5.375,1.1249999999999998,0.6250000000000001,0.875,5.999999999999999,8.875,0.625,0.125,0.375,4.0,0.6250000000000001,0.875,5.999999999999999,317047,6.907543676489605,63.96512189044527,4.0,64.0,-64.0,64.0,1.0
-----------------OOOXX-----OXOO----XOO----X--O------------------ X;,1,50,5,9,-4,0,12,-64,0,0.7499999999999999,0.7499999999999999,0.7499999999999999,8.75,2.9999999999999996,10.25,0.25,0.25,0.25,3.0,0.7499999999999999,8.75,2.9999999999999996,1389701,5.7043695010653375,63.97084840552032,4.0,64.0,-64.0,64.0,1.0
-----------------OOOXX-----OXOO----OOO----XO-------------------- X;,1,50,4,10,-6,0,16,-64,0,2.625,0.37499999999999994,0.37499999999999994,3.6250000000000004,7.000000000000001,9.625,0.375,0.375,0.625,3.0,0.37499999999999994,3.6250000000000004,7.000000000000001,732214,8.096165875003756,63.899635898794614,4.0,64.0,-64.0,64.0,1.0
------------OX------XX-----XO-----OOOO----X-OO-------O---------- X;,1,50,5,9,-4,0,6,-64,0,1.875,1.1249999999999998,0.6250000000000001,4.375,5.999999999999999,8.875,0.125,0.625,0.375,4.0,0.6250000000000001,4.375,5.999999999999999,2632110,5.873950556777642,63.975226719248056,4.0,64.0,-64.0,64.0,1.0
---------------------X-----XX----OXOOO---XO-OOO----O------------ X;,1,50,5,9,-4,0,10,-64,0,0.875,0.6250000000000001,0.12500000000000003,2.3749999999999996,10.000000000000002,8.375,0.125,0.625,0.875,4.0,0.12500000000000003,2.3749999999999996,10.000000000000002,186852,7.592179907092244,63.93471838674459,4.0,64.0,-64.0,64.0,1.0
------------OX----O-XX-----OO------XOO----X-OO-------O---------- X;,1,50,5,9,-4,0,12,-64,0,1.2500000000000002,0.7499999999999999,0.25,6.75,5.000000000000001,9.75,0.25,0.75,0.25,3.0,0.25,6.75,5.000000000000001,481425,6.357048346055979,63.95905904346471,4.0,64.0,-64.0,64.0,1.0
------------OX------XX----OOO------OOO----X-OO-------O---------- X;,1,50,4,10,-6,0,20,-64,0,4.875000000000001,0.6250000000000001,0.6250000000000001,4.875000000000001,2.9999999999999996,8.875,0.625,0.625,0.875,3.0,0.6250000000000001,4.875000000000001,2.9999999999999996,62438,5.6936801306896445,63.93074730132291,4.0,64.0,-64.0,64.0,1.0
------------OX------XX-----XO------OOO----O-OO---O---O---------- X;,1,50,4,10,-6,0,28,-64,0,1.7500000000000002,0.7499999999999999,0.25,3.2499999999999996,8.000000000000002,8.25,0.25,0.75,0.75,4.0,0.25,3.2499999999999996,8.000000000000002,164608,7.9369167962674965,63.8370431570762,4.0,64.0,-64.0,64.0,1.0
---------------------X-----XX----OXOOO---OO-OOO--O-------------- X;,1,50,4,10,-6,0,30,-64,0,1.2500000000000002,0.25,0.7499999999999999,1.7500000000000002,10.000000000000002,8.25,0.25,0.75,0.75,4.0,0.7499999999999999,1.7500000000000002,10.000000000000002,300263,9.761029497473881,63.91468812341181,4.0,64.0,-64.0,64.0,1.0
----------O-------OX-X----OXOO----OOO-----XO-------O------------ X;,1,50,4,10,-6,0,10,-64,0,2.625,0.37499999999999994,1.375,4.625,5.000000000000001,9.625,0.375,0.375,0.625,3.0,1.375,4.625,5.000000000000001,2212650,7.039701715137957,63.96455923892165,4.0,64.0,-64.0,64.0,1.0
-----------------OOO-X----OXXOO---OOO-----XO-------------------- X;,1,50,4,10,-6,0,10,-64,0,3.6250000000000004,0.37499999999999994,0.37499999999999994,2.625,7.000000000000001,9.625,0.375,0.375,0.625,3.0,0.37499999999999994,2.625,7.000000000000001,2140248,6.390667810459349,63.97246767664308,4.0,64.0,-64.0,64.0,1.0
----------O-------OX-X----OXOO-----OO-----XOO------O------------ X;,1,50,4,10,-6,0,12,-64,0,2.625,0.37499999999999994,0.37499999999999994,3.6250000000000004,7.000000000000001,9.625,0.375,0.375,0.625,3.0,0.37499999999999994,3.6250000000000004,7.000000000000001,1641123,7.889426935092616,63.948601049403365,4.0,64.0,-64.0,64.0,1.0
-----------------OOO-X---OOOOOO----OO-----XO-------------------- X;,1,50,2,12,-10,0,12,-64,0,6.875,0.12500000000000003,0.6250000000000001,2.3749999999999996,4.0,8.875,0.125,0.625,0.375,4.0,0.6250000000000001,2.3749999999999996,4.0,138369,6.367090894636805,63.97629526844886,4.0,64.0,-64.0,64.0,1.0
----------O-------OX-X----OXOO---O-XO-----OO-------O------------ X;,1,50,4,10,-6,0,14,-64,0,1.375,0.6250000000000001,0.6250000000000001,1.375,10.000000000000002,8.875,0.125,0.125,0.875,4.0,0.6250000000000001,1.375,10.000000000000002,827850,7.303286827323791,63.95762517364257,4.0,64.0,-64.0,64.0,1.0
----------O-------OX-X----OXOO-----XO----OOO-------O------------ X;,1,50,4,10,-6,0,14,-64,0,1.375,1.1249999999999998,0.6250000000000001,0.875,10.000000000000002,8.875,0.625,0.125,0.375,4.0,0.6250000000000001,0.875,10.000000000000002,464050,8.509828682254067,63.91536256868872,4.0,64.0,-64.0,64.0,1.0
-----------------OOO-X----XXXOO----OO----OOO-------------------- X;,1,50,4,10,-6,0,14,-64,0,1.375,0.6250000000000001,1.1249999999999998,0.875,10.000000000000002,8.875,0.125,0.625,0.375,4.0,1.1249999999999998,0.875,10.000000000000002,602835,9.067041561953104,63.89642937122098,4.0,64.0,-64.0,64.0,1.0
-----------------OOO-X----OXXOO--O-OO-----XO-------------------- X;,1,50,4,10,-6,0,16,-64,0,2.875,0.6250000000000001,0.6250000000000001,2.875,7.000000000000001,8.875,0.625,0.625,0.875,3.0,0.6250000000000001,2.875,7.000000000000001,676131,5.646947115277957,63.97610818021951,4.0,64.0,-64.0,64.0,1.0
-----------------OOO-X----XXXOO----OO-----OO-----O-------------- X;,1,50,4,10,-6,0,30,-64,0,1.2500000000000002,0.7499999999999999,0.7499999999999999,1.2500000000000002,10.000000000000002,8.75,0.25,0.25,0.75,4.0,0.7499999999999999,1.2500000000000002,10.000000000000002,1203731,6.327749306115735,63.97126268244317,4.0,64.0,-64.0,64.0,1.0
----------O-------OX-X----OXOO-----OO-----OO-----O-O------------ X;,1,50,3,11,-8,0,32,-64,0,2.25,0.7499999999999999,0.7499999999999999,2.25,8.000000000000002,8.75,0.25,0.25,0.75,4.0,0.7499999999999999,2.25,8.000000000000002,580734,9.493568484021944,63.91683627960477,4.0,64.0,-64.0,64.0,1.0
------------------OX-X-----XX----OOXO-----O-OOO----O------------ X;,1,50,5,9,-4,0,12,-64,0,2.75,0.25,0.25,2.75,8.000000000000002,9.75,1.25,0.25,0.75,2.0,0.25,2.75,8.000000000000002,239766,7.2692958968327455,63.96149579173027,4.0,64.0,-64.0,64.0,1.0
------------------OX-X-----XX----OOXO-----O-OOO---O------------- X;,1,50,5,9,-4,0,12,-64,0,2.75,0.7499999999999999,0.25,2.25,8.000000000000002,9.75,1.75,0.25,0.25,2.0,0.25,2.25,8.000000000000002,402950,6.322193820573272,63.9665318277702,4.0,64.0,-64.0,64.0,1.0
------------------OX-X----OXX----OOOO-----X-OOO----------------- X;,1,50,5,9,-4,0,12,-64,0,0.7499999999999999,0.25,0.7499999999999999,4.25,8.000000000000002,10.25,0.75,0.25,0.75,2.0,0.7499999999999999,4.25,8.000000000000002,645327,6.649797699460893,63.961380819336554,4.0,64.0,-64.0,64.0,1.0
-----------------OOO-X-----OXOO----OO-----XOOO------------------ X;,1,50,3,11,-8,0,12,-64,0,3.2499999999999996,0.7499999999999999,0.7499999999999999,5.25,4.0,10.25,0.75,0.75,0.25,2.0,0.7499999999999999,5.25,4.0,992594,5.411082476823354,63.9650007958944,4.0,64.0,-64.0,64.0,1.0
------------------X--X---OOOOX----XOOOO-----O-------O----------- X;,1,50,4,10,-6,1,4,-64,0,6.25,1.2500000000000002,0.25,4.25,2.0000000000000004,9.25,0.25,1.25,1.25,2.0,0.25,4.25,2.0000000000000004,2675924,5.219405334381694,63.986702910845004,4.0,64.0,-64.0,64.0,1.0
------------------X--X----XOOOO---XOOOO-----O-------O----------- X;,1,50,4,10,-6,1,6,-64,0,6.25,0.25,0.25,0.25,7.000000000000001,9.25,0.25,1.25,0.25,3.0,0.25,0.25,7.000000000000001,2276085,5.280241291515915,63.98497507782003,4.0,64.0,-64.0,64.0,1.0
------------------X--X----XOOX---OOOOO-----O--O----O------------ X;,1,50,4,10,-6,0,6,-64,0,5.749999999999999,0.25,0.25,0.7499999999999999,7.000000000000001,8.75,0.25,1.25,0.75,3.0,0.25,0.7499999999999999,7.000000000000001,2378287,4.580391685275999,63.994260574943226,4.0,64.0,-64.0,64.0,1.0
------------------X--X----XOOX---OOOOOO----O-------O------------ X;,1,50,4,10,-6,0,8,-64,0,6.25,0.25,0.25,0.25,7.000000000000001,9.25,0.25,1.25,0.25,3.0,0.25,0.25,7.000000000000001,1797027,4.99065400798096,63.98805916661241,4.0,64.0,-64.0,64.0,1.0
------------------X-OX----XOOO----XOOOO-----O-------O----------- X;,1,50,4,10,-6,0,10,-64,0,5.999999999999999,0.0,0.5000000000000001,0.5000000000000001,7.000000000000001,10.0,0.0,0.5,0.5,3.0,0.5000000000000001,0.5000000000000001,7.000000000000001,2948256,6.82469093592958,63.976044821073884,4.0,64.0,-64.0,64.0,1.0
------------------X--XO---XOOO----XOOOO-----O-------O----------- X;,1,50,4,10,-6,0,12,-64,0,5.749999999999999,0.25,0.25,0.7499999999999999,7.000000000000001,8.75,0.25,1.25,0.75,3.0,0.25,0.7499999999999999,7.000000000000001,1777652,7.08104060862306,63.9768919901083,4.0,64.0,-64.0,64.0,1.0
------------------XXX------OO------OOOO--OOOO-------O----------- X;,1,50,3,11,-8,0,14,-64,0,4.750000000000001,0.25,0.25,1.7500000000000002,7.000000000000001,8.75,0.25,1.25,0.75,3.0,0.25,1.7500000000000002,7.000000000000001,1128692,5.673682457215963,63.97313173124289,4.0,64.0,-64.0,64.0,1.0
-----------------OX--X----OOOX----XOOOO-----O-------O----------- X;,1,50,4,10,-6,0,14,-64,0,5.749999999999999,1.2500000000000002,0.25,3.7500000000000004,2.9999999999999996,8.75,0.25,1.25,0.75,3.0,0.25,3.7500000000000004,2.9999999999999996,2070317,6.151047399987538,63.97466571544358,4.0,64.0,-64.0,64.0,1.0
--------------O---X--O----XOOX----XOOOO-----O-------O----------- X;,1,50,4,10,-6,0,22,-64,0,4.875000000000001,0.12500000000000003,1.1249999999999998,2.875,5.000000000000001,8.875,0.125,1.125,0.875,3.0,1.1249999999999998,2.875,5.000000000000001,1934500,8.719620573791678,63.968285345050404,4.0,64.0,-64.0,64.0,1.0
---------O--------O--X----XOOX----XOOOO-----O-------O----------- X;,1,50,4,10,-6,0,26,-64,0,4.875000000000001,0.12500000000000003,1.1249999999999998,2.875,5.000000000000001,8.875,0.125,1.125,0.875,3.0,1.1249999999999998,2.875,5.000000000000001,2228896,7.057893235036539,63.96976799276413,4.0,64.0,-64.0,64.0,1.0
------------------X--X----XOXO---OOOO----OOO-------O------------ X;,1,50,4,10,-6,0,6,-64,0,2.3749999999999996,0.6250000000000001,0.12500000000000003,3.875,7.000000000000001,8.875,0.125,0.625,1.375,3.0,0.12500000000000003,3.875,7.000000000000001,2188853,4.4480849102246705,63.99402335378392,4.0,64.0,-64.0,64.0,1.0
-------------O----XXXX-----OXOO---OOO-----XO-------------------- X;,1,50,6,8,-2,0,6,-64,0,3.6250000000000004,0.37499999999999994,1.375,2.625,5.999999999999999,9.625,0.375,0.375,1.625,2.0,1.375,2.625,5.999999999999999,4295382,6.750802606147719,63.97239174536747,4.0,64.0,-64.0,64.0,1.0
-----------O-O----XOOX-----OXOO----XO-----XO-------------------- X;,1,50,5,9,-4,0,8,-64,0,4.875000000000001,0.6250000000000001,0.6250000000000001,4.875000000000001,2.9999999999999996,8.875,0.625,0.625,0.875,3.0,0.6250000000000001,4.875000000000001,2.9999999999999996,441183,9.299601299234105,63.917000428393656,4.0,64.0,-64.0,64.0,1.0
-------------O----XXXX-----OXOO----XO----OOO-------------------- X;,1,50,6,8,-2,0,14,-64,0,0.875,0.12500000000000003,0.6250000000000001,5.375,7.000000000000001,8.875,0.125,0.625,1.375,3.0,0.6250000000000001,5.375,7.000000000000001,408068,6.957771743925032,63.945327739494395,4.0,64.0,-64.0,64.0,1.0
---------O---O----OXXX-----OXOO----XO-----XO-------------------- X;,1,50,6,8,-2,0,28,-64,0,0.7499999999999999,0.25,0.7499999999999999,7.249999999999999,5.000000000000001,8.75,0.25,0.75,1.25,3.0,0.7499999999999999,7.249999999999999,5.000000000000001,860232,8.483841568321104,63.94868826084126,4.0,64.0,-64.0,64.0,1.0
----------O------OO-XX----OXOO----XOO------O-------O------------ X;,1,50,4,10,-6,1,8,-64,0,1.7500000000000002,0.25,0.25,2.75,9.0,8.75,0.25,0.25,1.75,3.0,0.25,2.75,9.0,1200199,7.864479140542526,63.90588727369378,4.0,64.0,-64.0,64.0,1.0
-----------------OOOXX----OOOO----XOO------O-------O------------ X;,1,50,3,11,-8,1,12,-64,0,4.750000000000001,0.25,0.25,1.7500000000000002,7.000000000000001,9.75,0.25,0.25,0.75,3.0,0.25,1.7500000000000002,7.000000000000001,2307118,5.2893471421921205,63.96866393483125,4.0,64.0,-64.0,64.0,1.0
-----------------OX-XX----OXOO----OOO-----OO-------O------------ X;,1,50,4,10,-6,0,12,-64,0,2.625,0.37499999999999994,1.375,1.6249999999999998,8.000000000000002,9.625,0.375,0.375,1.625,2.0,1.375,1.6249999999999998,8.000000000000002,1846432,6.0245857957401086,63.966161764960745,4.0,64.0,-64.0,64.0,1.0
-----------------OX-XX---OOXOO----OOO------O-------O------------ X;,1,50,4,10,-6,0,12,-64,0,3.7500000000000004,0.7499999999999999,1.2500000000000002,1.2500000000000002,7.000000000000001,8.75,0.75,0.25,1.25,3.0,1.2500000000000002,1.2500000000000002,7.000000000000001,1478770,6.859219486465102,63.94665431405831,4.0,64.0,-64.0,64.0,1.0
----------O-------XOX------XOOO---XOO----OOO-------------------- X;,1,50,4,10,-6,0,12,-64,0,1.7500000000000002,0.7499999999999999,0.25,2.25,9.0,8.75,0.75,0.25,1.25,3.0,0.25,2.25,9.0,862944,6.200527496569881,63.94006331812957,4.0,64.0,-64.0,64.0,1.0
-----------------OX-XX----OXOO---OOOO------O-------O------------ X;,1,50,4,10,-6,0,14,-64,0,3.7500000000000004,0.25,1.2500000000000002,1.7500000000000002,7.000000000000001,8.75,0.25,0.25,1.75,3.0,1.2500000000000002,1.7500000000000002,7.000000000000001,1382081,7.257628170852504,63.9478207138366,4.0,64.0,-64.0,64.0,1.0
------------O----OX-OX----OXOO----XOO------O-------O------------ X;,1,50,4,10,-6,0,18,-64,0,3.7500000000000004,1.7500000000000002,0.7499999999999999,1.7500000000000002,5.999999999999999,8.75,0.75,0.75,1.75,2.0,0.7499999999999999,1.7500000000000002,5.999999999999999,386991,12.313645536976312,63.68208562989837,4.0,64.0,-64.0,64.0,1.0
-----------O-----OX-OX----OXOO----XOO------O-------O------------ X;,1,50,4,10,-6,0,18,-64,0,3.7500000000000004,1.2500000000000002,0.7499999999999999,1.2500000000000002,7.000000000000001,8.75,0.25,0.75,1.25,3.0,0.7499999999999999,1.2500000000000002,7.000000000000001,385720,11.723612983511355,63.68717204189568,4.0,64.0,-64.0,64.0,1.0
---------O-------OO-XX----OOOO----XOO------O-------O------------ X;,1,50,3,11,-8,0,26,-64,0,4.625,0.37499999999999994,0.37499999999999994,1.6249999999999998,7.000000000000001,8.625,0.375,0.375,1.625,3.0,0.37499999999999994,1.6249999999999998,7.000000000000001,1570822,5.619727760370048,63.983765187907984,4.0,64.0,-64.0,64.0,1.0
----------O-------XOX------XOOO---XOO-----OO-----O-------------- X;,1,50,4,10,-6,0,26,-64,0,1.6249999999999998,0.37499999999999994,0.37499999999999994,2.625,9.0,8.625,0.375,0.375,1.625,3.0,0.37499999999999994,2.625,9.0,924644,8.108679664822354,63.911717374470605,4.0,64.0,-64.0,64.0,1.0
------------------X--X---OXOXO---OOOO-----OO-------O------------ X;,1,50,4,10,-6,1,10,-64,0,2.875,0.6250000000000001,0.12500000000000003,3.375,7.000000000000001,9.375,0.125,0.625,0.875,3.0,0.12500000000000003,3.375,7.000000000000001,902894,5.895420724913445,63.96670041001491,4.0,64.0,-64.0,64.0,1.0
-----------O------XXXX-----OXOO---OOO-----XO-------------------- X;,1,50,6,8,-2,0,12,-64,0,3.875,0.6250000000000001,1.1249999999999998,2.3749999999999996,5.999999999999999,9.875,0.625,0.125,1.375,2.0,1.1249999999999998,2.3749999999999996,5.999999999999999,918358,7.539978962452551,63.948677966544636,4.0,64.0,-64.0,64.0,1.0
-----------O------XXXX-----OXOO----XO----OOO-------------------- X;,1,50,6,8,-2,0,14,-64,0,0.875,0.6250000000000001,0.6250000000000001,4.875000000000001,7.000000000000001,8.875,0.625,0.625,0.875,3.0,0.6250000000000001,4.875000000000001,7.000000000000001,203636,6.846510440197215,63.92791058555462,4.0,64.0,-64.0,64.0,1.0
-----------O------OXXX---O-OXOO----XO-----XO-------------------- X;,1,50,6,8,-2,0,16,-64,0,1.375,0.12500000000000003,0.6250000000000001,6.875,5.000000000000001,9.375,0.125,0.625,0.875,3.0,0.6250000000000001,6.875,5.000000000000001,214287,7.062612290992921,63.918184490893054,4.0,64.0,-64.0,64.0,1.0
------------------X--X---OXOXO----OXO----OOO-------O------------ X;,1,50,5,9,-4,0,18,-64,0,1.375,1.1249999999999998,0.12500000000000003,6.374999999999999,5.000000000000001,8.875,0.625,0.625,0.875,3.0,0.12500000000000003,6.374999999999999,5.000000000000001,48620,12.82081447963801,63.485684903331965,4.0,64.0,-64.0,64.0,1.0
---------O-O------OXXX-----OXOO----XO-----XO-------------------- X;,1,50,6,8,-2,0,30,-64,0,1.0,0.5000000000000001,0.5000000000000001,7.000000000000001,5.000000000000001,9.0,0.5,0.5,1.0,3.0,0.5000000000000001,7.000000000000001,5.000000000000001,274069,15.570188529166012,63.80133470038567,4.0,64.0,-64.0,64.0,1.0
-------------------XXX---OOXO-----OOO-----O-OOO----------------- X;,1,50,4,10,-6,0,10,-64,0,1.6249999999999998,0.37499999999999994,1.375,1.6249999999999998,9.0,9.625,0.375,0.375,0.625,3.0,1.375,1.6249999999999998,9.0,3651178,5.52257819257237,63.98026554717409,4.0,64.0,-64.0,64.0,1.0
-------------------XXX---OOXO----OOOO-------OOO----------------- X;,1,50,4,10,-6,0,10,-64,0,1.7500000000000002,0.25,1.7500000000000002,2.25,8.000000000000002,8.75,0.25,0.75,0.25,4.0,1.7500000000000002,2.25,8.000000000000002,1385129,6.4581407219111,63.94214401691106,4.0,64.0,-64.0,64.0,1.0
------------------OXXX---OOOO-----XOO-------OOO----------------- X;,1,50,4,10,-6,0,12,-64,0,4.625,0.37499999999999994,0.37499999999999994,3.6250000000000004,5.000000000000001,9.625,0.375,0.375,0.625,3.0,0.37499999999999994,3.6250000000000004,5.000000000000001,665605,6.2265818315667705,63.94298420234223,4.0,64.0,-64.0,64.0,1.0
-------------------XXX---OOXO-----OOO------OOOO----------------- X;,1,50,4,10,-6,0,14,-64,0,1.7500000000000002,0.25,0.7499999999999999,2.25,9.0,9.75,0.25,0.75,0.25,3.0,0.7499999999999999,2.25,9.0,410473,7.553480984132939,63.885683102177246,4.0,64.0,-64.0,64.0,1.0
----------O--------OXX---OOXO-----XOO-------OOO----------------- X;,1,50,4,10,-6,0,16,-64,0,1.7500000000000002,0.25,0.25,5.749999999999999,5.999999999999999,8.75,0.25,0.25,0.75,4.0,0.25,5.749999999999999,5.999999999999999,929494,8.375464500039806,63.923295900780424,4.0,64.0,-64.0,64.0,1.0
-----------O-------OXX---OOOO-----XOO-------OOO----------------- X;,1,50,3,11,-8,0,16,-64,0,4.750000000000001,0.25,0.25,4.750000000000001,4.0,8.75,0.25,0.25,0.75,4.0,0.25,4.750000000000001,4.0,1636305,7.75386006887469,63.949418965290704,4.0,64.0,-64.0,64.0,1.0
------------O------OOX---OOXO-----XOO-------OOO----------------- X;,1,50,3,11,-8,0,18,-64,0,2.75,0.7499999999999999,1.2500000000000002,3.2499999999999996,5.999999999999999,8.75,0.75,0.25,0.25,4.0,1.2500000000000002,3.2499999999999996,5.999999999999999,704663,7.701956821913454,63.91579520990885,4.0,64.0,-64.0,64.0,1.0
--------------O----XXO---OOXO-----XOO-------OOO----------------- X;,1,50,4,10,-6,0,34,-64,0,2.625,0.37499999999999994,0.37499999999999994,2.625,8.000000000000002,8.625,0.375,0.375,0.625,4.0,0.37499999999999994,2.625,8.000000000000002,447448,10.416276304732618,63.84353936099837,4.0,64.0,-64.0,64.0,1.0
-------------------XXX---OOXO-----OOO-----O-OO--------O--------- X;,1,50,4,10,-6,0,22,-64,0,1.7500000000000002,0.25,1.2500000000000002,1.7500000000000002,9.0,9.75,0.25,0.25,0.75,3.0,1.2500000000000002,1.7500000000000002,9.0,525640,8.061011338558709,63.90735864850468,4.0,64.0,-64.0,64.0,1.0
------------------OXXX---OOOO-----XOO-------OO--------O--------- X;,1,50,4,10,-6,0,24,-64,0,4.750000000000001,0.25,0.25,3.7500000000000004,5.000000000000001,9.75,0.25,0.25,0.75,3.0,0.25,3.7500000000000004,5.000000000000001,927756,6.135671448096267,63.95422934478462,4.0,64.0,-64.0,64.0,1.0
-------------------XXX---OOXO----OOOO-------OO--------O--------- X;,1,50,4,10,-6,0,24,-64,0,1.875,0.12500000000000003,1.6249999999999998,2.3749999999999996,8.000000000000002,8.875,0.125,0.625,0.375,4.0,1.6249999999999998,2.3749999999999996,8.000000000000002,1294920,5.703847341920737,63.97871528743088,4.0,64.0,-64.0,64.0,1.0
----------O--------OXX---OOXO-----XOO-------OO--------O--------- X;,1,50,4,10,-6,0,28,-64,0,1.6249999999999998,0.37499999999999994,0.37499999999999994,5.625,5.999999999999999,8.625,0.375,0.375,0.625,4.0,0.37499999999999994,5.625,5.999999999999999,1136754,6.507277739950772,63.94873297124972,4.0,64.0,-64.0,64.0,1.0
-----------O-------OXX---OOOO-----XOO-------OO--------O--------- X;,1,50,3,11,-8,0,28,-64,0,4.875000000000001,0.12500000000000003,0.12500000000000003,4.875000000000001,4.0,8.875,0.125,0.125,0.875,4.0,0.12500000000000003,4.875000000000001,4.0,1299436,7.255012174512634,63.942752086289744,4.0,64.0,-64.0,64.0,1.0
------------O------OOX---OOXO-----XOO-------OO--------O--------- X;,1,50,3,11,-8,0,30,-64,0,2.875,0.6250000000000001,1.1249999999999998,3.375,5.999999999999999,8.875,0.625,0.125,0.375,4.0,1.1249999999999998,3.375,5.999999999999999,1040130,6.343687808254737,63.94936017613183,4.0,64.0,-64.0,64.0,1.0
-------------------XXX---OOXO-----OOO------OOO--------O--------- X;,1,50,4,10,-6,0,30,-64,0,1.875,0.12500000000000003,0.6250000000000001,2.3749999999999996,9.0,9.875,0.125,0.625,0.375,3.0,0.6250000000000001,2.3749999999999996,9.0,590883,6.86375136871428,63.933502910051565,4.0,64.0,-64.0,64.0,1.0
--------------O----XXO---OOXO-----XOO-------OO--------O--------- X;,1,50,4,10,-6,0,40,-64,0,3.2499999999999996,0.25,0.25,2.25,8.000000000000002,9.25,0.25,0.25,0.25,4.0,0.25,2.25,8.000000000000002,474322,8.85043072005937,63.88949700836141,4.0,64.0,-64.0,64.0,1.0
---------O---O----OXO------OXOO----OOX----XO-------------------- X;,1,50,4,10,-6,0,26,-64,0,1.6249999999999998,0.37499999999999994,0.37499999999999994,5.625,5.999999999999999,8.625,0.375,0.375,0.625,4.0,0.37499999999999994,5.625,5.999999999999999,435474,7.224472643602144,63.951326600439984,4.0,64.0,-64.0,64.0,1.0
---------O--O-----OXO------OOOO----OOX----XO-------------------- X;,1,50,3,11,-8,0,26,-64,0,4.875000000000001,0.12500000000000003,0.12500000000000003,4.875000000000001,4.0,8.875,0.125,0.125,0.875,4.0,0.12500000000000003,4.875000000000001,4.0,1694067,6.6592856126705735,63.97242021714607,4.0,64.0,-64.0,64.0,1.0
---------O--------O--X----XOOO----XXOO-----OO------O------------ X;,1,50,4,10,-6,0,26,-64,0,1.875,0.12500000000000003,0.6250000000000001,2.3749999999999996,9.0,9.875,0.125,0.625,0.375,3.0,0.6250000000000001,2.3749999999999996,9.0,1542207,7.892716088047843,63.94274309479856,4.0,64.0,-64.0,64.0,1.0
---------O--------O--X----XOOO----XXO------OOO-----O------------ X;,1,50,4,10,-6,0,28,-64,0,1.7500000000000002,0.25,1.2500000000000002,3.7500000000000004,7.000000000000001,9.75,0.25,0.25,0.75,3.0,1.2500000000000002,3.7500000000000004,7.000000000000001,1009449,8.737142738266124,63.91954620788172,4.0,64.0,-64.0,64.0,1.0
---------O--------O--X----XOOO----XXO------OO------OO----------- X;,1,50,4,10,-6,0,28,-64,0,1.875,0.12500000000000003,1.6249999999999998,2.3749999999999996,8.000000000000002,8.875,0.125,0.625,0.375,4.0,1.6249999999999998,2.3749999999999996,8.000000000000002,1192294,8.131011310968603,63.92637721904161,4.0,64.0,-64.0,64.0,1.0
--------------------OX----XOO----OOXO------OOO------O-O--------- X;,1,50,3,11,-8,0,34,-64,0,2.875,0.6250000000000001,1.1249999999999998,3.375,5.999999999999999,8.875,0.625,0.125,0.375,4.0,1.1249999999999998,3.375,5.999999999999999,168916,14.802611949134482,63.72501124819437,4.0,64.0,-64.0,64.0,1.0
--------------------OX----XOO----OOOO-----OOOO--------O--------- X;,1,50,2,12,-10,0,34,-64,0,5.749999999999999,0.25,1.2500000000000002,1.7500000000000002,5.000000000000001,9.75,0.25,0.25,0.75,3.0,1.2500000000000002,1.7500000000000002,5.000000000000001,448672,9.552216318379573,63.84817862491976,4.0,64.0,-64.0,64.0,1.0
----------------OOX--X---OXXX-----OOOO-----O-------O------------ X;,1,50,5,9,-4,0,6,-64,0,2.25,0.7499999999999999,0.25,0.7499999999999999,10.000000000000002,7.75,1.25,0.75,0.25,4.0,0.25,0.7499999999999999,10.000000000000002,1141348,4.872137157115971,63.987011849146796,4.0,64.0,-64.0,64.0,1.0
-----------------OX--X---OXXX----OOOOO-----O-------O------------ X;,1,50,5,9,-4,0,12,-64,0,2.75,0.25,0.25,0.7499999999999999,10.000000000000002,8.25,0.75,0.75,0.25,4.0,0.25,0.7499999999999999,10.000000000000002,198793,20.70389802457833,63.81959123309171,8.0,64.0,-64.0,64.0,1.0
-----------------OX-OX---XXXO-----XOOO-----O-------O------------ X;,1,50,6,8,-2,1,14,-64,0,2.25,1.2500000000000002,1.7500000000000002,1.7500000000000002,7.000000000000001,8.75,1.75,0.25,0.25,3.0,1.7500000000000002,1.7500000000000002,7.000000000000001,1105443,11.233130971022478,63.8890128211043,4.0,64.0,-64.0,64.0,1.0
-----------------OOO-X---XXOO-----XOOO-----O-------O------------ X;,1,50,4,10,-6,0,14,-64,0,4.25,0.25,1.7500000000000002,1.7500000000000002,5.999999999999999,8.75,0.75,0.25,0.25,4.0,1.7500000000000002,1.7500000000000002,5.999999999999999,344063,16.303868768219775,63.844976065429876,4.0,64.0,-64.0,64.0,1.0
---------O-------OO--X---XXOX-----XOOO-----O-------O------------ X;,1,50,5,9,-4,0,24,-64,0,1.375,0.6250000000000001,1.1249999999999998,2.875,8.000000000000002,7.875,1.125,0.625,0.375,4.0,1.1249999999999998,2.875,8.000000000000002,452552,16.029136983153318,63.78261945588573,4.0,64.0,-64.0,64.0,1.0
----------OX------XXX------XOOO----OO-----O-O----O-------------- X;,1,50,5,9,-4,0,26,-64,0,1.375,0.6250000000000001,1.1249999999999998,2.875,8.000000000000002,7.875,1.125,0.625,0.375,4.0,1.1249999999999998,2.875,8.000000000000002,121366,16.723283291860984,63.79447291663234,4.0,64.0,-64.0,64.0,1.0
-------------O----XXOX---XXOO------OOO-----O-------O------------ X;,1,50,5,9,-4,0,6,-64,0,5.25,1.2500000000000002,0.7499999999999999,1.7500000000000002,5.000000000000001,8.75,1.75,0.25,0.25,3.0,0.7499999999999999,1.7500000000000002,5.000000000000001,2365537,6.890924978133929,63.98034695716026,4.0,64.0,-64.0,64.0,1.0
------------O-----XXOX---XXOO------OOO-----O-------O------------ X;,1,50,5,9,-4,0,6,-64,0,5.25,1.2500000000000002,1.2500000000000002,2.25,4.0,9.25,2.25,0.25,0.25,2.0,1.2500000000000002,2.25,4.0,1717983,10.068204400159955,63.94220431750489,4.0,64.0,-64.0,64.0,1.0
-----------O------XOXX---XXOO------OOO-----O-------O------------ X;,1,50,5,9,-4,0,8,-64,0,5.25,0.25,1.2500000000000002,0.25,7.000000000000001,9.25,1.25,0.25,0.25,3.0,1.2500000000000002,0.25,7.000000000000001,1723466,9.105474665586673,63.93295603162464,4.0,64.0,-64.0,64.0,1.0
----------O-------XOXX---XXOO------OOO-----O-------O------------ X;,1,50,5,9,-4,0,12,-64,0,5.25,0.25,0.7499999999999999,0.7499999999999999,7.000000000000001,8.75,1.75,0.25,0.25,3.0,0.7499999999999999,0.7499999999999999,7.000000000000001,1075838,11.555291781848197,63.909954844502614,4.0,64.0,-64.0,64.0,1.0
-----------------OXXXX---XOOO------OOO-----O-------O------------ X;,1,50,5,9,-4,0,14,-64,0,5.25,1.2500000000000002,1.7500000000000002,0.7499999999999999,5.000000000000001,8.75,1.75,0.25,0.25,3.0,1.7500000000000002,0.7499999999999999,5.000000000000001,1105443,11.233130971022478,63.8890128211043,4.0,64.0,-64.0,64.0,1.0
------------------XXXX--OOOOO------OOO-----O-------O------------ X;,1,50,4,10,-6,0,16,-64,0,5.749999999999999,1.7500000000000002,1.2500000000000002,0.25,5.000000000000001,8.75,1.75,0.25,0.25,3.0,1.2500000000000002,0.25,5.000000000000001,645027,10.282298260382898,63.89037668190634,4.0,64.0,-64.0,64.0,1.0
--------------O---XXXO---XXOO------OOO-----O-------O------------ X;,1,50,5,9,-4,0,26,-64,0,4.375,0.12500000000000003,0.6250000000000001,1.875,7.000000000000001,8.875,1.625,0.125,0.375,3.0,0.6250000000000001,1.875,7.000000000000001,915872,12.723349987771217,63.94406205233919,4.0,64.0,-64.0,64.0,1.0
---------O--------OXXX---XXOO------OOO-----O-------O------------ X;,1,50,5,9,-4,0,28,-64,0,4.375,0.12500000000000003,0.6250000000000001,1.875,7.000000000000001,8.875,1.625,0.125,0.375,3.0,0.6250000000000001,1.875,7.000000000000001,884927,17.19897121457476,63.77588885862902,6.0,64.0,-64.0,64.0,1.0
-----------------OXXXX---XOXO------OOO-----O-------O------------ X;,1,50,6,8,-2,0,14,-64,0,2.25,1.2500000000000002,1.7500000000000002,1.7500000000000002,7.000000000000001,8.75,1.75,0.25,0.25,3.0,1.7500000000000002,1.7500000000000002,7.000000000000001,1105443,11.233130971022478,63.8890128211043,4.0,64.0,-64.0,64.0,1.0
--------------O---X-OO---XXXOX-----OOO-----O-------O------------ X;,1,50,5,9,-4,0,14,-64,0,1.375,1.1249999999999998,1.6249999999999998,2.875,7.000000000000001,8.875,1.625,0.125,0.375,3.0,1.6249999999999998,2.875,7.000000000000001,1889946,8.197148489956856,63.97723109549162,4.0,64.0,-64.0,64.0,1.0
--------------O--OX--O---XOXXX-----OOO-----O-------O------------ X;,1,50,5,9,-4,0,26,-64,0,0.875,2.125,0.6250000000000001,2.3749999999999996,8.000000000000002,7.875,1.125,0.625,0.375,4.0,0.6250000000000001,2.3749999999999996,8.000000000000002,1502947,6.1671090198124086,63.98385438741353,4.0,64.0,-64.0,64.0,1.0
--------------O---XO-O---XXOOX-----OOO-----O-------O------------ X;,1,50,4,10,-6,0,26,-64,0,4.375,0.12500000000000003,1.6249999999999998,1.875,5.999999999999999,8.875,0.625,0.125,0.375,4.0,1.6249999999999998,1.875,5.999999999999999,1543983,10.214153912316393,63.95144117519428,4.0,64.0,-64.0,64.0,1.0
--------------O---X--OO--XXXXO-----OOO-----O-------O------------ X;,1,50,5,9,-4,0,30,-64,0,0.875,0.12500000000000003,0.6250000000000001,2.3749999999999996,10.000000000000002,7.875,1.125,0.625,0.375,4.0,0.6250000000000001,2.3749999999999996,10.000000000000002,440752,6.334496496896214,63.97813282753113,4.0,64.0,-64.0,64.0,1.0
---------O----O---O--O---XXOXX-----OOO-----O-------O------------ X;,1,50,4,10,-6,0,32,-64,0,2.9999999999999996,0.5000000000000001,1.0,1.4999999999999998,8.000000000000002,8.5,1.0,0.5,0.0,4.0,1.0,1.4999999999999998,8.000000000000002,527307,11.178106871329225,63.958392359669034,4.0,64.0,-64.0,64.0,1.0
---------O--------O--X---XOOX-----OOOO----XO-------O------------ X;,1,50,4,10,-6,0,18,-64,0,3.5,0.5000000000000001,1.0,4.0,5.000000000000001,9.0,1.0,0.5,0.5,3.0,1.0,4.0,5.000000000000001,1985859,6.728308505286629,63.978235111354834,4.0,64.0,-64.0,64.0,1.0
---O-----O-O------OO-X-----OXOO----XO-----X-O------------------- X;,1,50,4,10,-6,0,20,-64,0,2.25,1.7500000000000002,0.25,6.75,2.9999999999999996,8.25,1.75,0.25,0.75,3.0,0.25,6.75,2.9999999999999996,1163966,4.83533539639474,63.995857267308494,4.0,64.0,-64.0,64.0,1.0
---------O-X------OX-X-----OXOO----OO-----XOO------------------- X;,1,50,5,9,-4,0,20,-64,0,2.0000000000000004,0.0,0.5000000000000001,4.499999999999999,7.000000000000001,9.0,1.0,0.5,0.5,3.0,0.5000000000000001,4.499999999999999,7.000000000000001,1725186,8.657031763531585,63.967336855272414,4.0,64.0,-64.0,64.0,1.0
---------O--------O--X---XXOX----O-XOO----OO-------O------------ X;,1,50,5,9,-4,0,22,-64,0,0.7499999999999999,0.25,0.25,5.749999999999999,7.000000000000001,8.75,1.25,0.25,0.75,3.0,0.25,5.749999999999999,7.000000000000001,462751,11.226988164261126,63.89465608934395,4.0,64.0,-64.0,64.0,1.0
---------O-X------OX-X----OOXOO----OO-----X-O------------------- X;,1,50,5,9,-4,0,22,-64,0,2.0000000000000004,0.0,1.0,4.0,7.000000000000001,9.0,1.0,0.0,1.0,3.0,1.0,4.0,7.000000000000001,1382076,11.179800531953381,63.965242142979115,4.0,64.0,-64.0,64.0,1.0
---------O-X------OX-X-----OXOO---OOO-----X-O------------------- X;,1,50,5,9,-4,0,26,-64,0,2.0000000000000004,0.5000000000000001,1.0,4.499999999999999,5.999999999999999,9.0,2.5,0.0,0.5,2.0,1.0,4.499999999999999,5.999999999999999,1258595,10.45380444066598,63.960681553637194,4.0,64.0,-64.0,64.0,1.0
----O----O-O------OX-X-----OXOO----XO-----X-O------------------- X;,1,50,5,9,-4,0,28,-64,0,1.2500000000000002,0.7499999999999999,0.25,6.75,5.000000000000001,8.25,1.75,0.25,0.75,3.0,0.25,6.75,5.000000000000001,541615,12.246341035606473,63.91343666626663,4.0,64.0,-64.0,64.0,1.0
---------O--------O--X---XXOX------XOO---OOO-------O------------ X;,1,50,5,9,-4,0,28,-64,0,0.7499999999999999,0.25,0.7499999999999999,5.25,7.000000000000001,8.25,1.75,0.25,0.75,3.0,0.7499999999999999,5.25,7.000000000000001,246764,15.043401792806081,63.879431359517596,4.0,64.0,-64.0,64.0,1.0
----------O---O---O-XO----OXX-----XOX------OO------O------------ X;,1,50,5,9,-4,0,26,-64,0,2.625,0.37499999999999994,0.37499999999999994,2.625,8.000000000000002,8.625,0.375,0.375,0.625,4.0,0.37499999999999994,2.625,8.000000000000002,758475,6.572976037443555,63.9274913477702,4.0,64.0,-64.0,64.0,1.0
---------O---O----OX-O-----XXOO----XXO------O-------O----------- X;,1,50,5,9,-4,0,28,-64,0,6.374999999999999,0.6250000000000001,0.6250000000000001,0.37499999999999994,5.999999999999999,7.875,1.125,0.125,0.875,4.0,0.6250000000000001,0.37499999999999994,5.999999999999999,666682,8.662516762114471,63.89567739941981,4.0,64.0,-64.0,64.0,1.0
-----------------OOOX------OXOO---XXO-----O--O---O-------------- X;,1,50,4,10,-6,0,32,-64,0,2.75,0.7499999999999999,0.25,5.25,5.000000000000001,8.75,0.75,0.25,1.25,3.0,0.25,5.25,5.000000000000001,498711,6.716615434590374,63.9055164213342,4.0,64.0,-64.0,64.0,1.0
---------O---O----OX-O-----OXO-----XOO------OO------O----------- X;,1,50,3,11,-8,0,32,-64,0,3.2499999999999996,0.25,0.7499999999999999,4.750000000000001,5.000000000000001,8.75,0.75,0.25,1.25,3.0,0.7499999999999999,4.750000000000001,5.000000000000001,134630,12.33866151674961,63.54075614647552,4.0,64.0,-64.0,64.0,1.0
-----------------OOOX------OXOO---XOO-----OO-----O-------------- X;,1,50,3,11,-8,0,32,-64,0,2.625,0.37499999999999994,0.37499999999999994,1.6249999999999998,9.0,8.625,0.375,0.375,1.625,3.0,0.37499999999999994,1.6249999999999998,9.0,218654,9.465530015458212,63.7081416301554,4.0,64.0,-64.0,64.0,1.0
------------O-------O------XOX-----XOO----OOOO---O---O---------- X;,1,50,3,11,-8,0,32,-64,0,2.625,1.375,1.375,0.6250000000000001,8.000000000000002,8.625,0.375,0.375,0.625,4.0,1.375,0.6250000000000001,8.000000000000002,476178,7.054794635619453,63.859678523577315,4.0,64.0,-64.0,64.0,1.0
---------OOX------OOOX-----XOO-----XO-------O-------O----------- X;,1,50,4,10,-6,0,26,-64,0,2.3749999999999996,0.6250000000000001,0.6250000000000001,1.375,9.0,7.875,1.125,1.125,0.875,3.0,0.6250000000000001,1.375,9.0,429280,19.481732202758106,63.655977450614984,8.0,64.0,-64.0,64.0,1.0
---------O--------O------XXXX-----OOOOO--OOO-------------------- X;,1,50,4,10,-6,0,28,-64,0,1.875,0.12500000000000003,0.12500000000000003,0.875,11.0,7.875,1.125,1.125,0.875,3.0,0.12500000000000003,0.875,11.0,556116,9.712829697401261,63.79443137762625,4.0,64.0,-64.0,64.0,1.0
---------O--------O------XXXX-----OOOOO---OO------O------------- X;,1,50,4,10,-6,0,28,-64,0,1.875,0.12500000000000003,0.12500000000000003,0.875,11.0,7.875,1.125,1.125,0.875,3.0,0.12500000000000003,0.875,11.0,351229,12.117831955789528,63.80298893314618,4.0,64.0,-64.0,64.0,1.0
------------X-O---XOXO----OOOO-----OO------O-------O------------ X;,1,50,3,11,-8,0,30,-64,0,5.375,0.12500000000000003,0.12500000000000003,1.375,7.000000000000001,8.875,0.625,0.625,0.875,3.0,0.12500000000000003,1.375,7.000000000000001,686115,12.905201023152095,63.83399284376526,4.0,64.0,-64.0,64.0,1.0
----O----O-O------OXOX-----XOO-----XO-------O-------O----------- X;,1,50,4,10,-6,0,30,-64,0,1.375,0.6250000000000001,0.6250000000000001,2.3749999999999996,9.0,7.875,1.125,1.125,0.875,3.0,0.6250000000000001,2.3749999999999996,9.0,98059,16.249156120294924,63.722248850182034,6.0,64.0,-64.0,64.0,1.0
---------O-X------OXOX-----XOO-----OO-----O-O-------O----------- X;,1,50,4,10,-6,0,32,-64,0,2.0000000000000004,0.0,0.0,2.0000000000000004,10.000000000000002,9.0,1.0,1.0,1.0,2.0,0.0,2.0000000000000004,10.000000000000002,503005,11.182866969513226,63.876355105814056,4.0,64.0,-64.0,64.0,1.0
------------X-O---XOXO----OOO------OOO-----O-------O------------ X;,1,50,3,11,-8,0,34,-64,0,5.375,0.12500000000000003,0.12500000000000003,2.3749999999999996,5.999999999999999,8.875,1.625,0.625,0.875,2.0,0.12500000000000003,2.3749999999999996,5.999999999999999,204538,15.651986427949819,63.6250183340015,6.0,64.0,-64.0,64.0,1.0
--O------O-O------OXOX-----XOO-----XO-------O-------O----------- X;,1,50,4,10,-6,0,34,-64,0,1.375,0.6250000000000001,0.6250000000000001,2.3749999999999996,9.0,7.875,1.125,1.125,0.875,3.0,0.6250000000000001,2.3749999999999996,9.0,159704,14.476030656714922,63.75577318038371,4.0,64.0,-64.0,64.0,1.0
---------O--------O------XXXX-----OOOOO---OO-----O-------------- X;,1,50,4,10,-6,0,38,-64,0,2.5000000000000004,0.0,0.0,0.5000000000000001,11.0,8.5,1.0,1.0,0.5,3.0,0.0,0.5000000000000001,11.0,430341,20.927376197015853,63.72854085481049,8.0,64.0,-64.0,64.0,1.0
-----------X------XX------OOOOO---OOO-----O-O----O-------------- X;,1,50,3,11,-8,0,28,-64,0,5.375,0.12500000000000003,1.6249999999999998,1.875,5.000000000000001,8.875,1.625,0.125,0.375,3.0,1.6249999999999998,1.875,5.000000000000001,529225,15.486475506637063,63.896641315130616,6.0,64.0,-64.0,64.0,1.0
--------------O--OX-XO---XOXX------OOO-----O-------O------------ X;,1,50,5,9,-4,0,32,-64,0,0.875,0.6250000000000001,1.1249999999999998,2.3749999999999996,9.0,7.875,2.625,0.125,0.375,3.0,1.1249999999999998,2.3749999999999996,9.0,481440,7.959837155201064,63.9536432369558,4.0,64.0,-64.0,64.0,1.0
-----------X------XX-------XOOO--OOOO-----O-O----O-------------- X;,1,50,4,10,-6,0,32,-64,0,1.875,0.6250000000000001,1.6249999999999998,3.875,5.999999999999999,8.375,3.125,0.125,0.375,2.0,1.6249999999999998,3.875,5.999999999999999,137964,16.45911977037488,63.761908903771996,8.0,64.0,-64.0,64.0,1.0
---------O----O---O-XO---XXOX------OOO-----O-------O------------ X;,1,50,4,10,-6,0,34,-64,0,2.9999999999999996,0.0,0.5000000000000001,1.4999999999999998,9.0,8.5,2.5,0.0,0.0,3.0,0.5000000000000001,1.4999999999999998,9.0,378451,13.266747874890012,63.93968571889095,4.0,64.0,-64.0,64.0,1.0
---------O--O----XXO-X----OOOO-----OO-------O-------O----------- X;,1,50,3,11,-8,0,34,-64,0,7.875,0.6250000000000001,0.6250000000000001,0.875,4.0,7.875,0.625,0.625,0.875,4.0,0.6250000000000001,0.875,4.0,192056,14.800558170533595,63.72779814220852,4.0,64.0,-64.0,64.0,1.0
---------O---O---XXX-O----OOOO-----OO-------O-------O----------- X;,1,50,3,11,-8,0,36,-64,0,4.875000000000001,0.12500000000000003,1.1249999999999998,1.875,5.999999999999999,7.875,1.125,0.125,0.875,4.0,1.1249999999999998,1.875,5.999999999999999,70318,19.81131431496914,63.13868426291988,8.0,64.0,-64.0,64.0,1.0
---------O-O-----XXO-X----OOOO-----OO-------O-------O----------- X;,1,50,3,11,-8,0,36,-64,0,7.875,1.1249999999999998,0.6250000000000001,1.375,2.9999999999999996,7.875,1.125,0.625,1.375,3.0,0.6250000000000001,1.375,2.9999999999999996,110097,23.742645122028758,63.15341925756378,12.0,64.0,-64.0,64.0,1.0
---------OO------XOO-X----OOOO-----OO-------O-------O----------- X;,1,50,2,12,-10,0,38,-64,0,6.374999999999999,1.1249999999999998,0.6250000000000001,1.875,4.0,7.875,0.625,0.125,1.375,4.0,0.6250000000000001,1.875,4.0,75027,22.68266090873952,62.944593279752624,10.0,64.0,-64.0,64.0,1.0
---------O-------OXX-X---OOOOO-----OO-------O-------O----------- X;,1,50,3,11,-8,0,40,-64,0,6.374999999999999,0.12500000000000003,0.6250000000000001,0.875,5.999999999999999,7.875,0.625,0.125,1.375,4.0,0.6250000000000001,0.875,5.999999999999999,19670,29.077885104219625,62.23223182511439,16.0,64.0,-64.0,64.0,1.0
---------O----O--XXX-O----OOOO-----OO-------O-------O----------- X;,1,50,3,11,-8,0,44,-64,0,5.749999999999999,0.25,0.7499999999999999,1.2500000000000002,5.999999999999999,8.25,0.75,0.25,0.75,4.0,0.7499999999999999,1.2500000000000002,5.999999999999999,130351,18.2142062584867,63.63345122016709,8.0,64.0,-64.0,64.0,1.0
--------OO-------OXX-X----OOOO-----OO-------O-------O----------- X;,1,50,3,11,-8,0,44,-64,0,6.125,0.37499999999999994,0.875,0.6250000000000001,5.999999999999999,7.625,0.875,0.375,1.125,4.0,0.875,0.6250000000000001,5.999999999999999,18590,37.26551909628833,61.93458848843464,64.0,64.0,-64.0,64.0,1.0
------------------XO--X---OOOXO----OO-----XXOO------------------ X;,1,50,5,9,-4,0,4,-64,0,4.625,0.37499999999999994,0.37499999999999994,3.6250000000000004,5.000000000000001,9.625,0.375,0.375,0.625,3.0,0.37499999999999994,3.6250000000000004,5.000000000000001,4340373,4.795029367291705,63.99501010627428,4.0,64.0,-64.0,64.0,1.0
------------------O-XX-----XX----OXOOO---X--OOO----------------- X;,1,50,6,8,-2,0,6,-64,0,0.37499999999999994,0.6250000000000001,0.12500000000000003,4.875000000000001,8.000000000000002,8.875,0.125,0.625,0.375,4.0,0.12500000000000003,4.875000000000001,8.000000000000002,527815,4.667881738866837,63.99012911720963,4.0,64.0,-64.0,64.0,1.0
------------------O-XX-----XX----OXOOO---X--OO-------O---------- X;,1,50,6,8,-2,0,6,-64,0,0.37499999999999994,0.12500000000000003,0.6250000000000001,4.875000000000001,8.000000000000002,8.875,0.625,0.125,0.375,4.0,0.6250000000000001,4.875000000000001,8.000000000000002,489367,4.698347048329781,63.989639677379145,4.0,64.0,-64.0,64.0,1.0
------------------XO--X---OOOXO----OX-----XO-O-----O------------ X;,1,50,5,9,-4,0,6,-64,0,2.3749999999999996,0.6250000000000001,0.6250000000000001,2.3749999999999996,8.000000000000002,8.875,0.125,0.125,0.875,4.0,0.6250000000000001,2.3749999999999996,8.000000000000002,2249811,4.646577868096475,63.99416217628948,4.0,64.0,-64.0,64.0,1.0
------------------O-XX-----XX----OXOOO---X--OO--------O--------- X;,1,50,6,8,-2,0,18,-64,0,0.7499999999999999,0.25,0.25,4.750000000000001,8.000000000000002,8.75,0.25,0.25,0.75,4.0,0.25,4.750000000000001,8.000000000000002,704866,4.754495180644264,63.99412370578238,4.0,64.0,-64.0,64.0,1.0
----------XO-------X-O-----OX-----OOOX----XO-O--------O--------- X;,1,50,5,9,-4,0,20,-64,0,1.7500000000000002,0.25,0.25,3.7500000000000004,8.000000000000002,8.75,0.25,0.25,0.75,4.0,0.25,3.7500000000000004,8.000000000000002,720293,5.051855286668064,63.99471326251956,4.0,64.0,-64.0,64.0,1.0
------------------XX-O-----XX-----OOOXO---XO--O-------O--------- X;,1,50,6,8,-2,0,22,-64,0,0.7499999999999999,0.25,0.25,2.75,10.000000000000002,8.75,0.25,0.25,0.75,4.0,0.25,2.75,10.000000000000002,398250,6.164896421845574,63.98016823603264,4.0,64.0,-64.0,64.0,1.0
------------------X-OX----XXOX----XOOO-----O-O-----O------------ X;,1,50,6,8,-2,0,6,-64,0,1.375,2.125,2.125,1.375,7.000000000000001,10.875,0.625,0.625,0.875,1.0,2.125,1.375,7.000000000000001,3946440,5.232697317075643,63.98645107996067,4.0,64.0,-64.0,64.0,1.0
------------------XO-X----XOOX----XOOO-----O-O-----O------------ X;,1,50,5,9,-4,0,6,-64,0,4.375,0.6250000000000001,2.125,0.875,5.999999999999999,10.875,0.125,0.625,0.375,2.0,2.125,0.875,5.999999999999999,3913167,5.224425126757943,63.987157205404216,4.0,64.0,-64.0,64.0,1.0
------------------X--X---OXXXX----OOOO-----O-O-----O------------ X;,1,50,6,8,-2,0,8,-64,0,0.875,0.6250000000000001,0.12500000000000003,0.37499999999999994,11.999999999999998,9.875,0.625,1.125,0.375,2.0,0.12500000000000003,0.37499999999999994,11.999999999999998,1730589,4.493170822188284,63.98994099696693,4.0,64.0,-64.0,64.0,1.0
------------------X--X----XXXX---OOOOO-----O-O-----O------------ X;,1,50,6,8,-2,0,8,-64,0,0.875,0.12500000000000003,0.12500000000000003,0.875,11.999999999999998,9.875,0.125,1.125,0.875,2.0,0.12500000000000003,0.875,11.999999999999998,1514318,4.644787950747465,63.990996607053475,4.0,64.0,-64.0,64.0,1.0
-----------------OX--X----OXXX----XOOO-----O-O-----O------------ X;,1,50,6,8,-2,0,8,-64,0,0.6250000000000001,3.375,0.37499999999999994,1.6249999999999998,8.000000000000002,9.625,0.375,1.375,0.625,2.0,0.37499999999999994,1.6249999999999998,8.000000000000002,1997181,5.510531093576396,63.98351676688292,4.0,64.0,-64.0,64.0,1.0
------------------X--XO---XXXO----XOOO-----O-O-----O------------ X;,1,50,6,8,-2,0,8,-64,0,0.6250000000000001,0.37499999999999994,0.37499999999999994,0.6250000000000001,11.999999999999998,9.625,0.375,1.375,0.625,2.0,0.37499999999999994,0.6250000000000001,11.999999999999998,2960171,4.884841450037853,63.986391326717275,4.0,64.0,-64.0,64.0,1.0
-------------O----X--O----XXXO----XOOO-----O-O-----O------------ X;,1,50,5,9,-4,0,8,-64,0,0.6250000000000001,0.37499999999999994,0.37499999999999994,0.6250000000000001,11.999999999999998,9.625,0.375,1.375,0.625,2.0,0.37499999999999994,0.6250000000000001,11.999999999999998,1266221,4.32804857919747,63.99457914534666,4.0,64.0,-64.0,64.0,1.0
--------------O---X--O----XXOX----XOOO-----O-O-----O------------ X;,1,50,5,9,-4,0,20,-64,0,1.7500000000000002,1.2500000000000002,1.2500000000000002,1.7500000000000002,8.000000000000002,9.75,0.25,1.25,0.75,2.0,1.2500000000000002,1.7500000000000002,8.000000000000002,2404188,5.612104377860633,63.99043086480758,4.0,64.0,-64.0,64.0,1.0
---------O--------O--X----XOXX----XOOO-----O-O-----O------------ X;,1,50,5,9,-4,0,24,-64,0,1.7500000000000002,1.2500000000000002,1.2500000000000002,3.7500000000000004,5.999999999999999,9.75,0.25,1.25,0.75,2.0,1.2500000000000002,3.7500000000000004,5.999999999999999,1222552,5.991244544199347,63.96777069605219,4.0,64.0,-64.0,64.0,1.0
------------------O-XX----OXX----OOOX-----X-OOO----------------- X;,1,50,6,8,-2,0,6,-64,0,1.7500000000000002,0.7499999999999999,0.7499999999999999,5.749999999999999,5.000000000000001,10.25,0.25,0.25,0.25,3.0,0.7499999999999999,5.749999999999999,5.000000000000001,1757753,4.827228854110902,63.98498537621611,4.0,64.0,-64.0,64.0,1.0
------------------O-XX-----XX----OOOOO----X-OOO----------------- X;,1,50,5,9,-4,0,6,-64,0,0.7499999999999999,0.7499999999999999,0.7499999999999999,4.750000000000001,7.000000000000001,10.25,0.25,0.25,0.25,3.0,0.7499999999999999,4.750000000000001,7.000000000000001,523157,5.489357879183496,63.95772588343461,4.0,64.0,-64.0,64.0,1.0
------------------XX-O-----XX------XXOO--OOO-O------O----------- X;,1,50,6,8,-2,0,8,-64,0,5.749999999999999,1.2500000000000002,0.25,1.7500000000000002,5.000000000000001,9.75,0.25,0.25,0.75,3.0,0.25,1.7500000000000002,5.000000000000001,177768,4.941834300886549,63.9725934926421,4.0,64.0,-64.0,64.0,1.0
------------------XX-O-----XX------XXOO--OOO-O-------O---------- X;,1,50,6,8,-2,1,10,-64,0,5.749999999999999,1.7500000000000002,0.25,1.2500000000000002,5.000000000000001,9.75,0.75,0.25,0.25,3.0,0.25,1.2500000000000002,5.000000000000001,240371,4.81698707414788,63.9868952577474,4.0,64.0,-64.0,64.0,1.0
-----------------OOO-X-----XXOO----XO-----XO-O----O------------- X;,1,50,5,9,-4,0,12,-64,0,2.75,0.7499999999999999,0.25,5.25,5.000000000000001,9.75,0.75,0.25,0.25,3.0,0.25,5.25,5.000000000000001,1254405,4.829526349145611,63.984982521593906,4.0,64.0,-64.0,64.0,1.0
------------O-----O-OX-----XX----OOOOO----X--O-------O---------- X;,1,50,4,10,-6,0,18,-64,0,1.7500000000000002,0.25,0.25,4.750000000000001,7.000000000000001,9.75,0.25,0.25,0.75,3.0,0.25,4.750000000000001,7.000000000000001,178661,6.773531996350631,63.88519038850113,4.0,64.0,-64.0,64.0,1.0
-------------O---OX--O---XXXXO-----OO-----O-O-------O----------- X;,1,50,5,9,-4,0,12,-64,0,0.875,2.125,0.6250000000000001,2.3749999999999996,8.000000000000002,8.375,0.625,0.125,0.875,4.0,0.6250000000000001,2.3749999999999996,8.000000000000002,500150,8.213491952414275,63.92175147455763,4.0,64.0,-64.0,64.0,1.0
-----------------OOO-X---XXOXO-----OO-----O-O-------O----------- X;,1,50,4,10,-6,0,12,-64,0,1.875,2.625,1.1249999999999998,1.375,7.000000000000001,8.875,0.625,0.125,1.375,3.0,1.1249999999999998,1.375,7.000000000000001,507324,10.593845353265369,63.87863771475428,4.0,64.0,-64.0,64.0,1.0
-----------------OX--X---OXXXO---O-OO-----O-O-------O----------- X;,1,50,5,9,-4,0,12,-64,0,1.6249999999999998,1.375,0.37499999999999994,0.6250000000000001,10.000000000000002,8.625,0.375,0.375,0.625,4.0,0.37499999999999994,0.6250000000000001,10.000000000000002,106296,13.468126740422969,63.76659516820953,4.0,64.0,-64.0,64.0,1.0
-----------------OX-OX---XXXOO-----OO-----O-O-------O----------- X;,1,50,5,9,-4,0,14,-64,0,1.875,1.1249999999999998,1.1249999999999998,1.875,8.000000000000002,8.875,0.125,0.125,0.875,4.0,1.1249999999999998,1.875,8.000000000000002,742773,9.561788056377925,63.90399220219367,4.0,64.0,-64.0,64.0,1.0
------------------X--XO---OOOOOO---OO------O-O-----O------------ X;,1,50,2,12,-10,0,18,-64,0,6.125,0.37499999999999994,0.37499999999999994,1.1249999999999998,5.999999999999999,8.125,0.375,0.375,1.125,4.0,0.37499999999999994,1.1249999999999998,5.999999999999999,139012,5.391016602883204,63.92160389031163,4.0,64.0,-64.0,64.0,1.0
----------OX------XX-O-----XO------OOOO---OO-----O-------------- X;,1,50,4,10,-6,0,30,-64,0,1.7500000000000002,1.7500000000000002,0.7499999999999999,3.7500000000000004,5.999999999999999,8.25,0.25,0.25,1.25,4.0,0.7499999999999999,3.7500000000000004,5.999999999999999,300305,7.8775711360117215,63.89377466242653,4.0,64.0,-64.0,64.0,1.0
---------O-------OO--X---XXOXO-----OO-----O-O-------O----------- X;,1,50,4,10,-6,0,32,-64,0,1.7500000000000002,1.7500000000000002,0.7499999999999999,1.7500000000000002,8.000000000000002,8.25,0.25,0.25,1.25,4.0,0.7499999999999999,1.7500000000000002,8.000000000000002,66834,25.710357003920162,63.32809647784062,12.0,64.0,-64.0,64.0,1.0
------------------XX-X---OOXOO----OOO-----O-O-------O----------- X;,1,50,4,10,-6,0,12,-64,0,2.875,0.12500000000000003,1.1249999999999998,1.875,8.000000000000002,9.875,1.125,0.125,0.875,2.0,1.1249999999999998,1.875,8.000000000000002,1054606,6.520797340428558,63.961758230087824,4.0,64.0,-64.0,64.0,1.0
-----------O------OX-X---OOXOO-----XO-----O-O-------O----------- X;,1,50,4,10,-6,0,12,-64,0,1.875,0.12500000000000003,0.6250000000000001,1.375,10.000000000000002,9.375,0.625,0.125,1.875,2.0,0.6250000000000001,1.375,10.000000000000002,616282,9.408725226438547,63.92250950052087,4.0,64.0,-64.0,64.0,1.0
-----------O------XO-O----XXX------OOOO--OOO-------------------- X;,1,50,4,10,-6,0,18,-64,0,1.375,0.12500000000000003,0.6250000000000001,2.875,9.0,8.875,0.625,0.125,1.375,3.0,0.6250000000000001,2.875,9.0,133281,11.966251753813372,63.61017699447033,4.0,64.0,-64.0,64.0,1.0
----------O-------OO-X---OOXOO-----XO-----O-O-------O----------- X;,1,50,3,11,-8,0,20,-64,0,2.875,0.6250000000000001,0.12500000000000003,1.375,9.0,8.875,0.625,0.125,1.375,3.0,0.12500000000000003,1.375,9.0,158493,6.740676244376723,63.90951019918861,4.0,64.0,-64.0,64.0,1.0
------------O-----XO-X---OOXOO-----XO-----O-O-------O----------- X;,1,50,4,10,-6,0,22,-64,0,3.375,0.6250000000000001,0.12500000000000003,0.875,9.0,9.375,0.625,0.125,0.875,3.0,0.12500000000000003,0.875,9.0,315667,6.675528325735664,63.92085330427317,4.0,64.0,-64.0,64.0,1.0
-----------O------XO-O----XXX------OOOO---OO-----O-------------- X;,1,50,4,10,-6,0,32,-64,0,1.4999999999999998,0.0,0.5000000000000001,2.9999999999999996,9.0,9.0,0.5,0.0,1.5,3.0,0.5000000000000001,2.9999999999999996,9.0,154727,10.733356169252943,63.71397364390184,4.0,64.0,-64.0,64.0,1.0
---------O--------OX-X---OOOOO-----XO-----O-O-------O----------- X;,1,50,3,11,-8,0,34,-64,0,2.5000000000000004,0.0,0.5000000000000001,2.0000000000000004,9.0,9.0,0.5,0.0,1.5,3.0,0.5000000000000001,2.0000000000000004,9.0,52322,23.87336111004931,63.05099193455908,10.0,64.0,-64.0,64.0,1.0
---------O--------OX-O----XXX------XOOO--OOO-------------------- X;,1,50,5,9,-4,0,26,-64,0,3.7500000000000004,0.7499999999999999,0.25,2.25,7.000000000000001,8.75,0.75,0.25,1.25,3.0,0.25,2.25,7.000000000000001,121659,10.361863898273041,63.76003419393551,4.0,64.0,-64.0,64.0,1.0
---------O--------OOOX----XXOO-----XO-----O-O-------O----------- X;,1,50,4,10,-6,0,26,-64,0,1.7500000000000002,1.2500000000000002,1.2500000000000002,0.7499999999999999,9.0,9.75,0.25,0.25,0.75,3.0,1.2500000000000002,0.7499999999999999,9.0,768772,10.752636672511485,63.93067905698959,4.0,64.0,-64.0,64.0,1.0
--------------O---X-XO----OXXO-----OOO-----O-O-----O------------ X;,1,50,4,10,-6,0,32,-64,0,1.7500000000000002,0.25,1.2500000000000002,0.7499999999999999,10.000000000000002,9.75,1.25,0.25,0.75,2.0,1.2500000000000002,0.7499999999999999,10.000000000000002,460889,10.279078042652353,63.9091798676037,4.0,64.0,-64.0,64.0,1.0
--------------O---X-XOO---OXXO-----OO------O-O-----O------------ X;,1,50,4,10,-6,0,34,-64,0,1.2500000000000002,0.25,0.7499999999999999,0.7499999999999999,11.0,8.75,0.75,0.25,1.25,3.0,0.7499999999999999,0.7499999999999999,11.0,533602,9.421861237401659,63.904381917609,4.0,64.0,-64.0,64.0,1.0
---------O--------OX-O----XXO------OOOO---OO-----O-------------- X;,1,50,3,11,-8,0,48,-64,0,4.375,0.6250000000000001,0.12500000000000003,1.875,7.000000000000001,9.375,0.625,0.125,0.875,3.0,0.12500000000000003,1.875,7.000000000000001,6149,28.319076272564644,60.362660595218735,16.0,64.0,-64.0,64.0,1.0
------------------XXOO-----XOO-----OOOO---OO-----O-------------- X;,1,50,3,11,-8,0,28,-64,0,2.75,1.2500000000000002,0.25,4.750000000000001,5.000000000000001,9.75,0.25,0.25,0.75,3.0,0.25,4.750000000000001,5.000000000000001,1206423,6.2402275155563185,63.950869636934975,4.0,64.0,-64.0,64.0,1.0
------------------XX-OO----XXO-----OOOO---OO-----O-------------- X;,1,50,4,10,-6,0,30,-64,0,1.2500000000000002,0.7499999999999999,0.7499999999999999,3.2499999999999996,8.000000000000002,8.75,0.25,0.25,0.75,4.0,0.7499999999999999,3.2499999999999996,8.000000000000002,173814,6.181792030561405,63.94324968069316,4.0,64.0,-64.0,64.0,1.0
-------------O----O-OX----XOX----OOOO-------OO--------O--------- X;,1,50,3,11,-8,0,34,-64,0,2.25,0.7499999999999999,0.7499999999999999,4.25,5.999999999999999,8.75,0.25,0.25,0.75,4.0,0.7499999999999999,4.25,5.999999999999999,284125,8.54441531016278,63.857851297844256,4.0,64.0,-64.0,64.0,1.0
------------O-----O-OX----XXO----OOOO-------OO--------O--------- X;,1,50,3,11,-8,0,34,-64,0,2.5000000000000004,0.5000000000000001,0.5000000000000001,4.499999999999999,5.999999999999999,9.0,0.0,0.0,1.0,4.0,0.5000000000000001,4.499999999999999,5.999999999999999,84553,9.389116885267228,63.75468640970752,4.0,64.0,-64.0,64.0,1.0
--------------O---O-XO----XXO----OOOO-------OO--------O--------- X;,1,50,3,11,-8,0,42,-64,0,4.375,2.125,0.12500000000000003,1.375,5.999999999999999,9.375,0.125,0.125,0.375,4.0,0.12500000000000003,1.375,5.999999999999999,292405,10.048467023477711,63.80901831364033,4.0,64.0,-64.0,64.0,1.0
-------------------O-----OXXXX---OOXX-----OO-O-----O------------ X;,1,50,6,8,-2,0,6,-64,0,6.25,0.25,1.2500000000000002,0.25,5.999999999999999,9.25,0.25,0.25,0.25,4.0,1.2500000000000002,0.25,5.999999999999999,476649,7.6688254879376645,63.910991106663396,4.0,64.0,-64.0,64.0,1.0
------------------O-X------OX----OOXOO----OOOO-----O------------ X;,1,50,3,11,-8,0,14,-64,0,3.875,0.12500000000000003,0.12500000000000003,4.875000000000001,5.000000000000001,9.875,0.125,0.125,0.875,3.0,0.12500000000000003,4.875000000000001,5.000000000000001,193639,7.660688187813405,63.82125501577678,4.0,64.0,-64.0,64.0,1.0
-------------------O------XXOX---OOOOO----OO-O-----O------------ X;,1,50,3,11,-8,0,14,-64,0,2.9999999999999996,0.0,0.5000000000000001,1.4999999999999998,9.0,10.0,0.0,0.5,0.5,3.0,0.5000000000000001,1.4999999999999998,9.0,526690,6.056872163891473,63.919964305378876,4.0,64.0,-64.0,64.0,1.0
-------------------O-O----XXOX---OXOX-----OO-O-----O------------ X;,1,50,5,9,-4,0,18,-64,0,2.875,0.12500000000000003,3.1250000000000004,4.875000000000001,2.9999999999999996,9.875,0.125,0.125,0.875,3.0,3.1250000000000004,4.875000000000001,2.9999999999999996,213637,6.506794235081002,63.90774070034685,4.0,64.0,-64.0,64.0,1.0
------------O------XXO----OXXOO----XO------O-O----O------------- X;,1,50,5,9,-4,0,20,-64,0,2.75,0.25,1.2500000000000002,1.7500000000000002,8.000000000000002,8.75,0.25,0.25,0.75,4.0,1.2500000000000002,1.7500000000000002,8.000000000000002,111240,6.738511326860841,63.86062567421791,4.0,64.0,-64.0,64.0,1.0
-------------------OO-----XXOX-----XXO----O-OOO-----O----------- X;,1,50,5,9,-4,0,10,-64,0,2.75,0.25,2.25,1.7500000000000002,7.000000000000001,9.75,0.25,0.25,0.75,3.0,2.25,1.7500000000000002,7.000000000000001,1090617,5.9302578265330546,63.95584701137063,4.0,64.0,-64.0,64.0,1.0
-------------------X-O-----XX-----OXXOO----OOO------OO---------- X;,1,50,5,9,-4,0,10,-64,0,6.75,0.25,0.25,0.7499999999999999,5.999999999999999,8.75,0.25,0.25,0.75,4.0,0.25,0.7499999999999999,5.999999999999999,461602,5.767145722938809,63.96253915710937,4.0,64.0,-64.0,64.0,1.0
-------------------O------XXOX----OOOO---OOO-O-----O------------ X;,1,50,3,11,-8,0,14,-64,0,2.75,0.25,0.7499999999999999,1.2500000000000002,9.0,9.75,0.25,0.75,0.25,3.0,0.7499999999999999,1.2500000000000002,9.0,789972,5.890639161894345,63.950886866876296,4.0,64.0,-64.0,64.0,1.0
------------------O-X------OX----OOXOO----OOOO----O------------- X;,1,50,3,11,-8,0,16,-64,0,3.6250000000000004,0.37499999999999994,0.37499999999999994,4.625,5.000000000000001,9.625,0.375,0.375,0.625,3.0,0.37499999999999994,4.625,5.000000000000001,165561,7.204897288612656,63.79040957713471,4.0,64.0,-64.0,64.0,1.0
------------------O-O-----XOXX-----XOO----O-OOO-----O----------- X;,1,50,4,10,-6,0,16,-64,0,2.625,0.37499999999999994,1.375,4.625,5.000000000000001,9.625,0.375,0.375,0.625,3.0,1.375,4.625,5.000000000000001,358845,6.123880784182586,63.93731555406931,4.0,64.0,-64.0,64.0,1.0
-------------O-----XOO----OXXOO----XO------O-O----O------------- X;,1,50,4,10,-6,0,18,-64,0,3.7500000000000004,1.7500000000000002,0.7499999999999999,2.75,5.000000000000001,8.75,0.75,0.75,0.75,3.0,0.7499999999999999,2.75,5.000000000000001,347221,5.675612938157542,63.93559721330219,4.0,64.0,-64.0,64.0,1.0
------------O-----O-OX----OXXXX---XOO-O-----O------------------- X;,1,50,6,8,-2,0,12,-64,0,0.25,2.25,1.2500000000000002,2.25,8.000000000000002,9.25,0.25,0.25,0.25,4.0,1.2500000000000002,2.25,8.000000000000002,288001,6.445845674146965,63.9276669178232,4.0,64.0,-64.0,64.0,1.0
------------------O-X------XX----OOXOO----OO------OOO----------- X;,1,50,4,10,-6,2,16,-64,0,3.7500000000000004,0.25,0.7499999999999999,1.2500000000000002,8.000000000000002,8.25,0.75,0.25,0.75,4.0,0.7499999999999999,1.2500000000000002,8.000000000000002,187048,7.168929900346435,63.89000684316325,4.0,64.0,-64.0,64.0,1.0
------------O-----O-OO-----XXXO---XXO-OO----O------------------- X;,1,50,5,9,-4,0,20,-64,0,3.2499999999999996,0.7499999999999999,2.25,1.7500000000000002,5.999999999999999,8.25,0.75,0.25,0.75,4.0,2.25,1.7500000000000002,5.999999999999999,92123,6.389457573027365,63.84284055013406,4.0,64.0,-64.0,64.0,1.0
-----------O------XO-O---XXXX----O-OOOO----O-------------------- X;,1,50,5,9,-4,1,22,-64,0,1.0,0.5000000000000001,0.5000000000000001,1.0,11.0,9.0,0.5,0.5,1.0,3.0,0.5000000000000001,1.0,11.0,175856,7.551553543808571,63.90826585388045,4.0,64.0,-64.0,64.0,1.0
-----------OX-------XX----OOXOO----XO------O-O----O------------- X;,1,50,5,9,-4,1,24,-64,0,0.7499999999999999,1.2500000000000002,0.7499999999999999,5.25,5.999999999999999,8.25,0.75,0.25,0.75,4.0,0.7499999999999999,5.25,5.999999999999999,35253,10.33659546705245,63.676850197146344,4.0,64.0,-64.0,64.0,1.0
-----------O------XXOO----XXXO-----OOOO----O-------------------- X;,1,50,5,9,-4,0,16,-64,0,1.0,0.5000000000000001,0.0,3.5,9.0,10.0,0.5,0.0,0.5,3.0,0.0,3.5,9.0,126758,19.540242036005615,63.18908471260197,8.0,64.0,-64.0,64.0,1.0
-----------OO-----XXOO----XXO------OOOO----O-------------------- X;,1,50,4,10,-6,0,18,-64,0,2.25,1.2500000000000002,0.25,3.2499999999999996,7.000000000000001,9.25,1.25,0.25,0.25,3.0,0.25,3.2499999999999996,7.000000000000001,184988,18.638290051246567,63.4447531731788,6.0,64.0,-64.0,64.0,1.0
----------OO------XOXO----XXO------OOOO----O-------------------- X;,1,50,4,10,-6,1,22,-64,0,1.7500000000000002,0.25,0.25,2.75,9.0,8.75,1.25,0.25,0.75,3.0,0.25,2.75,9.0,67895,17.788231828558803,63.02349215700714,4.0,64.0,-64.0,64.0,1.0
-----------O------OXXO---OXXX------OOOO----O-------------------- X;,1,50,5,9,-4,0,22,-64,0,2.25,0.25,0.25,1.2500000000000002,10.000000000000002,9.25,1.25,0.25,1.25,2.0,0.25,1.2500000000000002,10.000000000000002,70284,17.563314552387457,63.541232712993,4.0,64.0,-64.0,64.0,1.0
-----------O-----OOOOO----OXX------OOOO----O-------------------- X;,1,50,2,12,-10,0,24,-64,0,4.750000000000001,1.2500000000000002,0.25,0.7499999999999999,7.000000000000001,8.75,1.25,0.25,0.75,3.0,0.25,0.7499999999999999,7.000000000000001,62422,9.998686360578,63.640575438146804,4.0,64.0,-64.0,64.0,1.0
---------O-O------OXXO----XOX------OOOO----O-------------------- X;,1,50,4,10,-6,0,38,-64,0,2.875,0.12500000000000003,0.12500000000000003,1.875,9.0,8.875,1.125,0.125,0.875,3.0,0.12500000000000003,1.875,9.0,23892,33.81709358781182,61.944416541101624,26.0,64.0,-64.0,64.0,1.0
-----------O------XO-OO---XXXO-----OOO-----O--O----------------- X;,1,50,4,10,-6,0,20,-64,0,1.7500000000000002,0.25,0.7499999999999999,1.2500000000000002,10.000000000000002,8.75,0.25,0.75,0.25,4.0,0.7499999999999999,1.2500000000000002,10.000000000000002,46630,16.79146472228179,62.972850096504395,4.0,64.0,-64.0,64.0,1.0
------------O-----O-OO----XXXXO---OXO----O--O------------------- X;,1,50,5,9,-4,0,20,-64,0,2.75,0.25,1.2500000000000002,1.7500000000000002,8.000000000000002,8.75,0.25,0.25,0.75,4.0,1.2500000000000002,1.7500000000000002,8.000000000000002,105469,6.963714456380548,63.835041576197746,4.0,64.0,-64.0,64.0,1.0
------------O-----O-OX----XXXO----OXO-O--O--O------------------- X;,1,50,5,9,-4,1,24,-64,0,2.75,1.7500000000000002,0.25,3.2499999999999996,5.999999999999999,8.75,0.75,0.25,0.25,4.0,0.25,3.2499999999999996,5.999999999999999,35093,10.365201037243894,63.65998917162967,4.0,64.0,-64.0,64.0,1.0
-------------O----OXO------XX----OOXOO----OO------O------------- X;,1,50,4,10,-6,0,24,-64,0,3.7500000000000004,1.7500000000000002,0.7499999999999999,2.75,5.000000000000001,8.75,0.75,0.75,0.75,3.0,0.7499999999999999,2.75,5.000000000000001,50771,9.247720155206713,63.6534635914203,4.0,64.0,-64.0,64.0,1.0
------------------XXXO-----XOO----XOXO-----OOO------------------ X;,1,50,6,8,-2,254,-4,0,64,0.37499999999999994,0.12500000000000003,0.12500000000000003,4.375,9.0,12.375,0.125,0.125,0.375,1.0,0.12500000000000003,4.375,9.0,2076678,-63.85416612493608,-4.866748720793498,-64.0,-4.0,-64.0,64.0,1.0
-------------------XO-----XOX----XOXOX---OOOO------------------- X;,1,50,6,8,-2,34,-6,0,64,0.6250000000000001,0.37499999999999994,1.375,7.625000000000001,4.0,10.625,0.375,0.375,0.625,2.0,1.375,7.625000000000001,4.0,1524145,-63.718656689488206,-6.001149496931066,-64.0,-4.0,-64.0,64.0,1.0
-----------X-------XXO-----XOO----XOXO-----OOO------------------ X;,1,50,6,8,-2,10,-6,0,64,1.2500000000000002,0.25,0.25,4.25,8.000000000000002,11.25,0.25,0.25,0.25,2.0,0.25,4.25,8.000000000000002,1886026,-63.642151274690804,-6.0410026160827055,-64.0,-4.0,-64.0,64.0,1.0
-------------------OX-----OXXX----XOXO----XOOO------------------ X;,1,50,7,7,0,80,-8,0,64,1.4999999999999998,0.5000000000000001,0.5000000000000001,6.499999999999999,5.000000000000001,13.0,0.0,0.0,0.0,1.0,0.5000000000000001,6.499999999999999,5.000000000000001,3848742,-63.83593860019715,-4.712032658983117,-64.0,-4.0,-64.0,64.0,1.0
----------X-------OXX------OXX----XOOO-----OOO------------------ X;,1,50,6,8,-2,1,-8,0,64,2.25,1.2500000000000002,0.25,3.2499999999999996,7.000000000000001,11.25,0.25,0.25,1.25,1.0,0.25,3.2499999999999996,7.000000000000001,2922494,-63.87741976544691,-4.5661500074936,-64.0,-4.0,-64.0,64.0,1.0
-------------X----OOX-----OOOX----XOX------OO------O------------ X;,1,50,5,9,-4,0,-8,0,64,1.6249999999999998,0.37499999999999994,1.375,4.625,5.999999999999999,10.625,0.375,0.375,0.625,2.0,1.375,4.625,5.999999999999999,1737340,-63.91415727491452,-4.470578010061359,-64.0,-4.0,-64.0,64.0,1.0
------------------OOX-----OXXX---XXOXO-----XO------------------- X;,1,50,8,6,2,0,-8,0,64,1.375,0.12500000000000003,0.12500000000000003,9.375,2.9999999999999996,12.375,0.125,0.125,0.375,1.0,0.12500000000000003,9.375,2.9999999999999996,3167777,-63.82534755445222,-4.833865515154634,-64.0,-4.0,-64.0,64.0,1.0
-------------------XO-----XXX----OOOOX---XOOO------------------- X;,1,50,6,8,-2,1,-10,0,64,0.6250000000000001,0.37499999999999994,1.375,3.6250000000000004,8.000000000000002,10.625,0.375,0.375,0.625,2.0,1.375,3.6250000000000004,8.000000000000002,3008629,-63.54986939233784,-6.581015472495944,-64.0,-4.0,-64.0,64.0,1.0
----------X-------XOO-----XXOX----XOX-----OOO------------------- X;,1,50,7,7,0,0,-10,0,64,0.25,0.25,6.25,5.25,2.0000000000000004,11.25,0.25,0.25,0.25,2.0,6.25,5.25,2.0000000000000004,3085287,-63.838724890099364,-4.811754627689417,-64.0,-4.0,-64.0,64.0,1.0
-----------------OOOX----XOXXX----XOXO-----X-------------------- X;,1,50,8,6,2,0,-14,0,64,1.6249999999999998,0.37499999999999994,0.37499999999999994,7.625000000000001,4.0,10.625,0.375,0.375,0.625,2.0,0.37499999999999994,7.625000000000001,4.0,784120,-63.37806713258175,-6.560029077182064,-64.0,-4.0,-64.0,64.0,1.0
---------XO-------OOX-----OXXX----OOXO-----X-------------------- X;,1,50,7,7,0,0,-24,0,64,1.7500000000000002,0.25,1.2500000000000002,4.750000000000001,5.999999999999999,10.75,0.25,0.25,0.75,2.0,1.2500000000000002,4.750000000000001,5.999999999999999,2404286,-63.26454756214527,-7.423104406048199,-64.0,-4.0,-64.0,64.0,1.0
-----------X------XXX-----XXOO----XOO-----OOO------------------- X;,1,50,7,7,0,1,-8,0,64,1.2500000000000002,0.25,0.25,2.25,10.000000000000002,11.25,0.25,0.25,0.25,2.0,0.25,2.25,10.000000000000002,2141606,-63.83421040097945,-4.66804071337118,-64.0,-4.0,-64.0,64.0,1.0
-------------------XO-----XXXX----XOOO----XOOO------------------ X;,1,50,7,7,0,1,-10,0,64,0.0,2.0000000000000004,2.0000000000000004,1.0,9.0,13.0,0.0,0.0,0.0,1.0,2.0000000000000004,1.0,9.0,2629094,-63.60424769901723,-5.863561363724537,-64.0,-4.0,-64.0,64.0,1.0
------------X-----XXX-----XOOO----XOO------OO------O------------ X;,1,50,6,8,-2,0,-10,0,64,4.375,0.12500000000000003,0.12500000000000003,0.37499999999999994,9.0,10.875,0.625,0.625,0.875,1.0,0.12500000000000003,0.37499999999999994,9.0,1373715,-63.830692683708044,-4.675272527416531,-64.0,-4.0,-64.0,64.0,1.0
-------------------XOX----XOOX---X-OOX-----OO-------O----------- X;,1,50,6,8,-2,0,-12,0,64,4.375,0.12500000000000003,3.6250000000000004,1.875,4.0,10.875,0.625,0.125,0.375,2.0,3.6250000000000004,1.875,4.0,743278,-63.85341689112283,-4.619665858534761,-64.0,-4.0,-64.0,64.0,1.0
-------------------XXX----XXOO----XOOO---X--OO------------------ X;,1,50,7,7,0,0,-14,0,64,1.2500000000000002,0.25,0.25,2.25,10.000000000000002,11.25,0.25,0.25,0.25,2.0,0.25,2.25,10.000000000000002,838043,-63.49206186317409,-5.906300750677471,-64.0,-4.0,-64.0,64.0,1.0
-------------------XXX----XOOO---XXOOX-----OO------------------- X;,1,50,7,7,0,1,-14,0,64,4.875000000000001,0.6250000000000001,0.6250000000000001,0.875,7.000000000000001,12.375,0.125,0.125,0.375,1.0,0.6250000000000001,0.875,7.000000000000001,455514,-63.59712324977937,-5.211299762466137,-64.0,-4.0,-64.0,64.0,1.0
-------------------XXX----XOXO----XOOX----XOO------------------- X;,1,50,8,6,2,0,-18,0,64,2.5000000000000004,0.5000000000000001,0.5000000000000001,2.5000000000000004,8.000000000000002,13.0,0.0,0.0,1.0,0.0,0.5000000000000001,2.5000000000000004,8.000000000000002,543576,-63.54665033040458,-5.295101328976997,-64.0,-4.0,-64.0,64.0,1.0
------------------XOX-X---XOOX----XOX------OO------O------------ X;,1,50,7,7,0,0,-18,0,64,1.6249999999999998,0.37499999999999994,3.375,2.625,5.999999999999999,10.625,0.375,0.375,0.625,2.0,3.375,2.625,5.999999999999999,340160,-63.88884642521167,-4.472407102539981,-64.0,-4.0,-64.0,64.0,1.0
------------------XOX-----XXOXX---XOOO-----XO------------------- X;,1,50,8,6,2,0,-18,0,64,1.875,0.6250000000000001,0.6250000000000001,5.875000000000001,5.000000000000001,12.375,0.125,0.125,0.375,1.0,0.6250000000000001,5.875000000000001,5.000000000000001,531041,-63.67501191056811,-5.361642509712056,-64.0,-4.0,-64.0,64.0,1.0
-----------X-------XX-----OOXX----XOOO-----OOO------------------ X;,1,50,6,8,-2,0,-8,0,64,1.375,2.125,0.12500000000000003,3.375,7.000000000000001,12.375,0.125,0.125,0.375,1.0,0.12500000000000003,3.375,7.000000000000001,3292618,-63.882562750978096,-4.48209054314834,-64.0,-4.0,-64.0,64.0,1.0
------------XO-----XO-----XOOO----XOOX----X-O------------------- X;,1,50,6,8,-2,0,-8,0,64,4.625,0.37499999999999994,1.375,1.6249999999999998,5.999999999999999,10.625,0.375,0.375,0.625,2.0,1.375,1.6249999999999998,5.999999999999999,905200,-63.7015046398586,-5.727304463102077,-64.0,-4.0,-64.0,64.0,1.0
-----------X------XXX-----XOOOO---XOOO-----O-------------------- X;,1,50,6,8,-2,1,-10,0,64,4.375,0.12500000000000003,0.6250000000000001,0.875,8.000000000000002,10.875,0.625,0.125,0.375,2.0,0.6250000000000001,0.875,8.000000000000002,1491651,-63.87779715228294,-4.482899820400348,-64.0,-4.0,-64.0,64.0,1.0
-------------------XO-----XOOXX--X-OOX-----OO-------O----------- X;,1,50,6,8,-2,1,-10,0,64,4.25,0.25,4.25,2.25,2.9999999999999996,11.25,1.25,0.25,0.25,1.0,4.25,2.25,2.9999999999999996,822020,-63.88827035838544,-4.556266270893652,-64.0,-4.0,-64.0,64.0,1.0
------------X------XX----XXOOO----XOO------OO------O------------ X;,1,50,6,8,-2,0,-12,0,64,4.25,0.25,0.25,0.25,9.0,11.25,1.25,0.25,0.25,1.0,0.25,0.25,9.0,917150,-63.8902774900507,-4.507635610314561,-64.0,-4.0,-64.0,64.0,1.0
-----------X-------XXO---XXXOO----XOOO-----O-------------------- X;,1,50,7,7,0,0,-12,0,64,1.875,0.12500000000000003,0.12500000000000003,1.875,10.000000000000002,10.875,0.125,0.125,0.875,2.0,0.12500000000000003,1.875,10.000000000000002,1587191,-63.71807425823357,-5.341844806327657,-64.0,-4.0,-64.0,64.0,1.0
------------X-----OXX-----XOOO----XOOX---X--O------------------- X;,1,50,7,7,0,0,-12,0,64,5.625,1.375,0.37499999999999994,0.6250000000000001,5.999999999999999,10.625,0.375,0.375,0.625,2.0,0.37499999999999994,0.6250000000000001,5.999999999999999,1499631,-63.80131245619756,-4.895117532246266,-64.0,-4.0,-64.0,64.0,1.0
------------X------XX-----XOOO---XXOOX-----OO------------------- X;,1,50,7,7,0,0,-16,0,64,5.000000000000001,0.5000000000000001,0.5000000000000001,1.0,7.000000000000001,12.5,0.0,0.0,0.5,1.0,0.5000000000000001,1.0,7.000000000000001,318215,-63.453790676115204,-5.703980013512877,-64.0,-4.0,-64.0,64.0,1.0
-------------------OX-X--XXOOX----XOOO-----XO------------------- X;,1,50,7,7,0,0,-20,0,64,4.750000000000001,0.7499999999999999,0.7499999999999999,4.750000000000001,2.9999999999999996,12.25,0.25,0.25,0.25,1.0,0.7499999999999999,4.750000000000001,2.9999999999999996,418123,-63.1909462048249,-6.636597364890235,-64.0,-4.0,-64.0,64.0,1.0
-------------------OX----XXXOXX---XOOO-----XO------------------- X;,1,50,8,6,2,0,-20,0,64,2.0000000000000004,0.5000000000000001,1.0,5.5,5.000000000000001,12.5,0.0,0.5,0.0,1.0,1.0,5.5,5.000000000000001,527295,-63.53576650641482,-5.919365819892091,-64.0,-4.0,-64.0,64.0,1.0
--------------------X-----OXOX---OOOO-X--XOOO------------------- X;,1,50,5,9,-4,0,-12,0,64,1.875,0.6250000000000001,0.12500000000000003,2.3749999999999996,9.0,9.375,0.125,0.625,0.875,3.0,0.12500000000000003,2.3749999999999996,9.0,710871,-63.60526734105063,-5.892092939506605,-64.0,-4.0,-64.0,64.0,1.0
-------------------X------XOXXX--X-OOXO----OO--------O---------- X;,1,50,7,7,0,0,-14,0,64,1.7500000000000002,1.2500000000000002,2.25,2.75,5.999999999999999,9.75,0.25,1.25,0.75,2.0,2.25,2.75,5.999999999999999,941539,-63.65116899034453,-5.729723357184355,-64.0,-4.0,-64.0,64.0,1.0
------------X------X------XXXXX----XOOO----OO-------O----------- X;,1,50,8,6,2,0,-16,0,64,1.0,0.5000000000000001,0.5000000000000001,2.9999999999999996,9.0,10.5,0.0,0.0,0.5,3.0,0.5000000000000001,2.9999999999999996,9.0,821458,-63.22332973809982,-7.4771004725743735,-64.0,-4.0,-64.0,64.0,1.0
-----------X------X-X-----XXOX----XOOO-----OO------O------------ X;,1,50,7,7,0,0,-18,0,64,1.375,0.6250000000000001,1.1249999999999998,2.875,8.000000000000002,10.875,0.125,0.625,0.375,2.0,1.1249999999999998,2.875,8.000000000000002,409834,-63.710370540267526,-4.974740992694604,-64.0,-4.0,-64.0,64.0,1.0
------------X-------X----OOOXX---XOXX-----OOO------------------- X;,1,50,7,7,0,0,-12,0,64,1.875,0.12500000000000003,0.12500000000000003,2.875,9.0,9.875,0.125,0.125,0.875,3.0,0.12500000000000003,2.875,9.0,2385744,-63.329197935738286,-6.926266187822331,-64.0,-4.0,-64.0,64.0,1.0
-----------X-------XOX----XXOO-----XOO-----OOO------------------ X;,1,50,6,8,-2,0,-12,0,64,1.2500000000000002,0.25,0.25,2.25,10.000000000000002,11.25,0.25,0.25,0.25,2.0,0.25,2.25,10.000000000000002,1390810,-63.43869831249416,-6.8781717128867355,-64.0,-4.0,-64.0,64.0,1.0
--------------------X-----OXXXX--OOOO----XOOO------------------- X;,1,50,6,8,-2,0,-16,0,64,0.875,0.12500000000000003,0.12500000000000003,0.875,11.999999999999998,9.375,0.625,0.625,1.375,2.0,0.12500000000000003,0.875,11.999999999999998,494185,-62.40470673937898,-9.791349393445774,-64.0,-4.0,-64.0,64.0,1.0
-------------------X-O---XXXOOX----OOO-----OOO------------------ X;,1,50,5,9,-4,0,-16,0,64,2.9999999999999996,0.0,0.5000000000000001,1.4999999999999998,9.0,10.0,0.0,0.5,0.5,3.0,0.5000000000000001,1.4999999999999998,9.0,590523,-63.34454373496037,-6.471334732093416,-64.0,-4.0,-64.0,64.0,1.0
------------X-------X----XXXXX----OOOO----OOO------------------- X;,1,50,7,7,0,0,-18,0,64,0.875,0.6250000000000001,0.12500000000000003,0.37499999999999994,11.999999999999998,10.875,0.625,0.125,0.375,2.0,0.12500000000000003,0.37499999999999994,11.999999999999998,941999,-63.05764868115571,-7.260672251244428,-64.0,-4.0,-64.0,64.0,1.0
------------X-------X-----OXXX---OOOX----XOOO------------------- X;,1,50,7,7,0,0,-20,0,64,1.875,0.6250000000000001,0.6250000000000001,1.875,9.0,9.375,0.125,0.125,1.375,3.0,0.6250000000000001,1.875,9.0,563815,-62.42378794462723,-9.046956891888296,-64.0,-4.0,-64.0,64.0,1.0
--------------X----OOX-----OOO---XXXOO-----XO------------------- X;,1,50,6,8,-2,0,-32,0,64,2.75,0.25,0.25,2.75,8.000000000000002,10.75,0.25,0.25,0.75,2.0,0.25,2.75,8.000000000000002,639339,-62.28723728726075,-9.031014845019621,-64.0,-4.0,-64.0,64.0,1.0
-------------------O-X----XOXX---XXXOX-----OOO------------------ X;,1,50,8,6,2,0,-14,0,64,0.25,0.25,6.25,5.25,2.0000000000000004,11.25,0.25,0.25,0.25,2.0,6.25,5.25,2.0000000000000004,1044911,-63.68387164074261,-5.039853154957695,-64.0,-4.0,-64.0,64.0,1.0
-------------------XXX----XXX-----XOOO---X-OOO------------------ X;,1,50,8,6,2,0,-18,0,64,0.25,0.25,0.25,1.2500000000000002,11.999999999999998,11.25,0.25,0.25,0.25,2.0,0.25,1.2500000000000002,11.999999999999998,464221,-63.10454287936134,-6.8747945482862685,-64.0,-4.0,-64.0,64.0,1.0
-------------------XXX----XOXX----XOOX----XOO------------------- X;,1,50,9,5,4,0,-18,0,64,4.0,0.0,2.0000000000000004,2.0000000000000004,5.999999999999999,13.0,0.0,0.0,1.0,0.0,2.0000000000000004,2.0000000000000004,5.999999999999999,123928,-63.267251952746754,-6.347346846556065,-64.0,-4.0,-64.0,64.0,1.0
-------------X----X-X-----XXOX----XOOO-----OO------O------------ X;,1,50,7,7,0,0,-18,0,64,1.6249999999999998,0.37499999999999994,1.375,2.625,8.000000000000002,10.625,0.375,0.375,0.625,2.0,1.375,2.625,8.000000000000002,487912,-63.71001738018331,-5.2482373870698,-64.0,-4.0,-64.0,64.0,1.0
------------X------XX-----XOX----XOXOX---O--OO------------------ X;,1,50,8,6,2,0,-16,0,64,1.375,2.125,0.12500000000000003,5.375,5.000000000000001,9.375,0.125,0.125,1.375,3.0,0.12500000000000003,5.375,5.000000000000001,481890,-63.536545684699824,-6.088953910643508,-64.0,-4.0,-64.0,64.0,1.0
------------X-------XO---XXXXX----XOX-----OOO------------------- X;,1,50,9,5,4,0,-18,0,64,2.9999999999999996,0.5000000000000001,2.0000000000000004,2.5000000000000004,5.999999999999999,10.0,0.5,0.0,1.5,2.0,2.0000000000000004,2.5000000000000004,5.999999999999999,1265886,-63.59656556751556,-5.392771544989043,-64.0,-4.0,-64.0,64.0,1.0
-------------------XXX----XOX-O--XXXOO------OO------------------ X;,1,50,8,6,2,0,-20,0,64,0.5000000000000001,0.0,0.0,5.5,8.000000000000002,10.0,0.5,0.5,1.0,2.0,0.0,5.5,8.000000000000002,388251,-63.40096999106248,-6.054377194134722,-64.0,-4.0,-64.0,64.0,1.0
-------------X------XX---XXXOX----XOX-----OOO------------------- X;,1,50,9,5,4,0,-20,0,64,0.7499999999999999,0.25,2.25,4.750000000000001,5.999999999999999,9.75,0.25,0.25,1.75,2.0,2.25,4.750000000000001,5.999999999999999,198717,-63.34220021437522,-5.733369565764378,-64.0,-4.0,-64.0,64.0,1.0
-----------X-------XX----X-XOX---OOOXO----OX-------------------- X;,1,50,8,6,2,0,-22,0,64,0.875,0.12500000000000003,2.125,5.875000000000001,5.000000000000001,9.875,0.125,0.125,0.875,3.0,2.125,5.875000000000001,5.000000000000001,255887,-63.578462368154696,-5.457236983512254,-64.0,-4.0,-64.0,64.0,1.0
-------------X-----XX-----XXX----XXXOOO-----OO------------------ X;,1,50,9,5,4,0,-26,0,64,1.875,0.6250000000000001,0.12500000000000003,2.3749999999999996,9.0,9.375,0.125,0.625,0.875,3.0,0.12500000000000003,2.3749999999999996,9.0,106550,-61.760412951665884,-9.595251055842327,-64.0,-4.0,-64.0,64.0,1.0
--------------------X-X---OXOX--XOXXX---O--XO------------------- X;,1,50,9,5,4,0,-16,0,64,2.0000000000000004,0.5000000000000001,0.5000000000000001,5.999999999999999,5.000000000000001,9.0,0.5,0.5,1.0,3.0,0.5000000000000001,5.999999999999999,5.000000000000001,177469,-63.71690830511244,-5.192850582355228,-64.0,-4.0,-64.0,64.0,1.0
-------------X------X----XXXOX----XOOO-----OO------O------------ X;,1,50,7,7,0,0,-16,0,64,1.2500000000000002,0.25,1.7500000000000002,2.75,8.000000000000002,10.75,0.75,0.25,0.25,2.0,1.7500000000000002,2.75,8.000000000000002,574581,-63.681259909394846,-5.373679254970144,-64.0,-4.0,-64.0,64.0,1.0
--------------------X-X---OXOX---OXOX----X-OO------O------------ X;,1,50,7,7,0,0,-18,0,64,1.0,1.0,1.0,7.000000000000001,4.0,9.5,0.5,0.5,1.5,2.0,1.0,7.000000000000001,4.0,508031,-63.83546673332926,-4.788652660959666,-64.0,-4.0,-64.0,64.0,1.0
--------------------X-X--XXXOX---OXOOO-----XO------------------- X;,1,50,8,6,2,0,-20,0,64,2.25,0.7499999999999999,0.25,4.750000000000001,5.999999999999999,10.75,0.25,0.75,0.25,2.0,0.25,4.750000000000001,5.999999999999999,623720,-63.71858526261784,-5.034932341435259,-64.0,-4.0,-64.0,64.0,1.0
----------X--------XOO----XXOO----XOOX----OO-------------------- X;,1,50,6,8,-2,238,-6,0,64,2.25,0.25,1.2500000000000002,5.25,5.000000000000001,11.25,0.25,0.25,1.25,1.0,1.2500000000000002,5.25,5.000000000000001,2171605,-63.88581809306941,-4.382610097140134,-64.0,-4.0,-64.0,64.0,1.0
------------X------XOO----XXOO----XOOX----OO-------------------- X;,1,50,6,8,-2,55,-6,0,64,2.25,0.25,1.2500000000000002,5.25,5.000000000000001,11.25,0.25,0.25,1.25,1.0,1.2500000000000002,5.25,5.000000000000001,2519424,-63.86487149443683,-4.500932752883199,-64.0,-4.0,-64.0,64.0,1.0
-------------------OOO----XXOXX---XXOO-----O--O----------------- X;,1,50,6,8,-2,40,-8,0,64,0.6250000000000001,1.375,3.375,0.6250000000000001,8.000000000000002,10.625,0.375,0.375,0.625,2.0,3.375,0.6250000000000001,8.000000000000002,3298127,-63.69925475883736,-6.904870552286192,-64.0,-4.0,-64.0,64.0,1.0
-------------------XX----XXXXO----OOO-----OOOO------------------ X;,1,50,6,8,-2,10,-8,0,64,1.2500000000000002,1.2500000000000002,0.25,1.2500000000000002,10.000000000000002,11.25,0.25,0.25,0.25,2.0,0.25,1.2500000000000002,10.000000000000002,2523122,-63.65534365757978,-6.191170304091519,-64.0,-4.0,-64.0,64.0,1.0
-------------------OOX----XXOX----XXOO-----OOO------------------ X;,1,50,6,8,-2,36,-10,0,64,0.5000000000000001,0.5000000000000001,4.499999999999999,1.4999999999999998,7.000000000000001,13.0,0.0,0.0,0.0,1.0,4.499999999999999,1.4999999999999998,7.000000000000001,3064013,-63.78485926789475,-5.0259075271547475,-64.0,-4.0,-64.0,64.0,1.0
-----------X-------X------XXOX----XOOO----OOOO------------------ X;,1,50,6,8,-2,5,-10,0,64,2.25,1.2500000000000002,1.2500000000000002,1.2500000000000002,8.000000000000002,11.25,0.25,0.25,0.25,2.0,1.2500000000000002,1.2500000000000002,8.000000000000002,1342983,-63.59372680071155,-6.097625956545987,-64.0,-4.0,-64.0,64.0,1.0
------------X------X------XXOX----XOOO----OOOO------------------ X;,1,50,6,8,-2,3,-10,0,64,2.25,1.2500000000000002,1.2500000000000002,1.2500000000000002,8.000000000000002,11.25,0.25,0.25,0.25,2.0,1.2500000000000002,1.2500000000000002,8.000000000000002,1239871,-63.48145573208826,-6.4209954100063635,-64.0,-4.0,-64.0,64.0,1.0
------------OX-----OOX----XXOX----XXOX-----O-------------------- X;,1,50,8,6,2,1,-12,0,64,0.6250000000000001,0.37499999999999994,6.374999999999999,0.6250000000000001,5.999999999999999,10.625,0.375,0.375,0.625,2.0,6.374999999999999,0.6250000000000001,5.999999999999999,1058407,-63.53954575130361,-5.8853597907043325,-64.0,-4.0,-64.0,64.0,1.0
--------------X----OOX----XXOO----XXOO-----O--O----------------- X;,1,50,6,8,-2,0,-22,0,64,1.7500000000000002,0.25,1.2500000000000002,0.7499999999999999,10.000000000000002,10.75,0.25,0.25,0.75,2.0,1.2500000000000002,0.7499999999999999,10.000000000000002,2867443,-63.51106543355875,-9.77238257220806,-64.0,-4.0,-64.0,64.0,1.0
-------------------XXO---XXXOXX----OO-----OOO------------------- X;,1,50,7,7,0,18,-6,0,64,2.9999999999999996,0.0,1.0,2.0000000000000004,8.000000000000002,10.0,0.0,1.0,1.0,2.0,1.0,2.0000000000000004,8.000000000000002,3076317,-63.869800153885315,-4.547871366962507,-64.0,-4.0,-64.0,64.0,1.0
-------------------XX----OOOXXX--X-OO------OOO------------------ X;,1,50,6,8,-2,0,-8,0,64,1.375,1.6249999999999998,0.12500000000000003,2.875,8.000000000000002,9.875,0.125,1.625,0.375,2.0,0.12500000000000003,2.875,8.000000000000002,1299199,-63.77227353161448,-5.026421664425542,-64.0,-4.0,-64.0,64.0,1.0
-------------------XX----XXXXO-----OOO----OOOO------------------ X;,1,50,6,8,-2,1,-10,0,64,1.2500000000000002,0.25,0.25,0.25,11.999999999999998,11.25,0.25,0.25,0.25,2.0,0.25,0.25,11.999999999999998,1990289,-63.69906480918098,-5.834283362868407,-64.0,-4.0,-64.0,64.0,1.0
-----------X-------XOO----XXOXX---XOOO-----O-------------------- X;,1,50,7,7,0,0,-12,0,64,1.875,3.6250000000000004,1.1249999999999998,1.375,5.999999999999999,10.875,0.625,0.125,0.375,2.0,1.1249999999999998,1.375,5.999999999999999,1433609,-63.39166676548487,-6.775057913280399,-64.0,-4.0,-64.0,64.0,1.0
-------------------XX-----OOXXX---OOO-----XOOO------------------ X;,1,50,6,8,-2,0,-12,0,64,1.2500000000000002,0.25,0.25,2.25,10.000000000000002,11.25,0.25,0.25,0.25,2.0,0.25,2.25,10.000000000000002,1444359,-63.66094717449055,-5.623072934083562,-64.0,-4.0,-64.0,64.0,1.0
------------X-----O-X-----OOXX---XXOXX-----OO------------------- X;,1,50,8,6,2,1,-14,0,64,0.875,0.12500000000000003,1.1249999999999998,1.875,10.000000000000002,10.875,0.125,0.125,0.875,2.0,1.1249999999999998,1.875,10.000000000000002,873743,-63.3505733379266,-6.570799422713544,-64.0,-4.0,-64.0,64.0,1.0
------------X-----OOX-----OOXX----XOOX---X--O------------------- X;,1,50,7,7,0,0,-14,0,64,1.6249999999999998,0.37499999999999994,1.375,4.625,5.999999999999999,10.625,0.375,0.375,0.625,2.0,1.375,4.625,5.999999999999999,1006115,-63.4834467232871,-6.709904931344826,-64.0,-4.0,-64.0,64.0,1.0
-------------------XXO----XOXO---X-OOX-----OO-------O----------- X;,1,50,6,8,-2,0,-6,0,64,1.375,1.1249999999999998,0.6250000000000001,2.875,8.000000000000002,10.875,0.625,0.125,0.375,2.0,0.6250000000000001,2.875,8.000000000000002,3426017,-63.90298355203725,-4.337171706970514,-64.0,-4.0,-64.0,64.0,1.0
------------X------XX-----XXOO----XOOO----OO-O------------------ X;,1,50,6,8,-2,1,-8,0,64,2.25,0.25,0.25,1.2500000000000002,10.000000000000002,11.25,0.25,0.25,0.25,2.0,0.25,1.2500000000000002,10.000000000000002,2138719,-63.769935180825534,-5.177470252052747,-64.0,-4.0,-64.0,64.0,1.0
-----------O-----XXOX-----OOOX-----OO-X----XO------------------- X;,1,50,6,8,-2,0,-12,0,64,4.375,1.1249999999999998,0.6250000000000001,4.875000000000001,2.9999999999999996,9.375,0.125,0.625,0.875,3.0,0.6250000000000001,4.875000000000001,2.9999999999999996,665049,-63.66372101905273,-5.4899984813149105,-64.0,-4.0,-64.0,64.0,1.0
------------------OXX-----OOOX---XOOO-X----XO------------------- X;,1,50,6,8,-2,0,-14,0,64,4.875000000000001,0.12500000000000003,1.6249999999999998,1.375,5.999999999999999,10.875,0.125,0.625,0.375,2.0,1.6249999999999998,1.375,5.999999999999999,921168,-63.527808173970435,-5.942327566741355,-64.0,-4.0,-64.0,64.0,1.0
-------------------XO------OO-X--XXXOX----OOOO------------------ X;,1,50,6,8,-2,0,-14,0,64,2.5000000000000004,1.0,2.5000000000000004,2.0000000000000004,5.999999999999999,10.0,0.5,1.0,0.5,2.0,2.5000000000000004,2.0000000000000004,5.999999999999999,1148304,-63.854500202037094,-4.687330184341429,-64.0,-4.0,-64.0,64.0,1.0
------------------XXX----X-OO-----XOOO-----OOO-----O------------ X;,1,50,5,9,-4,0,-16,0,64,4.0,0.5000000000000001,0.5000000000000001,1.0,8.000000000000002,10.0,0.5,0.5,1.0,2.0,0.5000000000000001,1.0,8.000000000000002,323325,-63.48951674012217,-6.226935745766643,-64.0,-4.0,-64.0,64.0,1.0
-----------X--------X----XXXXXO---XOOO------OO------------------ X;,1,50,8,6,2,0,-18,0,64,0.875,0.12500000000000003,0.6250000000000001,3.375,9.0,9.875,0.125,0.625,0.375,3.0,0.6250000000000001,3.375,9.0,809982,-63.231222422226665,-6.616986550318402,-64.0,-4.0,-64.0,64.0,1.0
-----------X-------XOX----XXOO----XXOO-----O-O------------------ X;,1,50,7,7,0,1,-8,0,64,0.25,1.2500000000000002,0.25,2.25,10.000000000000002,11.25,0.25,0.25,0.25,2.0,0.25,2.25,10.000000000000002,2009908,-63.66161635258927,-5.723699791234226,-64.0,-4.0,-64.0,64.0,1.0
------------------OXX-----XOXXX--X-OO-----OOO------------------- X;,1,50,7,7,0,0,-10,0,64,2.9999999999999996,0.5000000000000001,1.0,1.4999999999999998,8.000000000000002,10.0,0.5,1.0,0.5,2.0,1.0,1.4999999999999998,8.000000000000002,1166493,-63.22700950627222,-6.65699837032884,-64.0,-4.0,-64.0,64.0,1.0
-----------X-------XO-----XXOXX---XXOO-----O-O------------------ X;,1,50,8,6,2,0,-14,0,64,0.875,3.6250000000000004,1.1249999999999998,0.37499999999999994,8.000000000000002,10.875,0.625,0.125,0.375,2.0,1.1249999999999998,0.37499999999999994,8.000000000000002,1240876,-63.286805450343145,-6.874860985303931,-64.0,-4.0,-64.0,64.0,1.0
------------X------OX-----OOXX----XOXX---XO-O------------------- X;,1,50,8,6,2,0,-18,0,64,0.6250000000000001,0.37499999999999994,1.375,3.6250000000000004,8.000000000000002,10.625,0.375,0.375,0.625,2.0,1.375,3.6250000000000004,8.000000000000002,860902,-63.24848589038009,-6.772947443495311,-64.0,-4.0,-64.0,64.0,1.0
------------X-------X-----OOXX---XXOXX----OOO------------------- X;,1,50,8,6,2,0,-24,0,64,0.875,0.12500000000000003,1.1249999999999998,1.875,10.000000000000002,10.875,0.125,0.125,0.875,2.0,1.1249999999999998,1.875,10.000000000000002,426034,-62.41792439101105,-8.595393794861444,-64.0,-4.0,-64.0,64.0,1.0
--------------X----OOX-----OOO---XXXXO-----XX------------------- X;,1,50,8,6,2,0,-38,0,64,0.7499999999999999,0.25,0.25,0.7499999999999999,11.999999999999998,10.75,0.25,0.25,0.75,2.0,0.25,0.7499999999999999,11.999999999999998,362564,-59.94603987158129,-12.383728114208802,-64.0,-4.0,-64.0,64.0,1.0
------------------OXX-----XOOX---X-OO-X---OOO------------------- X;,1,50,6,8,-2,1,-6,0,64,5.999999999999999,0.0,1.0,0.0,7.000000000000001,10.0,0.0,1.0,0.0,3.0,1.0,0.0,7.000000000000001,2204679,-63.816606408461276,-4.7287918105084685,-64.0,-4.0,-64.0,64.0,1.0
-------------------XX-----XXXO---X-OOO----OOOO------------------ X;,1,50,6,8,-2,0,-8,0,64,1.2500000000000002,0.25,0.25,0.25,11.999999999999998,11.25,0.25,0.25,0.25,2.0,0.25,0.25,11.999999999999998,1558061,-63.50622857513281,-6.654496839340693,-64.0,-4.0,-64.0,64.0,1.0
-----------X------O-X-----OOXX----OOOX----XOO------------------- X;,1,50,6,8,-2,0,-12,0,64,1.2500000000000002,0.25,0.25,2.25,10.000000000000002,11.25,0.25,0.25,0.25,2.0,0.25,2.25,10.000000000000002,1591374,-63.73034120200531,-5.014741977687206,-64.0,-4.0,-64.0,64.0,1.0
-----------X------OOX-----OOXX----XOOX---X--O------------------- X;,1,50,7,7,0,0,-14,0,64,1.6249999999999998,0.37499999999999994,1.375,4.625,5.999999999999999,10.625,0.375,0.375,0.625,2.0,1.375,4.625,5.999999999999999,646555,-63.581709212673324,-5.556863685223995,-64.0,-4.0,-64.0,64.0,1.0
-----------X------O-X-----OOXX---XXOXX-----OO------------------- X;,1,50,8,6,2,0,-14,0,64,0.875,0.6250000000000001,1.1249999999999998,1.375,10.000000000000002,10.875,0.625,0.125,0.375,2.0,1.1249999999999998,1.375,10.000000000000002,674917,-63.23785887746197,-6.728759240025069,-64.0,-4.0,-64.0,64.0,1.0
-----------X------X-X----XXXXX----OOOOO-----O------------------- X;,1,50,8,6,2,0,-16,0,64,0.37499999999999994,0.6250000000000001,0.12500000000000003,0.875,11.999999999999998,9.875,0.125,0.625,1.375,2.0,0.12500000000000003,0.875,11.999999999999998,1206903,-63.7620305857223,-5.038563993958089,-64.0,-4.0,-64.0,64.0,1.0
------------------OOOX----XOXXX---XXOX-----O-------------------- X;,1,50,8,6,2,4,-10,0,64,0.25,0.25,6.25,5.25,2.0000000000000004,11.25,0.25,0.25,0.25,2.0,6.25,5.25,2.0000000000000004,1900271,-63.76131404415475,-5.2081876742843525,-64.0,-4.0,-64.0,64.0,1.0
------------------XOO-----XOXX---XXOXX-----OO------------------- X;,1,50,8,6,2,0,-12,0,64,0.37499999999999994,0.12500000000000003,8.125,0.37499999999999994,5.000000000000001,12.375,0.125,0.125,0.375,1.0,8.125,0.37499999999999994,5.000000000000001,1785110,-63.74889950759337,-4.957509621255833,-64.0,-4.0,-64.0,64.0,1.0
----------X-------OOO-----XOXXX---XXOX-----O-------------------- X;,1,50,8,6,2,1,-14,0,64,0.6250000000000001,0.37499999999999994,6.374999999999999,4.625,2.0000000000000004,10.625,0.375,0.375,0.625,2.0,6.374999999999999,4.625,2.0000000000000004,935658,-63.672568395717235,-6.098253849162835,-64.0,-4.0,-64.0,64.0,1.0
-----------X--------X-----XOXX---XOOXX---O-OO------------------- X;,1,50,8,6,2,0,-14,0,64,0.7499999999999999,1.7500000000000002,1.2500000000000002,0.25,10.000000000000002,10.75,0.75,0.25,0.25,2.0,1.2500000000000002,0.25,10.000000000000002,626179,-63.18566735709757,-8.073838311409357,-64.0,-4.0,-64.0,64.0,1.0
-----------X-------OX----XXOXX----XOOX------OO------------------ X;,1,50,8,6,2,2,-16,0,64,2.875,1.1249999999999998,3.1250000000000004,2.875,4.0,10.875,0.125,0.125,0.875,2.0,3.1250000000000004,2.875,4.0,907805,-63.70361696619869,-5.135649175759111,-64.0,-4.0,-64.0,64.0,1.0
------------X-------X-----XOXX---XOOXX---O-OO------------------- X;,1,50,8,6,2,0,-16,0,64,0.7499999999999999,1.2500000000000002,1.2500000000000002,0.7499999999999999,10.000000000000002,10.75,0.25,0.25,0.75,2.0,1.2500000000000002,0.7499999999999999,10.000000000000002,693123,-63.4199413379732,-6.999779259958189,-64.0,-4.0,-64.0,64.0,1.0
-------------X----OOX-----XOOXX---XXOX-----O-------------------- X;,1,50,8,6,2,0,-16,0,64,2.625,0.37499999999999994,3.375,1.6249999999999998,5.999999999999999,10.625,0.375,0.375,0.625,2.0,3.375,1.6249999999999998,5.999999999999999,959948,-63.52570347560493,-5.99643522357461,-64.0,-4.0,-64.0,64.0,1.0
-------------X-----OX-----XOXX---XXOXX-----OO------------------- X;,1,50,9,5,4,0,-18,0,64,0.7499999999999999,0.7499999999999999,4.750000000000001,0.7499999999999999,7.000000000000001,12.25,0.25,0.25,0.25,1.0,4.750000000000001,0.7499999999999999,7.000000000000001,588634,-63.56746976899058,-5.542054995124305,-64.0,-4.0,-64.0,64.0,1.0
------------X------XX----XXOXX----XOOX------OO------------------ X;,1,50,9,5,4,0,-24,0,64,4.875000000000001,0.6250000000000001,1.1249999999999998,1.375,5.999999999999999,10.875,0.625,0.125,0.375,2.0,1.1249999999999998,1.375,5.999999999999999,249538,-63.50538194583591,-5.474420729508131,-64.0,-4.0,-64.0,64.0,1.0
------------------XXXX----XOOX----XOOX----OO-------------------- X;,1,50,8,6,2,3,-14,0,64,7.375,0.12500000000000003,1.1249999999999998,0.37499999999999994,5.000000000000001,12.375,0.125,0.125,0.375,1.0,1.1249999999999998,0.37499999999999994,5.000000000000001,316564,-63.11040421526137,-6.547927117423333,-64.0,-4.0,-64.0,64.0,1.0
-----------X------XOX-----XOOX----XOOX------OO------------------ X;,1,50,7,7,0,0,-14,0,64,5.25,1.2500000000000002,3.2499999999999996,1.2500000000000002,2.9999999999999996,11.25,0.25,0.25,1.25,1.0,3.2499999999999996,1.2500000000000002,2.9999999999999996,777794,-63.552783899078676,-5.769314240017279,-64.0,-4.0,-64.0,64.0,1.0
------------X-------X-----XOXX---OOOOX----XOO------------------- X;,1,50,7,7,0,2,-16,0,64,1.375,1.6249999999999998,1.6249999999999998,1.375,8.000000000000002,10.875,0.125,0.125,0.875,2.0,1.6249999999999998,1.375,8.000000000000002,896772,-63.31004982314345,-6.530491585375101,-64.0,-4.0,-64.0,64.0,1.0
----------X--------XOX----XOOOO---XXOX-----O-------------------- X;,1,50,7,7,0,1,-16,0,64,1.6249999999999998,0.37499999999999994,1.375,4.625,5.999999999999999,10.625,0.375,0.375,0.625,2.0,1.375,4.625,5.999999999999999,527469,-63.352496544820646,-6.802591242328933,-64.0,-4.0,-64.0,64.0,1.0
-----------X--------X-----XOXX---OOOOX----XOO------------------- X;,1,50,7,7,0,0,-18,0,64,1.375,1.1249999999999998,1.6249999999999998,1.875,8.000000000000002,10.875,0.625,0.125,0.375,2.0,1.6249999999999998,1.875,8.000000000000002,662318,-63.05310138030372,-7.668497609909439,-64.0,-4.0,-64.0,64.0,1.0
-------------X-----OX-----XOXX----XOOX----XOO------------------- X;,1,50,8,6,2,0,-20,0,64,1.875,0.6250000000000001,4.625,1.875,5.000000000000001,12.375,0.125,0.125,0.375,1.0,4.625,1.875,5.000000000000001,514757,-63.36063424101081,-6.181320506569119,-64.0,-4.0,-64.0,64.0,1.0
-----------X-------XXX----XXOX----XOOX----OO-------------------- X;,1,50,9,5,4,0,-20,0,64,4.25,0.25,1.2500000000000002,1.2500000000000002,7.000000000000001,11.25,0.25,0.25,1.25,1.0,1.2500000000000002,1.2500000000000002,7.000000000000001,292596,-63.207063664575045,-6.283592393607568,-64.0,-4.0,-64.0,64.0,1.0
-------------------XX-X--XXXOX-----OOO----OOO------------------- X;,1,50,7,7,0,0,-16,0,64,1.6249999999999998,0.37499999999999994,0.37499999999999994,1.6249999999999998,10.000000000000002,10.625,0.375,0.375,0.625,2.0,0.37499999999999994,1.6249999999999998,10.000000000000002,938373,-63.72340210129661,-5.2535207215041355,-64.0,-4.0,-64.0,64.0,1.0
-------------------XX-X---XXOOO--X-OOO-----XO------------------- X;,1,50,7,7,0,0,-16,0,64,1.2500000000000002,1.2500000000000002,1.2500000000000002,1.2500000000000002,9.0,10.75,0.75,0.75,0.75,1.0,1.2500000000000002,1.2500000000000002,9.0,410789,-63.24563218586671,-6.8775015884067,-64.0,-4.0,-64.0,64.0,1.0
----------X-O------XOX----XOOX----XXOX-----O-------------------- X;,1,50,8,6,2,0,-16,0,64,2.625,1.375,3.375,2.625,4.0,10.625,0.375,0.375,0.625,2.0,3.375,2.625,4.0,336792,-63.311717617995676,-5.664707000166275,-64.0,-4.0,-64.0,64.0,1.0
----------X--X-----XX-----XXOO----XOOX----OO-------------------- X;,1,50,8,6,2,0,-18,0,64,2.875,0.12500000000000003,0.6250000000000001,2.3749999999999996,8.000000000000002,10.875,0.125,0.625,0.375,2.0,0.6250000000000001,2.3749999999999996,8.000000000000002,940112,-63.681931514542946,-5.384262726143268,-64.0,-4.0,-64.0,64.0,1.0
----------X-O------XOO-----XOXX---XOOO-----O-------------------- X;,1,50,6,8,-2,1,-6,0,64,1.375,5.125000000000001,1.1249999999999998,1.375,5.000000000000001,9.375,0.125,0.125,1.375,3.0,1.1249999999999998,1.375,5.000000000000001,3355160,-63.73978945862493,-5.239301851476531,-64.0,-4.0,-64.0,64.0,1.0
----------X--------XXXX---OOOO----XOOO-----O-------------------- X;,1,50,6,8,-2,1,-8,0,64,4.875000000000001,1.6249999999999998,1.1249999999999998,0.37499999999999994,5.999999999999999,10.875,0.625,0.125,0.375,2.0,1.1249999999999998,0.37499999999999994,5.999999999999999,2537528,-63.81420579398533,-4.834557096512826,-64.0,-4.0,-64.0,64.0,1.0
-------------------XO-X---OOOX----XXOX-----OOO------------------ X;,1,50,6,8,-2,0,-8,0,64,1.375,2.125,2.125,1.375,7.000000000000001,12.375,0.125,0.125,0.375,1.0,2.125,1.375,7.000000000000001,4757321,-63.919520671403085,-4.32197364861442,-64.0,-4.0,-64.0,64.0,1.0
-------------------XO-X---XOOX---X-OOX-----OOO------------------ X;,1,50,6,8,-2,0,-10,0,64,4.625,0.37499999999999994,3.375,1.6249999999999998,4.0,10.625,0.375,0.375,0.625,2.0,3.375,1.6249999999999998,4.0,1083671,-63.782096226622286,-4.926628100225991,-64.0,-4.0,-64.0,64.0,1.0
-------------X----OXX-----OXX-----OOOX---XO-O------------------- X;,1,50,7,7,0,0,-12,0,64,1.4999999999999998,0.5000000000000001,0.5000000000000001,0.5000000000000001,11.0,10.0,0.0,0.0,1.0,3.0,0.5000000000000001,0.5000000000000001,11.0,2117684,-63.85167286526224,-4.745023336815124,-64.0,-4.0,-64.0,64.0,1.0
-------------X----OXX-----OOX-----OOOX----XOO------------------- X;,1,50,6,8,-2,0,-14,0,64,1.2500000000000002,0.25,0.25,2.25,10.000000000000002,11.25,0.25,0.25,0.25,2.0,0.25,2.25,10.000000000000002,1506672,-63.74222126647339,-4.982919971964701,-64.0,-4.0,-64.0,64.0,1.0
-------------------X--X--XXXXX-----OOOO----OOO------------------ X;,1,50,7,7,0,0,-14,0,64,0.37499999999999994,0.6250000000000001,0.6250000000000001,0.37499999999999994,11.999999999999998,9.375,0.625,0.625,1.375,2.0,0.6250000000000001,0.37499999999999994,11.999999999999998,1367379,-63.29253411087928,-7.034870361472569,-64.0,-4.0,-64.0,64.0,1.0
-------------X----OXX----OOOX----XXXXX------O------------------- X;,1,50,9,5,4,0,-24,0,64,1.875,0.6250000000000001,0.12500000000000003,2.3749999999999996,9.0,9.375,0.125,0.625,0.875,3.0,0.12500000000000003,2.3749999999999996,9.0,239755,-61.50464432441451,-9.087451773685638,-64.0,-4.0,-64.0,64.0,1.0
----------X--------XO-----XXOX----XOOO-----OOO------------------ X;,1,50,6,8,-2,0,-8,0,64,1.375,2.125,2.125,1.375,7.000000000000001,12.375,0.125,0.125,0.375,1.0,2.125,1.375,7.000000000000001,2439469,-63.80380238486326,-5.185126763242328,-64.0,-4.0,-64.0,64.0,1.0
-------------X-----XX-----XXX-----OOOOO---OOO------------------- X;,1,50,6,8,-2,0,-10,0,64,0.6250000000000001,0.37499999999999994,0.37499999999999994,0.6250000000000001,11.999999999999998,10.625,0.375,0.375,0.625,2.0,0.37499999999999994,0.6250000000000001,11.999999999999998,2958388,-63.86489736978381,-4.837391849885816,-64.0,-4.0,-64.0,64.0,1.0
----------X--------X------OOXX----XOOO----XOOO------------------ X;,1,50,6,8,-2,0,-10,0,64,1.2500000000000002,3.2499999999999996,0.25,3.2499999999999996,5.999999999999999,11.25,0.25,0.25,0.25,2.0,0.25,3.2499999999999996,5.999999999999999,2500906,-63.79130842982503,-4.91959873741756,-64.0,-4.0,-64.0,64.0,1.0
-------------X-----OX-----XOO-----XOOX---XOOO------------------- X;,1,50,6,8,-2,0,-14,0,64,4.875000000000001,1.1249999999999998,3.1250000000000004,0.875,4.0,10.875,0.125,0.125,0.875,2.0,3.1250000000000004,0.875,4.0,1170434,-63.64248646228664,-5.696423719748401,-64.0,-4.0,-64.0,64.0,1.0
-------------X-----OX-----XOO----XXOXX----OOO------------------- X;,1,50,7,7,0,0,-14,0,64,1.6249999999999998,1.375,3.375,1.6249999999999998,5.999999999999999,10.625,0.375,0.375,0.625,2.0,3.375,1.6249999999999998,5.999999999999999,1277217,-63.72145062272112,-5.508171281779055,-64.0,-4.0,-64.0,64.0,1.0
-------------------XXXX---OOOO----XOOO---X--X------------------- X;,1,50,7,7,0,0,-14,0,64,4.875000000000001,1.6249999999999998,3.6250000000000004,0.875,2.9999999999999996,10.875,0.625,0.625,0.875,1.0,3.6250000000000004,0.875,2.9999999999999996,1034110,-63.65375056812138,-5.307216833799112,-64.0,-4.0,-64.0,64.0,1.0
-----------------X--X-X---XOOX----OOOO-----XOO------------------ X;,1,50,6,8,-2,0,-14,0,64,4.875000000000001,1.1249999999999998,0.6250000000000001,1.375,5.999999999999999,10.875,0.125,0.625,0.375,2.0,0.6250000000000001,1.375,5.999999999999999,859588,-63.79080210519458,-4.997673303954918,-64.0,-4.0,-64.0,64.0,1.0
-----------------X--X-----XOOX-----XXOX----XOOO----------------- X;,1,50,8,6,2,1,-16,0,64,0.875,0.6250000000000001,0.12500000000000003,2.3749999999999996,10.000000000000002,9.375,1.125,0.625,0.875,2.0,0.12500000000000003,2.3749999999999996,10.000000000000002,536392,-62.889181792420466,-7.859725722978717,-64.0,-4.0,-64.0,64.0,1.0
-----------------X--XO----XXXOX----XOO-----XOO------------------ X;,1,50,8,6,2,0,-24,0,64,2.25,2.25,0.7499999999999999,1.7500000000000002,7.000000000000001,9.75,0.75,0.25,0.25,3.0,0.7499999999999999,1.7500000000000002,7.000000000000001,648130,-62.54594602934596,-8.800120346226837,-64.0,-4.0,-64.0,64.0,1.0
----------XO-------OO-----XOXX----XOOO----XO-------------------- X;,1,50,6,8,-2,1,-8,0,64,1.6249999999999998,1.375,3.375,1.6249999999999998,5.999999999999999,10.625,0.375,0.375,0.625,2.0,3.375,1.6249999999999998,5.999999999999999,1884069,-63.868313740101875,-4.6422556711033405,-64.0,-4.0,-64.0,64.0,1.0
-----------------X--XX----XOXO----XOO-----XOO------O------------ X;,1,50,7,7,0,0,-8,0,64,2.25,0.7499999999999999,0.7499999999999999,2.25,8.000000000000002,9.75,0.25,0.25,1.75,2.0,0.7499999999999999,2.25,8.000000000000002,1380379,-63.745817634142504,-5.1894602859069865,-64.0,-4.0,-64.0,64.0,1.0
------------------XX--X---OXOX-----OOO----XXO--------O---------- X;,1,50,7,7,0,0,-10,0,64,2.0000000000000004,0.5000000000000001,1.0,3.5,7.000000000000001,10.0,0.5,0.0,0.5,3.0,1.0,3.5,7.000000000000001,847122,-63.7316962609872,-5.342293081752097,-64.0,-4.0,-64.0,64.0,1.0
-----------------X--XX---XXOXO----XOO-----OOO------------------- X;,1,50,7,7,0,0,-12,0,64,1.2500000000000002,0.7499999999999999,0.7499999999999999,1.2500000000000002,10.000000000000002,9.75,0.25,0.25,1.75,2.0,0.7499999999999999,1.2500000000000002,10.000000000000002,1056619,-63.46748449535736,-6.093854076067154,-64.0,-4.0,-64.0,64.0,1.0
-------------X-----OOO----XXO-----XOXX---X--OX------------------ X;,1,50,8,6,2,0,-12,0,64,0.5000000000000001,0.5000000000000001,4.499999999999999,5.5,2.9999999999999996,10.0,0.0,0.0,1.0,3.0,4.499999999999999,5.5,2.9999999999999996,1943488,-63.81886793229493,-4.845541624131458,-64.0,-4.0,-64.0,64.0,1.0
------------------XX--X--XXXOX-----OOO-----OOO------------------ X;,1,50,7,7,0,0,-12,0,64,1.2500000000000002,0.7499999999999999,0.7499999999999999,1.2500000000000002,10.000000000000002,9.75,0.25,0.25,1.75,2.0,0.7499999999999999,1.2500000000000002,10.000000000000002,529012,-63.520358706418754,-6.006827822431249,-64.0,-4.0,-64.0,64.0,1.0
------------------XX--X---XXOX---X-OOO-----OO------O------------ X;,1,50,7,7,0,0,-12,0,64,1.375,1.1249999999999998,1.1249999999999998,1.375,9.0,9.375,0.125,0.125,1.375,3.0,1.1249999999999998,1.375,9.0,671343,-63.73181220329995,-5.321053470431657,-64.0,-4.0,-64.0,64.0,1.0
-----------------X--XX----XXXO----XOO----XOOO------------------- X;,1,50,8,6,2,0,-16,0,64,0.5000000000000001,0.5000000000000001,1.0,0.0,11.999999999999998,10.0,0.0,0.5,1.5,2.0,1.0,0.0,11.999999999999998,795420,-63.172469890120944,-7.422574237509743,-64.0,-4.0,-64.0,64.0,1.0
------------------XX--X---XXOX----XOOO-----OOO------------------ X;,1,50,7,7,0,0,-16,0,64,1.2500000000000002,1.2500000000000002,1.2500000000000002,1.2500000000000002,9.0,11.25,0.25,0.25,1.25,1.0,1.2500000000000002,1.2500000000000002,9.0,533624,-63.25827548985803,-7.642568550140173,-64.0,-4.0,-64.0,64.0,1.0
----------X--------XO------OOX----XXOXX---XOO------------------- X;,1,50,8,6,2,0,-18,0,64,1.6249999999999998,1.375,3.375,1.6249999999999998,5.999999999999999,10.625,0.375,0.375,0.625,2.0,3.375,1.6249999999999998,5.999999999999999,663827,-63.64949301549952,-5.268936033032703,-64.0,-4.0,-64.0,64.0,1.0
-----------------XXX--X---XXOX-----XOO-----OOO------------------ X;,1,50,8,6,2,0,-18,0,64,0.5000000000000001,0.5000000000000001,1.0,0.0,11.999999999999998,10.0,0.0,0.5,1.5,2.0,1.0,0.0,11.999999999999998,594859,-63.56876839721682,-5.900853815778193,-64.0,-4.0,-64.0,64.0,1.0
----------X-------OXXX----XOOX----XOOO-----O-------------------- X;,1,50,7,7,0,0,-10,0,64,5.25,1.2500000000000002,0.25,1.2500000000000002,5.999999999999999,11.25,0.25,0.25,0.25,2.0,0.25,1.2500000000000002,5.999999999999999,1851874,-63.78573596259789,-4.9453418537114295,-64.0,-4.0,-64.0,64.0,1.0
-----------------X-XXO----XXOO----OOOX-----XO------------------- X;,1,50,7,7,0,0,-12,0,64,1.875,4.625,0.6250000000000001,1.875,5.000000000000001,12.375,0.125,0.125,0.375,1.0,0.6250000000000001,1.875,5.000000000000001,3039461,-63.79340086943047,-4.860572318578853,-64.0,-4.0,-64.0,64.0,1.0
----------XX-------XX-----XXOOO---XOOO-----O-------------------- X;,1,50,7,7,0,0,-14,0,64,1.2500000000000002,0.25,0.7499999999999999,1.7500000000000002,10.000000000000002,10.75,0.75,0.25,0.25,2.0,0.7499999999999999,1.7500000000000002,10.000000000000002,1454551,-63.80247237807406,-4.903377055874975,-64.0,-4.0,-64.0,64.0,1.0
----------X--X----OXX-----XOOX----XOOO-----O-------------------- X;,1,50,7,7,0,0,-16,0,64,5.875000000000001,1.1249999999999998,0.6250000000000001,0.37499999999999994,5.999999999999999,10.875,0.125,0.625,0.375,2.0,0.6250000000000001,0.37499999999999994,5.999999999999999,1148408,-63.733800182513534,-5.464770360359733,-64.0,-4.0,-64.0,64.0,1.0
-------------X----OOX-----XOXX----XOOX---X--O------------------- X;,1,50,8,6,2,0,-18,0,64,2.875,1.1249999999999998,3.1250000000000004,2.875,4.0,10.875,0.125,0.125,0.875,2.0,3.1250000000000004,2.875,4.0,652228,-63.72368864875473,-5.275020391642187,-64.0,-4.0,-64.0,64.0,1.0
-----------------X-XX----OOOOX----OOO-X----XO------------------- X;,1,50,6,8,-2,0,-18,0,64,4.25,0.25,1.2500000000000002,1.2500000000000002,7.000000000000001,10.75,0.75,0.75,0.75,1.0,1.2500000000000002,1.2500000000000002,7.000000000000001,498924,-63.485280323255644,-6.212385052633267,-64.0,-4.0,-64.0,64.0,1.0
-----------------X-XX-X---XXOX----OOOO-----XO------------------- X;,1,50,8,6,2,0,-20,0,64,2.0000000000000004,0.5000000000000001,1.0,1.4999999999999998,9.0,12.5,0.0,0.5,0.0,1.0,1.0,1.4999999999999998,9.0,458457,-63.66200101645302,-5.317693916768639,-64.0,-4.0,-64.0,64.0,1.0
-------------------XX-X--XXXXX-----OOO-----OOO------------------ X;,1,50,8,6,2,0,-22,0,64,0.6250000000000001,0.37499999999999994,0.37499999999999994,0.6250000000000001,11.999999999999998,10.625,0.375,0.375,0.625,2.0,0.37499999999999994,0.6250000000000001,11.999999999999998,582618,-63.07100020939964,-7.212993762636925,-64.0,-4.0,-64.0,64.0,1.0
-----------O-X----OOX-----XOX-----XOOX----X-O------------------- X;,1,50,7,7,0,0,-10,0,64,1.7500000000000002,2.25,2.25,2.75,5.000000000000001,9.75,0.25,0.25,0.75,3.0,2.25,2.75,5.000000000000001,1565718,-63.77090766025555,-4.865611815154453,-64.0,-4.0,-64.0,64.0,1.0
----------X--X----X-X----OOOO-----XOOX----X-O------------------- X;,1,50,7,7,0,0,-14,0,64,5.749999999999999,0.25,0.7499999999999999,1.2500000000000002,5.999999999999999,8.75,0.25,0.75,0.25,4.0,0.7499999999999999,1.2500000000000002,5.999999999999999,391326,-63.65139551167058,-5.625090078348998,-64.0,-4.0,-64.0,64.0,1.0
-------------X----OOX-----XOXX----XOOX----X-O------------------- X;,1,50,8,6,2,0,-16,0,64,2.25,1.2500000000000002,3.2499999999999996,3.2499999999999996,4.0,11.25,0.25,0.25,0.25,2.0,3.2499999999999996,3.2499999999999996,4.0,574409,-63.54653913848843,-5.630782247492641,-64.0,-4.0,-64.0,64.0,1.0
-------------------X--X---XOOX---X-OO-----XXOO------O----------- X;,1,50,7,7,0,0,-16,0,64,5.25,0.25,0.7499999999999999,1.7500000000000002,5.999999999999999,8.75,0.75,0.25,0.25,4.0,0.7499999999999999,1.7500000000000002,5.999999999999999,355659,-63.727289341757135,-5.205474907144203,-64.0,-4.0,-64.0,64.0,1.0
-------------X----O-XX----XOX-----XOOX----XOO------------------- X;,1,50,8,6,2,0,-18,0,64,1.875,0.6250000000000001,2.125,3.375,5.999999999999999,10.875,0.625,0.125,0.375,2.0,2.125,3.375,5.999999999999999,232734,-63.58054259369065,-5.129736093566045,-64.0,-4.0,-64.0,64.0,1.0
-----------------X-X--X---XOOX----OOO-----XXXO------------------ X;,1,50,8,6,2,0,-20,0,64,6.499999999999999,0.0,1.0,1.4999999999999998,5.000000000000001,10.0,0.5,0.5,0.0,3.0,1.0,1.4999999999999998,5.000000000000001,278103,-63.59581162375091,-5.223668928418608,-64.0,-4.0,-64.0,64.0,1.0
-------------------X--X--XXXXX-----OO-----XXOO-------O---------- X;,1,50,9,5,4,0,-32,0,64,1.2500000000000002,0.25,0.7499999999999999,1.7500000000000002,10.000000000000002,8.75,0.75,0.25,0.25,4.0,0.7499999999999999,1.7500000000000002,10.000000000000002,24181,-61.280426781357264,-7.431040899880071,-64.0,-4.0,-64.0,64.0,1.0
-----------------X--X-----XOOX----XOO-X---XOO------O------------ X;,1,50,7,7,0,0,-10,0,64,4.875000000000001,0.12500000000000003,2.625,1.375,5.000000000000001,9.375,0.625,0.125,0.875,3.0,2.625,1.375,5.000000000000001,1190505,-63.79666780063923,-4.822094825305228,-64.0,-4.0,-64.0,64.0,1.0
-------------------XX-X---XOXX---X-OOO-----OOO------------------ X;,1,50,7,7,0,0,-12,0,64,1.6249999999999998,0.37499999999999994,0.37499999999999994,1.6249999999999998,10.000000000000002,10.625,0.375,0.375,0.625,2.0,0.37499999999999994,1.6249999999999998,10.000000000000002,1024540,-63.71831456068089,-5.353668963632459,-64.0,-4.0,-64.0,64.0,1.0
-------------------X--X---XOOXX--X-OOX-----OO-------O----------- X;,1,50,7,7,0,0,-18,0,64,4.750000000000001,0.25,3.2499999999999996,1.7500000000000002,4.0,9.75,1.25,0.25,0.75,2.0,3.2499999999999996,1.7500000000000002,4.0,248269,-63.76079172188231,-5.429828129971925,-64.0,-4.0,-64.0,64.0,1.0
-------------X----OXX-----OOO-X---XOOX---X--X------------------- X;,1,50,8,6,2,0,-18,0,64,6.875,0.6250000000000001,0.6250000000000001,0.875,5.000000000000001,9.375,0.125,0.125,1.375,3.0,0.6250000000000001,0.875,5.000000000000001,194373,-63.75037685275218,-5.243650095435066,-64.0,-4.0,-64.0,64.0,1.0
-----------------X--X-----XXOX----XOO-X--X-OO------O------------ X;,1,50,8,6,2,0,-22,0,64,2.0000000000000004,0.0,2.9999999999999996,2.0000000000000004,7.000000000000001,9.5,0.5,0.5,0.5,3.0,2.9999999999999996,2.0000000000000004,7.000000000000001,165907,-63.36570488285606,-6.07530725044754,-64.0,-4.0,-64.0,64.0,1.0
-------------------XXX----OOO-X---OOOX---XO-X------------------- X;,1,50,7,7,0,0,-24,0,64,4.750000000000001,0.25,2.25,0.7499999999999999,5.999999999999999,9.75,0.25,0.25,1.75,2.0,2.25,0.7499999999999999,5.999999999999999,85680,-63.38858543417367,-6.085107376283847,-64.0,-4.0,-64.0,64.0,1.0
------------X------XX-----OOX-X---OOXX---XO-X------------------- X;,1,50,9,5,4,0,-24,0,64,1.375,0.12500000000000003,2.125,1.375,9.0,9.375,0.125,0.125,1.375,3.0,2.125,1.375,9.0,197012,-62.461494731285406,-8.696718981584878,-64.0,-4.0,-64.0,64.0,1.0
-------------X----X-X----OXXO----XOXXX-----OO------------------- X;,1,50,9,5,4,0,-12,0,64,1.375,2.625,0.6250000000000001,2.3749999999999996,7.000000000000001,9.375,0.625,0.625,0.375,3.0,0.6250000000000001,2.3749999999999996,7.000000000000001,2022574,-63.554635825438275,-5.756060346864936,-64.0,-4.0,-64.0,64.0,1.0
-------------X-----XX----OXXX----XOXXX-----OO------------------- X;,1,50,10,4,6,0,-12,0,64,4.25,1.7500000000000002,0.25,1.7500000000000002,5.999999999999999,10.75,0.25,0.75,0.25,2.0,0.25,1.7500000000000002,5.999999999999999,626589,-62.99164843302388,-7.584994310465073,-64.0,-4.0,-64.0,64.0,1.0
-------------X------XX---OOOOO---XXXXX------O------------------- X;,1,50,8,6,2,0,-16,0,64,0.37499999999999994,1.1249999999999998,0.12500000000000003,1.375,11.0,9.375,0.125,1.125,0.375,3.0,0.12500000000000003,1.375,11.0,1777994,-63.87328303695063,-4.50010967416088,-64.0,-4.0,-64.0,64.0,1.0
-------------X--X---X----XOOO----XXOXX-----OO------------------- X;,1,50,8,6,2,0,-18,0,64,1.7500000000000002,0.25,1.2500000000000002,1.7500000000000002,9.0,9.25,0.75,0.75,0.25,3.0,1.2500000000000002,1.7500000000000002,9.0,351406,-63.47275800640854,-5.694990979095405,-64.0,-4.0,-64.0,64.0,1.0
-----------OX------OO------OOO----XOXXX--X--X------------------- X;,1,50,7,7,0,0,-18,0,64,1.2500000000000002,1.2500000000000002,0.7499999999999999,1.7500000000000002,9.0,9.75,0.75,0.25,0.25,3.0,0.7499999999999999,1.7500000000000002,9.0,602724,-63.23493672062171,-6.757517537048467,-64.0,-4.0,-64.0,64.0,1.0
-----------XO------XO------XO-----XOOX---XOX--X----------------- X;,1,50,8,6,2,0,-20,0,64,2.875,0.6250000000000001,0.6250000000000001,1.875,8.000000000000002,8.375,0.125,1.125,0.375,4.0,0.6250000000000001,1.875,8.000000000000002,458269,-63.69457240179894,-5.024446340468153,-64.0,-4.0,-64.0,64.0,1.0
-----------OX------OX------OX-X---XOOX---X--XO------------------ X;,1,50,8,6,2,0,-22,0,64,2.625,0.37499999999999994,0.37499999999999994,2.625,8.000000000000002,8.625,0.375,0.375,0.625,4.0,0.37499999999999994,2.625,8.000000000000002,401197,-63.5922950570418,-5.616053958529101,-64.0,-4.0,-64.0,64.0,1.0
-------------X---X--X----XXOO----XXXOX------OO------------------ X;,1,50,9,5,4,0,-24,0,64,3.375,1.6249999999999998,1.6249999999999998,1.375,5.999999999999999,8.375,0.625,0.625,0.375,4.0,1.6249999999999998,1.375,5.999999999999999,223512,-63.25382977200329,-5.598562940692222,-64.0,-4.0,-64.0,64.0,1.0
-------------X----OXX-----XOOO----XOOX---X--O------------------- X;,1,50,7,7,0,0,-14,0,64,5.875000000000001,1.1249999999999998,0.12500000000000003,0.875,5.999999999999999,10.875,0.125,0.125,0.875,2.0,0.12500000000000003,0.875,5.999999999999999,1485335,-63.84309263566805,-4.762407133744239,-64.0,-4.0,-64.0,64.0,1.0
-------------X---XXXX------OO-----XOOO---X--O-------O----------- X;,1,50,7,7,0,0,-16,0,64,5.625,0.37499999999999994,0.37499999999999994,1.6249999999999998,5.999999999999999,8.625,0.375,0.375,0.625,4.0,0.37499999999999994,1.6249999999999998,5.999999999999999,357015,-63.81534669411649,-4.8871447978376255,-64.0,-4.0,-64.0,64.0,1.0
----------O--X----OOX------OO-X---XOOX---X--X------------------- X;,1,50,7,7,0,0,-18,0,64,5.625,0.37499999999999994,0.37499999999999994,1.6249999999999998,5.999999999999999,8.625,0.375,0.375,0.625,4.0,0.37499999999999994,1.6249999999999998,5.999999999999999,78790,-63.07711638532809,-7.990354105850996,-64.0,-4.0,-64.0,64.0,1.0
----------X-O------XOO-----XO-----XOOX---X-X--X----------------- X;,1,50,8,6,2,0,-18,0,64,3.6250000000000004,0.37499999999999994,0.37499999999999994,1.6249999999999998,8.000000000000002,8.625,0.375,0.375,0.625,4.0,0.37499999999999994,1.6249999999999998,8.000000000000002,338353,-63.72976743223793,-4.841080173664782,-64.0,-4.0,-64.0,64.0,1.0
------------OX----OXO------OO-----XXXXX--X--X------------------- X;,1,50,9,5,4,0,-28,0,64,1.875,1.1249999999999998,0.6250000000000001,2.3749999999999996,8.000000000000002,8.375,0.625,0.125,0.875,4.0,0.6250000000000001,2.3749999999999996,8.000000000000002,83466,-60.730932355689745,-9.840989145280712,-64.0,-4.0,-64.0,64.0,1.0
------------OX-----OX-----OOO-----XOOX---X-X--X----------------- X;,1,50,7,7,0,0,-16,0,64,5.749999999999999,0.7499999999999999,0.25,2.25,5.000000000000001,9.75,0.75,0.25,0.25,3.0,0.25,2.25,5.000000000000001,509583,-63.6540190704949,-4.920595859751994,-64.0,-4.0,-64.0,64.0,1.0
-----------------XX-X-X---XXOX-----OOO-----OO------O------------ X;,1,50,7,7,0,0,-16,0,64,1.875,0.12500000000000003,1.1249999999999998,1.875,9.0,9.375,0.625,0.625,0.375,3.0,1.1249999999999998,1.875,9.0,455555,-63.5925585275104,-5.3518104290371085,-64.0,-4.0,-64.0,64.0,1.0
-----------XO-----OOO------OO-----XOOX---X-X--X----------------- X;,1,50,6,8,-2,0,-16,0,64,4.875000000000001,0.6250000000000001,1.6249999999999998,0.875,5.999999999999999,8.375,0.125,1.125,0.375,4.0,1.6249999999999998,0.875,5.999999999999999,158428,-63.33846289797258,-7.038301310374429,-64.0,-4.0,-64.0,64.0,1.0
-----------------X--X-X---XXOX----XOX-----OOO------O------------ X;,1,50,8,6,2,0,-18,0,64,1.375,0.12500000000000003,2.625,4.875000000000001,5.000000000000001,9.375,0.125,0.625,0.875,3.0,2.625,4.875000000000001,5.000000000000001,410421,-63.83813693743741,-4.798555629463404,-64.0,-4.0,-64.0,64.0,1.0
-----------------X--X-----XXXXX---XXO-----XOO-----O------------- X;,1,50,10,4,6,0,-18,0,64,1.875,0.12500000000000003,2.625,2.3749999999999996,7.000000000000001,9.375,0.625,0.125,0.875,3.0,2.625,2.3749999999999996,7.000000000000001,638645,-63.30926884262775,-6.674124122164896,-64.0,-4.0,-64.0,64.0,1.0
-------------X-----XX-----OXO-----OOXXX--XO-X------------------- X;,1,50,9,5,4,0,-20,0,64,1.375,0.12500000000000003,2.125,5.375,5.000000000000001,9.375,0.125,0.125,1.375,3.0,2.125,5.375,5.000000000000001,413641,-63.57232479372209,-5.915922261091139,-64.0,-4.0,-64.0,64.0,1.0
-----------------X--XO----XXOXX---XOO----X-XO------------------- X;,1,50,9,5,4,0,-24,0,64,3.875,0.6250000000000001,1.1249999999999998,3.375,5.000000000000001,9.375,0.125,0.625,0.875,3.0,1.1249999999999998,3.375,5.000000000000001,326060,-63.38198491075262,-5.916414156903637,-64.0,-4.0,-64.0,64.0,1.0
-----------OX------OX-----OOX-----XXXXX--X--X------------------- X;,1,50,10,4,6,0,-26,0,64,1.7500000000000002,1.2500000000000002,0.25,1.7500000000000002,9.0,9.75,0.25,0.25,0.75,3.0,0.25,1.7500000000000002,9.0,177413,-63.1585734979962,-6.449561193373653,-64.0,-4.0,-64.0,64.0,1.0
-------------------XXX----OOX-----XXOXX--X--XO------------------ X;,1,50,10,4,6,0,-28,0,64,2.25,0.7499999999999999,0.7499999999999999,5.25,5.000000000000001,9.75,0.25,0.25,0.75,3.0,0.7499999999999999,5.25,5.000000000000001,42696,-62.39605583661233,-7.698379239273,-64.0,-4.0,-64.0,64.0,1.0
-----------------X--X----XXXXXX---XOO-----OOO------------------- X;,1,50,9,5,4,0,-28,0,64,1.375,0.12500000000000003,2.625,0.875,9.0,9.375,0.125,0.625,0.875,3.0,2.625,0.875,9.0,342298,-62.115116068454974,-7.97270799128245,-64.0,-4.0,-64.0,64.0,1.0
-------------------XO------OO----XXXOXX---X-OO------O----------- X;,1,50,7,7,0,0,-14,0,64,1.2500000000000002,0.25,2.25,2.25,8.000000000000002,9.25,0.25,0.25,0.25,4.0,2.25,2.25,8.000000000000002,328374,-63.710957627583184,-5.259850049029461,-64.0,-4.0,-64.0,64.0,1.0
------------X-------XX----XOX-----XOOOO---XOO------------------- X;,1,50,7,7,0,0,-16,0,64,2.0000000000000004,0.0,1.0,2.9999999999999996,8.000000000000002,10.0,1.0,0.0,1.0,2.0,1.0,2.9999999999999996,8.000000000000002,242615,-63.53100179296416,-5.3662881520103864,-64.0,-4.0,-64.0,64.0,1.0
------------X-----O-XX----XOX-----XOOOO--X--O------------------- X;,1,50,7,7,0,1,-18,0,64,1.2500000000000002,0.25,0.7499999999999999,3.7500000000000004,8.000000000000002,8.75,0.75,0.25,0.25,4.0,0.7499999999999999,3.7500000000000004,8.000000000000002,468389,-63.86515908785219,-4.584210987021471,-64.0,-4.0,-64.0,64.0,1.0
-----------X------XX-----O-XOX---OOOOO---X-O-------------------- X;,1,50,6,8,-2,0,-18,0,64,1.6249999999999998,1.375,1.375,1.6249999999999998,8.000000000000002,8.625,0.375,0.375,0.625,4.0,1.375,1.6249999999999998,8.000000000000002,158652,-63.406020724604794,-5.501046315205607,-64.0,-4.0,-64.0,64.0,1.0
------------O-----X-O-X--XXXOX-----OOO-----XO------------------- X;,1,50,7,7,0,0,-18,0,64,1.375,0.12500000000000003,1.1249999999999998,2.3749999999999996,9.0,9.375,1.125,0.125,0.375,3.0,1.1249999999999998,2.3749999999999996,9.0,275427,-63.74568942042719,-4.963957781916806,-64.0,-4.0,-64.0,64.0,1.0
-----------X------X-X----OOOOX----XOX-------OOO----------------- X;,1,50,6,8,-2,0,-14,0,64,1.2500000000000002,0.7499999999999999,0.7499999999999999,4.25,7.000000000000001,8.75,0.25,0.25,1.75,3.0,0.7499999999999999,4.25,7.000000000000001,459707,-63.83737032501136,-4.642030684762251,-64.0,-4.0,-64.0,64.0,1.0
----------O-------O-X----XOXOX----OOO-X----XO------------------- X;,1,50,6,8,-2,0,-16,0,64,1.875,1.1249999999999998,1.1249999999999998,3.875,5.999999999999999,9.375,0.625,0.625,1.375,2.0,1.1249999999999998,3.875,5.999999999999999,379656,-63.53028531091304,-5.958752133510336,-64.0,-4.0,-64.0,64.0,1.0
-----------X--------X----XXXXX----XOOO------OOO----------------- X;,1,50,8,6,2,0,-16,0,64,1.375,0.12500000000000003,0.6250000000000001,2.875,9.0,9.375,0.125,0.625,0.875,3.0,0.6250000000000001,2.875,9.0,669127,-63.268419896372436,-6.7497590143575135,-64.0,-4.0,-64.0,64.0,1.0
-------------OX----X-X----XOXO---X-OO------OOO------------------ X;,1,50,6,8,-2,0,-28,0,64,1.6249999999999998,0.37499999999999994,0.37499999999999994,3.6250000000000004,8.000000000000002,8.625,0.375,0.375,0.625,4.0,0.37499999999999994,3.6250000000000004,8.000000000000002,1197176,-63.39928632047418,-6.292142508703816,-64.0,-4.0,-64.0,64.0,1.0
------------X-------X-----OOXX----XOX-----XOOOO----------------- X;,1,50,7,7,0,0,-14,0,64,0.25,0.7499999999999999,0.7499999999999999,3.2499999999999996,9.0,9.75,0.25,0.25,0.75,3.0,0.7499999999999999,3.2499999999999996,9.0,514680,-63.08407165617471,-6.9026812776871065,-64.0,-4.0,-64.0,64.0,1.0
------------X-----X-X-----XXXX----XOOO------OOO----------------- X;,1,50,8,6,2,0,-14,0,64,0.7499999999999999,0.25,0.7499999999999999,2.25,10.000000000000002,9.75,0.25,0.75,1.25,2.0,0.7499999999999999,2.25,10.000000000000002,475583,-63.100228561576,-8.065746673030786,-64.0,-4.0,-64.0,64.0,1.0
----------O-------O-XO---XXXOXX----OO------XO------------------- X;,1,50,7,7,0,0,-16,0,64,3.7500000000000004,1.2500000000000002,0.7499999999999999,2.25,5.999999999999999,8.75,0.25,0.75,0.25,4.0,0.7499999999999999,2.25,5.999999999999999,831589,-63.47832883792354,-6.165264331298274,-64.0,-4.0,-64.0,64.0,1.0
------------X-------X----XXXXX----XOOO------OOO----------------- X;,1,50,8,6,2,0,-18,0,64,1.375,0.6250000000000001,0.6250000000000001,2.3749999999999996,9.0,9.375,0.625,0.625,0.375,3.0,0.6250000000000001,2.3749999999999996,9.0,497360,-62.853631172591285,-7.59688756635033,-64.0,-4.0,-64.0,64.0,1.0
---------XO-------X-XO----OXOXX----OO------XO------------------- X;,1,50,7,7,0,0,-32,0,64,1.6249999999999998,0.37499999999999994,0.37499999999999994,5.625,5.999999999999999,8.625,0.375,0.375,0.625,4.0,0.37499999999999994,5.625,5.999999999999999,1060566,-63.20559587993581,-7.0801666280080635,-64.0,-4.0,-64.0,64.0,1.0
------------X-------XX----XOOO----XOOX----XOO------------------- X;,1,50,7,7,0,0,-16,0,64,5.25,1.2500000000000002,1.2500000000000002,1.2500000000000002,5.000000000000001,11.25,0.25,0.25,1.25,1.0,1.2500000000000002,1.2500000000000002,5.000000000000001,475636,-63.72089160618624,-4.925413551539412,-64.0,-4.0,-64.0,64.0,1.0
------------------XXXX----XOOX----OOOX----XO-------------------- X;,1,50,8,6,2,0,-16,0,64,7.375,0.12500000000000003,0.12500000000000003,1.375,5.000000000000001,12.375,0.125,0.125,0.375,1.0,0.12500000000000003,1.375,5.000000000000001,312499,-63.28484891151652,-5.81055299376958,-64.0,-4.0,-64.0,64.0,1.0
-------------------XXX----XOOO----XOOX----XOO------------------- X;,1,50,7,7,0,1,-18,0,64,5.5,0.5000000000000001,0.5000000000000001,1.4999999999999998,5.999999999999999,13.0,0.0,0.0,1.0,0.0,0.5000000000000001,1.4999999999999998,5.999999999999999,495490,-63.40304345193647,-5.42269672445458,-64.0,-4.0,-64.0,64.0,1.0
------------X------XOX----XOOX----OOOX----XO-------------------- X;,1,50,7,7,0,0,-18,0,64,5.25,0.25,1.2500000000000002,4.25,2.9999999999999996,11.25,0.25,0.25,1.25,1.0,1.2500000000000002,4.25,2.9999999999999996,307786,-63.41454127218262,-5.976178253721741,-64.0,-4.0,-64.0,64.0,1.0
----------X--------XOX----XOOOO----XOX----XO-------------------- X;,1,50,7,7,0,0,-20,0,64,2.25,0.25,0.7499999999999999,6.75,4.0,9.75,0.75,0.25,1.25,2.0,0.7499999999999999,6.75,4.0,248585,-63.64943178389686,-5.624546935655812,-64.0,-4.0,-64.0,64.0,1.0
-----------XO------XOX----XXOX-----XOX----XO-------------------- X;,1,50,9,5,4,0,-20,0,64,1.4999999999999998,1.0,2.0000000000000004,3.5,5.999999999999999,10.0,0.5,0.5,1.0,2.0,2.0000000000000004,3.5,5.999999999999999,213231,-63.35799203680516,-5.5992046184654205,-64.0,-4.0,-64.0,64.0,1.0
-------------X-----OXX----XOX-----XOOX----XOO------------------- X;,1,50,8,6,2,0,-22,0,64,2.25,1.2500000000000002,3.2499999999999996,2.25,5.000000000000001,11.25,0.25,0.25,1.25,1.0,3.2499999999999996,2.25,5.000000000000001,273148,-63.337443437257456,-5.6135281971678355,-64.0,-4.0,-64.0,64.0,1.0
-----------X------OX------OXXXX---OOOX----XO-------------------- X;,1,50,8,6,2,0,-18,0,64,0.5000000000000001,1.0,0.0,1.4999999999999998,11.0,10.0,0.5,0.5,0.0,3.0,0.0,1.4999999999999998,11.0,1046817,-63.56042746726505,-5.726232951891305,-64.0,-4.0,-64.0,64.0,1.0
----------X-------XX------XOXXX---OOOX----XO-------------------- X;,1,50,9,5,4,0,-20,0,64,2.75,0.25,0.7499999999999999,3.2499999999999996,7.000000000000001,9.75,0.25,0.75,0.25,3.0,0.7499999999999999,3.2499999999999996,7.000000000000001,138913,-63.373939084174985,-5.401092770295077,-64.0,-4.0,-64.0,64.0,1.0
------------X-------XX----XOX-O--XXXOO------OO------------------ X;,1,50,8,6,2,0,-22,0,64,0.25,0.25,0.25,6.25,7.000000000000001,9.25,0.25,0.25,1.25,3.0,0.25,6.25,7.000000000000001,437967,-63.3806017348339,-5.94102295378419,-64.0,-4.0,-64.0,64.0,1.0
------------X------XX------OX-X---OXOX----X-OO------O----------- X;,1,50,8,6,2,0,-22,0,64,0.25,1.2500000000000002,0.25,6.25,5.999999999999999,9.25,0.25,0.25,0.25,4.0,0.25,6.25,5.999999999999999,312075,-63.2980918048546,-5.975787871505247,-64.0,-4.0,-64.0,64.0,1.0
-------------------XXX----XXX----XXXOOO-----OO------------------ X;,1,50,9,5,4,0,-24,0,64,1.4999999999999998,0.5000000000000001,0.0,2.9999999999999996,9.0,10.0,0.0,0.5,0.5,3.0,0.0,2.9999999999999996,9.0,109358,-62.46045099581192,-7.67843230490682,-64.0,-4.0,-64.0,64.0,1.0
-------------X------XX----XXX-O--XXXOO------OO------------------ X;,1,50,9,5,4,0,-24,0,64,1.2500000000000002,0.25,0.25,3.2499999999999996,9.0,8.75,0.75,0.75,0.75,3.0,0.25,3.2499999999999996,9.0,164645,-61.81319809286647,-8.882516930365332,-64.0,-4.0,-64.0,64.0,1.0
------------------X-X-X---XXOX----XOOO-----OO------O------------ X;,1,50,7,7,0,0,-18,0,64,1.6249999999999998,0.37499999999999994,1.375,2.625,8.000000000000002,10.625,0.375,0.375,0.625,2.0,1.375,2.625,8.000000000000002,416159,-63.71633918766625,-5.069254780023981,-64.0,-4.0,-64.0,64.0,1.0
------------------X-X-X--XXXOX-----OOO-----OO------O------------ X;,1,50,7,7,0,0,-18,0,64,1.375,0.12500000000000003,1.1249999999999998,2.3749999999999996,9.0,9.375,1.125,0.125,0.375,3.0,1.1249999999999998,2.3749999999999996,9.0,433149,-63.6063941045691,-5.314623836139527,-64.0,-4.0,-64.0,64.0,1.0
----------X-------OOO-----XOXXX----XOX----XO-------------------- X;,1,50,8,6,2,0,-20,0,64,0.25,0.25,4.750000000000001,5.749999999999999,2.9999999999999996,9.75,0.75,0.25,0.25,3.0,4.750000000000001,5.749999999999999,2.9999999999999996,282313,-63.29758105365322,-6.278570239415117,-64.0,-4.0,-64.0,64.0,1.0
----------X-O------XOX----XOOX-----XOX----XO-------------------- X;,1,50,8,6,2,0,-20,0,64,2.75,0.7499999999999999,2.25,4.25,4.0,9.75,0.75,0.25,1.25,2.0,2.25,4.25,4.0,161293,-63.287433428605084,-5.949297241665788,-64.0,-4.0,-64.0,64.0,1.0
----X-------XX----O-X----X-OO-----XOOO-----O------O------------- X;,1,50,6,8,-2,0,-10,0,64,4.875000000000001,1.1249999999999998,0.12500000000000003,0.875,7.000000000000001,7.375,1.625,0.625,1.375,3.0,0.12500000000000003,0.875,7.000000000000001,407085,-63.90080695677807,-4.374791505459548,-64.0,-4.0,-64.0,64.0,1.0
-----------X------O-X-----OXXX---OOOO----XO-O------------------- X;,1,50,6,8,-2,0,-12,0,64,1.2500000000000002,0.25,0.7499999999999999,1.7500000000000002,10.000000000000002,8.75,0.75,0.25,0.25,4.0,0.7499999999999999,1.7500000000000002,10.000000000000002,803595,-63.41413522981104,-6.8914341179325405,-64.0,-4.0,-64.0,64.0,1.0
-----------X------O-X------OOX---OXOX----XOOO------------------- X;,1,50,6,8,-2,0,-14,0,64,2.25,0.25,1.7500000000000002,2.75,7.000000000000001,8.75,0.75,0.25,1.25,3.0,1.7500000000000002,2.75,7.000000000000001,629045,-63.35547377373638,-6.837402729534453,-64.0,-4.0,-64.0,64.0,1.0
-----------X------O-X-----OOOX---OXOXX---X--O------------------- X;,1,50,7,7,0,0,-14,0,64,1.875,0.12500000000000003,1.1249999999999998,3.875,7.000000000000001,9.375,0.625,0.625,0.375,3.0,1.1249999999999998,3.875,7.000000000000001,481769,-63.13228538988602,-7.161863880822552,-64.0,-4.0,-64.0,64.0,1.0
------------OX----O-X----X-OO-----XOXXX---OX-------------------- X;,1,50,8,6,2,0,-18,0,64,4.25,0.7499999999999999,1.2500000000000002,2.75,5.000000000000001,8.25,1.75,0.25,0.75,3.0,1.2500000000000002,2.75,5.000000000000001,404298,-63.52879311794765,-6.160406432878718,-64.0,-4.0,-64.0,64.0,1.0
-----------XXX----X-X----X-OO-----XOOO-----O-------O------------ X;,1,50,7,7,0,0,-20,0,64,4.875000000000001,0.6250000000000001,0.12500000000000003,1.375,7.000000000000001,8.375,1.125,0.625,0.875,3.0,0.12500000000000003,1.375,7.000000000000001,226363,-63.81438662678971,-4.70917950371748,-64.0,-4.0,-64.0,64.0,1.0
-------------------XOX----XOXXX--XOOO-------O-------O----------- X;,1,50,7,7,0,0,-10,0,64,1.375,0.12500000000000003,1.6249999999999998,2.875,8.000000000000002,9.875,1.625,0.125,0.375,2.0,1.6249999999999998,2.875,8.000000000000002,1330809,-63.91089029304731,-4.444887282848253,-64.0,-4.0,-64.0,64.0,1.0
----------XO-------X-------OOOX---OOOX----XOX------------------- X;,1,50,6,8,-2,0,-12,0,64,4.375,0.12500000000000003,1.1249999999999998,5.375,2.9999999999999996,9.375,1.125,0.125,0.375,3.0,1.1249999999999998,5.375,2.9999999999999996,1378643,-63.85724368092392,-4.436092592498565,-64.0,-4.0,-64.0,64.0,1.0
------------------OOOX----XOXX---X-XXX------O-------O----------- X;,1,50,8,6,2,0,-12,0,64,1.0,0.5000000000000001,5.000000000000001,2.5000000000000004,5.000000000000001,10.0,0.5,0.0,0.5,3.0,5.000000000000001,2.5000000000000004,5.000000000000001,1146346,-63.84870885404581,-4.655283832281004,-64.0,-4.0,-64.0,64.0,1.0
-------------------OX-----OOOX---XXOX-X---OO-------O------------ X;,1,50,6,8,-2,0,-14,0,64,1.375,0.6250000000000001,1.6249999999999998,3.375,7.000000000000001,9.875,0.125,0.125,0.875,3.0,1.6249999999999998,3.375,7.000000000000001,954623,-63.76602491245235,-5.334809657843986,-64.0,-4.0,-64.0,64.0,1.0
--------------------X-----OXOX---OOOX-X--XOO-------O------------ X;,1,50,6,8,-2,0,-16,0,64,0.6250000000000001,0.37499999999999994,0.37499999999999994,5.625,7.000000000000001,8.625,0.375,0.375,1.625,3.0,0.37499999999999994,5.625,7.000000000000001,484736,-63.64355030367045,-5.97827270926855,-64.0,-4.0,-64.0,64.0,1.0
-----------X--------X----O-XOX---OOOX----XOOO------------------- X;,1,50,6,8,-2,0,-16,0,64,0.6250000000000001,0.37499999999999994,1.375,4.625,7.000000000000001,8.625,0.375,0.375,1.625,3.0,1.375,4.625,7.000000000000001,443751,-63.61716818666324,-5.947808568318719,-64.0,-4.0,-64.0,64.0,1.0
-----------X--------X-----OOOX--XXOOX-----OOO------------------- X;,1,50,6,8,-2,0,-16,0,64,2.3749999999999996,0.6250000000000001,0.12500000000000003,1.875,9.0,9.375,0.625,0.125,0.875,3.0,0.12500000000000003,1.875,9.0,738348,-63.3697172606955,-6.064896227795024,-64.0,-4.0,-64.0,64.0,1.0
-------------------X-O----XOXOX--X-XOO------OO------O----------- X;,1,50,6,8,-2,0,-18,0,64,1.2500000000000002,0.25,1.2500000000000002,5.25,5.999999999999999,9.25,1.25,0.25,1.25,2.0,1.2500000000000002,5.25,5.999999999999999,699637,-63.81867168260112,-5.115278351487986,-64.0,-4.0,-64.0,64.0,1.0
------------------OX------XOXXX--X-XX-----OOO-------O----------- X;,1,50,8,6,2,0,-16,0,64,2.25,0.25,2.25,2.25,7.000000000000001,9.25,1.25,0.25,0.25,3.0,2.25,2.25,7.000000000000001,976487,-63.48386614465937,-6.238848033819191,-64.0,-4.0,-64.0,64.0,1.0
------------------OX-----OOOXXX--X-XXX------O-------O----------- X;,1,50,8,6,2,0,-16,0,64,1.375,0.6250000000000001,0.6250000000000001,3.375,8.000000000000002,9.375,0.625,0.625,1.375,2.0,0.6250000000000001,3.375,8.000000000000002,442131,-63.670902967672475,-5.435153834497015,-64.0,-4.0,-64.0,64.0,1.0
-----------------XXX------XOXXX--X-OO------OO-------O----------- X;,1,50,8,6,2,0,-22,0,64,1.6249999999999998,0.37499999999999994,2.3749999999999996,2.625,7.000000000000001,8.625,1.375,0.375,0.625,3.0,2.3749999999999996,2.625,7.000000000000001,187370,-62.55175321556279,-7.369365426695842,-64.0,-4.0,-64.0,64.0,1.0
----------X-------XX------XOXXX--X-OO------OO-------O----------- X;,1,50,8,6,2,0,-22,0,64,1.6249999999999998,0.37499999999999994,2.3749999999999996,2.625,7.000000000000001,8.625,1.375,0.375,0.625,3.0,2.3749999999999996,2.625,7.000000000000001,165193,-62.33605540186328,-7.191745412941226,-64.0,-4.0,-64.0,64.0,1.0
------------OX-----OX----X-OO-----XOXXX---OX-------------------- X;,1,50,8,6,2,0,-24,0,64,2.625,1.375,1.375,3.6250000000000004,5.000000000000001,8.625,1.375,0.375,0.625,3.0,1.375,3.6250000000000004,5.000000000000001,241183,-63.15287561726987,-6.095728140043038,-64.0,-4.0,-64.0,64.0,1.0
---X-------X-------X-------XX-X--XXXOX-----OOO------------------ X;,1,50,10,4,6,0,-34,0,64,2.625,1.375,1.375,1.6249999999999998,7.000000000000001,8.625,1.375,0.375,0.625,3.0,1.375,1.6249999999999998,7.000000000000001,64078,-60.986953400543086,-8.325977714660258,-64.0,-4.0,-64.0,64.0,1.0
----------X-------OXX-----XOOO----XXOX-----OO------------------- X;,1,50,7,7,0,0,-10,0,64,1.875,0.6250000000000001,0.6250000000000001,1.875,9.0,12.375,0.125,0.125,0.375,1.0,0.6250000000000001,1.875,9.0,1384369,-63.84720403302877,-4.596394458413905,-64.0,-4.0,-64.0,64.0,1.0
-----------------O-XX-X---OXOX---XOOO------XO------------------- X;,1,50,7,7,0,0,-16,0,64,1.2500000000000002,0.7499999999999999,1.2500000000000002,2.75,8.000000000000002,10.75,0.25,0.75,0.25,2.0,1.2500000000000002,2.75,8.000000000000002,497845,-63.47486868402816,-6.399421506693851,-64.0,-4.0,-64.0,64.0,1.0
-------------------XX-X---OXOX---OOOO----X-XO------------------- X;,1,50,7,7,0,0,-20,0,64,1.7500000000000002,0.7499999999999999,1.7500000000000002,2.75,7.000000000000001,10.75,0.75,0.75,0.75,1.0,1.7500000000000002,2.75,7.000000000000001,314307,-63.474481955540284,-5.9540067513609305,-64.0,-4.0,-64.0,64.0,1.0
----------X--------X------XXXXX---XXOOO----OO------------------- X;,1,50,9,5,4,0,-20,0,64,1.2500000000000002,1.7500000000000002,1.2500000000000002,1.7500000000000002,8.000000000000002,10.75,0.25,0.75,0.25,2.0,1.2500000000000002,1.7500000000000002,8.000000000000002,608496,-63.23582735137125,-6.575602797717651,-64.0,-4.0,-64.0,64.0,1.0
----------X--------XOX----XOOX----XXOX-----OO------------------- X;,1,50,8,6,2,1,-22,0,64,1.875,0.6250000000000001,4.625,1.875,5.000000000000001,12.375,0.125,0.125,0.375,1.0,4.625,1.875,5.000000000000001,215352,-63.41910917939002,-5.80840670158624,-64.0,-4.0,-64.0,64.0,1.0
------------------OXX-X--XXOOX----XOO------XO------------------- X;,1,50,8,6,2,0,-22,0,64,7.625000000000001,0.37499999999999994,0.37499999999999994,1.6249999999999998,4.0,10.625,0.375,0.375,0.625,2.0,0.37499999999999994,1.6249999999999998,4.0,477352,-63.375509058304985,-6.343595501851883,-64.0,-4.0,-64.0,64.0,1.0
-------------X---OX-X-----OOOX----XOX------OO------O------------ X;,1,50,6,8,-2,0,-10,0,64,1.375,0.6250000000000001,1.1249999999999998,3.875,7.000000000000001,9.375,0.625,0.125,0.875,3.0,1.1249999999999998,3.875,7.000000000000001,895541,-63.9290730407653,-4.389474072097202,-64.0,-4.0,-64.0,64.0,1.0
----------X--------X-XO---XOOO----XXOX-----OO------------------- X;,1,50,7,7,0,0,-10,0,64,1.375,0.12500000000000003,1.6249999999999998,2.875,8.000000000000002,10.875,0.625,0.125,0.375,2.0,1.6249999999999998,2.875,8.000000000000002,950358,-63.70329917778353,-5.524345562409113,-64.0,-4.0,-64.0,64.0,1.0
-------------X---OX-XO---XXXOX----XOO-------O------------------- X;,1,50,8,6,2,0,-10,0,64,2.25,0.25,1.7500000000000002,3.7500000000000004,5.999999999999999,8.75,0.75,0.25,0.25,4.0,1.7500000000000002,3.7500000000000004,5.999999999999999,938626,-63.690466703458036,-5.559703225778958,-64.0,-4.0,-64.0,64.0,1.0
----------X--------X-XO---XOXO----OOOX----XO-------------------- X;,1,50,7,7,0,0,-12,0,64,2.0000000000000004,0.5000000000000001,0.5000000000000001,7.000000000000001,4.0,10.0,0.5,0.5,1.0,2.0,0.5000000000000001,7.000000000000001,4.0,810005,-63.886647613286335,-4.774501391966716,-64.0,-4.0,-64.0,64.0,1.0
----------X--------X-XXX--XOOO-----OOOO----O-------------------- X;,1,50,6,8,-2,0,-12,0,64,5.125000000000001,0.875,0.37499999999999994,1.6249999999999998,5.999999999999999,8.125,0.875,0.375,0.625,4.0,0.37499999999999994,1.6249999999999998,5.999999999999999,601928,-63.82940152310575,-4.560076952725243,-64.0,-4.0,-64.0,64.0,1.0
-----------------X-X------XXXXX----OO-----XOO-----O-O----------- X;,1,50,8,6,2,0,-20,0,64,0.37499999999999994,0.12500000000000003,2.125,1.375,10.000000000000002,8.375,1.125,0.125,0.375,4.0,2.125,1.375,10.000000000000002,221339,-62.27356227325505,-8.668431681718992,-64.0,-4.0,-64.0,64.0,1.0
-------------------OX-----XXXX----XOOO---XOOO------------------- X;,1,50,7,7,0,0,-12,0,64,0.37499999999999994,0.12500000000000003,2.125,2.3749999999999996,9.0,12.375,0.125,0.125,0.375,1.0,2.125,2.3749999999999996,9.0,2933055,-63.62633977201246,-6.382423786802498,-64.0,-4.0,-64.0,64.0,1.0
-----------X------OXX-X---OOOX----XXO------XO------------------- X;,1,50,8,6,2,0,-14,0,64,2.625,0.37499999999999994,0.37499999999999994,4.625,5.999999999999999,10.625,0.375,0.375,0.625,2.0,0.37499999999999994,4.625,5.999999999999999,664249,-63.37582743820465,-6.046470525360219,-64.0,-4.0,-64.0,64.0,1.0
------------------XXX-X---XOOX----XOO------OO------O------------ X;,1,50,7,7,0,0,-16,0,64,5.625,0.37499999999999994,1.375,0.6250000000000001,5.999999999999999,10.625,0.375,0.375,0.625,2.0,1.375,0.6250000000000001,5.999999999999999,312234,-63.48281737414887,-5.485930423976889,-64.0,-4.0,-64.0,64.0,1.0
-------------X----X-X-----XOOX----XOOO-----OO------O------------ X;,1,50,6,8,-2,0,-18,0,64,4.625,0.37499999999999994,1.375,1.6249999999999998,5.999999999999999,10.625,0.375,0.375,0.625,2.0,1.375,1.6249999999999998,5.999999999999999,453620,-63.768317093602576,-5.232736651823112,-64.0,-4.0,-64.0,64.0,1.0
-------------------OX-X--XXXOX----XOOO-----XO------------------- X;,1,50,8,6,2,0,-20,0,64,1.7500000000000002,0.7499999999999999,0.7499999999999999,5.749999999999999,5.000000000000001,12.25,0.25,0.25,0.25,1.0,0.7499999999999999,5.749999999999999,5.000000000000001,498144,-63.49659134708036,-5.731555534142738,-64.0,-4.0,-64.0,64.0,1.0
-------------X------X----XXXXX----XOOO----OOO------------------- X;,1,50,8,6,2,0,-22,0,64,0.6250000000000001,0.37499999999999994,1.375,1.6249999999999998,10.000000000000002,10.625,0.375,0.375,0.625,2.0,1.375,1.6249999999999998,10.000000000000002,775512,-62.85590680737371,-7.397218869598407,-64.0,-4.0,-64.0,64.0,1.0
-------------X-----OX----XXOXX----XOO-----XOO------------------- X;,1,50,8,6,2,0,-20,0,64,1.6249999999999998,0.37499999999999994,3.375,2.625,5.999999999999999,10.625,0.375,0.375,0.625,2.0,3.375,2.625,5.999999999999999,770666,-63.34026154001863,-6.199357438890518,-64.0,-4.0,-64.0,64.0,1.0
-------------X-----OX----XXOXX----XOX-----OOO------------------- X;,1,50,8,6,2,0,-20,0,64,0.6250000000000001,0.37499999999999994,3.375,1.6249999999999998,8.000000000000002,10.625,0.375,0.375,0.625,2.0,3.375,1.6249999999999998,8.000000000000002,892695,-63.122692520961806,-7.082367437926727,-64.0,-4.0,-64.0,64.0,1.0
-----------X-O-----XO-----OOO-----XXXXX--X-X-------------------- X;,1,50,9,5,4,0,-20,0,64,1.0,1.0,0.5000000000000001,0.5000000000000001,11.0,9.5,0.5,0.0,1.0,3.0,0.5000000000000001,0.5000000000000001,11.0,336850,-62.663719756568206,-8.644138340507645,-64.0,-4.0,-64.0,64.0,1.0
----------X--------XO-----XXOXX---XXOX-----OO------------------- X;,1,50,9,5,4,0,-20,0,64,0.7499999999999999,0.7499999999999999,4.750000000000001,0.7499999999999999,7.000000000000001,12.25,0.25,0.25,0.25,1.0,4.750000000000001,0.7499999999999999,7.000000000000001,661672,-63.619131533448595,-5.449618542117545,-64.0,-4.0,-64.0,64.0,1.0
-------------X----XXXO---XXOOX----XOO-------O------------------- X;,1,50,8,6,2,0,-20,0,64,6.25,0.25,0.7499999999999999,1.7500000000000002,5.000000000000001,9.75,0.75,0.25,0.25,3.0,0.7499999999999999,1.7500000000000002,5.000000000000001,388569,-63.16026754578981,-7.011490880641533,-64.0,-4.0,-64.0,64.0,1.0
-----------X-------XX-----OOOO----XXOX---X-X--X----------------- X;,1,50,9,5,4,0,-22,0,64,2.75,0.25,1.7500000000000002,1.2500000000000002,8.000000000000002,10.75,0.25,0.75,0.25,2.0,1.7500000000000002,1.2500000000000002,8.000000000000002,297218,-63.55588827056235,-5.51641556029581,-64.0,-4.0,-64.0,64.0,1.0
------------XX-----XX----XXOXX----OOO----O--O------------------- X;,1,50,8,6,2,0,-22,0,64,2.0000000000000004,1.4999999999999998,0.5000000000000001,1.0,9.0,9.5,1.0,0.0,0.5,3.0,0.5000000000000001,1.0,9.0,405884,-63.31897290851573,-7.2710774507002,-64.0,-4.0,-64.0,64.0,1.0
----------X--X-----XX----XXOXX----OOO----O--O------------------- X;,1,50,8,6,2,0,-24,0,64,1.7500000000000002,0.7499999999999999,1.2500000000000002,1.2500000000000002,9.0,9.75,0.75,0.25,0.25,3.0,1.2500000000000002,1.2500000000000002,9.0,278926,-62.819543534844364,-8.2495787413149,-64.0,-4.0,-64.0,64.0,1.0
-------------X------XXX--XXXOX-----OO-----OOO------------------- X;,1,50,8,6,2,0,-22,0,64,1.7500000000000002,0.25,1.2500000000000002,1.7500000000000002,9.0,8.75,0.25,0.25,1.75,3.0,1.2500000000000002,1.7500000000000002,9.0,262562,-63.37444870163999,-5.566563325995384,-64.0,-4.0,-64.0,64.0,1.0
-----------X-------XX------XO-----XXOXX--XOOO------------------- X;,1,50,9,5,4,0,-24,0,64,1.375,0.12500000000000003,0.6250000000000001,0.875,11.0,9.375,0.125,0.625,0.875,3.0,0.6250000000000001,0.875,11.0,305132,-63.136537629616036,-6.6882922800624,-64.0,-4.0,-64.0,64.0,1.0
----------X--------XX------OX----OOOXXX--XOX-------------------- X;,1,50,9,5,4,0,-28,0,64,1.875,2.125,1.1249999999999998,0.875,8.000000000000002,8.375,0.625,0.625,0.375,4.0,1.1249999999999998,0.875,8.000000000000002,71771,-60.97524069610288,-9.389363391899234,-64.0,-4.0,-64.0,64.0,1.0
-----------O------XOX------OO-----XOXXX--XOX-------------------- X;,1,50,8,6,2,0,-28,0,64,2.25,1.7500000000000002,0.7499999999999999,3.2499999999999996,5.999999999999999,8.75,0.25,0.25,0.75,4.0,0.7499999999999999,3.2499999999999996,5.999999999999999,45485,-62.830955259975816,-5.608398373090029,-64.0,-4.0,-64.0,64.0,1.0
-------------------XX------XXO----XOXO----OOOO-----O------------ X;,1,50,6,8,-2,3206,-2,0,64,2.25,0.25,0.25,1.2500000000000002,10.000000000000002,11.25,0.25,0.25,0.25,2.0,0.25,1.2500000000000002,10.000000000000002,4206250,-63.795827637444276,-5.310081426448737,-64.0,-4.0,-64.0,64.0,1.0
-------------------XX----XXXXO----OOOO----O-OO------------------ X;,1,50,6,8,-2,15,-8,0,64,1.2500000000000002,1.2500000000000002,1.2500000000000002,0.25,10.000000000000002,11.25,0.25,0.25,0.25,2.0,1.2500000000000002,0.25,10.000000000000002,3309802,-63.79763562895907,-5.075483669415874,-64.0,-4.0,-64.0,64.0,1.0
-------------------XX-----OXX----OOOOX---XO-OO------------------ X;,1,50,6,8,-2,9,-8,0,64,1.2500000000000002,0.7499999999999999,0.7499999999999999,0.25,11.0,9.75,0.25,0.25,0.75,3.0,0.7499999999999999,0.25,11.0,1709777,-63.56615160924495,-6.059138706392705,-64.0,-4.0,-64.0,64.0,1.0
------------X------XXO----XXX-----XXXO------OO-----O------------ X;,1,50,9,5,4,1,-12,0,64,5.5,0.0,0.0,0.5000000000000001,8.000000000000002,10.0,0.5,0.5,1.0,2.0,0.0,0.5000000000000001,8.000000000000002,933580,-63.56363889543478,-6.06754000728379,-64.0,-4.0,-64.0,64.0,1.0
--------------------XO----XXXOX---XXOO-----OOO------------------ X;,1,50,7,7,0,3,-12,0,64,2.25,0.25,0.25,1.2500000000000002,10.000000000000002,11.25,0.25,0.25,0.25,2.0,0.25,1.2500000000000002,10.000000000000002,1175860,-63.31389110948582,-6.942653036926164,-64.0,-4.0,-64.0,64.0,1.0
--------------------XXX---XXOO----XOO-----OOOO------------------ X;,1,50,6,8,-2,3,-12,0,64,1.375,0.6250000000000001,0.6250000000000001,1.375,10.000000000000002,10.875,0.125,0.125,0.875,2.0,0.6250000000000001,1.375,10.000000000000002,1688845,-63.72885374323872,-5.3117781679194955,-64.0,-4.0,-64.0,64.0,1.0
------------------OX------OOXX---XOOXX----OOO------------------- X;,1,50,6,8,-2,1,-14,0,64,1.2500000000000002,0.25,0.25,0.25,11.999999999999998,11.25,0.25,0.25,0.25,2.0,0.25,0.25,11.999999999999998,835425,-63.17781488463955,-7.42015141993596,-64.0,-4.0,-64.0,64.0,1.0
-------------OX-----XO----XXXO----XXO------OOO------------------ X;,1,50,7,7,0,0,-20,0,64,2.3749999999999996,0.6250000000000001,0.6250000000000001,1.375,9.0,9.875,0.125,0.125,0.875,3.0,0.6250000000000001,1.375,9.0,2491450,-63.49577876337073,-7.3148415581288,-64.0,-4.0,-64.0,64.0,1.0
---------X--------XOOO-----XOX----OOXX----OX-------------------- X;,1,50,7,7,0,0,-22,0,64,0.5000000000000001,0.5000000000000001,0.5000000000000001,6.499999999999999,5.999999999999999,11.0,0.0,0.0,1.0,2.0,0.5000000000000001,6.499999999999999,5.999999999999999,1082685,-63.33819901448713,-6.763481529715476,-64.0,-4.0,-64.0,64.0,1.0
--------------------XOO----XXOX---XXOO-----OOO------------------ X;,1,50,6,8,-2,95,-4,0,64,2.75,0.25,0.25,1.7500000000000002,9.0,9.75,0.25,0.25,0.75,3.0,0.25,1.7500000000000002,9.0,1599932,-63.162821919931595,-8.593480222909474,-64.0,-4.0,-64.0,64.0,1.0
-----------X-------XOO----XXXO-----XOO-----OOO------------------ X;,1,50,6,8,-2,67,-4,0,64,3.2499999999999996,0.25,0.25,2.25,8.000000000000002,11.25,0.25,0.25,0.25,2.0,0.25,2.25,8.000000000000002,5304182,-63.77812639159063,-5.3210097240253065,-64.0,-4.0,-64.0,64.0,1.0
------------------O-X-X----OXX----XOOO----OOOO------------------ X;,1,50,5,9,-4,12,-6,0,64,3.375,0.6250000000000001,0.6250000000000001,3.375,5.999999999999999,10.875,0.125,0.125,0.875,2.0,0.6250000000000001,3.375,5.999999999999999,3029571,-63.93977035032353,-4.316574854987719,-64.0,-4.0,-64.0,64.0,1.0
-------------------X-O----XXO----XXOOX----OOOO------------------ X;,1,50,6,8,-2,3,-8,0,64,3.875,0.12500000000000003,2.125,1.875,5.999999999999999,10.875,0.125,0.125,0.875,2.0,2.125,1.875,5.999999999999999,1211964,-63.76534781561168,-5.057835051206141,-64.0,-4.0,-64.0,64.0,1.0
-------------------X------OXX----OOOOX---XOOOO------------------ X;,1,50,5,9,-4,4,-8,0,64,1.7500000000000002,0.25,0.25,0.7499999999999999,11.0,9.75,0.25,0.25,0.75,3.0,0.25,0.7499999999999999,11.0,1777952,-63.48032905275283,-7.098563965731358,-64.0,-4.0,-64.0,64.0,1.0
------------------OX-----OOOX----XOXXX----OOO------------------- X;,1,50,6,8,-2,14,-10,0,64,2.5000000000000004,0.5000000000000001,0.0,2.0000000000000004,9.0,10.0,0.0,0.5,0.5,3.0,0.0,2.0000000000000004,9.0,968964,-63.19291944798775,-7.363871103570411,-64.0,-4.0,-64.0,64.0,1.0
--------------------XXX----XOOO---XXXO-----OOO------------------ X;,1,50,7,7,0,1,-12,0,64,1.7500000000000002,0.25,0.25,2.75,9.0,9.75,0.25,0.25,0.75,3.0,0.25,2.75,9.0,1120293,-63.594559637523396,-5.186291443399182,-64.0,-4.0,-64.0,64.0,1.0
-------------OX-----XO-----XXO----XXXO-----OOO------------------ X;,1,50,7,7,0,0,-22,0,64,5.875000000000001,0.12500000000000003,0.12500000000000003,0.875,7.000000000000001,9.875,0.125,0.125,0.875,3.0,0.12500000000000003,0.875,7.000000000000001,3005898,-63.32737172053077,-8.116149649788516,-64.0,-4.0,-64.0,64.0,1.0
---------X--------XOOO----OXOX----OOX-----OX-------------------- X;,1,50,6,8,-2,0,-28,0,64,1.0,0.0,0.0,7.000000000000001,5.999999999999999,11.0,0.0,0.0,1.0,2.0,0.0,7.000000000000001,5.999999999999999,709414,-63.08133191620126,-8.486736940629871,-64.0,-4.0,-64.0,64.0,1.0
--------------------XX-----XXX----XOXOO---OOOO------------------ X;,1,50,7,7,0,45,-6,0,64,1.375,0.6250000000000001,0.6250000000000001,3.375,8.000000000000002,10.875,0.125,0.125,0.875,2.0,0.6250000000000001,3.375,8.000000000000002,2274995,-63.66063310029253,-5.676087200191649,-64.0,-4.0,-64.0,64.0,1.0
------------------XX-O----XOO----XOOOX--X---OO------------------ X;,1,50,6,8,-2,1,-6,0,64,4.625,1.375,0.37499999999999994,1.6249999999999998,5.999999999999999,9.625,0.375,0.375,1.625,2.0,0.37499999999999994,1.6249999999999998,5.999999999999999,1124649,-63.93315069857351,-4.183767557700225,-64.0,-4.0,-64.0,64.0,1.0
-----------O-------OXX----OOOX---XOXX-----OX-------------------- X;,1,50,7,7,0,1,-8,0,64,0.0,0.5000000000000001,1.0,2.5000000000000004,10.000000000000002,10.0,0.5,0.0,1.5,2.0,1.0,2.5000000000000004,10.000000000000002,1097149,-63.489529681018716,-6.116640492768075,-64.0,-4.0,-64.0,64.0,1.0
------------------XX------XOX----OXOOX----XOOO------------------ X;,1,50,7,7,0,4,-10,0,64,1.875,0.12500000000000003,2.125,1.875,8.000000000000002,10.875,0.125,0.125,0.875,2.0,2.125,1.875,8.000000000000002,1164810,-63.58597711214705,-5.890759866415982,-64.0,-4.0,-64.0,64.0,1.0
-----------O-------OXX---X-OOX---OOOX-----OX-------------------- X;,1,50,6,8,-2,0,-10,0,64,1.2500000000000002,2.25,0.25,2.25,8.000000000000002,9.25,0.25,0.25,2.25,2.0,0.25,2.25,8.000000000000002,487986,-63.446807900226645,-7.20799777042784,-64.0,-4.0,-64.0,64.0,1.0
---X-------X-------XXX-----XOX----OXO-----OOO------------------- X;,1,50,8,6,2,1,-16,0,64,0.25,0.25,0.25,0.25,12.999999999999998,9.75,0.75,0.75,1.75,1.0,0.25,0.25,12.999999999999998,916819,-63.58296893934354,-5.724512690072959,-64.0,-4.0,-64.0,64.0,1.0
--------------------XXX----XOX----XOX-----XOO------OO----------- X;,1,50,8,6,2,0,-16,0,64,1.7500000000000002,0.25,1.7500000000000002,6.25,4.0,8.75,0.25,0.75,2.25,2.0,1.7500000000000002,6.25,4.0,103171,-62.86396371073267,-7.298523809985364,-64.0,-4.0,-64.0,64.0,1.0
-------------OX-----XO-----XXO----XXO-----XXO-------O----------- X;,1,50,8,6,2,0,-20,0,64,1.6249999999999998,1.375,0.37499999999999994,2.625,8.000000000000002,8.625,0.375,0.375,2.625,2.0,0.37499999999999994,2.625,8.000000000000002,1464830,-63.442937405705784,-7.319623437532,-64.0,-4.0,-64.0,64.0,1.0
------------X-----XOOO----XXOX----OOO------XO------------------- X;,1,50,6,8,-2,87,-6,0,64,1.2500000000000002,1.2500000000000002,1.2500000000000002,2.25,8.000000000000002,11.25,0.25,0.25,0.25,2.0,1.2500000000000002,2.25,8.000000000000002,2341941,-63.86658160901577,-4.434748783167467,-64.0,-4.0,-64.0,64.0,1.0
-----------O-------OXX----OOXX---XOXX-----OX-------------------- X;,1,50,8,6,2,0,-12,0,64,1.0,0.5000000000000001,1.0,3.5,8.000000000000002,10.0,0.5,0.0,1.5,2.0,1.0,3.5,8.000000000000002,1452451,-63.47087922415283,-6.180620206809042,-64.0,-4.0,-64.0,64.0,1.0
------------------OX-----XOXX-----OOOX---XOOO------------------- X;,1,50,6,8,-2,0,-12,0,64,1.7500000000000002,0.25,0.25,0.7499999999999999,11.0,9.75,0.25,0.25,0.75,3.0,0.25,0.7499999999999999,11.0,743476,-62.746200280842956,-8.545513237818033,-64.0,-4.0,-64.0,64.0,1.0
--------------------XXX----XXOX---XOOO-----OOO------------------ X;,1,50,7,7,0,0,-14,0,64,0.7499999999999999,0.25,0.25,1.7500000000000002,11.0,9.75,0.25,0.25,0.75,3.0,0.25,1.7500000000000002,11.0,444144,-62.93880813429879,-6.115174357865917,-64.0,-4.0,-64.0,64.0,1.0
--------------------X------XXXX---XXOX----OOO------O------O----- X;,1,50,8,6,2,0,-14,0,64,1.875,0.6250000000000001,2.625,1.875,7.000000000000001,9.375,0.125,0.125,1.375,3.0,2.625,1.875,7.000000000000001,375663,-62.96565804990111,-7.760098811967109,-64.0,-4.0,-64.0,64.0,1.0
-----------X-------XX-----OOOX---XOOO-----OOO------------------- X;,1,50,5,9,-4,0,-16,0,64,4.875000000000001,0.6250000000000001,0.12500000000000003,0.37499999999999994,8.000000000000002,10.875,0.625,0.125,0.375,2.0,0.12500000000000003,0.37499999999999994,8.000000000000002,644229,-63.378391845135816,-6.671320291387069,-64.0,-4.0,-64.0,64.0,1.0
------------X------OOX----XOOXX---OOO------XO------------------- X;,1,50,6,8,-2,0,-18,0,64,4.875000000000001,1.1249999999999998,1.1249999999999998,0.875,5.999999999999999,10.875,0.125,0.125,0.875,2.0,1.1249999999999998,0.875,5.999999999999999,639463,-63.634046066777906,-5.297138380172113,-64.0,-4.0,-64.0,64.0,1.0
-----------XXO-----XOO----XOXX----OXX------X-------------------- X;,1,50,9,5,4,0,-18,0,64,2.3749999999999996,0.12500000000000003,0.6250000000000001,1.875,9.0,9.375,0.125,0.625,0.875,3.0,0.6250000000000001,1.875,9.0,281171,-60.98340155990483,-11.97337563262214,-64.0,-4.0,-64.0,64.0,1.0
------------X-X----OOX----XOOX----OOO------XO------------------- X;,1,50,6,8,-2,0,-30,0,64,4.750000000000001,1.2500000000000002,1.2500000000000002,0.7499999999999999,5.999999999999999,10.75,0.25,0.25,0.75,2.0,1.2500000000000002,0.7499999999999999,5.999999999999999,749101,-63.07195157929305,-6.995417173385165,-64.0,-4.0,-64.0,64.0,1.0
-------------------XX-----OXX----OOOOX----XOOO------------------ X;,1,50,6,8,-2,5,-8,0,64,0.25,0.25,0.25,1.2500000000000002,11.999999999999998,11.25,0.25,0.25,0.25,2.0,0.25,1.2500000000000002,11.999999999999998,2249535,-63.59177341094937,-6.177412665284159,-64.0,-4.0,-64.0,64.0,1.0
------------------XX------XOX----OOOOX----XOOO------------------ X;,1,50,6,8,-2,4,-12,0,64,1.375,0.6250000000000001,0.6250000000000001,3.375,8.000000000000002,10.875,0.125,0.125,0.875,2.0,0.6250000000000001,3.375,8.000000000000002,1101790,-63.512015901396815,-6.160789261111464,-64.0,-4.0,-64.0,64.0,1.0
-------------------X-O----XOO----XXOOX----XOOO------------------ X;,1,50,6,8,-2,0,-12,0,64,4.875000000000001,0.12500000000000003,2.125,0.875,5.999999999999999,10.875,0.125,0.125,0.875,2.0,2.125,0.875,5.999999999999999,1142914,-63.77272830676674,-4.987365628559979,-64.0,-4.0,-64.0,64.0,1.0
------------------OX------XOX----XXOXX----XOO------O------------ X;,1,50,8,6,2,2,-14,0,64,0.5000000000000001,0.5000000000000001,2.5000000000000004,1.4999999999999998,9.0,10.0,0.0,0.0,1.0,3.0,2.5000000000000004,1.4999999999999998,9.0,988121,-62.998278550906214,-7.444149046523655,-64.0,-4.0,-64.0,64.0,1.0
-------------X----XOOX----XOOX----OOO------XO------------------- X;,1,50,6,8,-2,1,-14,0,64,5.25,1.2500000000000002,1.2500000000000002,0.25,5.999999999999999,11.25,0.25,0.25,0.25,2.0,1.2500000000000002,0.25,5.999999999999999,982147,-63.72896521600127,-5.015312371773268,-64.0,-4.0,-64.0,64.0,1.0
------------------OX-----XXXX-----XOOX----XOO------O------------ X;,1,50,8,6,2,1,-16,0,64,0.5000000000000001,0.0,2.5000000000000004,2.0000000000000004,9.0,10.0,0.5,0.0,0.5,3.0,2.5000000000000004,2.0000000000000004,9.0,1286122,-63.225899253725544,-6.499465836055989,-64.0,-4.0,-64.0,64.0,1.0
------------------XXXXX---XOOX----OOOO-----X-------------------- X;,1,50,8,6,2,0,-16,0,64,6.25,0.25,1.2500000000000002,0.25,5.999999999999999,11.25,0.25,0.25,0.25,2.0,1.2500000000000002,0.25,5.999999999999999,402744,-63.28080368670918,-5.652469062233081,-64.0,-4.0,-64.0,64.0,1.0
-----------X-------XXX----XXOO-----XOO-----OOO------------------ X;,1,50,7,7,0,0,-18,0,64,0.25,0.25,0.25,1.2500000000000002,11.999999999999998,11.25,0.25,0.25,0.25,2.0,0.25,1.2500000000000002,11.999999999999998,810645,-63.114880126319164,-6.731765446033714,-64.0,-4.0,-64.0,64.0,1.0
------------X------XX-----XXO-----XOOO----OOOO------------------ X;,1,50,6,8,-2,3,-8,0,64,2.25,0.25,0.25,1.2500000000000002,10.000000000000002,11.25,0.25,0.25,0.25,2.0,0.25,1.2500000000000002,10.000000000000002,2446439,-63.70682285558724,-5.2769106444100995,-64.0,-4.0,-64.0,64.0,1.0
-----------X-------XX----XOOOX----OOO-----OX-O------------------ X;,1,50,6,8,-2,0,-14,0,64,5.999999999999999,0.0,2.0000000000000004,1.0,5.000000000000001,10.0,0.0,0.0,1.0,3.0,2.0000000000000004,1.0,5.000000000000001,456556,-63.750449013921624,-5.21614435030971,-64.0,-4.0,-64.0,64.0,1.0
-------------X-----OXX---XXOOX----XOO------X-O------------------ X;,1,50,8,6,2,0,-14,0,64,6.25,0.7499999999999999,0.7499999999999999,3.2499999999999996,2.9999999999999996,9.75,0.25,0.25,0.75,3.0,0.7499999999999999,3.2499999999999996,2.9999999999999996,511893,-63.60688659544084,-5.488756439334002,-64.0,-4.0,-64.0,64.0,1.0
-------------------XOO----XXOX---XXOOX------OO------------------ X;,1,50,7,7,0,0,-14,0,64,3.2499999999999996,0.25,3.2499999999999996,1.2500000000000002,5.999999999999999,11.25,0.25,0.25,0.25,2.0,3.2499999999999996,1.2500000000000002,5.999999999999999,1534158,-63.70904952423414,-5.176247818021351,-64.0,-4.0,-64.0,64.0,1.0
-----------X-------XX-----XXXX----OOO-----OOOO------------------ X;,1,50,7,7,0,0,-16,0,64,1.2500000000000002,0.25,0.25,0.25,11.999999999999998,11.25,0.25,0.25,0.25,2.0,0.25,0.25,11.999999999999998,962308,-63.26467409602747,-7.2454952052773125,-64.0,-4.0,-64.0,64.0,1.0
-----------O-----XXOXX----OOO------OOX-----XO------------------- X;,1,50,6,8,-2,3,-8,0,64,5.25,2.25,0.25,2.25,4.0,9.75,0.75,0.75,0.75,2.0,0.25,2.25,4.0,2205644,-63.74077321634861,-5.03931187444574,-64.0,-4.0,-64.0,64.0,1.0
-----------------XXXO-----XOO----X-OOX----OOO------------------- X;,1,50,6,8,-2,1,-8,0,64,4.25,0.25,2.25,3.2499999999999996,4.0,9.75,0.75,0.75,0.75,2.0,2.25,3.2499999999999996,4.0,858245,-63.7324610105506,-4.881571113143683,-64.0,-4.0,-64.0,64.0,1.0
-----------------XXXO-----OOOX-----OOX-----XOO------------------ X;,1,50,6,8,-2,0,-10,0,64,4.25,0.25,0.25,0.25,9.0,11.25,0.25,0.25,1.25,1.0,0.25,0.25,9.0,1799608,-63.812040177638686,-4.804684131210797,-64.0,-4.0,-64.0,64.0,1.0
-----------X-------XX------OOX----OOO----XXOO------O------------ X;,1,50,6,8,-2,0,-14,0,64,4.375,0.6250000000000001,0.12500000000000003,0.875,8.000000000000002,9.375,0.625,1.125,0.875,2.0,0.12500000000000003,0.875,8.000000000000002,604471,-62.94556066378701,-8.194768648950902,-64.0,-4.0,-64.0,64.0,1.0
-------------------OXXX----OOX----XXOX-----OOO------------------ X;,1,50,7,7,0,0,-14,0,64,1.2500000000000002,0.25,3.2499999999999996,3.2499999999999996,5.999999999999999,11.25,0.25,0.25,0.25,2.0,3.2499999999999996,3.2499999999999996,5.999999999999999,1738576,-63.73196915176558,-4.8905495071828895,-64.0,-4.0,-64.0,64.0,1.0
-------------X-----OOX----XOOX----XXOO----XX-------------------- X;,1,50,8,6,2,0,-16,0,64,2.25,0.25,1.2500000000000002,3.2499999999999996,7.000000000000001,11.25,0.25,0.25,1.25,1.0,1.2500000000000002,3.2499999999999996,7.000000000000001,200755,-63.04410849044856,-6.2706283778735274,-64.0,-4.0,-64.0,64.0,1.0
-------------X-----XX------XOX----XOO----XXOO------O------------ X;,1,50,8,6,2,0,-20,0,64,2.3749999999999996,0.6250000000000001,0.6250000000000001,2.3749999999999996,8.000000000000002,9.375,0.625,0.625,1.375,2.0,0.6250000000000001,2.3749999999999996,8.000000000000002,345174,-63.210537294234214,-6.47026137542225,-64.0,-4.0,-64.0,64.0,1.0
------------------OX------OOX----XOXOX----XOO-------O----------- X;,1,50,6,8,-2,0,-10,0,64,0.5000000000000001,0.0,0.5000000000000001,5.999999999999999,7.000000000000001,10.0,0.5,0.0,0.5,3.0,0.5000000000000001,5.999999999999999,7.000000000000001,708491,-63.5647001867349,-5.761975804914953,-64.0,-4.0,-64.0,64.0,1.0
-------------------XXX---XOOOX----OOO-----OX-O------------------ X;,1,50,6,8,-2,0,-12,0,64,4.875000000000001,0.12500000000000003,2.125,0.875,5.999999999999999,10.875,0.125,0.125,0.875,2.0,2.125,0.875,5.999999999999999,581108,-63.731457835720725,-5.195488618294706,-64.0,-4.0,-64.0,64.0,1.0
------------------OX-----XOXX----XOOOX----OOO------------------- X;,1,50,6,8,-2,0,-14,0,64,2.0000000000000004,0.0,0.5000000000000001,0.5000000000000001,11.0,10.0,0.0,0.5,0.5,3.0,0.5000000000000001,0.5000000000000001,11.0,937681,-63.20728478021843,-6.944150516007043,-64.0,-4.0,-64.0,64.0,1.0
-----------------XXX------OOX----XOOOX----OOO------------------- X;,1,50,6,8,-2,0,-14,0,64,1.7500000000000002,0.25,0.25,2.75,9.0,9.75,0.25,0.25,0.75,3.0,0.25,2.75,9.0,241748,-63.18515975313136,-6.45442361467313,-64.0,-4.0,-64.0,64.0,1.0
------------X------XX----XOOXX----OOO-----OX-O------------------ X;,1,50,7,7,0,0,-18,0,64,2.9999999999999996,0.5000000000000001,2.0000000000000004,1.4999999999999998,7.000000000000001,10.0,0.5,0.0,0.5,3.0,2.0000000000000004,1.4999999999999998,7.000000000000001,378044,-63.58447164880278,-5.484668451291384,-64.0,-4.0,-64.0,64.0,1.0
-----------X-------XX-----XXXX----OOOO-----OOO------------------ X;,1,50,7,7,0,4,-14,0,64,0.37499999999999994,0.12500000000000003,0.12500000000000003,0.37499999999999994,12.999999999999998,12.375,0.125,0.125,0.375,1.0,0.12500000000000003,0.37499999999999994,12.999999999999998,1663984,-63.6556541409052,-6.195851642804258,-64.0,-4.0,-64.0,64.0,1.0
------------X------XX------OXX---XOXX----OOOO------------------- X;,1,50,8,6,2,0,-14,0,64,1.875,0.12500000000000003,0.12500000000000003,1.875,10.000000000000002,9.375,0.625,0.625,1.375,2.0,0.12500000000000003,1.875,10.000000000000002,640002,-62.84496610948091,-8.002618741816432,-64.0,-4.0,-64.0,64.0,1.0
-------------------X--O--XXXXOX---XOOO------OO------------------ X;,1,50,7,7,0,0,-14,0,64,0.875,0.12500000000000003,0.6250000000000001,0.37499999999999994,11.999999999999998,9.375,0.625,1.125,0.875,2.0,0.6250000000000001,0.37499999999999994,11.999999999999998,813122,-63.32502625682247,-7.306514889524573,-64.0,-4.0,-64.0,64.0,1.0
-----------X-------XXX----XXX-----OOOO-----OOO------------------ X;,1,50,7,7,0,2,-16,0,64,0.25,0.25,0.25,1.2500000000000002,11.999999999999998,11.25,0.25,0.25,0.25,2.0,0.25,1.2500000000000002,11.999999999999998,1229834,-63.64510820159469,-5.3633205782243785,-64.0,-4.0,-64.0,64.0,1.0
------------------O-X-----OOXXX---XOOX---XOO-------------------- X;,1,50,7,7,0,0,-22,0,64,2.75,0.7499999999999999,0.7499999999999999,1.7500000000000002,8.000000000000002,9.75,0.75,0.75,0.75,2.0,0.7499999999999999,1.7500000000000002,8.000000000000002,432292,-63.31481961266921,-6.686475808018654,-64.0,-4.0,-64.0,64.0,1.0
------------X------XX-----OXXX----OOX----XOOO------------------- X;,1,50,8,6,2,0,-24,0,64,1.6249999999999998,0.37499999999999994,0.37499999999999994,1.6249999999999998,10.000000000000002,10.625,0.375,0.375,0.625,2.0,0.37499999999999994,1.6249999999999998,10.000000000000002,432923,-62.62388461689492,-8.258637217241866,-64.0,-4.0,-64.0,64.0,1.0
--------------------X-----OXXXX--XXOXX----OOO------------------- X;,1,50,9,5,4,0,-24,0,64,1.875,0.6250000000000001,1.6249999999999998,2.875,7.000000000000001,10.875,0.625,0.625,0.875,1.0,1.6249999999999998,2.875,7.000000000000001,554505,-62.72818459707307,-7.571369058890362,-64.0,-4.0,-64.0,64.0,1.0
--------------X----OOX----XOOO---XXXXO-----X-------------------- X;,1,50,8,6,2,0,-38,0,64,0.7499999999999999,0.25,0.25,0.7499999999999999,11.999999999999998,10.75,0.25,0.25,0.75,2.0,0.25,0.7499999999999999,11.999999999999998,362793,-60.64163310758477,-10.713007141813652,-64.0,-4.0,-64.0,64.0,1.0
-----------OX------XO-----XXOO----OXOX-----XO------------------- X;,1,50,7,7,0,203,-4,0,64,0.0,2.5000000000000004,0.0,2.5000000000000004,9.0,12.5,0.0,0.5,0.0,1.0,0.0,2.5000000000000004,9.0,6432504,-63.879117991998136,-4.441972830487163,-64.0,-4.0,-64.0,64.0,1.0
------------X------XX-----OOOOX---XXOOO----O-------------------- X;,1,50,6,8,-2,75,-4,0,64,1.2500000000000002,1.2500000000000002,1.2500000000000002,2.25,8.000000000000002,11.25,0.25,0.25,0.25,2.0,1.2500000000000002,2.25,8.000000000000002,2068972,-63.856047351051636,-4.3395309361364,-64.0,-4.0,-64.0,64.0,1.0
-------------------XXX----OOOOX---XXOOO----O-------------------- X;,1,50,6,8,-2,34,-6,0,64,1.375,1.6249999999999998,1.1249999999999998,1.875,8.000000000000002,10.875,0.125,0.625,0.375,2.0,1.1249999999999998,1.875,8.000000000000002,2422489,-63.787536702953034,-4.857330621521914,-64.0,-4.0,-64.0,64.0,1.0
-------------X-----XX-----OOOOX---XXOOO----O-------------------- X;,1,50,6,8,-2,7,-6,0,64,1.2500000000000002,1.7500000000000002,1.2500000000000002,1.7500000000000002,8.000000000000002,10.75,0.25,0.75,0.25,2.0,1.2500000000000002,1.7500000000000002,8.000000000000002,1830142,-63.836238936650815,-4.643976259765636,-64.0,-4.0,-64.0,64.0,1.0
-----------OX------OO------OOO---XXXOX-----XO------------------- X;,1,50,6,8,-2,7,-8,0,64,1.2500000000000002,1.2500000000000002,1.2500000000000002,2.25,8.000000000000002,11.25,0.25,0.25,0.25,2.0,1.2500000000000002,2.25,8.000000000000002,1576317,-63.653367945660676,-5.3583384560339065,-64.0,-4.0,-64.0,64.0,1.0
-----------OX------OO----X-OOO----XXOX-----XO------------------- X;,1,50,6,8,-2,3,-8,0,64,1.2500000000000002,2.25,1.2500000000000002,1.2500000000000002,8.000000000000002,11.25,0.25,0.25,0.25,2.0,1.2500000000000002,1.2500000000000002,8.000000000000002,1792678,-63.68958954145697,-5.175858687393943,-64.0,-4.0,-64.0,64.0,1.0
-------------------OX----XOOX----OOOXX----XOO------------------- X;,1,50,6,8,-2,11,-12,0,64,1.375,1.6249999999999998,0.12500000000000003,0.875,10.000000000000002,10.875,0.125,0.625,0.375,2.0,0.12500000000000003,0.875,10.000000000000002,1237452,-63.101456864589494,-7.942788892013589,-64.0,-4.0,-64.0,64.0,1.0
-------------------OX----XOXX----XOOXX---XO-O------------------- X;,1,50,8,6,2,1,-16,0,64,2.3749999999999996,2.125,0.6250000000000001,1.875,7.000000000000001,9.375,0.125,0.625,0.875,3.0,0.6250000000000001,1.875,7.000000000000001,181579,-61.293068030994775,-11.945368131777354,-64.0,-4.0,-64.0,64.0,1.0
-------------------OX----XOOX---XXXOXX-----OO------------------- X;,1,50,8,6,2,2,-18,0,64,0.7499999999999999,0.25,1.7500000000000002,1.2500000000000002,10.000000000000002,10.75,0.25,0.75,0.25,2.0,1.7500000000000002,1.2500000000000002,10.000000000000002,336121,-62.030251010796704,-10.269944454526792,-64.0,-4.0,-64.0,64.0,1.0
-----------OX-----XXX-----XOX-----XOOX------OO------------------ X;,1,50,8,6,2,5,-10,0,64,2.9999999999999996,1.0,0.5000000000000001,1.4999999999999998,8.000000000000002,10.0,0.0,0.5,1.5,2.0,0.5000000000000001,1.4999999999999998,8.000000000000002,982625,-63.56569800279863,-5.6544887418903444,-64.0,-4.0,-64.0,64.0,1.0
----------XO------XXX-----XOX-----XOOX------OO------------------ X;,1,50,8,6,2,6,-10,0,64,3.2499999999999996,0.7499999999999999,0.7499999999999999,1.2500000000000002,8.000000000000002,9.75,0.25,0.25,1.75,2.0,0.7499999999999999,1.2500000000000002,8.000000000000002,1473947,-63.68750165372296,-5.2266031275208675,-64.0,-4.0,-64.0,64.0,1.0
-----------O------XOX-----XOX-----XOXX----XOO------------------- X;,1,50,8,6,2,5,-14,0,64,1.2500000000000002,1.2500000000000002,3.2499999999999996,0.25,8.000000000000002,11.25,0.25,0.25,0.25,2.0,3.2499999999999996,0.25,8.000000000000002,1658085,-63.65785107518613,-5.27895976382393,-64.0,-4.0,-64.0,64.0,1.0
-------------------X-----XXXXX-----OOOO----XOO------O----------- X;,1,50,7,7,0,0,-14,0,64,0.875,0.12500000000000003,0.12500000000000003,0.875,11.999999999999998,9.875,0.125,0.125,1.875,2.0,0.12500000000000003,0.875,11.999999999999998,995715,-62.76125799048925,-8.734380821821505,-64.0,-4.0,-64.0,64.0,1.0
-------------------XXX---X-OOOO---XOXX----OX-------------------- X;,1,50,8,6,2,1,-14,0,64,2.9999999999999996,1.0,0.5000000000000001,1.4999999999999998,8.000000000000002,10.0,0.0,0.5,1.5,2.0,0.5000000000000001,1.4999999999999998,8.000000000000002,836031,-63.71661577142474,-5.0128165103925575,-64.0,-4.0,-64.0,64.0,1.0
----X------X------XOX-----XOX-----XOOX------OO------------------ X;,1,50,8,6,2,1,-16,0,64,1.7500000000000002,2.25,2.25,1.7500000000000002,5.999999999999999,9.75,0.25,0.25,1.75,2.0,2.25,1.7500000000000002,5.999999999999999,516063,-63.43558829057692,-6.007006896444814,-64.0,-4.0,-64.0,64.0,1.0
--X--------X------XOX-----XOX-----XOOX------OO------------------ X;,1,50,8,6,2,0,-16,0,64,1.7500000000000002,2.25,2.25,1.7500000000000002,5.999999999999999,9.75,0.25,0.25,1.75,2.0,2.25,1.7500000000000002,5.999999999999999,533430,-63.5600584893988,-5.810704309843841,-64.0,-4.0,-64.0,64.0,1.0
-------------------XXX-----XOOO---XOXX---XOX-------------------- X;,1,50,9,5,4,0,-24,0,64,2.25,0.7499999999999999,0.7499999999999999,4.25,5.999999999999999,9.75,0.25,0.25,1.75,2.0,0.7499999999999999,4.25,5.999999999999999,279995,-63.42003250058037,-5.580899658922481,-64.0,-4.0,-64.0,64.0,1.0
-------------X----OOXX----XOOX-----XOO-----XO------------------- X;,1,50,7,7,0,2,-12,0,64,1.2500000000000002,1.2500000000000002,0.25,5.25,5.999999999999999,11.25,0.25,0.25,0.25,2.0,0.25,5.25,5.999999999999999,2747397,-63.77423211861991,-5.029185079549843,-64.0,-4.0,-64.0,64.0,1.0
------------------XX------XXXX----XOOO----XOO------O------------ X;,1,50,8,6,2,1,-12,0,64,1.2500000000000002,1.2500000000000002,1.2500000000000002,0.25,10.000000000000002,11.25,0.25,0.25,0.25,2.0,1.2500000000000002,0.25,10.000000000000002,1353346,-63.31777387305242,-6.738123140719373,-64.0,-4.0,-64.0,64.0,1.0
------------X------XOX----XOOX----OOOO-----XO------------------- X;,1,50,6,8,-2,2,-14,0,64,4.375,0.12500000000000003,0.12500000000000003,0.37499999999999994,9.0,12.375,0.125,0.125,0.375,1.0,0.12500000000000003,0.37499999999999994,9.0,999782,-63.72196938932687,-5.1598128391989455,-64.0,-4.0,-64.0,64.0,1.0
----------X--------XX-----OOX-----XOOX----XOOO------------------ X;,1,50,7,7,0,7,-16,0,64,1.2500000000000002,0.25,0.25,2.25,10.000000000000002,11.25,0.25,0.25,0.25,2.0,0.25,2.25,10.000000000000002,958505,-63.55985623444844,-5.789601514859077,-64.0,-4.0,-64.0,64.0,1.0
-----------X-------XXX----XXOX----OOOO-----XO------------------- X;,1,50,8,6,2,4,-16,0,64,1.875,0.6250000000000001,0.6250000000000001,1.875,9.0,12.375,0.125,0.125,0.375,1.0,0.6250000000000001,1.875,9.0,747190,-63.50502549552323,-5.835268137956878,-64.0,-4.0,-64.0,64.0,1.0
-------------------OX----XXXXO----XOOX----XOO------------------- X;,1,50,8,6,2,19,-18,0,64,0.37499999999999994,2.125,2.125,0.37499999999999994,9.0,12.375,0.125,0.125,0.375,1.0,2.125,0.37499999999999994,9.0,1243699,-63.5742362098868,-5.213501015921055,-64.0,-4.0,-64.0,64.0,1.0
------------------XXX-----XXX----OOOXX----XOO------------------- X;,1,50,9,5,4,0,-18,0,64,2.25,1.2500000000000002,0.25,2.25,8.000000000000002,11.25,0.25,0.25,0.25,2.0,0.25,2.25,8.000000000000002,481300,-62.46783710783295,-8.11535009349678,-64.0,-4.0,-64.0,64.0,1.0
----------X--------XX-----OXX-----XXOX-----OOO----O------------- X;,1,50,8,6,2,1,-12,0,64,1.375,0.6250000000000001,0.12500000000000003,1.875,10.000000000000002,10.875,0.125,0.625,0.375,2.0,0.12500000000000003,1.875,10.000000000000002,1301165,-63.69814742941902,-5.861335034373043,-64.0,-4.0,-64.0,64.0,1.0
----------X-------XXX-----XOX-----XOOOO-----OO------------------ X;,1,50,7,7,0,0,-14,0,64,1.7500000000000002,0.25,0.25,1.7500000000000002,10.000000000000002,9.75,0.25,0.25,1.75,2.0,0.25,1.7500000000000002,10.000000000000002,316882,-62.85280325168359,-7.624667857435891,-64.0,-4.0,-64.0,64.0,1.0
-------------------XO-X----OOX----OOOX---XXXO------------------- X;,1,50,7,7,0,0,-16,0,64,4.875000000000001,0.6250000000000001,0.6250000000000001,0.875,7.000000000000001,10.875,0.625,0.625,0.875,1.0,0.6250000000000001,0.875,7.000000000000001,1109843,-63.782738639609384,-4.940432115173047,-64.0,-4.0,-64.0,64.0,1.0
-------------------XO-X----OOX---XXXOX----OX-O------------------ X;,1,50,8,6,2,0,-16,0,64,4.25,0.7499999999999999,0.7499999999999999,1.2500000000000002,7.000000000000001,9.75,0.25,0.25,0.75,3.0,0.7499999999999999,1.2500000000000002,7.000000000000001,1046300,-63.76359935009079,-4.9501729905380865,-64.0,-4.0,-64.0,64.0,1.0
----------X--------XX-----XOX----XXOOOO-----OO------------------ X;,1,50,7,7,0,0,-16,0,64,1.875,0.6250000000000001,0.12500000000000003,2.3749999999999996,9.0,9.375,0.125,0.625,0.875,3.0,0.12500000000000003,2.3749999999999996,9.0,417282,-63.57523689016061,-5.863976878945174,-64.0,-4.0,-64.0,64.0,1.0
-------------------XO-X--X-OOX---OOOXX----OX-------------------- X;,1,50,7,7,0,0,-18,0,64,1.875,0.6250000000000001,0.12500000000000003,2.3749999999999996,9.0,9.375,0.125,0.625,0.875,3.0,0.12500000000000003,2.3749999999999996,9.0,419738,-63.30687238229562,-6.430554298157422,-64.0,-4.0,-64.0,64.0,1.0
-------------X-----XX------XXXX---XOOOO---OO-------------------- X;,1,50,8,6,2,0,-18,0,64,0.875,2.625,0.12500000000000003,1.375,9.0,9.375,0.125,0.625,0.875,3.0,0.12500000000000003,1.375,9.0,937088,-63.52918189113509,-5.85586625802486,-64.0,-4.0,-64.0,64.0,1.0
-----------X------OOOX----XOOX-----XOO-----XO------------------- X;,1,50,6,8,-2,2,-14,0,64,1.2500000000000002,0.25,1.2500000000000002,3.2499999999999996,8.000000000000002,11.25,0.25,0.25,0.25,2.0,1.2500000000000002,3.2499999999999996,8.000000000000002,824681,-63.736043391323435,-4.971801217682959,-64.0,-4.0,-64.0,64.0,1.0
-----------------XXX-----XXOXX-----OOO-----OO------O------------ X;,1,50,7,7,0,0,-14,0,64,1.375,0.6250000000000001,1.1249999999999998,1.875,9.0,9.375,0.625,0.125,0.875,3.0,1.1249999999999998,1.875,9.0,794510,-63.6569709632352,-5.323852437351324,-64.0,-4.0,-64.0,64.0,1.0
-----------X------XXO----XXOOX-----OOO-----XO------------------- X;,1,50,7,7,0,1,-16,0,64,4.875000000000001,0.12500000000000003,0.12500000000000003,0.875,8.000000000000002,10.875,0.125,0.125,0.875,2.0,0.12500000000000003,0.875,8.000000000000002,245240,-63.706263252324256,-5.130843255586364,-64.0,-4.0,-64.0,64.0,1.0
----------X-------XX-----XXOXX-----OOO----OOO------------------- X;,1,50,7,7,0,0,-16,0,64,1.2500000000000002,0.7499999999999999,0.7499999999999999,2.25,9.0,9.75,0.25,0.25,0.75,3.0,0.7499999999999999,2.25,9.0,726543,-63.53098990699793,-5.793259311561738,-64.0,-4.0,-64.0,64.0,1.0
-------------------XO-X---OOOX---XOOXX----OX-------------------- X;,1,50,7,7,0,0,-16,0,64,1.6249999999999998,0.37499999999999994,0.37499999999999994,1.6249999999999998,10.000000000000002,10.625,0.375,0.375,0.625,2.0,0.37499999999999994,1.6249999999999998,10.000000000000002,694325,-63.61636121412883,-5.660429913945198,-64.0,-4.0,-64.0,64.0,1.0
-------------------XXX----OOOX---XOOXX----OX-------------------- X;,1,50,8,6,2,0,-18,0,64,2.25,0.25,1.2500000000000002,1.2500000000000002,9.0,11.25,0.25,0.25,1.25,1.0,1.2500000000000002,1.2500000000000002,9.0,91189,-61.86851484279902,-8.66016734474553,-64.0,-4.0,-64.0,64.0,1.0
------------X------XX------OXO---XXOXX----OOO------------------- X;,1,50,8,6,2,1,-20,0,64,0.875,0.12500000000000003,0.12500000000000003,0.875,11.999999999999998,10.875,0.125,0.125,0.875,2.0,0.12500000000000003,0.875,11.999999999999998,866688,-63.58237566459903,-5.389180420174273,-64.0,-4.0,-64.0,64.0,1.0
------------X-------XO----XXOX----XOX----X-OOO------------------ X;,1,50,8,6,2,0,-22,0,64,1.7500000000000002,0.25,2.25,4.750000000000001,5.000000000000001,9.75,0.25,0.25,0.75,3.0,2.25,4.750000000000001,5.000000000000001,597310,-63.384590915939796,-6.538808993654886,-64.0,-4.0,-64.0,64.0,1.0
-----------OX-----OO-X----XOXX-----XOO-----XO------------------- X;,1,50,7,7,0,3,-16,0,64,0.0,1.0,0.5000000000000001,7.5,5.000000000000001,10.0,0.0,0.5,0.5,3.0,0.5000000000000001,7.5,5.000000000000001,317063,-63.261358152796134,-6.252877188445199,-64.0,-4.0,-64.0,64.0,1.0
----------X-------XX------XOXX---X-OOO-----OO------O------------ X;,1,50,7,7,0,0,-16,0,64,1.375,1.1249999999999998,1.1249999999999998,1.375,9.0,9.375,0.125,0.125,1.375,3.0,1.1249999999999998,1.375,9.0,707639,-63.614026360898706,-5.18973092212272,-64.0,-4.0,-64.0,64.0,1.0
-----------------XXX------XOXX---X-OOO----OOO------------------- X;,1,50,7,7,0,0,-16,0,64,1.2500000000000002,0.7499999999999999,0.7499999999999999,2.25,9.0,9.75,0.25,0.25,0.75,3.0,0.7499999999999999,2.25,9.0,461399,-63.209764217087596,-6.014451700155397,-64.0,-4.0,-64.0,64.0,1.0
-------------------XXX---XOOOX----OOXX----OX-------------------- X;,1,50,8,6,2,0,-20,0,64,2.25,0.25,1.2500000000000002,1.2500000000000002,9.0,11.25,0.25,0.25,1.25,1.0,1.2500000000000002,1.2500000000000002,9.0,49814,-60.90079094230538,-10.321114546111534,-64.0,-4.0,-64.0,64.0,1.0
-------------X-----XX----X-XOO---OOOXX----OX-------------------- X;,1,50,8,6,2,0,-22,0,64,0.875,2.625,2.125,5.375,2.9999999999999996,9.375,0.125,0.625,0.875,3.0,2.125,5.375,2.9999999999999996,250766,-63.281521418374105,-6.6801320753212154,-64.0,-4.0,-64.0,64.0,1.0
------------X------XXO---X-OOO----XOXX----OX-------------------- X;,1,50,8,6,2,0,-22,0,64,4.499999999999999,1.0,0.5000000000000001,2.0000000000000004,5.999999999999999,10.0,0.5,0.0,1.5,2.0,0.5000000000000001,2.0000000000000004,5.999999999999999,293735,-63.45806934822204,-5.616177847379441,-64.0,-4.0,-64.0,64.0,1.0
----------O-X-----XOO-----XXOX----XOOX------O------------------- X;,1,50,7,7,0,5,-6,0,64,1.6249999999999998,0.37499999999999994,6.374999999999999,1.6249999999999998,4.0,10.625,0.375,0.375,0.625,2.0,6.374999999999999,1.6249999999999998,4.0,2990584,-63.820873782512045,-5.212477562910789,-64.0,-4.0,-64.0,64.0,1.0
--------------------OX----XOXX---OOOOX----XOO------------------- X;,1,50,6,8,-2,34,-8,0,64,2.25,0.25,3.2499999999999996,3.2499999999999996,5.000000000000001,11.25,0.25,0.25,1.25,1.0,3.2499999999999996,3.2499999999999996,5.000000000000001,2440473,-63.668142200302974,-5.716701639395314,-64.0,-4.0,-64.0,64.0,1.0
-------------------OOX----XOXX----XXOX-----OOO------------------ X;,1,50,7,7,0,3,-8,0,64,0.0,0.0,8.000000000000002,5.000000000000001,1.0,13.0,0.0,0.0,0.0,1.0,8.000000000000002,5.000000000000001,1.0,2654161,-63.81677524460649,-4.66271111662028,-64.0,-4.0,-64.0,64.0,1.0
------------------XXXX----XOOOO---XOOX-----O-------------------- X;,1,50,7,7,0,2,-8,0,64,6.25,0.25,0.25,1.2500000000000002,5.999999999999999,11.25,0.25,0.25,0.25,2.0,0.25,1.2500000000000002,5.999999999999999,1740304,-63.67471430278848,-5.102513124143828,-64.0,-4.0,-64.0,64.0,1.0
-----------X--------X-----XOOX---OOOOX----XOO------------------- X;,1,50,6,8,-2,0,-8,0,64,4.375,1.1249999999999998,1.6249999999999998,0.875,5.999999999999999,10.875,0.625,0.125,0.375,2.0,1.6249999999999998,0.875,5.999999999999999,1693683,-63.54739936576089,-6.468688650709725,-64.0,-4.0,-64.0,64.0,1.0
-------------X----XOX-----XXOX----XOOO------O-O----------------- X;,1,50,7,7,0,0,-8,0,64,1.375,0.12500000000000003,1.6249999999999998,4.875000000000001,5.999999999999999,10.875,0.625,0.125,0.375,2.0,1.6249999999999998,4.875000000000001,5.999999999999999,1540153,-63.849230563457006,-4.976656215324062,-64.0,-4.0,-64.0,64.0,1.0
----------X-------XXOO----XXOX----XOOX------O------------------- X;,1,50,8,6,2,1,-10,0,64,2.25,0.25,3.2499999999999996,2.25,5.999999999999999,11.25,0.25,0.25,0.25,2.0,3.2499999999999996,2.25,5.999999999999999,1245314,-63.69263173785888,-5.315538089188751,-64.0,-4.0,-64.0,64.0,1.0
-----------X------XXX-----XXOX----XOOOO-----O------------------- X;,1,50,8,6,2,0,-14,0,64,2.3749999999999996,0.6250000000000001,0.6250000000000001,2.3749999999999996,8.000000000000002,10.875,0.125,0.125,0.875,2.0,0.6250000000000001,2.3749999999999996,8.000000000000002,774020,-63.5340663031963,-6.060094054417198,-64.0,-4.0,-64.0,64.0,1.0
-------------X-----OX-----XOOX----XOOX----XOO------------------- X;,1,50,7,7,0,0,-14,0,64,4.875000000000001,0.6250000000000001,4.625,0.875,2.9999999999999996,12.375,0.125,0.125,0.375,1.0,4.625,0.875,2.9999999999999996,903570,-63.65431787243932,-5.305981827639253,-64.0,-4.0,-64.0,64.0,1.0
------------X-----XXX-----XXOO----XOOO------OO------------------ X;,1,50,7,7,0,3,-8,0,64,1.2500000000000002,0.25,0.25,1.2500000000000002,11.0,11.25,0.25,0.25,1.25,1.0,0.25,1.2500000000000002,11.0,829483,-63.53780849034881,-5.679781261339895,-64.0,-4.0,-64.0,64.0,1.0
------------X-----XXO-----XXOX----XOOX------OO------------------ X;,1,50,8,6,2,0,-14,0,64,2.25,0.25,3.2499999999999996,1.2500000000000002,7.000000000000001,11.25,0.25,0.25,1.25,1.0,3.2499999999999996,1.2500000000000002,7.000000000000001,755540,-63.55929269132012,-5.52687614156762,-64.0,-4.0,-64.0,64.0,1.0
------------------XXX-----XXXX---X-OOO-----OOO------------------ X;,1,50,8,6,2,0,-16,0,64,0.25,0.25,0.25,0.25,12.999999999999998,11.25,0.25,0.25,1.25,1.0,0.25,0.25,12.999999999999998,571587,-63.185845724272944,-7.241445309288,-64.0,-4.0,-64.0,64.0,1.0
-------------------XXX---XOOOX----OOO-X---OX-------------------- X;,1,50,7,7,0,1,-18,0,64,5.000000000000001,0.5000000000000001,2.5000000000000004,1.0,5.000000000000001,10.0,0.5,0.5,2.0,1.0,2.5000000000000004,1.0,5.000000000000001,250363,-62.975016276366716,-6.674021321041847,-64.0,-4.0,-64.0,64.0,1.0
-------------------XXX----OOOX----XOO-X--XXX-------------------- X;,1,50,9,5,4,0,-22,0,64,7.249999999999999,0.7499999999999999,0.7499999999999999,3.2499999999999996,2.0000000000000004,9.75,0.25,0.25,1.75,2.0,0.7499999999999999,3.2499999999999996,2.0000000000000004,130325,-62.94239785152504,-5.94143871091502,-64.0,-4.0,-64.0,64.0,1.0
------------O-X-----OX---X-OOO----XXO-----XXX------------------- X;,1,50,8,6,2,0,-34,0,64,2.3749999999999996,0.12500000000000003,0.6250000000000001,2.875,8.000000000000002,8.875,0.625,0.125,2.375,2.0,0.6250000000000001,2.875,8.000000000000002,214919,-61.743475448890045,-11.865344618204999,-64.0,-4.0,-64.0,64.0,1.0
-------------X------XX-----XXX----XXXOO----OOO------------------ X;,1,50,9,5,4,0,-14,0,64,4.25,0.7499999999999999,0.7499999999999999,3.2499999999999996,5.000000000000001,9.75,0.25,0.25,0.75,3.0,0.7499999999999999,3.2499999999999996,5.000000000000001,494728,-61.69383176209958,-9.31536521078249,-64.0,-4.0,-64.0,64.0,1.0
----------X-------XX------XOX----XOOOX--X---OO------------------ X;,1,50,8,6,2,0,-16,0,64,1.4999999999999998,1.4999999999999998,0.5000000000000001,2.5000000000000004,8.000000000000002,8.5,0.5,0.5,2.5,2.0,0.5000000000000001,2.5000000000000004,8.000000000000002,335973,-63.61675491780589,-5.4703622017245435,-64.0,-4.0,-64.0,64.0,1.0
----------X-------XX------XOX----OOXXX---OX-O------------------- X;,1,50,9,5,4,1,-18,0,64,2.25,1.2500000000000002,0.7499999999999999,2.75,7.000000000000001,8.75,0.75,0.25,1.25,3.0,0.7499999999999999,2.75,7.000000000000001,130633,-62.43335145024611,-8.347982515903333,-64.0,-4.0,-64.0,64.0,1.0
--------------------X------XXX----XOO-X--XXOO------OO----------- X;,1,50,8,6,2,0,-18,0,64,0.6250000000000001,0.37499999999999994,2.3749999999999996,1.6249999999999998,9.0,8.625,0.375,0.375,1.625,3.0,2.3749999999999996,1.6249999999999998,9.0,144212,-62.316533991623444,-8.781654786009486,-64.0,-4.0,-64.0,64.0,1.0
--------------------X------XXXX---XOO----XXOO------OO----------- X;,1,50,8,6,2,0,-20,0,64,0.6250000000000001,0.37499999999999994,2.3749999999999996,1.6249999999999998,9.0,8.625,0.375,0.375,1.625,3.0,2.3749999999999996,1.6249999999999998,9.0,143504,-62.06479261902107,-8.6421423793065,-64.0,-4.0,-64.0,64.0,1.0
-----------O-------OXXX----XOX----XOX----XOX-------------------- X;,1,50,9,5,4,0,-24,0,64,1.7500000000000002,0.7499999999999999,0.7499999999999999,7.749999999999999,2.9999999999999996,8.75,0.75,0.75,2.75,1.0,0.7499999999999999,7.749999999999999,2.9999999999999996,75235,-62.9097361600319,-5.952495514055958,-64.0,-4.0,-64.0,64.0,1.0
----------X-------XX------XOX---XXXXOX------OO------------------ X;,1,50,10,4,6,0,-24,0,64,1.4999999999999998,0.5000000000000001,1.4999999999999998,4.499999999999999,5.999999999999999,8.5,0.5,0.5,2.5,2.0,1.4999999999999998,4.499999999999999,5.999999999999999,118997,-62.989991344319606,-6.523458574585914,-64.0,-4.0,-64.0,64.0,1.0
--------------------X-----XXXXX---XXOO----XOO------O------------ X;,1,50,9,5,4,0,-16,0,64,1.375,0.6250000000000001,1.6249999999999998,2.3749999999999996,8.000000000000002,10.875,0.125,0.125,0.875,2.0,1.6249999999999998,2.3749999999999996,8.000000000000002,1394197,-63.665807629768246,-5.478419477304858,-64.0,-4.0,-64.0,64.0,1.0
------------X-----O-X-----OOXX---XOOO---X-XO-------------------- X;,1,50,7,7,0,0,-18,0,64,1.7500000000000002,0.25,0.25,2.75,9.0,8.75,0.25,0.25,1.75,3.0,0.25,2.75,9.0,469355,-62.56908310340787,-9.401915394530793,-64.0,-4.0,-64.0,64.0,1.0
------------X-------XO--X-XOOX---XOOO-----XO-------------------- X;,1,50,7,7,0,1,-18,0,64,4.750000000000001,0.25,0.25,0.7499999999999999,8.000000000000002,8.75,0.25,0.25,2.75,2.0,0.25,0.7499999999999999,8.000000000000002,777061,-63.37243794245239,-6.052971388346603,-64.0,-4.0,-64.0,64.0,1.0
------------X-----O-X-----XOXX---OXOO----XXO-------------------- X;,1,50,8,6,2,0,-18,0,64,2.25,0.7499999999999999,1.7500000000000002,2.25,7.000000000000001,8.75,0.25,0.25,1.75,3.0,1.7500000000000002,2.25,7.000000000000001,928413,-63.15569256354661,-6.893007745475344,-64.0,-4.0,-64.0,64.0,1.0
--------------------X-----XXXX----XXOOX---XOO------O------------ X;,1,50,9,5,4,1,-16,0,64,1.375,0.12500000000000003,1.6249999999999998,2.875,8.000000000000002,10.875,0.625,0.125,0.375,2.0,1.6249999999999998,2.875,8.000000000000002,703654,-63.42086025233993,-6.275149434238987,-64.0,-4.0,-64.0,64.0,1.0
-----------X--------XO----XOOX---XOOO---X-XO-------------------- X;,1,50,7,7,0,0,-18,0,64,4.750000000000001,0.7499999999999999,0.25,0.25,8.000000000000002,8.75,0.75,0.25,2.25,2.0,0.25,0.25,8.000000000000002,636882,-63.398224474863476,-5.715077518284391,-64.0,-4.0,-64.0,64.0,1.0
-----------X--------XO--X-XOOX---XOOO-----XO-------------------- X;,1,50,7,7,0,0,-18,0,64,4.750000000000001,0.7499999999999999,0.25,0.25,8.000000000000002,8.75,0.75,0.25,2.25,2.0,0.25,0.25,8.000000000000002,687400,-63.518769275530985,-5.899179517020658,-64.0,-4.0,-64.0,64.0,1.0
-----------X-------OX-----OOXX---OXOO----XXO-------------------- X;,1,50,7,7,0,0,-18,0,64,1.375,0.6250000000000001,1.1249999999999998,3.875,7.000000000000001,9.375,0.625,0.125,0.875,3.0,1.1249999999999998,3.875,7.000000000000001,1155451,-63.21107515593478,-6.614946025404799,-64.0,-4.0,-64.0,64.0,1.0
------------O-----X-OOX----XOX----OOX-----XXX------------------- X;,1,50,8,6,2,0,-18,0,64,0.6250000000000001,0.37499999999999994,0.37499999999999994,4.625,8.000000000000002,9.625,0.375,0.375,1.625,2.0,0.37499999999999994,4.625,8.000000000000002,311329,-62.82447828502966,-8.705009812770413,-64.0,-4.0,-64.0,64.0,1.0
-------------X-----OXXX---XOOX----XOO-----XO-------------------- X;,1,50,8,6,2,0,-18,0,64,5.999999999999999,0.0,2.0000000000000004,2.0000000000000004,4.0,10.0,0.0,0.0,2.0,2.0,2.0000000000000004,2.0000000000000004,4.0,318419,-63.409482474349836,-5.557708553823735,-64.0,-4.0,-64.0,64.0,1.0
-------------X------XO----XXOX----XXOX----XOO------------------- X;,1,50,9,5,4,0,-18,0,64,1.2500000000000002,0.25,3.2499999999999996,0.25,9.0,11.25,0.25,0.25,1.25,1.0,3.2499999999999996,0.25,9.0,591479,-63.44754420697945,-6.251254905076935,-64.0,-4.0,-64.0,64.0,1.0
-------------------XXX-----XOX----XOO-X--XOOO------------------- X;,1,50,8,6,2,0,-22,0,64,1.7500000000000002,0.7499999999999999,0.7499999999999999,1.7500000000000002,9.0,9.75,0.75,0.75,1.75,1.0,0.7499999999999999,1.7500000000000002,9.0,171387,-62.00772520669596,-8.998733859627626,-64.0,-4.0,-64.0,64.0,1.0
-------------------XXX----OXXXX---OOO----XOX-------------------- X;,1,50,9,5,4,0,-24,0,64,0.7499999999999999,0.25,2.25,0.7499999999999999,10.000000000000002,9.75,0.25,0.25,1.75,2.0,2.25,0.7499999999999999,10.000000000000002,187716,-62.75602505913188,-7.992563233821304,-64.0,-4.0,-64.0,64.0,1.0
-------------------XXXX----XOX---OOOX----XOX-------------------- X;,1,50,9,5,4,0,-24,0,64,1.7500000000000002,0.7499999999999999,1.7500000000000002,4.750000000000001,5.000000000000001,8.75,0.75,0.75,2.75,1.0,1.7500000000000002,4.750000000000001,5.000000000000001,9337,-60.41319481632216,-9.252864945914105,-64.0,-4.0,-64.0,64.0,1.0
-------------------XXX----OXXX----OXXX---XOX-------------------- X;,1,50,11,3,8,0,-28,0,64,5.25,0.25,1.2500000000000002,0.25,7.000000000000001,11.25,0.25,0.25,1.25,1.0,1.2500000000000002,0.25,7.000000000000001,44089,-60.95978588763637,-11.662500850552291,-64.0,-4.0,-64.0,64.0,1.0
------------OXX-----OX----XXOX----XXO-----XO-------------------- X;,1,50,9,5,4,0,-32,0,64,1.6249999999999998,1.375,3.375,1.6249999999999998,5.999999999999999,8.625,0.375,0.375,2.625,2.0,3.375,1.6249999999999998,5.999999999999999,237641,-61.33750489183264,-11.180511780374598,-64.0,-4.0,-64.0,64.0,1.0
-------------------X-O---XXXXO-----OOO----OOOO------------------ X;,1,50,5,9,-4,11,-8,0,64,2.875,0.12500000000000003,0.12500000000000003,0.875,10.000000000000002,10.875,0.125,0.125,0.875,2.0,0.12500000000000003,0.875,10.000000000000002,3229779,-63.85831414471393,-4.778477412850848,-64.0,-4.0,-64.0,64.0,1.0
-------------X-----X-X---XXXOOO----OO-----OOO------------------- X;,1,50,6,8,-2,3,-8,0,64,1.2500000000000002,0.7499999999999999,0.25,2.75,9.0,8.75,0.25,0.75,1.25,3.0,0.25,2.75,9.0,1148303,-63.84802443257572,-4.794710107001375,-64.0,-4.0,-64.0,64.0,1.0
-----------X-------X-OX---XXOX-----OOO----OOO------------------- X;,1,50,6,8,-2,2,-8,0,64,2.25,0.7499999999999999,0.7499999999999999,2.25,8.000000000000002,9.75,0.25,0.25,1.75,2.0,0.7499999999999999,2.25,8.000000000000002,2232656,-63.918209522649256,-4.32420310159738,-64.0,-4.0,-64.0,64.0,1.0
------------X-----O-X-----OOXX----OOO-----XOOO------------------ X;,1,50,5,9,-4,3,-10,0,64,1.875,0.12500000000000003,0.12500000000000003,3.875,8.000000000000002,10.875,0.125,0.125,0.875,2.0,0.12500000000000003,3.875,8.000000000000002,1620496,-63.769943276626414,-5.290191398189196,-64.0,-4.0,-64.0,64.0,1.0
-----------X-------XOO----XXOXX----OOO----OX-------------------- X;,1,50,7,7,0,0,-14,0,64,2.9999999999999996,1.0,0.0,2.0000000000000004,8.000000000000002,10.0,1.0,0.0,1.0,2.0,0.0,2.0000000000000004,8.000000000000002,946427,-63.78349730090118,-5.052645370430049,-64.0,-4.0,-64.0,64.0,1.0
-------------X----OOOO-----XO----XXXOX-----X-O------------------ X;,1,50,7,7,0,0,-14,0,64,2.625,0.37499999999999994,1.375,0.6250000000000001,9.0,9.625,0.375,0.375,0.625,3.0,1.375,0.6250000000000001,9.0,989434,-63.619214621692805,-5.620227321883016,-64.0,-4.0,-64.0,64.0,1.0
--------------------X-----OXXXX--OOOO-----XOOO------------------ X;,1,50,6,8,-2,2,-10,0,64,0.5000000000000001,0.0,0.0,1.4999999999999998,11.999999999999998,10.0,0.5,0.5,1.0,2.0,0.0,1.4999999999999998,11.999999999999998,2879468,-63.71905435309578,-5.702717307502636,-64.0,-4.0,-64.0,64.0,1.0
------------X-----O-X-----OOXX---XXOX------OO------O------------ X;,1,50,7,7,0,1,-12,0,64,0.37499999999999994,0.6250000000000001,0.6250000000000001,2.3749999999999996,10.000000000000002,9.875,0.125,0.125,1.875,2.0,0.6250000000000001,2.3749999999999996,10.000000000000002,1504254,-63.57532969830893,-6.445594959361916,-64.0,-4.0,-64.0,64.0,1.0
--------------------X----O-XXXX--OOOO----X-OOO------------------ X;,1,50,6,8,-2,0,-12,0,64,0.6250000000000001,0.37499999999999994,0.37499999999999994,0.6250000000000001,11.999999999999998,8.625,0.375,1.375,1.625,2.0,0.37499999999999994,0.6250000000000001,11.999999999999998,699642,-63.35348935598492,-7.41027268231467,-64.0,-4.0,-64.0,64.0,1.0
-----------X-------X-OO---XXXOX----XOO------O-------O----------- X;,1,50,7,7,0,0,-14,0,64,1.6249999999999998,0.37499999999999994,0.37499999999999994,1.6249999999999998,10.000000000000002,8.625,1.375,0.375,1.625,2.0,0.37499999999999994,1.6249999999999998,10.000000000000002,624569,-62.85509527370074,-11.030995774686223,-64.0,-4.0,-64.0,64.0,1.0
------------X-----O-X-----OXXX----OOX----XOO-------O------------ X;,1,50,7,7,0,0,-20,0,64,2.25,0.25,0.25,1.2500000000000002,10.000000000000002,8.75,0.75,0.75,1.75,2.0,0.25,1.2500000000000002,10.000000000000002,710914,-62.67310813966246,-9.73271591219191,-64.0,-4.0,-64.0,64.0,1.0
-----------X-OX----X-O----XXXO-----XOO------O-------O----------- X;,1,50,7,7,0,0,-30,0,64,1.7500000000000002,0.25,0.25,1.7500000000000002,10.000000000000002,8.25,0.75,0.75,2.25,2.0,0.25,1.7500000000000002,10.000000000000002,679881,-62.863112809447536,-9.724448837370069,-64.0,-4.0,-64.0,64.0,1.0
--------------------X-----XXXXX--OOOO-----XOOO------------------ X;,1,50,7,7,0,4,-12,0,64,0.0,0.5000000000000001,0.5000000000000001,1.0,11.999999999999998,10.0,0.5,0.5,1.0,2.0,0.5000000000000001,1.0,11.999999999999998,1476661,-63.277907387003516,-7.495780006379257,-64.0,-4.0,-64.0,64.0,1.0
------------------O-X------OXXX---XOO----XXOOO------------------ X;,1,50,7,7,0,0,-16,0,64,1.6249999999999998,0.37499999999999994,1.375,4.625,5.999999999999999,9.625,0.375,0.375,1.625,2.0,1.375,4.625,5.999999999999999,950799,-63.8049430005711,-5.0349169487978,-64.0,-4.0,-64.0,64.0,1.0
------------X----OO-X----XOXXX----OOO-----XO-------------------- X;,1,50,7,7,0,0,-18,0,64,0.7499999999999999,0.7499999999999999,0.25,1.2500000000000002,11.0,8.75,0.75,0.25,1.25,3.0,0.25,1.2500000000000002,11.0,349039,-61.34141456971857,-12.76618372158985,-64.0,-4.0,-64.0,64.0,1.0
------------X-----O-X----OOXXX----OOO----XXO-------------------- X;,1,50,7,7,0,1,-18,0,64,0.25,0.25,0.7499999999999999,1.7500000000000002,11.0,8.75,0.75,0.25,1.25,3.0,0.7499999999999999,1.7500000000000002,11.0,261266,-61.88005327903363,-9.478562078494715,-64.0,-4.0,-64.0,64.0,1.0
----------X-X----OX-X-----OOXX----XOO-----XO-------------------- X;,1,50,8,6,2,0,-18,0,64,2.25,1.7500000000000002,0.7499999999999999,2.25,7.000000000000001,8.75,0.25,0.25,1.75,3.0,0.7499999999999999,2.25,7.000000000000001,386239,-62.64709674579729,-8.7026478423981,-64.0,-4.0,-64.0,64.0,1.0
------------X----OOOX----XOXXX----XOO----X---------------------- X;,1,50,8,6,2,1,-16,0,64,0.875,1.1249999999999998,0.12500000000000003,3.875,8.000000000000002,8.375,0.625,0.625,0.375,4.0,0.12500000000000003,3.875,8.000000000000002,582319,-61.96970045627912,-10.212831798378552,-64.0,-4.0,-64.0,64.0,1.0
----------XOX-----XOX----XXOXX----OOO--------------------------- X;,1,50,8,6,2,2,-18,0,64,1.6249999999999998,2.3749999999999996,0.37499999999999994,1.6249999999999998,8.000000000000002,8.625,0.375,0.375,0.625,4.0,0.37499999999999994,1.6249999999999998,8.000000000000002,266331,-61.64273779620097,-8.999342922904205,-64.0,-4.0,-64.0,64.0,1.0
-----------XX-----XOX----XXOOX----OOOO-------------------------- X;,1,50,7,7,0,0,-18,0,64,5.375,0.6250000000000001,0.12500000000000003,0.875,7.000000000000001,9.875,0.125,0.625,0.375,3.0,0.12500000000000003,0.875,7.000000000000001,346599,-63.2797901898159,-6.228886984671046,-64.0,-4.0,-64.0,64.0,1.0
-----------OX----XXOX----XXOXX----OOO--------------------------- X;,1,50,8,6,2,2,-20,0,64,1.6249999999999998,2.3749999999999996,0.37499999999999994,1.6249999999999998,8.000000000000002,8.625,0.375,0.375,0.625,4.0,0.37499999999999994,1.6249999999999998,8.000000000000002,326570,-61.922277000336834,-9.051541782772453,-64.0,-4.0,-64.0,64.0,1.0
------------X----OOOX----XOOXX----XOX------X-------------------- X;,1,50,8,6,2,2,-22,0,64,1.375,0.6250000000000001,0.12500000000000003,4.875000000000001,7.000000000000001,9.375,0.625,0.125,0.875,3.0,0.12500000000000003,4.875000000000001,7.000000000000001,137081,-60.256840845923215,-11.006587346167594,-64.0,-4.0,-64.0,64.0,1.0
-----------X-------XOO----XXOXX----XOO-----XO------------------- X;,1,50,8,6,2,1,-22,0,64,0.875,0.6250000000000001,0.12500000000000003,0.37499999999999994,11.999999999999998,10.875,0.625,0.125,0.375,2.0,0.12500000000000003,0.37499999999999994,11.999999999999998,517623,-61.41993690388565,-11.29629865751715,-64.0,-4.0,-64.0,64.0,1.0
------------X-----OOOO---XXOXX----XXO-----X--------------------- X;,1,50,8,6,2,0,-22,0,64,0.875,0.6250000000000001,3.1250000000000004,4.375,5.000000000000001,9.875,0.625,0.125,0.375,3.0,3.1250000000000004,4.375,5.000000000000001,501100,-62.396140490919976,-8.347898623029335,-64.0,-4.0,-64.0,64.0,1.0
------------X-----OOX-----OOXX----XOO----XXO-------------------- X;,1,50,7,7,0,1,-16,0,64,1.2500000000000002,0.7499999999999999,0.7499999999999999,4.25,7.000000000000001,9.75,0.25,0.25,0.75,3.0,0.7499999999999999,4.25,7.000000000000001,884232,-63.035929484569664,-7.123913181156077,-64.0,-4.0,-64.0,64.0,1.0
-------------X----OOX-----OOOX---XXOX------O-------O------------ X;,1,50,6,8,-2,0,-16,0,64,1.375,1.1249999999999998,1.1249999999999998,3.375,7.000000000000001,9.375,0.125,0.125,1.375,3.0,1.1249999999999998,3.375,7.000000000000001,1199260,-63.83356069576239,-5.061216083251338,-64.0,-4.0,-64.0,64.0,1.0
------------X-----OOX-----OOXX----OXXX---XO--------------------- X;,1,50,8,6,2,0,-20,0,64,2.25,0.7499999999999999,0.25,1.7500000000000002,9.0,9.75,0.25,0.75,0.25,3.0,0.25,1.7500000000000002,9.0,616251,-62.792988571215304,-8.143775831601085,-64.0,-4.0,-64.0,64.0,1.0
----------O-X----XOXX-----OOXX----XOO----X---------------------- X;,1,50,8,6,2,0,-22,0,64,2.625,1.375,1.375,2.625,5.999999999999999,8.625,0.375,0.375,0.625,4.0,1.375,2.625,5.999999999999999,232018,-61.32349214285099,-11.068529165840582,-64.0,-4.0,-64.0,64.0,1.0
-----------OX-----OOX-----XOXX---XXOO----X---------------------- X;,1,50,8,6,2,0,-22,0,64,2.625,0.37499999999999994,1.375,3.6250000000000004,5.999999999999999,8.625,0.375,0.375,0.625,4.0,1.375,3.6250000000000004,5.999999999999999,420724,-62.1391838830207,-8.27043382359932,-64.0,-4.0,-64.0,64.0,1.0
----------XOX-----XOX-----XOXX----XOO----X---------------------- X;,1,50,9,5,4,0,-22,0,64,2.875,1.1249999999999998,1.1249999999999998,2.875,5.999999999999999,8.375,0.625,0.625,0.375,4.0,1.1249999999999998,2.875,5.999999999999999,149183,-62.23615291286541,-7.202321980386505,-64.0,-4.0,-64.0,64.0,1.0
------------OX----OOO-----OOO----XXXXX-----X-------------------- X;,1,50,7,7,0,0,-22,0,64,0.37499999999999994,0.6250000000000001,1.1249999999999998,0.875,11.0,9.375,0.625,0.125,0.875,3.0,1.1249999999999998,0.875,11.0,248833,-61.73613628417453,-11.982204932625496,-64.0,-4.0,-64.0,64.0,1.0
-----------------XXX-O----XOOX---X-OO-----OOO------------------- X;,1,50,6,8,-2,0,-10,0,64,4.625,0.37499999999999994,1.375,2.625,5.000000000000001,9.625,0.375,0.375,0.625,3.0,1.375,2.625,5.000000000000001,891716,-63.8547160755218,-4.469234599356746,-64.0,-4.0,-64.0,64.0,1.0
----------X-------XX-O----XOOX---X-OO-----OOO------------------- X;,1,50,6,8,-2,0,-12,0,64,4.625,0.37499999999999994,1.375,2.625,5.000000000000001,9.625,0.375,0.375,0.625,3.0,1.375,2.625,5.000000000000001,943147,-63.86865886229824,-4.479344153138376,-64.0,-4.0,-64.0,64.0,1.0
------------OX----OOO----X-XO-----XOXX----OX-------------------- X;,1,50,7,7,0,0,-16,0,64,1.2500000000000002,0.25,1.7500000000000002,4.750000000000001,5.999999999999999,8.75,0.75,0.25,0.25,4.0,1.7500000000000002,4.750000000000001,5.999999999999999,303249,-63.011465825114016,-7.693248782353775,-64.0,-4.0,-64.0,64.0,1.0
------------X-----OX-XO---XXXOX----XOO-----X-------------------- X;,1,50,9,5,4,0,-20,0,64,1.7500000000000002,0.25,1.2500000000000002,2.75,8.000000000000002,8.75,0.25,0.25,0.75,4.0,1.2500000000000002,2.75,8.000000000000002,337522,-62.2988486676424,-8.156529055883764,-64.0,-4.0,-64.0,64.0,1.0
------------X-----OOOOX---XOOX-----XXO-----X-------------------- X;,1,50,7,7,0,0,-20,0,64,1.2500000000000002,0.25,0.7499999999999999,0.7499999999999999,11.0,9.75,0.75,0.25,0.25,3.0,0.7499999999999999,0.7499999999999999,11.0,335749,-61.21029102097102,-11.38195497231563,-64.0,-4.0,-64.0,64.0,1.0
------------X-----OOX----XOOX-----OOXX----OX-------------------- X;,1,50,7,7,0,0,-24,0,64,1.4999999999999998,2.5000000000000004,0.5000000000000001,0.5000000000000001,9.0,10.0,1.0,0.0,0.0,3.0,0.5000000000000001,0.5000000000000001,9.0,232962,-61.059271469166646,-11.016028365141096,-64.0,-4.0,-64.0,64.0,1.0
------------XOX---OX-O----XOXO-----XOO-----X-------------------- X;,1,50,7,7,0,0,-30,0,64,1.6249999999999998,0.37499999999999994,1.375,4.625,5.999999999999999,8.625,0.375,0.375,0.625,4.0,1.375,4.625,5.999999999999999,290773,-60.22934729152982,-13.044931957231242,-64.0,-4.0,-64.0,64.0,1.0
-----------------XXX-O----XOO----X-OOX----OOO------------------- X;,1,50,6,8,-2,0,-10,0,64,4.625,0.37499999999999994,1.375,3.6250000000000004,4.0,9.625,0.375,0.375,1.625,2.0,1.375,3.6250000000000004,4.0,829308,-63.90259589923165,-4.314869746825064,-64.0,-4.0,-64.0,64.0,1.0
----------X-------XX------XOX----X-OOOO---OOO------------------- X;,1,50,6,8,-2,0,-12,0,64,1.2500000000000002,0.7499999999999999,0.25,2.75,9.0,8.75,0.25,0.75,1.25,3.0,0.25,2.75,9.0,660206,-63.68895768896375,-5.415231003656435,-64.0,-4.0,-64.0,64.0,1.0
------------X-----OOX----XOOXX----OOX-----OX-------------------- X;,1,50,7,7,0,0,-22,0,64,1.4999999999999998,1.0,0.5000000000000001,2.0000000000000004,9.0,10.0,0.5,0.0,0.5,3.0,0.5000000000000001,2.0000000000000004,9.0,320080,-61.31787053236691,-10.69217695576106,-64.0,-4.0,-64.0,64.0,1.0
------------OX----OOO----X-XOX----XOX-----OX-------------------- X;,1,50,7,7,0,0,-24,0,64,1.2500000000000002,0.25,1.7500000000000002,5.749999999999999,5.000000000000001,8.75,0.75,0.25,1.25,3.0,1.7500000000000002,5.749999999999999,5.000000000000001,114614,-62.22902961243827,-8.736890781230914,-64.0,-4.0,-64.0,64.0,1.0
-----------X-----OX-XO---XOXXX----XOX------X-------------------- X;,1,50,10,4,6,0,-26,0,64,2.75,0.25,0.25,5.749999999999999,5.000000000000001,8.75,0.25,0.25,1.75,3.0,0.25,5.749999999999999,5.000000000000001,51105,-60.32192544760787,-8.994149300459837,-64.0,-4.0,-64.0,64.0,1.0
---------XOX------O-XO----OXOX----OOX------X-------------------- X;,1,50,7,7,0,0,-36,0,64,1.6249999999999998,0.37499999999999994,1.375,5.625,5.000000000000001,8.625,0.375,0.375,1.625,3.0,1.375,5.625,5.000000000000001,78803,-58.921589279595956,-13.838584825450807,-64.0,-4.0,-64.0,64.0,1.0
--------------------XO----XXOX----XOO-X---XOOO------------------ X;,1,50,7,7,0,0,-12,0,64,1.875,0.12500000000000003,2.125,1.875,8.000000000000002,10.875,0.125,0.125,0.875,2.0,2.125,1.875,8.000000000000002,826368,-63.149545964993806,-6.4291502091078065,-64.0,-4.0,-64.0,64.0,1.0
--------------------XO-----XOX----XOO-X--XXOOO------------------ X;,1,50,7,7,0,0,-16,0,64,1.6249999999999998,0.37499999999999994,1.375,2.625,8.000000000000002,9.625,0.375,0.375,1.625,2.0,1.375,2.625,8.000000000000002,555295,-63.013205593423315,-6.510082028471353,-64.0,-4.0,-64.0,64.0,1.0
-----------X------OOX-----OOXX----XOO----XXO-------------------- X;,1,50,7,7,0,2,-20,0,64,1.2500000000000002,0.7499999999999999,0.7499999999999999,4.25,7.000000000000001,9.75,0.25,0.25,0.75,3.0,0.7499999999999999,4.25,7.000000000000001,289201,-62.60165767061663,-7.8113007907994785,-64.0,-4.0,-64.0,64.0,1.0
-----------X-----OX-X----XOXXX----OOO-----XO-------------------- X;,1,50,8,6,2,0,-20,0,64,1.7500000000000002,0.25,0.25,0.7499999999999999,11.0,8.75,0.25,0.25,1.75,3.0,0.25,0.7499999999999999,11.0,100753,-60.68952785524997,-10.412533621827638,-64.0,-4.0,-64.0,64.0,1.0
----------XX-----OX-X-----OOXX----XOO-----XO-------------------- X;,1,50,8,6,2,0,-20,0,64,2.25,1.7500000000000002,0.7499999999999999,2.25,7.000000000000001,8.75,0.25,0.25,1.75,3.0,0.7499999999999999,2.25,7.000000000000001,433712,-63.04349891172022,-7.2172962703360755,-64.0,-4.0,-64.0,64.0,1.0
-----------X-----XXXX-----OOXX----OOO----XO--------------------- X;,1,50,8,6,2,0,-18,0,64,1.7500000000000002,0.25,1.7500000000000002,2.25,8.000000000000002,8.75,0.25,0.75,0.25,4.0,1.7500000000000002,2.25,8.000000000000002,349446,-62.6641140548182,-7.0644734808811664,-64.0,-4.0,-64.0,64.0,1.0
-------------X----OOOO---XOOO-----XXXX-----X-------------------- X;,1,50,7,7,0,0,-20,0,64,1.2500000000000002,0.25,0.7499999999999999,0.7499999999999999,11.0,9.75,0.75,0.25,0.25,3.0,0.7499999999999999,0.7499999999999999,11.0,283716,-61.810098831225595,-10.353233515205346,-64.0,-4.0,-64.0,64.0,1.0
-----------X------OOX-----OOXX----OXXX---XO--------------------- X;,1,50,8,6,2,0,-22,0,64,2.25,0.7499999999999999,0.25,1.7500000000000002,9.0,9.75,0.25,0.75,0.25,3.0,0.25,1.7500000000000002,9.0,298466,-62.27617886124383,-9.79501182714279,-64.0,-4.0,-64.0,64.0,1.0
----------XX------XXXO----XOOX----XOO----X---------------------- X;,1,50,9,5,4,0,-24,0,64,7.749999999999999,0.7499999999999999,0.25,1.2500000000000002,4.0,8.75,0.75,0.25,0.25,4.0,0.25,1.2500000000000002,4.0,249151,-62.774582482109246,-6.2423028605143065,-64.0,-4.0,-64.0,64.0,1.0
-----------X------XOX----XXXOX----XOOO---X---------------------- X;,1,50,9,5,4,0,-24,0,64,2.3749999999999996,0.12500000000000003,0.6250000000000001,3.875,7.000000000000001,9.375,0.125,0.625,0.875,3.0,0.6250000000000001,3.875,7.000000000000001,222285,-63.232975684369165,-6.469037496907124,-64.0,-4.0,-64.0,64.0,1.0
-------------X----OOX----XOXXX---OXXX------X-------------------- X;,1,50,10,4,6,0,-24,0,64,4.875000000000001,0.6250000000000001,0.12500000000000003,5.375,2.9999999999999996,9.375,0.125,0.625,0.875,3.0,0.12500000000000003,5.375,2.9999999999999996,65834,-59.33344472461038,-12.813500622778504,-64.0,-4.0,-64.0,64.0,1.0
-----------X----XXX-XO---XOXOX----OOO--------------------------- X;,1,50,8,6,2,1,-22,0,64,1.7500000000000002,0.25,0.7499999999999999,3.2499999999999996,8.000000000000002,7.75,0.25,0.75,1.25,4.0,0.7499999999999999,3.2499999999999996,8.000000000000002,165079,-63.34081258064321,-6.092622320222439,-64.0,-4.0,-64.0,64.0,1.0
-----------X-----OX-X----XOXXX----XOO-----X-O------------------- X;,1,50,9,5,4,0,-24,0,64,1.7500000000000002,0.25,0.25,3.7500000000000004,8.000000000000002,8.75,0.25,0.25,0.75,4.0,0.25,3.7500000000000004,8.000000000000002,70235,-61.932512280202175,-7.05021712821243,-64.0,-4.0,-64.0,64.0,1.0
------------XO-----X-OO---XXXOX----XOO-----X-------------------- X;,1,50,8,6,2,0,-24,0,64,2.3749999999999996,0.12500000000000003,1.1249999999999998,2.3749999999999996,8.000000000000002,8.375,0.125,0.125,1.375,4.0,1.1249999999999998,2.3749999999999996,8.000000000000002,43284,-59.65114129932539,-13.125311893540339,-64.0,-4.0,-64.0,64.0,1.0
----------OX-----OO-X----XOXXX----XOO----X---------------------- X;,1,50,8,6,2,0,-20,0,64,1.375,0.6250000000000001,0.12500000000000003,3.875,8.000000000000002,7.875,0.125,0.625,1.375,4.0,0.12500000000000003,3.875,8.000000000000002,115994,-62.03984688863217,-8.882442195285963,-64.0,-4.0,-64.0,64.0,1.0
------------X------X-XOO--XXXOO----XOO----X--------------------- X;,1,50,8,6,2,0,-28,0,64,2.25,0.7499999999999999,1.2500000000000002,2.75,7.000000000000001,7.75,0.25,0.75,2.25,3.0,1.2500000000000002,2.75,7.000000000000001,22661,-57.06853183884206,-17.65959136843034,-64.0,-6.0,-64.0,64.0,1.0
O--------O-X-----XO-X----XOOXX----OOO--------------------------- X;,1,50,6,8,-2,0,-34,0,64,2.3749999999999996,0.12500000000000003,0.6250000000000001,2.875,8.000000000000002,7.375,0.125,0.625,1.875,4.0,0.6250000000000001,2.875,8.000000000000002,70507,-55.74025274086261,-19.929368715163033,-64.0,-10.0,-64.0,64.0,1.0
----------OX------OOX----XOXXX----XXX------X-------------------- X;,1,50,10,4,6,0,-28,0,64,5.375,0.12500000000000003,0.12500000000000003,5.375,2.9999999999999996,9.375,0.125,0.125,1.375,3.0,0.12500000000000003,5.375,2.9999999999999996,36345,-59.0947860778649,-14.398954464162884,-64.0,-4.0,-64.0,64.0,1.0
-------------------OOX----XOOX----XXOX-----OO-------O----------- X;,1,50,6,8,-2,64,-4,0,64,1.375,0.12500000000000003,8.125,1.375,2.9999999999999996,12.375,0.125,0.125,0.375,1.0,8.125,1.375,2.9999999999999996,2225211,-63.826019195483035,-4.63884009201824,-64.0,-4.0,-64.0,64.0,1.0
-----------O-X----OOX-----XOO-----XXOX----X-O------------------- X;,1,50,7,7,0,1,-10,0,64,1.7500000000000002,2.25,2.25,2.75,5.000000000000001,9.75,0.25,0.25,0.75,3.0,2.25,2.75,5.000000000000001,1246909,-63.619760543872886,-4.915587264186882,-64.0,-4.0,-64.0,64.0,1.0
-----------X------XOX-----XOOX----XOO------OO------O------------ X;,1,50,6,8,-2,0,-10,0,64,4.375,0.6250000000000001,3.1250000000000004,1.875,4.0,10.875,0.125,0.625,0.375,2.0,3.1250000000000004,1.875,4.0,997381,-63.81257713952842,-4.672457165315962,-64.0,-4.0,-64.0,64.0,1.0
-------------------O-X----XOXX----OOOX----XOO-------O----------- X;,1,50,6,8,-2,1,-12,0,64,2.25,1.2500000000000002,3.2499999999999996,2.25,5.000000000000001,11.25,0.25,0.25,1.25,1.0,3.2499999999999996,2.25,5.000000000000001,1394998,-63.79343913037868,-4.828039896831394,-64.0,-4.0,-64.0,64.0,1.0
-----------OX------XO-----XOO-----XOOX----XOO------------------- X;,1,50,6,8,-2,0,-12,0,64,4.375,0.6250000000000001,3.1250000000000004,1.875,4.0,10.875,0.125,0.625,0.375,2.0,3.1250000000000004,1.875,4.0,1316653,-63.6890570256552,-5.015597883421068,-64.0,-4.0,-64.0,64.0,1.0
-------------X----XOX-----XOOX----XOO------OO------O------------ X;,1,50,6,8,-2,0,-12,0,64,4.625,0.37499999999999994,3.375,1.6249999999999998,4.0,10.625,0.375,0.375,0.625,2.0,3.375,1.6249999999999998,4.0,929522,-63.87576195076609,-4.53535903399812,-64.0,-4.0,-64.0,64.0,1.0
---X-------X------OOO-----XOO-----XXOX----X-O------------------- X;,1,50,7,7,0,0,-14,0,64,1.2500000000000002,0.7499999999999999,4.750000000000001,2.25,5.000000000000001,9.75,0.25,0.25,0.75,3.0,4.750000000000001,2.25,5.000000000000001,1136384,-63.62004568878125,-4.954469615904483,-64.0,-4.0,-64.0,64.0,1.0
----------XO-------XO-----XOOO----XXOX----X-O------------------- X;,1,50,7,7,0,0,-16,0,64,1.6249999999999998,0.37499999999999994,1.375,2.625,8.000000000000002,10.625,0.375,0.375,0.625,2.0,1.375,2.625,8.000000000000002,667607,-63.62612135582761,-4.953414209257842,-64.0,-4.0,-64.0,64.0,1.0
-----------O------OOOX----XOXX----XXOO----X--------------------- X;,1,50,7,7,0,2,-6,0,64,0.37499999999999994,0.6250000000000001,2.125,6.875,4.0,10.875,0.125,0.625,0.375,2.0,2.125,6.875,4.0,2692557,-63.6687728430633,-5.223281809818697,-64.0,-4.0,-64.0,64.0,1.0
------------------XXX-----XXXOO----XOO-----OOO------------------ X;,1,50,7,7,0,3,-6,0,64,1.2500000000000002,0.25,0.25,1.2500000000000002,11.0,11.25,0.25,0.25,1.25,1.0,0.25,1.2500000000000002,11.0,1987279,-63.723295017961746,-5.4816429902394175,-64.0,-4.0,-64.0,64.0,1.0
-------------------XXX---OXXX----XOOO-----OOO------------------- X;,1,50,7,7,0,0,-8,0,64,0.0,1.0,0.0,1.0,11.999999999999998,10.0,0.0,1.0,1.0,2.0,0.0,1.0,11.999999999999998,1408547,-63.19530835676765,-7.149925419599062,-64.0,-4.0,-64.0,64.0,1.0
------------------X--X----XXXX----XXOOO----OO------O------------ X;,1,50,8,6,2,0,-8,0,64,2.5000000000000004,1.0,2.0000000000000004,1.4999999999999998,7.000000000000001,10.0,0.5,0.5,0.0,3.0,2.0000000000000004,1.4999999999999998,7.000000000000001,1752252,-63.777584502685684,-4.867991590250718,-64.0,-4.0,-64.0,64.0,1.0
------------------X-------XXXXX---XXOOO----OO------O------------ X;,1,50,8,6,2,0,-10,0,64,1.375,1.6249999999999998,2.125,1.875,7.000000000000001,9.875,0.125,0.625,0.375,3.0,2.125,1.875,7.000000000000001,1315680,-63.553053934087316,-5.932301167457132,-64.0,-4.0,-64.0,64.0,1.0
-------------------XXX---OOXX-----OOO----XOOO------------------- X;,1,50,6,8,-2,0,-12,0,64,0.7499999999999999,0.25,0.7499999999999999,0.25,11.999999999999998,9.75,0.25,0.75,1.25,2.0,0.7499999999999999,0.25,11.999999999999998,732126,-62.99569746191229,-8.460027372337548,-64.0,-4.0,-64.0,64.0,1.0
----------------X--XXX---XOXX-----OOO-----OOO------------------- X;,1,50,7,7,0,0,-12,0,64,0.7499999999999999,0.25,0.7499999999999999,0.25,11.999999999999998,9.75,0.25,0.75,1.25,2.0,0.7499999999999999,0.25,11.999999999999998,861157,-63.4425035156191,-6.327396746470156,-64.0,-4.0,-64.0,64.0,1.0
-------------------XXX--XXXXX-----OOO-----OOO------------------- X;,1,50,8,6,2,0,-16,0,64,0.25,0.7499999999999999,0.25,0.7499999999999999,11.999999999999998,9.75,0.25,0.75,1.25,2.0,0.25,0.7499999999999999,11.999999999999998,456450,-62.46008982363895,-9.407413736444298,-64.0,-4.0,-64.0,64.0,1.0
------------------OXXX---OXOOO---XXOO----X---------------------- X;,1,50,7,7,0,2,-8,0,64,5.25,0.7499999999999999,0.25,1.7500000000000002,5.999999999999999,8.75,0.25,0.75,0.25,4.0,0.25,1.7500000000000002,5.999999999999999,1730324,-63.41074272795153,-5.868802605754761,-64.0,-4.0,-64.0,64.0,1.0
-----------OX------XXX----XOX----OOOO-----XO-------------------- X;,1,50,7,7,0,0,-10,0,64,2.25,1.2500000000000002,0.25,3.2499999999999996,7.000000000000001,9.25,0.25,0.25,1.25,3.0,0.25,3.2499999999999996,7.000000000000001,1513367,-63.59847677397485,-5.645698630933541,-64.0,-4.0,-64.0,64.0,1.0
-------------------XXX---OXOOOO--XXXXX-------------------------- X;,1,50,9,5,4,0,-10,0,64,2.3749999999999996,0.6250000000000001,0.12500000000000003,0.875,10.000000000000002,9.875,0.125,1.625,0.375,2.0,0.12500000000000003,0.875,10.000000000000002,2294422,-63.69795704539095,-5.765207097909626,-64.0,-4.0,-64.0,64.0,1.0
------------------OXXX---OOOXXX--XOOO--------------------------- X;,1,50,7,7,0,1,-12,0,64,1.2500000000000002,1.2500000000000002,1.2500000000000002,3.2499999999999996,7.000000000000001,9.25,0.25,1.25,0.25,3.0,1.2500000000000002,3.2499999999999996,7.000000000000001,489537,-62.698905292143394,-7.7046515380859875,-64.0,-4.0,-64.0,64.0,1.0
-----------OX------XOO----XXOX----XOO-----XO-------------------- X;,1,50,7,7,0,0,-12,0,64,1.4999999999999998,2.5000000000000004,2.0000000000000004,2.0000000000000004,5.999999999999999,10.0,0.0,0.5,1.5,2.0,2.0000000000000004,2.0000000000000004,5.999999999999999,2252154,-63.45799443554925,-5.99937393268844,-64.0,-4.0,-64.0,64.0,1.0
-----------OX-----OOO-----XOX-----XXXX----XO-------------------- X;,1,50,8,6,2,0,-12,0,64,1.0,0.5000000000000001,4.499999999999999,2.9999999999999996,5.000000000000001,10.0,0.5,0.5,0.0,3.0,4.499999999999999,2.9999999999999996,5.000000000000001,430171,-62.37602720778481,-9.254152418456846,-64.0,-4.0,-64.0,64.0,1.0
------------O------XOX--XXXOOO---XOOO--------------------------- X;,1,50,6,8,-2,0,-14,0,64,4.625,0.37499999999999994,1.375,3.6250000000000004,4.0,8.625,0.375,0.375,0.625,4.0,1.375,3.6250000000000004,4.0,1070709,-63.36307063824064,-6.563422928171893,-64.0,-4.0,-64.0,64.0,1.0
------------O----X-XOX---XXOOO---XOOO--------------------------- X;,1,50,6,8,-2,0,-14,0,64,4.625,0.37499999999999994,1.375,3.6250000000000004,4.0,8.625,0.375,0.375,0.625,4.0,1.375,3.6250000000000004,4.0,519213,-63.03022458990819,-8.115520990422043,-64.0,-4.0,-64.0,64.0,1.0
------------------XXXO----XOOOO--X-OOOX------------------------- X;,1,50,6,8,-2,0,-14,0,64,4.25,0.25,1.2500000000000002,1.2500000000000002,7.000000000000001,9.25,0.25,1.25,0.25,3.0,1.2500000000000002,1.2500000000000002,7.000000000000001,750465,-63.226093155576876,-6.574004117447183,-64.0,-4.0,-64.0,64.0,1.0
------------------XXXX---OXOX----OOOO-----XO-------------------- X;,1,50,7,7,0,4,-8,0,64,3.875,0.12500000000000003,0.6250000000000001,2.3749999999999996,7.000000000000001,9.875,0.125,0.625,0.375,3.0,0.6250000000000001,2.3749999999999996,7.000000000000001,770233,-63.024786006312375,-6.3461757675924035,-64.0,-4.0,-64.0,64.0,1.0
--------------------OX----XXOX----XOOX----XOO-------O----------- X;,1,50,7,7,0,0,-8,0,64,2.25,0.25,6.25,2.25,2.9999999999999996,11.25,0.25,0.25,1.25,1.0,6.25,2.25,2.9999999999999996,1328456,-63.72532925441264,-4.583314765411877,-64.0,-4.0,-64.0,64.0,1.0
-------------------XXX---OXOX----XOOO-----OO------O------------- X;,1,50,6,8,-2,0,-10,0,64,1.2500000000000002,0.7499999999999999,0.25,2.75,9.0,8.75,0.25,0.75,1.25,3.0,0.25,2.75,9.0,1393478,-63.22662718751211,-7.1598661765740115,-64.0,-4.0,-64.0,64.0,1.0
-----------O-X----OOXX----XOOO----XXO-----X--------------------- X;,1,50,7,7,0,0,-12,0,64,1.6249999999999998,1.375,0.37499999999999994,3.6250000000000004,7.000000000000001,9.625,0.375,0.375,0.625,3.0,0.37499999999999994,3.6250000000000004,7.000000000000001,644230,-62.618881455380844,-6.810648370923428,-64.0,-4.0,-64.0,64.0,1.0
-----------O-------OOX----XXOXX---XXOO----X--------------------- X;,1,50,8,6,2,0,-12,0,64,1.0,0.5000000000000001,2.5000000000000004,2.0000000000000004,8.000000000000002,10.0,0.5,0.5,1.0,2.0,2.5000000000000004,2.0000000000000004,8.000000000000002,820468,-63.3018911158022,-6.555409839262469,-64.0,-4.0,-64.0,64.0,1.0
-------------------XXX--XXXXX-----OOO----OOO-------------------- X;,1,50,8,6,2,0,-14,0,64,0.5000000000000001,0.5000000000000001,0.5000000000000001,1.4999999999999998,11.0,8.5,0.5,0.5,1.5,3.0,0.5000000000000001,1.4999999999999998,11.0,544464,-62.279798113373886,-9.85893282200476,-64.0,-4.0,-64.0,64.0,1.0
-----------O------OOXX--XXOOX-----OXO-----X--------------------- X;,1,50,7,7,0,0,-10,0,64,0.875,1.1249999999999998,1.1249999999999998,6.875,4.0,8.875,0.125,0.125,0.875,4.0,1.1249999999999998,6.875,4.0,1394110,-63.37824992288987,-5.733967907840845,-64.0,-4.0,-64.0,64.0,1.0
-----------------XXXXX--XXOOOO----OOO--------------------------- X;,1,50,7,7,0,0,-12,0,64,5.5,0.5000000000000001,3.5,0.5000000000000001,4.0,8.5,0.5,0.5,0.5,4.0,3.5,0.5000000000000001,4.0,936134,-63.11125543992634,-6.70731113280791,-64.0,-4.0,-64.0,64.0,1.0
-----------X------XXXX--XXOOOO----OOO--------------------------- X;,1,50,7,7,0,0,-12,0,64,5.749999999999999,0.25,3.2499999999999996,0.7499999999999999,4.0,8.75,0.25,0.25,0.75,4.0,3.2499999999999996,0.7499999999999999,4.0,1075417,-63.22768563264297,-6.2311940391494645,-64.0,-4.0,-64.0,64.0,1.0
-----------------OOXXX--XXOOX----XOOO--------------------------- X;,1,50,7,7,0,0,-12,0,64,1.7500000000000002,0.25,2.75,2.25,7.000000000000001,7.75,0.25,0.75,0.25,5.0,2.75,2.25,7.000000000000001,642412,-61.93145208993605,-9.33727888022017,-64.0,-4.0,-64.0,64.0,1.0
------------------OXXX--XXOXX-----OOO----XO--------------------- X;,1,50,8,6,2,0,-14,0,64,0.6250000000000001,0.37499999999999994,2.3749999999999996,0.6250000000000001,10.000000000000002,8.625,0.375,0.375,0.625,4.0,2.3749999999999996,0.6250000000000001,10.000000000000002,511783,-62.15051691830327,-8.572969403047777,-64.0,-4.0,-64.0,64.0,1.0
---X-------X------OOX-----XXOX----XXOO----X--------------------- X;,1,50,9,5,4,0,-14,0,64,0.7499999999999999,0.25,0.7499999999999999,3.2499999999999996,9.0,9.75,0.25,0.75,0.25,3.0,0.7499999999999999,3.2499999999999996,9.0,974953,-62.98162065248273,-6.54944802467401,-64.0,-4.0,-64.0,64.0,1.0
---X-------X------OOO-----OOO----OXXXX----X--------------------- X;,1,50,7,7,0,0,-14,0,64,0.25,0.25,1.7500000000000002,1.7500000000000002,10.000000000000002,8.75,0.75,0.25,0.25,4.0,1.7500000000000002,1.7500000000000002,10.000000000000002,1218323,-62.58011381218281,-8.011123486957072,-64.0,-4.0,-64.0,64.0,1.0
-----------O-X----OOOO----XXXX----XXO-----X--------------------- X;,1,50,8,6,2,1,-10,0,64,1.6249999999999998,0.37499999999999994,3.375,1.6249999999999998,7.000000000000001,9.625,0.375,0.375,0.625,3.0,3.375,1.6249999999999998,7.000000000000001,1899784,-63.44261137055581,-6.386546049445621,-64.0,-4.0,-64.0,64.0,1.0
----------O------XOXXX---OOOX-----XOO----X---------------------- X;,1,50,7,7,0,0,-12,0,64,1.7500000000000002,0.7499999999999999,1.7500000000000002,2.75,7.000000000000001,8.25,0.25,0.25,0.25,5.0,1.7500000000000002,2.75,7.000000000000001,562516,-62.60263174736363,-7.5707535430103325,-64.0,-4.0,-64.0,64.0,1.0
-----------O----X-OOXX---XOOX-----XOO----X---------------------- X;,1,50,7,7,0,0,-12,0,64,1.2500000000000002,0.7499999999999999,0.7499999999999999,4.25,7.000000000000001,7.75,0.25,0.25,0.75,5.0,0.7499999999999999,4.25,7.000000000000001,525078,-62.69571758862493,-6.876445023406046,-64.0,-4.0,-64.0,64.0,1.0
-----------O-X----OOOX----XOOO----XXO-----X--------------------- X;,1,50,6,8,-2,0,-12,0,64,1.6249999999999998,0.37499999999999994,1.375,3.6250000000000004,7.000000000000001,9.625,0.375,0.375,0.625,3.0,1.375,3.6250000000000004,7.000000000000001,476694,-62.90681653219885,-6.360617083495911,-64.0,-4.0,-64.0,64.0,1.0
------------------OXXX---OOOX----XOOO----XO--------------------- X;,1,50,6,8,-2,0,-14,0,64,1.375,0.6250000000000001,2.125,1.875,8.000000000000002,8.875,0.125,0.625,0.375,4.0,2.125,1.875,8.000000000000002,499731,-62.79854961969539,-7.0272086382473775,-64.0,-4.0,-64.0,64.0,1.0
----------X-------XXXX---OXOX-----OOO----X-O-------------------- X;,1,50,8,6,2,0,-14,0,64,2.75,0.7499999999999999,0.25,2.25,8.000000000000002,8.75,0.75,0.25,0.25,4.0,0.25,2.25,8.000000000000002,544498,-63.17675730673024,-5.824965380956404,-64.0,-4.0,-64.0,64.0,1.0
-----------O-X----OOX----OOOO-----XXXX----X--------------------- X;,1,50,7,7,0,0,-14,0,64,0.7499999999999999,0.25,0.25,2.75,10.000000000000002,8.75,0.25,0.25,0.75,4.0,0.25,2.75,10.000000000000002,872210,-62.743011430733425,-7.147563086871281,-64.0,-4.0,-64.0,64.0,1.0
------------------OXXX---OOOOO----XXXX---X---------------------- X;,1,50,8,6,2,0,-18,0,64,0.7499999999999999,0.25,0.7499999999999999,1.2500000000000002,11.0,9.75,0.25,0.75,0.25,3.0,0.7499999999999999,1.2500000000000002,11.0,714551,-62.809638500261,-7.40970483562405,-64.0,-4.0,-64.0,64.0,1.0
------------O------XOX-----XOOX----XOOO---XO-------------------- X;,1,50,6,8,-2,0,-10,0,64,2.25,2.25,0.25,2.25,7.000000000000001,9.25,0.25,0.25,1.25,3.0,0.25,2.25,7.000000000000001,1539018,-63.543824698606514,-6.221708907888017,-64.0,-4.0,-64.0,64.0,1.0
-----------OX------OO------OOO---XXXOX----X-O------------------- X;,1,50,6,8,-2,0,-12,0,64,1.875,0.6250000000000001,2.125,2.3749999999999996,7.000000000000001,9.875,0.625,0.125,0.375,3.0,2.125,2.3749999999999996,7.000000000000001,1056621,-63.69019922943042,-5.005079399330508,-64.0,-4.0,-64.0,64.0,1.0
-----------OX-----XOO-----OOOO----OXXX----X--------------------- X;,1,50,6,8,-2,1,-14,0,64,2.9999999999999996,1.0,0.0,1.0,9.0,10.0,0.0,1.0,0.0,3.0,0.0,1.0,9.0,853370,-63.01379237610884,-7.515898145001582,-64.0,-4.0,-64.0,64.0,1.0
-----------OX-----OOO-----XXXO----XXXX----X--------------------- X;,1,50,9,5,4,0,-14,0,64,4.0,1.0,2.0000000000000004,2.0000000000000004,5.000000000000001,10.0,0.0,1.0,0.0,3.0,2.0000000000000004,2.0000000000000004,5.000000000000001,553352,-62.31930127658344,-8.54913689658662,-64.0,-4.0,-64.0,64.0,1.0
------------X------XX------XXOX---OOOOO---XO-------------------- X;,1,50,7,7,0,0,-14,0,64,0.875,0.12500000000000003,2.125,1.875,9.0,9.875,0.125,0.125,0.875,3.0,2.125,1.875,9.0,939243,-63.60144499346814,-5.459492378436678,-64.0,-4.0,-64.0,64.0,1.0
-------------X-----XX------XXOX---OOOOO---XO-------------------- X;,1,50,7,7,0,0,-16,0,64,0.875,0.6250000000000001,2.125,1.375,9.0,9.375,0.125,0.625,0.875,3.0,2.125,1.375,9.0,1096185,-63.496519291907845,-6.0478477629232295,-64.0,-4.0,-64.0,64.0,1.0
----------XXX-----OOO------OXO----OXXX----X--------------------- X;,1,50,8,6,2,0,-20,0,64,2.75,1.2500000000000002,0.7499999999999999,3.2499999999999996,5.999999999999999,8.75,0.25,0.75,0.25,4.0,0.7499999999999999,3.2499999999999996,5.999999999999999,145180,-60.610235569637695,-11.144413831106213,-64.0,-4.0,-64.0,64.0,1.0
---X-------XX------XO-----OOOO----OXXX----X--------------------- X;,1,50,8,6,2,0,-20,0,64,1.375,0.12500000000000003,1.1249999999999998,2.3749999999999996,9.0,9.375,0.125,1.125,0.375,3.0,1.1249999999999998,2.3749999999999996,9.0,218531,-62.0856354476024,-6.8578920153204805,-64.0,-4.0,-64.0,64.0,1.0
------------X-----XXX-----OOXO----OOXX----X-O------------------- X;,1,50,8,6,2,0,-10,0,64,1.2500000000000002,1.2500000000000002,1.2500000000000002,0.25,10.000000000000002,11.25,0.25,0.25,0.25,2.0,1.2500000000000002,0.25,10.000000000000002,1858228,-63.76647214443007,-4.753737431574597,-64.0,-4.0,-64.0,64.0,1.0
-----------------XXXO----OOOOO----OXXX----X--------------------- X;,1,50,7,7,0,1,-14,0,64,1.7500000000000002,0.25,0.7499999999999999,2.25,9.0,9.75,0.25,0.75,0.25,3.0,0.7499999999999999,2.25,9.0,745902,-63.52368809843652,-5.98975468627246,-64.0,-4.0,-64.0,64.0,1.0
-----------O------XOO-X---OOOX----OXXX----X--------------------- X;,1,50,7,7,0,0,-16,0,64,1.7500000000000002,0.25,0.7499999999999999,0.25,11.0,9.75,0.25,0.75,0.25,3.0,0.7499999999999999,0.25,11.0,1055276,-63.287826123213264,-7.005674344910715,-64.0,-4.0,-64.0,64.0,1.0
------------------XXXX----OOXX----OOXX----XO-------------------- X;,1,50,9,5,4,1,-18,0,64,2.3749999999999996,0.12500000000000003,0.12500000000000003,0.37499999999999994,11.0,12.375,0.125,0.125,0.375,1.0,0.12500000000000003,0.37499999999999994,11.0,257762,-62.89367711299571,-7.3175875419961045,-64.0,-4.0,-64.0,64.0,1.0
------------------X------XXXXX----XOOO----XOO------O------------ X;,1,50,8,6,2,1,-20,0,64,1.0,0.5000000000000001,2.5000000000000004,1.0,9.0,10.0,0.5,0.5,0.0,3.0,2.5000000000000004,1.0,9.0,572223,-62.71647242421224,-7.827556739243267,-64.0,-4.0,-64.0,64.0,1.0
------------------XXXX----XXX-----XXOO------OO-------O---------- X;,1,50,9,5,4,1,-14,0,64,1.875,0.12500000000000003,0.12500000000000003,1.875,10.000000000000002,10.875,0.125,0.125,0.875,2.0,0.12500000000000003,1.875,10.000000000000002,146208,-62.49101280367695,-9.481669949660757,-64.0,-4.0,-64.0,64.0,1.0
-------------------XXX-----OXX---XOXXX---OOO-------------------- X;,1,50,9,5,4,0,-14,0,64,1.7500000000000002,0.25,0.25,1.7500000000000002,10.000000000000002,9.75,0.25,0.25,1.75,2.0,0.25,1.7500000000000002,10.000000000000002,83912,-61.054628658594716,-12.158666221756125,-64.0,-4.0,-64.0,64.0,1.0
-------------------XXX----XXXX---OOOXX----XO-------------------- X;,1,50,10,4,6,2,-16,0,64,3.2499999999999996,0.25,0.25,3.2499999999999996,7.000000000000001,11.25,0.25,0.25,1.25,1.0,0.25,3.2499999999999996,7.000000000000001,455736,-63.348987132901506,-5.926821668685379,-64.0,-4.0,-64.0,64.0,1.0
------------------OXXX----XOXX----XOOX----XO-------------------- X;,1,50,9,5,4,0,-16,0,64,4.375,0.12500000000000003,1.1249999999999998,3.375,5.000000000000001,12.375,0.125,0.125,0.375,1.0,1.1249999999999998,3.375,5.000000000000001,524834,-63.56519966313158,-5.233689128372019,-64.0,-4.0,-64.0,64.0,1.0
-------------------XXX-----XXX---OOOOX---XXO-------------------- X;,1,50,9,5,4,0,-16,0,64,1.7500000000000002,0.25,0.25,1.7500000000000002,10.000000000000002,9.75,0.25,0.25,1.75,2.0,0.25,1.7500000000000002,10.000000000000002,172247,-62.10567382886204,-9.256648882128571,-64.0,-4.0,-64.0,64.0,1.0
-------------------XXX-----XXX---XXXXX---OOO-------------------- X;,1,50,11,3,8,0,-20,0,64,6.25,0.7499999999999999,0.7499999999999999,0.25,5.999999999999999,9.75,0.25,0.25,1.75,2.0,0.7499999999999999,0.25,5.999999999999999,55795,-60.13327359082355,-13.616094632135496,-64.0,-4.0,-64.0,64.0,1.0
------------------XXX-----XXX-----XXOX------OOOO---------------- X;,1,50,9,5,4,0,-22,0,64,3.2499999999999996,0.7499999999999999,0.7499999999999999,1.2500000000000002,8.000000000000002,9.75,0.25,0.25,1.75,2.0,0.7499999999999999,1.2500000000000002,8.000000000000002,80777,-62.19671441128044,-10.48486574148582,-64.0,-4.0,-64.0,64.0,1.0
------------------XXO-X---OOOX----OOXX----XO-------------------- X;,1,50,7,7,0,0,-14,0,64,2.25,1.2500000000000002,0.25,2.25,8.000000000000002,11.25,0.25,0.25,0.25,2.0,0.25,2.25,8.000000000000002,1275572,-63.74131918856795,-4.959939540849125,-64.0,-4.0,-64.0,64.0,1.0
-------------X----OXX-----XOOO----XOOX----XO-------------------- X;,1,50,7,7,0,0,-14,0,64,5.25,0.25,0.25,2.25,5.999999999999999,11.25,0.25,0.25,0.25,2.0,0.25,2.25,5.999999999999999,1414148,-63.755539024203976,-5.069176634977386,-64.0,-4.0,-64.0,64.0,1.0
-------------X----OXXX-----OXX----OXOX----XO-------------------- X;,1,50,9,5,4,0,-14,0,64,0.875,0.12500000000000003,0.12500000000000003,6.875,5.999999999999999,10.875,0.125,0.125,0.875,2.0,0.12500000000000003,6.875,5.999999999999999,1438266,-63.76486546994784,-4.862934950836633,-64.0,-4.0,-64.0,64.0,1.0
-------------X-----XX-----OOOO----XOOX---XXO-------------------- X;,1,50,7,7,0,0,-16,0,64,4.875000000000001,0.12500000000000003,0.12500000000000003,0.875,8.000000000000002,10.875,0.125,0.125,0.875,2.0,0.12500000000000003,0.875,8.000000000000002,647662,-63.63776476001371,-5.167825192770303,-64.0,-4.0,-64.0,64.0,1.0
-------------------XO-X----OOX---XXXOX----XOO------------------- X;,1,50,8,6,2,0,-18,0,64,1.6249999999999998,1.375,3.375,1.6249999999999998,5.999999999999999,10.625,0.375,0.375,0.625,2.0,3.375,1.6249999999999998,5.999999999999999,1023210,-63.724283382687815,-4.922160651283705,-64.0,-4.0,-64.0,64.0,1.0
-------------------XOOX---XXOX----XOXX----XO-------------------- X;,1,50,9,5,4,0,-18,0,64,1.2500000000000002,1.2500000000000002,3.2499999999999996,5.25,2.9999999999999996,11.25,0.25,0.25,1.25,1.0,3.2499999999999996,5.25,2.9999999999999996,747384,-63.54721802982135,-5.727112167239331,-64.0,-4.0,-64.0,64.0,1.0
----------X--------XX----XXXX-----XOOO------OO-------O---------- X;,1,50,8,6,2,0,-18,0,64,0.875,0.12500000000000003,0.12500000000000003,0.875,11.999999999999998,9.375,0.625,0.625,1.375,2.0,0.12500000000000003,0.875,11.999999999999998,410689,-62.79870169398255,-7.434404135489385,-64.0,-4.0,-64.0,64.0,1.0
-----------X-------XX-X----OOX----OOOX----XOO------------------- X;,1,50,7,7,0,0,-20,0,64,4.625,0.37499999999999994,0.37499999999999994,0.6250000000000001,8.000000000000002,10.625,0.375,0.375,0.625,2.0,0.37499999999999994,0.6250000000000001,8.000000000000002,622323,-63.59182932335781,-5.29713990966106,-64.0,-4.0,-64.0,64.0,1.0
-------------X-----XX------XOO---XXXOX----XOO------------------- X;,1,50,9,5,4,0,-22,0,64,0.6250000000000001,0.37499999999999994,0.37499999999999994,0.6250000000000001,11.999999999999998,10.625,0.375,0.375,0.625,2.0,0.37499999999999994,0.6250000000000001,11.999999999999998,378674,-63.62473261961476,-5.198888753914977,-64.0,-4.0,-64.0,64.0,1.0
------------X-------XX----XOX-----XOOO----XOO------O------------ X;,1,50,7,7,0,1,-16,0,64,2.0000000000000004,0.0,0.5000000000000001,2.5000000000000004,9.0,10.0,1.0,0.5,1.5,1.0,0.5000000000000001,2.5000000000000004,9.0,390069,-63.51135311957628,-5.312034537479266,-64.0,-4.0,-64.0,64.0,1.0
-----------X------XX-------XOX----XOOO---XOOO------------------- X;,1,50,7,7,0,1,-20,0,64,1.2500000000000002,2.25,0.7499999999999999,2.75,7.000000000000001,9.75,0.75,0.25,0.25,3.0,0.7499999999999999,2.75,7.000000000000001,365964,-63.56578242668678,-5.800865658917271,-64.0,-4.0,-64.0,64.0,1.0
-------------X----OXX------OOO---XXXOX----X-O------------------- X;,1,50,8,6,2,0,-20,0,64,1.7500000000000002,0.7499999999999999,0.25,2.25,9.0,9.75,0.75,0.25,0.25,3.0,0.25,2.25,9.0,405432,-63.64345685589692,-5.638119339371337,-64.0,-4.0,-64.0,64.0,1.0
-----------X------XX-----X-XOX----XOOO----OOO------------------- X;,1,50,7,7,0,0,-22,0,64,1.4999999999999998,2.0000000000000004,0.5000000000000001,2.9999999999999996,7.000000000000001,10.0,0.5,0.0,0.5,3.0,0.5000000000000001,2.9999999999999996,7.000000000000001,266773,-63.58387093146608,-5.556251944537116,-64.0,-4.0,-64.0,64.0,1.0
------------O------XOX----XXXOX---XXO-O---X--------------------- X;,1,50,9,5,4,0,-12,0,64,2.25,1.2500000000000002,0.25,3.2499999999999996,7.000000000000001,9.25,0.25,0.25,1.25,3.0,0.25,3.2499999999999996,7.000000000000001,785173,-63.24837965645788,-6.593446285086217,-64.0,-4.0,-64.0,64.0,1.0
-----X------X------XOX----XOOO----XOO-----XO-------------------- X;,1,50,7,7,0,0,-14,0,64,5.25,0.7499999999999999,0.7499999999999999,3.2499999999999996,4.0,9.75,0.25,0.25,1.75,2.0,0.7499999999999999,3.2499999999999996,4.0,421142,-63.3953298412412,-5.616533140840857,-64.0,-4.0,-64.0,64.0,1.0
-------------------XXX--X-XOOO---XOOO-----XO-------------------- X;,1,50,7,7,0,0,-16,0,64,5.25,0.7499999999999999,0.7499999999999999,3.2499999999999996,4.0,9.75,0.25,0.25,1.75,2.0,0.7499999999999999,3.2499999999999996,4.0,425347,-63.44106811614987,-5.547338996160781,-64.0,-4.0,-64.0,64.0,1.0
---------------------X----XXXX----XXOX----XOOO-----O------------ X;,1,50,9,5,4,0,-16,0,64,1.875,0.12500000000000003,4.625,3.375,4.0,10.875,0.125,0.625,0.375,2.0,4.625,3.375,4.0,500929,-62.99474376608262,-6.781152618434948,-64.0,-4.0,-64.0,64.0,1.0
-----------OOX-----XOX----XXOO----XXO-----X--------------------- X;,1,50,8,6,2,0,-16,0,64,1.7500000000000002,0.25,0.7499999999999999,2.25,9.0,8.75,0.25,0.75,1.25,3.0,0.7499999999999999,2.25,9.0,344535,-62.53640994383735,-6.766900314917208,-64.0,-4.0,-64.0,64.0,1.0
-------------------OOX----XOXX----XOOX----XOO------------------- X;,1,50,7,7,0,1,-12,0,64,2.0000000000000004,0.0,8.000000000000002,2.0000000000000004,2.0000000000000004,13.0,0.0,0.0,1.0,0.0,8.000000000000002,2.0000000000000004,2.0000000000000004,1227883,-63.66706762777887,-4.855776975493593,-64.0,-4.0,-64.0,64.0,1.0
------------O-----XXOX----XOOX-----OOX----XO-------------------- X;,1,50,7,7,0,0,-12,0,64,6.875,0.6250000000000001,2.125,2.3749999999999996,2.0000000000000004,10.875,0.625,0.125,0.375,2.0,2.125,2.3749999999999996,2.0000000000000004,746714,-63.36262076243381,-5.954962676473188,-64.0,-4.0,-64.0,64.0,1.0
-------------X-----OXX----XOO-----XOOX----XOO------------------- X;,1,50,7,7,0,0,-14,0,64,5.25,1.2500000000000002,3.2499999999999996,1.2500000000000002,2.9999999999999996,11.25,0.25,0.25,1.25,1.0,3.2499999999999996,1.2500000000000002,2.9999999999999996,574950,-63.576836246630144,-4.997391077484998,-64.0,-4.0,-64.0,64.0,1.0
-----------XO------OOX----XOOX-----OOX----XO-------------------- X;,1,50,6,8,-2,0,-14,0,64,5.000000000000001,0.5000000000000001,4.499999999999999,2.0000000000000004,2.0000000000000004,10.0,0.5,0.5,1.0,2.0,4.499999999999999,2.0000000000000004,2.0000000000000004,639009,-63.338062531200656,-5.9727077396406,-64.0,-4.0,-64.0,64.0,1.0
----------X-------OOOX----XOXX-----OOX----XO-------------------- X;,1,50,7,7,0,0,-14,0,64,1.375,0.12500000000000003,4.625,3.875,4.0,10.875,0.625,0.125,0.375,2.0,4.625,3.875,4.0,427003,-63.27068896471453,-5.894159994192078,-64.0,-4.0,-64.0,64.0,1.0
------------X------XXX----XOOOO----OOX----XO-------------------- X;,1,50,7,7,0,0,-14,0,64,5.5,1.0,0.5000000000000001,2.9999999999999996,4.0,10.0,0.5,0.0,1.5,2.0,0.5000000000000001,2.9999999999999996,4.0,500745,-63.32500973549411,-6.143194639986421,-64.0,-4.0,-64.0,64.0,1.0
------------------OXXX----XOX-----XXOX----XOO------------------- X;,1,50,9,5,4,0,-18,0,64,1.375,0.12500000000000003,1.1249999999999998,6.374999999999999,5.000000000000001,12.375,0.125,0.125,0.375,1.0,1.1249999999999998,6.374999999999999,5.000000000000001,249638,-63.3569648851537,-5.636417532587187,-64.0,-4.0,-64.0,64.0,1.0
---------------------X---X-OXX----XXOX----XOOO-----O------------ X;,1,50,8,6,2,1,-12,0,64,0.37499999999999994,0.12500000000000003,3.6250000000000004,6.875,2.9999999999999996,9.875,0.625,0.125,0.375,3.0,3.6250000000000004,6.875,2.9999999999999996,1505681,-63.53559087217013,-5.827118758887175,-64.0,-4.0,-64.0,64.0,1.0
------------O------XOOO----OOO---XXXO-X---X--------------------- X;,1,50,6,8,-2,0,-14,0,64,1.2500000000000002,0.7499999999999999,1.2500000000000002,1.7500000000000002,9.0,8.25,0.75,0.25,1.75,3.0,1.2500000000000002,1.7500000000000002,9.0,865571,-63.266169961794006,-7.517768039825733,-64.0,-4.0,-64.0,64.0,1.0
-----------X--------XX-X---OOOX----XOOO---XO-------------------- X;,1,50,7,7,0,0,-14,0,64,2.75,1.2500000000000002,0.7499999999999999,2.25,7.000000000000001,8.25,0.75,0.25,1.75,3.0,0.7499999999999999,2.25,7.000000000000001,567685,-63.360405858883006,-5.8625364418647665,-64.0,-4.0,-64.0,64.0,1.0
---X--------X------XOX-----OOX----OOO-X---XO-------------------- X;,1,50,7,7,0,0,-14,0,64,5.749999999999999,1.7500000000000002,0.25,2.25,4.0,8.75,0.75,0.25,2.25,2.0,0.25,2.25,4.0,488295,-63.58789256494537,-5.4329124811845295,-64.0,-4.0,-64.0,64.0,1.0
--------------------XX---X-XXO----XOO-----XOOO-----O------------ X;,1,50,7,7,0,0,-14,0,64,0.37499999999999994,0.12500000000000003,0.6250000000000001,2.875,10.000000000000002,9.875,0.625,0.125,1.375,2.0,0.6250000000000001,2.875,10.000000000000002,569044,-63.239046541216496,-6.912959279071566,-64.0,-4.0,-64.0,64.0,1.0
-----------X-------XXX-----XXOO----XOO----XOO------------------- X;,1,50,8,6,2,0,-14,0,64,2.5000000000000004,0.0,1.0,2.5000000000000004,8.000000000000002,10.0,0.5,0.5,1.0,2.0,1.0,2.5000000000000004,8.000000000000002,1348892,-63.56240380994179,-5.665263045521806,-64.0,-4.0,-64.0,64.0,1.0
-----------XO------OXX----OOOX----OXO-X---X--------------------- X;,1,50,7,7,0,0,-16,0,64,2.25,0.25,0.25,4.25,7.000000000000001,9.25,0.25,0.25,1.25,3.0,0.25,4.25,7.000000000000001,870757,-63.03747658646442,-7.142004026381643,-64.0,-4.0,-64.0,64.0,1.0
-----X------X-----OOOX-----OOO---XXXO-----X--------------------- X;,1,50,7,7,0,0,-16,0,64,2.3749999999999996,0.12500000000000003,0.6250000000000001,3.875,7.000000000000001,8.875,0.625,0.125,1.375,3.0,0.6250000000000001,3.875,7.000000000000001,370066,-62.81449795441894,-7.3477595888301,-64.0,-4.0,-64.0,64.0,1.0
------------X-----O-XX--X-OOX----XOOO-----XO-------------------- X;,1,50,7,7,0,0,-16,0,64,2.3749999999999996,0.12500000000000003,0.6250000000000001,3.875,7.000000000000001,8.875,0.625,0.125,1.375,3.0,0.6250000000000001,3.875,7.000000000000001,321509,-62.650569657459044,-7.4025797100547726,-64.0,-4.0,-64.0,64.0,1.0
---------------------X----XXXXX---XXOO----XOO------O------------ X;,1,50,9,5,4,0,-16,0,64,2.0000000000000004,1.0,2.5000000000000004,2.5000000000000004,5.999999999999999,10.0,0.0,0.5,1.5,2.0,2.5000000000000004,2.5000000000000004,5.999999999999999,877906,-63.117060368649945,-6.989641259998223,-64.0,-4.0,-64.0,64.0,1.0
-----------OOX-----XOX-----XOO---XXXO-----X--------------------- X;,1,50,8,6,2,0,-18,0,64,1.2500000000000002,0.7499999999999999,1.2500000000000002,1.7500000000000002,9.0,8.25,0.75,0.25,1.75,3.0,1.2500000000000002,1.7500000000000002,9.0,435654,-62.89485233694629,-6.806741129428399,-64.0,-4.0,-64.0,64.0,1.0
-------------X-----OXX----XOOO----XXOX----XO-------------------- X;,1,50,8,6,2,0,-16,0,64,2.25,1.2500000000000002,1.2500000000000002,2.25,7.000000000000001,11.25,0.25,0.25,1.25,1.0,1.2500000000000002,2.25,7.000000000000001,1061257,-63.64187185573334,-5.224466835083303,-64.0,-4.0,-64.0,64.0,1.0
-------------X----XXXX----XOOO----XOO-----XO-------------------- X;,1,50,8,6,2,0,-18,0,64,6.875,0.12500000000000003,0.12500000000000003,0.875,5.999999999999999,10.875,0.125,0.125,0.875,2.0,0.12500000000000003,0.875,5.999999999999999,594593,-63.42120744778361,-5.5454167808904575,-64.0,-4.0,-64.0,64.0,1.0
------------XX-----XXX----XOOO----XOO-----XO-------------------- X;,1,50,8,6,2,0,-18,0,64,5.749999999999999,0.25,0.25,1.7500000000000002,5.999999999999999,9.75,0.25,0.25,1.75,2.0,0.25,1.7500000000000002,5.999999999999999,480689,-63.5720725874734,-5.530669518129185,-64.0,-4.0,-64.0,64.0,1.0
-------------------XXX----OOOX----XOO-X--XXO-------------------- X;,1,50,8,6,2,0,-20,0,64,5.749999999999999,2.25,0.25,1.7500000000000002,4.0,9.75,0.25,0.25,1.75,2.0,0.25,1.7500000000000002,4.0,414644,-63.30005981034333,-5.634626330056627,-64.0,-4.0,-64.0,64.0,1.0
-------------------XXX----OOXX----XOXX---XXO-------------------- X;,1,50,10,4,6,0,-20,0,64,2.25,1.2500000000000002,0.25,1.2500000000000002,9.0,11.25,0.25,0.25,1.25,1.0,0.25,1.2500000000000002,9.0,278532,-63.18760501486364,-6.11410538106932,-64.0,-4.0,-64.0,64.0,1.0
----------X--X-----XXX----XOX----OOOO-----XO-------------------- X;,1,50,8,6,2,0,-22,0,64,2.75,0.25,0.7499999999999999,3.2499999999999996,7.000000000000001,8.75,0.25,0.75,1.25,3.0,0.7499999999999999,3.2499999999999996,7.000000000000001,313047,-63.218155740192365,-6.021587812692663,-64.0,-4.0,-64.0,64.0,1.0
-------------------O-X----XOXXX---OOO-----XOO-------O----------- X;,1,50,6,8,-2,0,-12,0,64,2.5000000000000004,0.5000000000000001,2.5000000000000004,2.5000000000000004,5.999999999999999,10.0,1.0,0.0,1.0,2.0,2.5000000000000004,2.5000000000000004,5.999999999999999,679980,-63.858739962940085,-4.430797964646019,-64.0,-4.0,-64.0,64.0,1.0
-----------XO-----X-O----XXXOX-----OO------OO------O------------ X;,1,50,6,8,-2,0,-12,0,64,1.375,0.6250000000000001,3.6250000000000004,3.375,5.000000000000001,9.375,0.625,0.625,0.375,3.0,3.6250000000000004,3.375,5.000000000000001,452008,-63.93497460221943,-4.271645634590538,-64.0,-4.0,-64.0,64.0,1.0
---X-------X------OOO------OO----XXXOX----X-O------------------- X;,1,50,7,7,0,0,-14,0,64,1.7500000000000002,0.7499999999999999,3.2499999999999996,2.25,5.999999999999999,8.75,0.75,0.25,0.25,4.0,3.2499999999999996,2.25,5.999999999999999,655293,-63.73810799138706,-4.7768280753800205,-64.0,-4.0,-64.0,64.0,1.0
-----------O-X----OOX------OO----XXXOX----X-O------------------- X;,1,50,7,7,0,0,-14,0,64,1.2500000000000002,1.2500000000000002,1.7500000000000002,3.7500000000000004,5.999999999999999,8.75,0.75,0.25,0.25,4.0,1.7500000000000002,3.7500000000000004,5.999999999999999,528268,-63.68710200125694,-4.996532063270916,-64.0,-4.0,-64.0,64.0,1.0
----------XO-------XO------OX----XXOOX----XOO------------------- X;,1,50,7,7,0,0,-14,0,64,1.375,0.6250000000000001,2.625,2.3749999999999996,7.000000000000001,9.375,0.625,0.625,0.375,3.0,2.625,2.3749999999999996,7.000000000000001,553843,-63.574218686523075,-5.598911604913305,-64.0,-4.0,-64.0,64.0,1.0
------------OX----X-O----XXXOX-----OO------OO------O------------ X;,1,50,6,8,-2,1,-16,0,64,1.6249999999999998,0.37499999999999994,4.375,2.625,5.000000000000001,8.625,1.375,0.375,0.625,3.0,4.375,2.625,5.000000000000001,430972,-63.919034183195194,-4.233114912337692,-64.0,-4.0,-64.0,64.0,1.0
------------X-----X-XX---OXOX-----OOO----OX-O------------------- X;,1,50,7,7,0,0,-14,0,64,3.375,2.125,0.6250000000000001,1.875,5.999999999999999,8.875,0.625,0.125,0.375,4.0,0.6250000000000001,1.875,5.999999999999999,500081,-62.780117620945404,-8.131678668055775,-64.0,-4.0,-64.0,64.0,1.0
------------X-----O-XX--XXOOX-----OOO-----X-O------------------- X;,1,50,7,7,0,1,-16,0,64,2.3749999999999996,1.1249999999999998,0.6250000000000001,3.875,5.999999999999999,8.875,0.625,0.125,0.375,4.0,0.6250000000000001,3.875,5.999999999999999,150455,-62.933036456083215,-6.790814529261241,-64.0,-4.0,-64.0,64.0,1.0
-----------O-X-----OOX-----XOO---XXXOO----X--------------------- X;,1,50,7,7,0,0,-16,0,64,2.25,0.25,0.7499999999999999,1.7500000000000002,9.0,8.75,0.75,0.25,1.25,3.0,0.7499999999999999,1.7500000000000002,9.0,331364,-63.1581101145568,-6.0753370915368,-64.0,-4.0,-64.0,64.0,1.0
-------------------O-X---XXOXXX----OO-----XOO-------O----------- X;,1,50,7,7,0,0,-20,0,64,2.25,0.25,4.25,2.25,5.000000000000001,9.25,0.25,0.25,1.25,3.0,4.25,2.25,5.000000000000001,283749,-63.62089734236949,-5.540396618137861,-64.0,-4.0,-64.0,64.0,1.0
------------X----OXXXX---OOOX-----XOO----X---------------------- X;,1,50,8,6,2,0,-14,0,64,2.5000000000000004,1.0,1.0,2.5000000000000004,7.000000000000001,8.0,0.5,0.5,0.0,5.0,1.0,2.5000000000000004,7.000000000000001,663140,-62.24752239346141,-8.494646680942184,-64.0,-4.0,-64.0,64.0,1.0
------------X---X--OXX---XOOOO----XOO----X---------------------- X;,1,50,7,7,0,0,-16,0,64,5.125000000000001,0.875,0.37499999999999994,1.6249999999999998,5.999999999999999,8.125,0.875,0.375,0.625,4.0,0.37499999999999994,1.6249999999999998,5.999999999999999,478936,-63.28989677117611,-5.928650174553594,-64.0,-4.0,-64.0,64.0,1.0
------------X----O-XXX---OOOX----XXOO----X---------------------- X;,1,50,8,6,2,0,-16,0,64,1.875,1.1249999999999998,0.6250000000000001,3.375,7.000000000000001,7.875,0.125,0.625,0.375,5.0,0.6250000000000001,3.375,7.000000000000001,355691,-61.50168545169824,-9.154648276172296,-64.0,-4.0,-64.0,64.0,1.0
-----------O-X-----OOX----OOOO---XXXO-----X--------------------- X;,1,50,6,8,-2,0,-16,0,64,3.2499999999999996,0.25,0.7499999999999999,2.75,7.000000000000001,8.75,0.75,0.25,1.25,3.0,0.7499999999999999,2.75,7.000000000000001,426421,-63.22978933964322,-6.177918066886949,-64.0,-4.0,-64.0,64.0,1.0
-----------O-X-----OOO----OOO----XXXXX----X--------------------- X;,1,50,7,7,0,0,-16,0,64,0.25,0.25,1.7500000000000002,0.7499999999999999,11.0,8.75,0.75,0.25,1.25,3.0,1.7500000000000002,0.7499999999999999,11.0,473230,-62.887052807303,-7.447904824292627,-64.0,-4.0,-64.0,64.0,1.0
------------X------OXX---OOOX-----OXXX---XO--------------------- X;,1,50,8,6,2,0,-18,0,64,1.2500000000000002,1.2500000000000002,0.7499999999999999,1.7500000000000002,9.0,8.75,0.75,0.25,1.25,3.0,0.7499999999999999,1.7500000000000002,9.0,493885,-62.845731293722224,-7.4033307348876765,-64.0,-4.0,-64.0,64.0,1.0
----------X-X------XXX---OOOX-----OOO----XO--------------------- X;,1,50,7,7,0,0,-20,0,64,1.4999999999999998,0.5000000000000001,2.5000000000000004,1.4999999999999998,8.000000000000002,8.0,1.0,0.0,1.0,4.0,2.5000000000000004,1.4999999999999998,8.000000000000002,173521,-62.197255663579625,-8.212377752548683,-64.0,-4.0,-64.0,64.0,1.0
------------X-----OOXX--XXXOX-----XOO----X---------------------- X;,1,50,9,5,4,0,-26,0,64,2.25,1.2500000000000002,0.7499999999999999,2.75,7.000000000000001,7.75,0.75,0.25,0.25,5.0,0.7499999999999999,2.75,7.000000000000001,132982,-61.65935239355702,-7.387481012467853,-64.0,-4.0,-64.0,64.0,1.0
-----------OX-----XOXX--XXXOX-----OOO--------------------------- X;,1,50,8,6,2,0,-16,0,64,2.25,3.2499999999999996,0.25,1.2500000000000002,7.000000000000001,8.25,0.25,0.25,0.25,5.0,0.25,1.2500000000000002,7.000000000000001,774436,-62.70729666492777,-6.50873151558037,-64.0,-4.0,-64.0,64.0,1.0
---X-------X-------XX-----OOOX---XXOO-----XO-------------------- X;,1,50,8,6,2,0,-18,0,64,5.375,2.625,0.12500000000000003,0.875,5.000000000000001,9.375,0.625,0.125,0.875,3.0,0.12500000000000003,0.875,5.000000000000001,354308,-63.057243979814174,-6.8763618094990795,-64.0,-4.0,-64.0,64.0,1.0
----------X-XO-----XOX--XXXOX-----OOO--------------------------- X;,1,50,8,6,2,0,-20,0,64,1.875,1.1249999999999998,0.12500000000000003,3.875,7.000000000000001,7.375,0.625,0.625,0.375,5.0,0.12500000000000003,3.875,7.000000000000001,128862,-61.823051015815366,-9.85572162468377,-64.0,-4.0,-64.0,64.0,1.0
---X-------X-------XXX----OOX----XXOO-----XO-------------------- X;,1,50,9,5,4,0,-22,0,64,2.75,1.7500000000000002,0.25,2.25,7.000000000000001,8.75,0.75,0.25,1.25,3.0,0.25,2.25,7.000000000000001,226501,-62.64888896737763,-7.468929497000013,-64.0,-4.0,-64.0,64.0,1.0
---X-------X------OOO-----OOX----XXXXX----X--------------------- X;,1,50,9,5,4,0,-24,0,64,1.7500000000000002,0.7499999999999999,1.2500000000000002,2.25,8.000000000000002,8.75,0.75,0.25,0.25,4.0,1.2500000000000002,2.25,8.000000000000002,121723,-60.16963104754237,-9.502690535067325,-64.0,-4.0,-64.0,64.0,1.0
-----------------XXX-----XXXXX---OOOO------X-O------------------ X;,1,50,9,5,4,0,-10,0,64,1.2500000000000002,0.7499999999999999,0.25,0.7499999999999999,11.0,8.75,0.25,0.75,1.25,3.0,0.25,0.7499999999999999,11.0,592394,-63.815626086692305,-4.520049156473563,-64.0,-4.0,-64.0,64.0,1.0
-----------------X-X-O----XOO-----XOXX---XXO-------O------------ X;,1,50,8,6,2,0,-12,0,64,2.75,0.25,1.7500000000000002,2.25,7.000000000000001,8.75,0.25,0.75,1.25,3.0,1.7500000000000002,2.25,7.000000000000001,1039769,-63.67765147835721,-5.402080654453056,-64.0,-4.0,-64.0,64.0,1.0
----------X-------XXXX----XXXX----OOO------X-O------------------ X;,1,50,10,4,6,0,-14,0,64,2.3749999999999996,0.6250000000000001,0.6250000000000001,0.37499999999999994,10.000000000000002,10.875,0.125,0.125,0.875,2.0,0.6250000000000001,0.37499999999999994,10.000000000000002,462177,-63.55231870041131,-5.179976502508779,-64.0,-4.0,-64.0,64.0,1.0
----------X-------XXO-----XXOX-----XOX-----XOO------------------ X;,1,50,9,5,4,0,-20,0,64,1.2500000000000002,0.25,1.2500000000000002,0.25,11.0,11.25,0.25,0.25,1.25,1.0,1.2500000000000002,0.25,11.0,649390,-63.48098369238824,-5.81951061765657,-64.0,-4.0,-64.0,64.0,1.0
--------------X----X-X----OOX-----XOXX---XXXO------------------- X;,1,50,10,4,6,0,-34,0,64,1.875,0.12500000000000003,0.12500000000000003,1.875,10.000000000000002,9.875,0.125,0.125,1.875,2.0,0.12500000000000003,1.875,10.000000000000002,318736,-63.19620626474575,-6.041030821745896,-64.0,-4.0,-64.0,64.0,1.0
----------XX-----XXXX------OOX-----OO-----OX-O------------------ X;,1,50,8,6,2,0,-14,0,64,6.875,0.12500000000000003,0.6250000000000001,1.375,5.000000000000001,8.875,0.125,0.625,1.375,3.0,0.6250000000000001,1.375,5.000000000000001,610915,-63.81394465678532,-4.620983279179591,-64.0,-4.0,-64.0,64.0,1.0
----------XO-----XXOXX-----OXX-----XO------X-O------------------ X;,1,50,9,5,4,0,-14,0,64,1.375,0.6250000000000001,0.12500000000000003,6.875,5.000000000000001,8.875,0.125,0.625,1.375,3.0,0.12500000000000003,6.875,5.000000000000001,551554,-63.505633174630226,-5.775126279566462,-64.0,-4.0,-64.0,64.0,1.0
----------X------XXXO-----XOXX----OOO------X-O------------------ X;,1,50,8,6,2,0,-16,0,64,2.0000000000000004,0.0,0.0,2.0000000000000004,10.000000000000002,10.0,0.0,0.0,2.0,2.0,0.0,2.0000000000000004,10.000000000000002,970686,-63.7024825741795,-5.211506089507832,-64.0,-4.0,-64.0,64.0,1.0
----------X------XXXO------OOX-----XOX-----XOO------------------ X;,1,50,8,6,2,0,-18,0,64,2.0000000000000004,0.0,0.5000000000000001,1.4999999999999998,10.000000000000002,10.0,0.0,0.5,1.5,2.0,0.5000000000000001,1.4999999999999998,10.000000000000002,814197,-63.486082606543626,-5.531698102547663,-64.0,-4.0,-64.0,64.0,1.0
-------------X------OXX---XXOX-----XOO----X-X----X-------------- X;,1,50,10,4,6,0,-38,0,64,1.875,1.1249999999999998,0.12500000000000003,1.875,9.0,8.875,0.125,0.125,1.875,3.0,0.12500000000000003,1.875,9.0,140902,-62.32220976281387,-6.2449078082639,-64.0,-4.0,-64.0,64.0,1.0
-----------------O-XXO---XOXX-----OOXX---XO--------------------- X;,1,50,8,6,2,0,-14,0,64,2.25,0.7499999999999999,1.2500000000000002,2.75,7.000000000000001,8.75,0.25,0.75,1.25,3.0,1.2500000000000002,2.75,7.000000000000001,555885,-62.92021551220127,-8.473968536657761,-64.0,-4.0,-64.0,64.0,1.0
----------X-------XOO-----XXOX-----XOX-----XOO------------------ X;,1,50,8,6,2,0,-16,0,64,0.25,1.2500000000000002,3.2499999999999996,0.25,9.0,11.25,0.25,0.25,1.25,1.0,3.2499999999999996,0.25,9.0,1135998,-63.47235998654927,-6.035341611516921,-64.0,-4.0,-64.0,64.0,1.0
-----------------XXXX------XXO----XXOO-------OOO---------------- X;,1,50,8,6,2,0,-16,0,64,1.2500000000000002,0.25,1.2500000000000002,1.2500000000000002,10.000000000000002,8.75,0.75,0.75,1.75,2.0,1.2500000000000002,1.2500000000000002,10.000000000000002,143761,-62.00969664929988,-10.927970729196375,-64.0,-4.0,-64.0,64.0,1.0
-------------------XXO----XXX----XXXXX--OOO--------------------- X;,1,50,10,4,6,0,-20,0,64,8.5,0.5000000000000001,0.5000000000000001,1.4999999999999998,2.9999999999999996,8.5,0.5,0.5,1.5,3.0,0.5000000000000001,1.4999999999999998,2.9999999999999996,83963,-61.54387051439325,-8.892583638031038,-64.0,-4.0,-64.0,64.0,1.0
-----------O--X----OXX----OOX-----OOXX---XO--------------------- X;,1,50,7,7,0,0,-28,0,64,0.6250000000000001,1.375,0.37499999999999994,0.6250000000000001,11.0,8.625,0.375,0.375,1.625,3.0,0.37499999999999994,0.6250000000000001,11.0,1183985,-63.43343032217469,-6.477894567921046,-64.0,-4.0,-64.0,64.0,1.0
---------XX-------XOO------XOX-----XOX-----XOO------------------ X;,1,50,8,6,2,0,-34,0,64,0.37499999999999994,0.6250000000000001,2.125,0.875,10.000000000000002,9.875,0.125,0.625,1.375,2.0,2.125,0.875,10.000000000000002,644809,-63.35286883402682,-5.69548191790127,-64.0,-4.0,-64.0,64.0,1.0
----------O------XOX-----OOXXX-----XXX-----X-O------------------ X;,1,50,9,5,4,0,-18,0,64,6.25,0.7499999999999999,0.7499999999999999,1.2500000000000002,5.000000000000001,8.75,0.25,0.25,1.75,3.0,0.7499999999999999,1.2500000000000002,5.000000000000001,95135,-60.681915173174964,-12.224754296525989,-64.0,-4.0,-64.0,64.0,1.0
-----------------XXXX------XX-----XXO-------OO------OO-------O-- X;,1,50,8,6,2,0,-18,0,64,1.7500000000000002,0.7499999999999999,0.7499999999999999,1.7500000000000002,9.0,7.75,0.75,0.75,1.75,3.0,0.7499999999999999,1.7500000000000002,9.0,31278,-60.16516401304431,-15.516912846089904,-64.0,-4.0,-64.0,64.0,1.0
-------------------X-O-----XXX--XXXXXX--OOO--------------------- X;,1,50,10,4,6,0,-24,0,64,7.5,1.0,1.0,1.4999999999999998,2.9999999999999996,7.5,1.0,1.0,1.5,3.0,1.0,1.4999999999999998,2.9999999999999996,84394,-62.84280873047847,-7.673886769201602,-64.0,-4.0,-64.0,64.0,1.0
--------------X----XOX-----OXX---OOOXX---XO--------------------- X;,1,50,8,6,2,0,-28,0,64,0.6250000000000001,0.37499999999999994,0.37499999999999994,1.6249999999999998,11.0,8.625,0.375,0.375,1.625,3.0,0.37499999999999994,1.6249999999999998,11.0,1879973,-63.7027031771201,-5.1012828375726675,-64.0,-4.0,-64.0,64.0,1.0
-------------------X-O---X-XXX---XOOXX---OO-----O--------------- X;,1,50,8,6,2,0,-30,0,64,3.2499999999999996,0.25,0.7499999999999999,2.75,7.000000000000001,7.75,0.75,1.25,1.25,3.0,0.7499999999999999,2.75,7.000000000000001,24084,-61.893539279189504,-10.451004816475669,-64.0,-4.0,-64.0,64.0,1.0
---------XO------XO------OOXXX-----XXX-----X-O------------------ X;,1,50,9,5,4,0,-42,0,64,5.875000000000001,0.6250000000000001,0.6250000000000001,1.875,5.000000000000001,7.875,0.625,0.625,1.875,3.0,0.6250000000000001,1.875,5.000000000000001,18450,-54.94493224932249,-17.602059620596204,-64.0,-6.0,-64.0,64.0,1.0
-----------OXX----OOX-----XOXX----XOO-----O--------------------- X;,1,50,7,7,0,0,-12,0,64,3.2499999999999996,0.7499999999999999,1.2500000000000002,2.75,5.999999999999999,8.75,0.25,0.75,0.25,4.0,1.2500000000000002,2.75,5.999999999999999,1549075,-63.56255959201459,-5.651810273873118,-64.0,-4.0,-64.0,64.0,1.0
-------------X----OOX-----XOXX----XOX-----OOO------------------- X;,1,50,7,7,0,0,-14,0,64,1.2500000000000002,0.25,3.2499999999999996,1.2500000000000002,8.000000000000002,11.25,0.25,0.25,0.25,2.0,3.2499999999999996,1.2500000000000002,8.000000000000002,2647976,-63.82702788847029,-4.767170095197238,-64.0,-4.0,-64.0,64.0,1.0
-------------X---XXXXO----XOOX----XOO-----O--------------------- X;,1,50,8,6,2,1,-16,0,64,7.875,0.6250000000000001,0.12500000000000003,2.3749999999999996,2.9999999999999996,9.875,0.625,0.125,0.375,3.0,0.12500000000000003,2.3749999999999996,2.9999999999999996,721967,-63.583363228513214,-5.335548577705075,-64.0,-4.0,-64.0,64.0,1.0
----------X--------XOO----XXOOO---XXXX-------O------------------ X;,1,50,8,6,2,0,-16,0,64,2.75,0.25,0.7499999999999999,3.2499999999999996,7.000000000000001,9.75,0.25,0.75,0.25,3.0,0.7499999999999999,3.2499999999999996,7.000000000000001,563616,-62.618303951626636,-8.604578294441605,-64.0,-4.0,-64.0,64.0,1.0
-------------O----OXOXX---OOO-----XXO----X-X-------------------- X;,1,50,7,7,0,0,-16,0,64,1.2500000000000002,2.25,1.2500000000000002,2.25,7.000000000000001,9.25,0.25,0.25,1.25,3.0,1.2500000000000002,2.25,7.000000000000001,1050205,-63.3256192838541,-7.0637713589251625,-64.0,-4.0,-64.0,64.0,1.0
----------X--X----XXX----OOOXX----XOO-----O--------------------- X;,1,50,8,6,2,0,-18,0,64,2.75,1.2500000000000002,0.7499999999999999,3.2499999999999996,5.999999999999999,8.75,0.25,0.75,0.25,4.0,0.7499999999999999,3.2499999999999996,5.999999999999999,650485,-62.42054467051508,-9.078373828758542,-64.0,-4.0,-64.0,64.0,1.0
----------X--------XOO----XXOX-----XOX-----XOO------------------ X;,1,50,8,6,2,1,-22,0,64,2.25,0.25,1.2500000000000002,0.25,10.000000000000002,11.25,0.25,0.25,0.25,2.0,1.2500000000000002,0.25,10.000000000000002,857697,-63.03403416357991,-7.212034086629661,-64.0,-4.0,-64.0,64.0,1.0
--------------X---OXXX----OOOO----XXO----X-X-------------------- X;,1,50,8,6,2,0,-32,0,64,1.875,0.12500000000000003,2.125,2.875,7.000000000000001,9.875,0.125,0.125,0.875,3.0,2.125,2.875,7.000000000000001,504369,-61.60132363408536,-10.537086934367498,-64.0,-4.0,-64.0,64.0,1.0
----------X-OX----X-O----XOOOX--X--OO-----O--------------------- X;,1,50,6,8,-2,0,-14,0,64,4.750000000000001,1.2500000000000002,1.2500000000000002,1.7500000000000002,5.000000000000001,7.25,0.75,0.75,0.25,5.0,1.2500000000000002,1.7500000000000002,5.000000000000001,227590,-63.773346807856235,-4.7758776747660265,-64.0,-4.0,-64.0,64.0,1.0
-----------------X-X-O----XXOX-----OO----XXO-O-----O------------ X;,1,50,7,7,0,0,-16,0,64,2.3749999999999996,0.6250000000000001,1.1249999999999998,1.875,8.000000000000002,8.875,0.125,0.625,0.375,4.0,1.1249999999999998,1.875,8.000000000000002,1046933,-63.75495853125272,-5.077234168757695,-64.0,-4.0,-64.0,64.0,1.0
-----------------X-X-X----XXX----O-XO----XOO-O-----O------------ X;,1,50,8,6,2,0,-16,0,64,2.3749999999999996,0.12500000000000003,0.6250000000000001,2.875,8.000000000000002,8.375,0.125,0.625,0.875,4.0,0.6250000000000001,2.875,8.000000000000002,574835,-63.393297207024624,-6.176026164029678,-64.0,-4.0,-64.0,64.0,1.0
----------X--X---OX-X----OOXXX----XOO-----O--------------------- X;,1,50,8,6,2,0,-18,0,64,0.7499999999999999,0.7499999999999999,1.2500000000000002,3.2499999999999996,8.000000000000002,8.25,0.25,0.75,0.75,4.0,1.2500000000000002,3.2499999999999996,8.000000000000002,349256,-62.47282795427996,-9.155444716769361,-64.0,-4.0,-64.0,64.0,1.0
----------X--X----X-X-O-XXXXXO-----OO-----O--------------------- X;,1,50,9,5,4,0,-18,0,64,0.5000000000000001,1.4999999999999998,1.4999999999999998,1.4999999999999998,9.0,7.5,0.5,0.5,0.5,5.0,1.4999999999999998,1.4999999999999998,9.0,541637,-63.709835184819354,-5.028570795569727,-64.0,-4.0,-64.0,64.0,1.0
----------X--X-----X-X----XXOOO----XO------OOO------------------ X;,1,50,7,7,0,0,-18,0,64,0.7499999999999999,0.25,0.7499999999999999,2.25,10.000000000000002,8.75,0.25,0.75,0.25,4.0,0.7499999999999999,2.25,10.000000000000002,716142,-63.70164855573336,-5.54707027377252,-64.0,-4.0,-64.0,64.0,1.0
-----------O--X--XXOOX-----OO-----XXO----X-X-------------------- X;,1,50,8,6,2,0,-34,0,64,2.875,0.12500000000000003,1.1249999999999998,1.875,8.000000000000002,7.875,0.125,1.125,0.875,4.0,1.1249999999999998,1.875,8.000000000000002,96690,-60.51227634708864,-12.447657461991932,-64.0,-4.0,-64.0,64.0,1.0
----------X--------X-O----XXXXO----XXO-----OOO------------------ X;,1,50,8,6,2,0,-14,0,64,5.25,0.7499999999999999,0.7499999999999999,0.25,7.000000000000001,9.75,0.25,0.25,0.75,3.0,0.7499999999999999,0.25,7.000000000000001,2385299,-63.38775809657405,-6.984404890120693,-64.0,-4.0,-64.0,64.0,1.0
-----------------XOX--X---XOXX-----OOO----OX-O------------------ X;,1,50,7,7,0,0,-14,0,64,4.875000000000001,0.12500000000000003,0.6250000000000001,1.375,7.000000000000001,9.875,0.125,0.625,0.375,3.0,0.6250000000000001,1.375,7.000000000000001,862682,-63.83341254367195,-4.59642834787326,-64.0,-4.0,-64.0,64.0,1.0
------------------OX-OX----OOOO---XXXO---X-X-------------------- X;,1,50,7,7,0,0,-18,0,64,1.7500000000000002,0.7499999999999999,1.7500000000000002,0.7499999999999999,9.0,8.75,0.75,0.75,0.75,3.0,1.7500000000000002,0.7499999999999999,9.0,1007178,-63.51468757260385,-6.236182680717808,-64.0,-4.0,-64.0,64.0,1.0
-----------------X-XO-----XXOXX----OOO----OX-O------------------ X;,1,50,7,7,0,0,-20,0,64,2.75,0.7499999999999999,0.25,1.2500000000000002,9.0,9.75,0.75,0.25,0.25,3.0,0.25,1.2500000000000002,9.0,1039669,-63.653364676642276,-5.425022771670599,-64.0,-4.0,-64.0,64.0,1.0
--------------X---OOOX-----OXO----XXXO---X-X-------------------- X;,1,50,8,6,2,0,-28,0,64,1.875,0.12500000000000003,0.12500000000000003,2.875,9.0,9.875,0.125,0.125,0.875,3.0,0.12500000000000003,2.875,9.0,1660909,-62.81284766353846,-8.732875792713507,-64.0,-4.0,-64.0,64.0,1.0
----------X---X---OX-X----XOXX-----XO------OOO------------------ X;,1,50,8,6,2,0,-30,0,64,0.7499999999999999,0.25,1.2500000000000002,6.75,5.000000000000001,9.75,0.25,0.25,0.75,3.0,1.2500000000000002,6.75,5.000000000000001,824087,-63.807915911790865,-4.899407465473912,-64.0,-4.0,-64.0,64.0,1.0
----------X--X----OX-X----XOOX-----XO------XOO------------------ X;,1,50,8,6,2,0,-20,0,64,2.875,0.12500000000000003,0.6250000000000001,3.375,7.000000000000001,9.875,0.125,0.625,0.375,3.0,0.6250000000000001,3.375,7.000000000000001,178349,-63.39501763396487,-5.5047575259743535,-64.0,-4.0,-64.0,64.0,1.0
-------------X----OOOX-----OOX----XXXX---X-X-------------------- X;,1,50,9,5,4,0,-22,0,64,1.0,0.0,2.0000000000000004,2.0000000000000004,9.0,10.0,0.0,0.0,1.0,3.0,2.0000000000000004,2.0000000000000004,9.0,319223,-63.28143022275964,-6.382553888660905,-64.0,-4.0,-64.0,64.0,1.0
------------------OX-OX----OOOO---XXXX---X-X-------------------- X;,1,50,8,6,2,0,-22,0,64,2.75,0.7499999999999999,0.7499999999999999,0.7499999999999999,9.0,8.75,0.75,0.75,0.75,3.0,0.7499999999999999,0.7499999999999999,9.0,591316,-63.07006744278863,-7.065237537966164,-64.0,-4.0,-64.0,64.0,1.0
--------------X---OOOX-----OXO----XXXX---X-X-------------------- X;,1,50,9,5,4,0,-34,0,64,1.375,0.6250000000000001,0.6250000000000001,2.3749999999999996,9.0,9.875,0.125,0.125,0.875,3.0,0.6250000000000001,2.3749999999999996,9.0,654451,-62.12921059025045,-9.920843577288444,-64.0,-4.0,-64.0,64.0,1.0
----------X---X----X-XO---XXXO-----XO------XOO------------------ X;,1,50,9,5,4,0,-36,0,64,1.375,1.1249999999999998,0.6250000000000001,2.875,8.000000000000002,8.875,0.625,0.125,0.375,4.0,0.6250000000000001,2.875,8.000000000000002,240574,-60.42431019145876,-12.257733587170684,-64.0,-4.0,-64.0,64.0,1.0
------------O-X---OXOX-----XOO----XXO----X-X-------------------- X;,1,50,8,6,2,0,-34,0,64,0.6250000000000001,0.37499999999999994,0.37499999999999994,1.6249999999999998,11.0,8.625,0.375,0.375,1.625,3.0,0.37499999999999994,1.6249999999999998,11.0,487207,-60.49590009995751,-12.562413922624264,-64.0,-4.0,-64.0,64.0,1.0
-------------OX--XXX-O-----OOO----XXO----X-X-------------------- X;,1,50,8,6,2,0,-36,0,64,1.875,0.12500000000000003,1.6249999999999998,2.3749999999999996,8.000000000000002,8.375,0.625,0.125,0.875,4.0,1.6249999999999998,2.3749999999999996,8.000000000000002,235267,-62.375003719178636,-7.315348093867819,-64.0,-4.0,-64.0,64.0,1.0
--------------X---OOOX-----OXX----XXXX---X-X-------------------- X;,1,50,10,4,6,0,-36,0,64,1.875,0.12500000000000003,2.125,2.875,7.000000000000001,9.875,0.125,0.125,0.875,3.0,2.125,2.875,7.000000000000001,486631,-62.63253265821536,-7.947233119139553,-64.0,-4.0,-64.0,64.0,1.0
--------------X---OOOXX----OOX----XXX----X-X-------------------- X;,1,50,9,5,4,0,-42,0,64,0.875,0.6250000000000001,1.6249999999999998,2.875,8.000000000000002,8.875,0.625,0.625,1.875,2.0,1.6249999999999998,2.875,8.000000000000002,114213,-59.98989607137541,-12.166093176783729,-64.0,-4.0,-64.0,64.0,1.0
-------------X----OOX----XOOO-----OXXX----OX-------------------- X;,1,50,7,7,0,0,-14,0,64,1.2500000000000002,2.25,0.7499999999999999,0.7499999999999999,9.0,9.75,0.75,0.25,0.25,3.0,0.7499999999999999,0.7499999999999999,9.0,1077490,-63.18045828731589,-7.05840054200039,-64.0,-4.0,-64.0,64.0,1.0
-----------X-X-----XXX----OOOX----OOO----XO--------------------- X;,1,50,7,7,0,0,-14,0,64,4.750000000000001,0.25,1.2500000000000002,0.7499999999999999,7.000000000000001,8.75,0.25,0.25,1.75,3.0,1.2500000000000002,0.7499999999999999,7.000000000000001,390373,-63.47327299787639,-5.472509625409544,-64.0,-4.0,-64.0,64.0,1.0
-------------X----XXX----XXOO-----XOO-----OOO------------------- X;,1,50,7,7,0,0,-16,0,64,4.750000000000001,0.25,0.7499999999999999,1.2500000000000002,7.000000000000001,9.75,0.25,0.75,0.25,3.0,0.7499999999999999,1.2500000000000002,7.000000000000001,892935,-63.46531606443918,-5.48966050160426,-64.0,-4.0,-64.0,64.0,1.0
-----------XO------OOXX---OOOX----XOO----X---------------------- X;,1,50,6,8,-2,0,-16,0,64,4.875000000000001,2.125,1.6249999999999998,2.3749999999999996,2.9999999999999996,8.375,0.625,1.125,0.875,3.0,1.6249999999999998,2.3749999999999996,2.9999999999999996,474385,-62.66231014892967,-8.394076541205983,-64.0,-4.0,-64.0,64.0,1.0
------------XX-----XX----XXOO-----XOO-----OOO------------------- X;,1,50,7,7,0,2,-18,0,64,5.375,0.6250000000000001,0.6250000000000001,0.37499999999999994,7.000000000000001,9.375,0.625,0.625,0.375,3.0,0.6250000000000001,0.37499999999999994,7.000000000000001,689455,-63.348949532601836,-6.208535727494906,-64.0,-4.0,-64.0,64.0,1.0
-----------XO------XOO---XXXOX----XOO----X---------------------- X;,1,50,8,6,2,0,-18,0,64,2.625,1.375,1.375,2.625,5.999999999999999,8.625,0.375,0.375,0.625,4.0,1.375,2.625,5.999999999999999,423123,-62.75509012745703,-7.735414997530269,-64.0,-4.0,-64.0,64.0,1.0
-----------X------OOOO----OOXX----XXXX---X---------------------- X;,1,50,8,6,2,0,-18,0,64,2.25,0.7499999999999999,2.25,1.7500000000000002,7.000000000000001,9.75,0.25,0.75,0.25,3.0,2.25,1.7500000000000002,7.000000000000001,337797,-61.48916064973934,-11.177257346868089,-64.0,-4.0,-64.0,64.0,1.0
-------------X-----OX----XOXXX---OOOX-----OX-------------------- X;,1,50,8,6,2,0,-20,0,64,1.375,1.1249999999999998,0.6250000000000001,3.875,7.000000000000001,9.375,0.125,0.625,0.875,3.0,0.6250000000000001,3.875,7.000000000000001,324726,-62.244390655506486,-9.808583236328474,-64.0,-4.0,-64.0,64.0,1.0
-----------------X--OX----XXXXO----XXO-----XOO------------------ X;,1,50,9,5,4,0,-14,0,64,4.25,0.25,0.7499999999999999,1.7500000000000002,7.000000000000001,9.75,0.75,0.25,0.25,3.0,0.7499999999999999,1.7500000000000002,7.000000000000001,2123564,-63.345132993401656,-6.201206085618328,-64.0,-4.0,-64.0,64.0,1.0
----------X--------X-------OXXX---OOOX----XOOO------------------ X;,1,50,7,7,0,1,-18,0,64,1.2500000000000002,0.25,0.7499999999999999,2.75,9.0,9.75,0.75,0.25,0.25,3.0,0.7499999999999999,2.75,9.0,728915,-63.311546613802705,-6.149883045348223,-64.0,-4.0,-64.0,64.0,1.0
------------------XXX-X----XXX----XOX-----OOOO------------------ X;,1,50,9,5,4,0,-18,0,64,1.875,0.6250000000000001,0.6250000000000001,1.875,9.0,10.875,0.625,0.625,0.875,1.0,0.6250000000000001,1.875,9.0,224772,-62.777303222821345,-7.754933888562633,-64.0,-4.0,-64.0,64.0,1.0
------------------XO--X----OOX----XOOO---XXXX------------------- X;,1,50,8,6,2,0,-18,0,64,5.999999999999999,1.0,0.5000000000000001,2.5000000000000004,4.0,10.0,1.0,0.5,0.5,2.0,0.5000000000000001,2.5000000000000004,4.0,406397,-63.595641700110974,-5.084107412210228,-64.0,-4.0,-64.0,64.0,1.0
-------------X-----XXX----OOOX----XOO----X--OX------------------ X;,1,50,8,6,2,0,-18,0,64,5.999999999999999,0.5000000000000001,0.0,2.5000000000000004,5.000000000000001,10.0,0.5,0.0,0.5,3.0,0.0,2.5000000000000004,5.000000000000001,475960,-63.54370535339104,-5.383464997058576,-64.0,-4.0,-64.0,64.0,1.0
----------X-------OXOO-----XOX----XOXX---XO--------------------- X;,1,50,8,6,2,0,-16,0,64,3.875,1.6249999999999998,1.1249999999999998,4.375,2.9999999999999996,9.875,0.625,0.125,0.375,3.0,1.1249999999999998,4.375,2.9999999999999996,1210099,-63.6003070823131,-5.750327865736605,-64.0,-4.0,-64.0,64.0,1.0
------------X-----OOXO-----XOX----XOXX---XO--------------------- X;,1,50,8,6,2,0,-16,0,64,3.6250000000000004,0.37499999999999994,1.375,5.625,2.9999999999999996,9.625,0.375,0.375,0.625,3.0,1.375,5.625,2.9999999999999996,1302838,-63.38861163091651,-6.582646499411285,-64.0,-4.0,-64.0,64.0,1.0
-------------X----OOXX-----XOX----XXXO---X----O----------------- X;,1,50,9,5,4,0,-20,0,64,1.2500000000000002,0.25,0.25,6.25,5.999999999999999,9.25,0.25,0.25,0.25,4.0,0.25,6.25,5.999999999999999,217157,-62.975368051686104,-6.232412494186234,-64.0,-4.0,-64.0,64.0,1.0
-----------X------OXXO-----XOX----XOXX---XO--------------------- X;,1,50,9,5,4,0,-22,0,64,5.625,0.37499999999999994,0.37499999999999994,4.625,2.9999999999999996,9.625,0.375,0.375,0.625,3.0,0.37499999999999994,4.625,2.9999999999999996,203715,-62.81771101784356,-7.382725867020102,-64.0,-4.0,-64.0,64.0,1.0
---------X-------OOOOO-----XXX----XXXX---X---------------------- X;,1,50,9,5,4,0,-32,0,64,5.375,0.6250000000000001,3.1250000000000004,0.875,4.0,8.875,0.125,0.625,0.375,4.0,3.1250000000000004,0.875,4.0,409385,-62.35386738644552,-10.127566960196392,-64.0,-4.0,-64.0,64.0,1.0
--------------X---OOOOO----XXX----XXXX---X---------------------- X;,1,50,9,5,4,0,-32,0,64,5.375,0.12500000000000003,3.1250000000000004,0.37499999999999994,5.000000000000001,8.875,0.625,0.625,0.875,3.0,3.1250000000000004,0.37499999999999994,5.000000000000001,577534,-62.164364349111914,-11.488459553896394,-64.0,-4.0,-64.0,64.0,1.0
-------------X-----OOO----XOO-----XXXX---XXX-------------------- X;,1,50,9,5,4,0,-18,0,64,1.0,0.5000000000000001,2.0000000000000004,0.5000000000000001,10.000000000000002,10.0,0.5,0.0,1.5,2.0,2.0000000000000004,0.5000000000000001,10.000000000000002,261056,-63.14432152488355,-6.6495234738906595,-64.0,-4.0,-64.0,64.0,1.0
------------OX----XXOX----XOOX----XOO----X---------------------- X;,1,50,8,6,2,0,-20,0,64,6.75,1.2500000000000002,1.2500000000000002,0.7499999999999999,4.0,8.75,0.25,0.25,0.75,4.0,1.2500000000000002,0.7499999999999999,4.0,256134,-62.45474634371072,-6.905650948331733,-64.0,-4.0,-64.0,64.0,1.0
-------------X-----XXX----OOOOO---XXXX---X---------------------- X;,1,50,9,5,4,0,-20,0,64,1.375,0.12500000000000003,0.6250000000000001,0.875,11.0,9.375,0.125,0.625,0.875,3.0,0.6250000000000001,0.875,11.0,727276,-63.49395827718775,-5.997002513488689,-64.0,-4.0,-64.0,64.0,1.0
------------OX-----XOX----XOOX---XXOO----X---------------------- X;,1,50,8,6,2,0,-22,0,64,5.875000000000001,1.6249999999999998,1.6249999999999998,0.875,4.0,8.375,0.125,0.125,1.375,4.0,1.6249999999999998,0.875,4.0,350157,-62.84091993020274,-7.075848833523248,-64.0,-4.0,-64.0,64.0,1.0
-------------X-----XXX----OOXX----XOO----XXO-------------------- X;,1,50,9,5,4,0,-22,0,64,2.9999999999999996,2.0000000000000004,0.0,2.9999999999999996,5.999999999999999,10.0,0.0,0.0,2.0,2.0,0.0,2.9999999999999996,5.999999999999999,450917,-63.31571442194461,-5.737211061015664,-64.0,-4.0,-64.0,64.0,1.0
-------------X----OXXX---XXOXX----XOO----X---------------------- X;,1,50,10,4,6,0,-24,0,64,4.750000000000001,0.25,0.25,2.75,5.999999999999999,8.75,0.25,0.25,0.75,4.0,0.25,2.75,5.999999999999999,188453,-62.17663820687386,-7.381543408701374,-64.0,-4.0,-64.0,64.0,1.0
-------------X-----XXX----OXOX----OOX----XOX-------------------- X;,1,50,9,5,4,0,-24,0,64,1.0,0.0,2.0000000000000004,5.000000000000001,5.999999999999999,10.0,0.0,0.0,2.0,2.0,2.0000000000000004,5.000000000000001,5.999999999999999,137902,-62.97025423851721,-6.451697582341083,-64.0,-4.0,-64.0,64.0,1.0
-----------O-------OXXX---OOXX----XXO----XX--------------------- X;,1,50,9,5,4,0,-18,0,64,1.7500000000000002,0.7499999999999999,0.7499999999999999,8.75,2.0000000000000004,8.75,0.75,0.75,1.75,2.0,0.7499999999999999,8.75,2.0000000000000004,1019022,-63.519348944380006,-5.283424695443278,-64.0,-4.0,-64.0,64.0,1.0
-------------------XXXX---OOXX----OOX----XO-X------------------- X;,1,50,9,5,4,0,-18,0,64,1.0,1.0,2.5000000000000004,0.5000000000000001,9.0,10.0,1.0,0.5,1.5,1.0,2.5000000000000004,0.5000000000000001,9.0,276884,-63.4560321289782,-5.642478438624117,-64.0,-4.0,-64.0,64.0,1.0
-----------O------XOXXX---XOOX----XOO----X---------------------- X;,1,50,8,6,2,0,-20,0,64,6.75,0.7499999999999999,1.7500000000000002,1.7500000000000002,2.9999999999999996,8.75,0.75,0.75,0.75,3.0,1.7500000000000002,1.7500000000000002,2.9999999999999996,529969,-63.180159594240415,-5.923625721504465,-64.0,-4.0,-64.0,64.0,1.0
------------O------XOXX---XOOX---XXOO----X---------------------- X;,1,50,8,6,2,0,-22,0,64,5.875000000000001,2.125,2.125,0.875,2.9999999999999996,8.375,0.625,0.625,1.375,3.0,2.125,0.875,2.9999999999999996,817643,-63.17776095435294,-6.802377076548078,-64.0,-4.0,-64.0,64.0,1.0
------------------OXXXX--XXOXX----XOO----X---------------------- X;,1,50,10,4,6,0,-22,0,64,4.750000000000001,0.7499999999999999,0.7499999999999999,2.75,5.000000000000001,8.75,0.75,0.75,0.75,3.0,0.7499999999999999,2.75,5.000000000000001,313011,-62.6284188095626,-7.128183993533773,-64.0,-4.0,-64.0,64.0,1.0
-------------------XXXX---OXOX----OOX----XOX-------------------- X;,1,50,9,5,4,0,-22,0,64,1.0,0.5000000000000001,2.5000000000000004,5.000000000000001,5.000000000000001,10.0,0.5,0.5,2.0,1.0,2.5000000000000004,5.000000000000001,5.000000000000001,120445,-62.724596288762505,-6.506239362364565,-64.0,-4.0,-64.0,64.0,1.0
-------------------XXXX---OOOOO---XXXX---X---------------------- X;,1,50,9,5,4,0,-22,0,64,1.375,0.6250000000000001,1.1249999999999998,0.875,10.000000000000002,9.375,0.625,1.125,0.875,2.0,1.1249999999999998,0.875,10.000000000000002,287337,-62.7486957823044,-8.442476952150262,-64.0,-4.0,-64.0,64.0,1.0
-------------X------XO----XXOX---XXOX-----OOO------------------- X;,1,50,8,6,2,0,-22,0,64,1.7500000000000002,0.25,2.25,5.749999999999999,4.0,9.75,0.25,0.25,1.75,2.0,2.25,5.749999999999999,4.0,331077,-63.50829565327703,-5.3688658529586775,-64.0,-4.0,-64.0,64.0,1.0
-----------------X-XO-----XXOO-----XOXX----XOO------------------ X;,1,50,8,6,2,0,-22,0,64,0.6250000000000001,1.375,0.37499999999999994,1.6249999999999998,10.000000000000002,10.625,0.375,0.375,0.625,2.0,0.37499999999999994,1.6249999999999998,10.000000000000002,671485,-62.24350506712734,-8.997362562082548,-64.0,-4.0,-64.0,64.0,1.0
-----------------X-X--X---XXXX----OOOO-----XOO------------------ X;,1,50,8,6,2,0,-22,0,64,0.875,0.12500000000000003,0.6250000000000001,0.37499999999999994,11.999999999999998,10.875,0.125,0.625,0.375,2.0,0.6250000000000001,0.37499999999999994,11.999999999999998,414906,-63.075747277696635,-7.0704448718504915,-64.0,-4.0,-64.0,64.0,1.0
-------------X------X-----XXXX---OOOX----XOOO------------------- X;,1,50,8,6,2,0,-24,0,64,1.875,0.6250000000000001,0.6250000000000001,1.875,9.0,9.375,0.125,0.125,1.375,3.0,0.6250000000000001,1.875,9.0,338334,-61.7121660844018,-9.443360702737532,-64.0,-4.0,-64.0,64.0,1.0
-----------------X-X------XXXXX----XOO-----OOO----O------------- X;,1,50,8,6,2,0,-24,0,64,1.375,0.6250000000000001,1.1249999999999998,1.875,9.0,9.375,0.625,0.125,0.875,3.0,1.1249999999999998,1.875,9.0,339471,-62.907482524280425,-7.5850720680117005,-64.0,-4.0,-64.0,64.0,1.0
-------------------XXXX----XOX----XOXO---XOX-------------------- X;,1,50,10,4,6,0,-28,0,64,2.5000000000000004,1.0,1.0,6.499999999999999,2.9999999999999996,10.0,0.5,0.5,2.0,1.0,1.0,6.499999999999999,2.9999999999999996,57938,-62.86530429079361,-5.576064068487003,-64.0,-4.0,-64.0,64.0,1.0
--------------X----XOOO----XXO----XXXO---X-X-------------------- X;,1,50,9,5,4,0,-38,0,64,4.499999999999999,0.5000000000000001,0.5000000000000001,0.5000000000000001,8.000000000000002,9.5,0.5,0.5,1.5,2.0,0.5000000000000001,0.5000000000000001,8.000000000000002,151910,-59.77871107892831,-10.982634454611283,-64.0,-4.0,-64.0,64.0,1.0
------------X------XX-----OOOO----XOOO-----OOO------------------ X;,1,50,4,10,-6,347,0,-64,0,4.875000000000001,0.6250000000000001,0.6250000000000001,0.875,7.000000000000001,12.375,0.125,0.125,0.375,1.0,0.6250000000000001,0.875,7.000000000000001,5113361,-31.922929752075007,27.124156890155028,-64.0,-2.0,-64.0,64.0,1.0
------------X-----OXX------OXO----XXOO-----OOO------------------ X;,1,50,6,8,-2,67,2,-64,0,1.2500000000000002,0.25,0.25,5.25,7.000000000000001,11.25,0.25,0.25,1.25,1.0,0.25,5.25,7.000000000000001,1047133,7.293711496056375,63.899808333802866,4.0,64.0,-64.0,64.0,1.0
-----------X-------XX-----OXX-----OOOOO---OOO------------------- X;,1,50,5,9,-4,32,2,-64,0,1.375,0.6250000000000001,1.6249999999999998,0.37499999999999994,10.000000000000002,10.875,0.125,0.125,0.875,2.0,1.6249999999999998,0.37499999999999994,10.000000000000002,2838142,5.012514525347921,63.97442270330378,4.0,64.0,-64.0,64.0,1.0
------------X------XX----O-XXO----OXOO-----OOO------------------ X;,1,50,6,8,-2,29,2,-64,0,2.3749999999999996,0.12500000000000003,1.6249999999999998,1.875,8.000000000000002,10.875,0.625,0.125,0.375,2.0,1.6249999999999998,1.875,8.000000000000002,2412558,4.024428013751379,63.98515600453958,4.0,64.0,-64.0,64.0,1.0
-----------------O--X-----OXXO---XXOOO-----OOO------------------ X;,1,50,5,9,-4,2,6,-64,0,1.6249999999999998,0.37499999999999994,0.37499999999999994,1.6249999999999998,10.000000000000002,10.625,0.375,0.375,0.625,2.0,0.37499999999999994,1.6249999999999998,10.000000000000002,1358455,6.243059946777773,63.9381900762263,4.0,64.0,-64.0,64.0,1.0
-----------OX------OO------OXO----XOOO-----OOO------------------ X;,1,50,3,11,-8,0,6,-64,0,4.375,0.6250000000000001,1.1249999999999998,1.875,5.999999999999999,10.875,0.125,0.625,0.375,2.0,1.1249999999999998,1.875,5.999999999999999,1473073,4.809962574835056,63.98198867265913,4.0,64.0,-64.0,64.0,1.0
--------------------X-----XXXO--OOOOOO-----OOO------------------ X;,1,50,4,10,-6,0,6,-64,0,1.6249999999999998,1.375,0.37499999999999994,0.6250000000000001,10.000000000000002,10.625,0.375,0.375,0.625,2.0,0.37499999999999994,0.6250000000000001,10.000000000000002,2552267,4.616591445957653,63.97480592743628,4.0,64.0,-64.0,64.0,1.0
------------------XXX------XX----OOOOOO---OOO------------------- X;,1,50,5,9,-4,1504,2,-64,0,1.0,0.0,1.0,1.0,11.0,10.0,0.0,1.0,0.0,3.0,1.0,1.0,11.0,2712118,4.802574961708893,63.97729154852407,4.0,64.0,-64.0,64.0,1.0
-------------------XXX---O-XX-----OXOOO----OOO------------------ X;,1,50,6,8,-2,173,2,-64,0,2.0000000000000004,0.5000000000000001,1.0,2.5000000000000004,8.000000000000002,10.0,0.5,1.0,0.5,2.0,1.0,2.5000000000000004,8.000000000000002,1154450,5.53064749447789,63.96959591147299,4.0,64.0,-64.0,64.0,1.0
-------------------XXX----OXX-----XOOOO----OOO------------------ X;,1,50,6,8,-2,62,4,-64,0,0.25,1.2500000000000002,0.25,2.25,10.000000000000002,11.25,0.25,0.25,0.25,2.0,0.25,2.25,10.000000000000002,1864030,5.89222169171097,63.97627184111844,4.0,64.0,-64.0,64.0,1.0
------------------OXXX-----OX-----XXOOO----OOO------------------ X;,1,50,6,8,-2,0,4,-64,0,0.37499999999999994,0.6250000000000001,0.12500000000000003,6.875,5.999999999999999,10.875,0.125,0.625,0.375,2.0,0.12500000000000003,6.875,5.999999999999999,1348355,6.119517486121978,63.95622221150958,4.0,64.0,-64.0,64.0,1.0
------------O------XOX-----XO-----XXOOO----OOO------------------ X;,1,50,5,9,-4,0,6,-64,0,1.0,2.5000000000000004,0.5000000000000001,1.0,9.0,10.0,0.5,0.5,0.0,3.0,0.5000000000000001,1.0,9.0,1285704,6.654766571465905,63.94113575130823,4.0,64.0,-64.0,64.0,1.0
----------O--------OXX-----XO-----XXOOO----OOO------------------ X;,1,50,5,9,-4,0,10,-64,0,0.7499999999999999,0.25,0.7499999999999999,3.2499999999999996,9.0,9.75,0.25,0.75,0.25,3.0,0.7499999999999999,3.2499999999999996,9.0,1016224,6.697934707308625,63.946683014768396,4.0,64.0,-64.0,64.0,1.0
-----------O-------OXX-----OX-----XOOOO----OOO------------------ X;,1,50,4,10,-6,0,10,-64,0,2.0000000000000004,0.0,0.5000000000000001,4.499999999999999,7.000000000000001,10.0,0.0,0.5,0.5,3.0,0.5000000000000001,4.499999999999999,7.000000000000001,851072,6.742637520679802,63.946683711836364,4.0,64.0,-64.0,64.0,1.0
------------------XXX----O-XX-----OOOOO---OOO------------------- X;,1,50,5,9,-4,424,2,-64,0,1.0,0.5000000000000001,1.0,1.4999999999999998,10.000000000000002,10.0,0.5,1.0,0.5,2.0,1.0,1.4999999999999998,10.000000000000002,2395005,4.924501618994532,63.9653437049192,4.0,64.0,-64.0,64.0,1.0
-------------------XXX---O-XX-O---OXOO-----OOO------------------ X;,1,50,6,8,-2,37,2,-64,0,2.0000000000000004,0.0,1.0,2.0000000000000004,9.0,10.0,0.0,1.0,0.0,3.0,1.0,2.0000000000000004,9.0,957550,5.6132797242963814,63.952514229021986,4.0,64.0,-64.0,64.0,1.0
-------------------XXX----OXX-O---XOOO-----OOO------------------ X;,1,50,6,8,-2,5,4,-64,0,0.25,1.2500000000000002,0.25,2.25,10.000000000000002,11.25,0.25,0.25,0.25,2.0,0.25,2.25,10.000000000000002,1926826,6.008509330889245,63.97132278680068,4.0,64.0,-64.0,64.0,1.0
------------------OXXX-----OX-O---XXOO-----OOO------------------ X;,1,50,6,8,-2,0,6,-64,0,0.37499999999999994,0.6250000000000001,0.12500000000000003,6.875,5.999999999999999,10.875,0.125,0.625,0.375,2.0,0.12500000000000003,6.875,5.999999999999999,1314282,5.8312310447833875,63.95846249130704,4.0,64.0,-64.0,64.0,1.0
--------------------X-----XXXO---OOOOO----O-OO-----O------------ X;,1,50,4,10,-6,0,10,-64,0,2.0000000000000004,2.0000000000000004,0.5000000000000001,0.5000000000000001,9.0,10.0,0.0,0.5,0.5,3.0,0.5000000000000001,0.5000000000000001,9.0,2147708,5.720871738616236,63.95164798939148,4.0,64.0,-64.0,64.0,1.0
----------O--------OXX-----XO-O---XXOO-----OOO------------------ X;,1,50,5,9,-4,0,10,-64,0,0.7499999999999999,0.25,0.7499999999999999,3.2499999999999996,9.0,9.75,0.25,0.75,0.25,3.0,0.7499999999999999,3.2499999999999996,9.0,952285,5.686894154586074,63.943353092824104,4.0,64.0,-64.0,64.0,1.0
-----------O-------OXX-----OX-O---XOOO-----OOO------------------ X;,1,50,4,10,-6,0,10,-64,0,2.0000000000000004,0.5000000000000001,0.5000000000000001,4.0,7.000000000000001,10.0,0.5,0.5,0.0,3.0,0.5000000000000001,4.0,7.000000000000001,962784,6.43061164290225,63.946874896134545,4.0,64.0,-64.0,64.0,1.0
-------------------XO-----OXX----OOOOX----XOOO------------------ X;,1,50,5,9,-4,324,2,-64,0,1.2500000000000002,0.25,0.25,2.25,10.000000000000002,11.25,0.25,0.25,0.25,2.0,0.25,2.25,10.000000000000002,4122159,5.280462495502963,63.97767335030017,4.0,64.0,-64.0,64.0,1.0
------------------OOOX----XOXX-----XOO-----OOO------------------ X;,1,50,5,9,-4,39,2,-64,0,1.375,0.12500000000000003,3.1250000000000004,6.374999999999999,2.9999999999999996,12.375,0.125,0.125,0.375,1.0,3.1250000000000004,6.374999999999999,2.9999999999999996,1893299,6.2661523615657115,63.93869219811556,4.0,64.0,-64.0,64.0,1.0
-------------------XO----OOXX-----OXOX----XOOO------------------ X;,1,50,6,8,-2,11,2,-64,0,2.25,0.25,0.25,3.2499999999999996,8.000000000000002,11.25,0.25,0.25,0.25,2.0,0.25,3.2499999999999996,8.000000000000002,4034356,5.220280014951581,63.98116328851494,4.0,64.0,-64.0,64.0,1.0
-------------------OXX----XXXO----OXOO------OO------O----------- X;,1,50,6,8,-2,24,4,-64,0,2.25,3.2499999999999996,0.25,2.25,5.999999999999999,11.25,0.25,0.25,0.25,2.0,0.25,2.25,5.999999999999999,1557034,6.206731516460142,63.958938597358824,4.0,64.0,-64.0,64.0,1.0
------------------OOOX----XOOX-----XOO-----OO-------O----------- X;,1,50,4,10,-6,12,6,-64,0,2.25,0.25,3.2499999999999996,2.25,5.999999999999999,11.25,0.25,0.25,0.25,2.0,3.2499999999999996,2.25,5.999999999999999,3675556,5.632384869119121,63.983215600578525,4.0,64.0,-64.0,64.0,1.0
-------------------OXX----XXXO----OXOO------OO-----O------------ X;,1,50,6,8,-2,1,6,-64,0,2.25,3.2499999999999996,0.25,2.25,5.999999999999999,11.25,0.25,0.25,0.25,2.0,0.25,2.25,5.999999999999999,1548972,6.210449252794756,63.96869407581286,4.0,64.0,-64.0,64.0,1.0
-------------------OX------XOO----XOXO----OOOOO----------------- X;,1,50,4,10,-6,0,6,-64,0,2.25,0.25,0.25,5.25,5.999999999999999,11.25,0.25,0.25,0.25,2.0,0.25,5.25,5.999999999999999,1579272,5.6325534803377755,63.97637139137527,4.0,64.0,-64.0,64.0,1.0
------------------XOOO----XXOX----OXX------OO-------O----------- X;,1,50,6,8,-2,6,8,-64,0,2.25,0.25,3.2499999999999996,2.25,5.999999999999999,11.25,0.25,0.25,0.25,2.0,3.2499999999999996,2.25,5.999999999999999,2651232,6.2000519003995125,63.970928986976624,4.0,64.0,-64.0,64.0,1.0
-------------------OXX----XOXO----OOOO-----OOO------------------ X;,1,50,4,10,-6,4,8,-64,0,2.9999999999999996,2.0000000000000004,0.0,2.0000000000000004,7.000000000000001,13.0,0.0,0.0,0.0,1.0,0.0,2.0000000000000004,7.000000000000001,1301908,8.459838944072853,63.92996279306986,4.0,64.0,-64.0,64.0,1.0
-------------------OX------XXO----XOXO----OOOO-------O---------- X;,1,50,5,9,-4,1,8,-64,0,3.2499999999999996,0.25,0.25,2.25,8.000000000000002,11.25,0.25,0.25,0.25,2.0,0.25,2.25,8.000000000000002,1740490,5.60341053381519,63.983027768042334,4.0,64.0,-64.0,64.0,1.0
-----------OX-------X-----XXXO----OXOO-----OOO------------------ X;,1,50,6,8,-2,2,2,-64,0,2.3749999999999996,1.6249999999999998,0.12500000000000003,1.875,8.000000000000002,10.875,0.125,0.625,0.375,2.0,0.12500000000000003,1.875,8.000000000000002,334243,7.133971392071038,63.865636677507084,4.0,64.0,-64.0,64.0,1.0
-----------OX-------X-----XXXO----OXOO------OO------O----------- X;,1,50,6,8,-2,1,2,-64,0,1.875,3.1250000000000004,0.6250000000000001,2.3749999999999996,5.999999999999999,9.875,0.125,1.625,0.375,2.0,0.6250000000000001,2.3749999999999996,5.999999999999999,279633,6.42388416245579,63.90762177568456,4.0,64.0,-64.0,64.0,1.0
-------------------XO----OOXX----XXOOX-----OOO------------------ X;,1,50,6,8,-2,3,4,-64,0,0.37499999999999994,1.6249999999999998,1.1249999999999998,0.875,10.000000000000002,10.875,0.125,0.625,0.375,2.0,1.1249999999999998,0.875,10.000000000000002,1527078,6.635853571330345,63.936163051265225,4.0,64.0,-64.0,64.0,1.0
-----------OX-------X-----XXXO----OXOO------OO-----O------------ X;,1,50,6,8,-2,0,4,-64,0,1.875,2.125,0.6250000000000001,1.375,8.000000000000002,9.875,0.125,1.625,0.375,2.0,0.6250000000000001,1.375,8.000000000000002,396142,6.910537130624877,63.914596281131516,4.0,64.0,-64.0,64.0,1.0
------------------OOO-----XOXXX----XO-O----OOO------------------ X;,1,50,5,9,-4,0,6,-64,0,1.4999999999999998,0.5000000000000001,4.499999999999999,5.5,2.0000000000000004,10.0,0.0,1.0,1.0,2.0,4.499999999999999,5.5,2.0000000000000004,591382,7.533381130977946,63.84565644541092,4.0,64.0,-64.0,64.0,1.0
------------------OOO-----XOOXX----XO-O----OO-------O----------- X;,1,50,4,10,-6,0,8,-64,0,1.875,0.12500000000000003,4.625,2.3749999999999996,5.000000000000001,9.875,0.125,0.625,0.375,3.0,4.625,2.3749999999999996,5.000000000000001,1826442,6.904294798301835,63.97362412822307,4.0,64.0,-64.0,64.0,1.0
-------------------OX------XX-O---XOOOOO--OOO------------------- X;,1,50,4,10,-6,0,12,-64,0,1.375,0.12500000000000003,1.1249999999999998,2.3749999999999996,9.0,9.375,0.125,1.125,0.375,3.0,1.1249999999999998,2.3749999999999996,9.0,905326,8.675948774253694,63.869801596331044,4.0,64.0,-64.0,64.0,1.0
-------------------OX------XO-O---XOXOO---OOO-O----------------- X;,1,50,4,10,-6,0,16,-64,0,1.375,0.12500000000000003,1.1249999999999998,6.374999999999999,5.000000000000001,9.375,0.125,1.125,0.375,3.0,1.1249999999999998,6.374999999999999,5.000000000000001,349973,7.9672489020581585,63.88292239687062,4.0,64.0,-64.0,64.0,1.0
------------------O-XXX---OOOO----XXOO------O-------O----------- X;,1,50,5,9,-4,1,4,-64,0,1.7500000000000002,0.25,0.7499999999999999,4.25,7.000000000000001,9.75,0.25,0.75,0.25,3.0,0.7499999999999999,4.25,7.000000000000001,1714256,7.189786122959465,63.94848377371874,4.0,64.0,-64.0,64.0,1.0
-----------O--------OXX---OXOO----XXOO------O-------O----------- X;,1,50,5,9,-4,0,4,-64,0,2.875,1.1249999999999998,0.6250000000000001,1.375,8.000000000000002,9.375,0.625,1.125,0.875,2.0,0.6250000000000001,1.375,8.000000000000002,2174018,5.38813662076395,63.98472597742981,4.0,64.0,-64.0,64.0,1.0
------------O-------OXX---OXOO----XXOO------O-------O----------- X;,1,50,5,9,-4,0,4,-64,0,2.875,0.6250000000000001,0.6250000000000001,0.875,9.0,9.375,0.125,1.125,0.375,3.0,0.6250000000000001,0.875,9.0,1441233,5.123383935838272,63.98587320717746,4.0,64.0,-64.0,64.0,1.0
-------------O------XOX---OXOO----XXOO------O-------O----------- X;,1,50,5,9,-4,1,6,-64,0,0.875,0.6250000000000001,1.1249999999999998,2.3749999999999996,9.0,9.375,0.125,0.625,0.875,3.0,1.1249999999999998,2.3749999999999996,9.0,1378392,6.452570821653056,63.957409793440476,4.0,64.0,-64.0,64.0,1.0
--------------------XXX---OXOO----OOOO----O-O-------O----------- X;,1,50,4,10,-6,1,8,-64,0,3.2499999999999996,0.7499999999999999,2.25,1.7500000000000002,5.999999999999999,9.75,0.25,0.75,1.25,2.0,2.25,1.7500000000000002,5.999999999999999,340485,13.464651893622333,63.7467024979074,4.0,64.0,-64.0,64.0,1.0
--------------------XXX---OXOO---OOOOO------O-------O----------- X;,1,50,4,10,-6,0,12,-64,0,3.875,1.1249999999999998,2.125,1.875,5.000000000000001,9.375,0.625,0.625,0.375,3.0,2.125,1.875,5.000000000000001,481637,11.348384779408558,63.81217389859998,4.0,64.0,-64.0,64.0,1.0
---------------O----XXO---OXOO----XXOO------O-------O----------- X;,1,50,5,9,-4,0,14,-64,0,1.1249999999999998,0.37499999999999994,0.875,2.625,9.0,9.125,0.375,0.875,0.625,3.0,0.875,2.625,9.0,2229421,7.444011696310388,63.96738884221509,4.0,64.0,-64.0,64.0,1.0
--------------O-----XOX---OXOO----XXOO------O-------O----------- X;,1,50,5,9,-4,0,24,-64,0,1.2500000000000002,0.25,0.7499999999999999,2.75,9.0,9.25,0.25,0.75,0.75,3.0,0.7499999999999999,2.75,9.0,876267,11.018436161580889,63.87714475154262,4.0,64.0,-64.0,64.0,1.0
-------------------OOO----XOOX----XXO------OOO-----O------------ X;,1,50,4,10,-6,0,6,-64,0,2.25,0.25,6.25,1.2500000000000002,4.0,11.25,0.25,0.25,0.25,2.0,6.25,1.2500000000000002,4.0,1887326,5.454251146860691,63.97306665621095,4.0,64.0,-64.0,64.0,1.0
-----------O-------OO-----XXXO----XOOO-----OOO------------------ X;,1,50,4,10,-6,1,8,-64,0,2.3749999999999996,0.12500000000000003,2.125,0.37499999999999994,9.0,12.375,0.125,0.125,0.375,1.0,2.125,0.37499999999999994,9.0,374191,6.298489274194195,63.94773257507529,4.0,64.0,-64.0,64.0,1.0
------------O------OO------XXXO---XOOO----OOO------------------- X;,1,50,4,10,-6,1,8,-64,0,1.875,1.1249999999999998,3.1250000000000004,1.875,5.999999999999999,10.875,0.125,0.125,0.875,2.0,3.1250000000000004,1.875,5.999999999999999,3174105,5.640231183278436,63.96744468125661,4.0,64.0,-64.0,64.0,1.0
-----------O-------OO-----XXX-O---XOOO-----OOO------------------ X;,1,50,4,10,-6,0,10,-64,0,1.875,0.6250000000000001,3.1250000000000004,0.37499999999999994,8.000000000000002,10.875,0.625,0.125,0.375,2.0,3.1250000000000004,0.37499999999999994,8.000000000000002,462284,6.342477784219224,63.95106038712134,4.0,64.0,-64.0,64.0,1.0
-----------O-------OO-----XXX-----XOOOO----OOO------------------ X;,1,50,4,10,-6,0,10,-64,0,1.875,0.12500000000000003,3.1250000000000004,0.875,8.000000000000002,10.875,0.125,0.125,0.875,2.0,3.1250000000000004,0.875,8.000000000000002,385535,6.954771940290764,63.93493716523792,4.0,64.0,-64.0,64.0,1.0
-------------------OOO----XOOX----XOX-----OOO------O------------ X;,1,50,4,10,-6,0,10,-64,0,2.25,0.25,6.25,2.25,2.9999999999999996,11.25,0.25,0.25,1.25,1.0,6.25,2.25,2.9999999999999996,1268474,5.85851345790296,63.939379127991586,4.0,64.0,-64.0,64.0,1.0
-------------------XX----OOXOO----OOOO------OO-------O---------- X;,1,50,3,11,-8,0,12,-64,0,2.625,0.37499999999999994,3.375,1.6249999999999998,5.999999999999999,10.625,0.375,0.375,0.625,2.0,3.375,1.6249999999999998,5.999999999999999,795505,5.384579606664949,63.95423033167611,4.0,64.0,-64.0,64.0,1.0
------------O------OO------XXO----XOOOO---OOO------------------- X;,1,50,3,11,-8,0,12,-64,0,3.875,0.6250000000000001,1.1249999999999998,0.37499999999999994,8.000000000000002,10.875,0.625,0.125,0.375,2.0,1.1249999999999998,0.37499999999999994,8.000000000000002,882641,5.74037235977028,63.94632019133487,4.0,64.0,-64.0,64.0,1.0
-------------------OOO----XOOX----OXX----O-OO------O------------ X;,1,50,4,10,-6,0,14,-64,0,1.6249999999999998,0.37499999999999994,3.375,0.6250000000000001,8.000000000000002,10.625,0.375,0.375,0.625,2.0,3.375,0.6250000000000001,8.000000000000002,457703,9.331881154373033,63.82660371463591,4.0,64.0,-64.0,64.0,1.0
------------O------OO------XOX----XOOO----OOO-O----------------- X;,1,50,3,11,-8,0,16,-64,0,2.625,1.375,3.375,2.625,4.0,10.625,0.375,0.375,0.625,2.0,3.375,2.625,4.0,238906,7.2911186826618,63.889772546524576,4.0,64.0,-64.0,64.0,1.0
------------------OXX-----OXXO----OXOO-----OOO------------------ X;,1,50,5,9,-4,3,8,-64,0,4.0,0.0,2.0000000000000004,2.0000000000000004,5.999999999999999,13.0,0.0,0.0,1.0,0.0,2.0000000000000004,2.0000000000000004,5.999999999999999,695457,5.991312187525613,63.91475533354327,4.0,64.0,-64.0,64.0,1.0
-------------------OOO-----XXXO---XOXO----OOO------------------- X;,1,50,5,9,-4,1,10,-64,0,3.2499999999999996,1.2500000000000002,3.2499999999999996,3.2499999999999996,2.9999999999999996,11.25,0.25,0.25,1.25,1.0,3.2499999999999996,3.2499999999999996,2.9999999999999996,621156,6.960718402462505,63.91902839222353,4.0,64.0,-64.0,64.0,1.0
------------------OXX-----OXXO----OXOO------OO------O----------- X;,1,50,5,9,-4,1,12,-64,0,3.2499999999999996,0.25,3.2499999999999996,2.25,5.000000000000001,11.25,0.25,0.25,1.25,1.0,3.2499999999999996,2.25,5.000000000000001,368370,6.667584222385102,63.89101175448598,4.0,64.0,-64.0,64.0,1.0
-------------------OOO-----XXO----XOXO----OOOO------------------ X;,1,50,4,10,-6,0,12,-64,0,6.374999999999999,0.12500000000000003,1.1249999999999998,1.375,5.000000000000001,12.375,0.125,0.125,0.375,1.0,1.1249999999999998,1.375,5.000000000000001,398699,7.3637154846137065,63.76169491270357,4.0,64.0,-64.0,64.0,1.0
------------------OXX-----OXXO----OXOO------OO-----O------------ X;,1,50,5,9,-4,2,14,-64,0,3.2499999999999996,0.25,3.2499999999999996,2.25,5.000000000000001,11.25,0.25,0.25,1.25,1.0,3.2499999999999996,2.25,5.000000000000001,1326161,6.6365908814993055,63.91641889634818,4.0,64.0,-64.0,64.0,1.0
-------------------OOO----XOOX----OXX----OOOO------------------- X;,1,50,4,10,-6,2,14,-64,0,2.25,0.25,3.2499999999999996,1.2500000000000002,7.000000000000001,11.25,0.25,0.25,1.25,1.0,3.2499999999999996,1.2500000000000002,7.000000000000001,457510,7.273012611746191,63.83892811086096,4.0,64.0,-64.0,64.0,1.0
-------------------XXO----OXXO----OOOO----OO------O------------- X;,1,50,4,10,-6,1,14,-64,0,2.25,0.25,3.2499999999999996,1.2500000000000002,7.000000000000001,11.25,0.25,0.25,1.25,1.0,3.2499999999999996,1.2500000000000002,7.000000000000001,456617,6.51221921216249,63.872707323643226,4.0,64.0,-64.0,64.0,1.0
-----------------O-OOO----OXOX----XOX-----OOO------------------- X;,1,50,4,10,-6,1,14,-64,0,2.25,1.2500000000000002,3.2499999999999996,6.25,1.0,11.25,0.25,0.25,1.25,1.0,3.2499999999999996,6.25,1.0,430609,8.704708912261472,63.886244829996585,4.0,64.0,-64.0,64.0,1.0
-------------------OOO-----XXO----XOOOO---OOO------------------- X;,1,50,3,11,-8,0,18,-64,0,4.25,0.25,1.2500000000000002,1.2500000000000002,7.000000000000001,11.25,0.25,0.25,1.25,1.0,1.2500000000000002,1.2500000000000002,7.000000000000001,275933,6.890890179862503,63.74432923934433,4.0,64.0,-64.0,64.0,1.0
-------------------OX-O----XXO----XOOO----OOO-O----------------- X;,1,50,4,10,-6,2,10,-64,0,1.875,0.12500000000000003,0.6250000000000001,1.375,10.000000000000002,10.875,0.125,0.625,0.375,2.0,0.6250000000000001,1.375,10.000000000000002,690121,6.207091220235292,63.94629057802907,4.0,64.0,-64.0,64.0,1.0
-------------O-----XO-----XXXO----OXOO-----OOO------------------ X;,1,50,5,9,-4,0,10,-64,0,3.375,0.12500000000000003,0.12500000000000003,3.375,7.000000000000001,12.375,0.125,0.125,0.375,1.0,0.12500000000000003,3.375,7.000000000000001,1293222,6.3602676106654545,63.93664196866431,4.0,64.0,-64.0,64.0,1.0
-------------------XO-----XXX-----OXOOO--O-OOO------------------ X;,1,50,5,9,-4,0,10,-64,0,2.625,0.37499999999999994,0.37499999999999994,2.625,8.000000000000002,10.625,0.375,0.375,0.625,2.0,0.37499999999999994,2.625,8.000000000000002,422969,6.881899146273131,63.899860273447935,4.0,64.0,-64.0,64.0,1.0
-------------------XO-----XXX-O---OXOO---O-OOO------------------ X;,1,50,5,9,-4,0,12,-64,0,2.625,0.37499999999999994,0.37499999999999994,2.625,8.000000000000002,10.625,0.375,0.375,0.625,2.0,0.37499999999999994,2.625,8.000000000000002,514812,6.828527695547113,63.916808466003125,4.0,64.0,-64.0,64.0,1.0
------------------OX------OOXO----OXOO-----OOO----O------------- X;,1,50,3,11,-8,0,14,-64,0,4.25,0.25,1.2500000000000002,5.25,2.9999999999999996,11.25,0.25,0.25,1.25,1.0,1.2500000000000002,5.25,2.9999999999999996,245832,9.032086953691952,63.73228871749813,4.0,64.0,-64.0,64.0,1.0
----------------O--XXX---OXOO-----OOO-----OOO------------------- X;,1,50,4,10,-6,644,0,-64,0,4.25,0.7499999999999999,0.25,0.7499999999999999,8.000000000000002,9.75,0.25,0.75,1.25,2.0,0.25,0.7499999999999999,8.000000000000002,2512549,-27.993815045995124,29.28713350466001,2.0,64.0,-64.0,64.0,1.0
-----------------O-XXX---XOOO-----OOO-----OOO------------------- X;,1,50,4,10,-6,107,2,-64,0,4.750000000000001,0.25,0.7499999999999999,0.25,8.000000000000002,9.75,0.25,0.75,1.25,2.0,0.7499999999999999,0.25,8.000000000000002,1704654,6.438635641015713,63.94980682296818,4.0,64.0,-64.0,64.0,1.0
------------------OXXX---XOOO-----OOO-----OOO------------------- X;,1,50,4,10,-6,59,2,-64,0,4.875000000000001,0.12500000000000003,0.6250000000000001,0.37499999999999994,8.000000000000002,10.875,0.125,0.625,0.375,2.0,0.6250000000000001,0.37499999999999994,8.000000000000002,1658378,7.054529184540557,63.96068930002689,4.0,64.0,-64.0,64.0,1.0
------------O------XOX---XXOO-----OOO-----OOO------------------- X;,1,50,4,10,-6,46,2,-64,0,4.499999999999999,0.0,1.0,2.5000000000000004,5.999999999999999,10.0,0.5,0.5,1.0,2.0,1.0,2.5000000000000004,5.999999999999999,2439520,5.8488801075621435,63.96996212369646,4.0,64.0,-64.0,64.0,1.0
------------------XXX------OOOOO---OOO-----OOO------------------ X;,1,50,3,11,-8,5,2,-64,0,4.750000000000001,0.25,0.7499999999999999,0.25,8.000000000000002,9.75,0.25,0.75,1.25,2.0,0.7499999999999999,0.25,8.000000000000002,1491077,5.0645915670351025,63.98516240274647,4.0,64.0,-64.0,64.0,1.0
----------O--------OXX---XXOO-----OOO-----OOO------------------- X;,1,50,4,10,-6,3,4,-64,0,4.750000000000001,2.25,0.7499999999999999,0.25,5.999999999999999,9.75,0.25,0.75,1.25,2.0,0.7499999999999999,0.25,5.999999999999999,1176763,8.225547540158894,63.94788925212639,4.0,64.0,-64.0,64.0,1.0
-----------O-------OXX---XXOO-----OOO-----OOO------------------- X;,1,50,4,10,-6,7,6,-64,0,4.499999999999999,2.5000000000000004,1.0,0.0,5.999999999999999,10.0,0.0,0.5,1.5,2.0,1.0,0.0,5.999999999999999,1484805,8.068685113533427,63.949003404487456,4.0,64.0,-64.0,64.0,1.0
-------------O-----XOX---XXOO-----OOO-----OOO------------------- X;,1,50,4,10,-6,0,8,-64,0,4.750000000000001,0.25,0.7499999999999999,2.25,5.999999999999999,9.75,0.25,0.75,1.25,2.0,0.7499999999999999,2.25,5.999999999999999,1441799,7.099014495085654,63.95286444226969,4.0,64.0,-64.0,64.0,1.0
--------------O----XXO---XXOO-----OOO-----OOO------------------- X;,1,50,4,10,-6,0,20,-64,0,5.375,0.6250000000000001,0.12500000000000003,1.875,5.999999999999999,9.875,0.125,0.625,1.375,2.0,0.12500000000000003,1.875,5.999999999999999,2240958,6.8110941838267385,63.97760600600279,4.0,64.0,-64.0,64.0,1.0
-----O------O----OOOX----XOXXX----OOO--------------------------- X;,1,50,5,9,-4,14,2,-64,0,0.6250000000000001,0.37499999999999994,0.875,2.125,10.000000000000002,8.125,0.875,0.375,0.625,4.0,0.875,2.125,10.000000000000002,5088364,5.201643200054084,63.98379714973221,4.0,64.0,-64.0,64.0,1.0
-----O------OO----OOO----XXOXX----OOO--------------------------- X;,1,50,4,10,-6,12,2,-64,0,1.6249999999999998,0.37499999999999994,1.875,2.125,8.000000000000002,8.125,0.875,0.375,0.625,4.0,1.875,2.125,8.000000000000002,1773454,9.104415451429809,63.941413760943334,4.0,64.0,-64.0,64.0,1.0
-----O------O-----OOX----XXXOX----OOOO-------------------------- X;,1,50,5,9,-4,1,2,-64,0,1.375,0.6250000000000001,0.6250000000000001,2.3749999999999996,9.0,9.375,0.625,0.625,0.375,3.0,0.6250000000000001,2.3749999999999996,9.0,2123044,5.706065441884388,63.976501664591034,4.0,64.0,-64.0,64.0,1.0
-----O------O-----OOX----XOXXX---OOOO--------------------------- X;,1,50,5,9,-4,0,2,-64,0,0.6250000000000001,0.37499999999999994,0.37499999999999994,2.625,10.000000000000002,8.625,0.375,0.375,0.625,4.0,0.37499999999999994,2.625,10.000000000000002,1452548,8.572449240920093,63.93064187896028,4.0,64.0,-64.0,64.0,1.0
--O--------O-------XOO-O--XXXXO----OOO-------------------------- X;,1,50,5,9,-4,0,6,-64,0,1.375,2.125,0.12500000000000003,0.37499999999999994,10.000000000000002,8.375,1.125,0.125,0.375,4.0,0.12500000000000003,0.37499999999999994,10.000000000000002,759100,10.106373336846266,63.83344750362271,4.0,64.0,-64.0,64.0,1.0
-----O------O-----OOOO---XXXOX----OOO--------------------------- X;,1,50,4,10,-6,0,6,-64,0,2.25,0.25,1.7500000000000002,1.7500000000000002,8.000000000000002,8.75,0.75,0.25,0.25,4.0,1.7500000000000002,1.7500000000000002,8.000000000000002,1161745,12.146386685546311,63.81221524516998,4.0,64.0,-64.0,64.0,1.0
-----O------O-----OOX-O--XXXXO----OOO--------------------------- X;,1,50,5,9,-4,0,6,-64,0,0.6250000000000001,3.375,0.875,1.1249999999999998,8.000000000000002,8.125,0.875,0.375,0.625,4.0,0.875,1.1249999999999998,8.000000000000002,2187511,9.751756219740152,63.92698825285907,4.0,64.0,-64.0,64.0,1.0
--O--------O-------XOO----XXXXO----OOO-O------------------------ X;,1,50,5,9,-4,0,8,-64,0,1.1249999999999998,1.875,0.37499999999999994,0.6250000000000001,10.000000000000002,8.125,0.875,0.375,0.625,4.0,0.37499999999999994,0.6250000000000001,10.000000000000002,645069,11.148236855282148,63.81384937115254,4.0,64.0,-64.0,64.0,1.0
-----------XX-----OXOO----OOOO----OOOO-------------------------- X;,1,50,3,11,-8,17,2,-64,0,7.5,0.5000000000000001,2.5000000000000004,0.5000000000000001,2.9999999999999996,10.0,0.0,1.0,0.0,3.0,2.5000000000000004,0.5000000000000001,2.9999999999999996,1488607,7.126907236093879,63.962347348897325,4.0,64.0,-64.0,64.0,1.0
----------OXX-----OOOO----XOOO-----OOO-------------------------- X;,1,50,3,11,-8,10,4,-64,0,6.75,0.25,0.7499999999999999,0.25,5.999999999999999,8.75,0.25,0.75,0.25,4.0,0.7499999999999999,0.25,5.999999999999999,1573163,6.185817998516365,63.95235585886523,4.0,64.0,-64.0,64.0,1.0
--O--------OX-----OXOO----XOOO-----OOO-------------------------- X;,1,50,3,11,-8,0,4,-64,0,5.25,0.7499999999999999,0.25,1.7500000000000002,5.999999999999999,8.75,0.25,0.75,0.25,4.0,0.25,1.7500000000000002,5.999999999999999,134717,7.095719174269023,63.92545855385735,4.0,64.0,-64.0,64.0,1.0
-----------XX----OOXOO----OOOO-----OOO-------------------------- X;,1,50,3,11,-8,0,4,-64,0,6.75,1.2500000000000002,1.7500000000000002,0.25,4.0,8.75,0.25,0.75,0.25,4.0,1.7500000000000002,0.25,4.0,578974,15.122810350723867,63.82940512009175,4.0,64.0,-64.0,64.0,1.0
-----------XX-----OXOO---OOOOO-----OOO-------------------------- X;,1,50,3,11,-8,0,8,-64,0,6.25,1.2500000000000002,2.25,0.25,4.0,9.25,0.25,0.25,0.25,4.0,2.25,0.25,4.0,530648,14.002706125341092,63.80209479730443,4.0,64.0,-64.0,64.0,1.0
----O------OO-----OXOO----XOOO-----OOO-------------------------- X;,1,50,2,12,-10,0,14,-64,0,5.749999999999999,0.25,0.7499999999999999,1.2500000000000002,5.999999999999999,8.75,0.25,0.75,0.25,4.0,0.7499999999999999,1.2500000000000002,5.999999999999999,212487,15.045202765345644,63.744050224249015,4.0,64.0,-64.0,64.0,1.0
------------------OX----OOOOO----OOOO-----OOO------------------- X;,1,50,1,13,-12,0,18,-64,0,6.75,0.25,0.7499999999999999,0.25,5.999999999999999,8.75,0.25,0.75,0.25,4.0,0.7499999999999999,0.25,5.999999999999999,83900,19.837401668653158,62.8303694874851,6.0,64.0,-64.0,64.0,1.0
------------------O-X------OOOOO--XOOO-----OOO------------------ X;,1,50,2,12,-10,3,2,-64,0,5.749999999999999,0.25,0.25,1.7500000000000002,5.999999999999999,9.75,0.25,0.25,1.75,2.0,0.25,1.7500000000000002,5.999999999999999,3513743,4.843086133504927,63.983865638437415,4.0,64.0,-64.0,64.0,1.0
--------------------X-----OOOOOO--XOOO-----OOO------------------ X;,1,50,2,12,-10,1,6,-64,0,5.625,0.37499999999999994,0.37499999999999994,1.6249999999999998,5.999999999999999,10.625,0.375,0.375,0.625,2.0,0.37499999999999994,1.6249999999999998,5.999999999999999,1491052,5.0341396544184915,63.97911541649788,4.0,64.0,-64.0,64.0,1.0
-------------------OX------OOOOO--XOOO-----OOO------------------ X;,1,50,2,12,-10,0,6,-64,0,5.625,0.37499999999999994,0.37499999999999994,1.6249999999999998,5.999999999999999,10.625,0.375,0.375,0.625,2.0,0.37499999999999994,1.6249999999999998,5.999999999999999,1974480,5.16187857056035,63.979474089380496,4.0,64.0,-64.0,64.0,1.0
--------------------X----O-XOOOO--OOOO-----OOO------------------ X;,1,50,2,12,-10,0,8,-64,0,3.875,0.6250000000000001,1.1249999999999998,1.375,7.000000000000001,9.375,0.125,0.625,0.875,3.0,1.1249999999999998,1.375,7.000000000000001,1605382,5.576242912901727,63.972771589565596,4.0,64.0,-64.0,64.0,1.0
--------------------X----O-XOO----OOOO-----OOO-----O-------O---- X;,1,50,2,12,-10,0,10,-64,0,3.875,1.1249999999999998,0.6250000000000001,1.375,7.000000000000001,9.375,0.625,0.125,0.875,3.0,0.6250000000000001,1.375,7.000000000000001,466679,6.6198693320247965,63.88549302625574,4.0,64.0,-64.0,64.0,1.0
--------------------X------XOO---OOOOO-----OOO-----O-------O---- X;,1,50,2,12,-10,0,10,-64,0,3.875,0.6250000000000001,0.6250000000000001,1.875,7.000000000000001,9.375,0.125,0.125,1.375,3.0,0.6250000000000001,1.875,7.000000000000001,1029691,8.339542639490876,63.92569032845776,4.0,64.0,-64.0,64.0,1.0
--------------------X------XOOOO-OOOOO-----OOO------------------ X;,1,50,2,12,-10,0,10,-64,0,3.875,1.1249999999999998,1.1249999999999998,1.875,5.999999999999999,9.375,0.625,0.625,1.375,2.0,1.1249999999999998,1.875,5.999999999999999,1765557,6.801891980830979,63.941839317563804,4.0,64.0,-64.0,64.0,1.0
----------O-X----XOOX-----OOOOO---OOO--------------------------- X;,1,50,3,11,-8,7,4,-64,0,5.375,2.125,2.125,0.37499999999999994,4.0,8.375,0.125,0.125,1.375,4.0,2.125,0.37499999999999994,4.0,1314845,12.600280641444428,63.90898851195388,4.0,64.0,-64.0,64.0,1.0
-----O------O----XXOX-----OOOOO---OOO--------------------------- X;,1,50,3,11,-8,0,6,-64,0,6.125,1.375,1.375,1.1249999999999998,4.0,8.125,0.375,0.375,1.125,4.0,1.375,1.1249999999999998,4.0,1142095,10.466528616270976,63.941325371357024,4.0,64.0,-64.0,64.0,1.0
------------XO---XXXO-----OOOOO---OOO--------------------------- X;,1,50,4,10,-6,0,6,-64,0,5.375,0.6250000000000001,2.125,1.875,4.0,8.375,0.625,0.125,0.875,4.0,2.125,1.875,4.0,980146,15.294401038212674,63.862469468834234,4.0,64.0,-64.0,64.0,1.0
-----------OX----XXOO-----OOOOO---OOO--------------------------- X;,1,50,3,11,-8,2,8,-64,0,7.625000000000001,1.375,0.37499999999999994,0.6250000000000001,4.0,8.625,0.375,0.375,0.625,4.0,0.37499999999999994,0.6250000000000001,4.0,862889,12.775786920449791,63.84785992172806,4.0,64.0,-64.0,64.0,1.0
----O-------O----XXXO-----OOOOO---OOO--------------------------- X;,1,50,3,11,-8,1,12,-64,0,6.125,0.37499999999999994,1.375,2.125,4.0,8.125,0.375,0.375,1.125,4.0,1.375,2.125,4.0,606914,14.292242393485733,63.86535159841427,4.0,64.0,-64.0,64.0,1.0
--------O---X----OXXX-----OOOOO---OOO--------------------------- X;,1,50,4,10,-6,0,18,-64,0,4.625,0.875,3.875,0.6250000000000001,4.0,8.125,0.375,0.375,1.125,4.0,3.875,0.6250000000000001,4.0,1092792,12.446919450362008,63.860776799244505,4.0,64.0,-64.0,64.0,1.0
---------O--X----XOXX-----OOOOO---OOO--------------------------- X;,1,50,4,10,-6,0,24,-64,0,4.750000000000001,0.7499999999999999,3.7500000000000004,0.7499999999999999,4.0,8.25,0.25,0.25,1.25,4.0,3.7500000000000004,0.7499999999999999,4.0,3003495,13.84966846956629,63.936383446618024,4.0,64.0,-64.0,64.0,1.0
--O-------OO-X-----OOO----XXOO-----OOO-------------------------- X;,1,50,3,11,-8,1,4,-64,0,2.625,0.875,0.37499999999999994,2.125,8.000000000000002,8.125,0.375,0.875,0.625,4.0,0.37499999999999994,2.125,8.000000000000002,2173887,5.221655955438346,63.98363484394543,4.0,64.0,-64.0,64.0,1.0
----------OOOX-----OOO----XXOO-----OOO-------------------------- X;,1,50,3,11,-8,0,4,-64,0,2.875,0.6250000000000001,0.6250000000000001,1.875,8.000000000000002,8.375,0.125,1.125,0.375,4.0,0.6250000000000001,1.875,8.000000000000002,952720,14.838227391048786,63.74880972373835,4.0,64.0,-64.0,64.0,1.0
----------OX-X----OOXO----XOOO-----OOO-------------------------- X;,1,50,4,10,-6,2,8,-64,0,5.25,1.7500000000000002,0.25,0.7499999999999999,5.999999999999999,8.75,0.25,0.75,0.25,4.0,0.25,0.7499999999999999,5.999999999999999,286118,15.545942583130037,63.55307949866838,4.0,64.0,-64.0,64.0,1.0
---O------OO-X-----OXO----XXOO-----OOO-------------------------- X;,1,50,4,10,-6,0,8,-64,0,1.6249999999999998,1.875,0.37499999999999994,2.125,8.000000000000002,8.125,0.375,0.875,0.625,4.0,0.37499999999999994,2.125,8.000000000000002,156735,13.062162248381025,63.50050722557182,4.0,64.0,-64.0,64.0,1.0
-----O----OX-O-----OXO----XXOO-----OOO-------------------------- X;,1,50,4,10,-6,0,12,-64,0,2.125,1.375,0.875,1.6249999999999998,8.000000000000002,8.125,0.375,0.875,0.625,4.0,0.875,1.6249999999999998,8.000000000000002,690728,6.587910146975365,63.90523621454465,4.0,64.0,-64.0,64.0,1.0
----------OX-X-----OXO----OXOO---O-OOO-------------------------- X;,1,50,4,10,-6,0,12,-64,0,2.3749999999999996,0.6250000000000001,1.6249999999999998,3.375,5.999999999999999,8.375,0.625,0.625,0.375,4.0,1.6249999999999998,3.375,5.999999999999999,629547,7.091419703374013,63.93993776477372,4.0,64.0,-64.0,64.0,1.0
----------OX-X---O-OXO----OXOO-----OOO-------------------------- X;,1,50,4,10,-6,0,12,-64,0,2.625,0.37499999999999994,1.375,3.6250000000000004,5.999999999999999,8.625,0.375,0.375,0.625,4.0,1.375,3.6250000000000004,5.999999999999999,83801,16.76147062684216,63.45621173971671,4.0,64.0,-64.0,64.0,1.0
----------X-XO----OXO-----OOOOO---OOO--------------------------- X;,1,50,3,11,-8,0,14,-64,0,5.375,1.1249999999999998,1.6249999999999998,1.875,4.0,8.375,0.125,0.625,0.875,4.0,1.6249999999999998,1.875,4.0,1154266,8.58855064603826,63.90390256665275,4.0,64.0,-64.0,64.0,1.0
--O--------O-X---O-XOO----OXOO-----OOO-------------------------- X;,1,50,3,11,-8,0,6,-64,0,2.625,1.375,1.875,2.125,5.999999999999999,8.125,0.875,0.375,0.625,4.0,1.875,2.125,5.999999999999999,1670164,8.79490636847639,63.91141109495834,4.0,64.0,-64.0,64.0,1.0
-----------XOX---O-OOO----OXOO-----OOO-------------------------- X;,1,50,3,11,-8,0,6,-64,0,4.375,0.6250000000000001,0.6250000000000001,2.3749999999999996,5.999999999999999,8.375,0.625,0.625,0.375,4.0,0.6250000000000001,2.3749999999999996,5.999999999999999,925767,10.159020574291372,63.93092214347671,4.0,64.0,-64.0,64.0,1.0
----------X-X-----OOOOO---OOOO----OOO--------------------------- X;,1,50,2,12,-10,0,6,-64,0,8.25,0.25,0.7499999999999999,0.7499999999999999,4.0,8.75,0.75,0.25,0.25,4.0,0.7499999999999999,0.7499999999999999,4.0,878117,10.285927729448353,63.88336406196441,4.0,64.0,-64.0,64.0,1.0
-----O-----X-O---O-XXO----OXOO-----OOO-------------------------- X;,1,50,4,10,-6,0,10,-64,0,2.125,0.875,3.375,1.6249999999999998,5.999999999999999,8.125,0.875,0.375,0.625,4.0,3.375,1.6249999999999998,5.999999999999999,1014407,5.65525868808082,63.94547750557715,4.0,64.0,-64.0,64.0,1.0
----O-----X-O-----OXO-O---OOOO----OOO--------------------------- X;,1,50,2,12,-10,0,14,-64,0,5.625,0.37499999999999994,1.875,2.125,4.0,8.125,0.875,0.375,0.625,4.0,1.875,2.125,4.0,199778,15.755368458989478,63.71473335402297,4.0,64.0,-64.0,64.0,1.0
-------------O----OOOO----XXXOX----XOOO------------------------- X;,1,50,5,9,-4,10,2,-64,0,3.2499999999999996,0.7499999999999999,0.25,1.7500000000000002,8.000000000000002,8.75,0.25,0.75,0.25,4.0,0.25,1.7500000000000002,8.000000000000002,2422419,6.478033734048486,63.93059004243279,4.0,64.0,-64.0,64.0,1.0
------------------OOOX-O--XXXXO----XOOO------------------------- X;,1,50,6,8,-2,25,6,-64,0,1.7500000000000002,0.25,1.7500000000000002,2.25,8.000000000000002,8.75,0.25,0.75,0.25,4.0,1.7500000000000002,2.25,8.000000000000002,1932431,6.210627960325621,63.95105025742187,4.0,64.0,-64.0,64.0,1.0
------------------XOOO---XXXOX---OOOO-------O------------------- X;,1,50,5,9,-4,16,6,-64,0,1.4999999999999998,1.0,2.0000000000000004,2.5000000000000004,7.000000000000001,10.0,0.5,0.5,0.0,3.0,2.0000000000000004,2.5000000000000004,7.000000000000001,1502745,8.48795238047706,63.91452042761746,4.0,64.0,-64.0,64.0,1.0
------------------OOOX----OXXXX--O-XOOO------------------------- X;,1,50,6,8,-2,11,6,-64,0,2.25,1.2500000000000002,0.25,3.2499999999999996,7.000000000000001,9.25,0.25,1.25,0.25,3.0,0.25,3.2499999999999996,7.000000000000001,1487151,8.165875556685233,63.91665271381319,4.0,64.0,-64.0,64.0,1.0
------------------OX------OXX-----OXO-----OOO-----OOO----------- X;,1,50,4,10,-6,1,12,-64,0,3.7500000000000004,0.25,0.7499999999999999,1.2500000000000002,8.000000000000002,8.75,0.25,0.75,0.25,4.0,0.7499999999999999,1.2500000000000002,8.000000000000002,343504,8.604121058270064,63.8376263449625,4.0,64.0,-64.0,64.0,1.0
-----------XO-----XXO-----OXO-----OOO-----OOO------------------- X;,1,50,4,10,-6,1,12,-64,0,2.9999999999999996,1.0,0.0,2.9999999999999996,7.000000000000001,10.0,0.0,1.0,0.0,3.0,0.0,2.9999999999999996,7.000000000000001,98245,14.188040103822077,62.86848185658303,4.0,64.0,-64.0,64.0,1.0
-----------OX-----XOOO----XOOX----OOO-------O------------------- X;,1,50,4,10,-6,25,6,-64,0,4.499999999999999,1.0,2.0000000000000004,1.4999999999999998,5.000000000000001,10.0,0.5,0.5,0.0,3.0,2.0000000000000004,1.4999999999999998,5.000000000000001,1487692,13.457414572371162,63.85842230784329,4.0,64.0,-64.0,64.0,1.0
------------X-----XXOO----XXOO----OOOO------O------------------- X;,1,50,5,9,-4,16,6,-64,0,2.25,0.25,0.25,3.2499999999999996,8.000000000000002,11.25,0.25,0.25,0.25,2.0,0.25,3.2499999999999996,8.000000000000002,2589995,6.681432203537073,63.96022617804282,4.0,64.0,-64.0,64.0,1.0
------------X-----XXOO----XXOOO---OOO-------O------------------- X;,1,50,5,9,-4,4,6,-64,0,1.4999999999999998,1.0,0.5000000000000001,4.0,7.000000000000001,10.0,0.5,0.0,0.5,3.0,0.5000000000000001,4.0,7.000000000000001,874681,12.082743308703401,63.86819194654966,4.0,64.0,-64.0,64.0,1.0
------------X-----XXOO----XXOO----OOO-O-----O------------------- X;,1,50,5,9,-4,0,10,-64,0,1.4999999999999998,0.5000000000000001,0.5000000000000001,4.499999999999999,7.000000000000001,10.0,1.0,0.0,0.0,3.0,0.5000000000000001,4.499999999999999,7.000000000000001,1194322,10.090756094252638,63.885684095243995,4.0,64.0,-64.0,64.0,1.0
----O-------O-----XXOO----XXOX----OOO-------O------------------- X;,1,50,5,9,-4,3,12,-64,0,1.2500000000000002,0.25,0.7499999999999999,2.75,9.0,9.75,0.75,0.25,0.25,3.0,0.7499999999999999,2.75,9.0,549821,12.70241405839355,63.78585394155552,4.0,64.0,-64.0,64.0,1.0
-----------X------OOXX----XOOOO----OOO-----O-------------------- X;,1,50,4,10,-6,3,12,-64,0,4.499999999999999,0.5000000000000001,0.5000000000000001,1.4999999999999998,7.000000000000001,10.0,1.0,0.0,0.0,3.0,0.5000000000000001,1.4999999999999998,7.000000000000001,1099362,9.550501108824937,63.84750246051801,4.0,64.0,-64.0,64.0,1.0
---O--------O-----XXOO----XXOX----OOO-------O------------------- X;,1,50,5,9,-4,2,12,-64,0,1.2500000000000002,0.25,0.7499999999999999,2.75,9.0,9.75,0.75,0.25,0.25,3.0,0.7499999999999999,2.75,9.0,573813,11.612288323896461,63.70947678076307,4.0,64.0,-64.0,64.0,1.0
------------X-----XXOOO---XXOO----OOO-------O------------------- X;,1,50,5,9,-4,0,12,-64,0,1.7500000000000002,0.7499999999999999,0.25,4.25,7.000000000000001,9.75,0.75,0.25,0.25,3.0,0.25,4.25,7.000000000000001,1063106,11.051500038566239,63.856691618709704,4.0,64.0,-64.0,64.0,1.0
-----------X------OOOOO---XOXO-----OOO-----O-------------------- X;,1,50,3,11,-8,0,16,-64,0,4.25,0.25,0.7499999999999999,1.7500000000000002,7.000000000000001,9.75,0.75,0.25,0.25,3.0,0.7499999999999999,1.7500000000000002,7.000000000000001,151560,16.532660332541568,63.5953021905516,4.0,64.0,-64.0,64.0,1.0
-----------X-O----OOOO----XOXO-----OOO-----O-------------------- X;,1,50,3,11,-8,0,16,-64,0,4.25,0.25,0.7499999999999999,1.7500000000000002,7.000000000000001,9.75,0.75,0.25,0.25,3.0,0.7499999999999999,1.7500000000000002,7.000000000000001,113101,14.57375266354851,63.148707792150375,4.0,64.0,-64.0,64.0,1.0
---------O--X-----OXOO----XOOX----OOO-------O------------------- X;,1,50,4,10,-6,0,26,-64,0,5.375,0.12500000000000003,0.6250000000000001,0.875,7.000000000000001,9.875,0.625,0.125,0.375,3.0,0.6250000000000001,0.875,7.000000000000001,430981,19.852698842872424,63.492655128648366,8.0,64.0,-64.0,64.0,1.0
-----------X------XXOO----XXXO----OOOOO------------------------- X;,1,50,6,8,-2,8,6,-64,0,0.5000000000000001,0.5000000000000001,1.0,2.9999999999999996,9.0,10.0,0.0,0.5,0.5,3.0,1.0,2.9999999999999996,9.0,507072,14.522990817872017,63.72819244604317,4.0,64.0,-64.0,64.0,1.0
-----------X------XXOO----XXXO----OOO-O----O-------------------- X;,1,50,6,8,-2,5,8,-64,0,0.5000000000000001,0.5000000000000001,0.5000000000000001,5.5,7.000000000000001,10.0,0.0,0.0,1.0,3.0,0.5000000000000001,5.5,7.000000000000001,605979,10.005729571486802,63.895946889248634,4.0,64.0,-64.0,64.0,1.0
------------X-----OOXX----OOOOO--O-XOO-------------------------- X;,1,50,4,10,-6,0,8,-64,0,2.25,1.2500000000000002,2.25,3.2499999999999996,5.000000000000001,9.25,0.25,0.25,1.25,3.0,2.25,3.2499999999999996,5.000000000000001,1199393,6.455041841998411,63.95447030289488,4.0,64.0,-64.0,64.0,1.0
-----------X------XXOO----XXOO----OOO-O-----O------------------- X;,1,50,5,9,-4,0,10,-64,0,1.4999999999999998,1.0,0.5000000000000001,4.0,7.000000000000001,10.0,0.5,0.0,0.5,3.0,0.5000000000000001,4.0,7.000000000000001,977072,7.304462721273356,63.88760091375047,4.0,64.0,-64.0,64.0,1.0
-----O------O-----OOXX----OXXX---O-XOO-------------------------- X;,1,50,6,8,-2,1,12,-64,0,1.7500000000000002,0.25,0.25,5.749999999999999,5.999999999999999,8.75,0.25,0.25,0.75,4.0,0.25,5.749999999999999,5.999999999999999,841682,6.940958699366269,63.934754455958426,4.0,64.0,-64.0,64.0,1.0
----O-------O-----OOOX----OXOX---O-XOO-------------------------- X;,1,50,4,10,-6,0,12,-64,0,1.7500000000000002,1.2500000000000002,0.25,2.75,8.000000000000002,8.75,0.25,0.25,0.75,4.0,0.25,2.75,8.000000000000002,407935,8.505129493669335,63.81842205253288,4.0,64.0,-64.0,64.0,1.0
------------XO----OOXO----OXXO---O-XOO-------------------------- X;,1,50,5,9,-4,0,14,-64,0,3.2499999999999996,0.7499999999999999,1.7500000000000002,2.25,5.999999999999999,8.75,0.25,0.25,0.75,4.0,1.7500000000000002,2.25,5.999999999999999,343092,12.094452799832116,63.72837023305702,4.0,64.0,-64.0,64.0,1.0
------------X-----OOOOO---OXXO---O-XOO-------------------------- X;,1,50,4,10,-6,0,18,-64,0,5.25,0.7499999999999999,0.7499999999999999,1.2500000000000002,5.999999999999999,8.75,0.25,0.25,0.75,4.0,0.7499999999999999,1.2500000000000002,5.999999999999999,256298,14.432980358801084,63.64332924954545,4.0,64.0,-64.0,64.0,1.0
-----------X-O----OXOO----XXOO-----OOO----O--------------------- X;,1,50,4,10,-6,2,6,-64,0,3.6250000000000004,0.37499999999999994,0.37499999999999994,2.625,7.000000000000001,9.625,0.375,0.375,0.625,3.0,0.37499999999999994,2.625,7.000000000000001,286810,9.286900735678673,63.73756842508978,4.0,64.0,-64.0,64.0,1.0
-----------O------OO-----XXOX-----OOO----OOOO------------------- X;,1,50,3,11,-8,1,6,-64,0,3.2499999999999996,1.7500000000000002,1.7500000000000002,1.2500000000000002,5.999999999999999,8.75,0.25,0.25,0.75,4.0,1.7500000000000002,1.2500000000000002,5.999999999999999,463755,8.695712175609966,63.83891494431327,4.0,64.0,-64.0,64.0,1.0
--O--------O-O----OXOO----XXXO-----XOO-------------------------- X;,1,50,5,9,-4,1,10,-64,0,2.5000000000000004,0.5000000000000001,0.5000000000000001,2.5000000000000004,8.000000000000002,8.5,0.5,0.5,0.5,4.0,0.5000000000000001,2.5000000000000004,8.000000000000002,170045,13.255514716692641,63.5539768884707,4.0,64.0,-64.0,64.0,1.0
-----------------OOX-----XOXX-----OOO----OOOO------------------- X;,1,50,4,10,-6,0,10,-64,0,2.75,0.25,0.7499999999999999,0.25,10.000000000000002,8.75,0.25,0.75,0.25,4.0,0.7499999999999999,0.25,10.000000000000002,460864,8.797206985140953,63.75802405915845,4.0,64.0,-64.0,64.0,1.0
----O------O-O----OXOO----XXXO-----XOO-------------------------- X;,1,50,5,9,-4,0,12,-64,0,2.5000000000000004,0.5000000000000001,0.5000000000000001,2.5000000000000004,8.000000000000002,8.5,0.5,0.5,0.5,4.0,0.5000000000000001,2.5000000000000004,8.000000000000002,81551,14.888621843999461,62.975782025971476,4.0,64.0,-64.0,64.0,1.0
----------O-X-----OOXO----OXOO----OOOO-------------------------- X;,1,50,3,11,-8,0,18,-64,0,4.25,0.7499999999999999,2.25,1.7500000000000002,5.000000000000001,9.75,0.25,0.75,0.25,3.0,2.25,1.7500000000000002,5.000000000000001,10293,11.630817060137957,60.63538327018362,4.0,64.0,-64.0,64.0,1.0
----------X-------XXOOO---XOXO----OOOO-------------------------- X;,1,50,5,9,-4,0,8,-64,0,1.4999999999999998,0.0,1.0,4.499999999999999,7.000000000000001,10.0,0.5,0.5,0.0,3.0,1.0,4.499999999999999,7.000000000000001,1547492,6.877798398957798,63.966368808368635,4.0,64.0,-64.0,64.0,1.0
----------X-------XXOOO---XXOO-----OOO----O--------------------- X;,1,50,5,9,-4,0,8,-64,0,1.375,0.12500000000000003,0.6250000000000001,4.875000000000001,7.000000000000001,9.875,0.625,0.125,0.375,3.0,0.6250000000000001,4.875000000000001,7.000000000000001,1588029,6.865354474005198,63.97215416091268,4.0,64.0,-64.0,64.0,1.0
----------O------XOX------OXX-----OXO-----OOO-----O------------- X;,1,50,5,9,-4,0,12,-64,0,3.2499999999999996,0.25,1.2500000000000002,1.2500000000000002,8.000000000000002,9.25,0.25,0.25,0.25,4.0,1.2500000000000002,1.2500000000000002,8.000000000000002,305313,12.871374622109114,63.66206483182832,4.0,64.0,-64.0,64.0,1.0
-----------O-----XXO------XOX-----OOO-----OOO-----O------------- X;,1,50,4,10,-6,0,12,-64,0,2.25,1.2500000000000002,1.7500000000000002,2.75,5.999999999999999,8.75,0.75,0.25,0.25,4.0,1.7500000000000002,2.75,5.999999999999999,526610,9.897449725603387,63.815009209851695,4.0,64.0,-64.0,64.0,1.0
--------O--------OXX------OXX-----OOO-----OOO-----O------------- X;,1,50,4,10,-6,0,20,-64,0,1.7500000000000002,0.7499999999999999,0.25,1.2500000000000002,10.000000000000002,8.75,0.75,0.25,0.25,4.0,0.25,1.2500000000000002,10.000000000000002,166977,20.284841624894447,63.22354575779898,6.0,64.0,-64.0,64.0,1.0
---------OX-------OXOOO---XOXO-----XOO-------------------------- X;,1,50,5,9,-4,0,24,-64,0,1.375,0.12500000000000003,0.6250000000000001,5.875000000000001,5.999999999999999,8.875,0.625,0.125,0.375,4.0,0.6250000000000001,5.875000000000001,5.999999999999999,411581,12.956161727582177,63.61967632130735,4.0,64.0,-64.0,64.0,1.0
-----------X------XXOO---OOOOO----OOOO-------------------------- X;,1,50,3,11,-8,4,10,-64,0,5.999999999999999,1.0,2.5000000000000004,1.4999999999999998,2.9999999999999996,10.0,0.0,0.5,0.5,3.0,2.5000000000000004,1.4999999999999998,2.9999999999999996,392636,10.884646339102884,63.781064395521554,4.0,64.0,-64.0,64.0,1.0
-----------X-----OOOOO----OXOO----OOOO-------------------------- X;,1,50,2,12,-10,0,12,-64,0,6.75,0.25,0.7499999999999999,1.2500000000000002,5.000000000000001,9.75,0.25,0.75,0.25,3.0,0.7499999999999999,1.2500000000000002,5.000000000000001,264861,11.864744148817682,63.73943313662638,4.0,64.0,-64.0,64.0,1.0
----------OX------OOOO----OXOO----OOOO-------------------------- X;,1,50,2,12,-10,0,12,-64,0,6.75,0.25,0.7499999999999999,1.2500000000000002,5.000000000000001,9.75,0.25,0.75,0.25,3.0,0.7499999999999999,1.2500000000000002,5.000000000000001,285982,8.386583771006567,63.84018574595604,4.0,64.0,-64.0,64.0,1.0
--O--------O------XXOO----XXOO----OOOO-------------------------- X;,1,50,4,10,-6,2,14,-64,0,1.7500000000000002,0.25,0.7499999999999999,4.25,7.000000000000001,9.75,0.25,0.75,0.25,3.0,0.7499999999999999,4.25,7.000000000000001,400404,9.60752639833768,63.85344801750232,4.0,64.0,-64.0,64.0,1.0
------------------XXO---OOOOO-----OOO-----OOO------------------- X;,1,50,2,12,-10,0,14,-64,0,6.25,0.7499999999999999,0.25,1.7500000000000002,5.000000000000001,9.75,0.25,0.75,0.25,3.0,0.25,1.7500000000000002,5.000000000000001,516086,13.754943943451286,63.72346469386885,4.0,64.0,-64.0,64.0,1.0
---------O-X------OXOO----XOOO----OOOO-------------------------- X;,1,50,3,11,-8,0,34,-64,0,5.875000000000001,0.12500000000000003,0.6250000000000001,2.3749999999999996,5.000000000000001,9.875,0.125,0.625,0.375,3.0,0.6250000000000001,2.3749999999999996,5.000000000000001,49943,22.65094207396432,62.794705964799874,12.0,64.0,-64.0,64.0,1.0
------------O----XOO------XOX----XOOO-----OO-------O------------ X;,1,50,4,10,-6,63,2,-64,0,2.75,1.7500000000000002,1.7500000000000002,1.7500000000000002,5.999999999999999,8.25,0.25,0.25,1.25,4.0,1.7500000000000002,1.7500000000000002,5.999999999999999,1697248,9.988402402006072,63.92810832594883,4.0,64.0,-64.0,64.0,1.0
----------X-X-----OXOOO---OXXO---O-XO--------------------------- X;,1,50,6,8,-2,0,4,-64,0,2.5000000000000004,1.0,1.4999999999999998,2.0000000000000004,7.000000000000001,8.0,0.5,0.0,0.5,5.0,1.4999999999999998,2.0000000000000004,7.000000000000001,694890,11.60368115816892,63.91267394839471,4.0,64.0,-64.0,64.0,1.0
-----------X-X----OOXO----XXOO-----OOOO------------------------- X;,1,50,5,9,-4,0,4,-64,0,2.25,1.7500000000000002,0.7499999999999999,1.2500000000000002,8.000000000000002,8.75,0.25,0.25,0.75,4.0,0.7499999999999999,1.2500000000000002,8.000000000000002,745446,15.071948873560258,63.830090979091715,4.0,64.0,-64.0,64.0,1.0
----------X-X-----OXOO----OXXO---O-XOO-------------------------- X;,1,50,6,8,-2,1,6,-64,0,3.2499999999999996,1.7500000000000002,1.7500000000000002,1.2500000000000002,5.999999999999999,8.75,0.25,0.25,0.75,4.0,1.7500000000000002,1.2500000000000002,5.999999999999999,789961,14.98149402312266,63.81087420771405,4.0,64.0,-64.0,64.0,1.0
--O-------O-X-----OXOO----OXXX---O-XO--------------------------- X;,1,50,6,8,-2,0,6,-64,0,2.25,2.75,0.7499999999999999,1.2500000000000002,7.000000000000001,7.75,0.25,0.25,0.75,5.0,0.7499999999999999,1.2500000000000002,7.000000000000001,1339734,7.34052132736797,63.90507667940054,4.0,64.0,-64.0,64.0,1.0
----O-----X-O-----OXOO----OXXX---O-XO--------------------------- X;,1,50,6,8,-2,0,6,-64,0,2.75,2.25,0.25,1.7500000000000002,7.000000000000001,7.75,0.25,0.25,0.75,5.0,0.25,1.7500000000000002,7.000000000000001,353578,11.130686864001719,63.81305963606333,4.0,64.0,-64.0,64.0,1.0
---O------X-O-----OXOO----OXXX---O-XO--------------------------- X;,1,50,6,8,-2,0,6,-64,0,2.75,2.25,0.25,1.7500000000000002,7.000000000000001,7.75,0.25,0.25,0.75,5.0,0.25,1.7500000000000002,7.000000000000001,430910,11.114673597735026,63.75741106031422,4.0,64.0,-64.0,64.0,1.0
-----O----X-O-----OOOO----OXXX---O-XO--------------------------- X;,1,50,5,9,-4,0,6,-64,0,3.2499999999999996,0.7499999999999999,0.7499999999999999,2.25,7.000000000000001,7.75,0.25,0.25,0.75,5.0,0.7499999999999999,2.25,7.000000000000001,841799,10.20232858437703,63.872827123814595,4.0,64.0,-64.0,64.0,1.0
----------X-X-----OXOO----OXXO---O-XO-O------------------------- X;,1,50,6,8,-2,0,6,-64,0,2.75,0.7499999999999999,1.7500000000000002,1.7500000000000002,7.000000000000001,8.25,0.25,0.25,0.25,5.0,1.7500000000000002,1.7500000000000002,7.000000000000001,754222,12.639694943928976,63.89974039473789,4.0,64.0,-64.0,64.0,1.0
-----------X-X----OOXO----XXXO-----OO-O----O-------------------- X;,1,50,6,8,-2,0,8,-64,0,1.2500000000000002,1.7500000000000002,0.7499999999999999,0.25,10.000000000000002,8.75,0.25,0.25,0.75,4.0,0.7499999999999999,0.25,10.000000000000002,540514,12.762633345297255,63.848344353707766,4.0,64.0,-64.0,64.0,1.0
-----------X-X----OOXO----XOXO-----OO-O------O------------------ X;,1,50,5,9,-4,0,12,-64,0,3.375,2.625,0.6250000000000001,1.375,5.999999999999999,8.875,0.125,0.125,0.875,4.0,0.6250000000000001,1.375,5.999999999999999,254594,12.619236902676418,63.65643338020535,4.0,64.0,-64.0,64.0,1.0
------------X-----OOX-----OOOOO--OXOO------O-------------------- X;,1,50,3,11,-8,3,4,-64,0,4.875000000000001,1.1249999999999998,1.1249999999999998,0.875,5.999999999999999,9.875,0.125,0.125,1.875,2.0,1.1249999999999998,0.875,5.999999999999999,2704217,5.719377549952537,63.969954334286044,4.0,64.0,-64.0,64.0,1.0
------------X-----OOX-----OXOX---OXOOO-----O-------------------- X;,1,50,5,9,-4,2,4,-64,0,1.375,1.6249999999999998,0.6250000000000001,4.375,5.999999999999999,10.875,0.125,0.125,0.875,2.0,0.6250000000000001,4.375,5.999999999999999,1228285,11.052584701433299,63.8963123379346,4.0,64.0,-64.0,64.0,1.0
------------X-----OOOO----OXOX---OXOO------O-------------------- X;,1,50,4,10,-6,0,6,-64,0,2.5000000000000004,2.5000000000000004,2.5000000000000004,1.4999999999999998,5.000000000000001,10.0,0.0,0.0,1.0,3.0,2.5000000000000004,1.4999999999999998,5.000000000000001,1028867,10.931325428845517,63.86902874715585,4.0,64.0,-64.0,64.0,1.0
-----------X-------XOO----XXXO-----OOOO-----OO------------------ X;,1,50,5,9,-4,1,8,-64,0,1.4999999999999998,0.5000000000000001,0.5000000000000001,0.5000000000000001,11.0,10.0,0.0,0.0,1.0,3.0,0.5000000000000001,0.5000000000000001,11.0,432939,12.329298122830236,63.78073585424274,4.0,64.0,-64.0,64.0,1.0
-----O------O-----OOX-----OXXX---OXOO------O-------------------- X;,1,50,5,9,-4,0,8,-64,0,0.875,0.6250000000000001,0.6250000000000001,2.875,9.0,9.375,0.125,0.125,1.375,3.0,0.6250000000000001,2.875,9.0,1376321,5.555304322174841,63.96681152144013,4.0,64.0,-64.0,64.0,1.0
----O-------O-----OOO-----OXOX---OXOO------O-------------------- X;,1,50,3,11,-8,0,8,-64,0,2.3749999999999996,2.125,2.125,2.3749999999999996,5.000000000000001,9.375,0.125,0.125,1.375,3.0,2.125,2.3749999999999996,5.000000000000001,210710,12.421992311708035,63.68324237103128,4.0,64.0,-64.0,64.0,1.0
-----------X-------XOO----XXXOO----OOOO-----O------------------- X;,1,50,5,9,-4,1,12,-64,0,0.875,0.12500000000000003,1.1249999999999998,0.875,11.0,9.875,0.125,0.125,0.875,3.0,1.1249999999999998,0.875,11.0,598365,9.17235466646612,63.863384389127035,4.0,64.0,-64.0,64.0,1.0
------------X-----OOX-O---OXXO---OXOO------O-------------------- X;,1,50,5,9,-4,0,12,-64,0,0.875,0.6250000000000001,0.6250000000000001,0.875,11.0,9.375,0.125,0.125,1.375,3.0,0.6250000000000001,0.875,11.0,428088,9.928664199884135,63.87230195660705,4.0,64.0,-64.0,64.0,1.0
-----------XX-----OOOO----XOXO-----OO-O----O-------------------- X;,1,50,4,10,-6,0,6,-64,0,3.2499999999999996,0.25,2.25,2.25,5.999999999999999,9.25,0.25,0.25,0.25,4.0,2.25,2.25,5.999999999999999,429816,11.402958475254527,63.89207474826437,4.0,64.0,-64.0,64.0,1.0
-----------XX----O-XXO----OXXO-----OO-O----O-------------------- X;,1,50,6,8,-2,1,8,-64,0,0.6250000000000001,0.37499999999999994,2.3749999999999996,0.6250000000000001,10.000000000000002,8.625,0.375,0.375,0.625,4.0,2.3749999999999996,0.6250000000000001,10.000000000000002,382572,15.477745365578244,63.80660372426628,4.0,64.0,-64.0,64.0,1.0
--O--------OX------XOO----XXXO-----OO-O----O-------------------- X;,1,50,5,9,-4,0,8,-64,0,0.6250000000000001,0.37499999999999994,0.37499999999999994,4.625,8.000000000000002,8.625,0.375,0.375,0.625,4.0,0.37499999999999994,4.625,8.000000000000002,330209,8.847390592018995,63.835903927512575,4.0,64.0,-64.0,64.0,1.0
----O------XO------XOO----XXOO-----OO-O----O-------------------- X;,1,50,4,10,-6,0,12,-64,0,1.6249999999999998,1.375,0.37499999999999994,4.625,5.999999999999999,8.625,0.375,0.375,0.625,4.0,0.37499999999999994,4.625,5.999999999999999,179970,12.254386842251487,63.75450352836584,4.0,64.0,-64.0,64.0,1.0
-----------XX------XXO---OOOOO-----OO-O----O-------------------- X;,1,50,4,10,-6,0,12,-64,0,4.375,0.6250000000000001,3.1250000000000004,0.875,5.000000000000001,9.375,0.625,0.125,0.875,3.0,3.1250000000000004,0.875,5.000000000000001,345624,9.780212022313265,63.86875911395042,4.0,64.0,-64.0,64.0,1.0
---O-------OO------OXO----XOXO-----OO-O----O-------------------- X;,1,50,3,11,-8,0,26,-64,0,2.625,1.375,0.37499999999999994,1.6249999999999998,8.000000000000002,8.625,0.375,0.375,0.625,4.0,0.37499999999999994,1.6249999999999998,8.000000000000002,9160,14.581877729257641,63.05305676855895,4.0,64.0,-64.0,64.0,1.0
--O--------OX------XOO----XXXO-----OOOO------------------------- X;,1,50,5,9,-4,0,8,-64,0,0.6250000000000001,0.37499999999999994,0.37499999999999994,2.625,10.000000000000002,8.625,0.375,0.375,0.625,4.0,0.37499999999999994,2.625,10.000000000000002,357430,15.634401141482249,63.664818286097976,4.0,64.0,-64.0,64.0,1.0
-----------XX-----OOOO----XOXO-----OOOO------------------------- X;,1,50,4,10,-6,3,10,-64,0,3.2499999999999996,0.25,1.2500000000000002,1.2500000000000002,8.000000000000002,9.25,0.25,0.25,0.25,4.0,1.2500000000000002,1.2500000000000002,8.000000000000002,289108,20.725514340661622,63.49241114047346,6.0,64.0,-64.0,64.0,1.0
----O------XO------XOO----XXOO-----OOOO------------------------- X;,1,50,4,10,-6,1,10,-64,0,1.6249999999999998,1.375,0.37499999999999994,2.625,8.000000000000002,8.625,0.375,0.375,0.625,4.0,0.37499999999999994,2.625,8.000000000000002,144955,17.378469180090374,63.52394881170018,4.0,64.0,-64.0,64.0,1.0
-----------XX-----OXX-O---OXXO---OOOO--------------------------- X;,1,50,6,8,-2,1,10,-64,0,0.6250000000000001,0.37499999999999994,4.375,0.6250000000000001,8.000000000000002,8.625,0.375,0.375,0.625,4.0,4.375,0.6250000000000001,8.000000000000002,480631,13.930354055398007,63.83580335017924,4.0,64.0,-64.0,64.0,1.0
-----------XX-----OXX-----OOOOO--OOOO--------------------------- X;,1,50,4,10,-6,0,10,-64,0,4.375,0.6250000000000001,5.125000000000001,0.875,2.9999999999999996,9.375,0.625,0.125,0.875,3.0,5.125000000000001,0.875,2.9999999999999996,979830,7.210173193309044,63.913511527509876,4.0,64.0,-64.0,64.0,1.0
----------OXX------OXO----XXOO-----OOOO------------------------- X;,1,50,5,9,-4,0,14,-64,0,1.6249999999999998,1.375,1.375,1.6249999999999998,8.000000000000002,8.625,0.375,0.375,0.625,4.0,1.375,1.6249999999999998,8.000000000000002,161537,17.8253774677009,63.25314943325678,6.0,64.0,-64.0,64.0,1.0
---O-------OO------OXO----XOXO-----OOOO------------------------- X;,1,50,3,11,-8,0,24,-64,0,2.625,1.375,0.37499999999999994,1.6249999999999998,8.000000000000002,8.625,0.375,0.375,0.625,4.0,0.37499999999999994,1.6249999999999998,8.000000000000002,24138,25.856160410970254,62.40401027425636,14.0,64.0,-64.0,64.0,1.0
-----O-----XO-----OOX-O---OXXO---O-XO--------------------------- X;,1,50,5,9,-4,0,8,-64,0,2.125,0.875,0.875,3.1250000000000004,7.000000000000001,7.625,0.375,0.375,0.625,5.0,0.875,3.1250000000000004,7.000000000000001,687320,9.208549147413141,63.95346272478613,4.0,64.0,-64.0,64.0,1.0
-----------XX-----OOOOO---OXXO---O-XO--------------------------- X;,1,50,5,9,-4,0,10,-64,0,4.25,0.25,1.2500000000000002,1.2500000000000002,7.000000000000001,8.25,0.25,0.25,0.25,5.0,1.2500000000000002,1.2500000000000002,7.000000000000001,420656,11.255339279601385,63.82354703130349,4.0,64.0,-64.0,64.0,1.0
--O--------OX-----OXO-O---OXXO---O-XO--------------------------- X;,1,50,5,9,-4,0,22,-64,0,2.125,1.875,0.875,2.125,7.000000000000001,7.625,0.375,0.375,0.625,5.0,0.875,2.125,7.000000000000001,23177,15.177632998231005,63.40095784614057,4.0,64.0,-64.0,64.0,1.0
------------O-----OO-----OXXX---OOOOO------O------O------------- X;,1,50,3,11,-8,0,26,-64,0,2.125,0.875,0.875,1.1249999999999998,9.0,7.625,0.375,0.375,0.625,5.0,0.875,1.1249999999999998,9.0,14165,17.612283798093895,62.51168372749735,6.0,64.0,-64.0,64.0,1.0
-----------OX-----OOOX----OOXOO--O-XO--------------------------- X;,1,50,4,10,-6,0,8,-64,0,2.5000000000000004,2.0000000000000004,0.5000000000000001,5.000000000000001,4.0,9.0,0.5,0.0,0.5,4.0,0.5000000000000001,5.000000000000001,4.0,1239313,8.974273649998024,63.8770689890286,4.0,64.0,-64.0,64.0,1.0
-----O------O-----OOXX----OOXOO--O-XO--------------------------- X;,1,50,4,10,-6,0,12,-64,0,1.7500000000000002,0.7499999999999999,0.7499999999999999,6.75,4.0,8.25,0.25,0.25,1.25,4.0,0.7499999999999999,6.75,4.0,491567,6.296964605028409,63.94864179247183,4.0,64.0,-64.0,64.0,1.0
------------X-----OOOOO---OOXOO--O-XO--------------------------- X;,1,50,3,11,-8,0,14,-64,0,3.2499999999999996,1.2500000000000002,1.2500000000000002,4.25,4.0,8.25,0.25,0.25,1.25,4.0,1.2500000000000002,4.25,4.0,161337,9.596682720020826,63.73678697384977,4.0,64.0,-64.0,64.0,1.0
------------XO----OOOO----OOXOO--O-XO--------------------------- X;,1,50,3,11,-8,0,14,-64,0,3.2499999999999996,1.2500000000000002,1.2500000000000002,4.25,4.0,8.25,0.25,0.25,1.25,4.0,1.2500000000000002,4.25,4.0,212893,11.04655390266472,63.645465092793096,4.0,64.0,-64.0,64.0,1.0
----O-------O-----OOOX----OOOOO--O-XO--------------------------- X;,1,50,2,12,-10,0,14,-64,0,4.25,0.25,0.25,3.2499999999999996,5.999999999999999,8.25,0.25,0.25,1.25,4.0,0.25,3.2499999999999996,5.999999999999999,729313,7.967542056702678,63.790186106651056,4.0,64.0,-64.0,64.0,1.0
-----------X------XXOO---OOXOO-----OOOO------------------------- X;,1,50,4,10,-6,0,16,-64,0,2.25,2.25,2.25,2.25,5.000000000000001,9.25,0.25,0.25,1.25,3.0,2.25,2.25,5.000000000000001,655053,10.302030522721063,63.83565604615199,4.0,64.0,-64.0,64.0,1.0
-----------X------XXOO---OOXOO-----OO-O----O-------------------- X;,1,50,4,10,-6,0,18,-64,0,2.25,2.25,1.2500000000000002,3.2499999999999996,5.000000000000001,9.25,0.25,0.25,1.25,3.0,1.2500000000000002,3.2499999999999996,5.000000000000001,151765,13.882792475208381,63.50851645636346,4.0,64.0,-64.0,64.0,1.0
-----------X------XXOO---OOXOO-----OO-O-----O------------------- X;,1,50,4,10,-6,0,18,-64,0,2.25,1.2500000000000002,1.2500000000000002,2.25,7.000000000000001,9.25,0.25,0.25,1.25,3.0,1.2500000000000002,2.25,7.000000000000001,295740,13.580489619260161,63.55861905728004,4.0,64.0,-64.0,64.0,1.0
---O--------O-----OOXO----OOXOO--O-XO--------------------------- X;,1,50,3,11,-8,0,20,-64,0,2.75,0.7499999999999999,0.7499999999999999,5.749999999999999,4.0,8.25,0.25,0.25,1.25,4.0,0.7499999999999999,5.749999999999999,4.0,34823,10.670189242741866,63.2715733854062,4.0,64.0,-64.0,64.0,1.0
------------------XX----OOOXO-----OOOO----OO--------O----------- X;,1,50,3,11,-8,0,14,-64,0,2.75,1.2500000000000002,1.2500000000000002,2.75,5.999999999999999,8.75,0.25,0.25,0.75,4.0,1.2500000000000002,2.75,5.999999999999999,186420,13.53871902156421,63.575710760648,4.0,64.0,-64.0,64.0,1.0
----O-------O-----OOOX----OXXO---O-XO-O------------------------- X;,1,50,4,10,-6,0,16,-64,0,4.25,0.25,0.25,2.25,7.000000000000001,8.25,0.25,0.25,0.25,5.0,0.25,2.25,7.000000000000001,367273,8.998254704266309,63.900836707299476,4.0,64.0,-64.0,64.0,1.0
---O-------O------XOOO----XXXO-----OO-O----O-------------------- X;,1,50,4,10,-6,0,16,-64,0,1.7500000000000002,0.25,1.2500000000000002,2.75,8.000000000000002,8.75,0.25,0.25,0.75,4.0,1.2500000000000002,2.75,8.000000000000002,46816,13.44724025974026,63.47265892002734,4.0,64.0,-64.0,64.0,1.0
------------------XX----OOOXO-----OOO-----OOO-------O----------- X;,1,50,3,11,-8,0,16,-64,0,2.75,0.25,0.25,2.75,8.000000000000002,8.75,0.25,0.25,0.75,4.0,0.25,2.75,8.000000000000002,232780,14.842091244952316,63.57116590772403,4.0,64.0,-64.0,64.0,1.0
----O-------O-----OOOOO---OXXO---O-XO--------------------------- X;,1,50,3,11,-8,0,22,-64,0,4.750000000000001,0.25,0.25,1.7500000000000002,7.000000000000001,7.75,0.25,0.25,0.75,5.0,0.25,1.7500000000000002,7.000000000000001,69073,9.92413823056766,63.624860654669696,4.0,64.0,-64.0,64.0,1.0
-----------O--------OO-----XOO-----OOOOO----OO------O----------- X;,1,50,1,13,-12,0,22,-64,0,5.25,0.25,0.25,2.25,5.999999999999999,8.25,0.25,0.25,1.25,4.0,0.25,2.25,5.999999999999999,82274,11.21586406398133,63.14177018256071,4.0,64.0,-64.0,64.0,1.0
-----O------O----XXXX-O---XXXO---O-XO--------------------------- X;,1,50,8,6,2,0,14,-64,0,2.3749999999999996,1.1249999999999998,0.6250000000000001,2.875,7.000000000000001,7.375,0.125,0.625,0.875,5.0,0.6250000000000001,2.875,7.000000000000001,124290,5.144066296564486,63.94945691527878,4.0,64.0,-64.0,64.0,1.0
-----O------O----XXXX-----XXXX---OOOO--------------------------- X;,1,50,8,6,2,0,14,-64,0,2.125,0.37499999999999994,0.37499999999999994,1.1249999999999998,10.000000000000002,8.125,0.375,0.375,1.125,4.0,0.37499999999999994,1.1249999999999998,10.000000000000002,521018,4.860265864135212,63.99960462018587,4.0,64.0,-64.0,64.0,1.0
-----O---O--O----XOXX-----XOXX---O-XO--------------------------- X;,1,50,7,7,0,0,28,-64,0,3.2499999999999996,0.25,0.25,5.25,5.000000000000001,7.25,0.25,0.25,1.25,5.0,0.25,5.25,5.000000000000001,364973,12.215884462686281,63.90917684321854,4.0,64.0,-64.0,64.0,1.0
-----------XO-----OOOXO--OOOOO-----XO--------------------------- X;,1,50,3,11,-8,0,8,-64,0,3.2499999999999996,1.2500000000000002,0.25,2.25,7.000000000000001,8.25,0.25,0.25,0.25,5.0,0.25,2.25,7.000000000000001,476054,14.031639267814155,63.77042100265936,4.0,64.0,-64.0,64.0,1.0
------------X----OXXXO----OXOOO----OOO-------------------------- X;,1,50,5,9,-4,0,10,-64,0,1.2500000000000002,0.7499999999999999,3.7500000000000004,2.25,5.999999999999999,8.75,0.25,0.25,0.75,4.0,3.7500000000000004,2.25,5.999999999999999,380926,11.273034657650042,63.80064369457585,4.0,64.0,-64.0,64.0,1.0
---O-------O------OOXXO--OOOXO-----XO--------------------------- X;,1,50,4,10,-6,0,14,-64,0,1.2500000000000002,0.7499999999999999,0.7499999999999999,6.25,5.000000000000001,7.75,0.25,0.25,0.75,5.0,0.7499999999999999,6.25,5.000000000000001,488913,9.037096579555055,63.885390652324645,4.0,64.0,-64.0,64.0,1.0
--O--------O------OXOXO--OOOXO-----XO--------------------------- X;,1,50,4,10,-6,0,14,-64,0,1.2500000000000002,0.7499999999999999,0.7499999999999999,6.25,5.000000000000001,7.75,0.25,0.25,0.75,5.0,0.7499999999999999,6.25,5.000000000000001,165145,7.6584213872657365,63.882624360410546,4.0,64.0,-64.0,64.0,1.0
------------X----OXXXO----OXOOO----OO------O-------------------- X;,1,50,5,9,-4,0,14,-64,0,1.2500000000000002,0.7499999999999999,1.7500000000000002,2.25,8.000000000000002,8.75,0.25,0.25,0.75,4.0,1.7500000000000002,2.25,8.000000000000002,566795,11.905256750677053,63.84429291013506,4.0,64.0,-64.0,64.0,1.0
------------X----OXXXO----OXOOO----OO-------O------------------- X;,1,50,5,9,-4,0,14,-64,0,1.2500000000000002,0.7499999999999999,1.7500000000000002,2.25,8.000000000000002,8.75,0.25,0.25,0.75,4.0,1.7500000000000002,2.25,8.000000000000002,543345,10.619418601441073,63.868142708592146,4.0,64.0,-64.0,64.0,1.0
----O------O------OXXXO--OOOXO-----XO--------------------------- X;,1,50,5,9,-4,0,16,-64,0,0.7499999999999999,0.25,2.25,5.749999999999999,5.000000000000001,7.75,0.25,0.25,0.75,5.0,2.25,5.749999999999999,5.000000000000001,124332,11.971206125534858,63.672650645047135,4.0,64.0,-64.0,64.0,1.0
-----------X-O----OXOOO--OOOXO-----XO--------------------------- X;,1,50,4,10,-6,0,16,-64,0,2.0000000000000004,1.0,1.0,5.000000000000001,5.000000000000001,8.0,0.0,0.0,1.0,5.0,1.0,5.000000000000001,5.000000000000001,66235,13.595772627764777,63.160172114441,4.0,64.0,-64.0,64.0,1.0
----O------OO-----OXOXO---XXOO-----XO--------------------------- X;,1,50,5,9,-4,3,10,-64,0,0.7499999999999999,0.25,0.7499999999999999,3.2499999999999996,9.0,7.75,0.25,0.75,0.25,5.0,0.7499999999999999,3.2499999999999996,9.0,237069,10.844446131716927,63.71502811417773,4.0,64.0,-64.0,64.0,1.0
----O------O-O----OXXOO---XXXO-----XO--------------------------- X;,1,50,6,8,-2,1,14,-64,0,3.2499999999999996,0.7499999999999999,0.7499999999999999,2.25,7.000000000000001,7.75,0.25,0.25,0.75,5.0,0.7499999999999999,2.25,7.000000000000001,41298,13.74599254201172,63.42646132984648,4.0,64.0,-64.0,64.0,1.0
----O------O------OXXXO--OOOOO-----XO--------------------------- X;,1,50,4,10,-6,0,14,-64,0,1.7500000000000002,0.25,2.25,2.75,7.000000000000001,7.75,0.25,0.25,0.75,5.0,2.25,2.75,7.000000000000001,172028,12.057037226498013,63.64718534192108,4.0,64.0,-64.0,64.0,1.0
----O------O------OOXXO---XOXO-----OO------O-------------------- X;,1,50,4,10,-6,0,18,-64,0,1.4999999999999998,1.4999999999999998,0.5000000000000001,2.5000000000000004,8.000000000000002,8.5,0.5,0.5,0.5,4.0,0.5000000000000001,2.5000000000000004,8.000000000000002,26758,22.036325584871815,62.772180282532325,10.0,64.0,-64.0,64.0,1.0
---O--------O----OXXXO----OXXO-----OOO-------------------------- X;,1,50,5,9,-4,0,24,-64,0,0.5000000000000001,0.5000000000000001,3.5,1.4999999999999998,8.000000000000002,8.5,0.5,0.5,0.5,4.0,3.5,1.4999999999999998,8.000000000000002,17051,21.28168435868864,62.177702187554985,10.0,64.0,-64.0,64.0,1.0
--O--------OO-----OXOXO---XXOO-----XO--------------------------- X;,1,50,5,9,-4,1,10,-64,0,0.7499999999999999,0.25,0.7499999999999999,3.2499999999999996,9.0,7.75,0.25,0.75,0.25,5.0,0.7499999999999999,3.2499999999999996,9.0,200579,13.541018750716676,63.55071069254508,4.0,64.0,-64.0,64.0,1.0
--O--------O-O----OXXOO---XXXO-----XO--------------------------- X;,1,50,6,8,-2,1,12,-64,0,3.2499999999999996,0.7499999999999999,0.7499999999999999,2.25,7.000000000000001,7.75,0.25,0.25,0.75,5.0,0.7499999999999999,2.25,7.000000000000001,273820,5.730275363377401,63.903294134833104,4.0,64.0,-64.0,64.0,1.0
--O--------O------OXXXO--OOOOO-----XO--------------------------- X;,1,50,4,10,-6,0,12,-64,0,1.7500000000000002,0.25,2.25,2.75,7.000000000000001,7.75,0.25,0.25,0.75,5.0,2.25,2.75,7.000000000000001,261579,7.753902262796325,63.93481892659579,4.0,64.0,-64.0,64.0,1.0
-----O------O----OXXXO----OXXO-----OOO-------------------------- X;,1,50,5,9,-4,0,20,-64,0,0.5000000000000001,0.5000000000000001,3.5,1.4999999999999998,8.000000000000002,8.5,0.5,0.5,0.5,4.0,3.5,1.4999999999999998,8.000000000000002,14799,24.524089465504424,62.25785526049057,14.0,64.0,-64.0,64.0,1.0
--O--------O------OOXXO---XOXO-----OO------O-------------------- X;,1,50,4,10,-6,0,20,-64,0,1.4999999999999998,1.4999999999999998,0.5000000000000001,2.5000000000000004,8.000000000000002,8.5,0.5,0.5,0.5,4.0,0.5000000000000001,2.5000000000000004,8.000000000000002,41414,19.97677114019414,63.417829719418556,8.0,64.0,-64.0,64.0,1.0
-----------OX----OXOOO----OOOO-----OOO-------------------------- X;,1,50,2,12,-10,0,14,-64,0,7.249999999999999,0.7499999999999999,0.25,1.7500000000000002,4.0,8.75,0.25,0.75,0.25,4.0,0.25,1.7500000000000002,4.0,244600,14.720662305805396,63.660408830744075,4.0,64.0,-64.0,64.0,1.0
----O-------O----OXXOO----OXOO-----OOO-------------------------- X;,1,50,3,11,-8,0,16,-64,0,2.5000000000000004,1.4999999999999998,1.4999999999999998,2.5000000000000004,5.999999999999999,8.5,0.5,0.5,0.5,4.0,1.4999999999999998,2.5000000000000004,5.999999999999999,176379,11.660061571955845,63.684316160087086,4.0,64.0,-64.0,64.0,1.0
---O--------O----OXXXO----OXOO-----OOO-------------------------- X;,1,50,4,10,-6,0,18,-64,0,1.4999999999999998,0.5000000000000001,3.5,2.5000000000000004,5.999999999999999,8.5,0.5,0.5,0.5,4.0,3.5,2.5000000000000004,5.999999999999999,18911,19.338057215377294,62.26407910739781,8.0,64.0,-64.0,64.0,1.0
-----O------O----OXOXO----OXOO-----OOO-------------------------- X;,1,50,3,11,-8,0,22,-64,0,2.5000000000000004,0.5000000000000001,1.4999999999999998,3.5,5.999999999999999,8.5,0.5,0.5,0.5,4.0,1.4999999999999998,3.5,5.999999999999999,32012,22.2348494314632,63.11576908659253,12.0,64.0,-64.0,64.0,1.0
----------O-X----OOOXO----OXOO-----OOO-------------------------- X;,1,50,3,11,-8,0,26,-64,0,3.7500000000000004,0.25,1.2500000000000002,2.75,5.999999999999999,8.75,0.25,0.25,0.75,4.0,1.2500000000000002,2.75,5.999999999999999,2996,17.548064085447262,58.251001335113486,6.0,64.0,-64.0,64.0,1.0
-----------X--O---OXXOO---OOOO----OOO--------------------------- X;,1,50,3,11,-8,0,32,-64,0,5.625,0.37499999999999994,3.375,0.6250000000000001,4.0,8.625,0.375,0.375,0.625,4.0,3.375,0.6250000000000001,4.0,54251,26.762750917033788,61.7905292068349,16.0,64.0,-64.0,64.0,1.0
------------------O-OX-----OXXO---XXOO----OOO------------------- X;,1,50,5,9,-4,0,8,-64,0,0.875,2.125,2.125,4.875000000000001,4.0,10.875,0.125,0.125,0.875,2.0,2.125,4.875000000000001,4.0,1049469,7.057060284772585,63.93605909274119,4.0,64.0,-64.0,64.0,1.0
-------------------OOX-----OOXO---XOOO----OOO------------------- X;,1,50,3,11,-8,0,10,-64,0,5.25,1.2500000000000002,3.2499999999999996,1.2500000000000002,2.9999999999999996,11.25,0.25,0.25,1.25,1.0,3.2499999999999996,1.2500000000000002,2.9999999999999996,1141151,6.356738065339293,63.929989983797064,4.0,64.0,-64.0,64.0,1.0
--------------------OX-----XXOO---XXOOO---OOO------------------- X;,1,50,5,9,-4,0,10,-64,0,3.5,0.5000000000000001,1.0,1.0,8.000000000000002,10.0,0.0,0.5,1.5,2.0,1.0,1.0,8.000000000000002,1695081,5.821590826633064,63.95913587610268,4.0,64.0,-64.0,64.0,1.0
------------O-------OO-----XXXO---XXOO----OOO------------------- X;,1,50,5,9,-4,0,10,-64,0,2.9999999999999996,2.0000000000000004,2.0000000000000004,2.9999999999999996,4.0,10.0,0.0,0.0,2.0,2.0,2.0000000000000004,2.9999999999999996,4.0,435435,8.773134911065945,63.90730648661683,4.0,64.0,-64.0,64.0,1.0
--------------------OX---O-XXXO---OXOO----OOO------------------- X;,1,50,5,9,-4,0,12,-64,0,3.5,0.5000000000000001,1.0,1.0,8.000000000000002,10.0,0.0,0.5,1.5,2.0,1.0,1.0,8.000000000000002,865767,6.922881098494168,63.92546955474163,4.0,64.0,-64.0,64.0,1.0
--------------------XO-----XXO----OXOO----OOO-----OO------------ X;,1,50,4,10,-6,0,12,-64,0,4.25,0.7499999999999999,0.7499999999999999,2.25,5.999999999999999,9.75,0.25,0.25,1.75,2.0,0.7499999999999999,2.25,5.999999999999999,419657,7.578060177716564,63.84642696297214,4.0,64.0,-64.0,64.0,1.0
------------------XO-----OXXX-----OOOOO----OOO------------------ X;,1,50,4,10,-6,0,14,-64,0,2.5000000000000004,1.0,1.0,0.5000000000000001,9.0,10.0,0.5,0.5,2.0,1.0,1.0,0.5000000000000001,9.0,418660,8.972397649644103,63.81487603305785,4.0,64.0,-64.0,64.0,1.0
------------O------OXX----OOXO----OXO-----OO------O------------- X;,1,50,4,10,-6,0,14,-64,0,2.25,0.7499999999999999,0.7499999999999999,4.25,5.999999999999999,9.75,0.25,0.25,1.75,2.0,0.7499999999999999,4.25,5.999999999999999,854101,7.000769229868599,63.94528750112691,4.0,64.0,-64.0,64.0,1.0
-----------O------XOO-----OOOO-----OOO-----OOO------------------ X;,1,50,1,13,-12,0,16,-64,0,10.25,0.25,0.25,0.25,2.9999999999999996,11.25,0.25,0.25,1.25,1.0,0.25,0.25,2.9999999999999996,425999,9.166275038204315,63.871342420991596,4.0,64.0,-64.0,64.0,1.0
--------------------XO-----XXO----OXOO---OOOO------O------------ X;,1,50,4,10,-6,0,16,-64,0,4.25,0.7499999999999999,0.7499999999999999,2.25,5.999999999999999,9.75,0.25,0.25,1.75,2.0,0.7499999999999999,2.25,5.999999999999999,475004,7.84848127594715,63.88056942678377,4.0,64.0,-64.0,64.0,1.0
--------------O-----OO-----XOXO---XOOO----OOO------------------- X;,1,50,3,11,-8,0,22,-64,0,2.875,2.125,2.125,2.875,4.0,9.875,0.125,0.125,1.875,2.0,2.125,2.875,4.0,975113,8.558433740499819,63.87473862003686,4.0,64.0,-64.0,64.0,1.0
-----------O-O-----XXO-----XXO-----XOO------OO------O----------- X;,1,50,5,9,-4,0,8,-64,0,2.75,0.7499999999999999,1.7500000000000002,1.7500000000000002,7.000000000000001,8.75,0.75,0.75,0.75,3.0,1.7500000000000002,1.7500000000000002,7.000000000000001,540552,11.480871405526203,63.8561803489766,4.0,64.0,-64.0,64.0,1.0
------------O-----XXX-----OXX-----OOOO----OO-------O------------ X;,1,50,5,9,-4,0,10,-64,0,1.0,1.0,2.5000000000000004,1.4999999999999998,8.000000000000002,10.0,1.0,0.5,0.5,2.0,2.5000000000000004,1.4999999999999998,8.000000000000002,1087323,8.69299922838016,63.931481261777776,4.0,64.0,-64.0,64.0,1.0
-----------O------OXXX-----OXO-----XOO------OO------O----------- X;,1,50,5,9,-4,0,10,-64,0,0.875,0.6250000000000001,1.6249999999999998,6.875,4.0,9.875,0.625,0.625,0.875,2.0,1.6249999999999998,6.875,4.0,612688,8.441340453868854,63.86694696158567,4.0,64.0,-64.0,64.0,1.0
-----------OO------XOX-----XOO-----XOO------OO------O----------- X;,1,50,4,10,-6,0,12,-64,0,2.25,0.25,1.2500000000000002,1.2500000000000002,9.0,9.25,0.25,1.25,0.25,3.0,1.2500000000000002,1.2500000000000002,9.0,330953,13.069221309370212,63.61800013899254,4.0,64.0,-64.0,64.0,1.0
------------O-----XXX-----OOOO----OOO-----OO-------O------------ X;,1,50,3,11,-8,0,12,-64,0,5.000000000000001,0.5000000000000001,2.5000000000000004,2.0000000000000004,4.0,10.0,0.5,0.5,1.0,2.0,2.5000000000000004,2.0000000000000004,4.0,919608,9.438497707718941,63.898291445920435,4.0,64.0,-64.0,64.0,1.0
----------OO-------OXX-----XOO-----XOO------OO------O----------- X;,1,50,4,10,-6,0,12,-64,0,1.7500000000000002,1.7500000000000002,0.7499999999999999,2.75,7.000000000000001,8.75,0.75,0.75,0.75,3.0,0.7499999999999999,2.75,7.000000000000001,549994,9.165496350869283,63.83173998261799,4.0,64.0,-64.0,64.0,1.0
------------O-----XXO-----OXO-----OOO-----OOO------O------------ X;,1,50,3,11,-8,0,16,-64,0,3.5,1.0,0.5000000000000001,2.9999999999999996,5.999999999999999,10.0,0.5,1.0,0.5,2.0,0.5000000000000001,2.9999999999999996,5.999999999999999,354138,8.008132422953764,63.81151980301465,4.0,64.0,-64.0,64.0,1.0
------------X------OXO----OOXO---OXOO-O----O-------------------- X;,1,50,4,10,-6,0,10,-64,0,1.875,0.12500000000000003,1.1249999999999998,1.875,9.0,9.875,0.125,0.125,0.875,3.0,1.1249999999999998,1.875,9.0,1323143,6.558441528995732,63.967537900287425,4.0,64.0,-64.0,64.0,1.0
---O--------O------OXO----OXXO---OXXX-O------------------------- X;,1,50,6,8,-2,0,12,-64,0,5.625,0.37499999999999994,0.37499999999999994,1.6249999999999998,5.999999999999999,8.625,0.375,0.375,0.625,4.0,0.37499999999999994,1.6249999999999998,5.999999999999999,440569,9.806677274161368,63.812124775006865,4.0,64.0,-64.0,64.0,1.0
-----O------O------OXO----OXXO---OXXX-O------------------------- X;,1,50,6,8,-2,0,12,-64,0,5.625,0.37499999999999994,0.37499999999999994,1.6249999999999998,5.999999999999999,8.625,0.375,0.375,0.625,4.0,0.37499999999999994,1.6249999999999998,5.999999999999999,877198,8.10965141279392,63.933335461321164,4.0,64.0,-64.0,64.0,1.0
------------O------OX----OOXX----XOXX-----OO--------O----------- X;,1,50,6,8,-2,0,12,-64,0,5.875000000000001,0.6250000000000001,0.6250000000000001,0.875,5.999999999999999,9.375,0.125,0.125,0.375,4.0,0.6250000000000001,0.875,5.999999999999999,554929,10.606214488700356,63.848751822305196,4.0,64.0,-64.0,64.0,1.0
------------X------OXO----OXXO---OXOX-O-----O------------------- X;,1,50,6,8,-2,0,12,-64,0,1.875,0.6250000000000001,1.1249999999999998,3.375,7.000000000000001,9.875,0.625,0.125,0.375,3.0,1.1249999999999998,3.375,7.000000000000001,1085962,5.583711032246064,63.96816279022654,4.0,64.0,-64.0,64.0,1.0
-----------X------OXO-----OOXO---O-XOOO------O------------------ X;,1,50,4,10,-6,0,14,-64,0,2.25,1.2500000000000002,2.25,5.25,2.9999999999999996,9.25,0.25,0.25,1.25,3.0,2.25,5.25,2.9999999999999996,1365418,5.944487329154882,63.953899831406936,4.0,64.0,-64.0,64.0,1.0
------------X------OXO----OXOO---OOOOOO------------------------- X;,1,50,3,11,-8,0,18,-64,0,3.375,0.6250000000000001,3.1250000000000004,1.875,5.000000000000001,9.875,0.125,0.625,0.375,3.0,3.1250000000000004,1.875,5.000000000000001,569104,7.542906041777953,63.921455480896284,4.0,64.0,-64.0,64.0,1.0
--------------------OX---OOOOO----OXOO-----OOO------------------ X;,1,50,2,12,-10,1,10,-64,0,7.249999999999999,0.25,0.25,2.25,4.0,11.25,0.25,0.25,0.25,2.0,0.25,2.25,4.0,944982,6.882768137382511,63.9279986285453,4.0,64.0,-64.0,64.0,1.0
-------------------O-X---OOOOO----OXOO-----OOO------------------ X;,1,50,2,12,-10,0,14,-64,0,7.249999999999999,0.25,0.25,2.25,4.0,11.25,0.25,0.25,0.25,2.0,0.25,2.25,4.0,890534,7.371251406459495,63.9275445968374,4.0,64.0,-64.0,64.0,1.0
-------------O-------O---OOOXO----OXOO-----OOO------------------ X;,1,50,2,12,-10,0,20,-64,0,5.749999999999999,0.25,0.7499999999999999,4.25,2.9999999999999996,9.75,0.25,0.75,0.25,3.0,0.7499999999999999,4.25,2.9999999999999996,264600,9.379508692365835,63.727278911564625,4.0,64.0,-64.0,64.0,1.0
------------------OX------OXX-----OXX-----OOO-----O-OO---------- X;,1,50,5,9,-4,0,10,-64,0,6.75,0.25,0.7499999999999999,0.25,5.999999999999999,8.75,0.25,0.75,0.25,4.0,0.7499999999999999,0.25,5.999999999999999,928872,8.549085342221533,63.8806724715569,4.0,64.0,-64.0,64.0,1.0
------------------OX------OXX-----OXX----OOOO-------OO---------- X;,1,50,5,9,-4,0,10,-64,0,6.75,0.7499999999999999,0.25,0.25,5.999999999999999,8.75,0.75,0.25,0.25,4.0,0.25,0.25,5.999999999999999,797038,6.720495133230787,63.86526112933135,4.0,64.0,-64.0,64.0,1.0
------------------OOOX----XXOO-----XOOO-----O-O----------------- X;,1,50,4,10,-6,0,10,-64,0,2.25,0.7499999999999999,0.7499999999999999,1.2500000000000002,9.0,9.75,0.25,0.25,0.75,3.0,0.7499999999999999,1.2500000000000002,9.0,761554,7.602869921239991,63.863447634704826,4.0,64.0,-64.0,64.0,1.0
----------OO-------OOX-----XOO-----XOO------OO------O----------- X;,1,50,3,11,-8,0,12,-64,0,3.7500000000000004,0.7499999999999999,0.7499999999999999,1.7500000000000002,7.000000000000001,8.75,0.75,0.75,0.75,3.0,0.7499999999999999,1.7500000000000002,7.000000000000001,987780,7.953465346534654,63.88056044868291,4.0,64.0,-64.0,64.0,1.0
------------------OOOX----XOXO-----XOOO------OO----------------- X;,1,50,4,10,-6,0,12,-64,0,1.6249999999999998,0.37499999999999994,0.37499999999999994,6.625000000000001,5.000000000000001,9.625,0.375,0.375,0.625,3.0,0.37499999999999994,6.625000000000001,5.000000000000001,781171,7.169108940296042,63.876800342050586,4.0,64.0,-64.0,64.0,1.0
------------------OOOX----XOXO-----OOOO----O--O----------------- X;,1,50,3,11,-8,0,14,-64,0,3.2499999999999996,0.25,0.7499999999999999,2.75,7.000000000000001,9.75,0.75,0.25,0.25,3.0,0.7499999999999999,2.75,7.000000000000001,784356,5.768123148162314,63.93147499349785,4.0,64.0,-64.0,64.0,1.0
------------------XOOO----OXXO---OOXX-O--O---------------------- X;,1,50,5,9,-4,0,16,-64,0,7.749999999999999,0.25,0.7499999999999999,1.2500000000000002,4.0,8.75,0.25,0.75,0.25,4.0,0.7499999999999999,1.2500000000000002,4.0,363178,8.757226483983061,63.753988402381204,4.0,64.0,-64.0,64.0,1.0
------------------XOOO----OXOO---OOOOO---O---------------------- X;,1,50,2,12,-10,0,20,-64,0,5.749999999999999,0.25,0.7499999999999999,2.25,5.000000000000001,9.75,0.25,0.75,0.25,3.0,0.7499999999999999,2.25,5.000000000000001,55420,13.764525442078671,63.22410682064237,4.0,64.0,-64.0,64.0,1.0
-------------------XO----OXXX-O---OXOO-----OOO------------------ X;,1,50,5,9,-4,0,12,-64,0,2.875,0.12500000000000003,0.6250000000000001,2.3749999999999996,8.000000000000002,10.875,0.125,0.625,0.375,2.0,0.6250000000000001,2.3749999999999996,8.000000000000002,874841,5.871722975946486,63.971288496995456,4.0,64.0,-64.0,64.0,1.0
-------------------XO----OXXX-----OXOOO----OOO------------------ X;,1,50,5,9,-4,0,12,-64,0,2.875,0.6250000000000001,0.6250000000000001,2.875,7.000000000000001,10.875,0.625,0.625,0.875,1.0,0.6250000000000001,2.875,7.000000000000001,959000,5.45808133472367,63.96657977059437,4.0,64.0,-64.0,64.0,1.0
-------------------OX-O----XXOO---XOOO----OOO------------------- X;,1,50,4,10,-6,0,12,-64,0,1.6249999999999998,0.37499999999999994,0.37499999999999994,1.6249999999999998,10.000000000000002,10.625,0.375,0.375,0.625,2.0,0.37499999999999994,1.6249999999999998,10.000000000000002,889539,6.620784473755507,63.92719374867207,4.0,64.0,-64.0,64.0,1.0
------------------OX------OOXO----OXOO-----OOO------O----------- X;,1,50,3,11,-8,0,12,-64,0,4.25,0.25,1.2500000000000002,5.25,2.9999999999999996,11.25,0.25,0.25,1.25,1.0,1.2500000000000002,5.25,2.9999999999999996,376468,8.100964756632703,63.802825206923295,4.0,64.0,-64.0,64.0,1.0
------------O------OO------XOXO---XOOO----OOO------------------- X;,1,50,3,11,-8,0,14,-64,0,2.875,1.1249999999999998,3.1250000000000004,2.875,4.0,10.875,0.125,0.125,0.875,2.0,3.1250000000000004,2.875,4.0,394069,6.67983018202396,63.92091740278987,4.0,64.0,-64.0,64.0,1.0
-----------O-------OO-----XOXO----OOOO-----OOO------------------ X;,1,50,2,12,-10,0,16,-64,0,5.875000000000001,0.6250000000000001,0.6250000000000001,1.875,5.000000000000001,12.375,0.125,0.125,0.375,1.0,0.6250000000000001,1.875,5.000000000000001,331631,6.41947827555325,63.94194752601536,4.0,64.0,-64.0,64.0,1.0
-----------O------OO-----XXOX-----OOO------OOO------O----------- X;,1,50,3,11,-8,0,12,-64,0,3.2499999999999996,2.25,2.25,2.25,4.0,9.25,0.25,0.25,2.25,2.0,2.25,2.25,4.0,619694,7.4283404389908565,63.89473514347404,4.0,64.0,-64.0,64.0,1.0
----O------O------OXO-----XXXO-----XOOO------O------------------ X;,1,50,5,9,-4,0,14,-64,0,2.75,0.25,0.25,3.7500000000000004,7.000000000000001,8.75,0.25,0.25,1.75,3.0,0.25,3.7500000000000004,7.000000000000001,307261,7.402410328678225,63.87443248573688,4.0,64.0,-64.0,64.0,1.0
--O--------O------OXO-----XXXO-----XOOO------O------------------ X;,1,50,5,9,-4,0,14,-64,0,2.75,0.25,0.25,3.7500000000000004,7.000000000000001,8.75,0.25,0.25,1.75,3.0,0.25,3.7500000000000004,7.000000000000001,410212,6.498220432361803,63.911509170867745,4.0,64.0,-64.0,64.0,1.0
------------X------OXO----OXOO---OOOOO----O--------------------- X;,1,50,3,11,-8,0,14,-64,0,4.0,1.0,2.5000000000000004,2.5000000000000004,4.0,10.0,0.0,0.5,1.5,2.0,2.5000000000000004,2.5000000000000004,4.0,203317,8.745741871068331,63.697772444015996,4.0,64.0,-64.0,64.0,1.0
-----------------OOX-----XOXX-----OOO------OOO------O----------- X;,1,50,4,10,-6,0,16,-64,0,2.25,0.7499999999999999,0.7499999999999999,1.2500000000000002,9.0,8.75,0.25,0.25,1.75,3.0,0.7499999999999999,1.2500000000000002,9.0,278383,8.746776922441384,63.72476049184038,4.0,64.0,-64.0,64.0,1.0
------------O------XXO-----XXOO----XOO-----OOO------------------ X;,1,50,5,9,-4,6,4,-64,0,2.9999999999999996,0.0,0.5000000000000001,1.4999999999999998,9.0,10.0,0.0,0.5,0.5,3.0,0.5000000000000001,1.4999999999999998,9.0,612752,10.535329138052589,63.7872385565449,4.0,64.0,-64.0,64.0,1.0
-----------O------OOOO---OXOXX----XXO--------O------------------ X;,1,50,5,9,-4,0,8,-64,0,2.875,0.12500000000000003,3.1250000000000004,4.875000000000001,2.9999999999999996,9.875,0.125,0.125,0.875,3.0,3.1250000000000004,4.875000000000001,2.9999999999999996,872121,5.38053320582809,63.96821083312981,4.0,64.0,-64.0,64.0,1.0
-----------O------OOOO---OXXOX----XXO-------O------------------- X;,1,50,5,9,-4,1,10,-64,0,1.4999999999999998,0.0,4.499999999999999,1.0,7.000000000000001,10.0,0.5,0.0,0.5,3.0,4.499999999999999,1.0,7.000000000000001,1099794,6.47107549231947,63.92967773964943,4.0,64.0,-64.0,64.0,1.0
-----------O------OOOO---OOXXX---OXXX--------------------------- X;,1,50,6,8,-2,1,10,-64,0,6.25,1.2500000000000002,1.2500000000000002,1.2500000000000002,4.0,9.25,0.25,0.25,0.25,4.0,1.2500000000000002,1.2500000000000002,4.0,771884,11.106902073368538,63.82200434262143,4.0,64.0,-64.0,64.0,1.0
------------O-----OOOO----XXOXO----XXO--------O----------------- X;,1,50,5,9,-4,0,10,-64,0,2.75,0.25,1.2500000000000002,1.7500000000000002,8.000000000000002,8.75,0.25,0.25,0.75,4.0,1.2500000000000002,1.7500000000000002,8.000000000000002,581177,6.877546771465491,63.95632999929453,4.0,64.0,-64.0,64.0,1.0
------------O------XXO-----XXOO----XXO------OO-----O------------ X;,1,50,6,8,-2,1,12,-64,0,6.25,0.25,1.2500000000000002,1.2500000000000002,5.000000000000001,9.25,0.25,0.25,1.25,3.0,1.2500000000000002,1.2500000000000002,5.000000000000001,69912,8.50657970019453,63.770110996681545,4.0,64.0,-64.0,64.0,1.0
--------------------------XXX----OOOOOO---OOOO-----O------------ X;,1,50,3,11,-8,0,12,-64,0,3.2499999999999996,0.25,0.25,0.25,10.000000000000002,9.25,0.25,0.25,0.25,4.0,0.25,0.25,10.000000000000002,297690,12.123934294064295,63.68695622963485,4.0,64.0,-64.0,64.0,1.0
------------O-----OOOO----XXOXO----XOO------O------------------- X;,1,50,4,10,-6,0,12,-64,0,2.0000000000000004,0.0,2.0000000000000004,1.0,9.0,10.0,0.0,0.0,1.0,3.0,2.0000000000000004,1.0,9.0,376911,8.939378261711651,63.859733464929384,4.0,64.0,-64.0,64.0,1.0
------------------OX------OOX----OOXO-----OOOO-----O------------ X;,1,50,3,11,-8,0,14,-64,0,3.875,0.12500000000000003,0.12500000000000003,4.875000000000001,5.000000000000001,9.875,0.125,0.125,0.875,3.0,0.12500000000000003,4.875000000000001,5.000000000000001,320088,6.903470295668691,63.86062582789733,4.0,64.0,-64.0,64.0,1.0
---O-X------OO-----XXO-----XXO-----XOO-------O------------------ X;,1,50,6,8,-2,1,6,-64,0,2.5000000000000004,0.5000000000000001,2.5000000000000004,1.4999999999999998,7.000000000000001,7.5,0.5,0.5,0.5,5.0,2.5000000000000004,1.4999999999999998,7.000000000000001,1140901,7.884848904506176,63.90897369710431,4.0,64.0,-64.0,64.0,1.0
-----X------XO-----XXO-----XOO-----OOO----O--O------------------ X;,1,50,5,9,-4,0,6,-64,0,3.6250000000000004,0.37499999999999994,2.3749999999999996,1.6249999999999998,5.999999999999999,8.625,0.375,0.375,0.625,4.0,2.3749999999999996,1.6249999999999998,5.999999999999999,950256,6.057056203801923,63.93039559865973,4.0,64.0,-64.0,64.0,1.0
-----X------XO-----XXO----OOOO-----XOO-------O------------------ X;,1,50,5,9,-4,0,6,-64,0,2.5000000000000004,0.5000000000000001,3.5,1.4999999999999998,5.999999999999999,8.5,0.5,0.5,0.5,4.0,3.5,1.4999999999999998,5.999999999999999,1106102,6.314699729319719,63.925370354632754,4.0,64.0,-64.0,64.0,1.0
-----X------XO----OOOO-----OXO-----XOO-------O------------------ X;,1,50,4,10,-6,0,8,-64,0,4.625,0.37499999999999994,0.37499999999999994,4.625,4.0,8.625,0.375,0.375,0.625,4.0,0.37499999999999994,4.625,4.0,927004,6.118849541102303,63.94630875379178,4.0,64.0,-64.0,64.0,1.0
-----X----O-XO-----OXO-----XOO-----XOO-------O------------------ X;,1,50,5,9,-4,0,10,-64,0,2.25,0.7499999999999999,1.2500000000000002,0.7499999999999999,9.0,7.75,0.25,0.75,0.25,5.0,1.2500000000000002,0.7499999999999999,9.0,199606,12.508632005049948,63.68502950813102,4.0,64.0,-64.0,64.0,1.0
----OX------OO-----XOO-----XOO-----XOO-------O------------------ X;,1,50,4,10,-6,0,12,-64,0,2.0000000000000004,1.0,1.0,1.0,9.0,7.5,0.5,0.5,0.5,5.0,1.0,1.0,9.0,37780,20.934409740603495,63.04081524616199,8.0,64.0,-64.0,64.0,1.0
--X-------OX------OOX-----OXO-----OOOO----O--------------------- X;,1,50,4,10,-6,0,14,-64,0,3.5,0.5000000000000001,1.4999999999999998,2.5000000000000004,5.999999999999999,8.5,0.5,0.5,0.5,4.0,1.4999999999999998,2.5000000000000004,5.999999999999999,152276,14.27111297906433,63.594039769891516,4.0,64.0,-64.0,64.0,1.0
-----X-----OOO-----XOO-----XXO-----XOO-------O------------------ X;,1,50,5,9,-4,0,14,-64,0,3.2499999999999996,0.7499999999999999,1.2500000000000002,1.7500000000000002,7.000000000000001,7.75,0.25,0.75,0.25,5.0,1.2500000000000002,1.7500000000000002,7.000000000000001,88870,15.05106335096208,63.533498368403286,4.0,64.0,-64.0,64.0,1.0
-----------OO-----XOOX----OOOO-----XOO-------O------------------ X;,1,50,3,11,-8,6,6,-64,0,4.875000000000001,0.12500000000000003,0.6250000000000001,1.375,7.000000000000001,9.875,0.125,0.625,0.375,3.0,0.6250000000000001,1.375,7.000000000000001,1305097,8.80390806200612,63.88724363016696,4.0,64.0,-64.0,64.0,1.0
-----------O------XXXX----OOOO----OOO-----OO-------------------- X;,1,50,4,10,-6,3,6,-64,0,4.875000000000001,0.12500000000000003,2.125,0.875,5.999999999999999,10.875,0.125,0.125,0.875,2.0,2.125,0.875,5.999999999999999,532873,10.003186500348113,63.85869803874469,4.0,64.0,-64.0,64.0,1.0
------------------XO------XOX----OXOO-----OOOO-----O------------ X;,1,50,4,10,-6,0,8,-64,0,1.875,0.12500000000000003,3.1250000000000004,1.875,7.000000000000001,9.875,0.125,0.125,0.875,3.0,3.1250000000000004,1.875,7.000000000000001,815361,7.670560647369693,63.906075958992396,4.0,64.0,-64.0,64.0,1.0
------------------XO------XOX----OOOO----OOOOO------------------ X;,1,50,3,11,-8,0,8,-64,0,2.625,1.375,1.375,1.6249999999999998,7.000000000000001,9.625,0.375,0.375,0.625,3.0,1.375,1.6249999999999998,7.000000000000001,826328,7.475348771916237,63.88751198071468,4.0,64.0,-64.0,64.0,1.0
-----------O------XXXX----OOOO----OOO-----O--O------------------ X;,1,50,4,10,-6,0,10,-64,0,4.25,0.25,3.2499999999999996,0.25,5.999999999999999,11.25,0.25,0.25,0.25,2.0,3.2499999999999996,0.25,5.999999999999999,380538,8.920149893046162,63.884910311191,4.0,64.0,-64.0,64.0,1.0
-----------O------XXXX----OOOO----OOOO----O--------------------- X;,1,50,4,10,-6,0,12,-64,0,4.875000000000001,0.12500000000000003,4.625,0.37499999999999994,4.0,10.875,0.125,0.625,0.375,2.0,4.625,0.37499999999999994,4.0,543365,8.560323171348909,63.925273066907145,4.0,64.0,-64.0,64.0,1.0
-----------O------XXXX----OOOO----OOO-----O-O------------------- X;,1,50,4,10,-6,0,12,-64,0,4.875000000000001,0.6250000000000001,2.125,0.37499999999999994,5.999999999999999,10.875,0.625,0.125,0.375,2.0,2.125,0.37499999999999994,5.999999999999999,326460,11.950983275133247,63.8017950131716,4.0,64.0,-64.0,64.0,1.0
----------O-O-----OOXX----OOOO-----XOO-------O------------------ X;,1,50,3,11,-8,0,14,-64,0,2.625,0.37499999999999994,1.375,4.625,5.000000000000001,9.625,0.375,0.375,0.625,3.0,1.375,4.625,5.000000000000001,220006,10.624246611456051,63.61031062789197,4.0,64.0,-64.0,64.0,1.0
------------------XO------XOX----OXOO-----OOOO---O-------------- X;,1,50,4,10,-6,0,26,-64,0,1.7500000000000002,0.25,3.2499999999999996,1.7500000000000002,7.000000000000001,9.75,0.25,0.25,0.75,3.0,3.2499999999999996,1.7500000000000002,7.000000000000001,773630,10.825642749117796,63.857324560836574,4.0,64.0,-64.0,64.0,1.0
---------O--O-----OXXX----OOOO-----XOO-------O------------------ X;,1,50,4,10,-6,0,26,-64,0,1.7500000000000002,0.25,3.2499999999999996,3.7500000000000004,5.000000000000001,9.75,0.25,0.25,0.75,3.0,3.2499999999999996,3.7500000000000004,5.000000000000001,604546,12.925762472996265,63.751909697525086,4.0,64.0,-64.0,64.0,1.0
-----------OO-----OXOX----XXXO-----XOO-------O------------------ X;,1,50,6,8,-2,0,6,-64,0,1.875,0.12500000000000003,0.6250000000000001,4.375,7.000000000000001,9.875,0.125,0.625,0.375,3.0,0.6250000000000001,4.375,7.000000000000001,292187,11.409782091605718,63.58486859442754,4.0,64.0,-64.0,64.0,1.0
------------OO----OXXO----XXXO-----XOO-------O------------------ X;,1,50,6,8,-2,0,8,-64,0,3.6250000000000004,0.37499999999999994,1.375,1.6249999999999998,7.000000000000001,9.625,0.375,0.375,0.625,3.0,1.375,1.6249999999999998,7.000000000000001,178233,10.503711433909546,63.670992464919514,4.0,64.0,-64.0,64.0,1.0
------------O-----OXXO----XXXOO----XOO-------O------------------ X;,1,50,6,8,-2,0,8,-64,0,3.875,0.12500000000000003,1.1249999999999998,1.875,7.000000000000001,9.875,0.125,0.125,0.875,3.0,1.1249999999999998,1.875,7.000000000000001,210854,10.120386618228727,63.75937852732222,4.0,64.0,-64.0,64.0,1.0
------------O-----OXXX---OOOOO-----XOO-------O------------------ X;,1,50,4,10,-6,1,12,-64,0,1.875,0.6250000000000001,3.1250000000000004,3.375,5.000000000000001,9.875,0.625,0.125,0.375,3.0,3.1250000000000004,3.375,5.000000000000001,699538,7.710140121051323,63.86630318867596,4.0,64.0,-64.0,64.0,1.0
----------O-O-----OOXX----XXOO-----XOO-------O------------------ X;,1,50,5,9,-4,1,12,-64,0,0.6250000000000001,1.375,0.37499999999999994,2.625,9.0,9.625,0.375,0.375,0.625,3.0,0.37499999999999994,2.625,9.0,559942,8.319111622275164,63.83158255676481,4.0,64.0,-64.0,64.0,1.0
-----------O------XXXO----OXXO----OOOO----O--------------------- X;,1,50,5,9,-4,0,14,-64,0,0.875,0.12500000000000003,4.625,2.3749999999999996,5.999999999999999,10.875,0.125,0.625,0.375,2.0,4.625,2.3749999999999996,5.999999999999999,158922,11.119014359245416,63.60549200236594,4.0,64.0,-64.0,64.0,1.0
------------O-----OOXX----OXXO---O-XOO-------O------------------ X;,1,50,5,9,-4,0,16,-64,0,2.875,0.12500000000000003,1.1249999999999998,4.875000000000001,5.000000000000001,9.875,0.125,0.125,0.875,3.0,1.1249999999999998,4.875000000000001,5.000000000000001,463297,8.762603686188342,63.80617616777143,4.0,64.0,-64.0,64.0,1.0
------------------OX------OXX----OOXO-----OOOO----O------------- X;,1,50,4,10,-6,0,16,-64,0,4.625,0.37499999999999994,0.37499999999999994,1.6249999999999998,7.000000000000001,9.625,0.375,0.375,0.625,3.0,0.37499999999999994,1.6249999999999998,7.000000000000001,491879,7.317450023278083,63.85671272813029,4.0,64.0,-64.0,64.0,1.0
------------------OOOX-----OOXO---XXOO-----OO------------------- X;,1,50,4,10,-6,1,10,-64,0,2.25,1.2500000000000002,3.2499999999999996,3.2499999999999996,4.0,11.25,0.25,0.25,0.25,2.0,3.2499999999999996,3.2499999999999996,4.0,952852,6.146769907603699,63.912844806958475,4.0,64.0,-64.0,64.0,1.0
--------------------O-----XXXX---OXXO-----OOOO-----O------------ X;,1,50,6,8,-2,0,10,-64,0,2.5000000000000004,0.5000000000000001,4.499999999999999,1.4999999999999998,5.000000000000001,10.0,0.0,0.0,1.0,3.0,4.499999999999999,1.4999999999999998,5.000000000000001,1070429,6.361298133738903,63.92488805889975,4.0,64.0,-64.0,64.0,1.0
------------------XOOO---OOXO----OXXXX------O------------------- X;,1,50,6,8,-2,0,10,-64,0,2.0000000000000004,0.0,2.5000000000000004,2.5000000000000004,7.000000000000001,10.0,0.0,0.5,0.5,3.0,2.5000000000000004,2.5000000000000004,7.000000000000001,894981,6.679728396468752,63.913468554081035,4.0,64.0,-64.0,64.0,1.0
------------------OOOX-----OOXO---XXXO-----O--O----------------- X;,1,50,5,9,-4,1,12,-64,0,0.7499999999999999,2.25,2.25,1.7500000000000002,7.000000000000001,9.75,0.25,0.25,0.75,3.0,2.25,1.7500000000000002,7.000000000000001,1048818,5.5080748042081655,63.950448981615494,4.0,64.0,-64.0,64.0,1.0
------------O------XXX-----XXO----OXOO-----O-O----O------------- X;,1,50,6,8,-2,0,12,-64,0,1.7500000000000002,0.25,2.25,2.75,7.000000000000001,9.75,0.25,0.25,0.75,3.0,2.25,2.75,7.000000000000001,910364,4.9011999595766085,63.964150603494865,4.0,64.0,-64.0,64.0,1.0
------------O------XXX-----XXO----OXOO-----O-O------O----------- X;,1,50,6,8,-2,0,12,-64,0,2.0000000000000004,0.0,2.5000000000000004,2.5000000000000004,7.000000000000001,10.0,0.0,0.5,0.5,3.0,2.5000000000000004,2.5000000000000004,7.000000000000001,944261,5.719999025693109,63.9606422376864,4.0,64.0,-64.0,64.0,1.0
------------------OOOX-----OXXO---XXOX-----O-O------------------ X;,1,50,6,8,-2,0,12,-64,0,0.37499999999999994,0.6250000000000001,4.625,6.374999999999999,2.0000000000000004,10.875,0.125,0.125,0.875,2.0,4.625,6.374999999999999,2.0000000000000004,1228427,5.438413515821453,63.95863816083495,4.0,64.0,-64.0,64.0,1.0
--------------------O-----XOXX---OOXO----OOOOO------------------ X;,1,50,4,10,-6,1,16,-64,0,1.7500000000000002,0.25,2.25,4.750000000000001,5.000000000000001,9.75,0.25,0.25,0.75,3.0,2.25,4.750000000000001,5.000000000000001,521549,6.763874535278564,63.88388818692012,4.0,64.0,-64.0,64.0,1.0
----------OOOX-----OXX-----XOO-----XOO-------O------------------ X;,1,50,5,9,-4,0,10,-64,0,1.0,1.0,1.0,2.0000000000000004,9.0,8.0,0.0,1.0,0.0,5.0,1.0,2.0000000000000004,9.0,282163,11.511488040600646,63.51736407679249,4.0,64.0,-64.0,64.0,1.0
----------XOO-----XXX-----OXX-----OOOO----O--------------------- X;,1,50,6,8,-2,0,12,-64,0,0.7499999999999999,0.25,3.7500000000000004,1.2500000000000002,8.000000000000002,8.75,0.25,0.75,0.25,4.0,3.7500000000000004,1.2500000000000002,8.000000000000002,44719,19.675574140745546,63.17194033855856,6.0,64.0,-64.0,64.0,1.0
-----------OOX----OXXX-----OXO-----XOO-------O------------------ X;,1,50,6,8,-2,0,12,-64,0,0.875,0.12500000000000003,2.625,6.374999999999999,4.0,8.875,0.125,0.625,0.375,4.0,2.625,6.374999999999999,4.0,148977,15.920202447357646,63.62851983863281,4.0,64.0,-64.0,64.0,1.0
-----------OOX-----XXO-----XXOO----XOO-------O------------------ X;,1,50,6,8,-2,0,12,-64,0,3.2499999999999996,0.25,2.25,1.2500000000000002,7.000000000000001,8.25,0.25,0.25,0.25,5.0,2.25,1.2500000000000002,7.000000000000001,185164,14.723283143591626,63.55106824220691,4.0,64.0,-64.0,64.0,1.0
-----------OOX-----OXX----OOOO-----XOO-------O------------------ X;,1,50,4,10,-6,0,12,-64,0,2.75,0.25,1.7500000000000002,3.2499999999999996,5.999999999999999,8.75,0.25,0.75,0.25,4.0,1.7500000000000002,3.2499999999999996,5.999999999999999,766601,10.709978202480821,63.77823143982332,4.0,64.0,-64.0,64.0,1.0
-----O-----OOO-----XXO-----XXO-----XOO-------O------------------ X;,1,50,5,9,-4,0,14,-64,0,2.75,0.25,2.75,1.2500000000000002,7.000000000000001,7.75,0.25,0.75,0.25,5.0,2.75,1.2500000000000002,7.000000000000001,66147,14.369963868353818,63.58416859419172,4.0,64.0,-64.0,64.0,1.0
----------XOO-----XXO-----OXO-----OOO-----O-O------------------- X;,1,50,4,10,-6,0,28,-64,0,2.75,0.25,0.7499999999999999,2.25,8.000000000000002,8.75,0.25,0.75,0.25,4.0,0.7499999999999999,2.25,8.000000000000002,19849,21.792835911129025,62.40979394427931,8.0,64.0,-64.0,64.0,1.0
-----------OOOO----XXX-----XXO-----XOO-------O------------------ X;,1,50,6,8,-2,0,32,-64,0,1.875,0.12500000000000003,2.625,2.3749999999999996,7.000000000000001,7.875,0.125,0.625,0.375,5.0,2.625,2.3749999999999996,7.000000000000001,25891,25.269166891970183,62.25599629214785,14.0,64.0,-64.0,64.0,1.0
-----------------OX-------XXX----OXOO----OOOOO------------------ X;,1,50,5,9,-4,0,10,-64,0,0.875,0.12500000000000003,2.625,0.37499999999999994,10.000000000000002,8.875,0.125,0.625,0.375,4.0,2.625,0.37499999999999994,10.000000000000002,200353,12.449965810344741,63.69007701407017,4.0,64.0,-64.0,64.0,1.0
-----------------OX-------XXX----OXOO-----OOOO-----O------------ X;,1,50,5,9,-4,0,10,-64,0,0.875,0.12500000000000003,2.125,0.875,10.000000000000002,8.875,0.125,0.125,0.875,4.0,2.125,0.875,10.000000000000002,483492,9.744984405119423,63.78462518511164,4.0,64.0,-64.0,64.0,1.0
----------OOO-----XXOX-----XOO-----XOO-------O------------------ X;,1,50,5,9,-4,0,10,-64,0,1.375,0.6250000000000001,1.1249999999999998,0.875,10.000000000000002,8.875,0.125,0.625,0.375,4.0,1.1249999999999998,0.875,10.000000000000002,284018,11.475998000126753,63.51792492025153,4.0,64.0,-64.0,64.0,1.0
----------O-O-----XXXX-----XOO-----OOO----O--O------------------ X;,1,50,5,9,-4,0,12,-64,0,1.2500000000000002,0.25,2.25,1.2500000000000002,9.0,10.25,0.25,0.25,0.25,3.0,2.25,1.2500000000000002,9.0,128769,15.143054617182708,63.51340773012138,4.0,64.0,-64.0,64.0,1.0
----------O-O-----XXXX-----XOO----OOOO-------O------------------ X;,1,50,5,9,-4,0,14,-64,0,1.6249999999999998,0.37499999999999994,3.375,1.6249999999999998,7.000000000000001,9.625,0.375,0.375,0.625,3.0,3.375,1.6249999999999998,7.000000000000001,399531,13.608726231506441,63.70400794932058,4.0,64.0,-64.0,64.0,1.0
-----------------OX-------XXX----OXOO-----OOOO---O-------------- X;,1,50,5,9,-4,0,26,-64,0,0.7499999999999999,0.25,2.25,0.7499999999999999,10.000000000000002,8.75,0.25,0.25,0.75,4.0,2.25,0.7499999999999999,10.000000000000002,244786,23.13347168547221,63.2581928705073,10.0,64.0,-64.0,64.0,1.0
---------OO-O-----OXXX-----OOO-----XOO-------O------------------ X;,1,50,4,10,-6,0,28,-64,0,1.7500000000000002,0.25,2.25,3.7500000000000004,5.999999999999999,8.75,0.25,0.25,0.75,4.0,2.25,3.7500000000000004,5.999999999999999,96286,16.10144777018466,63.465965976362085,4.0,64.0,-64.0,64.0,1.0
-------------------OOO----XXOX----XOXO-----OO-O----------------- X;,1,50,5,9,-4,28,6,-64,0,0.875,0.6250000000000001,4.625,4.875000000000001,2.9999999999999996,12.375,0.125,0.125,0.375,1.0,4.625,4.875000000000001,2.9999999999999996,2693310,5.252368275467733,63.979466158741474,4.0,64.0,-64.0,64.0,1.0
------------------OOO-----XXXXO---XXOO-----OO------------------- X;,1,50,6,8,-2,8,6,-64,0,1.875,0.6250000000000001,4.625,1.875,5.000000000000001,12.375,0.125,0.125,0.375,1.0,4.625,1.875,5.000000000000001,1451226,6.171496376167461,63.95252427947129,4.0,64.0,-64.0,64.0,1.0
-------------------OO-----XOOX----XXXO-----OOOO----------------- X;,1,50,5,9,-4,3,8,-64,0,0.875,0.6250000000000001,4.625,0.875,7.000000000000001,12.375,0.125,0.125,0.375,1.0,4.625,0.875,7.000000000000001,1199748,5.459031396593285,63.95338187686081,4.0,64.0,-64.0,64.0,1.0
-------------------OOO----XXXO----XOXO-----OOO------------------ X;,1,50,5,9,-4,3,10,-64,0,4.0,0.0,2.0000000000000004,1.0,7.000000000000001,13.0,0.0,0.0,0.0,1.0,2.0000000000000004,1.0,7.000000000000001,487070,8.057482497382306,63.80244318065165,4.0,64.0,-64.0,64.0,1.0
-------------------OOO----XXXXO---XOXO-----OO------------------- X;,1,50,6,8,-2,0,10,-64,0,1.875,0.6250000000000001,4.625,1.875,5.000000000000001,12.375,0.125,0.125,0.375,1.0,4.625,1.875,5.000000000000001,872159,6.055487588845612,63.95451288125216,4.0,64.0,-64.0,64.0,1.0
-------------------OO-----XXOX----XXXO----OOO-O----------------- X;,1,50,6,8,-2,0,12,-64,0,1.875,0.6250000000000001,4.625,1.875,5.000000000000001,12.375,0.125,0.125,0.375,1.0,4.625,1.875,5.000000000000001,1191102,6.307444702468806,63.939001025940684,4.0,64.0,-64.0,64.0,1.0
------------------OOO-----XXOX----XXOO-----OO-O----------------- X;,1,50,5,9,-4,0,14,-64,0,0.875,0.6250000000000001,4.625,0.875,7.000000000000001,12.375,0.125,0.125,0.375,1.0,4.625,0.875,7.000000000000001,823001,6.392806327088302,63.90994178621897,4.0,64.0,-64.0,64.0,1.0
------------------OXX-----OXXO----OXOO-----OO-------O----------- X;,1,50,5,9,-4,1,16,-64,0,3.375,0.12500000000000003,2.125,1.375,7.000000000000001,12.375,0.125,0.125,0.375,1.0,2.125,1.375,7.000000000000001,581520,7.5985520704360985,63.88324047324254,4.0,64.0,-64.0,64.0,1.0
-------------------OOO----XXXO----XOOOO----OO------------------- X;,1,50,4,10,-6,0,16,-64,0,2.3749999999999996,0.12500000000000003,2.125,0.37499999999999994,9.0,12.375,0.125,0.125,0.375,1.0,2.125,0.37499999999999994,9.0,428033,6.9308581347699825,63.86111818481285,4.0,64.0,-64.0,64.0,1.0
-------------------XX-----OXX-----OXXO----OOO------OO----------- X;,1,50,6,8,-2,1,8,-64,0,5.875000000000001,0.12500000000000003,1.6249999999999998,0.37499999999999994,5.999999999999999,10.875,0.125,0.625,0.375,2.0,1.6249999999999998,0.37499999999999994,5.999999999999999,1302371,5.417279715227075,63.978820167218096,4.0,64.0,-64.0,64.0,1.0
--------------------O-----XXXO---OOOOOO----OOO------------------ X;,1,50,3,11,-8,0,12,-64,0,3.875,0.12500000000000003,0.6250000000000001,1.375,8.000000000000002,10.875,0.125,0.625,0.375,2.0,0.6250000000000001,1.375,8.000000000000002,300466,7.634201540274107,63.8458328063741,4.0,64.0,-64.0,64.0,1.0
-------------------OOO----XXOXO---XOXO----O-O------------------- X;,1,50,5,9,-4,0,14,-64,0,1.2500000000000002,0.25,3.2499999999999996,6.25,2.9999999999999996,11.25,0.25,0.25,1.25,1.0,3.2499999999999996,6.25,2.9999999999999996,626378,5.98287934761438,63.94169974041234,4.0,64.0,-64.0,64.0,1.0
-------------------OOO----XOXXO---XOXO-----OO------------------- X;,1,50,5,9,-4,0,14,-64,0,0.875,0.6250000000000001,4.625,0.875,7.000000000000001,12.375,0.125,0.125,0.375,1.0,4.625,0.875,7.000000000000001,615874,6.50705826191721,63.91369013791782,4.0,64.0,-64.0,64.0,1.0
------------------OOO----OXXOX----OXXO-----O--O----------------- X;,1,50,5,9,-4,0,14,-64,0,2.625,0.37499999999999994,1.375,1.6249999999999998,8.000000000000002,10.625,0.375,0.375,0.625,2.0,1.375,1.6249999999999998,8.000000000000002,609564,5.37675125171434,63.94863541810212,4.0,64.0,-64.0,64.0,1.0
-----------------O-OOO----OXXXO---XOXO------O------------------- X;,1,50,5,9,-4,0,20,-64,0,2.625,1.375,1.375,4.625,4.0,10.625,0.375,0.375,0.625,2.0,1.375,4.625,4.0,111910,6.89966937717809,63.86667858100259,4.0,64.0,-64.0,64.0,1.0
------------------OOO----OXXXO----OOOOO----O-------------------- X;,1,50,3,11,-8,0,24,-64,0,3.875,0.6250000000000001,0.6250000000000001,1.875,7.000000000000001,10.875,0.625,0.625,0.875,1.0,0.6250000000000001,1.875,7.000000000000001,63929,8.854792034913732,63.76085970373383,4.0,64.0,-64.0,64.0,1.0
------------------OOOX-----OOOO---XXXO-----O--O----------------- X;,1,50,4,10,-6,0,8,-64,0,2.25,0.7499999999999999,0.7499999999999999,1.2500000000000002,9.0,9.75,0.25,0.25,0.75,3.0,0.7499999999999999,1.2500000000000002,9.0,1404947,5.35861495131133,63.95668021640674,4.0,64.0,-64.0,64.0,1.0
------------------OOOX-----OXX----XXOO-----O-OO----------------- X;,1,50,5,9,-4,0,14,-64,0,0.875,2.125,2.125,6.875,2.0000000000000004,10.875,0.125,0.125,0.875,2.0,2.125,6.875,2.0000000000000004,525289,6.039958955927118,63.90194730900514,4.0,64.0,-64.0,64.0,1.0
------------------OOOX-----OOX----XXOO-----OO-O----------------- X;,1,50,4,10,-6,0,14,-64,0,2.25,1.2500000000000002,3.2499999999999996,3.2499999999999996,4.0,11.25,0.25,0.25,0.25,2.0,3.2499999999999996,3.2499999999999996,4.0,823383,6.393054022247241,63.909305875880364,4.0,64.0,-64.0,64.0,1.0
------------------OOOX-----OXO----XXXOO----O--O----------------- X;,1,50,5,9,-4,0,14,-64,0,3.2499999999999996,0.7499999999999999,0.7499999999999999,2.25,7.000000000000001,9.75,0.25,0.25,0.75,3.0,0.7499999999999999,2.25,7.000000000000001,697632,6.014672492087519,63.88868056511169,4.0,64.0,-64.0,64.0,1.0
------------------O-X-----OOXO----OXO-----OOO-----O--O---------- X;,1,50,3,11,-8,0,16,-64,0,3.5,0.5000000000000001,1.0,4.0,5.000000000000001,10.0,0.0,0.5,0.5,3.0,1.0,4.0,5.000000000000001,109748,9.333181470277363,63.73393592593943,4.0,64.0,-64.0,64.0,1.0
----------O--------OXX-----XXO----OXOO-----O-O----O------------- X;,1,50,5,9,-4,0,18,-64,0,3.5,0.5000000000000001,1.0,2.0000000000000004,7.000000000000001,10.0,0.0,0.5,0.5,3.0,1.0,2.0000000000000004,7.000000000000001,189389,6.523272206939157,63.890616667282686,4.0,64.0,-64.0,64.0,1.0
----------O--------OXX-----XXO----OXOO-----O-O------O----------- X;,1,50,5,9,-4,0,18,-64,0,3.2499999999999996,0.7499999999999999,0.7499999999999999,2.25,7.000000000000001,9.75,0.25,0.25,0.75,3.0,0.7499999999999999,2.25,7.000000000000001,206131,6.378196389674527,63.903944578932816,4.0,64.0,-64.0,64.0,1.0
-----------------O--O-----OXXX----OXO-----OOOO----O------------- X;,1,50,4,10,-6,0,18,-64,0,4.499999999999999,1.0,0.5000000000000001,1.0,7.000000000000001,10.0,0.5,0.0,0.5,3.0,0.5000000000000001,1.0,7.000000000000001,226192,7.064812194949424,63.85819127113249,4.0,64.0,-64.0,64.0,1.0
-------------O----XXO-----OXO-----OOOO----O-O-------O----------- X;,1,50,3,11,-8,0,24,-64,0,3.2499999999999996,0.7499999999999999,0.7499999999999999,2.25,7.000000000000001,9.75,0.25,0.25,0.75,3.0,0.7499999999999999,2.25,7.000000000000001,183349,6.823380547480488,63.86174999590944,4.0,64.0,-64.0,64.0,1.0
-------------------OO-----XXOXO---XXOO----OOO------------------- X;,1,50,5,9,-4,0,10,-64,0,0.875,0.6250000000000001,4.625,0.875,7.000000000000001,12.375,0.125,0.125,0.375,1.0,4.625,0.875,7.000000000000001,907714,6.932123995002831,63.893882875002475,4.0,64.0,-64.0,64.0,1.0
-----------O-------XO------XXO----OXXO----OOOO------------------ X;,1,50,5,9,-4,0,12,-64,0,8.25,0.25,0.25,1.2500000000000002,4.0,11.25,0.25,0.25,0.25,2.0,0.25,1.2500000000000002,4.0,311593,9.525361609535516,63.764115368445374,4.0,64.0,-64.0,64.0,1.0
-----------------O-O------OXXXO---XOXO----OOO------------------- X;,1,50,5,9,-4,0,12,-64,0,2.625,1.375,1.375,4.625,4.0,10.625,0.375,0.375,0.625,2.0,1.375,4.625,4.0,516118,5.279668602916387,63.95365788443728,4.0,64.0,-64.0,64.0,1.0
--------------------O----OXXXO----OOOOO----OOO------------------ X;,1,50,3,11,-8,0,12,-64,0,3.875,0.6250000000000001,0.6250000000000001,1.875,7.000000000000001,10.875,0.625,0.625,0.875,1.0,0.6250000000000001,1.875,7.000000000000001,367498,6.335348763802796,63.909773658632155,4.0,64.0,-64.0,64.0,1.0
-------------------XXO----OXXO-----XOO-----OO-----OO------------ X;,1,50,5,9,-4,0,14,-64,0,2.625,0.37499999999999994,1.375,1.6249999999999998,8.000000000000002,10.625,0.375,0.375,0.625,2.0,1.375,1.6249999999999998,8.000000000000002,703544,5.996025834915797,63.892401896683076,4.0,64.0,-64.0,64.0,1.0
------------------OXX-----OOXO----OXO------OOO------O----------- X;,1,50,4,10,-6,0,14,-64,0,2.25,0.25,1.2500000000000002,5.25,5.000000000000001,11.25,0.25,0.25,1.25,1.0,1.2500000000000002,5.25,5.000000000000001,348091,6.50539657733179,63.88367409671609,4.0,64.0,-64.0,64.0,1.0
------------------OOO-----OXXO---OOOOOO----O-------------------- X;,1,50,2,12,-10,0,22,-64,0,6.875,0.12500000000000003,0.6250000000000001,0.37499999999999994,5.999999999999999,10.875,0.125,0.625,0.375,2.0,0.6250000000000001,0.37499999999999994,5.999999999999999,44020,8.980463425715584,63.5643798273512,4.0,64.0,-64.0,64.0,1.0
------------------OXX-----OXXO----OXO-----OOOO------------------ X;,1,50,5,9,-4,1,12,-64,0,4.375,0.12500000000000003,1.1249999999999998,1.375,7.000000000000001,12.375,0.125,0.125,0.375,1.0,1.1249999999999998,1.375,7.000000000000001,266996,8.22403331885122,63.803600053933394,4.0,64.0,-64.0,64.0,1.0
-------------------OOO----XXXO----XOXO----O-OO------------------ X;,1,50,5,9,-4,0,12,-64,0,4.375,0.12500000000000003,1.1249999999999998,1.375,7.000000000000001,12.375,0.125,0.125,0.375,1.0,1.1249999999999998,1.375,7.000000000000001,301880,8.45140453160196,63.71725851331655,4.0,64.0,-64.0,64.0,1.0
-------------------OOO----XXOX----XOXO----O-O-O----------------- X;,1,50,5,9,-4,0,12,-64,0,1.2500000000000002,0.25,3.2499999999999996,6.25,2.9999999999999996,11.25,0.25,0.25,1.25,1.0,3.2499999999999996,6.25,2.9999999999999996,1049383,6.03450980242676,63.94467034438332,4.0,64.0,-64.0,64.0,1.0
-------------------O-O----XXOX----XXXO----OOO-O----------------- X;,1,50,6,8,-2,1,14,-64,0,2.25,0.25,3.2499999999999996,3.2499999999999996,5.000000000000001,11.25,0.25,0.25,1.25,1.0,3.2499999999999996,3.2499999999999996,5.000000000000001,584374,6.062052726507339,63.928740840626034,4.0,64.0,-64.0,64.0,1.0
-------------------OOO----XXXXO---XOXO----O-O------------------- X;,1,50,6,8,-2,0,14,-64,0,2.25,0.25,3.2499999999999996,3.2499999999999996,5.000000000000001,11.25,0.25,0.25,1.25,1.0,3.2499999999999996,3.2499999999999996,5.000000000000001,499496,6.5348671460832515,63.92017954097731,4.0,64.0,-64.0,64.0,1.0
------------------OOO-----XXOX----XXOO-----O-OO----------------- X;,1,50,5,9,-4,0,14,-64,0,1.2500000000000002,1.2500000000000002,3.2499999999999996,1.2500000000000002,7.000000000000001,11.25,0.25,0.25,1.25,1.0,3.2499999999999996,1.2500000000000002,7.000000000000001,525774,6.040895898237646,63.90193885585822,4.0,64.0,-64.0,64.0,1.0
-------------------OOO----XXXO----XOOOO---O-O------------------- X;,1,50,4,10,-6,1,16,-64,0,2.25,0.25,1.2500000000000002,1.2500000000000002,9.0,11.25,0.25,0.25,1.25,1.0,1.2500000000000002,1.2500000000000002,9.0,400899,7.584249399474681,63.83662718041202,4.0,64.0,-64.0,64.0,1.0
------------------OXX-----OXXO----OXO------OOO------O----------- X;,1,50,5,9,-4,0,16,-64,0,3.2499999999999996,0.25,1.2500000000000002,2.25,7.000000000000001,11.25,0.25,0.25,1.25,1.0,1.2500000000000002,2.25,7.000000000000001,375983,6.707026647481402,63.882627671995806,4.0,64.0,-64.0,64.0,1.0
-------------------XX------XXO----OXXO-----OOO----OO------------ X;,1,50,6,8,-2,1,12,-64,0,5.625,0.37499999999999994,1.375,0.6250000000000001,5.999999999999999,10.625,0.375,0.375,0.625,2.0,1.375,0.6250000000000001,5.999999999999999,803418,5.864384417575907,63.94198287815309,4.0,64.0,-64.0,64.0,1.0
-------------------OOO----XOXX----XOXO-----OO-O----------------- X;,1,50,5,9,-4,0,12,-64,0,0.875,0.6250000000000001,4.625,0.875,7.000000000000001,12.375,0.125,0.125,0.375,1.0,4.625,0.875,7.000000000000001,695447,5.63129037870607,63.94028013637272,4.0,64.0,-64.0,64.0,1.0
------------------OOO-----XXOX----OXXO---O-O--O----------------- X;,1,50,5,9,-4,0,16,-64,0,2.875,0.12500000000000003,1.6249999999999998,1.375,8.000000000000002,10.875,0.125,0.625,0.375,2.0,1.6249999999999998,1.375,8.000000000000002,406529,6.755522976220639,63.91895289142964,4.0,64.0,-64.0,64.0,1.0
-----------------O-OOO----OXXX----XOXO------O-O----------------- X;,1,50,5,9,-4,0,20,-64,0,2.875,1.6249999999999998,1.6249999999999998,4.875000000000001,2.9999999999999996,10.875,0.625,0.625,0.875,1.0,1.6249999999999998,4.875000000000001,2.9999999999999996,95011,5.746660912946922,63.88624475060782,4.0,64.0,-64.0,64.0,1.0
------------------OOO-----XXXO----OOOOO--O-O-------------------- X;,1,50,3,11,-8,0,24,-64,0,3.6250000000000004,0.37499999999999994,0.37499999999999994,1.6249999999999998,8.000000000000002,10.625,0.375,0.375,0.625,2.0,0.37499999999999994,1.6249999999999998,8.000000000000002,32310,8.805818632002476,63.47818012999071,4.0,64.0,-64.0,64.0,1.0
--------------------O-----XOXO----OOOOO--O-OOO------------------ X;,1,50,2,12,-10,0,12,-64,0,4.625,0.37499999999999994,0.37499999999999994,2.625,5.999999999999999,10.625,0.375,0.375,0.625,2.0,0.37499999999999994,2.625,5.999999999999999,252643,6.409605649077948,63.94084934076938,4.0,64.0,-64.0,64.0,1.0
-----------------O-OOO----OXXO----XOXO------OO------------------ X;,1,50,4,10,-6,0,14,-64,0,5.25,0.25,0.25,2.25,5.999999999999999,11.25,0.25,0.25,0.25,2.0,0.25,2.25,5.999999999999999,223920,9.96713111825652,63.759253304751695,4.0,64.0,-64.0,64.0,1.0
------------------OXX-----OXXO----OXO------OO-----O-O----------- X;,1,50,5,9,-4,0,16,-64,0,2.625,0.37499999999999994,1.375,1.6249999999999998,8.000000000000002,10.625,0.375,0.375,0.625,2.0,1.375,1.6249999999999998,8.000000000000002,338826,10.648799088617757,63.79228866733958,4.0,64.0,-64.0,64.0,1.0
-----------------O-OOO----OXOX----XOXO------O-O----------------- X;,1,50,4,10,-6,0,18,-64,0,1.875,1.6249999999999998,1.6249999999999998,7.875,1.0,10.875,0.625,0.625,0.875,1.0,1.6249999999999998,7.875,1.0,192949,5.998973822098067,63.85651130609643,4.0,64.0,-64.0,64.0,1.0
------------------OXX-----OXXO----OXO------OOO----O------------- X;,1,50,5,9,-4,0,18,-64,0,3.2499999999999996,0.25,1.2500000000000002,2.25,7.000000000000001,11.25,0.25,0.25,1.25,1.0,1.2500000000000002,2.25,7.000000000000001,332994,6.447653711478285,63.86522279680715,4.0,64.0,-64.0,64.0,1.0
-----------------O-OOO----OXXO----XOOOO-----O------------------- X;,1,50,3,11,-8,0,20,-64,0,3.6250000000000004,0.37499999999999994,0.37499999999999994,1.6249999999999998,8.000000000000002,10.625,0.375,0.375,0.625,2.0,0.37499999999999994,1.6249999999999998,8.000000000000002,78723,11.543233870660417,63.5318775961282,4.0,64.0,-64.0,64.0,1.0
------------------OXX-----OXXO----OOO------OO-----O--O---------- X;,1,50,4,10,-6,0,20,-64,0,1.875,0.12500000000000003,1.6249999999999998,0.37499999999999994,10.000000000000002,10.875,0.125,0.625,0.375,2.0,1.6249999999999998,0.37499999999999994,10.000000000000002,183294,7.4430259582965075,63.81975405632481,4.0,64.0,-64.0,64.0,1.0
----------------O-XXX----OXXOO----OOO-----OO-------------------- X;,1,50,5,9,-4,0,6,-64,0,1.2500000000000002,0.7499999999999999,0.7499999999999999,4.25,7.000000000000001,9.75,0.25,0.25,0.75,3.0,0.7499999999999999,4.25,7.000000000000001,1210779,5.898419116948675,63.947876532381215,4.0,64.0,-64.0,64.0,1.0
------------------XXX---OOOOOO----OOO-----OO-------------------- X;,1,50,3,11,-8,1,8,-64,0,4.750000000000001,0.25,2.25,1.7500000000000002,5.000000000000001,9.75,0.25,0.25,0.75,3.0,2.25,1.7500000000000002,5.000000000000001,1163324,5.627075518084386,63.94848382737741,4.0,64.0,-64.0,64.0,1.0
-----------X------XXOO----XXOO---OOOO------O-------------------- X;,1,50,5,9,-4,0,8,-64,0,1.4999999999999998,0.0,0.5000000000000001,7.000000000000001,5.000000000000001,10.0,0.5,0.0,0.5,3.0,0.5000000000000001,7.000000000000001,5.000000000000001,371565,11.949263251382666,63.775904619649324,4.0,64.0,-64.0,64.0,1.0
-----------X------XXOO----XOOO----OOO----O-O-------------------- X;,1,50,4,10,-6,3,10,-64,0,4.750000000000001,0.25,0.25,5.749999999999999,2.9999999999999996,9.75,0.25,0.25,0.75,3.0,0.25,5.749999999999999,2.9999999999999996,705574,7.99490910946265,63.87802838539969,4.0,64.0,-64.0,64.0,1.0
-----------------OXXX----XOXOO----OOO-----OO-------------------- X;,1,50,5,9,-4,0,10,-64,0,1.7500000000000002,0.25,2.25,2.75,7.000000000000001,9.75,0.25,0.25,0.75,3.0,2.25,2.75,7.000000000000001,167522,19.264013084848557,62.97705376010315,4.0,64.0,-64.0,64.0,1.0
----------O-------OOX----XOXOO----OOO-----OO-------------------- X;,1,50,3,11,-8,0,14,-64,0,4.25,0.7499999999999999,0.7499999999999999,1.2500000000000002,7.000000000000001,9.75,0.25,0.25,0.75,3.0,0.7499999999999999,1.2500000000000002,7.000000000000001,229376,14.603846958705358,63.449759347098215,4.0,64.0,-64.0,64.0,1.0
-----------X------XXOO---OOOOO----OOO------O-------------------- X;,1,50,3,11,-8,0,14,-64,0,5.999999999999999,1.0,1.0,2.9999999999999996,2.9999999999999996,10.0,0.0,0.0,1.0,3.0,1.0,2.9999999999999996,2.9999999999999996,277488,11.721876261315805,63.62776047973246,4.0,64.0,-64.0,64.0,1.0
---------O--------OXX----XXOOO----OOO-----OO-------------------- X;,1,50,4,10,-6,0,28,-64,0,5.375,0.6250000000000001,0.6250000000000001,2.3749999999999996,5.000000000000001,9.875,0.125,0.125,0.875,3.0,0.6250000000000001,2.3749999999999996,5.000000000000001,182960,18.659543069523394,63.180629645824226,4.0,64.0,-64.0,64.0,1.0
------------------XXX-----OXOO----OOOO----OOO------------------- X;,1,50,4,10,-6,1,8,-64,0,2.9999999999999996,0.0,2.0000000000000004,2.0000000000000004,7.000000000000001,13.0,0.0,0.0,0.0,1.0,2.0000000000000004,2.0000000000000004,7.000000000000001,845101,6.848097446340733,63.904577086052434,4.0,64.0,-64.0,64.0,1.0
------------------OOOX----XXOX-----OOO-----OO-O----------------- X;,1,50,4,10,-6,0,8,-64,0,2.25,0.25,3.2499999999999996,2.25,5.999999999999999,11.25,0.25,0.25,0.25,2.0,3.2499999999999996,2.25,5.999999999999999,1858052,6.17731581247457,63.95674717392193,4.0,64.0,-64.0,64.0,1.0
------------------XOOOO---XXXO----XOO------OO------------------- X;,1,50,5,9,-4,0,10,-64,0,1.2500000000000002,0.25,3.2499999999999996,1.2500000000000002,8.000000000000002,11.25,0.25,0.25,0.25,2.0,3.2499999999999996,1.2500000000000002,8.000000000000002,490392,9.326591787794255,63.882551101975565,4.0,64.0,-64.0,64.0,1.0
------------------XOOO---OXXXX----OOO------OO------------------- X;,1,50,5,9,-4,0,12,-64,0,1.2500000000000002,0.25,3.2499999999999996,1.2500000000000002,8.000000000000002,11.25,0.25,0.25,0.25,2.0,3.2499999999999996,1.2500000000000002,8.000000000000002,1843833,6.298615980948383,63.94809399766682,4.0,64.0,-64.0,64.0,1.0
------------------XOOO----XXXO----XOO-O----OO------------------- X;,1,50,5,9,-4,0,14,-64,0,1.2500000000000002,0.25,3.2499999999999996,1.2500000000000002,8.000000000000002,11.25,0.25,0.25,0.25,2.0,3.2499999999999996,1.2500000000000002,8.000000000000002,438424,8.91902359359889,63.86695527617101,4.0,64.0,-64.0,64.0,1.0
-----------------OOOOO----OXXX----XOO------OO------------------- X;,1,50,4,10,-6,0,14,-64,0,2.25,1.2500000000000002,3.2499999999999996,1.2500000000000002,5.999999999999999,11.25,0.25,0.25,0.25,2.0,3.2499999999999996,1.2500000000000002,5.999999999999999,491036,7.339791787160208,63.82918564015673,4.0,64.0,-64.0,64.0,1.0
------------------OOOX----XXXO-----OOOO----OO------------------- X;,1,50,4,10,-6,0,16,-64,0,3.2499999999999996,0.25,1.2500000000000002,1.2500000000000002,8.000000000000002,11.25,0.25,0.25,0.25,2.0,1.2500000000000002,1.2500000000000002,8.000000000000002,421222,10.778411384020778,63.71574134304476,4.0,64.0,-64.0,64.0,1.0
---------O--------OOOO----XOXX----XOO------OO------------------- X;,1,50,4,10,-6,0,28,-64,0,2.3749999999999996,0.12500000000000003,6.125,1.375,4.0,11.375,0.125,0.125,0.375,2.0,6.125,1.375,4.0,957246,10.777814689223042,63.84760657135156,4.0,64.0,-64.0,64.0,1.0
------------------OOOX----XXXO-----XOOO-----O-O----------------- X;,1,50,5,9,-4,0,10,-64,0,3.2499999999999996,0.7499999999999999,0.7499999999999999,2.25,7.000000000000001,9.75,0.25,0.25,0.75,3.0,0.7499999999999999,2.25,7.000000000000001,761554,7.602869921239991,63.863447634704826,4.0,64.0,-64.0,64.0,1.0
------------------XOOO----XXOX----OOO----O-OO------------------- X;,1,50,4,10,-6,0,12,-64,0,2.25,0.25,3.2499999999999996,2.25,5.999999999999999,11.25,0.25,0.25,0.25,2.0,3.2499999999999996,2.25,5.999999999999999,1376183,9.040812159429379,63.89706165531764,4.0,64.0,-64.0,64.0,1.0
------------------OOOX----OXXX---O-XOO------O-O----------------- X;,1,50,5,9,-4,0,14,-64,0,3.2499999999999996,0.7499999999999999,0.7499999999999999,4.25,5.000000000000001,9.75,0.25,0.25,0.75,3.0,0.7499999999999999,4.25,5.000000000000001,469034,7.9990235249470185,63.86833790300916,4.0,64.0,-64.0,64.0,1.0
------------------OX------OXX-----OXOO----OOO-----O--O---------- X;,1,50,4,10,-6,0,14,-64,0,4.499999999999999,0.5000000000000001,1.0,1.0,7.000000000000001,10.0,0.0,0.5,0.5,3.0,1.0,1.0,7.000000000000001,623882,6.908562837203189,63.9149839232419,4.0,64.0,-64.0,64.0,1.0
-------------O----XXO-----OXOO----OOO-----OOO------------------- X;,1,50,3,11,-8,0,16,-64,0,4.25,0.25,0.25,3.2499999999999996,5.999999999999999,11.25,0.25,0.25,0.25,2.0,0.25,3.2499999999999996,5.999999999999999,341680,7.806099274174667,63.814902833060174,4.0,64.0,-64.0,64.0,1.0
------------------OX------OXX-----OXOO---OOOO--------O---------- X;,1,50,4,10,-6,0,16,-64,0,4.499999999999999,1.0,0.5000000000000001,1.0,7.000000000000001,10.0,0.5,0.0,0.5,3.0,0.5000000000000001,1.0,7.000000000000001,501645,8.220366992594364,63.86091758115799,4.0,64.0,-64.0,64.0,1.0
------------------XOOOO---XXXO----OOO----O-O-------------------- X;,1,50,4,10,-6,0,20,-64,0,2.5000000000000004,1.0,1.0,3.5,5.999999999999999,10.0,0.5,0.5,1.0,2.0,1.0,3.5,5.999999999999999,92092,14.114624505928854,63.49396255917995,4.0,64.0,-64.0,64.0,1.0
-----------------OOOOO----OXXX----XOOO-----O-------------------- X;,1,50,4,10,-6,2,12,-64,0,2.25,3.2499999999999996,1.2500000000000002,1.2500000000000002,5.999999999999999,11.25,0.25,0.25,0.25,2.0,1.2500000000000002,1.2500000000000002,5.999999999999999,646903,9.007266931827491,63.865877882773766,4.0,64.0,-64.0,64.0,1.0
------------------OOOX----XXOX----OOOO------O-O----------------- X;,1,50,4,10,-6,0,12,-64,0,2.25,0.25,1.2500000000000002,2.25,8.000000000000002,11.25,0.25,0.25,0.25,2.0,1.2500000000000002,2.25,8.000000000000002,1826380,6.4523374106155345,63.96759381946802,4.0,64.0,-64.0,64.0,1.0
------------------XOOO---OXXXX----OOOO-----O-------------------- X;,1,50,5,9,-4,0,14,-64,0,1.2500000000000002,0.25,1.2500000000000002,1.2500000000000002,10.000000000000002,11.25,0.25,0.25,0.25,2.0,1.2500000000000002,1.2500000000000002,10.000000000000002,790003,9.185587902830749,63.89187129669128,4.0,64.0,-64.0,64.0,1.0
------------------XOOO----XXXO----XOOOO----O-------------------- X;,1,50,5,9,-4,0,16,-64,0,1.2500000000000002,0.25,1.2500000000000002,1.2500000000000002,10.000000000000002,11.25,0.25,0.25,0.25,2.0,1.2500000000000002,1.2500000000000002,10.000000000000002,480941,8.456950020896533,63.871156753115244,4.0,64.0,-64.0,64.0,1.0
------------------XOOOO---XXXO----XOOO-----O-------------------- X;,1,50,5,9,-4,0,16,-64,0,1.2500000000000002,0.25,1.2500000000000002,1.2500000000000002,10.000000000000002,11.25,0.25,0.25,0.25,2.0,1.2500000000000002,1.2500000000000002,10.000000000000002,573940,8.789030212217305,63.87917203888908,4.0,64.0,-64.0,64.0,1.0
------------------OOOX----XXXO----OOOOO-----O------------------- X;,1,50,4,10,-6,0,18,-64,0,3.2499999999999996,1.2500000000000002,0.25,1.2500000000000002,8.000000000000002,11.25,0.25,0.25,0.25,2.0,0.25,1.2500000000000002,8.000000000000002,442337,10.960710951152628,63.81150570718705,4.0,64.0,-64.0,64.0,1.0
---------O--------OOOO----XOXX----XOOO-----O-------------------- X;,1,50,4,10,-6,0,28,-64,0,2.3749999999999996,1.1249999999999998,3.1250000000000004,1.375,5.999999999999999,11.375,0.125,0.125,0.375,2.0,3.1250000000000004,1.375,5.999999999999999,839223,9.137630879992564,63.909389995269436,4.0,64.0,-64.0,64.0,1.0
-----------------OOOOO----OXOX----XOO------OO------------------- X;,1,50,3,11,-8,0,12,-64,0,3.2499999999999996,1.2500000000000002,3.2499999999999996,2.25,4.0,11.25,0.25,0.25,0.25,2.0,3.2499999999999996,2.25,4.0,858814,5.5644784551718995,63.93076265640756,4.0,64.0,-64.0,64.0,1.0
-------------------O------XOX-----OOOOO--OOOOO------------------ X;,1,50,2,12,-10,0,12,-64,0,4.25,0.7499999999999999,0.7499999999999999,1.2500000000000002,7.000000000000001,9.75,0.25,0.25,0.75,3.0,0.7499999999999999,1.2500000000000002,7.000000000000001,1616027,6.63342506034862,63.95181516150411,4.0,64.0,-64.0,64.0,1.0
-----------------OOOOO----OOXX----XOO------O-O------------------ X;,1,50,3,11,-8,0,12,-64,0,3.875,2.125,2.125,1.875,4.0,10.875,0.125,0.125,0.875,2.0,2.125,1.875,4.0,628275,8.26505909036648,63.88144681867017,4.0,64.0,-64.0,64.0,1.0
------------------OX------OXX-----OXOO----OOO-----O-O----------- X;,1,50,4,10,-6,0,12,-64,0,4.25,0.7499999999999999,0.7499999999999999,1.2500000000000002,7.000000000000001,9.75,0.25,0.25,0.75,3.0,0.7499999999999999,1.2500000000000002,7.000000000000001,448015,10.028311552068569,63.83950090956776,4.0,64.0,-64.0,64.0,1.0
------------------OX------OXX-----OXOO----OOO-----OO------------ X;,1,50,4,10,-6,0,12,-64,0,4.25,0.7499999999999999,0.7499999999999999,1.2500000000000002,7.000000000000001,9.75,0.25,0.25,0.75,3.0,0.7499999999999999,1.2500000000000002,7.000000000000001,1305350,6.945167196537327,63.89534607576512,4.0,64.0,-64.0,64.0,1.0
------------------OX------OXX-----OXOO----OOOO----O------------- X;,1,50,4,10,-6,0,12,-64,0,5.375,0.6250000000000001,0.6250000000000001,1.375,5.999999999999999,10.875,0.125,0.125,0.875,2.0,0.6250000000000001,1.375,5.999999999999999,499293,9.689312688141031,63.79333577678838,4.0,64.0,-64.0,64.0,1.0
-----------------OOOOO----OXXO----XOX-O----O-------------------- X;,1,50,4,10,-6,0,14,-64,0,4.25,0.7499999999999999,0.7499999999999999,1.2500000000000002,7.000000000000001,9.75,0.25,0.25,0.75,3.0,0.7499999999999999,1.2500000000000002,7.000000000000001,427469,7.319412635770079,63.86042028778695,4.0,64.0,-64.0,64.0,1.0
------------------OX------OXX-----OOOO----OOO-----O--O---------- X;,1,50,3,11,-8,0,14,-64,0,3.5,0.5000000000000001,1.0,0.0,9.0,10.0,0.0,0.5,0.5,3.0,1.0,0.0,9.0,856714,6.248348923911597,63.93855358964602,4.0,64.0,-64.0,64.0,1.0
-----------------OOOOOO---OXXO----XOO------O-------------------- X;,1,50,3,11,-8,0,18,-64,0,3.5,0.5000000000000001,1.0,0.0,9.0,10.0,0.0,0.5,0.5,3.0,1.0,0.0,9.0,286621,7.602345955111454,63.831952299377924,4.0,64.0,-64.0,64.0,1.0
----------O-------OOX-----OXOO----OOO-----OOO------------------- X;,1,50,2,12,-10,0,18,-64,0,5.25,1.2500000000000002,0.25,1.2500000000000002,5.999999999999999,11.25,0.25,0.25,0.25,2.0,0.25,1.2500000000000002,5.999999999999999,79313,9.176704953790678,63.34459672437053,4.0,64.0,-64.0,64.0,1.0
-----------XO-----XXO-----OXOO----OOO-----OO-------------------- X;,1,50,4,10,-6,0,12,-64,0,2.9999999999999996,1.0,0.5000000000000001,4.499999999999999,5.000000000000001,10.0,0.0,0.5,0.5,3.0,0.5000000000000001,4.499999999999999,5.000000000000001,160745,14.322672555911536,63.436598338984105,4.0,64.0,-64.0,64.0,1.0
-----------OX------OOOO---OOXO-----XOO-------O------------------ X;,1,50,3,11,-8,0,12,-64,0,4.25,0.7499999999999999,0.25,4.750000000000001,4.0,8.75,0.25,0.75,0.25,4.0,0.25,4.750000000000001,4.0,742539,11.510689674212399,63.73808244415445,4.0,64.0,-64.0,64.0,1.0
-----O-----OO------OXX----OOXO-----XOO-------O------------------ X;,1,50,4,10,-6,1,14,-64,0,1.7500000000000002,0.25,1.7500000000000002,6.25,4.0,8.75,0.25,0.75,0.25,4.0,1.7500000000000002,6.25,4.0,112013,15.815396427200413,63.12297679733602,4.0,64.0,-64.0,64.0,1.0
------------------OOOX-----OOOOO---XOOO-----O------------------- X;,1,50,2,12,-10,0,14,-64,0,4.750000000000001,0.25,0.7499999999999999,2.25,5.999999999999999,8.75,0.25,0.75,0.25,4.0,0.7499999999999999,2.25,5.999999999999999,254751,13.782148058300066,63.52793119555959,4.0,64.0,-64.0,64.0,1.0
-----------XO-----XXO-----OXOO----OOOO----O--------------------- X;,1,50,4,10,-6,0,16,-64,0,2.9999999999999996,1.0,2.0000000000000004,2.9999999999999996,5.000000000000001,10.0,0.0,1.0,0.0,3.0,2.0000000000000004,2.9999999999999996,5.000000000000001,171292,16.211229946524064,63.395546785605866,4.0,64.0,-64.0,64.0,1.0
-----------XO-----XXO-----OXOO----OOO-----O-O------------------- X;,1,50,4,10,-6,0,18,-64,0,2.9999999999999996,0.5000000000000001,0.5000000000000001,2.9999999999999996,7.000000000000001,10.0,0.5,0.5,0.0,3.0,0.5000000000000001,2.9999999999999996,7.000000000000001,172555,17.02023123062212,63.253467010518385,4.0,64.0,-64.0,64.0,1.0
------------------OOOOO----OXOO----XOOO-----O------------------- X;,1,50,2,12,-10,0,22,-64,0,4.750000000000001,0.25,0.7499999999999999,4.25,4.0,8.75,0.25,0.75,0.25,4.0,0.7499999999999999,4.25,4.0,14294,17.74059045753463,62.35063663075416,4.0,64.0,-64.0,64.0,1.0
----------X-O-----XXO-----XXOO-----OOO----O--O------------------ X;,1,50,5,9,-4,0,10,-64,0,1.6249999999999998,0.37499999999999994,0.37499999999999994,2.625,9.0,9.625,0.375,0.375,0.625,3.0,0.37499999999999994,2.625,9.0,188607,22.235155641094977,63.65837959354637,8.0,64.0,-64.0,64.0,1.0
----------X-O-----XXO-----XOOO----OOOO-------O------------------ X;,1,50,4,10,-6,0,10,-64,0,4.750000000000001,0.25,0.7499999999999999,2.25,5.999999999999999,9.75,0.25,0.75,1.25,2.0,0.7499999999999999,2.25,5.999999999999999,1373863,8.323888189724885,63.944023530730504,4.0,64.0,-64.0,64.0,1.0
-----------O-----XXO------XOX----OOOO------OOO------------------ X;,1,50,4,10,-6,0,12,-64,0,2.75,1.7500000000000002,1.2500000000000002,1.2500000000000002,7.000000000000001,8.75,0.75,0.25,1.25,3.0,1.2500000000000002,1.2500000000000002,7.000000000000001,393790,11.943248939790244,63.754132913481804,4.0,64.0,-64.0,64.0,1.0
------------O----XXO------OXX----OOOO------OOO------------------ X;,1,50,4,10,-6,0,14,-64,0,3.7500000000000004,0.25,0.25,0.7499999999999999,9.0,8.75,0.25,0.25,1.75,3.0,0.25,0.7499999999999999,9.0,160770,16.336555327486472,63.40602102382285,4.0,64.0,-64.0,64.0,1.0
----------O------XOX------OXX----OOOO------OOO------------------ X;,1,50,4,10,-6,0,16,-64,0,2.25,0.7499999999999999,0.7499999999999999,1.2500000000000002,9.0,8.75,0.25,0.25,1.75,3.0,0.7499999999999999,1.2500000000000002,9.0,173615,17.953955591394752,63.23281974483771,4.0,64.0,-64.0,64.0,1.0
--------O--------OXX------OXX----OOOO------OOO------------------ X;,1,50,4,10,-6,0,22,-64,0,1.4999999999999998,0.5000000000000001,0.5000000000000001,0.5000000000000001,11.0,8.5,0.5,0.5,1.5,3.0,0.5000000000000001,0.5000000000000001,11.0,81960,23.39499755978526,62.7471205466081,10.0,64.0,-64.0,64.0,1.0
---------O-------XOX------XOX----OOOO------OOO------------------ X;,1,50,4,10,-6,0,28,-64,0,2.625,0.37499999999999994,0.37499999999999994,3.6250000000000004,7.000000000000001,8.625,0.375,0.375,1.625,3.0,0.37499999999999994,3.6250000000000004,7.000000000000001,231183,19.114709991651637,63.27869263743441,8.0,64.0,-64.0,64.0,1.0
------------------O-XO-----OXO----XXOO----OOOO------------------ X;,1,50,4,10,-6,1,10,-64,0,4.499999999999999,0.0,0.0,4.499999999999999,5.000000000000001,12.5,0.0,0.0,0.5,1.0,0.0,4.499999999999999,5.000000000000001,734121,5.714760918159268,63.95187986721535,4.0,64.0,-64.0,64.0,1.0
------------------OX------OXX-----OOOOO---OOOO------------------ X;,1,50,3,11,-8,0,10,-64,0,4.375,0.6250000000000001,0.6250000000000001,0.37499999999999994,8.000000000000002,10.875,0.125,0.125,0.875,2.0,0.6250000000000001,0.37499999999999994,8.000000000000002,609635,6.689110697384501,63.91400756190179,4.0,64.0,-64.0,64.0,1.0
------------------OOOO----XOXO-----OOO-----OOO------------------ X;,1,50,2,12,-10,1,12,-64,0,6.374999999999999,0.12500000000000003,1.1249999999999998,1.375,5.000000000000001,12.375,0.125,0.125,0.375,1.0,1.1249999999999998,1.375,5.000000000000001,281133,10.257002913211895,63.74742915274977,4.0,64.0,-64.0,64.0,1.0
------------------OX------OXX-O---OXXO----OOOO------------------ X;,1,50,5,9,-4,0,12,-64,0,8.375,0.6250000000000001,0.6250000000000001,0.37499999999999994,4.0,10.875,0.125,0.125,0.875,2.0,0.6250000000000001,0.37499999999999994,4.0,586333,7.108847702585391,63.88918583808177,4.0,64.0,-64.0,64.0,1.0
----------O-O-----OOOX----XXOO-----XOO-------O------------------ X;,1,50,4,10,-6,0,10,-64,0,1.6249999999999998,0.37499999999999994,0.37499999999999994,2.625,9.0,9.625,0.375,0.375,0.625,3.0,0.37499999999999994,2.625,9.0,787987,10.14964206262286,63.79010313621925,4.0,64.0,-64.0,64.0,1.0
----------O-------OOXX----OXXO---O-XOO-------O------------------ X;,1,50,5,9,-4,0,14,-64,0,2.625,0.37499999999999994,1.375,4.625,5.000000000000001,9.625,0.375,0.375,0.625,3.0,1.375,4.625,5.000000000000001,355005,8.868737060041408,63.80464500499993,4.0,64.0,-64.0,64.0,1.0
----------O-------OOXX---OOOOO-----XOO-------O------------------ X;,1,50,3,11,-8,0,14,-64,0,2.625,0.37499999999999994,1.375,4.625,5.000000000000001,9.625,0.375,0.375,0.625,3.0,1.375,4.625,5.000000000000001,700811,8.415561399578488,63.87398885006086,4.0,64.0,-64.0,64.0,1.0
----------O--O----OOXO----XXXO-----XOO-------O------------------ X;,1,50,5,9,-4,0,14,-64,0,3.875,1.1249999999999998,0.6250000000000001,1.375,7.000000000000001,9.875,0.125,0.625,0.375,3.0,0.6250000000000001,1.375,7.000000000000001,171686,7.391004508230141,63.80068264156658,4.0,64.0,-64.0,64.0,1.0
----------OO------OOOX----XXXO-----XOO-------O------------------ X;,1,50,5,9,-4,0,14,-64,0,2.625,0.37499999999999994,0.37499999999999994,3.6250000000000004,7.000000000000001,9.625,0.375,0.375,0.625,3.0,0.37499999999999994,3.6250000000000004,7.000000000000001,261575,9.169706585109433,63.67641403039281,4.0,64.0,-64.0,64.0,1.0
----------O-------OOXX----XOXO-----OOO-----O-O------------------ X;,1,50,4,10,-6,1,16,-64,0,1.875,0.6250000000000001,0.12500000000000003,3.375,8.000000000000002,10.875,0.625,0.125,0.375,2.0,0.12500000000000003,3.375,8.000000000000002,474409,9.545910806919768,63.726805351500495,4.0,64.0,-64.0,64.0,1.0
-----------------OOX------OXX-----OXO-----OOOO----O------------- X;,1,50,4,10,-6,0,16,-64,0,4.875000000000001,0.6250000000000001,0.12500000000000003,1.375,7.000000000000001,9.875,0.625,0.125,0.375,3.0,0.12500000000000003,1.375,7.000000000000001,565015,6.426328504552976,63.90827854127767,4.0,64.0,-64.0,64.0,1.0
-------------O----XXOO----OXXO----OOOO----O--------------------- X;,1,50,4,10,-6,0,20,-64,0,2.3749999999999996,0.6250000000000001,2.125,2.875,5.999999999999999,10.875,0.125,0.625,0.375,2.0,2.125,2.875,5.999999999999999,199055,8.16149305468338,63.688307251764584,4.0,64.0,-64.0,64.0,1.0
-------------------XXO----OXXO----OOOO----OOO------------------- X;,1,50,4,10,-6,1,12,-64,0,2.9999999999999996,0.0,2.0000000000000004,1.0,8.000000000000002,13.0,0.0,0.0,1.0,0.0,2.0000000000000004,1.0,8.000000000000002,427608,7.010472208190679,63.83938092832688,4.0,64.0,-64.0,64.0,1.0
------------------OOO-----XXXO-----OOOO----OOO------------------ X;,1,50,3,11,-8,0,12,-64,0,4.25,0.25,1.2500000000000002,1.2500000000000002,7.000000000000001,11.25,0.25,0.25,1.25,1.0,1.2500000000000002,1.2500000000000002,7.000000000000001,427832,6.008255576955441,63.96026945156043,4.0,64.0,-64.0,64.0,1.0
-------------------XXO----OXXO----OXOO----OO--------O----------- X;,1,50,5,9,-4,0,14,-64,0,3.2499999999999996,0.25,3.2499999999999996,2.25,5.000000000000001,11.25,0.25,0.25,1.25,1.0,3.2499999999999996,2.25,5.000000000000001,425204,6.992210797640662,63.82539675073612,4.0,64.0,-64.0,64.0,1.0
-------------------XXO----OXXO----OXOO----OO------O------------- X;,1,50,5,9,-4,0,14,-64,0,3.2499999999999996,0.25,3.2499999999999996,2.25,5.000000000000001,11.25,0.25,0.25,1.25,1.0,3.2499999999999996,2.25,5.000000000000001,452098,6.598356993395237,63.87201889855739,4.0,64.0,-64.0,64.0,1.0
-------------------OOO---OXXXX----OXO-----OOO------------------- X;,1,50,5,9,-4,0,14,-64,0,3.2499999999999996,0.25,3.2499999999999996,2.25,5.000000000000001,11.25,0.25,0.25,1.25,1.0,3.2499999999999996,2.25,5.000000000000001,418685,7.063515530768955,63.81565138469255,4.0,64.0,-64.0,64.0,1.0
-------------------OOO----XOXX----OXO----OOOO------------------- X;,1,50,4,10,-6,0,14,-64,0,2.25,0.25,3.2499999999999996,5.25,2.9999999999999996,11.25,0.25,0.25,1.25,1.0,3.2499999999999996,5.25,2.9999999999999996,410125,6.650938128619323,63.804888753428834,4.0,64.0,-64.0,64.0,1.0
--------------------XO----OOXO----OXOO----OOOO------------------ X;,1,50,3,11,-8,0,14,-64,0,5.375,0.12500000000000003,1.1249999999999998,4.375,2.9999999999999996,12.375,0.125,0.125,0.375,1.0,1.1249999999999998,4.375,2.9999999999999996,198137,9.216420961254082,63.638563216360396,4.0,64.0,-64.0,64.0,1.0
-----------------O-OOO----OXXX----XOO-----OOO------------------- X;,1,50,4,10,-6,0,18,-64,0,2.25,1.2500000000000002,3.2499999999999996,2.25,5.000000000000001,11.25,0.25,0.25,1.25,1.0,3.2499999999999996,2.25,5.000000000000001,201835,6.667317363192707,63.69549384398147,4.0,64.0,-64.0,64.0,1.0
------------------OX-----OXXX-O---OXXO-----OOO------------------ X;,1,50,6,8,-2,0,12,-64,0,5.999999999999999,0.0,0.5000000000000001,1.4999999999999998,5.999999999999999,10.0,0.0,0.5,1.5,2.0,0.5000000000000001,1.4999999999999998,5.999999999999999,321521,10.969522986056898,63.845683485682116,4.0,64.0,-64.0,64.0,1.0
------------------OX-----OXXX-----OOOOO----OOO------------------ X;,1,50,4,10,-6,0,12,-64,0,2.0000000000000004,0.5000000000000001,0.5000000000000001,2.0000000000000004,9.0,10.0,0.5,0.5,2.0,1.0,0.5000000000000001,2.0000000000000004,9.0,197496,12.321809049297201,63.66125896220683,4.0,64.0,-64.0,64.0,1.0
------------O-------OO-----XOXO---XXOO----OOO------------------- X;,1,50,4,10,-6,0,12,-64,0,2.0000000000000004,2.0000000000000004,2.0000000000000004,2.0000000000000004,5.999999999999999,10.0,0.0,0.0,2.0,2.0,2.0000000000000004,2.0000000000000004,5.999999999999999,518494,7.684987675845815,63.92863948280983,4.0,64.0,-64.0,64.0,1.0
--------------------XOO----XXOO---XXOO----OOO------------------- X;,1,50,5,9,-4,0,12,-64,0,2.75,0.25,0.25,2.75,8.000000000000002,9.75,0.25,0.25,1.75,2.0,0.25,2.75,8.000000000000002,720044,7.323905205792979,63.887551316308446,4.0,64.0,-64.0,64.0,1.0
-----------O------OOO-----XOXO-----OOO-----OOO------------------ X;,1,50,2,12,-10,0,12,-64,0,5.25,0.25,1.2500000000000002,2.25,5.000000000000001,11.25,0.25,0.25,1.25,1.0,1.2500000000000002,2.25,5.000000000000001,518798,6.637766529554856,63.938631220629226,4.0,64.0,-64.0,64.0,1.0
-------------------OOO----OXOX---OXOO-----OOO------------------- X;,1,50,3,11,-8,0,20,-64,0,3.2499999999999996,1.2500000000000002,3.2499999999999996,3.2499999999999996,2.9999999999999996,11.25,0.25,0.25,1.25,1.0,3.2499999999999996,3.2499999999999996,2.9999999999999996,237224,7.454127744241729,63.823584460256974,4.0,64.0,-64.0,64.0,1.0
------------------OXX----OOXOO----XOOO------OO------------------ X;,1,50,4,10,-6,0,12,-64,0,2.25,0.25,1.2500000000000002,3.2499999999999996,7.000000000000001,11.25,0.25,0.25,1.25,1.0,1.2500000000000002,3.2499999999999996,7.000000000000001,856060,8.734392449127398,63.882889049832954,4.0,64.0,-64.0,64.0,1.0
------------------OXX----OOXOO----OOOO----O--O------------------ X;,1,50,3,11,-8,0,14,-64,0,3.875,0.12500000000000003,4.625,1.375,4.0,10.875,0.125,0.625,0.375,2.0,4.625,1.375,4.0,275332,10.856326180756323,63.65770778550986,4.0,64.0,-64.0,64.0,1.0
------------O------XOO-----XXO-----OOO----OOOO------------------ X;,1,50,3,11,-8,0,14,-64,0,4.375,0.6250000000000001,0.12500000000000003,0.875,8.000000000000002,10.875,0.125,0.625,0.375,2.0,0.12500000000000003,0.875,8.000000000000002,123446,12.056526740437114,63.47173662978144,4.0,64.0,-64.0,64.0,1.0
------------------OXX----OOXOO---OOOOO-------O------------------ X;,1,50,3,11,-8,0,16,-64,0,2.9999999999999996,0.0,5.000000000000001,2.0000000000000004,4.0,10.0,0.0,1.0,1.0,2.0,5.000000000000001,2.0000000000000004,4.0,112621,18.289981442182185,63.35029878974614,4.0,64.0,-64.0,64.0,1.0
-----------O------OOX----OXXX-----OOO------OOO------------------ X;,1,50,4,10,-6,0,16,-64,0,2.0000000000000004,2.0000000000000004,0.5000000000000001,1.4999999999999998,8.000000000000002,10.0,0.0,0.5,1.5,2.0,0.5000000000000001,1.4999999999999998,8.000000000000002,82806,9.751322367944352,63.55532207811028,4.0,64.0,-64.0,64.0,1.0
-----------O-----OOOX-----OXX-----XOO------OOO------------------ X;,1,50,4,10,-6,0,16,-64,0,1.7500000000000002,0.25,0.7499999999999999,3.2499999999999996,8.000000000000002,9.75,0.25,0.75,1.25,2.0,0.7499999999999999,3.2499999999999996,8.000000000000002,548343,6.785665176723328,63.89197272510089,4.0,64.0,-64.0,64.0,1.0
-----------O------OOO-----XXXO----XOO------OOO------------------ X;,1,50,4,10,-6,0,18,-64,0,2.25,0.25,3.2499999999999996,1.2500000000000002,7.000000000000001,11.25,0.25,0.25,1.25,1.0,3.2499999999999996,1.2500000000000002,7.000000000000001,331350,6.884074241738343,63.88173834314169,4.0,64.0,-64.0,64.0,1.0
------------O------XOO-----XXO-----OOOO---OOO------------------- X;,1,50,3,11,-8,0,22,-64,0,3.5,1.0,0.0,1.4999999999999998,8.000000000000002,10.0,0.5,0.5,1.0,2.0,0.0,1.4999999999999998,8.000000000000002,168918,12.484092873465231,63.56555251660569,4.0,64.0,-64.0,64.0,1.0
------------------XOOO----XXOX----OOO----OO-O------------------- X;,1,50,4,10,-6,1,10,-64,0,1.875,0.6250000000000001,2.125,3.375,5.999999999999999,10.875,0.625,0.125,0.375,2.0,2.125,3.375,5.999999999999999,2011855,6.112684065203506,63.951925958878746,4.0,64.0,-64.0,64.0,1.0
------------------OOOX----XXXO-----XOOO------OO----------------- X;,1,50,5,9,-4,0,12,-64,0,2.625,0.37499999999999994,0.37499999999999994,3.6250000000000004,7.000000000000001,9.625,0.375,0.375,0.625,3.0,0.37499999999999994,3.6250000000000004,7.000000000000001,724080,7.281930173461496,63.88809523809524,4.0,64.0,-64.0,64.0,1.0
------------------OOOX----OXXX---O-XOO-------OO----------------- X;,1,50,5,9,-4,0,14,-64,0,2.625,1.375,0.37499999999999994,4.625,5.000000000000001,9.625,0.375,0.375,0.625,3.0,0.37499999999999994,4.625,5.000000000000001,730278,6.879243247092203,63.90174700593472,4.0,64.0,-64.0,64.0,1.0
------------------OX------OXX-----OXO----OOOOO-------O---------- X;,1,50,4,10,-6,0,16,-64,0,4.875000000000001,0.6250000000000001,0.12500000000000003,1.375,7.000000000000001,9.875,0.625,0.125,0.375,3.0,0.12500000000000003,1.375,7.000000000000001,563333,6.429923331315581,63.90763189800704,4.0,64.0,-64.0,64.0,1.0
-------------O----XXOO----OXO-----OOO-----OOO------------------- X;,1,50,3,11,-8,0,18,-64,0,3.375,0.6250000000000001,0.12500000000000003,3.875,5.999999999999999,10.875,0.125,0.625,0.375,2.0,0.12500000000000003,3.875,5.999999999999999,306564,8.867492595347137,63.72435771975835,4.0,64.0,-64.0,64.0,1.0
------------------OX------OXX-----OXO-----OOOO----O--O---------- X;,1,50,4,10,-6,0,18,-64,0,4.875000000000001,0.12500000000000003,0.6250000000000001,1.375,7.000000000000001,9.875,0.125,0.625,0.375,3.0,0.6250000000000001,1.375,7.000000000000001,422022,7.123093108890058,63.84947704148125,4.0,64.0,-64.0,64.0,1.0
------------------OOOOO---XOXX-----XOO-------OO----------------- X;,1,50,4,10,-6,0,10,-64,0,2.875,0.12500000000000003,1.6249999999999998,4.375,5.000000000000001,9.875,0.125,0.625,0.375,3.0,1.6249999999999998,4.375,5.000000000000001,559416,7.288347133439158,63.85955353440016,4.0,64.0,-64.0,64.0,1.0
-----------------OOOOO----XOXX----OXO----O---O------------------ X;,1,50,4,10,-6,0,12,-64,0,2.875,0.12500000000000003,1.6249999999999998,4.375,5.000000000000001,9.875,0.125,0.625,0.375,3.0,1.6249999999999998,4.375,5.000000000000001,766139,7.4810341204402855,63.91359792413648,4.0,64.0,-64.0,64.0,1.0
------------------OOOOO---XXOX-----XOO------O-O----------------- X;,1,50,4,10,-6,0,12,-64,0,2.0000000000000004,0.0,2.5000000000000004,0.5000000000000001,9.0,10.0,0.0,0.5,0.5,3.0,2.5000000000000004,0.5000000000000001,9.0,2025536,6.425719414515466,63.935887587285535,4.0,64.0,-64.0,64.0,1.0
----------O--O----OXO-----OXX-----OXX-----OO--------O----------- X;,1,50,5,9,-4,1,16,-64,0,6.75,1.2500000000000002,0.7499999999999999,1.2500000000000002,4.0,8.75,0.25,0.75,0.25,4.0,0.7499999999999999,1.2500000000000002,4.0,349538,7.6936699300219145,63.85482551253369,4.0,64.0,-64.0,64.0,1.0
------------------OOOOO---XOXO-----OOO-----O--O----------------- X;,1,50,2,12,-10,0,20,-64,0,4.499999999999999,0.0,1.0,1.4999999999999998,7.000000000000001,10.0,0.5,0.5,0.0,3.0,1.0,1.4999999999999998,7.000000000000001,401206,6.742187305274597,63.90538027846044,4.0,64.0,-64.0,64.0,1.0
----------O--O----OXO-----OXO-----OOO-----OOO------------------- X;,1,50,2,12,-10,0,22,-64,0,4.499999999999999,0.5000000000000001,0.5000000000000001,1.4999999999999998,7.000000000000001,10.0,0.0,1.0,0.0,3.0,0.5000000000000001,1.4999999999999998,7.000000000000001,28075,12.644986642920747,63.07846838824577,4.0,64.0,-64.0,64.0,1.0
------------XO----XXXO----OXO-----OOOO----O--------------------- X;,1,50,5,9,-4,0,14,-64,0,1.6249999999999998,0.37499999999999994,3.375,3.6250000000000004,5.000000000000001,9.625,0.375,0.375,0.625,3.0,3.375,3.6250000000000004,5.000000000000001,397591,10.542949915868316,63.705335382340145,4.0,64.0,-64.0,64.0,1.0
------------XO----XXX-----OOOO----OOOO----O--------------------- X;,1,50,4,10,-6,0,14,-64,0,4.750000000000001,0.25,4.750000000000001,1.2500000000000002,2.9999999999999996,9.75,0.25,0.75,0.25,3.0,4.750000000000001,1.2500000000000002,2.9999999999999996,675942,7.423252290877028,63.89606504700107,4.0,64.0,-64.0,64.0,1.0
-----O------OO----XOX-----OXX-----OOOO----O--------------------- X;,1,50,4,10,-6,0,16,-64,0,1.4999999999999998,0.5000000000000001,1.4999999999999998,2.5000000000000004,8.000000000000002,8.5,0.5,0.5,0.5,4.0,1.4999999999999998,2.5000000000000004,8.000000000000002,66886,10.34963968543492,63.58726788864635,4.0,64.0,-64.0,64.0,1.0
----------O-XO----OOX-----OXO-----OOOO----O--------------------- X;,1,50,3,11,-8,0,18,-64,0,3.7500000000000004,0.25,1.7500000000000002,2.25,5.999999999999999,8.75,0.25,0.75,0.25,4.0,1.7500000000000002,2.25,5.999999999999999,168573,8.323646135502127,63.7200975245146,4.0,64.0,-64.0,64.0,1.0
----O-------OO----XXO-----OXO-----OOOO----O--------------------- X;,1,50,3,11,-8,0,20,-64,0,2.5000000000000004,1.4999999999999998,1.4999999999999998,2.5000000000000004,5.999999999999999,8.5,0.5,0.5,0.5,4.0,1.4999999999999998,2.5000000000000004,5.999999999999999,96958,12.969801357288723,63.67134223065657,4.0,64.0,-64.0,64.0,1.0
----------OOO------XOX-----XOO----OOOO-------O------------------ X;,1,50,3,11,-8,0,22,-64,0,2.75,0.25,1.7500000000000002,3.2499999999999996,5.999999999999999,8.75,0.25,0.75,0.25,4.0,1.7500000000000002,3.2499999999999996,5.999999999999999,16544,17.60336073500967,62.02804642166344,6.0,64.0,-64.0,64.0,1.0
----------OX--O----XXO-----XOO----OOOO-------O------------------ X;,1,50,4,10,-6,0,34,-64,0,2.625,0.37499999999999994,3.375,1.6249999999999998,5.999999999999999,8.625,0.375,0.375,0.625,4.0,3.375,1.6249999999999998,5.999999999999999,113418,23.80772011497293,63.02800260981502,12.0,64.0,-64.0,64.0,1.0
----------O--------OOOOO---XXXO----XOO-------O------------------ X;,1,50,4,10,-6,0,14,-64,0,3.2499999999999996,1.2500000000000002,0.7499999999999999,1.7500000000000002,7.000000000000001,7.75,0.75,0.25,0.25,5.0,0.7499999999999999,1.7500000000000002,7.000000000000001,230728,7.7579227488644635,63.80654276897472,4.0,64.0,-64.0,64.0,1.0
----------O--------OOOO----XXXO----XOO-O-----O------------------ X;,1,50,4,10,-6,0,14,-64,0,3.2499999999999996,1.2500000000000002,0.7499999999999999,1.7500000000000002,7.000000000000001,7.75,0.75,0.25,0.25,5.0,0.7499999999999999,1.7500000000000002,7.000000000000001,129369,11.639511784121389,63.53733892972814,4.0,64.0,-64.0,64.0,1.0
-------------O---OOOO----XXOX-----OOO-----O--O------------------ X;,1,50,3,11,-8,0,14,-64,0,4.375,1.1249999999999998,0.6250000000000001,1.875,5.999999999999999,8.875,0.625,0.125,0.375,4.0,0.6250000000000001,1.875,5.999999999999999,452951,9.483802883755638,63.716097326200845,4.0,64.0,-64.0,64.0,1.0
----------O--------OOOO----XXOO----XOOO------O------------------ X;,1,50,3,11,-8,0,16,-64,0,5.000000000000001,0.5000000000000001,0.5000000000000001,1.0,7.000000000000001,8.0,0.5,0.5,0.0,5.0,0.5000000000000001,1.0,7.000000000000001,291842,7.692299257817586,63.81753825700208,4.0,64.0,-64.0,64.0,1.0
------------XO----OOXO-----OXO-----XOO-------OO----------------- X;,1,50,4,10,-6,0,16,-64,0,3.375,1.1249999999999998,0.6250000000000001,4.875000000000001,4.0,8.875,0.625,0.125,0.375,4.0,0.6250000000000001,4.875000000000001,4.0,499524,7.4935058175382965,63.84301454985146,4.0,64.0,-64.0,64.0,1.0
----------OX------OXOO----OXO-----OOO----O--O------------------- X;,1,50,3,11,-8,0,20,-64,0,3.7500000000000004,0.7499999999999999,0.25,1.2500000000000002,8.000000000000002,8.75,0.75,0.25,0.25,4.0,0.25,1.2500000000000002,8.000000000000002,114000,13.661456140350877,63.28159649122807,4.0,64.0,-64.0,64.0,1.0
----------OX------OXOO----OXO-----OOOO---O---------------------- X;,1,50,3,11,-8,0,20,-64,0,3.7500000000000004,1.7500000000000002,1.2500000000000002,1.2500000000000002,5.999999999999999,8.75,0.75,0.25,0.25,4.0,1.2500000000000002,1.2500000000000002,5.999999999999999,169712,9.27365183369473,63.61175403035731,4.0,64.0,-64.0,64.0,1.0
------------------OOOX----XXXO----OOOOO-------O----------------- X;,1,50,4,10,-6,0,16,-64,0,2.25,0.7499999999999999,0.25,1.7500000000000002,9.0,9.75,0.25,0.75,0.25,3.0,0.25,1.7500000000000002,9.0,333370,7.602213756486787,63.82476527581966,4.0,64.0,-64.0,64.0,1.0
------------------XOOO----XXXO----OOOOO--O---------------------- X;,1,50,4,10,-6,0,20,-64,0,2.25,0.7499999999999999,0.25,1.7500000000000002,9.0,9.75,0.25,0.75,0.25,3.0,0.25,1.7500000000000002,9.0,113644,9.803262820738446,63.51773960789835,4.0,64.0,-64.0,64.0,1.0
------------------XOOOO---XXXO----OOOO---O---------------------- X;,1,50,4,10,-6,0,20,-64,0,2.5000000000000004,1.0,0.5000000000000001,2.0000000000000004,8.000000000000002,10.0,0.5,1.0,0.5,2.0,0.5000000000000001,2.0000000000000004,8.000000000000002,391745,8.260695095023548,63.77787080881696,4.0,64.0,-64.0,64.0,1.0
------------------OOOOO---XXXO----OOOO--------O----------------- X;,1,50,3,11,-8,0,20,-64,0,3.5,0.5000000000000001,0.5000000000000001,0.5000000000000001,9.0,10.0,0.0,1.0,0.0,3.0,0.5000000000000001,0.5000000000000001,9.0,113950,13.680157964019307,63.501588415971916,4.0,64.0,-64.0,64.0,1.0
-------------O----OOOO----XXXO----OOOO--------O----------------- X;,1,50,3,11,-8,0,20,-64,0,3.5,1.0,0.0,0.5000000000000001,9.0,10.0,0.5,0.5,0.0,3.0,0.0,0.5000000000000001,9.0,308579,7.698631468764887,63.84083816461911,4.0,64.0,-64.0,64.0,1.0
--------------O---OOOO----XXOX----OOOO--------O----------------- X;,1,50,3,11,-8,0,32,-64,0,2.875,0.12500000000000003,0.6250000000000001,1.375,9.0,9.875,0.125,0.625,0.375,3.0,0.6250000000000001,1.375,9.0,380561,16.064578346178404,63.656806661744106,4.0,64.0,-64.0,64.0,1.0
----O-------OO-----XOX----OOOO-----XOO-------O------------------ X;,1,50,3,11,-8,8,4,-64,0,2.5000000000000004,1.4999999999999998,1.4999999999999998,2.5000000000000004,5.999999999999999,8.5,0.5,0.5,0.5,4.0,1.4999999999999998,2.5000000000000004,5.999999999999999,326294,10.402017812157135,63.761068239072735,4.0,64.0,-64.0,64.0,1.0
----------OX------XXX-----OXOO----OOO-----OO-------------------- X;,1,50,5,9,-4,1,10,-64,0,1.7500000000000002,0.25,2.25,2.75,7.000000000000001,9.75,0.25,0.25,0.75,3.0,2.25,2.75,7.000000000000001,169831,14.826939722429945,63.310279042106565,4.0,64.0,-64.0,64.0,1.0
----------OX------XXX-----OXOO----OOOO----O--------------------- X;,1,50,5,9,-4,0,12,-64,0,1.7500000000000002,0.25,4.750000000000001,2.25,5.000000000000001,9.75,0.25,0.75,0.25,3.0,4.750000000000001,2.25,5.000000000000001,53493,17.01994653506066,63.40332379937562,4.0,64.0,-64.0,64.0,1.0
----------O-XO-----OXX----OOOO-----XOO-------O------------------ X;,1,50,4,10,-6,0,12,-64,0,2.75,0.25,1.7500000000000002,3.2499999999999996,5.999999999999999,8.75,0.25,0.75,0.25,4.0,1.7500000000000002,3.2499999999999996,5.999999999999999,224615,18.015279478218286,63.5856376466398,4.0,64.0,-64.0,64.0,1.0
----------OX------XXX-----OXOO----OOO-----O-O------------------- X;,1,50,5,9,-4,0,14,-64,0,1.7500000000000002,0.7499999999999999,2.25,2.25,7.000000000000001,9.75,0.75,0.25,0.25,3.0,2.25,2.25,7.000000000000001,58577,20.224968844426993,63.288765215016134,6.0,64.0,-64.0,64.0,1.0
-----O------OO-----OXX----OOXO-----XOO-------O------------------ X;,1,50,4,10,-6,0,16,-64,0,1.4999999999999998,0.5000000000000001,1.4999999999999998,6.499999999999999,4.0,8.5,0.5,0.5,0.5,4.0,1.4999999999999998,6.499999999999999,4.0,186008,11.598114059610339,63.76816050922541,4.0,64.0,-64.0,64.0,1.0
------------------OOOXO----OXOO----XOOO-----O------------------- X;,1,50,3,11,-8,0,24,-64,0,3.7500000000000004,0.25,0.7499999999999999,5.25,4.0,8.75,0.25,0.75,0.25,4.0,0.7499999999999999,5.25,4.0,82703,14.01644438533064,62.96426973628526,4.0,64.0,-64.0,64.0,1.0
------------XO----OOOO----XXXO-----XOO-------O------------------ X;,1,50,5,9,-4,6,6,-64,0,4.625,0.37499999999999994,0.37499999999999994,1.6249999999999998,7.000000000000001,9.625,0.375,0.375,0.625,3.0,0.37499999999999994,1.6249999999999998,7.000000000000001,627535,7.723731744046149,63.84278805166246,4.0,64.0,-64.0,64.0,1.0
------------------OX------XXX---OOOOO----O-OOO------------------ X;,1,50,4,10,-6,1,8,-64,0,1.4999999999999998,0.5000000000000001,0.5000000000000001,2.5000000000000004,9.0,8.5,0.5,0.5,1.5,3.0,0.5000000000000001,2.5000000000000004,9.0,828856,6.128454158502804,63.973061665717566,4.0,64.0,-64.0,64.0,1.0
-----------O------OO------XOX----XXOO----O-OOO------------------ X;,1,50,4,10,-6,0,12,-64,0,2.25,0.25,3.7500000000000004,2.75,5.000000000000001,8.75,0.75,0.25,1.25,3.0,3.7500000000000004,2.75,5.000000000000001,1146205,7.782836403610174,63.83941267050833,4.0,64.0,-64.0,64.0,1.0
-----------------OOX------OXX----XXOO----O-OOO------------------ X;,1,50,5,9,-4,0,12,-64,0,1.7500000000000002,1.2500000000000002,0.7499999999999999,1.2500000000000002,9.0,8.75,0.25,0.75,1.25,3.0,0.7499999999999999,1.2500000000000002,9.0,545375,8.201996791198717,63.81675727710291,4.0,64.0,-64.0,64.0,1.0
----------OX-------OXO----OXOO----OOOO----O--------------------- X;,1,50,3,11,-8,0,14,-64,0,4.25,0.7499999999999999,2.25,2.75,4.0,9.75,0.25,0.75,1.25,2.0,2.25,2.75,4.0,120118,9.494180722289748,63.58673970595581,4.0,64.0,-64.0,64.0,1.0
-----------OOO----OXO-----XXXO-----XOO-------O------------------ X;,1,50,5,9,-4,0,14,-64,0,2.75,0.25,0.7499999999999999,3.2499999999999996,7.000000000000001,8.75,0.25,0.75,1.25,3.0,0.7499999999999999,3.2499999999999996,7.000000000000001,345792,12.746194243938552,63.69457940033315,4.0,64.0,-64.0,64.0,1.0
--------------------------XXX---OXOOO---OO-OOO--O--------------- X;,1,50,4,10,-6,2,6,-64,0,1.375,1.1249999999999998,1.1249999999999998,1.375,9.0,6.875,0.625,0.625,0.875,5.0,1.1249999999999998,1.375,9.0,584490,9.53981419699225,63.92259576725008,4.0,64.0,-64.0,64.0,1.0
----OX------XO-----XO------XOO-----OOO----O--O------------------ X;,1,50,4,10,-6,0,12,-64,0,2.9999999999999996,1.0,1.0,2.0000000000000004,7.000000000000001,7.5,0.5,0.5,0.5,5.0,1.0,2.0000000000000004,7.000000000000001,12473,22.04585905556001,63.09789144552233,8.0,64.0,-64.0,64.0,1.0
----OX------XO-----XO-----OOOO-----XOO-------O------------------ X;,1,50,4,10,-6,0,12,-64,0,2.875,1.6249999999999998,1.6249999999999998,1.875,5.999999999999999,7.875,0.625,0.625,0.875,4.0,1.6249999999999998,1.875,5.999999999999999,45788,22.856119507294487,63.260898051891324,10.0,64.0,-64.0,64.0,1.0
----OX----O-XO-----OO------XOO-----XOO-------O------------------ X;,1,50,4,10,-6,0,14,-64,0,3.1250000000000004,0.37499999999999994,0.875,0.6250000000000001,9.0,7.125,0.375,0.875,0.625,5.0,0.875,0.6250000000000001,9.0,41279,23.031226531650475,63.146394050243465,10.0,64.0,-64.0,64.0,1.0
----OX-----OOO-----XO------XOO-----XOO-------O------------------ X;,1,50,4,10,-6,0,18,-64,0,1.6249999999999998,0.875,1.375,1.1249999999999998,9.0,7.125,0.375,0.875,0.625,5.0,1.375,1.1249999999999998,9.0,37805,25.65041661155932,62.67916942203412,14.0,64.0,-64.0,64.0,1.0
----OX------XO----OOO------OOO-----XOO-------O------------------ X;,1,50,3,11,-8,0,40,-64,0,4.499999999999999,0.5000000000000001,0.5000000000000001,2.5000000000000004,5.999999999999999,7.5,0.5,0.5,1.5,4.0,0.5000000000000001,2.5000000000000004,5.999999999999999,1503,33.712574850299404,61.65003326679973,28.0,64.0,-64.0,64.0,1.0
----OX------XO-----XO------OOO----OOOO-------O------------------ X;,1,50,3,11,-8,0,62,-64,0,5.875000000000001,0.6250000000000001,1.6249999999999998,1.875,4.0,7.875,0.625,0.625,0.875,4.0,1.6249999999999998,1.875,4.0,33,25.151515151515152,34.78787878787879,64.0,64.0,-64.0,64.0,1.0
----------O-XO----XXX------XOO-----OOO----O--O------------------ X;,1,50,5,9,-4,0,10,-64,0,1.875,0.12500000000000003,2.625,1.375,8.000000000000002,8.875,0.125,0.625,0.375,4.0,2.625,1.375,8.000000000000002,642907,8.007742955046375,63.87885339559221,4.0,64.0,-64.0,64.0,1.0
-----------------OOO------XOX----XXOO----O-OOO------------------ X;,1,50,4,10,-6,0,12,-64,0,2.75,0.25,3.7500000000000004,2.25,5.000000000000001,8.75,0.25,0.75,1.25,3.0,3.7500000000000004,2.25,5.000000000000001,581188,9.367784606702134,63.72709347061536,4.0,64.0,-64.0,64.0,1.0
-----------------OX-------XXX---OOOOO----O-OOO------------------ X;,1,50,4,10,-6,0,12,-64,0,1.2500000000000002,0.7499999999999999,1.2500000000000002,0.7499999999999999,10.000000000000002,7.75,0.25,0.75,1.25,4.0,1.2500000000000002,0.7499999999999999,10.000000000000002,134313,14.613864629633765,63.33784518252143,4.0,64.0,-64.0,64.0,1.0
----------O-XO----XXO------OOO----OOOO-------O------------------ X;,1,50,3,11,-8,0,16,-64,0,5.749999999999999,0.25,1.7500000000000002,1.2500000000000002,5.000000000000001,8.75,0.25,0.75,1.25,3.0,1.7500000000000002,1.2500000000000002,5.000000000000001,182701,10.480500927745332,63.69056545941183,4.0,64.0,-64.0,64.0,1.0
-----------------OX------OXXX----OOOO----O-OOO------------------ X;,1,50,4,10,-6,0,20,-64,0,1.4999999999999998,0.5000000000000001,1.4999999999999998,0.5000000000000001,10.000000000000002,8.0,0.0,1.0,1.0,4.0,1.4999999999999998,0.5000000000000001,10.000000000000002,50169,16.89417767944348,62.252984911000816,6.0,64.0,-64.0,64.0,1.0
---------O-------OO-------XOX----XXOO----O-OOO------------------ X;,1,50,4,10,-6,0,34,-64,0,2.875,0.12500000000000003,2.625,2.3749999999999996,5.999999999999999,7.875,0.125,0.625,1.375,4.0,2.625,2.3749999999999996,5.999999999999999,93208,17.676658655909364,63.245944554115525,8.0,64.0,-64.0,64.0,1.0
---O------OO------XOX-----OOO-----OOOO----O--------------------- X;,1,50,2,12,-10,0,14,-64,0,5.5,0.5000000000000001,1.4999999999999998,2.5000000000000004,4.0,8.5,0.5,0.5,0.5,4.0,1.4999999999999998,2.5000000000000004,4.0,120125,9.972811654526534,63.78209365244537,4.0,64.0,-64.0,64.0,1.0
----------OX-O----XXO-----OOO-----OOOO----O--------------------- X;,1,50,3,11,-8,0,16,-64,0,5.749999999999999,1.2500000000000002,1.7500000000000002,1.2500000000000002,4.0,8.75,0.25,0.75,0.25,4.0,1.7500000000000002,1.2500000000000002,4.0,181235,10.521863878389937,63.6883162744503,4.0,64.0,-64.0,64.0,1.0
----------OOO-----XOO-----OXO-----OOOO----O--------------------- X;,1,50,2,12,-10,0,38,-64,0,4.750000000000001,0.25,0.7499999999999999,2.25,5.999999999999999,8.75,0.25,0.75,0.25,4.0,0.7499999999999999,2.25,5.999999999999999,6472,30.491347342398022,60.156983930778736,20.0,64.0,-64.0,64.0,1.0
---------OOX------OXX-----OOO-----OOOO----O--------------------- X;,1,50,3,11,-8,0,42,-64,0,5.625,0.37499999999999994,3.375,0.6250000000000001,4.0,8.625,0.375,0.375,0.625,4.0,3.375,0.6250000000000001,4.0,13072,31.83812729498164,60.41080171358629,22.0,64.0,-64.0,64.0,1.0
-----------OOO----OXXX-----OXO-----XOO-------O------------------ X;,1,50,5,9,-4,0,16,-64,0,0.875,0.12500000000000003,2.625,6.374999999999999,4.0,8.875,0.125,0.625,0.375,4.0,2.625,6.374999999999999,4.0,39785,16.11657659922081,63.11609903229861,4.0,64.0,-64.0,64.0,1.0
-----------OOO-----XXO-----XXOO----XOO-------O------------------ X;,1,50,5,9,-4,0,16,-64,0,3.2499999999999996,0.25,2.25,1.2500000000000002,7.000000000000001,8.25,0.25,0.25,0.25,5.0,2.25,1.2500000000000002,7.000000000000001,55776,14.899526678141136,63.34860872059667,4.0,64.0,-64.0,64.0,1.0
----------OOOO-----OXX-----XOO-----XOO-------O------------------ X;,1,50,4,10,-6,0,16,-64,0,1.4999999999999998,0.5000000000000001,1.4999999999999998,1.4999999999999998,9.0,8.0,0.0,1.0,0.0,5.0,1.4999999999999998,1.4999999999999998,9.0,210224,12.52889299033412,63.48056358931426,4.0,64.0,-64.0,64.0,1.0
-----------OOO-----OXX----OOOO-----XOO-------O------------------ X;,1,50,3,11,-8,0,20,-64,0,2.75,0.25,1.7500000000000002,3.2499999999999996,5.999999999999999,8.75,0.25,0.75,0.25,4.0,1.7500000000000002,3.2499999999999996,5.999999999999999,190406,14.004663718580296,63.29550539373759,4.0,64.0,-64.0,64.0,1.0
----------OOO-----XOX-----OXO-----OOOO----O--------------------- X;,1,50,3,11,-8,0,54,-64,0,2.75,0.25,1.7500000000000002,3.2499999999999996,5.999999999999999,8.75,0.25,0.75,0.25,4.0,1.7500000000000002,3.2499999999999996,5.999999999999999,800,33.225,56.4525,64.0,64.0,-64.0,64.0,1.0
----------OOO-----XXO-----OXO-----OOO-----O-O------------------- X;,1,50,3,11,-8,0,62,-64,0,2.75,0.25,0.7499999999999999,2.25,8.000000000000002,8.75,0.25,0.75,0.25,4.0,0.7499999999999999,2.25,8.000000000000002,88,-2.590909090909091,9.545454545454545,4.0,64.0,-64.0,64.0,1.0
----X------OXO----OXX------OXO-----XOO-------O------------------ X;,1,50,6,8,-2,1,10,-64,0,1.2500000000000002,0.7499999999999999,2.25,5.749999999999999,4.0,7.75,0.25,0.75,1.25,4.0,2.25,5.749999999999999,4.0,51704,15.430372891845892,63.58281757697664,4.0,64.0,-64.0,64.0,1.0
-----------------O-------OOXX---XXXOO----O-OOO------------------ X;,1,50,5,9,-4,0,10,-64,0,1.375,1.1249999999999998,1.1249999999999998,1.375,9.0,7.375,0.125,1.125,0.375,5.0,1.1249999999999998,1.375,9.0,45494,12.26799138347914,63.20908251637579,4.0,64.0,-64.0,64.0,1.0
---X------OXO------XO-----OXO-----OOO-----O-O------------------- X;,1,50,4,10,-6,1,12,-64,0,2.625,0.875,0.37499999999999994,2.125,8.000000000000002,8.125,0.375,0.875,0.625,4.0,0.37499999999999994,2.125,8.000000000000002,31194,21.11521446432006,63.37930371225236,6.0,64.0,-64.0,64.0,1.0
-------------------O-----OXOX---XXXOO----O-OOO------------------ X;,1,50,5,9,-4,3,16,-64,0,1.6249999999999998,0.875,3.375,2.125,5.999999999999999,8.125,0.375,0.875,0.625,4.0,3.375,2.125,5.999999999999999,28224,18.978316326530614,62.72895408163265,4.0,64.0,-64.0,64.0,1.0
---X------OXO------OX-----OXO-----OOOO----O--------------------- X;,1,50,4,10,-6,1,54,-64,0,2.625,0.875,1.375,3.1250000000000004,5.999999999999999,8.125,0.375,0.875,0.625,4.0,1.375,3.1250000000000004,5.999999999999999,800,33.225,56.4525,64.0,64.0,-64.0,64.0,1.0
---X------OXO-----OX------OXO-----OOO-----O-O------------------- X;,1,50,4,10,-6,0,12,-64,0,2.75,0.7499999999999999,0.7499999999999999,1.7500000000000002,8.000000000000002,7.75,0.75,0.75,0.75,4.0,0.7499999999999999,1.7500000000000002,8.000000000000002,85014,20.172583339214718,63.50347001670313,6.0,64.0,-64.0,64.0,1.0
----------O------OXOX---XXXXO----O-OOO-------------------------- X;,1,50,6,8,-2,2,16,-64,0,1.875,1.1249999999999998,0.12500000000000003,2.875,8.000000000000002,7.375,0.625,0.625,1.375,4.0,0.12500000000000003,2.875,8.000000000000002,14452,29.597702740105177,62.26916689731525,16.0,64.0,-64.0,64.0,1.0
-----------O-----OXOX---XXXOO----O-OOO-------------------------- X;,1,50,5,9,-4,4,20,-64,0,4.625,1.875,0.37499999999999994,1.1249999999999998,5.999999999999999,7.625,0.875,0.375,1.125,4.0,0.37499999999999994,1.1249999999999998,5.999999999999999,7008,35.20804794520548,61.30821917808219,36.0,64.0,-64.0,64.0,1.0
---------O-------OOXX---XXXOO----O-OOO-------------------------- X;,1,50,5,9,-4,0,40,-64,0,5.25,0.7499999999999999,0.7499999999999999,1.2500000000000002,5.999999999999999,7.25,0.75,0.75,1.25,4.0,0.7499999999999999,1.2500000000000002,5.999999999999999,4286,40.87167522165189,51.939804013065796,64.0,64.0,-64.0,64.0,1.0
---X------OXO-----XO------OXO----OOOO-------O------------------- X;,1,50,4,10,-6,2,46,-64,0,3.6250000000000004,0.875,0.37499999999999994,3.1250000000000004,5.999999999999999,7.625,0.875,0.375,1.125,4.0,0.37499999999999994,3.1250000000000004,5.999999999999999,727,11.909215955983495,31.061898211829437,20.0,64.0,-64.0,64.0,1.0
-----------OO----OXOO----XXXOX-----OOO-------------------------- X;,1,50,5,9,-4,0,12,-64,0,1.6249999999999998,0.37499999999999994,2.3749999999999996,1.6249999999999998,8.000000000000002,8.625,0.375,0.375,0.625,4.0,2.3749999999999996,1.6249999999999998,8.000000000000002,275920,21.11377935633517,63.4449115685706,10.0,64.0,-64.0,64.0,1.0
----------OX------XX-----OOXO-----OOO-----OOO------------------- X;,1,50,4,10,-6,0,12,-64,0,2.25,0.7499999999999999,0.7499999999999999,2.25,8.000000000000002,8.75,0.25,0.25,0.75,4.0,0.7499999999999999,2.25,8.000000000000002,273138,15.338349112902636,63.57036369893607,4.0,64.0,-64.0,64.0,1.0
-----------O-----OXOX-O--XXXXO-----OOO-------------------------- X;,1,50,6,8,-2,0,16,-64,0,0.875,1.6249999999999998,1.1249999999999998,0.37499999999999994,10.000000000000002,8.375,0.125,0.625,0.875,4.0,1.1249999999999998,0.37499999999999994,10.000000000000002,96707,24.728654595841046,62.9344928495352,12.0,64.0,-64.0,64.0,1.0
-----------O-----OXOO----XXXXO-----OOOO------------------------- X;,1,50,5,9,-4,0,16,-64,0,1.6249999999999998,0.37499999999999994,0.37499999999999994,0.6250000000000001,11.0,8.625,0.375,0.375,1.625,3.0,0.37499999999999994,0.6250000000000001,11.0,188627,20.568815705068733,63.561080863291046,8.0,64.0,-64.0,64.0,1.0
------------O------XOOO---XXXXO---OOO--O------------------------ X;,1,50,5,9,-4,0,16,-64,0,1.1249999999999998,0.37499999999999994,0.37499999999999994,2.125,10.000000000000002,8.125,0.375,0.375,1.125,4.0,0.37499999999999994,2.125,10.000000000000002,148146,17.7319806137189,63.41966708517273,4.0,64.0,-64.0,64.0,1.0
------------O------XOXO---XXXOO---OOO-O------------------------- X;,1,50,5,9,-4,0,18,-64,0,1.6249999999999998,0.37499999999999994,0.37499999999999994,3.6250000000000004,8.000000000000002,8.625,0.375,0.375,0.625,4.0,0.37499999999999994,3.6250000000000004,8.000000000000002,138717,18.286713236301246,63.0496190084849,6.0,64.0,-64.0,64.0,1.0
---------O-O-----OOOX----XXOXX-----OOO-------------------------- X;,1,50,5,9,-4,0,36,-64,0,1.7500000000000002,0.7499999999999999,0.7499999999999999,2.75,8.000000000000002,8.25,0.25,0.25,1.25,4.0,0.7499999999999999,2.75,8.000000000000002,118667,35.651360529886155,61.99083148642841,36.0,64.0,-64.0,64.0,1.0
----------OOX----OXOX----XXOO------OOO-------------------------- X;,1,50,5,9,-4,0,14,-64,0,4.875000000000001,1.6249999999999998,0.12500000000000003,1.375,5.999999999999999,7.875,0.625,0.125,1.375,4.0,0.12500000000000003,1.375,5.999999999999999,392467,18.328491312645394,63.496431547110966,6.0,64.0,-64.0,64.0,1.0
----------O-X----OOOOO---XXXO------OOO-------------------------- X;,1,50,4,10,-6,0,14,-64,0,3.5,0.5000000000000001,0.5000000000000001,1.4999999999999998,8.000000000000002,8.0,1.0,0.0,1.0,4.0,0.5000000000000001,1.4999999999999998,8.000000000000002,168271,23.91084619453144,63.001824437960195,12.0,64.0,-64.0,64.0,1.0
----------O-X----OOXX----XOXO-----OOOO-------------------------- X;,1,50,5,9,-4,0,16,-64,0,2.3749999999999996,0.6250000000000001,3.1250000000000004,1.875,5.999999999999999,8.375,0.625,0.125,0.875,4.0,3.1250000000000004,1.875,5.999999999999999,89645,23.556316582073734,62.65496123598639,12.0,64.0,-64.0,64.0,1.0
----------O-X----OXXX----OXXO----O-OOO-------------------------- X;,1,50,6,8,-2,0,16,-64,0,2.3749999999999996,0.12500000000000003,1.6249999999999998,1.875,8.000000000000002,7.875,0.625,0.125,1.375,4.0,1.6249999999999998,1.875,8.000000000000002,30790,25.90282559272491,62.73049691458266,12.0,64.0,-64.0,64.0,1.0
----------O-X----OXXX---OOOOO------OOO-------------------------- X;,1,50,4,10,-6,0,16,-64,0,4.875000000000001,0.6250000000000001,2.625,1.875,4.0,7.375,1.125,0.125,1.375,4.0,2.625,1.875,4.0,187716,16.809286368769843,63.5950371838309,4.0,64.0,-64.0,64.0,1.0
----------OX-----OXX------XXO---OOOOO-------O------------------- X;,1,50,5,9,-4,0,18,-64,0,1.875,0.6250000000000001,0.6250000000000001,2.875,8.000000000000002,7.375,1.125,0.125,1.375,4.0,0.6250000000000001,2.875,8.000000000000002,58408,28.202609231612108,63.429872620189016,16.0,64.0,-64.0,64.0,1.0
---------OO-X----OOXX----XXOO------OOO-------------------------- X;,1,50,5,9,-4,0,32,-64,0,5.999999999999999,0.5000000000000001,0.5000000000000001,1.0,5.999999999999999,7.5,1.0,0.0,1.5,4.0,0.5000000000000001,1.0,5.999999999999999,183302,24.90754056147778,63.22621684433339,10.0,64.0,-64.0,64.0,1.0
----------OX-----XXXO-----OOO-----OOO-----O-O------------------- X;,1,50,4,10,-6,1,14,-64,0,5.25,0.7499999999999999,0.7499999999999999,1.2500000000000002,5.999999999999999,8.75,0.25,0.25,0.75,4.0,0.7499999999999999,1.2500000000000002,5.999999999999999,527630,16.366775960426814,63.70639273733487,4.0,64.0,-64.0,64.0,1.0
----------X------OXOOO--OOOOO------OOO-------------------------- X;,1,50,2,12,-10,0,14,-64,0,6.25,1.2500000000000002,0.7499999999999999,1.7500000000000002,4.0,7.75,0.75,0.25,1.25,4.0,0.7499999999999999,1.7500000000000002,4.0,68963,12.560967475312848,63.6527703261169,4.0,64.0,-64.0,64.0,1.0
----------OX-----OXX----O-OXO-----OOO-----O-O------------------- X;,1,50,4,10,-6,0,20,-64,0,2.25,0.25,0.7499999999999999,2.75,8.000000000000002,7.75,0.75,0.25,1.25,4.0,0.7499999999999999,2.75,8.000000000000002,11784,21.728615071283095,61.23862864901562,8.0,64.0,-64.0,64.0,1.0
--------O-OX-----OXX------OXO-----OOO-----O-O------------------- X;,1,50,4,10,-6,0,26,-64,0,2.25,0.25,0.7499999999999999,2.75,8.000000000000002,7.75,0.75,0.25,1.25,4.0,0.7499999999999999,2.75,8.000000000000002,14374,20.082649227772368,61.43411715597607,6.0,64.0,-64.0,64.0,1.0
----------X------OXOOO---OOXO----O-OOO-------------------------- X;,1,50,3,11,-8,0,28,-64,0,3.5,1.0,1.0,2.5000000000000004,5.999999999999999,8.0,0.5,0.5,1.0,4.0,1.0,2.5000000000000004,5.999999999999999,9253,24.70571706473576,58.40808386469253,14.0,64.0,-64.0,64.0,1.0
---------OOX-----XOX------OOO-----OOO-----O-O------------------- X;,1,50,3,11,-8,0,48,-64,0,5.875000000000001,0.6250000000000001,1.1249999999999998,0.37499999999999994,5.999999999999999,7.875,0.625,0.125,1.375,4.0,1.1249999999999998,0.37499999999999994,5.999999999999999,3093,42.23149046233431,57.834464920788875,64.0,64.0,-64.0,64.0,1.0
-----------OO----OXOXX---XXOO------OOO-------------------------- X;,1,50,5,9,-4,2,16,-64,0,5.25,0.7499999999999999,1.2500000000000002,0.7499999999999999,5.999999999999999,8.25,0.75,0.25,0.75,4.0,1.2500000000000002,0.7499999999999999,5.999999999999999,455395,14.111476849767785,63.704805718112844,4.0,64.0,-64.0,64.0,1.0
----------O-O----OXOXX---XXXO------OOO-------------------------- X;,1,50,6,8,-2,1,18,-64,0,2.5000000000000004,0.5000000000000001,0.5000000000000001,2.5000000000000004,8.000000000000002,8.0,1.0,0.0,1.0,4.0,0.5000000000000001,2.5000000000000004,8.000000000000002,107956,29.534829004409204,62.95915002408388,18.0,64.0,-64.0,64.0,1.0
------------O----OXXXO---XXXO-O----OOO-------------------------- X;,1,50,6,8,-2,0,18,-64,0,1.7500000000000002,0.25,0.7499999999999999,3.2499999999999996,8.000000000000002,8.25,0.75,0.25,0.75,4.0,0.7499999999999999,3.2499999999999996,8.000000000000002,126905,19.30311650447185,63.629329025649106,8.0,64.0,-64.0,64.0,1.0
-----------O------XXXXO----OOOOO--OOO--------------------------- X;,1,50,4,10,-6,0,22,-64,0,5.749999999999999,1.2500000000000002,2.25,0.7499999999999999,4.0,7.75,1.25,0.25,0.75,4.0,2.25,0.7499999999999999,4.0,187456,20.62654702970297,63.305362325025605,10.0,64.0,-64.0,64.0,1.0
----------OX------OX------OXO----OOOO-----O-O-----O------------- X;,1,50,3,11,-8,0,26,-64,0,2.9999999999999996,0.0,1.4999999999999998,1.4999999999999998,8.000000000000002,8.0,1.0,0.5,0.5,4.0,1.4999999999999998,1.4999999999999998,8.000000000000002,20750,30.580048192771084,62.39498795180723,22.0,64.0,-64.0,64.0,1.0
------------O----OXOXX---OOXO----O-OOO-------------------------- X;,1,50,4,10,-6,0,28,-64,0,3.7500000000000004,0.25,0.7499999999999999,3.2499999999999996,5.999999999999999,8.25,0.75,0.25,0.75,4.0,0.7499999999999999,3.2499999999999996,5.999999999999999,11506,26.835564053537286,62.98818007995828,16.0,64.0,-64.0,64.0,1.0
------------O-O--OXXXO---XXXO------OOO-------------------------- X;,1,50,6,8,-2,0,34,-64,0,1.875,0.12500000000000003,1.1249999999999998,2.875,8.000000000000002,7.875,1.125,0.125,0.875,4.0,1.1249999999999998,2.875,8.000000000000002,142362,26.31920034840758,63.4445989800649,16.0,64.0,-64.0,64.0,1.0
---------O--O----OOXXX---XXOO------OOO-------------------------- X;,1,50,5,9,-4,0,38,-64,0,4.875000000000001,0.12500000000000003,1.1249999999999998,1.875,5.999999999999999,7.875,1.125,0.125,0.875,4.0,1.1249999999999998,1.875,5.999999999999999,176782,29.98858481067077,63.0947268387053,18.0,64.0,-64.0,64.0,1.0
---O------OO------OXX----OOOO-----XOO-------O------------------- X;,1,50,3,11,-8,0,18,-64,0,5.125000000000001,0.37499999999999994,0.37499999999999994,2.125,5.999999999999999,8.125,0.375,0.375,1.125,4.0,0.37499999999999994,2.125,5.999999999999999,255937,14.210450227985794,63.53272875746766,4.0,64.0,-64.0,64.0,1.0
-----------------OXXX---OOXXO----OOOOO-------------------------- X;,1,50,5,9,-4,0,18,-64,0,2.125,0.37499999999999994,1.875,1.6249999999999998,8.000000000000002,8.125,0.375,0.875,0.625,4.0,1.875,1.6249999999999998,8.000000000000002,224804,11.113280902475045,63.59678653404744,4.0,64.0,-64.0,64.0,1.0
-----------------OXXX---OOXXO-----OOOO-----O-------------------- X;,1,50,5,9,-4,1,20,-64,0,1.6249999999999998,0.37499999999999994,0.875,2.125,9.0,9.125,0.875,0.375,0.625,3.0,0.875,2.125,9.0,276083,12.012452776882315,63.61883201790766,4.0,64.0,-64.0,64.0,1.0
---O------OO-----OXXX-----OXO-----XOO-------O------------------- X;,1,50,5,9,-4,0,20,-64,0,2.125,0.37499999999999994,0.37499999999999994,3.1250000000000004,8.000000000000002,8.125,0.375,0.375,1.125,4.0,0.37499999999999994,3.1250000000000004,8.000000000000002,108884,16.932717387311268,62.75263583262922,4.0,64.0,-64.0,64.0,1.0
---O------OO------OXX-----OXO-----OOO-----O-O------------------- X;,1,50,3,11,-8,0,20,-64,0,2.5000000000000004,0.5000000000000001,1.4999999999999998,1.4999999999999998,8.000000000000002,8.5,0.5,0.5,0.5,4.0,1.4999999999999998,1.4999999999999998,8.000000000000002,147872,10.150873728630167,63.63388606362259,4.0,64.0,-64.0,64.0,1.0
---O------OO------XXX-----XXO----OOOO-------O------------------- X;,1,50,5,9,-4,0,22,-64,0,2.125,1.875,0.37499999999999994,1.6249999999999998,8.000000000000002,8.125,0.875,0.375,0.625,4.0,0.37499999999999994,1.6249999999999998,8.000000000000002,187154,20.83492738600297,63.29966765337636,10.0,64.0,-64.0,64.0,1.0
---------O-------OOXX---OOXOO-----XOOO-------------------------- X;,1,50,4,10,-6,0,38,-64,0,5.999999999999999,0.5000000000000001,0.5000000000000001,1.0,5.999999999999999,8.0,0.5,0.5,1.0,4.0,0.5000000000000001,1.0,5.999999999999999,19081,35.65494470939678,58.89754205754415,62.0,64.0,-64.0,64.0,1.0
--X-------XOO-----XO------OXO----OOOO-------O------------------- X;,1,50,4,10,-6,0,18,-64,0,4.625,0.875,0.37499999999999994,2.125,5.999999999999999,7.625,0.875,0.375,1.125,4.0,0.37499999999999994,2.125,5.999999999999999,4775,29.104921465968587,63.031623036649215,16.0,64.0,-64.0,64.0,1.0
----------O-----XXXOX----OXXO----O-OOO-------------------------- X;,1,50,6,8,-2,0,20,-64,0,1.875,1.1249999999999998,1.1249999999999998,1.875,8.000000000000002,7.375,0.625,0.625,1.375,4.0,1.1249999999999998,1.875,8.000000000000002,28214,26.491103707379317,62.01233430211951,14.0,64.0,-64.0,64.0,1.0
-----------O----XXOOX----OXOO----O-OOO-------------------------- X;,1,50,4,10,-6,0,28,-64,0,5.625,0.875,0.37499999999999994,1.1249999999999998,5.999999999999999,7.625,0.875,0.375,1.125,4.0,0.37499999999999994,1.1249999999999998,5.999999999999999,8651,37.121257658074214,59.29511039186221,64.0,64.0,-64.0,64.0,1.0
---------O------XOOXX----OXOO----O-OOO-------------------------- X;,1,50,4,10,-6,0,42,-64,0,5.749999999999999,0.25,1.2500000000000002,0.7499999999999999,5.999999999999999,7.25,0.75,0.75,1.25,4.0,1.2500000000000002,0.7499999999999999,5.999999999999999,9937,37.59887289926537,58.95803562443393,64.0,64.0,-64.0,64.0,1.0
--------O-------XOXXX----OOXO----O-OOO-------------------------- X;,1,50,5,9,-4,0,52,-64,0,2.125,0.875,2.875,2.125,5.999999999999999,7.125,0.875,0.875,1.125,4.0,2.875,2.125,5.999999999999999,4152,38.85163776493256,54.89547206165703,64.0,64.0,-64.0,64.0,1.0
---------OX------OXXX----OXOO----O-OOO-------------------------- X;,1,50,5,9,-4,0,40,-64,0,5.5,0.5000000000000001,1.4999999999999998,0.5000000000000001,5.999999999999999,7.5,0.5,0.5,1.5,4.0,1.4999999999999998,0.5000000000000001,5.999999999999999,21912,29.63818912011683,60.48968601679445,18.0,64.0,-64.0,64.0,1.0
---------OX------OXXX---OOOOO------OOO-------------------------- X;,1,50,4,10,-6,0,42,-64,0,4.750000000000001,1.2500000000000002,2.75,1.2500000000000002,4.0,7.25,0.75,0.25,1.75,4.0,2.75,1.2500000000000002,4.0,11596,34.57761296998965,56.953432218006206,62.0,64.0,-64.0,64.0,1.0
---O-----OO------OXXX----XXOO------OOO-------------------------- X;,1,50,5,9,-4,0,44,-64,0,5.749999999999999,0.25,0.7499999999999999,1.2500000000000002,5.999999999999999,7.25,0.75,0.25,1.75,4.0,0.7499999999999999,1.2500000000000002,5.999999999999999,7533,38.71472189034913,53.65246249834063,64.0,64.0,-64.0,64.0,1.0
---------OOX-----XXX------XOO-----OOO----O--O------------------- X;,1,50,5,9,-4,0,56,-64,0,4.750000000000001,1.7500000000000002,0.25,1.2500000000000002,5.999999999999999,7.75,0.75,0.25,1.25,4.0,0.25,1.2500000000000002,5.999999999999999,684,36.409356725146196,42.42397660818713,64.0,64.0,-64.0,64.0,1.0
---------OOO-----OXOX----XXOO------OOO-------------------------- X;,1,50,4,10,-6,0,56,-64,0,5.000000000000001,1.0,0.5000000000000001,1.4999999999999998,5.999999999999999,7.5,0.5,0.0,2.0,4.0,0.5000000000000001,1.4999999999999998,5.999999999999999,5186,37.367527959892016,45.00154261473197,64.0,64.0,-64.0,64.0,1.0
-O-------OO------OXOX----XXOO------OOO-------------------------- X;,1,50,4,10,-6,0,60,-64,0,5.25,0.7499999999999999,0.25,1.7500000000000002,5.999999999999999,7.25,0.75,0.25,1.75,4.0,0.25,1.7500000000000002,5.999999999999999,962,21.55925155925156,33.66735966735967,64.0,64.0,-64.0,64.0,1.0
---------OOX-----XXX------XOO----OOOO-------O------------------- X;,1,50,5,9,-4,0,62,-64,0,4.499999999999999,1.0,1.0,1.4999999999999998,5.999999999999999,7.5,1.0,0.0,1.5,4.0,1.0,1.4999999999999998,5.999999999999999,653,35.068912710566615,39.08116385911179,64.0,64.0,-64.0,64.0,1.0
------------O-----OOOX---XXXOX----OOOO-------------------------- X;,1,50,5,9,-4,1,6,-64,0,1.4999999999999998,0.0,1.0,2.5000000000000004,9.0,10.0,0.5,0.5,0.0,3.0,1.0,2.5000000000000004,9.0,1246111,14.866181263145899,63.871629413431066,4.0,64.0,-64.0,64.0,1.0
------------O-----OOOX---XOXXX---OOOO--------------------------- X;,1,50,5,9,-4,0,6,-64,0,1.2500000000000002,0.25,0.25,2.25,10.000000000000002,9.25,0.25,0.25,0.25,4.0,0.25,2.25,10.000000000000002,913323,11.242487050035967,63.84826178690343,4.0,64.0,-64.0,64.0,1.0
------------O-----OOOO---XXXXXO---OOO--------------------------- X;,1,50,5,9,-4,0,6,-64,0,1.2500000000000002,0.25,1.2500000000000002,1.2500000000000002,10.000000000000002,9.25,0.25,0.25,0.25,4.0,1.2500000000000002,1.2500000000000002,10.000000000000002,2209142,12.83073247441767,63.91286662423692,4.0,64.0,-64.0,64.0,1.0
-----------O------XOOO-O--XXXXO----OOO-------------------------- X;,1,50,5,9,-4,0,8,-64,0,0.7499999999999999,0.7499999999999999,1.2500000000000002,1.2500000000000002,10.000000000000002,8.75,0.75,0.25,0.25,4.0,1.2500000000000002,1.2500000000000002,10.000000000000002,449670,12.893944448150867,63.80308226032424,4.0,64.0,-64.0,64.0,1.0
------------O----OOOOX---XOXXX----OOO--------------------------- X;,1,50,5,9,-4,0,8,-64,0,1.2500000000000002,0.25,0.7499999999999999,1.7500000000000002,10.000000000000002,8.75,0.75,0.25,0.25,4.0,0.7499999999999999,1.7500000000000002,10.000000000000002,3031533,5.519170663819263,63.98890858189569,4.0,64.0,-64.0,64.0,1.0
-----------O------XOOO----XXXXO----OOO-O------------------------ X;,1,50,5,9,-4,0,12,-64,0,0.7499999999999999,0.7499999999999999,1.2500000000000002,1.2500000000000002,10.000000000000002,8.75,0.75,0.25,0.25,4.0,1.2500000000000002,1.2500000000000002,10.000000000000002,660633,15.692824911864832,63.72486085315145,4.0,64.0,-64.0,64.0,1.0
------------O-----OOOX---XXXXO----OOO-O------------------------- X;,1,50,5,9,-4,0,12,-64,0,1.2500000000000002,1.2500000000000002,0.25,2.25,9.0,9.25,1.25,0.25,0.25,3.0,0.25,2.25,9.0,1358137,9.953394981507756,63.95030692779889,4.0,64.0,-64.0,64.0,1.0
------------O-----OOOOO--XXXXO----OOO--------------------------- X;,1,50,4,10,-6,0,12,-64,0,2.25,1.2500000000000002,0.7499999999999999,1.7500000000000002,8.000000000000002,8.75,0.75,0.25,0.25,4.0,0.7499999999999999,1.7500000000000002,8.000000000000002,480098,11.718886560660533,63.800490733141984,4.0,64.0,-64.0,64.0,1.0
------------O-O---OOOO---XXXOX----OOO--------------------------- X;,1,50,4,10,-6,0,26,-64,0,2.3749999999999996,0.12500000000000003,1.6249999999999998,1.875,8.000000000000002,8.875,0.625,0.125,0.375,4.0,1.6249999999999998,1.875,8.000000000000002,298830,24.316206538834788,63.527651172907674,14.0,64.0,-64.0,64.0,1.0
----------OOO-----XOXX----XXOX-----OOO-------------------------- X;,1,50,6,8,-2,4,8,-64,0,2.75,0.25,0.7499999999999999,2.25,8.000000000000002,8.75,0.25,0.75,0.25,4.0,0.7499999999999999,2.25,8.000000000000002,304798,19.44655148655831,63.55693934999574,6.0,64.0,-64.0,64.0,1.0
-----------OO-----XXOX----XXOO-----OOOO------------------------- X;,1,50,5,9,-4,0,12,-64,0,3.2499999999999996,0.25,0.25,2.25,8.000000000000002,9.25,0.25,0.25,0.25,4.0,0.25,2.25,8.000000000000002,183480,19.727447133202528,63.314639197732724,6.0,64.0,-64.0,64.0,1.0
-----------OO-----XXXXO---XXOO-----OOO-------------------------- X;,1,50,6,8,-2,1,14,-64,0,2.75,0.25,1.7500000000000002,1.2500000000000002,8.000000000000002,8.75,0.25,0.75,0.25,4.0,1.7500000000000002,1.2500000000000002,8.000000000000002,154787,18.07405014633012,63.42081699367518,4.0,64.0,-64.0,64.0,1.0
-----------OO-----XXOX----XOXO----OOO-O------------------------- X;,1,50,5,9,-4,0,14,-64,0,3.2499999999999996,0.25,0.25,4.25,5.999999999999999,9.25,0.25,0.25,0.25,4.0,0.25,4.25,5.999999999999999,245278,14.171063038674484,63.75107429121242,4.0,64.0,-64.0,64.0,1.0
-----------OOO----XXXO----XXOO-----OOO-------------------------- X;,1,50,5,9,-4,1,16,-64,0,1.7500000000000002,0.25,1.7500000000000002,2.25,8.000000000000002,8.75,0.25,0.75,0.25,4.0,1.7500000000000002,2.25,8.000000000000002,109447,11.688817418476523,63.639314005865856,4.0,64.0,-64.0,64.0,1.0
-----------OO-----XXXO----XXOOO----OOO-------------------------- X;,1,50,5,9,-4,1,16,-64,0,2.25,0.25,1.2500000000000002,2.25,8.000000000000002,9.25,0.25,0.25,0.25,4.0,1.2500000000000002,2.25,8.000000000000002,71863,14.90060253537982,63.42732699720301,4.0,64.0,-64.0,64.0,1.0
-----------OO-----XXXXO---XOXO----OOO--------------------------- X;,1,50,6,8,-2,0,18,-64,0,2.75,1.2500000000000002,1.7500000000000002,2.25,5.999999999999999,8.75,0.25,0.75,0.25,4.0,1.7500000000000002,2.25,5.999999999999999,119408,21.01914444593327,63.51375117245076,10.0,64.0,-64.0,64.0,1.0
-----------OO-----XXXO----XOOOO---OOO--------------------------- X;,1,50,4,10,-6,0,20,-64,0,5.25,1.2500000000000002,1.2500000000000002,2.25,4.0,9.25,0.25,0.25,0.25,4.0,1.2500000000000002,2.25,4.0,152683,19.206499741294053,63.037050621221745,8.0,64.0,-64.0,64.0,1.0
-----------OO-O---XXXO----XXOX-----OOO-------------------------- X;,1,50,6,8,-2,0,26,-64,0,2.875,0.12500000000000003,0.6250000000000001,2.3749999999999996,8.000000000000002,8.875,0.125,0.625,0.375,4.0,0.6250000000000001,2.3749999999999996,8.000000000000002,104513,24.61217264837867,62.97878732789222,12.0,64.0,-64.0,64.0,1.0
-----------OO-O---XXXO----XOOX----OOO--------------------------- X;,1,50,5,9,-4,0,30,-64,0,5.875000000000001,0.12500000000000003,0.6250000000000001,1.375,5.999999999999999,8.875,0.125,0.625,0.375,4.0,0.6250000000000001,1.375,5.999999999999999,140702,31.112706287046382,62.82759306903953,20.0,64.0,-64.0,64.0,1.0
-----------OX-----XXXOO---XXOO-----OOO-------------------------- X;,1,50,6,8,-2,0,8,-64,0,1.2500000000000002,0.7499999999999999,1.2500000000000002,2.75,8.000000000000002,8.75,0.25,0.75,0.25,4.0,1.2500000000000002,2.75,8.000000000000002,246980,13.593100655923557,63.66885577779577,4.0,64.0,-64.0,64.0,1.0
----------OOX-----XOX-O---XXOO-----OOO-------------------------- X;,1,50,5,9,-4,0,10,-64,0,1.875,2.125,0.12500000000000003,1.875,8.000000000000002,8.375,0.625,0.625,0.375,4.0,0.12500000000000003,1.875,8.000000000000002,49184,23.13866297983084,62.45116297983084,8.0,64.0,-64.0,64.0,1.0
-----------OOO----XXX-O---XXXO-----OOO-------------------------- X;,1,50,6,8,-2,0,14,-64,0,1.375,0.12500000000000003,1.6249999999999998,0.875,10.000000000000002,8.375,0.125,0.625,0.875,4.0,1.6249999999999998,0.875,10.000000000000002,275739,11.058203591077069,63.83820206789754,4.0,64.0,-64.0,64.0,1.0
----O------OO-----XXO-O---XXOO-----OOO-------------------------- X;,1,50,4,10,-6,0,16,-64,0,2.125,0.37499999999999994,0.875,2.625,8.000000000000002,8.125,0.375,0.875,0.625,4.0,0.875,2.625,8.000000000000002,27518,26.573660876517188,62.33498073987935,14.0,64.0,-64.0,64.0,1.0
-----------XO----O-XXO----OOOOO---OOO--------------------------- X;,1,50,3,11,-8,0,18,-64,0,4.625,0.37499999999999994,3.375,1.6249999999999998,4.0,8.625,0.375,0.375,0.625,4.0,3.375,1.6249999999999998,4.0,81967,18.515597740554124,63.195163907426156,4.0,64.0,-64.0,64.0,1.0
-----------OX----OXXX-O---OXXO-----OOO-------------------------- X;,1,50,6,8,-2,0,20,-64,0,0.875,0.6250000000000001,3.6250000000000004,0.875,8.000000000000002,8.375,0.125,1.125,0.375,4.0,3.6250000000000004,0.875,8.000000000000002,51011,21.9645958714787,63.25412166003411,10.0,64.0,-64.0,64.0,1.0
---------O-OX-----OXX-O---XOXO-----OOO-------------------------- X;,1,50,5,9,-4,0,32,-64,0,1.7500000000000002,0.7499999999999999,1.2500000000000002,2.25,8.000000000000002,8.25,0.25,0.75,0.75,4.0,1.2500000000000002,2.25,8.000000000000002,75684,29.99386924581153,62.57264415200042,18.0,64.0,-64.0,64.0,1.0
-----------O------OOX----OXXXX---OXOOO-------------------------- X;,1,50,6,8,-2,0,10,-64,0,1.875,0.12500000000000003,0.6250000000000001,2.3749999999999996,9.0,9.875,0.125,0.625,0.375,3.0,0.6250000000000001,2.3749999999999996,9.0,301075,13.22287137756373,63.710391098563484,4.0,64.0,-64.0,64.0,1.0
-----------O------XOX-O---XXXO---OXOOO-------------------------- X;,1,50,6,8,-2,0,12,-64,0,0.875,1.1249999999999998,0.12500000000000003,0.875,11.0,9.375,0.625,0.625,0.375,3.0,0.12500000000000003,0.875,11.0,459012,9.806449504588116,63.891357960140475,4.0,64.0,-64.0,64.0,1.0
-----------OO-----XOO-----XXOX---OXOOO-------------------------- X;,1,50,5,9,-4,0,12,-64,0,2.3749999999999996,0.6250000000000001,2.125,1.875,7.000000000000001,9.875,0.125,0.625,0.375,3.0,2.125,1.875,7.000000000000001,763365,12.55059899261821,63.89506985518068,4.0,64.0,-64.0,64.0,1.0
------------O-----XXX----OOXO-----OOO-----OOO------------------- X;,1,50,4,10,-6,0,12,-64,0,2.0000000000000004,0.5000000000000001,0.5000000000000001,2.0000000000000004,9.0,10.0,0.5,0.5,0.0,3.0,0.5000000000000001,2.0000000000000004,9.0,80124,14.755503968848284,63.563676301732315,4.0,64.0,-64.0,64.0,1.0
-----------O-----OOOX-----OXXX---OXOOO-------------------------- X;,1,50,5,9,-4,0,14,-64,0,0.875,1.1249999999999998,0.12500000000000003,4.875000000000001,7.000000000000001,9.375,0.625,0.625,0.375,3.0,0.12500000000000003,4.875000000000001,7.000000000000001,821902,6.001735000036501,63.94125090339237,4.0,64.0,-64.0,64.0,1.0
-----------O------XOO-----XXXO---OXOOOO------------------------- X;,1,50,5,9,-4,0,16,-64,0,1.875,0.12500000000000003,0.6250000000000001,0.37499999999999994,11.0,9.875,0.125,0.625,0.375,3.0,0.6250000000000001,0.37499999999999994,11.0,232061,7.376922447115198,63.90786043324815,4.0,64.0,-64.0,64.0,1.0
---------O-O------OOX-----XOXX---OXOOO-------------------------- X;,1,50,5,9,-4,0,24,-64,0,2.5000000000000004,0.5000000000000001,0.5000000000000001,3.5,7.000000000000001,9.5,0.5,0.5,0.5,3.0,0.5000000000000001,3.5,7.000000000000001,659067,17.119889176669442,63.74776160845559,4.0,64.0,-64.0,64.0,1.0
----------XO------XXX-O--OXXXO-----OOO-------------------------- X;,1,50,7,7,0,0,10,-64,0,0.875,0.12500000000000003,1.6249999999999998,1.375,10.000000000000002,8.375,0.625,0.125,0.875,4.0,1.6249999999999998,1.375,10.000000000000002,384911,10.459462057462634,63.9144633434742,4.0,64.0,-64.0,64.0,1.0
----------XO------XXO----OXXXO-----OOOO------------------------- X;,1,50,6,8,-2,0,12,-64,0,1.6249999999999998,0.37499999999999994,0.37499999999999994,2.625,9.0,8.625,0.375,0.375,1.625,3.0,0.37499999999999994,2.625,9.0,303780,9.673948252024491,63.94477582460991,4.0,64.0,-64.0,64.0,1.0
----------XOO-----XXO----OXXOX-----OOO-------------------------- X;,1,50,6,8,-2,0,12,-64,0,2.625,1.375,0.37499999999999994,1.6249999999999998,8.000000000000002,8.625,0.375,0.375,0.625,4.0,0.37499999999999994,1.6249999999999998,8.000000000000002,259283,18.537281657493935,63.492585321829814,4.0,64.0,-64.0,64.0,1.0
----------XO------XXXO---OXXOO-----OOO-------------------------- X;,1,50,6,8,-2,0,14,-64,0,1.7500000000000002,0.25,1.2500000000000002,2.75,8.000000000000002,8.75,0.25,0.25,0.75,4.0,1.2500000000000002,2.75,8.000000000000002,73723,18.645822877528044,62.87470667227324,4.0,64.0,-64.0,64.0,1.0
------------OX-----XXXO---XXXOO---OOO--------------------------- X;,1,50,7,7,0,0,14,-64,0,0.875,1.6249999999999998,1.6249999999999998,1.875,8.000000000000002,8.375,0.125,0.125,1.375,4.0,1.6249999999999998,1.875,8.000000000000002,173000,22.171248554913294,63.2926936416185,8.0,64.0,-64.0,64.0,1.0
----------XO------XXX----OOOOOO----OOO-------------------------- X;,1,50,4,10,-6,0,18,-64,0,5.625,0.37499999999999994,3.375,0.6250000000000001,4.0,8.625,0.375,0.375,0.625,4.0,3.375,0.6250000000000001,4.0,149948,20.680755995411744,63.382452583562305,8.0,64.0,-64.0,64.0,1.0
-O--------OO------XOX----OXXOX-----OOO-------------------------- X;,1,50,5,9,-4,0,20,-64,0,2.125,0.37499999999999994,0.37499999999999994,3.1250000000000004,8.000000000000002,8.125,0.375,0.375,1.125,4.0,0.37499999999999994,3.1250000000000004,8.000000000000002,270613,18.591346313739546,63.470742351623905,4.0,64.0,-64.0,64.0,1.0
------------OOO----XXO----XXOXO---OOO--------------------------- X;,1,50,5,9,-4,0,38,-64,0,3.2499999999999996,0.25,0.25,2.25,8.000000000000002,8.25,0.25,0.25,1.25,4.0,0.25,2.25,8.000000000000002,58473,30.127306620149472,62.26254852667043,18.0,64.0,-64.0,64.0,1.0
-----------O-O----XXXO----XXXO-----OOOO------------------------- X;,1,50,6,8,-2,0,12,-64,0,0.7499999999999999,0.25,1.2500000000000002,1.7500000000000002,10.000000000000002,8.75,0.25,0.25,0.75,4.0,1.2500000000000002,1.7500000000000002,10.000000000000002,209874,14.799336744904085,63.63104529384297,4.0,64.0,-64.0,64.0,1.0
------------O-----XXXXO---OXXO---OOOO--------------------------- X;,1,50,6,8,-2,0,16,-64,0,1.7500000000000002,0.25,3.2499999999999996,0.7499999999999999,8.000000000000002,8.75,0.25,0.25,0.75,4.0,3.2499999999999996,0.7499999999999999,8.000000000000002,447365,16.933769964123254,63.7060252813698,4.0,64.0,-64.0,64.0,1.0
----------OO------XOXX----XXOO-----OOOO------------------------- X;,1,50,5,9,-4,0,18,-64,0,2.75,1.2500000000000002,0.25,1.7500000000000002,8.000000000000002,8.75,0.25,0.25,0.75,4.0,0.25,1.7500000000000002,8.000000000000002,201358,22.630141340299367,63.32344381648606,12.0,64.0,-64.0,64.0,1.0
------------O-----XXXO----OOOOO--OOOO--------------------------- X;,1,50,3,11,-8,0,20,-64,0,5.25,0.25,3.2499999999999996,2.25,2.9999999999999996,9.25,0.25,0.25,1.25,3.0,3.2499999999999996,2.25,2.9999999999999996,285256,16.029243907227194,63.72902936309841,4.0,64.0,-64.0,64.0,1.0
-----------O--O---XXXO----XXOO-----OOOO------------------------- X;,1,50,5,9,-4,0,28,-64,0,1.875,0.12500000000000003,1.1249999999999998,2.875,8.000000000000002,8.875,0.125,0.125,0.875,4.0,1.1249999999999998,2.875,8.000000000000002,148218,21.087290342603463,63.47844391369469,10.0,64.0,-64.0,64.0,1.0
---------O-O------OXXX----XOXO-----OOOO------------------------- X;,1,50,5,9,-4,0,32,-64,0,1.875,0.12500000000000003,1.1249999999999998,2.875,8.000000000000002,8.875,0.125,0.125,0.875,4.0,1.1249999999999998,2.875,8.000000000000002,395947,18.03583307866962,63.583974622866194,6.0,64.0,-64.0,64.0,1.0
------------O------OO-----XXOX-----OOOO-----OO-------O---------- X;,1,50,3,11,-8,0,12,-64,0,2.3749999999999996,0.6250000000000001,2.125,1.875,7.000000000000001,9.375,0.625,0.125,0.875,3.0,2.125,1.875,7.000000000000001,1318599,6.475022353270403,63.94977699816244,4.0,64.0,-64.0,64.0,1.0
------------O------OO-----OXXX---OOXO-----OO------O------------- X;,1,50,4,10,-6,0,14,-64,0,3.875,0.6250000000000001,0.6250000000000001,1.875,7.000000000000001,9.375,0.125,0.125,1.375,3.0,0.6250000000000001,1.875,7.000000000000001,414090,6.541790432031684,63.97367239006013,4.0,64.0,-64.0,64.0,1.0
-------------------XOO----XXOX---OOOO-----OO------O------------- X;,1,50,4,10,-6,1,18,-64,0,2.25,0.7499999999999999,0.7499999999999999,4.25,5.999999999999999,9.75,0.25,0.25,1.75,2.0,0.7499999999999999,4.25,5.999999999999999,540745,6.589409056024559,63.89949421631268,4.0,64.0,-64.0,64.0,1.0
--------------------X------OXO----OXOO---OOOOO-----O------------ X;,1,50,3,11,-8,0,18,-64,0,3.2499999999999996,0.7499999999999999,0.7499999999999999,4.25,5.000000000000001,9.75,0.25,0.25,0.75,3.0,0.7499999999999999,4.25,5.000000000000001,209094,7.239098204635236,63.815767071269384,4.0,64.0,-64.0,64.0,1.0
-------------------XO-----XXXO---OOXO-O---OO------O------------- X;,1,50,5,9,-4,0,20,-64,0,2.3749999999999996,0.12500000000000003,0.6250000000000001,5.875000000000001,5.000000000000001,9.375,0.125,0.625,0.875,3.0,0.6250000000000001,5.875000000000001,5.000000000000001,446654,6.323574847644934,63.92024251433996,4.0,64.0,-64.0,64.0,1.0
------------O------XOOO---XXXO----OXO------O------O------------- X;,1,50,5,9,-4,0,22,-64,0,2.3749999999999996,0.12500000000000003,0.12500000000000003,6.374999999999999,5.000000000000001,9.375,0.125,0.125,1.375,3.0,0.12500000000000003,6.374999999999999,5.000000000000001,249989,8.433419070439099,63.8219521658953,4.0,64.0,-64.0,64.0,1.0
---------O-OO-----OOO-----XXOX----XOOO-------------------------- X;,1,50,4,10,-6,0,26,-64,0,2.0000000000000004,0.5000000000000001,2.5000000000000004,2.0000000000000004,7.000000000000001,9.5,0.0,1.0,0.5,3.0,2.5000000000000004,2.0000000000000004,7.000000000000001,1881574,6.552707467258795,63.94383000615442,4.0,64.0,-64.0,64.0,1.0
---------O-O------OOX-O---XXXO----XOOO-------------------------- X;,1,50,5,9,-4,0,32,-64,0,0.7499999999999999,0.7499999999999999,0.25,1.2500000000000002,11.0,9.25,0.25,0.75,0.75,3.0,0.25,1.2500000000000002,11.0,429828,14.70890681854137,63.73856519351927,4.0,64.0,-64.0,64.0,1.0
---------O--------OXX----OOXO-----OOO-----OOO------------------- X;,1,50,3,11,-8,0,34,-64,0,2.875,0.12500000000000003,0.6250000000000001,1.375,9.0,9.875,0.125,0.625,0.375,3.0,0.6250000000000001,1.375,9.0,144101,17.47740820674388,63.594464993303305,6.0,64.0,-64.0,64.0,1.0
---------O-O------OOO-----XXXO----XOOOO------------------------- X;,1,50,4,10,-6,0,36,-64,0,1.4999999999999998,0.0,0.5000000000000001,1.0,11.0,9.5,0.0,0.5,1.0,3.0,0.5000000000000001,1.0,11.0,198734,11.644167580786378,63.761379532440344,4.0,64.0,-64.0,64.0,1.0
---------O-O-----OOOX-----OXXX----XOOO-------------------------- X;,1,50,5,9,-4,0,36,-64,0,0.7499999999999999,0.7499999999999999,0.25,5.25,7.000000000000001,9.25,0.25,0.75,0.75,3.0,0.25,5.25,7.000000000000001,118183,31.878645828926327,62.33300897760253,20.0,64.0,-64.0,64.0,1.0
------------O-O----XOO----XXXO----OOOOO------------------------- X;,1,50,4,10,-6,0,38,-64,0,1.4999999999999998,0.5000000000000001,0.5000000000000001,2.5000000000000004,9.0,9.5,0.5,0.5,0.5,3.0,0.5000000000000001,2.5000000000000004,9.0,34306,35.5023028041742,60.71322800676266,36.0,64.0,-64.0,64.0,1.0
------------O-O----XOO----XXXO----OOOO-------O------------------ X;,1,50,4,10,-6,0,38,-64,0,1.875,0.12500000000000003,0.6250000000000001,2.3749999999999996,9.0,9.875,0.125,0.625,0.375,3.0,0.6250000000000001,2.3749999999999996,9.0,60538,27.537282368099376,62.13806204367505,16.0,64.0,-64.0,64.0,1.0
-------------------XXXO---XXXOO---OOOOO------------------------- X;,1,50,6,8,-2,2,8,-64,0,0.875,0.6250000000000001,2.625,0.875,9.0,9.375,0.125,1.125,0.375,3.0,2.625,0.875,9.0,1603667,5.083843466255775,63.97915901493265,4.0,64.0,-64.0,64.0,1.0
----------O--------OXX----XXOXO---OOOOO------------------------- X;,1,50,5,9,-4,0,12,-64,0,1.875,0.6250000000000001,0.6250000000000001,1.875,9.0,9.375,0.125,1.125,0.375,3.0,0.6250000000000001,1.875,9.0,544320,10.222089947089946,63.84573780129336,4.0,64.0,-64.0,64.0,1.0
------------O------XOO----XXOXO---OOOOO------------------------- X;,1,50,4,10,-6,0,12,-64,0,2.3749999999999996,0.6250000000000001,0.12500000000000003,1.875,9.0,9.875,0.125,0.625,0.375,3.0,0.12500000000000003,1.875,9.0,226466,13.213232891471568,63.68312241131119,4.0,64.0,-64.0,64.0,1.0
------------------XXXO---OXXOO---OOOOO-------------------------- X;,1,50,5,9,-4,0,14,-64,0,1.4999999999999998,0.5000000000000001,2.5000000000000004,2.5000000000000004,7.000000000000001,10.0,0.0,1.0,0.0,3.0,2.5000000000000004,2.5000000000000004,7.000000000000001,378981,10.449241518704104,63.73903177204134,4.0,64.0,-64.0,64.0,1.0
------------------XXX----OOOOOO--OOOOO-------------------------- X;,1,50,3,11,-8,0,14,-64,0,5.875000000000001,0.12500000000000003,5.625,0.37499999999999994,2.0000000000000004,9.875,0.125,1.625,0.375,2.0,5.625,0.37499999999999994,2.0000000000000004,450970,11.774539326340998,63.82392176863206,4.0,64.0,-64.0,64.0,1.0
-------------O-----XOO----XOXOO---OOOOO------------------------- X;,1,50,3,11,-8,0,16,-64,0,2.3749999999999996,0.12500000000000003,1.1249999999999998,3.375,7.000000000000001,9.375,0.125,1.125,0.375,3.0,1.1249999999999998,3.375,7.000000000000001,188696,12.49600415483105,63.57237037351083,4.0,64.0,-64.0,64.0,1.0
-----------O-------OOX----XOXOO---OOOOO------------------------- X;,1,50,3,11,-8,0,18,-64,0,4.375,0.6250000000000001,0.12500000000000003,1.875,7.000000000000001,9.875,0.125,0.625,0.375,3.0,0.12500000000000003,1.875,7.000000000000001,410626,9.307715536765816,63.76119388445934,4.0,64.0,-64.0,64.0,1.0
------------------XXX-O--OXXXO---OOOOO-------------------------- X;,1,50,6,8,-2,0,20,-64,0,0.875,0.6250000000000001,2.625,0.875,9.0,9.375,0.125,1.125,0.375,3.0,2.625,0.875,9.0,345210,8.281440282726455,63.871556443903714,4.0,64.0,-64.0,64.0,1.0
--------------O----XXO----XXOXO---OOOOO------------------------- X;,1,50,5,9,-4,0,32,-64,0,2.5000000000000004,0.0,1.0,1.4999999999999998,9.0,9.5,0.0,1.0,0.5,3.0,1.0,1.4999999999999998,9.0,842717,8.82281952304273,63.93311396352512,4.0,64.0,-64.0,64.0,1.0
------------------XXX-O--OXXXO----OOOO-----O-------------------- X;,1,50,6,8,-2,1,12,-64,0,0.6250000000000001,0.37499999999999994,1.375,1.6249999999999998,10.000000000000002,10.625,0.375,0.375,0.625,2.0,1.375,1.6249999999999998,10.000000000000002,796855,6.751361289067647,63.97293359519612,4.0,64.0,-64.0,64.0,1.0
------------------XXXO---OXXOO----OOOO-----O-------------------- X;,1,50,5,9,-4,1,12,-64,0,1.2500000000000002,0.25,1.2500000000000002,3.2499999999999996,8.000000000000002,11.25,0.25,0.25,0.25,2.0,1.2500000000000002,3.2499999999999996,8.000000000000002,945877,7.9549539739310715,63.90448652414637,4.0,64.0,-64.0,64.0,1.0
-------------------XXXO---XXXOO---OOOO------O------------------- X;,1,50,6,8,-2,1,12,-64,0,0.6250000000000001,1.375,1.375,0.6250000000000001,10.000000000000002,10.625,0.375,0.375,0.625,2.0,1.375,0.6250000000000001,10.000000000000002,807632,13.923799453216317,63.709696990708636,4.0,64.0,-64.0,64.0,1.0
----------O--------OXX----XXOXO---OOOO------O------------------- X;,1,50,5,9,-4,0,14,-64,0,1.6249999999999998,1.375,0.37499999999999994,2.625,8.000000000000002,10.625,0.375,0.375,0.625,2.0,0.37499999999999994,2.625,8.000000000000002,513292,13.587232997981655,63.827322459730524,4.0,64.0,-64.0,64.0,1.0
------------O------XOO----XXOXO---OOOO------O------------------- X;,1,50,4,10,-6,0,14,-64,0,1.875,0.12500000000000003,0.12500000000000003,1.875,10.000000000000002,10.875,0.125,0.125,0.875,2.0,0.12500000000000003,1.875,10.000000000000002,306326,13.231021852536188,63.715799507714,4.0,64.0,-64.0,64.0,1.0
------------------XXX----OOOOOO---OOOO-----O-------------------- X;,1,50,3,11,-8,0,14,-64,0,5.875000000000001,0.12500000000000003,3.6250000000000004,0.37499999999999994,4.0,10.875,0.125,0.625,0.375,2.0,3.6250000000000004,0.37499999999999994,4.0,518906,10.493210716391793,63.78477797520168,4.0,64.0,-64.0,64.0,1.0
------------O-----XXO----OXXOX----OOOO-----O-------------------- X;,1,50,5,9,-4,0,16,-64,0,1.875,1.6249999999999998,0.12500000000000003,2.3749999999999996,8.000000000000002,10.875,0.625,0.125,0.375,2.0,0.12500000000000003,2.3749999999999996,8.000000000000002,410873,14.974500636449706,63.67436166406651,4.0,64.0,-64.0,64.0,1.0
-------------O-----XOO----XOXOO---OOOO------O------------------- X;,1,50,3,11,-8,0,18,-64,0,2.625,0.37499999999999994,0.37499999999999994,2.625,8.000000000000002,10.625,0.375,0.375,0.625,2.0,0.37499999999999994,2.625,8.000000000000002,244431,14.286919416931568,63.5146360322545,4.0,64.0,-64.0,64.0,1.0
--------------O----XXO----XXOXO---OOOO------O------------------- X;,1,50,5,9,-4,0,30,-64,0,1.7500000000000002,0.25,0.25,1.7500000000000002,10.000000000000002,10.75,0.25,0.25,0.75,2.0,0.25,1.7500000000000002,10.000000000000002,256096,23.138385605397975,63.536783081344495,10.0,64.0,-64.0,64.0,1.0
-----------OO-----OOO----OXXOX----XOOO-------------------------- X;,1,50,4,10,-6,0,12,-64,0,2.3749999999999996,0.6250000000000001,2.125,1.875,7.000000000000001,9.875,0.125,0.625,0.375,3.0,2.125,1.875,7.000000000000001,557066,16.56006649122366,63.68393691232278,4.0,64.0,-64.0,64.0,1.0
-----------O------OOX----OOOOOO---XOOO-------------------------- X;,1,50,2,12,-10,0,12,-64,0,5.875000000000001,0.12500000000000003,0.6250000000000001,2.3749999999999996,5.000000000000001,9.875,0.125,0.625,0.375,3.0,0.6250000000000001,2.3749999999999996,5.000000000000001,1481868,5.737755319637107,63.974061117454454,4.0,64.0,-64.0,64.0,1.0
------------O------XOO----XXXXO---OOOO------O------------------- X;,1,50,5,9,-4,1,14,-64,0,0.875,0.12500000000000003,0.12500000000000003,0.875,11.999999999999998,10.875,0.125,0.125,0.875,2.0,0.12500000000000003,0.875,11.999999999999998,175128,14.934253802932712,63.47734228678452,4.0,64.0,-64.0,64.0,1.0
-----------O-----OOOX----OOXXX----XOOO-------------------------- X;,1,50,5,9,-4,0,14,-64,0,0.875,0.6250000000000001,0.12500000000000003,5.375,7.000000000000001,9.375,0.125,0.625,0.875,3.0,0.12500000000000003,5.375,7.000000000000001,299570,19.25099976633174,63.40894615615716,4.0,64.0,-64.0,64.0,1.0
-----------O------OOX-O--OXXXO----XOOO-------------------------- X;,1,50,5,9,-4,0,16,-64,0,0.875,0.6250000000000001,0.12500000000000003,1.375,11.0,9.375,0.125,0.625,0.875,3.0,0.12500000000000003,1.375,11.0,312645,7.580425082761598,63.88113035551504,4.0,64.0,-64.0,64.0,1.0
-----------O------OXX----OOXO-----OOO-----OOO------------------- X;,1,50,3,11,-8,0,18,-64,0,2.9999999999999996,0.0,0.5000000000000001,1.4999999999999998,9.0,10.0,0.0,0.5,0.5,3.0,0.5000000000000001,1.4999999999999998,9.0,204945,8.076059430578935,63.74752250603821,4.0,64.0,-64.0,64.0,1.0
------------O------XOO----XXXOO---OOOO-------O------------------ X;,1,50,4,10,-6,0,18,-64,0,2.0000000000000004,0.0,0.5000000000000001,2.5000000000000004,9.0,10.0,0.0,0.5,0.5,3.0,0.5000000000000001,2.5000000000000004,9.0,243585,13.32259375577314,63.56341318225671,4.0,64.0,-64.0,64.0,1.0
-----------O------OOO----OXXXO----XOOOO------------------------- X;,1,50,4,10,-6,0,20,-64,0,1.875,0.12500000000000003,0.6250000000000001,1.375,10.000000000000002,9.875,0.125,0.625,1.375,2.0,0.6250000000000001,1.375,10.000000000000002,77796,6.841791351740449,63.845107717620444,4.0,64.0,-64.0,64.0,1.0
------------O------XOO----XXXOO---OOOOO------------------------- X;,1,50,4,10,-6,0,20,-64,0,1.875,0.12500000000000003,0.6250000000000001,2.3749999999999996,9.0,9.875,0.125,0.625,0.375,3.0,0.6250000000000001,2.3749999999999996,9.0,144899,21.465296516884173,63.18307234694511,8.0,64.0,-64.0,64.0,1.0
----------OOX-----OXX----OOOO-----XOO-------O------------------- X;,1,50,4,10,-6,0,12,-64,0,4.625,0.37499999999999994,0.37499999999999994,2.625,5.999999999999999,8.625,0.375,0.375,0.625,4.0,0.37499999999999994,2.625,5.999999999999999,677767,10.604756501865685,63.755553162074875,4.0,64.0,-64.0,64.0,1.0
-----------------OXXX----OXXO----XOOOO-----O-------------------- X;,1,50,6,8,-2,1,14,-64,0,1.375,0.6250000000000001,0.6250000000000001,2.3749999999999996,9.0,9.375,0.625,0.625,0.375,3.0,0.6250000000000001,2.3749999999999996,9.0,264477,18.62145290516756,63.31824695531181,4.0,64.0,-64.0,64.0,1.0
----------OOX-----XXX-----XXO----OOOO-------O------------------- X;,1,50,6,8,-2,1,16,-64,0,1.6249999999999998,2.3749999999999996,0.37499999999999994,1.6249999999999998,8.000000000000002,8.625,0.375,0.375,0.625,4.0,0.37499999999999994,1.6249999999999998,8.000000000000002,389422,16.48317249667456,63.65976755293743,6.0,64.0,-64.0,64.0,1.0
----------OOX-----OXX-----OXO-----OOO-----O-O------------------- X;,1,50,4,10,-6,0,18,-64,0,2.25,0.7499999999999999,1.2500000000000002,1.7500000000000002,8.000000000000002,8.75,0.25,0.75,0.25,4.0,1.2500000000000002,1.7500000000000002,8.000000000000002,10089,16.282089404301715,63.015561502626625,4.0,64.0,-64.0,64.0,1.0
-----------------OXXX----OXXO---OOOOOO-------------------------- X;,1,50,5,9,-4,0,20,-64,0,2.125,0.37499999999999994,1.875,1.6249999999999998,8.000000000000002,8.125,0.375,0.875,0.625,4.0,1.875,1.6249999999999998,8.000000000000002,33804,24.966453674121407,62.524316648917285,12.0,64.0,-64.0,64.0,1.0
----------OOX----OXXX-----OXO-----XOO-------O------------------- X;,1,50,6,8,-2,2,22,-64,0,1.875,0.6250000000000001,0.12500000000000003,3.375,8.000000000000002,8.375,0.125,0.625,0.875,4.0,0.12500000000000003,3.375,8.000000000000002,55563,25.822183827367134,62.53816388603927,12.0,64.0,-64.0,64.0,1.0
-----------------OXXX----OXXO----OXOOO---O---------------------- X;,1,50,6,8,-2,1,22,-64,0,3.375,0.12500000000000003,1.1249999999999998,1.375,8.000000000000002,8.375,0.125,1.125,0.375,4.0,1.1249999999999998,1.375,8.000000000000002,39665,23.264439682339596,62.94960292449262,10.0,64.0,-64.0,64.0,1.0
---------OOOX-----OXX-----XOO-----XOO-------O------------------- X;,1,50,5,9,-4,0,32,-64,0,5.749999999999999,0.7499999999999999,0.25,1.2500000000000002,5.999999999999999,8.25,0.25,0.75,0.75,4.0,0.25,1.2500000000000002,5.999999999999999,143122,27.486815444166517,62.84909378013164,14.0,64.0,-64.0,64.0,1.0
----------OX------XXX----OXXO----OOOOO-------------------------- X;,1,50,6,8,-2,1,14,-64,0,1.6249999999999998,0.37499999999999994,2.3749999999999996,1.6249999999999998,8.000000000000002,8.625,0.375,0.375,0.625,4.0,2.3749999999999996,1.6249999999999998,8.000000000000002,30104,24.396824342280095,62.39077863406856,10.0,64.0,-64.0,64.0,1.0
-----------O-----OXXX---OOOOO-----XOO-------O------------------- X;,1,50,4,10,-6,0,14,-64,0,5.125000000000001,0.37499999999999994,0.37499999999999994,2.125,5.999999999999999,8.125,0.375,0.375,1.125,4.0,0.37499999999999994,2.125,5.999999999999999,324109,13.90562434242801,63.47850877328306,4.0,64.0,-64.0,64.0,1.0
----------OX-----OXXX----OOXO-----XOOO-------------------------- X;,1,50,6,8,-2,0,14,-64,0,1.875,1.6249999999999998,1.6249999999999998,2.875,5.999999999999999,8.375,0.125,0.125,1.375,4.0,1.6249999999999998,2.875,5.999999999999999,241785,15.790508096035735,63.28648179167442,4.0,64.0,-64.0,64.0,1.0
----------OX------XXX----OXXO-----OOOO-----O-------------------- X;,1,50,6,8,-2,0,14,-64,0,1.375,0.6250000000000001,1.1249999999999998,1.875,9.0,9.375,0.625,0.125,0.875,3.0,1.1249999999999998,1.875,9.0,100023,21.014046769243073,63.14143746938204,6.0,64.0,-64.0,64.0,1.0
----------OX------OXX----OOXO-----OOOO----O--------------------- X;,1,50,4,10,-6,0,16,-64,0,2.25,0.7499999999999999,3.7500000000000004,1.2500000000000002,5.999999999999999,8.75,0.25,0.25,0.75,4.0,3.7500000000000004,1.2500000000000002,5.999999999999999,238004,11.636132165845952,63.6358632628023,4.0,64.0,-64.0,64.0,1.0
----O-----OO------OXX----OXXO-----XOOO-------------------------- X;,1,50,5,9,-4,0,20,-64,0,3.1250000000000004,0.37499999999999994,0.37499999999999994,2.125,8.000000000000002,8.125,0.375,0.375,1.125,4.0,0.37499999999999994,2.125,8.000000000000002,183020,20.315430007649436,63.25988416566496,6.0,64.0,-64.0,64.0,1.0
-----------O-----OXXX----OXXO----OOOO-------O------------------- X;,1,50,5,9,-4,0,22,-64,0,2.625,1.375,0.37499999999999994,1.6249999999999998,8.000000000000002,8.625,0.375,0.375,0.625,4.0,0.37499999999999994,1.6249999999999998,8.000000000000002,46876,22.57590238074921,63.10606707056916,10.0,64.0,-64.0,64.0,1.0
---------OOX------OXX----OXOO-----XOOO-------------------------- X;,1,50,5,9,-4,0,36,-64,0,5.749999999999999,0.7499999999999999,0.7499999999999999,0.7499999999999999,5.999999999999999,8.25,0.25,0.25,1.25,4.0,0.7499999999999999,0.7499999999999999,5.999999999999999,71243,36.21164184551465,61.30289291579523,54.0,64.0,-64.0,64.0,1.0
----------O-O-----XOXX---OXXO-----XOOO-------------------------- X;,1,50,6,8,-2,1,16,-64,0,2.75,0.7499999999999999,0.25,2.25,8.000000000000002,8.75,0.75,0.25,0.25,4.0,0.25,2.25,8.000000000000002,177096,18.172652120883587,63.64078240050594,4.0,64.0,-64.0,64.0,1.0
------------O----OXXXX---OOXO-----XOOO-------------------------- X;,1,50,6,8,-2,1,16,-64,0,2.75,1.7500000000000002,1.2500000000000002,2.25,5.999999999999999,8.75,0.75,0.25,0.25,4.0,1.2500000000000002,2.25,5.999999999999999,377008,16.707258201417478,63.65148219666426,6.0,64.0,-64.0,64.0,1.0
-----------OO-----OOXX---OXOO-----XOOO-------------------------- X;,1,50,4,10,-6,0,16,-64,0,5.25,0.25,0.25,2.25,5.999999999999999,9.25,0.25,0.25,0.25,4.0,0.25,2.25,5.999999999999999,336153,13.672518168810036,63.58699758740811,4.0,64.0,-64.0,64.0,1.0
------------O-----XXXX---OXXO-----OOOO-----O-------------------- X;,1,50,6,8,-2,0,16,-64,0,2.5000000000000004,0.5000000000000001,0.5000000000000001,1.4999999999999998,9.0,10.0,1.0,0.0,0.0,3.0,0.5000000000000001,1.4999999999999998,9.0,373128,13.9636746639223,63.652532106944534,4.0,64.0,-64.0,64.0,1.0
------------O-----XXXO---OXXO-O---XOOO-------------------------- X;,1,50,6,8,-2,0,18,-64,0,3.2499999999999996,0.25,0.25,2.25,8.000000000000002,9.25,0.25,0.25,0.25,4.0,0.25,2.25,8.000000000000002,117293,18.86584877187897,63.58009429377712,6.0,64.0,-64.0,64.0,1.0
------------O-----XOXX---OOXO----OOOOO-------------------------- X;,1,50,4,10,-6,0,18,-64,0,4.25,0.25,1.2500000000000002,2.25,5.999999999999999,9.25,0.25,0.25,0.25,4.0,1.2500000000000002,2.25,5.999999999999999,229421,12.103617367198295,63.530287114082846,4.0,64.0,-64.0,64.0,1.0
---------O--O-----OXXX---OXOO-----XOOO-------------------------- X;,1,50,5,9,-4,0,28,-64,0,5.875000000000001,0.6250000000000001,0.12500000000000003,1.375,5.999999999999999,8.875,0.625,0.125,0.375,4.0,0.12500000000000003,1.375,5.999999999999999,772429,10.699947826920015,63.87301616070862,4.0,64.0,-64.0,64.0,1.0
------------O-O---XXXO---OXXO-----XOOO-------------------------- X;,1,50,6,8,-2,0,30,-64,0,2.875,0.6250000000000001,0.12500000000000003,2.3749999999999996,8.000000000000002,8.875,0.625,0.125,0.375,4.0,0.12500000000000003,2.3749999999999996,8.000000000000002,425033,16.02071368576087,63.77017784501439,4.0,64.0,-64.0,64.0,1.0
---------O-------XXXX----OXOO-----OOOO---O---------------------- X;,1,50,5,9,-4,0,30,-64,0,4.750000000000001,0.7499999999999999,1.2500000000000002,1.2500000000000002,5.999999999999999,8.25,0.25,0.75,0.75,4.0,1.2500000000000002,1.2500000000000002,5.999999999999999,53843,31.184517950337092,62.40168638448824,18.0,64.0,-64.0,64.0,1.0
---------O-------XXXX----OXOO-----OOOO-----O-------------------- X;,1,50,5,9,-4,0,30,-64,0,4.750000000000001,0.25,0.7499999999999999,1.2500000000000002,7.000000000000001,9.25,0.75,0.25,0.75,3.0,0.7499999999999999,1.2500000000000002,7.000000000000001,267739,23.62477636803006,63.42490261037802,10.0,64.0,-64.0,64.0,1.0
---------OXO------OXX----OOOO-----XOO-------O------------------- X;,1,50,4,10,-6,0,32,-64,0,5.25,0.25,0.25,2.25,5.999999999999999,8.25,0.25,0.25,1.25,4.0,0.25,2.25,5.999999999999999,81395,35.847779347625774,61.52768597579704,48.0,64.0,-64.0,64.0,1.0
---------OXO------XXX-----XOO----OOOO-------O------------------- X;,1,50,5,9,-4,0,36,-64,0,5.25,1.7500000000000002,0.25,0.7499999999999999,5.999999999999999,8.25,0.75,0.25,0.75,4.0,0.25,0.7499999999999999,5.999999999999999,12315,35.140885099472186,61.060820138043034,34.0,64.0,-64.0,64.0,1.0
---------O-------XXXX----OXOO----OOOOO-------------------------- X;,1,50,5,9,-4,0,36,-64,0,5.25,0.25,1.7500000000000002,0.7499999999999999,5.999999999999999,8.25,0.25,0.75,0.75,4.0,1.7500000000000002,0.7499999999999999,5.999999999999999,13551,39.369197845177474,59.452438934395985,64.0,64.0,-64.0,64.0,1.0
---------OXO------XXX-----XOO-----OOO----O--O------------------- X;,1,50,5,9,-4,0,38,-64,0,4.750000000000001,1.2500000000000002,0.7499999999999999,1.2500000000000002,5.999999999999999,8.25,0.75,0.25,0.75,4.0,0.7499999999999999,1.2500000000000002,5.999999999999999,24627,32.73788930848256,62.77646485564624,22.0,64.0,-64.0,64.0,1.0
---------OXO-----OXXX-----OOO-----XOO-------O------------------- X;,1,50,5,9,-4,0,40,-64,0,4.750000000000001,0.7499999999999999,0.7499999999999999,1.7500000000000002,5.999999999999999,8.25,0.25,0.25,1.25,4.0,0.7499999999999999,1.7500000000000002,5.999999999999999,13823,37.02076249728713,59.91116255516169,64.0,64.0,-64.0,64.0,1.0
--------OO-------OXXX----OOOO-----XOOO-------------------------- X;,1,50,4,10,-6,0,54,-64,0,5.000000000000001,1.4999999999999998,1.4999999999999998,2.0000000000000004,4.0,8.0,0.5,0.5,1.0,4.0,1.4999999999999998,2.0000000000000004,4.0,10980,41.551548269581055,55.81566484517304,64.0,64.0,-64.0,64.0,1.0
----O-------OO-----XOO----XXOO----OOOO-------------------------- X;,1,50,3,11,-8,0,10,-64,0,2.125,0.37499999999999994,0.875,3.6250000000000004,7.000000000000001,9.125,0.375,0.875,0.625,3.0,0.875,3.6250000000000004,7.000000000000001,624231,5.991580040081316,63.91669750460967,4.0,64.0,-64.0,64.0,1.0
----------OX------OXX-----OOOOO---OOOO-------------------------- X;,1,50,3,11,-8,0,12,-64,0,4.875000000000001,0.12500000000000003,5.125000000000001,0.875,2.9999999999999996,9.375,0.625,0.625,0.375,3.0,5.125000000000001,0.875,2.9999999999999996,484463,9.937200570528606,63.81880143581657,4.0,64.0,-64.0,64.0,1.0
----------OX------OXX-O---OXXO----OOOO-------------------------- X;,1,50,5,9,-4,0,14,-64,0,1.375,0.6250000000000001,4.625,0.37499999999999994,7.000000000000001,9.375,0.625,0.625,0.375,3.0,4.625,0.37499999999999994,7.000000000000001,642285,7.105070179126089,63.92457242501382,4.0,64.0,-64.0,64.0,1.0
---O--------OO-----XXO----XXXO----OOOO-------------------------- X;,1,50,5,9,-4,0,14,-64,0,0.6250000000000001,0.875,2.3749999999999996,1.1249999999999998,9.0,9.125,0.375,0.875,0.625,3.0,2.3749999999999996,1.1249999999999998,9.0,411048,8.885473229403866,63.86904205834842,4.0,64.0,-64.0,64.0,1.0
----------O-XO-----OXO----XXOO----OOOO-------------------------- X;,1,50,4,10,-6,0,14,-64,0,2.3749999999999996,2.125,1.1249999999999998,1.375,7.000000000000001,9.375,0.125,1.125,0.375,3.0,1.1249999999999998,1.375,7.000000000000001,259545,9.521269914658344,63.75037084127993,4.0,64.0,-64.0,64.0,1.0
-----------OOO-----OOO----XOXO----OOOO-------------------------- X;,1,50,2,12,-10,0,22,-64,0,3.875,0.6250000000000001,0.6250000000000001,1.875,7.000000000000001,9.375,0.125,1.125,0.375,3.0,0.6250000000000001,1.875,7.000000000000001,7170,18.36596931659693,61.50627615062761,4.0,64.0,-64.0,64.0,1.0
--X-------XX-----OOOOO----OXO------OOO-------------------------- X;,1,50,4,10,-6,0,14,-64,0,4.25,1.2500000000000002,0.7499999999999999,1.7500000000000002,5.999999999999999,7.75,0.75,0.25,1.25,4.0,0.7499999999999999,1.7500000000000002,5.999999999999999,74690,23.07358414781095,63.070692194403534,12.0,64.0,-64.0,64.0,1.0
--X-------XXO----OXOO-----OXO------OOO-------------------------- X;,1,50,5,9,-4,1,24,-64,0,3.375,1.6249999999999998,0.6250000000000001,2.3749999999999996,5.999999999999999,7.375,0.625,0.625,1.375,4.0,0.6250000000000001,2.3749999999999996,5.999999999999999,8241,34.483921854143915,61.84564979978158,30.0,64.0,-64.0,64.0,1.0
--XO------OO-----OXOX-----OOO------OOO-------------------------- X;,1,50,3,11,-8,0,26,-64,0,5.625,0.37499999999999994,0.875,3.1250000000000004,4.0,7.125,0.875,0.375,1.625,4.0,0.875,3.1250000000000004,4.0,16616,24.980139624458353,62.90539239287434,12.0,64.0,-64.0,64.0,1.0
--X------OXX-----OOXX-----OOO------OOO-------------------------- X;,1,50,5,9,-4,0,34,-64,0,4.750000000000001,1.2500000000000002,2.75,1.2500000000000002,4.0,7.25,0.75,0.25,1.75,4.0,2.75,1.2500000000000002,4.0,19486,38.00718464538643,58.86749461151596,64.0,64.0,-64.0,64.0,1.0
-OX-------OX-----OXOX-----OXO------OOO-------------------------- X;,1,50,5,9,-4,0,60,-64,0,2.625,0.37499999999999994,0.875,4.125000000000001,5.999999999999999,7.125,0.875,0.375,1.625,4.0,0.875,4.125000000000001,5.999999999999999,749,38.06675567423231,50.120160213618156,64.0,64.0,-64.0,64.0,1.0
---O------OO------OOX----OOOO-----XOOO-------------------------- X;,1,50,2,12,-10,0,14,-64,0,5.125000000000001,0.37499999999999994,0.37499999999999994,4.125000000000001,4.0,8.125,0.375,0.375,1.125,4.0,0.37499999999999994,4.125000000000001,4.0,143920,21.06172873818788,62.91655086158977,8.0,64.0,-64.0,64.0,1.0
-----------------OXXX---OOOXO-----OOO------OO------------------- X;,1,50,4,10,-6,0,16,-64,0,2.125,0.37499999999999994,0.875,1.6249999999999998,9.0,9.125,0.375,0.875,0.625,3.0,0.875,1.6249999999999998,9.0,256907,16.308025861498518,63.25316164993558,4.0,64.0,-64.0,64.0,1.0
-----------------OXXX---OOOXO----OOOO-------O------------------- X;,1,50,4,10,-6,0,18,-64,0,2.125,0.37499999999999994,1.875,1.6249999999999998,8.000000000000002,8.125,0.375,0.875,0.625,4.0,1.875,1.6249999999999998,8.000000000000002,61109,23.93925608339197,63.46361419758137,10.0,64.0,-64.0,64.0,1.0
-----------------OXXX---OOOXO-----OOO-----O-O------------------- X;,1,50,4,10,-6,0,18,-64,0,1.4999999999999998,0.5000000000000001,1.4999999999999998,2.5000000000000004,8.000000000000002,8.5,0.5,0.5,0.5,4.0,1.4999999999999998,2.5000000000000004,8.000000000000002,248756,13.203749859299876,63.383042017076974,4.0,64.0,-64.0,64.0,1.0
---O------OO------XOX-----OXO----OOOOO-------------------------- X;,1,50,3,11,-8,0,18,-64,0,3.1250000000000004,0.875,1.375,2.625,5.999999999999999,8.125,0.875,0.375,0.625,4.0,1.375,2.625,5.999999999999999,118520,15.915102936213298,62.97564967937901,4.0,64.0,-64.0,64.0,1.0
---O------OO------OOX-----OXO-----OOOO----O--------------------- X;,1,50,2,12,-10,0,18,-64,0,3.5,0.5000000000000001,1.4999999999999998,2.5000000000000004,5.999999999999999,8.5,0.5,0.5,0.5,4.0,1.4999999999999998,2.5000000000000004,5.999999999999999,245406,9.094724660358752,63.62246236848325,4.0,64.0,-64.0,64.0,1.0
---O------OO-----OOOX-----OXO-----XOOO-------------------------- X;,1,50,3,11,-8,0,20,-64,0,2.125,0.37499999999999994,0.37499999999999994,5.125000000000001,5.999999999999999,8.125,0.375,0.375,1.125,4.0,0.37499999999999994,5.125000000000001,5.999999999999999,111440,17.841600861450107,62.84897702799713,6.0,64.0,-64.0,64.0,1.0
---------O-------OOXX---OOOOO-----XOO-------O------------------- X;,1,50,3,11,-8,0,36,-64,0,5.000000000000001,0.5000000000000001,0.5000000000000001,2.0000000000000004,5.999999999999999,8.0,0.5,0.5,1.0,4.0,0.5000000000000001,2.0000000000000004,5.999999999999999,16372,37.47288052773027,57.54837527485952,64.0,64.0,-64.0,64.0,1.0
----------OOO-----XXOX----XXOO-----OOO-------------------------- X;,1,50,5,9,-4,1,16,-64,0,2.75,0.25,0.7499999999999999,2.25,8.000000000000002,8.75,0.25,0.75,0.25,4.0,0.7499999999999999,2.25,8.000000000000002,137469,19.334817304264963,63.12537372062065,6.0,64.0,-64.0,64.0,1.0
----------OOO-----XOXX----OXO----O-OOO-------------------------- X;,1,50,4,10,-6,0,24,-64,0,3.7500000000000004,0.25,0.7499999999999999,3.2499999999999996,5.999999999999999,8.25,0.75,0.25,0.75,4.0,0.7499999999999999,3.2499999999999996,5.999999999999999,65190,23.942751955821446,62.70200951066114,14.0,64.0,-64.0,64.0,1.0
-----------OOO----XXXO-----OOOO---OOO--------------------------- X;,1,50,3,11,-8,0,24,-64,0,5.25,0.7499999999999999,2.25,1.7500000000000002,4.0,8.25,0.75,0.25,0.75,4.0,2.25,1.7500000000000002,4.0,29568,21.38088474025974,61.241815476190474,12.0,64.0,-64.0,64.0,1.0
----------OOO-----OXXX----OXO-----OOOO-------------------------- X;,1,50,4,10,-6,0,28,-64,0,1.7500000000000002,0.25,3.7500000000000004,2.25,5.999999999999999,8.75,0.25,0.75,0.25,4.0,3.7500000000000004,2.25,5.999999999999999,3470,24.655907780979827,60.43976945244957,16.0,64.0,-64.0,64.0,1.0
----------OOO----OXXXX----OXO------OOO-------------------------- X;,1,50,5,9,-4,0,30,-64,0,2.9999999999999996,0.5000000000000001,2.5000000000000004,2.0000000000000004,5.999999999999999,8.0,0.5,0.5,1.0,4.0,2.5000000000000004,2.0000000000000004,5.999999999999999,14667,26.626303947637552,61.42796754619213,16.0,64.0,-64.0,64.0,1.0
----------OOO-----XXXO----XXO-O----OOO-------------------------- X;,1,50,5,9,-4,0,34,-64,0,2.75,0.25,0.7499999999999999,2.25,8.000000000000002,8.25,0.75,0.25,0.75,4.0,0.7499999999999999,2.25,8.000000000000002,4054,28.750370004933398,55.8347311297484,28.0,64.0,-64.0,64.0,1.0
---------OOOO-----OXXX----XOO------OOO-------------------------- X;,1,50,4,10,-6,0,44,-64,0,5.375,0.12500000000000003,1.1249999999999998,1.375,5.999999999999999,7.875,0.625,0.625,0.875,4.0,1.1249999999999998,1.375,5.999999999999999,39290,35.82555357597353,61.109595316874525,36.0,64.0,-64.0,64.0,1.0
----------OOO-O---XXXO----XXO------OOO-------------------------- X;,1,50,5,9,-4,0,46,-64,0,2.3749999999999996,0.12500000000000003,1.1249999999999998,2.3749999999999996,8.000000000000002,7.875,0.625,0.625,0.875,4.0,1.1249999999999998,2.3749999999999996,8.000000000000002,48030,25.90468457214241,62.19100562148657,14.0,64.0,-64.0,64.0,1.0
---O-----OOO-----XXOX-----XOO------OOO-------------------------- X;,1,50,4,10,-6,0,38,-64,0,4.750000000000001,1.2500000000000002,0.7499999999999999,1.2500000000000002,5.999999999999999,7.25,0.75,0.25,1.75,4.0,0.7499999999999999,1.2500000000000002,5.999999999999999,12139,37.318230496746025,58.556388499876434,64.0,64.0,-64.0,64.0,1.0
---------OOX-----XOXX-----OOO-----OOOO-------------------------- X;,1,50,4,10,-6,0,38,-64,0,4.750000000000001,0.7499999999999999,3.7500000000000004,0.7499999999999999,4.0,8.25,0.25,0.25,1.25,4.0,3.7500000000000004,0.7499999999999999,4.0,16299,42.83121663905761,58.37032946806553,64.0,64.0,-64.0,64.0,1.0
---------OOX-----OXXX---O-XOO------OOO-------------------------- X;,1,50,5,9,-4,0,40,-64,0,5.749999999999999,0.25,0.7499999999999999,1.2500000000000002,5.999999999999999,7.25,0.75,0.25,1.75,4.0,0.7499999999999999,1.2500000000000002,5.999999999999999,20140,40.83028798411122,59.674379344587884,64.0,64.0,-64.0,64.0,1.0
---------OOX-O---XXXO-----XOO------OOO-------------------------- X;,1,50,5,9,-4,0,46,-64,0,4.750000000000001,0.7499999999999999,1.2500000000000002,1.2500000000000002,5.999999999999999,7.75,0.75,0.25,1.25,4.0,1.2500000000000002,1.2500000000000002,5.999999999999999,5018,35.90434436030291,54.78397768035074,64.0,64.0,-64.0,64.0,1.0
---------OOX-----OXXX----OOOO------OOO-------------------------- X;,1,50,4,10,-6,0,54,-64,0,5.000000000000001,1.0,2.5000000000000004,1.4999999999999998,4.0,7.5,0.5,0.0,2.0,4.0,2.5000000000000004,1.4999999999999998,4.0,4346,34.74459272894616,45.2604693971468,64.0,64.0,-64.0,64.0,1.0
---------OX------OXX-----OXOO----OOOO-------O------------------- X;,1,50,4,10,-6,0,60,-64,0,5.000000000000001,1.0,1.0,1.0,5.999999999999999,7.5,0.5,0.5,1.5,4.0,1.0,1.0,5.999999999999999,705,40.64113475177305,45.43829787234043,64.0,64.0,-64.0,64.0,1.0
--------OOOX-----OXXX-----OOO------OOO-------------------------- X;,1,50,4,10,-6,0,60,-64,0,5.25,0.7499999999999999,2.25,1.7500000000000002,4.0,7.25,0.75,0.25,1.75,4.0,2.25,1.7500000000000002,4.0,496,35.229838709677416,46.67741935483871,64.0,64.0,-64.0,64.0,1.0
-----------OO-----XXOO----XXXXO---OOO--------------------------- X;,1,50,6,8,-2,3,12,-64,0,1.2500000000000002,0.25,0.25,2.25,10.000000000000002,9.25,0.25,0.25,0.25,4.0,0.25,2.25,10.000000000000002,895852,6.459035644280529,63.948866553850415,4.0,64.0,-64.0,64.0,1.0
-----------OO-----XOOX----XXXO-----OOOO------------------------- X;,1,50,5,9,-4,3,16,-64,0,3.2499999999999996,0.25,0.25,0.25,10.000000000000002,9.25,0.25,0.25,0.25,4.0,0.25,0.25,10.000000000000002,218627,19.22938154939692,63.41704364053845,6.0,64.0,-64.0,64.0,1.0
-----------OO-----XOXO----XXXXO----OOO-------------------------- X;,1,50,6,8,-2,0,16,-64,0,1.2500000000000002,0.25,0.25,2.25,10.000000000000002,9.25,0.25,0.25,0.25,4.0,0.25,2.25,10.000000000000002,57651,20.395309708417894,63.53967840974138,8.0,64.0,-64.0,64.0,1.0
-----------OO-----XXOX----XXXO----OOO-O------------------------- X;,1,50,6,8,-2,4,18,-64,0,2.25,0.25,0.25,3.2499999999999996,8.000000000000002,9.25,0.25,0.25,0.25,4.0,0.25,3.2499999999999996,8.000000000000002,366569,15.319184109949287,63.74128745202131,4.0,64.0,-64.0,64.0,1.0
-----------OOO----XOXO----XXXO-----OOO-------------------------- X;,1,50,5,9,-4,2,18,-64,0,0.7499999999999999,1.2500000000000002,0.7499999999999999,1.2500000000000002,10.000000000000002,8.75,0.25,0.75,0.25,4.0,0.7499999999999999,1.2500000000000002,10.000000000000002,58065,13.741117712907949,63.26895720313442,4.0,64.0,-64.0,64.0,1.0
-----------OO-----XOOOO---XXXO-----OOO-------------------------- X;,1,50,4,10,-6,1,20,-64,0,1.7500000000000002,0.25,0.7499999999999999,1.2500000000000002,10.000000000000002,8.75,0.25,0.75,0.25,4.0,0.7499999999999999,1.2500000000000002,10.000000000000002,45189,18.23514572130386,62.7892628737082,4.0,64.0,-64.0,64.0,1.0
-----------OO-----XXOOO---XXXO----OOO--------------------------- X;,1,50,5,9,-4,2,22,-64,0,0.7499999999999999,0.25,0.7499999999999999,4.25,8.000000000000002,8.75,0.25,0.75,0.25,4.0,0.7499999999999999,4.25,8.000000000000002,22461,18.42393482035528,62.91785761987445,6.0,64.0,-64.0,64.0,1.0
-----------OO-O---XOXO----XXOX-----OOO-------------------------- X;,1,50,5,9,-4,0,30,-64,0,1.875,0.12500000000000003,0.6250000000000001,3.375,8.000000000000002,8.875,0.125,0.625,0.375,4.0,0.6250000000000001,3.375,8.000000000000002,267479,21.684992092837195,63.33170828364096,10.0,64.0,-64.0,64.0,1.0
-----------OO-O---XXOO----XXOX----OOO--------------------------- X;,1,50,5,9,-4,0,36,-64,0,1.875,0.12500000000000003,0.6250000000000001,3.375,8.000000000000002,8.875,0.125,0.625,0.375,4.0,0.6250000000000001,3.375,8.000000000000002,133000,27.752135338345866,62.88368421052632,14.0,64.0,-64.0,64.0,1.0
---O------OOO-----XOXX----XOO------OOO-------------------------- X;,1,50,4,10,-6,2,16,-64,0,5.749999999999999,0.7499999999999999,0.7499999999999999,0.7499999999999999,5.999999999999999,7.75,0.75,0.75,0.75,4.0,0.7499999999999999,0.7499999999999999,5.999999999999999,349266,20.552014796745173,63.35007701866199,8.0,64.0,-64.0,64.0,1.0
----------OXO-----XXXX---OOOO------OOO-------------------------- X;,1,50,5,9,-4,1,18,-64,0,5.25,1.7500000000000002,2.25,0.7499999999999999,4.0,8.25,0.75,0.25,0.75,4.0,2.25,0.7499999999999999,4.0,41558,30.23153183502575,62.29852254680206,20.0,64.0,-64.0,64.0,1.0
----------OXO-----OXXX----OXO-----OOOO-------------------------- X;,1,50,5,9,-4,0,20,-64,0,1.2500000000000002,0.7499999999999999,3.2499999999999996,2.75,5.999999999999999,8.75,0.25,0.75,0.25,4.0,3.2499999999999996,2.75,5.999999999999999,2359,24.13734633319203,55.50317931326833,16.0,64.0,-64.0,64.0,1.0
----------OXO-----XOXX----OXO----O-OOO-------------------------- X;,1,50,5,9,-4,0,22,-64,0,2.75,0.25,0.7499999999999999,4.25,5.999999999999999,8.25,0.75,0.25,0.75,4.0,0.7499999999999999,4.25,5.999999999999999,63343,24.69696730499029,63.20420567387083,14.0,64.0,-64.0,64.0,1.0
----------OXO-----XXXO----XXO-O----OOO-------------------------- X;,1,50,6,8,-2,1,24,-64,0,1.7500000000000002,0.25,0.7499999999999999,3.2499999999999996,8.000000000000002,8.25,0.75,0.25,0.75,4.0,0.7499999999999999,3.2499999999999996,8.000000000000002,17493,27.228720059452353,61.68593151546333,16.0,64.0,-64.0,64.0,1.0
----------OXO----OXXXX----OXO------OOO-------------------------- X;,1,50,6,8,-2,1,32,-64,0,2.5000000000000004,1.0,2.0000000000000004,2.5000000000000004,5.999999999999999,8.0,0.5,0.5,1.0,4.0,2.0000000000000004,2.5000000000000004,5.999999999999999,8241,34.483921854143915,61.84564979978158,30.0,64.0,-64.0,64.0,1.0
----------OXO-O---XXXO----XXO------OOO-------------------------- X;,1,50,6,8,-2,0,34,-64,0,1.875,0.6250000000000001,0.6250000000000001,2.875,8.000000000000002,7.875,0.625,0.625,0.875,4.0,0.6250000000000001,2.875,8.000000000000002,105324,31.767080627397366,63.07713341688504,20.0,64.0,-64.0,64.0,1.0
---------OOXO-----OXXX----XOO------OOO-------------------------- X;,1,50,5,9,-4,0,36,-64,0,4.875000000000001,0.6250000000000001,0.6250000000000001,1.875,5.999999999999999,7.875,0.625,0.625,0.875,4.0,0.6250000000000001,1.875,5.999999999999999,55392,33.726133737723856,61.92869006354708,26.0,64.0,-64.0,64.0,1.0
------------O-----XXXOO---XXXOO----OOO-------------------------- X;,1,50,6,8,-2,1,16,-64,0,0.7499999999999999,0.25,1.2500000000000002,1.7500000000000002,10.000000000000002,8.75,0.25,0.25,0.75,4.0,1.2500000000000002,1.7500000000000002,10.000000000000002,140070,21.552352395230955,63.38125223102735,8.0,64.0,-64.0,64.0,1.0
-----------OO-----OXOX---OXXOX----OOO--------------------------- X;,1,50,5,9,-4,2,18,-64,0,2.25,0.25,0.25,3.2499999999999996,8.000000000000002,9.25,0.25,0.25,0.25,4.0,0.25,3.2499999999999996,8.000000000000002,138180,24.055536257056016,63.39410913301491,12.0,64.0,-64.0,64.0,1.0
------------O-----XXXO---OOOOOO----OOO-------------------------- X;,1,50,3,11,-8,1,18,-64,0,5.25,0.25,3.2499999999999996,1.2500000000000002,4.0,9.25,0.25,0.25,0.25,4.0,3.2499999999999996,1.2500000000000002,4.0,123770,12.505211278985215,63.66916053971075,4.0,64.0,-64.0,64.0,1.0
----------O-O-----XOXO----XXOXO----OOO-------------------------- X;,1,50,5,9,-4,0,18,-64,0,1.7500000000000002,0.25,0.25,3.7500000000000004,8.000000000000002,8.75,0.25,0.25,0.75,4.0,0.25,3.7500000000000004,8.000000000000002,78032,27.096447611236417,63.32145786344064,14.0,64.0,-64.0,64.0,1.0
-----------O------OXOX---OXXXO----OOO-O------------------------- X;,1,50,5,9,-4,0,28,-64,0,1.2500000000000002,0.25,0.25,5.25,7.000000000000001,9.25,0.25,0.25,1.25,3.0,0.25,5.25,7.000000000000001,29076,20.89744118860916,63.31111569679461,8.0,64.0,-64.0,64.0,1.0
-----------O------OOOOO--OXXXO----OOO--------------------------- X;,1,50,3,11,-8,0,32,-64,0,2.75,1.2500000000000002,0.25,1.7500000000000002,8.000000000000002,8.75,0.25,0.25,0.75,4.0,0.25,1.7500000000000002,8.000000000000002,446,17.170403587443946,56.417040358744394,6.0,64.0,-64.0,64.0,1.0
-----------O--O---OXXO---OXXOX----OOO--------------------------- X;,1,50,5,9,-4,0,36,-64,0,3.875,0.12500000000000003,0.12500000000000003,1.875,8.000000000000002,8.875,0.125,0.125,0.875,4.0,0.12500000000000003,1.875,8.000000000000002,92146,29.38608295531005,63.16871052460226,18.0,64.0,-64.0,64.0,1.0
-----------OO-----XXOXO---XXOO----OOO--------------------------- X;,1,50,5,9,-4,0,18,-64,0,2.75,0.25,0.7499999999999999,4.25,5.999999999999999,8.75,0.25,0.75,0.25,4.0,0.7499999999999999,4.25,5.999999999999999,188606,23.586948453389606,63.27458299311793,12.0,64.0,-64.0,64.0,1.0
------------OO---OXXXO----OXXO-----OOO-------------------------- X;,1,50,5,9,-4,0,20,-64,0,0.7499999999999999,0.7499999999999999,3.2499999999999996,1.2500000000000002,8.000000000000002,8.75,0.75,0.25,0.25,4.0,3.2499999999999996,1.2500000000000002,8.000000000000002,66508,13.182354002526012,62.99566969387141,4.0,64.0,-64.0,64.0,1.0
------------O----OXXXO----OOOOO----OOO-------------------------- X;,1,50,3,11,-8,0,20,-64,0,4.750000000000001,0.25,3.2499999999999996,1.7500000000000002,4.0,8.75,0.25,0.25,0.75,4.0,3.2499999999999996,1.7500000000000002,4.0,177345,12.690698920183822,63.74144182243649,4.0,64.0,-64.0,64.0,1.0
-----------O-O----XXOOO---XOXO----OOO--------------------------- X;,1,50,4,10,-6,0,22,-64,0,1.7500000000000002,0.25,0.25,5.749999999999999,5.999999999999999,8.75,0.25,0.25,0.75,4.0,0.25,5.749999999999999,5.999999999999999,17095,22.75706346885054,61.59496928926587,12.0,64.0,-64.0,64.0,1.0
---------O-O------OXXXO---XOXO----OOO--------------------------- X;,1,50,5,9,-4,0,34,-64,0,1.6249999999999998,1.375,1.375,3.6250000000000004,5.999999999999999,8.625,0.375,0.375,0.625,4.0,1.375,3.6250000000000004,5.999999999999999,41370,27.277205704616872,62.280541455160744,14.0,64.0,-64.0,64.0,1.0
-----------O--O---XXXOO---XXOO----OOO--------------------------- X;,1,50,5,9,-4,0,34,-64,0,1.6249999999999998,1.375,1.375,3.6250000000000004,5.999999999999999,8.625,0.375,0.375,0.625,4.0,1.375,3.6250000000000004,5.999999999999999,221617,25.551135517582136,63.18493617366899,14.0,64.0,-64.0,64.0,1.0
-----------O-----OOOOOO---OXXO----OOO--------------------------- X;,1,50,2,12,-10,0,44,-64,0,4.750000000000001,0.25,0.7499999999999999,0.25,8.000000000000002,8.75,0.25,0.75,0.25,4.0,0.7499999999999999,0.25,8.000000000000002,167,23.34131736526946,48.89820359281437,22.0,64.0,-64.0,64.0,1.0
------------O-----XOXO----OOOOO--O-OOO-------------------------- X;,1,50,2,12,-10,1,14,-64,0,6.25,0.25,1.2500000000000002,3.2499999999999996,2.9999999999999996,9.25,0.25,0.25,1.25,3.0,1.2500000000000002,3.2499999999999996,2.9999999999999996,261197,7.4992362086853985,63.95147723748742,4.0,64.0,-64.0,64.0,1.0
------------OO----XOXO----OXXO---O-OOO-------------------------- X;,1,50,4,10,-6,0,20,-64,0,1.7500000000000002,0.25,1.2500000000000002,2.75,8.000000000000002,8.75,0.25,0.25,0.75,4.0,1.2500000000000002,2.75,8.000000000000002,129265,9.830596062352532,63.685204811820675,4.0,64.0,-64.0,64.0,1.0
-----------O------XXOOO---XXXO----OOO-O------------------------- X;,1,50,5,9,-4,0,20,-64,0,0.7499999999999999,0.25,0.25,4.750000000000001,8.000000000000002,8.75,0.25,0.25,0.75,4.0,0.25,4.750000000000001,8.000000000000002,37467,16.738463180932555,62.917020311207196,4.0,64.0,-64.0,64.0,1.0
------------O-----XOOOO---OXXO---O-OOO-------------------------- X;,1,50,3,11,-8,0,24,-64,0,3.7500000000000004,0.25,0.25,1.7500000000000002,8.000000000000002,8.75,0.25,0.25,0.75,4.0,0.25,1.7500000000000002,8.000000000000002,59322,9.585044334311048,63.61120663497522,4.0,64.0,-64.0,64.0,1.0
-----------O-O----XXOO----XXXO----OOO-O------------------------- X;,1,50,5,9,-4,0,24,-64,0,0.7499999999999999,0.25,0.25,4.750000000000001,8.000000000000002,8.75,0.25,0.25,0.75,4.0,0.25,4.750000000000001,8.000000000000002,21058,20.663785734637667,62.47440402697312,10.0,64.0,-64.0,64.0,1.0
-----------O--O---XXOO----XXOO----OOO-O------------------------- X;,1,50,4,10,-6,0,36,-64,0,1.875,0.12500000000000003,0.12500000000000003,5.875000000000001,5.999999999999999,8.875,0.125,0.125,0.875,4.0,0.12500000000000003,5.875000000000001,5.999999999999999,62171,28.438468096057647,62.800051470943046,16.0,64.0,-64.0,64.0,1.0
---------O-O------OXOX----XOXO----OOO-O------------------------- X;,1,50,4,10,-6,0,40,-64,0,1.875,0.12500000000000003,0.12500000000000003,5.875000000000001,5.999999999999999,8.875,0.125,0.125,0.875,4.0,0.12500000000000003,5.875000000000001,5.999999999999999,20161,27.819651802985963,62.211001438420716,16.0,64.0,-64.0,64.0,1.0
-----------O--O---XXXO----XXXO----OOOO-------------------------- X;,1,50,6,8,-2,0,30,-64,0,0.37499999999999994,0.6250000000000001,2.125,1.875,9.0,9.875,0.125,0.625,0.375,3.0,2.125,1.875,9.0,206941,25.63967507647107,63.11988441149893,12.0,64.0,-64.0,64.0,1.0
-----------O--O---XXXOO---XXXO----OOO--------------------------- X;,1,50,6,8,-2,0,32,-64,0,0.6250000000000001,1.375,1.375,2.625,8.000000000000002,8.625,0.375,0.375,0.625,4.0,1.375,2.625,8.000000000000002,142867,32.93822926218091,62.87736146205912,22.0,64.0,-64.0,64.0,1.0
-----------O--O---OXXO---OXXXX----OOO--------------------------- X;,1,50,6,8,-2,0,36,-64,0,2.875,0.12500000000000003,0.12500000000000003,0.875,10.000000000000002,8.875,0.125,0.125,0.875,4.0,0.12500000000000003,0.875,10.000000000000002,41937,32.359110093712,62.536137539642795,22.0,64.0,-64.0,64.0,1.0
---------O--O-O---OXXO----XXOX-----OOO-------------------------- X;,1,50,5,9,-4,0,38,-64,0,4.25,0.25,0.25,1.2500000000000002,8.000000000000002,9.25,0.25,0.25,0.25,4.0,0.25,1.2500000000000002,8.000000000000002,93176,35.07677942817893,62.72241778998884,28.0,64.0,-64.0,64.0,1.0
---------OO-O-----OOXX----XXOX-----OOO-------------------------- X;,1,50,5,9,-4,0,38,-64,0,1.6249999999999998,0.37499999999999994,0.37499999999999994,3.6250000000000004,8.000000000000002,8.625,0.375,0.375,0.625,4.0,0.37499999999999994,3.6250000000000004,8.000000000000002,92571,35.028875133681176,61.9224379125212,32.0,64.0,-64.0,64.0,1.0
---------O--OO----OXXO----XXXO-----OOO-------------------------- X;,1,50,5,9,-4,0,40,-64,0,1.6249999999999998,0.37499999999999994,1.375,0.6250000000000001,10.000000000000002,8.625,0.375,0.375,0.625,4.0,1.375,0.6250000000000001,10.000000000000002,12547,24.539890013549055,59.73427911054436,14.0,64.0,-64.0,64.0,1.0
---------O--O-----OOOOO---XXXO-----OOO-------------------------- X;,1,50,3,11,-8,0,40,-64,0,2.625,0.37499999999999994,0.37499999999999994,0.6250000000000001,10.000000000000002,8.625,0.375,0.375,0.625,4.0,0.37499999999999994,0.6250000000000001,10.000000000000002,47230,28.450391700190558,62.746940503917,18.0,64.0,-64.0,64.0,1.0
-----------O--O---XXOO----XXXO----OOO-O------------------------- X;,1,50,5,9,-4,0,40,-64,0,0.875,0.12500000000000003,0.12500000000000003,4.875000000000001,8.000000000000002,8.875,0.125,0.125,0.875,4.0,0.12500000000000003,4.875000000000001,8.000000000000002,37627,31.510564222499802,62.130969782337154,22.0,64.0,-64.0,64.0,1.0
----------O-O-O---XOXO----XXOX-----OOO-------------------------- X;,1,50,5,9,-4,0,34,-64,0,1.6249999999999998,0.37499999999999994,0.37499999999999994,3.6250000000000004,8.000000000000002,8.625,0.375,0.375,0.625,4.0,0.37499999999999994,3.6250000000000004,8.000000000000002,97417,31.477319153741135,62.656086719977004,20.0,64.0,-64.0,64.0,1.0
------------O-O---XXXOO---XXXO-----OOO-------------------------- X;,1,50,6,8,-2,0,36,-64,0,0.6250000000000001,0.37499999999999994,1.375,1.6249999999999998,10.000000000000002,8.625,0.375,0.375,0.625,4.0,1.375,1.6249999999999998,10.000000000000002,124586,34.904804713210154,62.668726823238565,28.0,64.0,-64.0,64.0,1.0
---------O-OO-----OXOX----XXOX----OOO--------------------------- X;,1,50,5,9,-4,0,36,-64,0,1.875,0.12500000000000003,0.6250000000000001,3.375,8.000000000000002,8.875,0.125,0.625,0.375,4.0,0.6250000000000001,3.375,8.000000000000002,97212,31.199172941612147,62.505431428218735,20.0,64.0,-64.0,64.0,1.0
---------O-O------OXOX----XXXO----OOO-O------------------------- X;,1,50,5,9,-4,0,40,-64,0,0.875,0.12500000000000003,0.12500000000000003,4.875000000000001,8.000000000000002,8.875,0.125,0.125,0.875,4.0,0.12500000000000003,4.875000000000001,8.000000000000002,30712,23.922505860901275,63.54291482156812,14.0,64.0,-64.0,64.0,1.0
---------O-O--O---OXXO----XXOX----OOO--------------------------- X;,1,50,5,9,-4,0,42,-64,0,4.25,0.25,0.25,1.2500000000000002,8.000000000000002,9.25,0.25,0.25,0.25,4.0,0.25,1.2500000000000002,8.000000000000002,131878,30.17501023673395,63.145255463382824,18.0,64.0,-64.0,64.0,1.0
---------O-O------OOOOO---XXXO----OOO--------------------------- X;,1,50,3,11,-8,0,44,-64,0,2.625,1.375,0.37499999999999994,1.6249999999999998,8.000000000000002,8.625,0.375,0.375,0.625,4.0,0.37499999999999994,1.6249999999999998,8.000000000000002,4155,29.826233453670277,61.86811070998797,18.0,64.0,-64.0,64.0,1.0
---------O--------OXX----OOOO----XOOO-----O-O------------------- X;,1,50,3,11,-8,0,28,-64,0,5.375,0.6250000000000001,1.1249999999999998,0.875,5.999999999999999,8.875,0.125,0.625,0.375,4.0,1.1249999999999998,0.875,5.999999999999999,276929,29.3892297303641,63.2084541525084,16.0,64.0,-64.0,64.0,1.0
---------O-OX-----OXX----OOOO-----XOOO-------------------------- X;,1,50,4,10,-6,0,28,-64,0,4.750000000000001,1.2500000000000002,1.2500000000000002,2.75,4.0,8.75,0.25,0.25,0.75,4.0,1.2500000000000002,2.75,4.0,108186,29.94429963211506,62.80505795574289,18.0,64.0,-64.0,64.0,1.0
---------O--------OXX----OXOO----XOOO------OO------------------- X;,1,50,4,10,-6,0,30,-64,0,4.499999999999999,1.0,0.0,1.4999999999999998,7.000000000000001,9.5,0.0,1.0,0.5,3.0,0.0,1.4999999999999998,7.000000000000001,254201,24.490721909040484,63.296430777219605,12.0,64.0,-64.0,64.0,1.0
---------OOOX-----OOX-----XOO-----XOOO-------------------------- X;,1,50,4,10,-6,0,30,-64,0,4.750000000000001,0.7499999999999999,0.25,2.25,5.999999999999999,8.25,0.25,0.75,0.75,4.0,0.25,2.25,5.999999999999999,167142,27.75807397302892,62.91974488758062,16.0,64.0,-64.0,64.0,1.0
---------O-OX----OOXX-----OOO-----XOOO-------------------------- X;,1,50,4,10,-6,0,32,-64,0,4.750000000000001,1.7500000000000002,1.2500000000000002,2.25,4.0,8.25,0.25,0.75,0.75,4.0,1.2500000000000002,2.25,4.0,100138,31.66701951307196,62.83620603567078,20.0,64.0,-64.0,64.0,1.0
---------O-OX-----OXX-----XOO----OOOOO-------------------------- X;,1,50,4,10,-6,0,34,-64,0,4.750000000000001,1.2500000000000002,1.2500000000000002,0.7499999999999999,5.999999999999999,8.75,0.25,0.25,0.75,4.0,1.2500000000000002,0.7499999999999999,5.999999999999999,84348,34.837411675439846,61.840091051358655,32.0,64.0,-64.0,64.0,1.0
---------O-OX-----OXX-----XOO-----OOOO---O---------------------- X;,1,50,4,10,-6,0,36,-64,0,4.750000000000001,0.7499999999999999,1.2500000000000002,1.2500000000000002,5.999999999999999,8.25,0.25,0.75,0.75,4.0,1.2500000000000002,1.2500000000000002,5.999999999999999,103799,32.34325956897465,62.501122361487106,22.0,64.0,-64.0,64.0,1.0
---------O--------OXX----OXOO----OOOO----O--O------------------- X;,1,50,3,11,-8,0,38,-64,0,5.25,1.2500000000000002,0.7499999999999999,0.7499999999999999,5.999999999999999,8.25,0.25,0.75,0.75,4.0,0.7499999999999999,0.7499999999999999,5.999999999999999,42239,23.016548687232177,62.27069769644168,10.0,64.0,-64.0,64.0,1.0
-----------XO-O----XXO-----OOO----OOOO-------O------------------ X;,1,50,3,11,-8,0,38,-64,0,5.375,0.6250000000000001,3.1250000000000004,0.875,4.0,8.875,0.125,0.625,0.375,4.0,3.1250000000000004,0.875,4.0,56853,28.986614602571546,62.50857474539602,16.0,64.0,-64.0,64.0,1.0
---------O--------OXX----OXOO---OOOOO-------O------------------- X;,1,50,3,11,-8,0,40,-64,0,5.25,1.2500000000000002,0.7499999999999999,0.7499999999999999,5.999999999999999,8.25,0.25,0.75,0.75,4.0,0.7499999999999999,0.7499999999999999,5.999999999999999,57369,28.200212658404364,62.548379786992975,14.0,64.0,-64.0,64.0,1.0
---------O-O-----XXXX-----XOO-----OOO----O--O------------------- X;,1,50,5,9,-4,0,28,-64,0,4.750000000000001,1.7500000000000002,0.25,1.2500000000000002,5.999999999999999,8.25,0.25,0.75,0.75,4.0,0.25,1.2500000000000002,5.999999999999999,641796,16.23941875611565,63.72607806842049,4.0,64.0,-64.0,64.0,1.0
---------O-O-----XXXX-----XOO----OOOO-------O------------------- X;,1,50,5,9,-4,0,30,-64,0,5.25,1.7500000000000002,0.25,0.7499999999999999,5.999999999999999,8.25,0.75,0.25,0.75,4.0,0.25,0.7499999999999999,5.999999999999999,110124,34.27908539464604,63.255530129672,24.0,64.0,-64.0,64.0,1.0
---------OX-------XXX----OXOO-----OOOO---O---------------------- X;,1,50,5,9,-4,0,30,-64,0,4.750000000000001,0.25,1.7500000000000002,1.2500000000000002,5.999999999999999,8.25,0.75,0.25,0.75,4.0,1.7500000000000002,1.2500000000000002,5.999999999999999,337396,18.59921872221366,63.555288148051545,6.0,64.0,-64.0,64.0,1.0
---------OX-------XXX----OXOO----OOOOO-------------------------- X;,1,50,5,9,-4,0,30,-64,0,5.25,0.25,1.7500000000000002,0.7499999999999999,5.999999999999999,8.25,0.25,0.75,0.75,4.0,1.7500000000000002,0.7499999999999999,5.999999999999999,76576,31.595382365231927,62.70996134559131,20.0,64.0,-64.0,64.0,1.0
---------OX-------XXX----OXOO-----OOOO-----O-------------------- X;,1,50,5,9,-4,0,30,-64,0,4.750000000000001,0.25,0.7499999999999999,1.2500000000000002,7.000000000000001,9.25,0.75,0.25,0.75,3.0,0.7499999999999999,1.2500000000000002,7.000000000000001,205013,26.251457224663802,63.61534146615093,12.0,64.0,-64.0,64.0,1.0
---------OX------OXXX----OOOO-----XOOO-------------------------- X;,1,50,5,9,-4,0,32,-64,0,4.750000000000001,1.7500000000000002,1.7500000000000002,1.7500000000000002,4.0,8.25,0.25,0.25,1.25,4.0,1.7500000000000002,1.7500000000000002,4.0,141935,27.351139606157748,62.85264381583119,14.0,64.0,-64.0,64.0,1.0
---------O-O-----OOXX----OOOO-----XOO-------O------------------- X;,1,50,3,11,-8,0,40,-64,0,5.25,0.25,0.25,2.25,5.999999999999999,8.25,0.25,0.25,1.25,4.0,0.25,2.25,5.999999999999999,14839,35.182829031605905,57.9397533526518,64.0,64.0,-64.0,64.0,1.0
--------OO-O-----OXXX-----OOO-----XOO-------O------------------- X;,1,50,4,10,-6,0,62,-64,0,5.000000000000001,0.5000000000000001,0.5000000000000001,2.0000000000000004,5.999999999999999,8.0,0.5,0.5,1.0,4.0,0.5000000000000001,2.0000000000000004,5.999999999999999,2015,32.016873449131516,39.65657568238213,64.0,64.0,-64.0,64.0,1.0
------------O-O----XOO----XXOO----OOOO-------O------------------ X;,1,50,3,11,-8,0,30,-64,0,2.875,0.12500000000000003,0.6250000000000001,3.375,7.000000000000001,9.875,0.125,0.625,0.375,3.0,0.6250000000000001,3.375,7.000000000000001,408124,18.985386794209603,63.486567807823114,6.0,64.0,-64.0,64.0,1.0
----------O---O----OXO----XXOO----OOOO-------O------------------ X;,1,50,3,11,-8,0,32,-64,0,2.875,2.125,0.6250000000000001,1.375,7.000000000000001,9.875,0.125,0.625,0.375,3.0,0.6250000000000001,1.375,7.000000000000001,255121,19.0555226735549,63.37315234731755,8.0,64.0,-64.0,64.0,1.0
---------O--------OXX-O---OXXO----OOOO----O--------------------- X;,1,50,4,10,-6,0,34,-64,0,1.875,0.12500000000000003,4.625,0.37499999999999994,7.000000000000001,9.875,0.125,0.625,0.375,3.0,4.625,0.37499999999999994,7.000000000000001,395765,11.836271524768486,63.71761525147499,4.0,64.0,-64.0,64.0,1.0
---------O--------OOOO----OXOO----OOOO----O--------------------- X;,1,50,1,13,-12,0,34,-64,0,8.000000000000002,0.0,0.5000000000000001,1.4999999999999998,4.0,11.0,0.0,0.5,0.5,2.0,0.5000000000000001,1.4999999999999998,4.0,28509,21.0153986460416,63.374864078010454,8.0,64.0,-64.0,64.0,1.0
---------O--------OXX-----OOOOO---OOOO----O--------------------- X;,1,50,2,12,-10,0,34,-64,0,5.875000000000001,0.12500000000000003,4.625,0.37499999999999994,2.9999999999999996,9.875,0.125,0.625,0.375,3.0,4.625,0.37499999999999994,2.9999999999999996,326800,11.983470012239902,63.64802325581395,4.0,64.0,-64.0,64.0,1.0
-----------O--O----OOO----XOXO----OOOO-------O------------------ X;,1,50,2,12,-10,0,36,-64,0,4.375,0.6250000000000001,0.12500000000000003,1.875,7.000000000000001,9.875,0.125,0.625,0.375,3.0,0.12500000000000003,1.875,7.000000000000001,98969,20.312703978013317,63.12578686255292,8.0,64.0,-64.0,64.0,1.0
-------------OO----XOO----XOXO----OOOO-------O------------------ X;,1,50,3,11,-8,0,40,-64,0,2.875,0.12500000000000003,0.6250000000000001,3.375,7.000000000000001,9.875,0.125,0.625,0.375,3.0,0.6250000000000001,3.375,7.000000000000001,56831,25.411729513821683,62.06471819957417,14.0,64.0,-64.0,64.0,1.0
---------OOX------OXX----OOOO-----XOOO-------------------------- X;,1,50,4,10,-6,0,32,-64,0,4.750000000000001,1.7500000000000002,1.7500000000000002,1.7500000000000002,4.0,8.25,0.25,0.25,1.25,4.0,1.7500000000000002,1.7500000000000002,4.0,87473,35.88652498485247,61.950430418529145,38.0,64.0,-64.0,64.0,1.0
---------OOX-----OOXX-----OXO-----XOOO-------------------------- X;,1,50,5,9,-4,0,38,-64,0,2.25,1.2500000000000002,1.2500000000000002,3.2499999999999996,5.999999999999999,8.25,0.25,0.25,1.25,4.0,1.2500000000000002,3.2499999999999996,5.999999999999999,33412,39.11672453010894,59.588710642882795,64.0,64.0,-64.0,64.0,1.0
----O----OOO------OXX-----XXO-----XOOO-------------------------- X;,1,50,5,9,-4,0,42,-64,0,2.9999999999999996,0.5000000000000001,0.5000000000000001,2.0000000000000004,8.000000000000002,8.0,0.5,0.5,1.0,4.0,0.5000000000000001,2.0000000000000004,8.000000000000002,8043,38.326495088897175,50.768121347755816,64.0,64.0,-64.0,64.0,1.0
---------O-------OOXX----XOXO-----OOO-----O-O------------------- X;,1,50,4,10,-6,0,42,-64,0,2.625,0.37499999999999994,1.375,1.6249999999999998,8.000000000000002,8.625,0.375,0.375,0.625,4.0,1.375,1.6249999999999998,8.000000000000002,19468,38.513663447709064,58.39202794329155,64.0,64.0,-64.0,64.0,1.0
---------OOX------OXX-----OXO-----OOOO----O--------------------- X;,1,50,4,10,-6,0,42,-64,0,2.625,0.37499999999999994,3.375,1.6249999999999998,5.999999999999999,8.625,0.375,0.375,0.625,4.0,3.375,1.6249999999999998,5.999999999999999,12686,31.821693205107994,59.79189657890588,22.0,64.0,-64.0,64.0,1.0
---------OOX------OXX-----XXO----OOOOO-------------------------- X;,1,50,5,9,-4,0,52,-64,0,1.7500000000000002,0.25,1.7500000000000002,2.25,8.000000000000002,8.25,0.75,0.25,0.75,4.0,1.7500000000000002,2.25,8.000000000000002,2681,41.421857515852295,50.95113763521074,64.0,64.0,-64.0,64.0,1.0
---------O-------OOXX----OXXO----OOOO-------O------------------- X;,1,50,4,10,-6,0,62,-64,0,2.25,1.2500000000000002,0.7499999999999999,1.7500000000000002,8.000000000000002,8.25,0.25,0.75,0.75,4.0,0.7499999999999999,1.7500000000000002,8.000000000000002,757,33.712021136063406,39.18361955085865,64.0,64.0,-64.0,64.0,1.0
---------O--------OOOO----XXXO----XOOOO------------------------- X;,1,50,4,10,-6,0,34,-64,0,1.875,0.12500000000000003,0.6250000000000001,0.37499999999999994,11.0,9.875,0.125,0.625,0.375,3.0,0.6250000000000001,0.37499999999999994,11.0,199454,12.973908770944679,63.55603798369549,4.0,64.0,-64.0,64.0,1.0
---------O--------OOOOO---XXXO----XOOO-------------------------- X;,1,50,4,10,-6,0,34,-64,0,1.875,0.12500000000000003,0.6250000000000001,0.37499999999999994,11.0,9.875,0.125,0.625,0.375,3.0,0.6250000000000001,0.37499999999999994,11.0,251471,13.005404201677331,63.66129692887053,4.0,64.0,-64.0,64.0,1.0
---------O-------OOOOO----OXXX----XOOO-------------------------- X;,1,50,4,10,-6,0,36,-64,0,1.875,2.125,0.6250000000000001,2.3749999999999996,7.000000000000001,9.875,0.125,0.625,0.375,3.0,0.6250000000000001,2.3749999999999996,7.000000000000001,122275,25.24090778981803,62.98536904518503,12.0,64.0,-64.0,64.0,1.0
--------------O---OOOO----XXXO----OOOOO------------------------- X;,1,50,3,11,-8,0,36,-64,0,3.375,0.6250000000000001,0.12500000000000003,0.875,9.0,9.875,0.125,0.625,0.375,3.0,0.12500000000000003,0.875,9.0,133864,16.07178927867089,63.67761309986255,6.0,64.0,-64.0,64.0,1.0
--------------O---OOOO----XXXO----OOOO-------O------------------ X;,1,50,3,11,-8,0,38,-64,0,4.499999999999999,0.5000000000000001,0.0,1.0,8.000000000000002,11.0,0.0,0.5,0.5,2.0,0.0,1.0,8.000000000000002,51336,24.08816425120773,62.285881252921925,12.0,64.0,-64.0,64.0,1.0
---------OX-O-----XXO-----XOO-----OOO----O--O------------------- X;,1,50,4,10,-6,0,32,-64,0,4.750000000000001,0.25,0.7499999999999999,2.25,5.999999999999999,8.25,0.75,0.25,0.75,4.0,0.7499999999999999,2.25,5.999999999999999,436553,13.930482667625695,63.76118363635114,4.0,64.0,-64.0,64.0,1.0
---------O-------OXXX----OOOO----OOOOO-------------------------- X;,1,50,3,11,-8,0,34,-64,0,5.25,0.25,3.7500000000000004,0.7499999999999999,4.0,8.25,0.25,0.75,0.75,4.0,3.7500000000000004,0.7499999999999999,4.0,215510,23.77203842049093,63.27213586376502,10.0,64.0,-64.0,64.0,1.0
---------O-O-----XXOX-----XOO----OOOOO-------------------------- X;,1,50,4,10,-6,0,38,-64,0,5.25,1.7500000000000002,0.25,0.7499999999999999,5.999999999999999,8.25,0.75,0.25,0.75,4.0,0.25,0.7499999999999999,5.999999999999999,34858,40.015032417235645,61.99322967468013,64.0,64.0,-64.0,64.0,1.0
---------OX-O-----XOO-----OXO----OOOO-------O------------------- X;,1,50,3,11,-8,0,46,-64,0,5.25,0.25,0.25,2.25,5.999999999999999,8.25,0.25,0.25,1.25,4.0,0.25,2.25,5.999999999999999,8603,31.394862257352088,63.57084737882134,18.0,64.0,-64.0,64.0,1.0
---------OO------XOOX-----OXO----OOOOO-------------------------- X;,1,50,3,11,-8,0,56,-64,0,2.75,0.7499999999999999,1.7500000000000002,2.75,5.999999999999999,8.25,0.25,0.25,1.25,4.0,1.7500000000000002,2.75,5.999999999999999,1967,42.02846975088968,53.69496695475343,64.0,64.0,-64.0,64.0,1.0
--------OO-------OXXX-----OXO----OOOOO-------------------------- X;,1,50,4,10,-6,0,60,-64,0,2.0000000000000004,0.5000000000000001,3.5,2.0000000000000004,5.999999999999999,8.0,0.5,0.5,1.0,4.0,3.5,2.0000000000000004,5.999999999999999,1372,40.932944606414,46.53061224489796,64.0,64.0,-64.0,64.0,1.0
---------O-O-----XXOX-----XOO----OOOO-------O------------------- X;,1,50,4,10,-6,0,34,-64,0,5.25,3.7500000000000004,0.25,0.7499999999999999,4.0,8.25,0.75,0.25,0.75,4.0,0.25,0.7499999999999999,4.0,65015,29.916788433438438,62.50046912251019,18.0,64.0,-64.0,64.0,1.0
---------OX-O-----XXO-----XOO-----OOOO---O---------------------- X;,1,50,4,10,-6,0,34,-64,0,4.750000000000001,0.25,0.7499999999999999,2.25,5.999999999999999,8.25,0.75,0.25,0.75,4.0,0.7499999999999999,2.25,5.999999999999999,197673,21.329306480905334,63.42823754382238,10.0,64.0,-64.0,64.0,1.0
---------O-------OXXX----OOOO----OOOO-------O------------------- X;,1,50,3,11,-8,0,36,-64,0,5.25,0.25,1.7500000000000002,0.7499999999999999,5.999999999999999,8.25,0.25,0.75,0.75,4.0,1.7500000000000002,0.7499999999999999,5.999999999999999,104790,32.23086172344689,62.33266533066132,22.0,64.0,-64.0,64.0,1.0
---------OX-O-----XOO-----OXO----OOOOO-------------------------- X;,1,50,3,11,-8,0,42,-64,0,5.25,0.25,0.25,2.25,5.999999999999999,8.25,0.25,0.25,1.25,4.0,0.25,2.25,5.999999999999999,6128,35.68113577023499,62.8322454308094,34.0,64.0,-64.0,64.0,1.0
--------OO-------OXXX-----OXO----OOOO-------O------------------- X;,1,50,4,10,-6,0,62,-64,0,2.0000000000000004,0.5000000000000001,1.4999999999999998,2.0000000000000004,8.000000000000002,8.0,0.5,0.5,1.0,4.0,1.4999999999999998,2.0000000000000004,8.000000000000002,1358,38.52577319587629,46.19734904270987,64.0,64.0,-64.0,64.0,1.0
---------OO------XOOX-----OXO----OOOO-------O------------------- X;,1,50,3,11,-8,0,62,-64,0,2.75,1.7500000000000002,0.7499999999999999,2.75,5.999999999999999,8.25,0.25,0.25,1.25,4.0,0.7499999999999999,2.75,5.999999999999999,1961,41.26874043855176,51.13819479857216,64.0,64.0,-64.0,64.0,1.0
---------OOX------OXX----OOOO-----XOO-------O------------------- X;,1,50,4,10,-6,0,36,-64,0,4.750000000000001,0.7499999999999999,0.7499999999999999,1.7500000000000002,5.999999999999999,8.25,0.25,0.25,1.25,4.0,0.7499999999999999,1.7500000000000002,5.999999999999999,117841,31.911355131066436,62.31243794604595,20.0,64.0,-64.0,64.0,1.0
---------OOX-----OOXX-----OXO-----XOO-------O------------------- X;,1,50,5,9,-4,0,38,-64,0,2.25,0.25,0.25,3.2499999999999996,8.000000000000002,8.25,0.25,0.25,1.25,4.0,0.25,3.2499999999999996,8.000000000000002,33597,39.109801470369376,59.55341250706908,64.0,64.0,-64.0,64.0,1.0
---------O-------OOXX----XOXO-----OOOO----O--------------------- X;,1,50,4,10,-6,0,38,-64,0,2.625,0.37499999999999994,3.375,1.6249999999999998,5.999999999999999,8.625,0.375,0.375,0.625,4.0,3.375,1.6249999999999998,5.999999999999999,36337,33.65737402647439,60.66730880369871,28.0,64.0,-64.0,64.0,1.0
---------O-------OOXX---OOOOO-----XOOO-------------------------- X;,1,50,3,11,-8,0,38,-64,0,5.000000000000001,1.4999999999999998,1.4999999999999998,2.0000000000000004,4.0,8.0,0.5,0.5,1.0,4.0,1.4999999999999998,2.0000000000000004,4.0,19377,35.546162976724986,58.50575424472313,64.0,64.0,-64.0,64.0,1.0
---------O-------OOXX----OXXO---O-XOOO-------------------------- X;,1,50,5,9,-4,0,40,-64,0,2.9999999999999996,0.5000000000000001,0.5000000000000001,2.0000000000000004,8.000000000000002,8.0,0.5,0.5,1.0,4.0,0.5000000000000001,2.0000000000000004,8.000000000000002,8452,39.14316138192144,52.579981069569335,64.0,64.0,-64.0,64.0,1.0
---------OOX------OXX-----OXO-----OOO-----O-O------------------- X;,1,50,4,10,-6,0,48,-64,0,2.625,0.37499999999999994,1.375,1.6249999999999998,8.000000000000002,8.625,0.375,0.375,0.625,4.0,1.375,1.6249999999999998,8.000000000000002,3595,34.90069541029207,51.23949930458971,64.0,64.0,-64.0,64.0,1.0
---------OOX------OXX-----XXO----OOOO-------O------------------- X;,1,50,5,9,-4,0,50,-64,0,1.7500000000000002,1.2500000000000002,0.7499999999999999,2.25,8.000000000000002,8.25,0.75,0.25,0.75,4.0,0.7499999999999999,2.25,8.000000000000002,15396,36.83606131462717,60.63107300597558,62.0,64.0,-64.0,64.0,1.0
---------O-------OOXX----OXXO----OOOOO-------------------------- X;,1,50,4,10,-6,0,62,-64,0,2.25,0.25,1.7500000000000002,1.7500000000000002,8.000000000000002,8.25,0.25,0.75,0.75,4.0,1.7500000000000002,1.7500000000000002,8.000000000000002,867,35.976931949250286,41.05882352941177,64.0,64.0,-64.0,64.0,1.0
------------------OOX----OXOX----XXOO------OOO------------------ X;,1,50,5,9,-4,1,6,-64,0,2.0000000000000004,1.0,2.0000000000000004,2.9999999999999996,5.999999999999999,10.0,0.0,1.0,1.0,2.0,2.0000000000000004,2.9999999999999996,5.999999999999999,1454381,7.630836761481345,63.91868430624437,4.0,64.0,-64.0,64.0,1.0
------------------O-X----OOXX----XOXO-----OOOO------------------ X;,1,50,5,9,-4,1,6,-64,0,4.375,0.6250000000000001,0.12500000000000003,1.875,7.000000000000001,9.875,0.125,0.625,0.375,3.0,0.12500000000000003,1.875,7.000000000000001,674062,8.68898706647163,63.8016799641576,4.0,64.0,-64.0,64.0,1.0
-----------------OO-X----OOXX----XXOO------OOO------------------ X;,1,50,5,9,-4,0,6,-64,0,1.2500000000000002,0.7499999999999999,0.25,2.75,9.0,8.75,0.25,0.75,1.25,3.0,0.25,2.75,9.0,523627,7.394179444528262,63.84381630435406,4.0,64.0,-64.0,64.0,1.0
-----------OOO----OXX------XXO----XXOO-------O------------------ X;,1,50,6,8,-2,1,8,-64,0,2.75,0.25,1.7500000000000002,2.25,7.000000000000001,8.75,0.25,0.75,1.25,3.0,1.7500000000000002,2.25,7.000000000000001,165519,8.372066046798253,63.775131555893886,4.0,64.0,-64.0,64.0,1.0
------------------O-X----OXXX---OOOOO------OOO------------------ X;,1,50,4,10,-6,0,8,-64,0,1.7500000000000002,1.2500000000000002,0.7499999999999999,1.2500000000000002,9.0,8.75,0.25,0.75,1.25,3.0,0.7499999999999999,1.2500000000000002,9.0,511957,6.919299863074438,63.881888517981004,4.0,64.0,-64.0,64.0,1.0
-----------XO------XXO----OXX-----OOOOO---O--------------------- X;,1,50,5,9,-4,0,12,-64,0,1.2500000000000002,1.2500000000000002,3.2499999999999996,1.2500000000000002,7.000000000000001,9.25,0.25,0.25,1.25,3.0,3.2499999999999996,1.2500000000000002,7.000000000000001,817363,6.389427953063694,63.927104603462595,4.0,64.0,-64.0,64.0,1.0
-----------OX-----OOX------OXO----XOOO-----O-O------------------ X;,1,50,4,10,-6,0,12,-64,0,2.5000000000000004,0.5000000000000001,0.0,2.9999999999999996,8.000000000000002,10.0,0.0,0.5,1.5,2.0,0.0,2.9999999999999996,8.000000000000002,626521,5.903498845210296,63.94440729041804,4.0,64.0,-64.0,64.0,1.0
-----------OX------OX-----OOOO----XOOO-----O-O------------------ X;,1,50,3,11,-8,0,6,-64,0,5.375,0.6250000000000001,0.12500000000000003,1.875,5.999999999999999,10.875,0.125,0.625,0.375,2.0,0.12500000000000003,1.875,5.999999999999999,1002387,6.397734607491917,63.9653467173856,4.0,64.0,-64.0,64.0,1.0
-----------OX------XX-----OXOO----OOOO----O--O------------------ X;,1,50,4,10,-6,0,8,-64,0,2.5000000000000004,0.5000000000000001,4.499999999999999,1.4999999999999998,5.000000000000001,10.0,0.0,1.0,0.0,3.0,4.499999999999999,1.4999999999999998,5.000000000000001,172250,10.273706821480406,63.71361393323657,4.0,64.0,-64.0,64.0,1.0
-----------------O-OX----OOXX----XXOO------OOO------------------ X;,1,50,5,9,-4,0,8,-64,0,0.875,0.6250000000000001,0.6250000000000001,2.875,9.0,9.375,0.125,1.125,0.375,3.0,0.6250000000000001,2.875,9.0,908839,8.485078215173425,63.84638643368077,4.0,64.0,-64.0,64.0,1.0
-----------OX------XX-----OXOO----XOOO------OO------------------ X;,1,50,5,9,-4,1,10,-64,0,1.375,0.6250000000000001,1.1249999999999998,2.875,8.000000000000002,10.875,0.125,0.625,0.375,2.0,1.1249999999999998,2.875,8.000000000000002,468479,11.163262387428253,63.782295471088354,4.0,64.0,-64.0,64.0,1.0
-----------OX------XX-----OXOO---OOOOO-------O------------------ X;,1,50,4,10,-6,0,10,-64,0,1.875,1.1249999999999998,4.625,1.375,5.000000000000001,9.875,0.125,0.625,0.375,3.0,4.625,1.375,5.000000000000001,988560,5.950352027191066,63.93775188152464,4.0,64.0,-64.0,64.0,1.0
-------------------OX----OOXX----OXOO---O--OOO------------------ X;,1,50,4,10,-6,0,10,-64,0,1.375,0.12500000000000003,1.1249999999999998,2.3749999999999996,9.0,9.375,0.125,1.125,0.375,3.0,1.1249999999999998,2.3749999999999996,9.0,414990,8.8600930142895,63.78777801874744,4.0,64.0,-64.0,64.0,1.0
-------------------OX----OXXX---OOOOO------OOO------------------ X;,1,50,4,10,-6,0,12,-64,0,1.375,2.125,1.1249999999999998,0.37499999999999994,9.0,9.375,0.125,1.125,0.375,3.0,1.1249999999999998,0.37499999999999994,9.0,252068,12.571679070726947,63.46600917212815,4.0,64.0,-64.0,64.0,1.0
-------------------OX----OXXX----OXOO----O-OOO------------------ X;,1,50,5,9,-4,0,14,-64,0,0.875,0.6250000000000001,2.625,0.875,9.0,9.375,0.125,1.125,0.375,3.0,2.625,0.875,9.0,347741,9.5533514886079,63.755806764229696,4.0,64.0,-64.0,64.0,1.0
-------------------OO----OXOXX---XXOO------OOO------------------ X;,1,50,5,9,-4,1,8,-64,0,1.375,0.6250000000000001,6.125,1.875,4.0,10.875,0.125,0.625,0.375,2.0,6.125,1.875,4.0,643133,6.032649545272906,63.8710189027775,4.0,64.0,-64.0,64.0,1.0
------------------O-O----OXOXX---XXXO------OOO------------------ X;,1,50,6,8,-2,0,10,-64,0,1.0,1.0,4.499999999999999,5.5,2.0000000000000004,10.0,0.0,0.5,1.5,2.0,4.499999999999999,5.5,2.0000000000000004,949978,6.0339039430386805,63.95446631395674,4.0,64.0,-64.0,64.0,1.0
-----------OX------XX------XXO----OXOO-----O-O----O------------- X;,1,50,6,8,-2,0,12,-64,0,1.875,0.6250000000000001,2.125,2.3749999999999996,7.000000000000001,9.375,0.125,0.625,0.875,3.0,2.125,2.3749999999999996,7.000000000000001,249753,5.799970370726277,63.920449404011165,4.0,64.0,-64.0,64.0,1.0
-----------OX------XX------XXO----OXOO-----O-O------O----------- X;,1,50,6,8,-2,0,12,-64,0,1.875,1.1249999999999998,2.125,2.875,5.999999999999999,9.875,0.125,1.125,0.875,2.0,2.125,2.875,5.999999999999999,120135,6.576235068880842,63.85669455196238,4.0,64.0,-64.0,64.0,1.0
-----------------O--O----OOXXX---XXOO------OOO------------------ X;,1,50,5,9,-4,0,12,-64,0,0.875,2.625,2.125,1.375,7.000000000000001,9.375,0.125,0.625,0.875,3.0,2.125,1.375,7.000000000000001,584669,6.167020998205823,63.881450872202905,4.0,64.0,-64.0,64.0,1.0
-------------------O------XXXXO----OOOOO--OOO------------------- X;,1,50,4,10,-6,0,14,-64,0,1.375,0.12500000000000003,2.625,0.875,9.0,9.375,0.125,0.625,0.875,3.0,2.625,0.875,9.0,497921,6.260145685761396,63.8582385559155,4.0,64.0,-64.0,64.0,1.0
-----------XO------XO-----OXO-----OOOO----O-O-------O----------- X;,1,50,3,11,-8,0,18,-64,0,3.375,0.6250000000000001,0.6250000000000001,1.375,8.000000000000002,9.875,0.125,1.125,0.875,2.0,0.6250000000000001,1.375,8.000000000000002,56811,13.818345038812906,63.253524845540475,4.0,64.0,-64.0,64.0,1.0
--------------------O----OXOXX---OOXO----O-OOO------------------ X;,1,50,4,10,-6,0,20,-64,0,1.375,0.12500000000000003,2.625,4.875000000000001,5.000000000000001,9.375,0.125,0.625,0.875,3.0,2.625,4.875000000000001,5.000000000000001,132775,6.940493315759744,63.71371116550556,4.0,64.0,-64.0,64.0,1.0
----------OOX------OXX----OOOO-----XOO-------O------------------ X;,1,50,4,10,-6,0,10,-64,0,2.25,0.7499999999999999,1.2500000000000002,3.7500000000000004,5.999999999999999,8.75,0.25,0.75,0.25,4.0,1.2500000000000002,3.7500000000000004,5.999999999999999,753419,7.67465115692596,63.864861385231855,4.0,64.0,-64.0,64.0,1.0
----O-----OOO------OOX-----XOO-----XOO-------O------------------ X;,1,50,3,11,-8,0,12,-64,0,2.75,0.25,0.7499999999999999,1.2500000000000002,9.0,7.75,0.25,0.75,0.25,5.0,0.7499999999999999,1.2500000000000002,9.0,376306,9.916748603530106,63.6440715800439,4.0,64.0,-64.0,64.0,1.0
----------OOX-----OOXX-----OXO-----XOO-------O------------------ X;,1,50,5,9,-4,0,14,-64,0,0.875,1.1249999999999998,0.6250000000000001,7.375,4.0,8.875,0.125,0.625,0.375,4.0,0.6250000000000001,7.375,4.0,260887,9.181270051784873,63.68186226220548,4.0,64.0,-64.0,64.0,1.0
-----O----OOO------OXX-----XXO-----XOO-------O------------------ X;,1,50,5,9,-4,0,14,-64,0,2.25,0.7499999999999999,1.2500000000000002,2.75,7.000000000000001,7.75,0.25,0.75,0.25,5.0,1.2500000000000002,2.75,7.000000000000001,270046,8.984343408160091,63.687616183909405,4.0,64.0,-64.0,64.0,1.0
----------OOX------OOOO----XXO-----XOO-------O------------------ X;,1,50,4,10,-6,0,16,-64,0,4.499999999999999,1.0,0.0,1.4999999999999998,7.000000000000001,8.0,0.5,0.5,0.0,5.0,0.0,1.4999999999999998,7.000000000000001,185730,15.147181392343725,63.18594734291714,4.0,64.0,-64.0,64.0,1.0
-----------XOO----XXO-----OXO-----OOO-----O-O------------------- X;,1,50,4,10,-6,0,18,-64,0,2.25,0.7499999999999999,0.25,2.75,8.000000000000002,8.75,0.25,0.75,0.25,4.0,0.25,2.75,8.000000000000002,57412,11.629624468752176,63.50933602731136,4.0,64.0,-64.0,64.0,1.0
----------OOOO-----OXO-----XXO-----XOO-------O------------------ X;,1,50,4,10,-6,0,18,-64,0,3.5,0.5000000000000001,1.4999999999999998,1.4999999999999998,7.000000000000001,8.0,0.0,1.0,0.0,5.0,1.4999999999999998,1.4999999999999998,7.000000000000001,43119,11.181381757461908,62.968343421693454,4.0,64.0,-64.0,64.0,1.0
-----------XOO----XXO-----OXX-----OOOO----O--------------------- X;,1,50,5,9,-4,0,20,-64,0,1.2500000000000002,1.7500000000000002,1.2500000000000002,1.7500000000000002,8.000000000000002,8.75,0.25,0.75,0.25,4.0,1.2500000000000002,1.7500000000000002,8.000000000000002,61289,17.067826200460114,62.959552285075624,4.0,64.0,-64.0,64.0,1.0
-----------XO------OO-----OXO----OOOO---O-O-O------------------- X;,1,50,2,12,-10,0,10,-64,0,4.625,0.37499999999999994,0.37499999999999994,2.625,5.999999999999999,8.625,0.375,0.375,0.625,4.0,0.37499999999999994,2.625,5.999999999999999,107676,12.539080203573684,63.68091310969947,4.0,64.0,-64.0,64.0,1.0
------------X-----OOOO---XOOO----OOOOO-------------------------- X;,1,50,2,12,-10,0,10,-64,0,8.25,1.2500000000000002,0.25,0.25,4.0,9.25,0.25,0.25,0.25,4.0,0.25,0.25,4.0,617036,12.180086737240615,63.78103384567513,4.0,64.0,-64.0,64.0,1.0
-----------OX------OOO---XXOO----OOOOO-------------------------- X;,1,50,3,11,-8,0,12,-64,0,5.375,2.125,0.12500000000000003,0.37499999999999994,5.999999999999999,9.375,0.125,0.125,0.375,4.0,0.12500000000000003,0.37499999999999994,5.999999999999999,704445,9.847843337662983,63.82849193336598,4.0,64.0,-64.0,64.0,1.0
------------X---O--XOO---OXXO----OOOOO-------------------------- X;,1,50,4,10,-6,0,12,-64,0,1.6249999999999998,0.37499999999999994,1.375,2.625,8.000000000000002,8.625,0.375,0.375,0.625,4.0,1.375,2.625,8.000000000000002,552593,10.45507634009117,63.82011353744981,4.0,64.0,-64.0,64.0,1.0
------------X------XOO--OOOOO----OOOOO-------------------------- X;,1,50,2,12,-10,0,12,-64,0,5.625,1.375,2.3749999999999996,0.6250000000000001,4.0,8.625,0.375,0.375,0.625,4.0,2.3749999999999996,0.6250000000000001,4.0,1283225,6.195270509848234,63.942407605836856,4.0,64.0,-64.0,64.0,1.0
----------O-X------OOO---XXXO----OOOOO-------------------------- X;,1,50,4,10,-6,0,14,-64,0,2.625,1.375,0.37499999999999994,1.6249999999999998,8.000000000000002,8.625,0.375,0.375,0.625,4.0,0.37499999999999994,1.6249999999999998,8.000000000000002,209713,17.244376838822582,63.6633303610172,4.0,64.0,-64.0,64.0,1.0
------------X----O-XOO---OOXO----OOOOO-------------------------- X;,1,50,3,11,-8,0,14,-64,0,2.625,1.375,2.3749999999999996,1.6249999999999998,5.999999999999999,8.625,0.375,0.375,0.625,4.0,2.3749999999999996,1.6249999999999998,5.999999999999999,143843,13.303407187002495,63.63753536842252,4.0,64.0,-64.0,64.0,1.0
-----------XO------XO---O-XXO----OOOO-----O-O------------------- X;,1,50,4,10,-6,0,16,-64,0,1.6249999999999998,0.37499999999999994,0.37499999999999994,3.6250000000000004,8.000000000000002,8.625,0.375,0.375,0.625,4.0,0.37499999999999994,3.6250000000000004,8.000000000000002,307010,10.987700726360705,63.75623595322628,4.0,64.0,-64.0,64.0,1.0
-----------XO------XO-----XXO---OOOOO-----O-O------------------- X;,1,50,4,10,-6,0,16,-64,0,1.6249999999999998,0.37499999999999994,0.37499999999999994,3.6250000000000004,8.000000000000002,8.625,0.375,0.375,0.625,4.0,0.37499999999999994,3.6250000000000004,8.000000000000002,301349,11.376576660284256,63.730936555289716,4.0,64.0,-64.0,64.0,1.0
----O-----OOO------OXX-----XOO-----XOO-------O------------------ X;,1,50,4,10,-6,0,12,-64,0,1.2500000000000002,0.7499999999999999,1.2500000000000002,1.7500000000000002,9.0,7.75,0.25,0.75,0.25,5.0,1.2500000000000002,1.7500000000000002,9.0,491057,9.560751603174378,63.77828643110678,4.0,64.0,-64.0,64.0,1.0
---O-------OO-----XXX-----OXX-----OOOO----O--------------------- X;,1,50,5,9,-4,0,14,-64,0,0.7499999999999999,0.25,3.7500000000000004,1.2500000000000002,8.000000000000002,8.75,0.25,0.75,0.25,4.0,3.7500000000000004,1.2500000000000002,8.000000000000002,62156,21.4981659051419,63.16744964283416,8.0,64.0,-64.0,64.0,1.0
----O------OO-----OXXX-----OXO-----XOO-------O------------------ X;,1,50,5,9,-4,0,14,-64,0,0.875,0.12500000000000003,2.625,6.374999999999999,4.0,8.875,0.125,0.625,0.375,4.0,2.625,6.374999999999999,4.0,192610,11.907471055500753,63.56080161985359,4.0,64.0,-64.0,64.0,1.0
----O------OOO-----XXO-----XXO-----XOO-------O------------------ X;,1,50,5,9,-4,0,14,-64,0,2.75,0.25,2.75,1.2500000000000002,7.000000000000001,7.75,0.25,0.75,0.25,5.0,2.75,1.2500000000000002,7.000000000000001,129500,9.221791505791506,63.45145945945946,4.0,64.0,-64.0,64.0,1.0
----O------OO------XXO-----XXOO----XOO-------O------------------ X;,1,50,5,9,-4,0,14,-64,0,3.2499999999999996,0.25,2.25,1.2500000000000002,7.000000000000001,8.25,0.25,0.25,0.25,5.0,2.25,1.2500000000000002,7.000000000000001,128229,9.587160470720352,63.61136716343417,4.0,64.0,-64.0,64.0,1.0
----O------OO------OXX----OOOO-----XOO-------O------------------ X;,1,50,3,11,-8,0,14,-64,0,2.75,0.25,1.7500000000000002,3.2499999999999996,5.999999999999999,8.75,0.25,0.75,0.25,4.0,1.7500000000000002,3.2499999999999996,5.999999999999999,398736,9.046150836643795,63.78854179206292,4.0,64.0,-64.0,64.0,1.0
---O-------OO-----XXO-----OXO-----OOO-----O-O------------------- X;,1,50,3,11,-8,0,22,-64,0,2.75,0.25,0.7499999999999999,2.25,8.000000000000002,8.75,0.25,0.75,0.25,4.0,0.7499999999999999,2.25,8.000000000000002,103845,15.546843853820597,63.48384611680871,4.0,64.0,-64.0,64.0,1.0
--X--------XOO----OXX------OXO-----XOO-------O------------------ X;,1,50,6,8,-2,0,14,-64,0,1.2500000000000002,0.7499999999999999,2.25,5.749999999999999,4.0,7.75,0.25,0.75,1.25,4.0,2.25,5.749999999999999,4.0,66002,15.782552043877459,63.64155631647526,4.0,64.0,-64.0,64.0,1.0
----------------X--O-----XOOX----OXOO----O-OOO------------------ X;,1,50,4,10,-6,0,18,-64,0,2.625,0.875,1.375,3.1250000000000004,5.999999999999999,8.125,0.375,0.875,0.625,4.0,1.375,3.1250000000000004,5.999999999999999,55396,17.151346667629433,62.683659469997835,4.0,64.0,-64.0,64.0,1.0
----------------XO-------OOXX----OXOO----O-OOO------------------ X;,1,50,4,10,-6,0,24,-64,0,1.875,0.6250000000000001,1.6249999999999998,0.875,9.0,7.375,0.125,1.125,0.375,5.0,1.6249999999999998,0.875,9.0,5847,24.62527792030101,60.19155122284933,14.0,64.0,-64.0,64.0,1.0
-----X----OOX------OX-----OXO-----OOOO----O--------------------- X;,1,50,4,10,-6,0,32,-64,0,2.625,0.875,1.375,3.1250000000000004,5.999999999999999,8.125,0.375,0.875,0.625,4.0,1.375,3.1250000000000004,5.999999999999999,8805,19.124588302101078,61.00783645655877,10.0,64.0,-64.0,64.0,1.0
----------OX------XXX---OOOOO----O-OOO-------------------------- X;,1,50,4,10,-6,0,12,-64,0,4.625,0.875,3.375,1.1249999999999998,4.0,7.625,0.875,0.375,1.125,4.0,3.375,1.1249999999999998,4.0,482935,13.046385124292089,63.6972677482477,4.0,64.0,-64.0,64.0,1.0
---O------OO------XOX----XXOO----O-OOO-------------------------- X;,1,50,4,10,-6,0,14,-64,0,4.625,1.875,0.37499999999999994,1.1249999999999998,5.999999999999999,7.625,0.875,0.375,1.125,4.0,0.37499999999999994,1.1249999999999998,5.999999999999999,54742,21.044682328011397,63.011727741039785,6.0,64.0,-64.0,64.0,1.0
----------OX------OXX----XOXO----OOOOO-------------------------- X;,1,50,5,9,-4,1,16,-64,0,1.6249999999999998,0.37499999999999994,3.375,2.625,5.999999999999999,8.625,0.375,0.375,0.625,4.0,3.375,2.625,5.999999999999999,177837,23.642324150767276,63.27216496004768,10.0,64.0,-64.0,64.0,1.0
-----------XO----OXO-----OOXO----OOOO-------O------------------- X;,1,50,3,11,-8,0,20,-64,0,3.875,1.1249999999999998,0.6250000000000001,2.3749999999999996,5.999999999999999,8.375,0.625,0.125,0.875,4.0,0.6250000000000001,2.3749999999999996,5.999999999999999,76064,18.300457509465712,63.143037442153975,6.0,64.0,-64.0,64.0,1.0
----------OX-----OXXX----OOXO----O-OOO-------------------------- X;,1,50,5,9,-4,1,30,-64,0,1.875,0.6250000000000001,3.1250000000000004,2.3749999999999996,5.999999999999999,7.875,0.625,0.125,1.375,4.0,3.1250000000000004,2.3749999999999996,5.999999999999999,16629,31.59300018040772,60.29033615972097,24.0,64.0,-64.0,64.0,1.0
---------OOX------OXX----XXOO----O-OOO-------------------------- X;,1,50,5,9,-4,0,32,-64,0,5.25,0.25,0.7499999999999999,1.7500000000000002,5.999999999999999,7.75,0.75,0.25,1.25,4.0,0.7499999999999999,1.7500000000000002,5.999999999999999,76703,32.64654576744065,61.82722970418367,22.0,64.0,-64.0,64.0,1.0
-----------O------XOX---OOOOO----OXOOO-------------------------- X;,1,50,3,11,-8,0,12,-64,0,5.625,0.37499999999999994,0.37499999999999994,3.6250000000000004,4.0,8.625,0.375,0.375,0.625,4.0,0.37499999999999994,3.6250000000000004,4.0,263469,11.278806994371255,63.68006103184815,4.0,64.0,-64.0,64.0,1.0
-----------XO-----XXX----OOXO-----OOO------OO------------------- X;,1,50,5,9,-4,0,14,-64,0,1.875,1.1249999999999998,0.6250000000000001,1.375,9.0,9.875,0.125,0.625,0.375,3.0,0.6250000000000001,1.375,9.0,62753,24.28757190891272,63.05521648367409,12.0,64.0,-64.0,64.0,1.0
-----------XO-----XXX----OOXO-----OOO-----O-O------------------- X;,1,50,5,9,-4,0,16,-64,0,1.2500000000000002,1.2500000000000002,1.2500000000000002,2.25,8.000000000000002,9.25,0.25,0.25,0.25,4.0,1.2500000000000002,2.25,8.000000000000002,475989,14.925618028988065,63.81836975224218,4.0,64.0,-64.0,64.0,1.0
----O------OO-----OXX----OOXO-----XOO-------O------------------- X;,1,50,4,10,-6,0,18,-64,0,2.625,0.37499999999999994,0.37499999999999994,2.625,8.000000000000002,8.625,0.375,0.375,0.625,4.0,0.37499999999999994,2.625,8.000000000000002,113098,10.346478275477905,63.41433093423403,4.0,64.0,-64.0,64.0,1.0
-----------XO-----XXX----OOXO----OOOO-------O------------------- X;,1,50,5,9,-4,0,20,-64,0,1.875,0.6250000000000001,1.6249999999999998,1.875,8.000000000000002,9.375,0.125,0.125,0.375,4.0,1.6249999999999998,1.875,8.000000000000002,57791,25.3281306777872,63.105431641605094,12.0,64.0,-64.0,64.0,1.0
-----------O-----OOOX----OOXO----OXOOO-------------------------- X;,1,50,3,11,-8,0,24,-64,0,2.625,0.37499999999999994,0.37499999999999994,4.625,5.999999999999999,8.625,0.375,0.375,0.625,4.0,0.37499999999999994,4.625,5.999999999999999,33967,23.23502222745606,61.53813995937233,12.0,64.0,-64.0,64.0,1.0
---------O-XO-----OXX----OOOO-----XOO-------O------------------- X;,1,50,4,10,-6,0,30,-64,0,4.750000000000001,1.2500000000000002,0.25,1.7500000000000002,5.999999999999999,8.75,0.25,0.25,0.75,4.0,0.25,1.7500000000000002,5.999999999999999,264228,22.3402364624491,63.46489395522049,10.0,64.0,-64.0,64.0,1.0
-----------------OXXX---OOOXO----OXOOO-------------------------- X;,1,50,5,9,-4,0,12,-64,0,2.125,1.375,1.875,2.625,5.999999999999999,8.125,0.375,0.875,0.625,4.0,1.875,2.625,5.999999999999999,868924,9.834936081866768,63.810063941150204,4.0,64.0,-64.0,64.0,1.0
---O-------OO----OXXX-----OXO-----XOO-------O------------------- X;,1,50,5,9,-4,0,14,-64,0,2.125,0.37499999999999994,0.875,2.625,8.000000000000002,8.125,0.375,0.875,0.625,4.0,0.875,2.625,8.000000000000002,89110,16.274559533161263,63.37789249242509,4.0,64.0,-64.0,64.0,1.0
------------------XXX---OOXXO----OOOOO-----O-------------------- X;,1,50,5,9,-4,0,14,-64,0,1.875,0.12500000000000003,1.1249999999999998,1.875,9.0,9.375,0.625,0.625,0.375,3.0,1.1249999999999998,1.875,9.0,610305,9.507213606311598,63.821849730872266,4.0,64.0,-64.0,64.0,1.0
---O-------OO-----OXX----OOOO-----XOO-------O------------------- X;,1,50,3,11,-8,0,16,-64,0,5.625,0.37499999999999994,0.37499999999999994,1.6249999999999998,5.999999999999999,8.625,0.375,0.375,0.625,4.0,0.37499999999999994,1.6249999999999998,5.999999999999999,136287,18.59069463705269,63.00587730304431,4.0,64.0,-64.0,64.0,1.0
---O-------OO-----XOX-----OXO----OOOO-------O------------------- X;,1,50,3,11,-8,0,18,-64,0,3.6250000000000004,1.375,0.37499999999999994,2.625,5.999999999999999,8.625,0.375,0.375,0.625,4.0,0.37499999999999994,2.625,5.999999999999999,85013,14.445202498441414,63.68997682707351,4.0,64.0,-64.0,64.0,1.0
---------O--------OXX---OOXOO----OXOOO-------------------------- X;,1,50,4,10,-6,0,30,-64,0,6.25,0.25,0.7499999999999999,0.7499999999999999,5.999999999999999,8.25,0.25,0.75,0.75,4.0,0.7499999999999999,0.7499999999999999,5.999999999999999,76222,21.42887880139592,62.789614546981184,8.0,64.0,-64.0,64.0,1.0
---O-------OO-----XOX-----OOO----OOOO-------O------------------- X;,1,50,2,12,-10,0,18,-64,0,6.625000000000001,1.375,0.37499999999999994,1.6249999999999998,4.0,8.625,0.375,0.375,0.625,4.0,0.37499999999999994,1.6249999999999998,4.0,98570,9.906888505630516,63.75668053160191,4.0,64.0,-64.0,64.0,1.0
-----------XOO----XXO-----OOO----OOOO-------O------------------- X;,1,50,3,11,-8,0,20,-64,0,5.625,0.37499999999999994,0.37499999999999994,1.6249999999999998,5.999999999999999,8.625,0.375,0.375,0.625,4.0,0.37499999999999994,1.6249999999999998,5.999999999999999,242704,13.923857868020304,63.55064605445316,4.0,64.0,-64.0,64.0,1.0
----------OOO-----OOX-----OXO----OOOO-------O------------------- X;,1,50,2,12,-10,0,30,-64,0,3.6250000000000004,1.375,0.37499999999999994,2.625,5.999999999999999,8.625,0.375,0.375,0.625,4.0,0.37499999999999994,2.625,5.999999999999999,22937,19.676941186728865,61.49261019313772,10.0,64.0,-64.0,64.0,1.0
---------O-XO-----OXX-----OOO----OOOO-------O------------------- X;,1,50,3,11,-8,0,38,-64,0,4.750000000000001,0.25,1.2500000000000002,1.7500000000000002,5.999999999999999,8.75,0.25,0.25,0.75,4.0,1.2500000000000002,1.7500000000000002,5.999999999999999,60899,25.196669896057408,62.97410466510123,12.0,64.0,-64.0,64.0,1.0
-----------------OXXX----OXXO----OOOOO-----O-------------------- X;,1,50,5,9,-4,0,20,-64,0,1.875,0.12500000000000003,1.1249999999999998,1.875,9.0,9.375,0.625,0.625,0.375,3.0,1.1249999999999998,1.875,9.0,352783,13.418259950167666,63.48949921056287,4.0,64.0,-64.0,64.0,1.0
----------OOO----OXXX-----OXO-----XOO-------O------------------- X;,1,50,5,9,-4,0,22,-64,0,2.3749999999999996,0.12500000000000003,0.6250000000000001,2.875,8.000000000000002,8.375,0.125,0.625,0.875,4.0,0.6250000000000001,2.875,8.000000000000002,12337,19.23157980059982,61.37715814217395,4.0,64.0,-64.0,64.0,1.0
----------OOO-----OXX----OOOO-----XOO-------O------------------- X;,1,50,3,11,-8,0,26,-64,0,5.625,0.37499999999999994,0.37499999999999994,1.6249999999999998,5.999999999999999,8.625,0.375,0.375,0.625,4.0,0.37499999999999994,1.6249999999999998,5.999999999999999,76165,22.010766099914658,62.12601588656207,10.0,64.0,-64.0,64.0,1.0
---------O-------OOXX----OXOO----OXOOO-------------------------- X;,1,50,4,10,-6,0,40,-64,0,6.25,0.25,0.7499999999999999,0.7499999999999999,5.999999999999999,8.25,0.25,0.75,0.75,4.0,0.7499999999999999,0.7499999999999999,5.999999999999999,35651,30.61653249558217,60.84496928557404,20.0,64.0,-64.0,64.0,1.0
----------OOO-----XOX-----OXO----OOOO-------O------------------- X;,1,50,3,11,-8,0,46,-64,0,3.6250000000000004,1.375,0.37499999999999994,2.625,5.999999999999999,8.625,0.375,0.375,0.625,4.0,0.37499999999999994,2.625,5.999999999999999,727,11.909215955983495,31.061898211829437,20.0,64.0,-64.0,64.0,1.0
----------OOO-----OXX-----OXO-----OOO-----O-O------------------- X;,1,50,3,11,-8,0,50,-64,0,2.75,0.25,1.7500000000000002,1.2500000000000002,8.000000000000002,8.75,0.25,0.75,0.25,4.0,1.7500000000000002,1.2500000000000002,8.000000000000002,297,-0.5858585858585859,30.65993265993266,10.0,64.0,-64.0,64.0,1.0
---------O-------XXXX---OOOOO----O-OOO-------------------------- X;,1,50,4,10,-6,0,34,-64,0,5.25,0.7499999999999999,2.75,1.2500000000000002,4.0,7.25,0.75,0.75,1.25,4.0,2.75,1.2500000000000002,4.0,7027,33.114273516436604,59.82524548171339,28.0,64.0,-64.0,64.0,1.0
---------OXXO-----XX------XOO-----OOO----O--O------------------- X;,1,50,5,9,-4,0,36,-64,0,4.499999999999999,1.0,0.5000000000000001,2.0000000000000004,5.999999999999999,7.5,1.0,0.5,1.0,4.0,0.5000000000000001,2.0000000000000004,5.999999999999999,5729,42.1989876069122,59.7524873450864,64.0,64.0,-64.0,64.0,1.0
---------OO------XXOX----XXOO----O-OOO-------------------------- X;,1,50,5,9,-4,0,38,-64,0,4.499999999999999,1.4999999999999998,0.5000000000000001,1.4999999999999998,5.999999999999999,7.5,0.5,0.5,1.5,4.0,0.5000000000000001,1.4999999999999998,5.999999999999999,53221,21.94731403017606,62.79363409180586,8.0,64.0,-64.0,64.0,1.0
---------O-O-----XXOX----XXOO----O-OOO-------------------------- X;,1,50,5,9,-4,0,38,-64,0,4.750000000000001,1.7500000000000002,0.25,1.2500000000000002,5.999999999999999,7.75,0.75,0.25,1.25,4.0,0.25,1.2500000000000002,5.999999999999999,54687,31.39192129756615,61.931501088009945,20.0,64.0,-64.0,64.0,1.0
---------OXXO-----XO------OOO----OOOO-------O------------------- X;,1,50,3,11,-8,0,48,-64,0,6.75,0.7499999999999999,0.25,2.25,4.0,7.75,0.75,0.25,1.25,4.0,0.25,2.25,4.0,7168,34.125279017857146,60.813895089285715,30.0,64.0,-64.0,64.0,1.0
--------OO-------OXXX----XOOO----O-OOO-------------------------- X;,1,50,4,10,-6,0,58,-64,0,4.750000000000001,1.2500000000000002,2.25,1.7500000000000002,4.0,7.25,0.75,0.75,1.25,4.0,2.25,1.7500000000000002,4.0,4064,43.878937007874015,53.153543307086615,64.0,64.0,-64.0,64.0,1.0
