parent_obf,n_children,bytes,mean_lb,mean_ub,min_lb,max_ub,median_lb,median_ub,exact_count,exact_fraction,parse_errors,n_filtered_out
--------------------------XXX----OOOOOO---OOOO-----O------------ X;,297690,26793187,12.123934294064295,63.68695622963485,-64,64,4,64,297690,1.0,0,2183
--------------------------XXX---OXOOO---OO-OOO--O--------------- X;,584490,52596379,9.53981419699225,63.92259576725008,-64,64,4,64,584490,1.0,0,1989
---------------------X-----XX----OXOOO---OO-OOO--O-------------- X;,300263,26899079,9.761029497473881,63.91468812341181,-64,64,4,64,300263,1.0,0,384
---------------------X-----XX----OXOOO---XO-OOO----O------------ X;,186852,16748152,7.592179907092244,63.93471838674459,-64,64,4,64,186852,1.0,0,15
---------------------X-----XXX---OOXOOO---X-OOO----------------- X;,2241296,201430921,5.227535318851236,63.98182480136492,-64,64,4,64,2241296,1.0,0,1065
---------------------X-----XXXO--OOXOO----X-OOO----------------- X;,1819707,163404407,6.142937297048371,63.95377387678346,-64,64,4,64,1819707,1.0,0,4114
---------------------X----OOOO----XXO----OOOO--------O--------O- X;,245247,21920490,15.76514289675307,63.81213225849857,-64,64,4,64,245247,1.0,0,19
---------------------X----OOOO----XXX-----OOOOO--O-------------- X;,546691,48889298,9.02271301338416,63.890204887221486,-64,64,4,64,546691,1.0,0,31
---------------------X----OOOO---XXXO----OOOO------O------------ X;,313816,28096830,16.704183343105512,63.71198409258929,-64,64,4,64,313816,1.0,0,563
---------------------X----OOX-----XXO----OOOOO-------O--------O- X;,537539,48076317,10.546334312487094,63.93689760184842,-64,64,4,64,537539,1.0,0,34
---------------------X----OOX----OXXX---OOOOO------O------------ X;,811986,72884607,5.446305724482935,63.965509257548774,-64,64,4,64,811986,1.0,0,303
---------------------X----OOX----XXXO----OOOOO-----O------------ X;,1298252,116679401,5.719313353647828,63.967125026574195,-64,64,4,64,1298252,1.0,0,3022
---------------------X----OOXX---OXXX-----OOOO-----O------------ X;,1299530,116485408,7.015677975883588,63.9716312820789,-64,64,4,64,1299530,1.0,0,563
---------------------X----OXX----OOOOOO---XOO-------O----------- X;,1018117,91233902,6.567001631443144,63.96368000927202,-64,64,4,64,1018117,1.0,0,139
---------------------X----OXX----OOXO-----OOO-----OOO----------- X;,411710,36849825,7.620538728716816,63.89746666342814,-64,64,4,64,411710,1.0,0,69
---------------------X----OXX---XXOOX-----O-OOO----O------------ X;,601019,53968804,6.563339927689474,63.958107813563295,-64,64,4,64,601019,1.0,0,184
---------------------X----OXX---XXOOX-----O-OOO---O------------- X;,626075,56182663,5.6702887034301,63.97771832448189,-64,64,4,64,626075,1.0,0,170
---------------------X----XXXX----XXOX----XOOO-----O------------ X;,500929,46106645,-62.99474376608262,-6.781152618434948,-64,64,-64,-4,500929,1.0,0,1797
---------------------X----XXXXX---XXOO----XOO------O------------ X;,877906,80773396,-63.117060368649945,-6.989641259998223,-64,64,-64,-4,877906,1.0,0,3210
---------------------X---X-OXX----XXOX----XOOO-----O------------ X;,1505681,139741393,-63.53559087217013,-5.827118758887175,-64,64,-64,-4,1505681,1.0,0,16060
---------------------X---XOOOO---OOXO-----OOO-----O------------- X;,132457,11939766,15.459160331277321,63.69028439418075,-64,64,4,64,132457,1.0,0,1165
---------------------X---XOOOO---OOXO----OOOO------------------- X;,128025,11449461,12.34505760593634,63.61732474126147,-64,64,4,64,128025,1.0,0,102
---------------------X---XOOOO---OXOO-----OOO------O------------ X;,712362,63807800,8.966452449737634,63.91529306728882,-64,64,4,64,712362,1.0,0,443
---------------------X--O--XX---XOXXX-----O-OOO----O------------ X;,80611,7221573,7.203260100978775,63.889990199848654,-64,64,4,64,80611,1.0,0,119
---------------------X--O--XX---XOXXX-----O-OOO---O------------- X;,82080,7343544,7.911403508771929,63.913620857699804,-64,64,4,64,82080,1.0,0,2
---------------------X--O-OOX----OXXX----OOOO------O------------ X;,257045,22983221,11.796907156334495,63.835484059211424,-64,64,4,64,257045,1.0,0,70
--------------------O-----XOXO----OOOOO--O-OOO------------------ X;,252643,22677920,6.409605649077948,63.94084934076938,-64,64,4,64,252643,1.0,0,563
--------------------O-----XOXX---OOXO----OOOOO------------------ X;,521549,46652298,6.763874535278564,63.88388818692012,-64,64,4,64,521549,1.0,0,191
--------------------O-----XXXO---OOOOOO----OOO------------------ X;,300466,26871356,7.634201540274107,63.8458328063741,-64,64,4,64,300466,1.0,0,49
--------------------O-----XXXX---OXXO-----OOOO-----O------------ X;,1070429,95965031,6.361298133738903,63.92488805889975,-64,64,4,64,1070429,1.0,0,520
--------------------O-----XXXXO--XXXXO------OOO----------------- X;,1658442,154849358,-62.975789325161806,-8.564095699457683,-64,64,-64,-4,1658442,1.0,0,29748
--------------------O----OXOXX---OOXO----O-OOO------------------ X;,132775,11860153,6.940493315759744,63.71371116550556,-64,64,4,64,132775,1.0,0,36
--------------------O----OXXXO----OOOOO----OOO------------------ X;,367498,33092211,6.335348763802796,63.909773658632155,-64,64,4,64,367498,1.0,0,2404
--------------------OOO---XXXO--OOOOO----O--O------------------- X;,156976,14011313,9.173313117928855,63.53434919987769,-64,64,4,64,156976,1.0,0,36
--------------------OX-----XO---XXXXO-----O-OOO----O------------ X;,574475,51515991,4.970165803559772,63.98328909003873,-64,64,4,64,574475,1.0,0,46
--------------------OX-----XO---XXXXO-----O-OOO---O------------- X;,666437,59870773,4.750363500225828,63.98747968675209,-64,64,4,64,666437,1.0,0,117
--------------------OX-----XXOO---XXOOO---OOO------------------- X;,1695081,151949973,5.821590826633064,63.95913587610268,-64,64,4,64,1695081,1.0,0,465
--------------------OX----OOO-----XXO----OOOO--------O--------O- X;,532851,47671784,5.86438610418297,63.95334530666171,-64,64,4,64,532851,1.0,0,40
--------------------OX----OOO----XXXO----OOOO------O------------ X;,855697,76587442,7.023175259466844,63.92426291082007,-64,64,4,64,855697,1.0,0,122
--------------------OX----OOXO----OOOOO--OX-O------------------- X;,1519775,136123979,6.276540935335823,63.967203039923675,-64,64,4,64,1519775,1.0,0,278
--------------------OX----XOO----OOOO-----OOOO--------O--------- X;,448672,40099727,9.552216318379573,63.84817862491976,-64,64,4,64,448672,1.0,0,21
--------------------OX----XOO----OOXO------OOO------O-O--------- X;,168916,15095460,14.802611949134482,63.72501124819437,-64,64,4,64,168916,1.0,0,7
--------------------OX----XOX-----OXXO---OO-OOO----------------- X;,426665,38185487,5.80648049406443,63.95924671580748,-64,64,4,64,426665,1.0,0,105
--------------------OX----XOX-O---OOOOO-----OOO----------------- X;,2039820,182912748,6.237208185035935,63.95039072074987,-64,64,4,64,2039820,1.0,0,327
--------------------OX----XOXX---OOOOX----XOO------------------- X;,2440473,225685861,-63.668142200302974,-5.716701639395314,-64,64,-64,-4,2440473,1.0,0,11880
--------------------OX----XXOX----XOOX----XOO-------O----------- X;,1328456,123160377,-63.72532925441264,-4.583314765411877,-64,64,-64,-4,1328456,1.0,0,8861
--------------------OX----XXX----OOOOO----O-OOO----------------- X;,748558,67118761,5.707066119125038,63.945781088439375,-64,64,4,64,748558,1.0,0,1839
--------------------OX---O-XXXO---OXOO----OOO------------------- X;,865767,77463952,6.922881098494168,63.92546955474163,-64,64,4,64,865767,1.0,0,150
--------------------OX---OOOOO----OXOO-----OOO------------------ X;,944982,84577364,6.882768137382511,63.9279986285453,-64,64,4,64,944982,1.0,0,209
--------------------OX---OOOOX----XXOX------OO--------O--------- X;,1705305,152750234,9.846525988019739,63.924754809256996,-64,64,4,64,1705305,1.0,0,2436
--------------------OX---OOOOX----XXXO------OOO----------------- X;,1837966,164713286,6.174818250174377,63.968853613178915,-64,64,4,64,1837966,1.0,0,115
--------------------OX---XOOO----OOXO-----OOO-----O------------- X;,110061,9830699,15.170114754545207,63.729531805089906,-64,64,4,64,110061,1.0,0,25
--------------------OX---XOOO----OOXO----OOOO------------------- X;,201226,17981964,11.729657201355689,63.52706906662161,-64,64,4,64,201226,1.0,0,68
--------------------OX---XOOO----OXOO-----OOO------O------------ X;,1043693,93603817,6.523111681308584,63.95021716155996,-64,64,4,64,1043693,1.0,0,415
--------------------OX-O--OXXXO---XXXOO-----O------------------- X;,392777,35170191,6.748470506165076,63.956443478105896,-64,64,4,64,392777,1.0,0,134
--------------------X------OXO----OXOO---OOOOO-----O------------ X;,209094,18672400,7.239098204635236,63.815767071269384,-64,64,4,64,209094,1.0,0,33
--------------------X------XOO---OOOOO-----OOO-----O-------O---- X;,1029691,92190761,8.339542639490876,63.92569032845776,-64,64,4,64,1029691,1.0,0,178
--------------------X------XOOOO-OOOOO-----OOO------------------ X;,1765557,158043758,6.801891980830979,63.941839317563804,-64,64,4,64,1765557,1.0,0,195
--------------------X------XXX----XOO-X--XXOO------OO----------- X;,144212,13302996,-62.316533991623444,-8.781654786009486,-64,64,-64,-4,144212,1.0,0,1012
--------------------X------XXXX---XOO----XXOO------OO----------- X;,143504,13235141,-62.06479261902107,-8.6421423793065,-64,64,-64,-4,143504,1.0,0,1016
--------------------X------XXXX---XXOX----OOO------O------O----- X;,375663,34753737,-62.96565804990111,-7.760098811967109,-64,64,-64,-4,375663,1.0,0,3271
--------------------X-----OOOOOO--XOOO-----OOO------------------ X;,1491052,134058044,5.0341396544184915,63.97911541649788,-64,64,4,64,1491052,1.0,0,3684
--------------------X-----OXOX---OOOO-X--XOOO------------------- X;,710871,65570470,-63.60526734105063,-5.892092939506605,-64,64,-64,-4,710871,1.0,0,2263
--------------------X-----OXOX---OOOX-X--XOO-------O------------ X;,484736,44951581,-63.64355030367045,-5.97827270926855,-64,64,-64,-4,484736,1.0,0,4393
--------------------X-----OXXXX--OOOO-----XOOO------------------ X;,2879468,266177202,-63.71905435309578,-5.702717307502636,-64,64,-64,-4,2879468,1.0,0,14837
--------------------X-----OXXXX--OOOO----XOOO------------------- X;,494185,45522231,-62.40470673937898,-9.791349393445774,-64,64,-64,-4,494185,1.0,0,3188
--------------------X-----OXXXX--XXOXX----OOO------------------- X;,554505,50896533,-62.72818459707307,-7.571369058890362,-64,64,-64,-4,554505,1.0,0,1469
--------------------X-----XXXO---OOOOO----O-OO-----O------------ X;,2147708,192531978,5.720871738616236,63.95164798939148,-64,64,4,64,2147708,1.0,0,801
--------------------X-----XXXO--OOOOOO-----OOO------------------ X;,2552267,231402329,4.616591445957653,63.97480592743628,-64,64,4,64,2552267,1.0,0,23361
--------------------X-----XXXX----XXOOX---XOO------O------------ X;,703654,64788087,-63.42086025233993,-6.275149434238987,-64,64,-64,-4,703654,1.0,0,2645
--------------------X-----XXXXX---XXOO----XOO------O------------ X;,1394197,128502456,-63.665807629768246,-5.478419477304858,-64,64,-64,-4,1394197,1.0,0,3827
--------------------X-----XXXXX--OOOO-----XOOO------------------ X;,1476661,136059234,-63.277907387003516,-7.495780006379257,-64,64,-64,-4,1476661,1.0,0,4883
--------------------X----O-XOO----OOOO-----OOO-----O-------O---- X;,466679,41779363,6.6198693320247965,63.88549302625574,-64,64,4,64,466679,1.0,0,107
--------------------X----O-XOOOO--OOOO-----OOO------------------ X;,1605382,143769349,5.576242912901727,63.972771589565596,-64,64,4,64,1605382,1.0,0,235
--------------------X----O-XXXX--OOOO----X-OOO------------------ X;,699642,64462459,-63.35348935598492,-7.41027268231467,-64,64,-64,-4,699642,1.0,0,2901
--------------------X-X---OXOX---OXOX----X-OO------O------------ X;,508031,46863428,-63.83546673332926,-4.788652660959666,-64,64,-64,-4,508031,1.0,0,871
--------------------X-X---OXOX--XOXXX---O--XO------------------- X;,177469,16430543,-63.71690830511244,-5.192850582355228,-64,64,-64,-4,177469,1.0,0,862
--------------------X-X--XXXOX---OXOOO-----XO------------------- X;,623720,57383255,-63.71858526261784,-5.034932341435259,-64,64,-64,-4,623720,1.0,0,1231
--------------------XO-----XOX----XOO-X--XXOOO------------------ X;,555295,51098279,-63.013205593423315,-6.510082028471353,-64,64,-64,-4,555295,1.0,0,1845
--------------------XO-----XXO----OXOO----OOO-----OO------------ X;,419657,37474719,7.578060177716564,63.84642696297214,-64,64,4,64,419657,1.0,0,100
--------------------XO-----XXO----OXOO---OOOO------O------------ X;,475004,42448431,7.84848127594715,63.88056942678377,-64,64,4,64,475004,1.0,0,145
--------------------XO----OOXO----OXOO----OOOO------------------ X;,198137,17726165,9.216420961254082,63.638563216360396,-64,64,4,64,198137,1.0,0,363
--------------------XO----XXOX----XOO-X---XOOO------------------ X;,826368,76114792,-63.149545964993806,-6.4291502091078065,-64,64,-64,-4,826368,1.0,0,3195
--------------------XO----XXXOX---XXOO-----OOO------------------ X;,1175860,108774085,-63.31389110948582,-6.942653036926164,-64,64,-64,-4,1175860,1.0,0,9489
--------------------XOO----XXOO---XXOO----OOO------------------- X;,720044,64340767,7.323905205792979,63.887551316308446,-64,64,4,64,720044,1.0,0,86
--------------------XOO----XXOX---XXOO-----OOO------------------ X;,1599932,148321293,-63.162821919931595,-8.593480222909474,-64,64,-64,-4,1599932,1.0,0,14259
--------------------XX-----XXX----XOXOO---OOOO------------------ X;,2274995,210581428,-63.66063310029253,-5.676087200191649,-64,64,-64,-4,2274995,1.0,0,12645
--------------------XX----OOXO-----XO-----XOOO----O--O---------- X;,956350,85882182,4.975272651226016,63.972585350551576,-64,64,4,64,956350,1.0,0,1266
--------------------XX----OOXOO----XO-----XOOO----O------------- X;,440820,39472526,5.761843836486547,63.92947688398893,-64,64,4,64,440820,1.0,0,78
--------------------XX----OXXO----OXO-----OOOO----O------------- X;,288146,25970637,8.749973971528322,63.8444330304776,-64,64,4,64,288146,1.0,0,2119
--------------------XX----OXXO----XXO----OOOOO------------------ X;,1598418,143433661,5.296564478127749,63.96058853191093,-64,64,4,64,1598418,1.0,0,259
--------------------XX----OXXO----XXX----OOOO------O------------ X;,2578049,233019673,4.4211440511797875,63.896102828146404,-64,64,4,64,2578049,1.0,0,7322
--------------------XX----OXXO---OXXX-----OOO------O------------ X;,2437935,218829320,5.17331840266455,63.97669503083552,-64,64,4,64,2437935,1.0,0,335
--------------------XX---OOXXO----OXX-----XOO------O------------ X;,11709759,1083010711,-39.72030081917143,19.938521706552628,-64,64,-64,-2,11709759,1.0,0,106122
--------------------XX---X-XXO----XOO-----XOOO-----O------------ X;,569044,52381790,-63.239046541216496,-6.912959279071566,-64,64,-64,-4,569044,1.0,0,2156
--------------------XX---XXXXX-----OOOO----XOO------------------ X;,495554,45811033,-62.14697893670518,-8.246104359968843,-64,64,-64,-4,495554,1.0,0,4608
--------------------XXX----XOOO---XXXO-----OOO------------------ X;,1120293,103514656,-63.594559637523396,-5.186291443399182,-64,64,-64,-4,1120293,1.0,0,3660
--------------------XXX----XOX----XOX-----XOO------OO----------- X;,103171,9516580,-62.86396371073267,-7.298523809985364,-64,64,-64,-4,103171,1.0,0,616
--------------------XXX----XXOX---XOOO-----OOO------------------ X;,444144,41048642,-62.93880813429879,-6.115174357865917,-64,64,-64,-4,444144,1.0,0,2209
--------------------XXX---OXOO----OOOO----O-O-------O----------- X;,340485,30442960,13.464651893622333,63.7467024979074,-64,64,4,64,340485,1.0,0,316
--------------------XXX---OXOO---OOOOO------O-------O----------- X;,481637,43054318,11.348384779408558,63.81217389859998,-64,64,4,64,481637,1.0,0,87
--------------------XXX---XXOO----XOO-----OOOO------------------ X;,1688845,155728640,-63.72885374323872,-5.3117781679194955,-64,64,-64,-4,1688845,1.0,0,3989
--------------------XXX--XXXXX-----OOO----OOO------------------- X;,814787,75363688,-63.51948668793194,-5.815154144580117,-64,64,-64,-4,814787,1.0,0,6654
-------------------O------XOX-----OOOOO--OOOOO------------------ X;,1616027,144906452,6.63342506034862,63.95181516150411,-64,64,4,64,1616027,1.0,0,297
-------------------O------XXOX----OOOO---OOO-O-----O------------ X;,789972,70744440,5.890639161894345,63.950886866876296,-64,64,4,64,789972,1.0,0,298
-------------------O------XXOX---OOOOO----OO-O-----O------------ X;,526690,47144994,6.056872163891473,63.919964305378876,-64,64,4,64,526690,1.0,0,243
-------------------O------XXXXO----OOOOO--OOO------------------- X;,497921,44721088,6.260145685761396,63.8582385559155,-64,64,4,64,497921,1.0,0,1712
-------------------O-----OXOX---XXXOO----O-OOO------------------ X;,28224,2515737,18.978316326530614,62.72895408163265,-64,64,4,64,28224,1.0,0,9
-------------------O-----OXXXX---OOXX-----OO-O-----O------------ X;,476649,42713371,7.6688254879376645,63.910991106663396,-64,64,4,64,476649,1.0,0,214
-------------------O-----OXXXX---OXXXO---OOO-------------------- X;,1413800,128396983,6.1173617201867305,63.96098033668128,-64,64,4,64,1413800,1.0,0,15238
-------------------O-O----XXOX----XXXO----OOO-O----------------- X;,584374,52303967,6.062052726507339,63.928740840626034,-64,64,4,64,584374,1.0,0,222
-------------------O-O----XXOX---OXOX-----OO-O-----O------------ X;,213637,19081302,6.506794235081002,63.90774070034685,-64,64,4,64,213637,1.0,0,26
-------------------O-X-----XOX---OOXOO----X-OOO----------------- X;,1988187,178337048,5.360667784267777,63.96967589064811,-64,64,4,64,1988187,1.0,0,903
-------------------O-X----XOXX----OOOX----XOO-------O----------- X;,1394998,128758001,-63.79343913037868,-4.828039896831394,-64,64,-64,-4,1394998,1.0,0,3741
-------------------O-X----XOXX---XXXOX-----OOO------------------ X;,1044911,96255689,-63.68387164074261,-5.039853154957695,-64,64,-64,-4,1044911,1.0,0,2388
-------------------O-X----XOXXX---OOO-----XOO-------O----------- X;,679980,62738689,-63.858739962940085,-4.430797964646019,-64,64,-64,-4,679980,1.0,0,1282
-------------------O-X---OOOOO----OXOO-----OOO------------------ X;,890534,79655465,7.371251406459495,63.9275445968374,-64,64,4,64,890534,1.0,0,76
-------------------O-X---XXOXXX----OO-----XOO-------O----------- X;,283749,26264763,-63.62089734236949,-5.540396618137861,-64,64,-64,-4,283749,1.0,0,2482
-------------------O-XO----OXO---OOOOO----XO--O----------------- X;,744547,66623696,6.2726221447403585,63.94671390791985,-64,64,4,64,744547,1.0,0,91
-------------------O-XO---OXXO---OOOOO----XO-------------------- X;,1564782,140845156,6.653266717025119,63.9589859801557,-64,64,4,64,1564782,1.0,0,8732
-------------------O-XO---XXXO----XXOO---OOO-------------------- X;,1172429,105159754,5.819359637129413,63.95991569638758,-64,64,4,64,1172429,1.0,0,190
-------------------OO-----XOOX----XXXO-----OOOO----------------- X;,1199748,107589435,5.459031396593285,63.95338187686081,-64,64,4,64,1199748,1.0,0,314
-------------------OO-----XXOX-----XXO----O-OOO-----O----------- X;,1090617,97698121,5.9302578265330546,63.95584701137063,-64,64,4,64,1090617,1.0,0,519
-------------------OO-----XXOX----XXXO----OOO-O----------------- X;,1191102,106699998,6.307444702468806,63.939001025940684,-64,64,4,64,1191102,1.0,0,515
-------------------OO-----XXOXO---XXOO----OOO------------------- X;,907714,81358485,6.932123995002831,63.893882875002475,-64,64,4,64,907714,1.0,0,1941
-------------------OO----OXOXX---XXOO------OOO------------------ X;,643133,57646214,6.032649545272906,63.8710189027775,-64,64,4,64,643133,1.0,0,270
-------------------OOO-----XXO----XOOOO---OOO------------------- X;,275933,24664127,6.890890179862503,63.74432923934433,-64,64,4,64,275933,1.0,0,135
-------------------OOO-----XXO----XOXO----OOOO------------------ X;,398699,35905191,7.3637154846137065,63.76169491270357,-64,64,4,64,398699,1.0,0,2402
-------------------OOO-----XXXO---XOXO----OOO------------------- X;,621156,55604004,6.960718402462505,63.91902839222353,-64,64,4,64,621156,1.0,0,192
-------------------OOO----OXOX---OXOO-----OOO------------------- X;,237224,21178003,7.454127744241729,63.823584460256974,-64,64,4,64,237224,1.0,0,46
-------------------OOO----XOOX----OXX----O-OO------O------------ X;,457703,40909837,9.331881154373033,63.82660371463591,-64,64,4,64,457703,1.0,0,271
-------------------OOO----XOOX----OXX----OOOO------------------- X;,457510,40925510,7.273012611746191,63.83892811086096,-64,64,4,64,457510,1.0,0,279
-------------------OOO----XOOX----XOX-----OOO------O------------ X;,1268474,113667605,5.85851345790296,63.939379127991586,-64,64,4,64,1268474,1.0,0,196
-------------------OOO----XOOX----XXO------OOO-----O------------ X;,1887326,169371425,5.454251146860691,63.97306665621095,-64,64,4,64,1887326,1.0,0,993
-------------------OOO----XOXX----OXO----OOOO------------------- X;,410125,36770379,6.650938128619323,63.804888753428834,-64,64,4,64,410125,1.0,0,1299
-------------------OOO----XOXX----XOXO-----OO-O----------------- X;,695447,62287802,5.63129037870607,63.94028013637272,-64,64,4,64,695447,1.0,0,155
-------------------OOO----XOXXO---XOXO-----OO------------------- X;,615874,55106856,6.50705826191721,63.91369013791782,-64,64,4,64,615874,1.0,0,93
-------------------OOO----XXOX----XOXO-----OO-O----------------- X;,2693310,242234959,5.252368275467733,63.979466158741474,-64,64,4,64,2693310,1.0,0,510
-------------------OOO----XXOX----XOXO----O-O-O----------------- X;,1049383,94123764,6.03450980242676,63.94467034438332,-64,64,4,64,1049383,1.0,0,1732
-------------------OOO----XXOXO---XOXO----O-O------------------- X;,626378,56133319,5.98287934761438,63.94169974041234,-64,64,4,64,626378,1.0,0,801
-------------------OOO----XXOXX---XXOO-----O--O----------------- X;,3298127,305187805,-63.69925475883736,-6.904870552286192,-64,64,-64,-4,3298127,1.0,0,18465
-------------------OOO----XXXO----XOOOO----OO------------------- X;,428033,38246802,6.9308581347699825,63.86111818481285,-64,64,4,64,428033,1.0,0,44
-------------------OOO----XXXO----XOOOO---O-O------------------- X;,400899,35839049,7.584249399474681,63.83662718041202,-64,64,4,64,400899,1.0,0,466
-------------------OOO----XXXO----XOXO-----OOO------------------ X;,487070,43705068,8.057482497382306,63.80244318065165,-64,64,4,64,487070,1.0,0,1583
-------------------OOO----XXXO----XOXO----O-OO------------------ X;,301880,27005100,8.45140453160196,63.71725851331655,-64,64,4,64,301880,1.0,0,299
-------------------OOO----XXXXO---XOXO-----OO------------------- X;,872159,78278195,6.055487588845612,63.95451288125216,-64,64,4,64,872159,1.0,0,2111
-------------------OOO----XXXXO---XOXO----O-O------------------- X;,499496,44785911,6.5348671460832515,63.92017954097731,-64,64,4,64,499496,1.0,0,1391
-------------------OOO---OXXXX----OXO-----OOO------------------- X;,418685,37515829,7.063515530768955,63.81565138469255,-64,64,4,64,418685,1.0,0,1349
-------------------OOX-----OOXO---XOOO----OOO------------------- X;,1141151,102131774,6.356738065339293,63.929989983797064,-64,64,4,64,1141151,1.0,0,99
-------------------OOX----XOOX----XXOX-----OO-------O----------- X;,2225211,205705574,-63.826019195483035,-4.63884009201824,-64,64,-64,-4,2225211,1.0,0,6978
-------------------OOX----XOXX----XOOX----XOO------------------- X;,1227883,113334262,-63.66706762777887,-4.855776975493593,-64,64,-64,-4,1227883,1.0,0,4263
-------------------OOX----XOXX----XXOX-----OOO------------------ X;,2654161,245506688,-63.81677524460649,-4.66271111662028,-64,64,-64,-4,2654161,1.0,0,9141
-------------------OOX----XXO-----XXXO----O-OOO----------------- X;,1054218,94407033,5.6552705417665035,63.970175049183375,-64,64,4,64,1054218,1.0,0,292
-------------------OOX----XXO-O----XXOO-----OOO----------------- X;,675971,60441341,7.437810201916946,63.92333694788682,-64,64,4,64,675971,1.0,0,177
-------------------OOX----XXOX----XXOO-----OOO------------------ X;,3064013,282900398,-63.78485926789475,-5.0259075271547475,-64,64,-64,-4,3064013,1.0,0,8577
-------------------OOX----XXOX----XXOO----XO-O------------------ X;,2408448,223341182,-63.77853455835459,-4.8625181029443025,-64,64,-64,-4,2408448,1.0,0,18564
-------------------OOX---XXOOX----XXOO----X-O------------------- X;,860946,79182174,-63.64370355399758,-5.0322970314049895,-64,64,-64,-4,860946,1.0,0,1939
-------------------OOX---XXOXX----XOX-----OOO------------------- X;,1920252,177092444,-63.74231402961695,-5.2594961494637165,-64,64,-64,-4,1920252,1.0,0,5612
-------------------OX------OO----XXXXOX---X--OO------O---------- X;,238310,21927063,-62.83472787545634,-7.6687759640804,-64,64,-64,-4,238310,1.0,0,829
-------------------OX------OOOOO--XOOO-----OOO------------------ X;,1974480,177113863,5.16187857056035,63.979474089380496,-64,64,4,64,1974480,1.0,0,151
-------------------OX------XO-O---XOXOO---OOO-O----------------- X;,349973,31267721,7.9672489020581585,63.88292239687062,-64,64,4,64,349973,1.0,0,72
-------------------OX------XOO----XOXO----OOOOO----------------- X;,1579272,141579750,5.6325534803377755,63.97637139137527,-64,64,4,64,1579272,1.0,0,431
-------------------OX------XX-O---XOOOOO--OOO------------------- X;,905326,81309264,8.675948774253694,63.869801596331044,-64,64,4,64,905326,1.0,0,4447
-------------------OX------XXO----XOXO----OOOO-------O---------- X;,1740490,182121744,5.60341053381519,63.983027768042334,-64,64,4,64,1740490,1.0,0,293185
-------------------OX------XXX---XXXXO----OOO-----O------------- X;,3430355,316867583,-63.58743453665874,-6.645507534934431,-64,64,-64,-4,3430355,1.0,0,13426
-------------------OX-----OOOX---XXOX-X---OO-------O------------ X;,954623,88238687,-63.76602491245235,-5.334809657843986,-64,64,-64,-4,954623,1.0,0,5297
-------------------OX-----OXXX----XOXO----XOOO------------------ X;,3848742,356573938,-63.83593860019715,-4.712032658983117,-64,64,-64,-4,3848742,1.0,0,18379
-------------------OX-----XOO-----XOXXX---XOOO------------------ X;,1836378,169408420,-63.73954599761051,-5.017231746405152,-64,64,-64,-4,1836378,1.0,0,4709
-------------------OX-----XXXX----XOOO---XOOO------------------- X;,2933055,270636150,-63.62633977201246,-6.382423786802498,-64,64,-64,-4,2933055,1.0,0,13754
-------------------OX----OOXX----OXOO---O--OOO------------------ X;,414990,37109374,8.8600930142895,63.78777801874744,-64,64,4,64,414990,1.0,0,148
-------------------OX----OXXX----OXOO----O-OOO------------------ X;,347741,31189017,9.5533514886079,63.755806764229696,-64,64,4,64,347741,1.0,0,1155
-------------------OX----OXXX---OOOOO------OOO------------------ X;,252068,22531724,12.571679070726947,63.46600917212815,-64,64,4,64,252068,1.0,0,137
-------------------OX----X-XXX----XXXO----OOO-----O------------- X;,3003014,277167799,-63.61792252716771,-6.558737321903927,-64,64,-64,-4,3003014,1.0,0,11439
-------------------OX----XOOX----OOOXX----XOO------------------- X;,1237452,114630877,-63.101456864589494,-7.942788892013589,-64,64,-64,-4,1237452,1.0,0,11454
-------------------OX----XOOX---XXXOXX-----OO------------------- X;,336121,31078198,-62.030251010796704,-10.269944454526792,-64,64,-64,-4,336121,1.0,0,3354
-------------------OX----XOXX----XOOXX---XO-O------------------- X;,181579,16865612,-61.293068030994775,-11.945368131777354,-64,64,-64,-4,181579,1.0,0,2955
-------------------OX----XXXOXX---XOOO-----XO------------------- X;,527295,48456524,-63.53576650641482,-5.919365819892091,-64,64,-64,-4,527295,1.0,0,1082
-------------------OX----XXXXO----XOOX----XOO------------------- X;,1243699,114368688,-63.5742362098868,-5.213501015921055,-64,64,-64,-4,1243699,1.0,0,2979
-------------------OX-O----XXO----XOOO----OOO-O----------------- X;,690121,62170782,6.207091220235292,63.94629057802907,-64,64,4,64,690121,1.0,0,3882
-------------------OX-O----XXOO---XOOO----OOO------------------- X;,889539,79639406,6.620784473755507,63.92719374867207,-64,64,4,64,889539,1.0,0,297
-------------------OX-X--XXOOX----XOOO-----XO------------------- X;,418123,38451293,-63.1909462048249,-6.636597364890235,-64,64,-64,-4,418123,1.0,0,1380
-------------------OX-X--XXXOX----XOOO-----XO------------------- X;,498144,45851901,-63.49659134708036,-5.731555534142738,-64,64,-64,-4,498144,1.0,0,1396
-------------------OXX-----OOO----XXOXX--XX-O------------------- X;,118762,10916648,-63.268924403428706,-5.800929590272983,-64,64,-64,-4,118762,1.0,0,340
-------------------OXX-----OOO----XXOXX--XXO-------------------- X;,514722,47349636,-63.60162961754112,-5.490210249416189,-64,64,-64,-4,514722,1.0,0,1191
-------------------OXX-----OXOO----OOO----XOOO------------------ X;,1381927,123723697,8.278236115221716,63.92146184277462,-64,64,4,64,1381927,1.0,0,180
-------------------OXX-----OXOO----XOO----XO-O----O------------- X;,926989,82901704,5.896076436721471,63.94100253616818,-64,64,4,64,926989,1.0,0,265
-------------------OXX-----OXXO---OOOOOO--X--------------------- X;,289578,25900783,14.044975792359917,63.81499285166691,-64,64,4,64,289578,1.0,0,90
-------------------OXX-----XX----XXXOO---OOO--------O----------- X;,1311189,118223761,5.864597704831263,63.982699671824584,-64,64,4,64,1311189,1.0,0,4844
-------------------OXX-----XX---OOOOOO----XO--------O----------- X;,1731165,155272040,5.0413519219716205,63.984984677948084,-64,64,4,64,1731165,1.0,0,106
-------------------OXX-----XXOO---XXXO---OOO-------------------- X;,993588,89024297,7.114373361997125,63.95913195408962,-64,64,4,64,993588,1.0,0,300
-------------------OXX-----XXOO--OOOOO----XO-------------------- X;,2153713,193893600,5.043479795125906,63.981685582062234,-64,64,4,64,2153713,1.0,0,6175
-------------------OXX-----XXX----XXOO---OOO-O------------------ X;,2300134,206974460,5.390545072591423,63.97511449332952,-64,64,4,64,2300134,1.0,0,6944
-------------------OXX-----XXX---OOOOO----XO-O------------------ X;,3434348,307959952,5.332946457377062,63.97666806042952,-64,64,4,64,3434348,1.0,0,172
-------------------OXX----OOXO----XOX-----XOO------O------------ X;,5865165,531118296,4.671414359186826,63.98590627885149,-64,64,4,64,5865165,1.0,0,30330
-------------------OXX----XOX-----XOOO----XOOO------------------ X;,797945,74100318,-63.724326864633525,-4.88464994454505,-64,64,-64,-4,797945,1.0,0,6988
-------------------OXX----XOXO----OOOO-----OOO------------------ X;,1301908,116991562,8.459838944072853,63.92996279306986,-64,64,4,64,1301908,1.0,0,5067
-------------------OXX----XXXO----OXOO------OO------O----------- X;,1557034,139732601,6.206731516460142,63.958938597358824,-64,64,4,64,1557034,1.0,0,1526
-------------------OXX----XXXO----OXOO------OO-----O------------ X;,1548972,139107162,6.210449252794756,63.96869407581286,-64,64,4,64,1548972,1.0,0,3127
-------------------OXX---O-XX----XOXOO----XO--------O----------- X;,1751245,157083453,5.859968194056228,63.98067888844793,-64,64,4,64,1751245,1.0,0,312
-------------------OXX---O-XXOO---OXXO----XO-------------------- X;,716024,64453869,5.417013954839502,63.97526339899221,-64,64,4,64,716024,1.0,0,3706
-------------------OXX---O-XXX----OXOO----XO-O------------------ X;,2264107,203161621,5.2940466152880585,63.98113340049741,-64,64,4,64,2264107,1.0,0,209
-------------------OXX---XXOOX-----OOOX----XO------------------- X;,749803,69004311,-63.420882551816945,-5.928634588018453,-64,64,-64,-4,749803,1.0,0,2715
-------------------OXX---XXXX----O-OOO----OO-------O------------ X;,418734,37553801,9.677785897491008,63.92163043841675,-64,64,4,64,418734,1.0,0,1520
-------------------OXX---XXXX----O-OOO----OO-----O-------------- X;,648282,57966710,9.306240185598243,63.915993348573615,-64,64,4,64,648282,1.0,0,18
-------------------OXX---XXXX----O-OOO---OOO-------------------- X;,324570,28989619,11.082108636041532,63.81162769202329,-64,64,4,64,324570,1.0,0,57
-------------------OXXX----OOX----XXOX-----OOO------------------ X;,1738576,160397700,-63.73196915176558,-4.8905495071828895,-64,64,-64,-4,1738576,1.0,0,3425
-------------------OXXX--XXOOX-----OXO-----XO------------------- X;,887187,81629818,-63.397015510822406,-6.132580842595755,-64,64,-64,-4,887187,1.0,0,2660
-------------------X-------XX-----OXXO----O-OO----OOOO---------- X;,454241,40725427,6.789211013536867,63.91635277308741,-64,64,4,64,454241,1.0,0,1259
-------------------X-------XX----OOXXO----O-OO-----OOO---------- X;,262942,23645781,5.831316411984392,63.92265975005895,-64,64,4,64,262942,1.0,0,612
-------------------X-------XX---OOOOOO----O-OO----O--O---------- X;,483588,43321220,5.943675194587128,63.925213198011534,-64,64,4,64,483588,1.0,0,55
-------------------X------OXX----OOOOX---XOOOO------------------ X;,1777952,164381493,-63.48032905275283,-7.098563965731358,-64,64,-64,-4,1777952,1.0,0,9235
-------------------X------OXX----XOOXO----O-OO----O--O---------- X;,467152,41722826,9.286180943247594,63.86417697023667,-64,64,4,64,467152,1.0,0,68
-------------------X------XOXXX--X-OOXO----OO--------O---------- X;,941539,86837540,-63.65116899034453,-5.729723357184355,-64,64,-64,-4,941539,1.0,0,2374
-------------------X-----XXXXX-----OOOO----XOO------O----------- X;,995715,91628044,-62.76125799048925,-8.734380821821505,-64,64,-64,-4,995715,1.0,0,3738
-------------------X--O--XXXXOX---XOOO------OO------------------ X;,813122,75014956,-63.32502625682247,-7.306514889524573,-64,64,-64,-4,813122,1.0,0,4637
-------------------X--X---XOOX---X-OO-----XXOO------O----------- X;,355659,32792697,-63.727289341757135,-5.205474907144203,-64,64,-64,-4,355659,1.0,0,772
-------------------X--X---XOOXX--X-OOX-----OO-------O----------- X;,248269,22832090,-63.76079172188231,-5.429828129971925,-64,64,-64,-4,248269,1.0,0,496
-------------------X--X--XXXXX-----OO-----XXOO-------O---------- X;,24181,2217604,-61.280426781357264,-7.431040899880071,-64,64,-64,-4,24181,1.0,0,53
-------------------X--X--XXXXX-----OOOO----OOO------------------ X;,1367379,125989492,-63.29253411087928,-7.034870361472569,-64,64,-64,-4,1367379,1.0,0,5381
-------------------X-O-----XX-----OXXOO----OOO------OO---------- X;,461602,41380955,5.767145722938809,63.96253915710937,-64,64,4,64,461602,1.0,0,61
-------------------X-O-----XXX----XXXXX--X--OOO----------------- X;,359372,33021892,-60.98251394098594,-13.43117438197745,-64,64,-64,-4,359372,1.0,0,1534
-------------------X-O-----XXX--XXXXXX--OOO--------------------- X;,84394,7761610,-62.84280873047847,-7.673886769201602,-64,64,-64,-4,84394,1.0,0,155
-------------------X-O----XOO----XXOOX----XOOO------------------ X;,1142914,105347965,-63.77272830676674,-4.987365628559979,-64,64,-64,-4,1142914,1.0,0,2576
-------------------X-O----XOXOX--X-XOO------OO------O----------- X;,699637,64862447,-63.81867168260112,-5.115278351487986,-64,64,-64,-4,699637,1.0,0,6072
-------------------X-O----XXO----XXOOX----OOOO------------------ X;,1211964,112112691,-63.76534781561168,-5.057835051206141,-64,64,-64,-4,1211964,1.0,0,6017
-------------------X-O---X-XXX---XOOXX---OO-----O--------------- X;,24084,2242667,-61.893539279189504,-10.451004816475669,-64,64,-64,-4,24084,1.0,0,407
-------------------X-O---XXXOOX----OOO-----OOO------------------ X;,590523,54577398,-63.34454373496037,-6.471334732093416,-64,64,-64,-4,590523,1.0,0,2731
-------------------X-O---XXXXO-----OOO----OOOO------------------ X;,3229779,298298347,-63.85831414471393,-4.778477412850848,-64,64,-64,-4,3229779,1.0,0,5492
-------------------X-X----OOOO---OXXO-----OOO------O------------ X;,435288,38916361,10.28388101670618,63.7812207090478,-64,64,4,64,435288,1.0,0,294
-------------------X-X----OXOO----XXO---OOO-O-----O------------- X;,920701,82736692,5.920801650047084,63.971013390883684,-64,64,4,64,920701,1.0,0,2264
-------------------X-X----OXOO---OOOO----XO-O-----O------------- X;,2122385,190202030,8.33726208958318,63.978100109075406,-64,64,4,64,2122385,1.0,0,488
-------------------X-X----OXOO---OXOO----OO-O----O-------------- X;,455286,40688473,14.454083806662187,63.78420597163102,-64,64,6,64,455286,1.0,0,51
-------------------X-X----OXOO---OXOO----XO-O------O------------ X;,158779,14193354,14.007393924889312,63.80211488924858,-64,64,4,64,158779,1.0,0,190
-------------------X-X----OXOO--O-XXO----OO-O-----O------------- X;,846805,76052793,6.682234989165156,63.94631585784212,-64,64,4,64,846805,1.0,0,1961
-------------------X-X---OOXX-----OOOO----XOO------O------------ X;,1838345,164855014,6.216865713454221,63.97519725622775,-64,64,4,64,1838345,1.0,0,146
-------------------XO------OO----XXXOXX---X-OO-------O---------- X;,268636,24745204,-63.33113953453744,-6.190026653166367,-64,64,-64,-4,268636,1.0,0,957
-------------------XO------OO----XXXOXX---X-OO------O----------- X;,328374,30224759,-63.710957627583184,-5.259850049029461,-64,64,-64,-4,328374,1.0,0,780
-------------------XO------OO-X--XXXOX----OOOO------------------ X;,1148304,105960394,-63.854500202037094,-4.687330184341429,-64,64,-64,-4,1148304,1.0,0,2779
-------------------XO-----OXX----OOOOX----XOOO------------------ X;,4122159,374133093,5.280462495502963,63.97767335030017,-64,64,4,64,4122159,1.0,0,37338
-------------------XO-----XOOXX--X-OOX-----OO-------O----------- X;,822020,75943975,-63.88827035838544,-4.556266270893652,-64,64,-64,-4,822020,1.0,0,1926
-------------------XO-----XOX----XOXOX---OOOO------------------- X;,1524145,141247933,-63.718656689488206,-6.001149496931066,-64,64,-64,-4,1524145,1.0,0,8213
-------------------XO-----XXX-----OXOOO--O-OOO------------------ X;,422969,37825880,6.881899146273131,63.899860273447935,-64,64,4,64,422969,1.0,0,56
-------------------XO-----XXX----OOOOX---XOOO------------------- X;,3008629,278256982,-63.54986939233784,-6.581015472495944,-64,64,-64,-4,3008629,1.0,0,14367
-------------------XO-----XXX-O---OXOO---O-OOO------------------ X;,514812,46343603,6.828527695547113,63.916808466003125,-64,64,4,64,514812,1.0,0,3399
-------------------XO-----XXXO---OOXO-O---OO------O------------- X;,446654,39990463,6.323574847644934,63.92024251433996,-64,64,4,64,446654,1.0,0,1034
-------------------XO-----XXXX----XOOO----XOOO------------------ X;,2629094,245732061,-63.60424769901723,-5.863561363724537,-64,64,-64,-4,2629094,1.0,0,46651
-------------------XO----OOXX-----OXOX----XOOO------------------ X;,4034356,362973828,5.220280014951581,63.98116328851494,-64,64,4,64,4034356,1.0,0,4663
-------------------XO----OOXX----XXOOX-----OOO------------------ X;,1527078,137865106,6.635853571330345,63.936163051265225,-64,64,4,64,1527078,1.0,0,11107
-------------------XO----OXXX-----OXOOO----OOO------------------ X;,959000,85955827,5.45808133472367,63.96657977059437,-64,64,4,64,959000,1.0,0,214
-------------------XO----OXXX-O---OXOO-----OOO------------------ X;,874841,78261954,5.871722975946486,63.971288496995456,-64,64,4,64,874841,1.0,0,54
-------------------XO-X----OOX----OOOX---XXXO------------------- X;,1109843,102364626,-63.782738639609384,-4.940432115173047,-64,64,-64,-4,1109843,1.0,0,3047
-------------------XO-X----OOX---XXXOX----OX-O------------------ X;,1046300,96512270,-63.76359935009079,-4.9501729905380865,-64,64,-64,-4,1046300,1.0,0,4010
-------------------XO-X----OOX---XXXOX----XOO------------------- X;,1023210,94268124,-63.724283382687815,-4.922160651283705,-64,64,-64,-4,1023210,1.0,0,2841
-------------------XO-X---OOOX----XXOX-----OOO------------------ X;,4757321,440455971,-63.919520671403085,-4.32197364861442,-64,64,-64,-4,4757321,1.0,0,11760
-------------------XO-X---OOOX---XOOXX----OX-------------------- X;,694325,64148054,-63.61636121412883,-5.660429913945198,-64,64,-64,-4,694325,1.0,0,4586
-------------------XO-X---XOOX---X-OOX-----OOO------------------ X;,1083671,100747917,-63.782096226622286,-4.926628100225991,-64,64,-64,-4,1083671,1.0,0,8653
-------------------XO-X--X-OOX---OOOXX----OX-------------------- X;,419738,38683492,-63.30687238229562,-6.430554298157422,-64,64,-64,-4,419738,1.0,0,1834
-------------------XOO----XXOX---OOOO-----OO------O------------- X;,540745,48355538,6.589409056024559,63.89949421631268,-64,64,4,64,540745,1.0,0,294
-------------------XOO----XXOX---XXOOX------OO------------------ X;,1534158,141474701,-63.70904952423414,-5.176247818021351,-64,64,-64,-4,1534158,1.0,0,3058
-------------------XOOX---XXOX----XOXX----XO-------------------- X;,747384,68767337,-63.54721802982135,-5.727112167239331,-64,64,-64,-4,747384,1.0,0,2323
-------------------XOX----OXO----OXXO-----OOO------O------------ X;,893492,79982735,7.651923016658236,63.93082646515022,-64,64,4,64,893492,1.0,0,491
-------------------XOX----XOOX---X-OOX-----OO-------O----------- X;,743278,68612698,-63.85341689112283,-4.619665858534761,-64,64,-64,-4,743278,1.0,0,2131
-------------------XOX----XOXXX--XOOO-------O-------O----------- X;,1330809,122943212,-63.91089029304731,-4.444887282848253,-64,64,-64,-4,1330809,1.0,0,3152
-------------------XOX----XXOX---X-XOO-----X-OO----------------- X;,387448,35574337,-62.57570564307984,-8.64988333918358,-64,64,-64,-4,387448,1.0,0,831
-------------------XOX----XXOXX--X-OO-----OOO------------------- X;,939258,86428145,-63.724363273988615,-5.034131197179049,-64,64,-64,-4,939258,1.0,0,1341
-------------------XOX---XXXOX-----XOO-----X-OO----------------- X;,364431,33451225,-62.733647796153456,-7.477816102362313,-64,64,-64,-4,364431,1.0,0,615
-------------------XX------XXO----OXXO-----OOO----OO------------ X;,803418,71916049,5.864384417575907,63.94198287815309,-64,64,4,64,803418,1.0,0,245
-------------------XX------XXO----XOXO----OOOO-----O------------ X;,4206250,388687637,-63.795827637444276,-5.310081426448737,-64,64,-64,-4,4206250,1.0,0,14325
-------------------XX-----OOXXX---OOO-----XOOO------------------ X;,1444359,133139696,-63.66094717449055,-5.623072934083562,-64,64,-64,-4,1444359,1.0,0,3509
-------------------XX-----OXX-----OXXO----OOO------OO----------- X;,1302371,116987181,5.417279715227075,63.978820167218096,-64,64,4,64,1302371,1.0,0,2485
-------------------XX-----OXX----OOOOX----XOOO------------------ X;,2249535,207846101,-63.59177341094937,-6.177412665284159,-64,64,-64,-4,2249535,1.0,0,11955
-------------------XX-----OXX----OOOOX---XO-OO------------------ X;,1709777,158562408,-63.56615160924495,-6.059138706392705,-64,64,-64,-4,1709777,1.0,0,16614
-------------------XX-----XXXO---X-OOO----OOOO------------------ X;,1558061,143520186,-63.50622857513281,-6.654496839340693,-64,64,-64,-4,1558061,1.0,0,5513
-------------------XX----OOOXXX--X-OO------OOO------------------ X;,1299199,120776552,-63.77227353161448,-5.026421664425542,-64,64,-64,-4,1299199,1.0,0,12629
-------------------XX----OOXOO----OOOO------OO-------O---------- X;,795505,71297607,5.384579606664949,63.95423033167611,-64,64,4,64,795505,1.0,0,729
-------------------XX----XXXXO-----OOO----OOOO------------------ X;,1990289,183368203,-63.69906480918098,-5.834283362868407,-64,64,-64,-4,1990289,1.0,0,5278
-------------------XX----XXXXO----OOO-----OOOO------------------ X;,2523122,232786566,-63.65534365757978,-6.191170304091519,-64,64,-64,-4,2523122,1.0,0,8829
-------------------XX----XXXXO----OOOO----O-OO------------------ X;,3309802,305666953,-63.79763562895907,-5.075483669415874,-64,64,-64,-4,3309802,1.0,0,10619
-------------------XX-X---OXOX---OOOO----X-XO------------------- X;,314307,28940113,-63.474481955540284,-5.9540067513609305,-64,64,-64,-4,314307,1.0,0,1065
-------------------XX-X---XOXX---X-OOO-----OOO------------------ X;,1024540,94576605,-63.71831456068089,-5.353668963632459,-64,64,-64,-4,1024540,1.0,0,2906
-------------------XX-X---XXOOO--X-OOO-----XO------------------- X;,410789,38018993,-63.24563218586671,-6.8775015884067,-64,64,-64,-4,410789,1.0,0,3653
-------------------XX-X--XXXOX-----OOO----OOO------------------- X;,938373,86436905,-63.72340210129661,-5.2535207215041355,-64,64,-64,-4,938373,1.0,0,1992
-------------------XX-X--XXXXX-----OOO-----OOO------------------ X;,582618,53837984,-63.07100020939964,-7.212993762636925,-64,64,-64,-4,582618,1.0,0,4778
-------------------XXO-----XX-----XXXOX--X---OO------O---------- X;,211646,19480827,-63.026563223495835,-5.908904491462159,-64,64,-64,-4,211646,1.0,0,349
-------------------XXO----OXXO-----XOO-----OO-----OO------------ X;,703544,62978699,5.996025834915797,63.892401896683076,-64,64,4,64,703544,1.0,0,98
-------------------XXO----OXXO----OOOO----OO------O------------- X;,456617,40904981,6.51221921216249,63.872707323643226,-64,64,4,64,456617,1.0,0,1010
-------------------XXO----OXXO----OOOO----OOO------------------- X;,427608,38218769,7.010472208190679,63.83938092832688,-64,64,4,64,427608,1.0,0,93
-------------------XXO----OXXO----OXOO----OO--------O----------- X;,425204,38058044,6.992210797640662,63.82539675073612,-64,64,4,64,425204,1.0,0,900
-------------------XXO----OXXO----OXOO----OO------O------------- X;,452098,40440411,6.598356993395237,63.87201889855739,-64,64,4,64,452098,1.0,0,352
-------------------XXO----XOXO---X-OOX-----OO-------O----------- X;,3426017,317362919,-63.90298355203725,-4.337171706970514,-64,64,-64,-4,3426017,1.0,0,8503
-------------------XXO----XXX----XXXXX--OOO--------------------- X;,83963,7749064,-61.54387051439325,-8.892583638031038,-64,64,-64,-4,83963,1.0,0,564
-------------------XXO---XXXOXX----OO-----OOO------------------- X;,3076317,284451884,-63.869800153885315,-4.547871366962507,-64,64,-64,-4,3076317,1.0,0,10693
-------------------XXX-----OXX---XOXXX---OOO-------------------- X;,83912,7742112,-61.054628658594716,-12.158666221756125,-64,64,-64,-4,83912,1.0,0,799
-------------------XXX-----XOOO---XOXX---XOX-------------------- X;,279995,25689561,-63.42003250058037,-5.580899658922481,-64,64,-64,-4,279995,1.0,0,587
-------------------XXX-----XOX----XOO-X--XOOO------------------- X;,171387,15758063,-62.00772520669596,-8.998733859627626,-64,64,-64,-4,171387,1.0,0,986
-------------------XXX-----XXX---OOOOX---XXO-------------------- X;,172247,16040204,-62.10567382886204,-9.256648882128571,-64,64,-64,-4,172247,1.0,0,2944
-------------------XXX-----XXX---XXXXX---OOO-------------------- X;,55795,5120941,-60.13327359082355,-13.616094632135496,-64,64,-64,-4,55795,1.0,0,325
-------------------XXX----OOO-X---OOOX---XO-X------------------- X;,85680,7864420,-63.38858543417367,-6.085107376283847,-64,64,-64,-4,85680,1.0,0,232
-------------------XXX----OOOOX---XXOOO----O-------------------- X;,2422489,224885438,-63.787536702953034,-4.857330621521914,-64,64,-64,-4,2422489,1.0,0,15450
-------------------XXX----OOOX----XOO-X--XXO-------------------- X;,414644,38109186,-63.30005981034333,-5.634626330056627,-64,64,-64,-4,414644,1.0,0,1106
-------------------XXX----OOOX----XOO-X--XXX-------------------- X;,130325,11967855,-62.94239785152504,-5.94143871091502,-64,64,-64,-4,130325,1.0,0,395
-------------------XXX----OOOX---XOOXX----OX-------------------- X;,91189,8390052,-61.86851484279902,-8.66016734474553,-64,64,-64,-4,91189,1.0,0,664
-------------------XXX----OOX-----XOOX----XOOO------------------ X;,693195,63876032,-63.65124676317631,-5.082794884556294,-64,64,-64,-4,693195,1.0,0,2045
-------------------XXX----OOX-----XXOO----X-OOO----------------- X;,593433,54627160,-63.40649070745982,-6.151885722566827,-64,64,-64,-4,593433,1.0,0,2139
-------------------XXX----OOX-----XXOXX--X--XO------------------ X;,42696,3912332,-62.39605583661233,-7.698379239273,-64,64,-64,-4,42696,1.0,0,140
-------------------XXX----OOXX----XOXX---XXO-------------------- X;,278532,25635120,-63.18760501486364,-6.11410538106932,-64,64,-64,-4,278532,1.0,0,1109
-------------------XXX----OXX-----XOOOO----OOO------------------ X;,1864030,167088983,5.89222169171097,63.97627184111844,-64,64,4,64,1864030,1.0,0,976
-------------------XXX----OXX-----XXOX-----OOO----O------------- X;,1413376,130632630,-63.86849359264626,-5.11064147120087,-64,64,-64,-4,1413376,1.0,0,5339
-------------------XXX----OXX-O---XOOO-----OOO------------------ X;,1926826,172867077,6.008509330889245,63.97132278680068,-64,64,4,64,1926826,1.0,0,920
-------------------XXX----OXXO-----XO----OOOO-----O------------- X;,542902,48612002,5.749365447170944,63.95837922866374,-64,64,4,64,542902,1.0,0,26
-------------------XXX----OXXX----OXXX---XOX-------------------- X;,44089,4055971,-60.95978588763637,-11.662500850552291,-64,64,-64,-4,44089,1.0,0,337
-------------------XXX----OXXXX---OOO----XOX-------------------- X;,187716,17259741,-62.75602505913188,-7.992563233821304,-64,64,-64,-4,187716,1.0,0,1001
-------------------XXX----XOOO----OOOO------OOO----------------- X;,2781902,250651825,5.615323616719784,63.95983395532984,-64,64,4,64,2781902,1.0,0,6861
-------------------XXX----XOOO----XOOX----XOO------------------- X;,495490,45565011,-63.40304345193647,-5.42269672445458,-64,64,-64,-4,495490,1.0,0,1306
-------------------XXX----XOOO---XXOOX-----OO------------------- X;,455514,42001220,-63.59712324977937,-5.211299762466137,-64,64,-64,-4,455514,1.0,0,1307
-------------------XXX----XOX----XOOOX---O--OO------------------ X;,679306,62574118,-63.72661804842001,-5.562656593641157,-64,64,-64,-4,679306,1.0,0,2262
-------------------XXX----XOX-O--XXXOO------OO------------------ X;,388251,35922612,-63.40096999106248,-6.054377194134722,-64,64,-64,-4,388251,1.0,0,3596
-------------------XXX----XOXO----XOOX----XOO------------------- X;,543576,50029062,-63.54665033040458,-5.295101328976997,-64,64,-64,-4,543576,1.0,0,1500
-------------------XXX----XOXX----XOOX----XOO------------------- X;,123928,11400237,-63.267251952746754,-6.347346846556065,-64,64,-64,-4,123928,1.0,0,510
-------------------XXX----XXOO----XOOO---X--OO------------------ X;,838043,77216747,-63.49206186317409,-5.906300750677471,-64,64,-64,-4,838043,1.0,0,2948
-------------------XXX----XXX-----OXXO-----OOO-------O---------- X;,1777493,164015779,-63.46465049370096,-6.760943643659918,-64,64,-64,-4,1777493,1.0,0,7250
-------------------XXX----XXX-----XOOO---X-OOO------------------ X;,464221,42656593,-63.10454287936134,-6.8747945482862685,-64,64,-64,-4,464221,1.0,0,1407
-------------------XXX----XXX----XXXOOO-----OO------------------ X;,109358,10027719,-62.46045099581192,-7.67843230490682,-64,64,-64,-4,109358,1.0,0,203
-------------------XXX----XXX-O---OXXO------OOO----------------- X;,1457292,134819211,-63.37092497591423,-6.359919631755338,-64,64,-64,-4,1457292,1.0,0,7773
-------------------XXX----XXXX---OOOXX----XO-------------------- X;,455736,42005541,-63.348987132901506,-5.926821668685379,-64,64,-64,-4,455736,1.0,0,1896
-------------------XXX---O-XX-----OXOOO----OOO------------------ X;,1154450,103463698,5.53064749447789,63.96959591147299,-64,64,4,64,1154450,1.0,0,445
-------------------XXX---O-XX-O---OXOO-----OOO------------------ X;,957550,86263282,5.6132797242963814,63.952514229021986,-64,64,4,64,957550,1.0,0,3993
-------------------XXX---OOXO-----OOO------OOO--------O--------- X;,590883,52856920,6.86375136871428,63.933502910051565,-64,64,4,64,590883,1.0,0,24
-------------------XXX---OOXO-----OOO------OOOO----------------- X;,410473,36688688,7.553480984132939,63.885683102177246,-64,64,4,64,410473,1.0,0,51
-------------------XXX---OOXO-----OOO-----O-OO--------O--------- X;,525640,46986609,8.061011338558709,63.90735864850468,-64,64,4,64,525640,1.0,0,41
-------------------XXX---OOXO-----OOO-----O-OOO----------------- X;,3651178,337731883,5.52257819257237,63.98026554717409,-64,64,4,64,3651178,1.0,0,118905
-------------------XXX---OOXO----OOOO-------OO--------O--------- X;,1294920,115981827,5.703847341920737,63.97871528743088,-64,64,4,64,1294920,1.0,0,23
-------------------XXX---OOXO----OOOO-------OOO----------------- X;,1385129,123959914,6.4581407219111,63.94214401691106,-64,64,4,64,1385129,1.0,0,84
-------------------XXX---OOXX-----OOO----XOOO------------------- X;,732126,67592091,-62.99569746191229,-8.460027372337548,-64,64,-64,-4,732126,1.0,0,5507
-------------------XXX---OXOOOO--XXXXX-------------------------- X;,2294422,211862340,-63.69795704539095,-5.765207097909626,-64,64,-64,-4,2294422,1.0,0,7731
-------------------XXX---OXOX----XOOO-----OO------O------------- X;,1393478,129782527,-63.22662718751211,-7.1598661765740115,-64,64,-64,-4,1393478,1.0,0,19194
-------------------XXX---OXXX----XOOO-----OOO------------------- X;,1408547,133511565,-63.19530835676765,-7.149925419599062,-64,64,-64,-4,1408547,1.0,0,46398
-------------------XXX---X-OOOO---XOXX----OX-------------------- X;,836031,76988820,-63.71661577142474,-5.0128165103925575,-64,64,-64,-4,836031,1.0,0,2260
-------------------XXX---XOOOX----OOO-----OX-O------------------ X;,581108,53643655,-63.731457835720725,-5.195488618294706,-64,64,-64,-4,581108,1.0,0,2478
-------------------XXX---XOOOX----OOO-X---OX-------------------- X;,250363,23078064,-62.975016276366716,-6.674021321041847,-64,64,-64,-4,250363,1.0,0,1575
-------------------XXX---XOOOX----OOXX----OX-------------------- X;,49814,4580089,-60.90079094230538,-10.321114546111534,-64,64,-64,-4,49814,1.0,0,368
-------------------XXX---XXXXX----OOOX-----X-O------------------ X;,551807,50826304,-63.674342659661804,-4.813973001429848,-64,64,-64,-4,551807,1.0,0,1194
-------------------XXX--X-XOOO---XOOO-----XO-------------------- X;,425347,39200038,-63.44106811614987,-5.547338996160781,-64,64,-64,-4,425347,1.0,0,1819
-------------------XXX--XXXXX-----OOO-----OOO------------------- X;,456450,42072005,-62.46008982363895,-9.407413736444298,-64,64,-64,-4,456450,1.0,0,3118
-------------------XXX--XXXXX-----OOO----OOO-------------------- X;,544464,50129176,-62.279798113373886,-9.85893282200476,-64,64,-64,-4,544464,1.0,0,2814
-------------------XXXO---XXXOO---OOOO------O------------------- X;,807632,72755802,13.923799453216317,63.709696990708636,-64,64,4,64,807632,1.0,0,7082
-------------------XXXO---XXXOO---OOOOO------------------------- X;,1603667,144044898,5.083843466255775,63.97915901493265,-64,64,4,64,1603667,1.0,0,2252
-------------------XXXX----XOX----XOXO---XOX-------------------- X;,57938,5321007,-62.86530429079361,-5.576064068487003,-64,64,-64,-4,57938,1.0,0,74
-------------------XXXX----XOX---OOOX----XOX-------------------- X;,9337,857368,-60.41319481632216,-9.252864945914105,-64,64,-64,-4,9337,1.0,0,27
-------------------XXXX---OOOO----XOOO---X--X------------------- X;,1034110,95292295,-63.65375056812138,-5.307216833799112,-64,64,-64,-4,1034110,1.0,0,2760
-------------------XXXX---OOOOO---XXXX---X---------------------- X;,287337,26420532,-62.7486957823044,-8.442476952150262,-64,64,-64,-4,287337,1.0,0,1131
-------------------XXXX---OOXX----OOX----XO-X------------------- X;,276884,25527542,-63.4560321289782,-5.642478438624117,-64,64,-64,-4,276884,1.0,0,917
-------------------XXXX---OXOX----OOX----XOX-------------------- X;,120445,11096100,-62.724596288762505,-6.506239362364565,-64,64,-64,-4,120445,1.0,0,642
------------------O--X-----OX---XXXXO-----O-OOO----O------------ X;,140959,12622456,5.647287509133862,63.95845600493761,-64,64,4,64,140959,1.0,0,8
------------------O--X-----OX---XXXXO-----O-OOO---O------------- X;,91535,8194964,6.184847326159392,63.95706560332113,-64,64,4,64,91535,1.0,0,22
------------------O-O-----XOXX-----XOO----O-OOO-----O----------- X;,358845,32054185,6.123880784182586,63.93731555406931,-64,64,4,64,358845,1.0,0,29
------------------O-O----OXOXX---XXXO------OOO------------------ X;,949978,85168666,6.0339039430386805,63.95446631395674,-64,64,4,64,949978,1.0,0,1688
------------------O-OX-----OXXO---XXOO----OOO------------------- X;,1049469,93962690,7.057060284772585,63.93605909274119,-64,64,4,64,1049469,1.0,0,257
------------------O-OX----OXXXX---OXO-O---O-O------------------- X;,306236,27363813,8.766376258833057,63.94724330255097,-64,64,4,64,306236,1.0,0,18
------------------O-OX----XOX-O----XOOO-----OOO----------------- X;,368046,32924088,7.231443895600006,63.892372149133536,-64,64,4,64,368046,1.0,0,26
------------------O-OX----XOXXX---OXO-O--O--O------------------- X;,817098,73599697,5.332471747574954,63.984187943184295,-64,64,4,64,817098,1.0,0,3113
------------------O-OX---OXXXX--O-OXO----O--O------------------- X;,835395,74941676,5.474679642564296,63.961843199923386,-64,64,4,64,835395,1.0,0,117
------------------O-OX---XXXXO----OXO-O--O--O------------------- X;,210631,18850181,5.225318210519819,63.95511581865917,-64,64,4,64,210631,1.0,0,19
------------------O-X------OOOOO--XOOO-----OOO------------------ X;,3513743,316073695,4.843086133504927,63.983865638437415,-64,64,4,64,3513743,1.0,0,2393
------------------O-X------OX----OOXOO----OOOO-----O------------ X;,193639,17315217,7.660688187813405,63.82125501577678,-64,64,4,64,193639,1.0,0,42
------------------O-X------OX----OOXOO----OOOO----O------------- X;,165561,14843915,7.204897288612656,63.79040957713471,-64,64,4,64,165561,1.0,0,464
------------------O-X------OXXX---XOO----XXOOO------------------ X;,950799,87642928,-63.8049430005711,-5.0349169487978,-64,64,-64,-4,950799,1.0,0,1775
------------------O-X------XX----OOXOO----OO------OOO----------- X;,187048,16719474,7.168929900346435,63.89000684316325,-64,64,4,64,187048,1.0,0,100
------------------O-X-----OOXO----OXO-----OOO-----O--O---------- X;,109748,9805576,9.333181470277363,63.73393592593943,-64,64,4,64,109748,1.0,0,19
------------------O-X-----OOXXX---XOOX---XOO-------------------- X;,432292,39741029,-63.31481961266921,-6.686475808018654,-64,64,-64,-4,432292,1.0,0,1306
------------------O-X----OOXX----XOXO-----OOOO------------------ X;,674062,60331958,8.68898706647163,63.8016799641576,-64,64,4,64,674062,1.0,0,678
------------------O-X----OXXX---OOOOO------OOO------------------ X;,511957,45861400,6.919299863074438,63.881888517981004,-64,64,4,64,511957,1.0,0,102
------------------O-X-X----OXX----XOOO----OOOO------------------ X;,3029571,287384030,-63.93977035032353,-4.316574854987719,-64,64,-64,-4,3029571,1.0,0,77142
------------------O-XO-----OXO----XXOO----OOOO------------------ X;,734121,65858930,5.714760918159268,63.95187986721535,-64,64,4,64,734121,1.0,0,387
------------------O-XX-----XX----OOOOO----X-OOO----------------- X;,523157,46933231,5.489357879183496,63.95772588343461,-64,64,4,64,523157,1.0,0,270
------------------O-XX-----XX----OXOOO---X--OO--------O--------- X;,704866,63440244,4.754495180644264,63.99412370578238,-64,64,4,64,704866,1.0,0,3
------------------O-XX-----XX----OXOOO---X--OO-------O---------- X;,489367,44030839,4.698347048329781,63.989639677379145,-64,64,4,64,489367,1.0,0,54
------------------O-XX-----XX----OXOOO---X--OOO----------------- X;,527815,47495870,4.667881738866837,63.99012911720963,-64,64,4,64,527815,1.0,0,187
------------------O-XX----OOX-----OXO-----O-OO----O---O--------- X;,342963,30654132,6.727262124485732,63.94756285663468,-64,64,4,64,342963,1.0,0,17
------------------O-XX----OXX----OOOX-----X-OOO----------------- X;,1757753,157851069,4.827228854110902,63.98498537621611,-64,64,4,64,1757753,1.0,0,358
------------------O-XX----OXX----OOXO-----OOO-----O------------- X;,627579,56119237,9.185387019004779,63.92363351864865,-64,64,4,64,627579,1.0,0,76
------------------O-XX----OXX----OOXO-----XOO-------O----------- X;,1735224,155815014,5.244542491344057,63.983471874524554,-64,64,4,64,1735224,1.0,0,215
------------------O-XX----OXX----OOXO----OOOO------------------- X;,936422,83941908,6.579078663252251,63.96402476661164,-64,64,4,64,936422,1.0,0,113
------------------O-XXX---OOOO----XXOO------O-------O----------- X;,1714256,153601163,7.189786122959465,63.94848377371874,-64,64,4,64,1714256,1.0,0,362
------------------OOO-----OXXO---OOOOOO----O-------------------- X;,44020,3926498,8.980463425715584,63.5643798273512,-64,64,4,64,44020,1.0,0,15
------------------OOO-----XOOXX----XO-O----OO-------O----------- X;,1826442,163491541,6.904294798301835,63.97362412822307,-64,64,4,64,1826442,1.0,0,127
------------------OOO-----XOXXX----XO-O----OOO------------------ X;,591382,52928452,7.533381130977946,63.84565644541092,-64,64,4,64,591382,1.0,0,263
------------------OOO-----XXOX----OXXO---O-O--O----------------- X;,406529,36335565,6.755522976220639,63.91895289142964,-64,64,4,64,406529,1.0,0,257
------------------OOO-----XXOX----XXOO-----O-OO----------------- X;,525774,47046525,6.040895898237646,63.90193885585822,-64,64,4,64,525774,1.0,0,199
------------------OOO-----XXOX----XXOO-----OO-O----------------- X;,823001,73635247,6.392806327088302,63.90994178621897,-64,64,4,64,823001,1.0,0,233
------------------OOO-----XXXO-----OOOO----OOO------------------ X;,427832,38286790,6.008255576955441,63.96026945156043,-64,64,4,64,427832,1.0,0,34
------------------OOO-----XXXO----OOOOO--O-O-------------------- X;,32310,2882951,8.805818632002476,63.47818012999071,-64,64,4,64,32310,1.0,0,5
------------------OOO-----XXXXO---XXOO-----OO------------------- X;,1451226,130235274,6.171496376167461,63.95252427947129,-64,64,4,64,1451226,1.0,0,170
------------------OOO----OXXOX----OXXO-----O--O----------------- X;,609564,54630946,5.37675125171434,63.94863541810212,-64,64,4,64,609564,1.0,0,69
------------------OOO----OXXXO----OOOOO----O-------------------- X;,63929,5707346,8.854792034913732,63.76085970373383,-64,64,4,64,63929,1.0,0,8
------------------OOOO----XOXO-----OOO-----OOO------------------ X;,281133,25091462,10.257002913211895,63.74742915274977,-64,64,4,64,281133,1.0,0,32
------------------OOOOO----OXOO----XOOO-----O------------------- X;,14294,1273807,17.74059045753463,62.35063663075416,-64,64,4,64,14294,1.0,0,7
------------------OOOOO---XOXO-----OOO-----O--O----------------- X;,401206,35893062,6.742187305274597,63.90538027846044,-64,64,4,64,401206,1.0,0,52
------------------OOOOO---XOXX-----XOO-------OO----------------- X;,559416,50060544,7.288347133439158,63.85955353440016,-64,64,4,64,559416,1.0,0,116
------------------OOOOO---XXOX-----XOO------O-O----------------- X;,2025536,181352583,6.425719414515466,63.935887587285535,-64,64,4,64,2025536,1.0,0,780
------------------OOOOO---XXXO----OOOO--------O----------------- X;,113950,10164941,13.680157964019307,63.501588415971916,-64,64,4,64,113950,1.0,0,25
------------------OOOOO---XXXO---OOOO-------O------------------- X;,82178,7331781,10.995327216529972,63.55881136070481,-64,64,4,64,82178,1.0,0,12
------------------OOOX-----OOOO---XXXO-----O--O----------------- X;,1404947,126455359,5.35861495131133,63.95668021640674,-64,64,4,64,1404947,1.0,0,3359
------------------OOOX-----OOOOO---XOOO-----O------------------- X;,254751,22788230,13.782148058300066,63.52793119555959,-64,64,4,64,254751,1.0,0,526
------------------OOOX-----OOX----XXOO-----OO-O----------------- X;,823383,73658348,6.393054022247241,63.909305875880364,-64,64,4,64,823383,1.0,0,105
------------------OOOX-----OOXO---XXOO-----OO------------------- X;,952852,85353209,6.146769907603699,63.912844806958475,-64,64,4,64,952852,1.0,0,127
------------------OOOX-----OOXO---XXXO-----O--O----------------- X;,1048818,94310643,5.5080748042081655,63.950448981615494,-64,64,4,64,1048818,1.0,0,1972
------------------OOOX-----OXO----XXXOO----O--O----------------- X;,697632,62464403,6.014672492087519,63.88868056511169,-64,64,4,64,697632,1.0,0,270
------------------OOOX-----OXX----XXOO-----O-OO----------------- X;,525289,46990585,6.039958955927118,63.90194730900514,-64,64,4,64,525289,1.0,0,57
------------------OOOX-----OXXO---XXOX-----O-O------------------ X;,1228427,110341088,5.438413515821453,63.95863816083495,-64,64,4,64,1228427,1.0,0,2893
------------------OOOX----OXXX---O-XOO-------OO----------------- X;,730278,65238307,6.879243247092203,63.90174700593472,-64,64,4,64,730278,1.0,0,102
------------------OOOX----OXXX---O-XOO------O-O----------------- X;,469034,41988152,7.9990235249470185,63.86833790300916,-64,64,4,64,469034,1.0,0,598
------------------OOOX----OXXXX--O-XOOO------------------------- X;,1487151,133186239,8.165875556685233,63.91665271381319,-64,64,4,64,1487151,1.0,0,586
------------------OOOX----XOOX-----XOO-----OO-------O----------- X;,3675556,329788901,5.632384869119121,63.983215600578525,-64,64,4,64,3675556,1.0,0,1781
------------------OOOX----XOXO-----OOOO----O--O----------------- X;,784356,70199581,5.768123148162314,63.93147499349785,-64,64,4,64,784356,1.0,0,87
------------------OOOX----XOXO-----XOOO------OO----------------- X;,781171,69833224,7.169108940296042,63.876800342050586,-64,64,4,64,781171,1.0,0,25
------------------OOOX----XOXX-----XOO-----OOO------------------ X;,1893299,169942996,6.2661523615657115,63.93869219811556,-64,64,4,64,1893299,1.0,0,479
------------------OOOX----XOXX---X-XXX------O-------O----------- X;,1146346,105791654,-63.84870885404581,-4.655283832281004,-64,64,-64,-4,1146346,1.0,0,2559
------------------OOOX----XOXXX---XXOX-----O-------------------- X;,1900271,175462576,-63.76131404415475,-5.2081876742843525,-64,64,-64,-4,1900271,1.0,0,6377
------------------OOOX----XXOO-----XOOO-----O-O----------------- X;,761554,68167623,7.602869921239991,63.863447634704826,-64,64,4,64,761554,1.0,0,362
------------------OOOX----XXOX-----OOO-----OO-O----------------- X;,1858052,166367698,6.17731581247457,63.95674717392193,-64,64,4,64,1858052,1.0,0,175
------------------OOOX----XXOX----OOOO------O-O----------------- X;,1826380,163432196,6.4523374106155345,63.96759381946802,-64,64,4,64,1826380,1.0,0,154
------------------OOOX----XXXO-----OOOO----OO------------------- X;,421222,37659390,10.778411384020778,63.71574134304476,-64,64,4,64,421222,1.0,0,473
------------------OOOX----XXXO-----XOOO------OO----------------- X;,724080,64706182,7.281930173461496,63.88809523809524,-64,64,4,64,724080,1.0,0,92
------------------OOOX----XXXO-----XOOO-----O-O----------------- X;,761554,68167622,7.602869921239991,63.863447634704826,-64,64,4,64,761554,1.0,0,362
------------------OOOX----XXXO----OOOOO-------O----------------- X;,333370,29795464,7.602213756486787,63.82476527581966,-64,64,4,64,333370,1.0,0,103
------------------OOOX----XXXO----OOOOO-----O------------------- X;,442337,39521076,10.960710951152628,63.81150570718705,-64,64,4,64,442337,1.0,0,69
------------------OOOX-O--XXXXO----XOOO------------------------- X;,1932431,173343449,6.210627960325621,63.95105025742187,-64,64,4,64,1932431,1.0,0,733
------------------OOOXO----OXOO----XOOO-----O------------------- X;,82703,7379460,14.01644438533064,62.96426973628526,-64,64,4,64,82703,1.0,0,18
------------------OOX-----OXXX---XXOXO-----XO------------------- X;,3167777,292627407,-63.82534755445222,-4.833865515154634,-64,64,-64,-4,3167777,1.0,0,9478
------------------OOX----OXOX----XXOO------OOO------------------ X;,1454381,130289549,7.630836761481345,63.91868430624437,-64,64,4,64,1454381,1.0,0,227
------------------OOXX-----OXX----XXOO----XO-O------------------ X;,1618420,145330172,5.093398499771382,63.96674163690513,-64,64,4,64,1618420,1.0,0,598
------------------OOXX-----XX----OOXOO----OO------O------------- X;,195650,17493929,7.776805520061334,63.86405315614618,-64,64,4,64,195650,1.0,0,16
------------------OOXX-----XX----OOXOO----XO--------O----------- X;,573648,51395400,5.231441580899785,63.974709229353195,-64,64,4,64,573648,1.0,0,43
------------------OOXX----OXX----OOOOO----XO-------------------- X;,2940143,263851483,4.860265640140633,63.9854306406185,-64,64,4,64,2940143,1.0,0,219
------------------OOXX----XOX-----XOOO----XO-------O------------ X;,3239303,300296550,-63.88844266806779,-4.174341208587156,-64,64,-64,-4,3239303,1.0,0,9172
------------------OOXX----XXX-----XOOO----OO-----O-------------- X;,2427224,217779681,5.148896022781581,63.99238059610485,-64,64,4,64,2427224,1.0,0,24
------------------OOXX----XXX-----XOOO---OOO-------------------- X;,2323786,208484796,4.954330562280692,63.98645572354769,-64,64,4,64,2323786,1.0,0,79
------------------OOXX---OXXX-----OOOO----XO-------------------- X;,4987413,448641123,4.4817603835896485,63.991085959795186,-64,64,4,64,4987413,1.0,0,620
------------------OOXX---XXOX----O-OOO----XO-------------------- X;,2648384,237443316,6.093500036248519,63.98079734660835,-64,64,4,64,2648384,1.0,0,289
------------------OX------OOX----OOXO-----OOOO-----O------------ X;,320088,28620111,6.903470295668691,63.86062582789733,-64,64,4,64,320088,1.0,0,158
------------------OX------OOX----XOXOX----XOO-------O----------- X;,708491,65587048,-63.5647001867349,-5.761975804914953,-64,64,-64,-4,708491,1.0,0,3559
------------------OX------OOXO----OXOO-----OOO------O----------- X;,376468,33662579,8.100964756632703,63.802825206923295,-64,64,4,64,376468,1.0,0,319
------------------OX------OOXO----OXOO-----OOO----O------------- X;,245832,21983064,9.032086953691952,63.73228871749813,-64,64,4,64,245832,1.0,0,280
------------------OX------OOXX---XOOXX----OOO------------------- X;,835425,76974975,-63.17781488463955,-7.42015141993596,-64,64,-64,-4,835425,1.0,0,4803
------------------OX------OXX-----OOOO----OOO-----O--O---------- X;,856714,76763132,6.248348923911597,63.93855358964602,-64,64,4,64,856714,1.0,0,47
------------------OX------OXX-----OOOOO---OOOO------------------ X;,609635,54676184,6.689110697384501,63.91400756190179,-64,64,4,64,609635,1.0,0,199
------------------OX------OXX-----OXO-----OOO-----OOO----------- X;,343504,30721135,8.604121058270064,63.8376263449625,-64,64,4,64,343504,1.0,0,64
------------------OX------OXX-----OXO-----OOOO----O--O---------- X;,422022,37759562,7.123093108890058,63.84947704148125,-64,64,4,64,422022,1.0,0,312
------------------OX------OXX-----OXO----OOOOO-------O---------- X;,563333,50365181,6.429923331315581,63.90763189800704,-64,64,4,64,563333,1.0,0,253
------------------OX------OXX-----OXOO----O-OO----O--O---------- X;,345052,32921580,8.623082897650209,63.86843722105654,-64,64,4,64,345052,1.0,0,23719
------------------OX------OXX-----OXOO----OOO-----O--O---------- X;,623882,55924426,6.908562837203189,63.9149839232419,-64,64,4,64,623882,1.0,0,304
------------------OX------OXX-----OXOO----OOO-----O-O----------- X;,448015,40027496,10.028311552068569,63.83950090956776,-64,64,4,64,448015,1.0,0,89
------------------OX------OXX-----OXOO----OOO-----OO------------ X;,1305350,116901148,6.945167196537327,63.89534607576512,-64,64,4,64,1305350,1.0,0,635
------------------OX------OXX-----OXOO----OOOO----O------------- X;,499293,44647959,9.689312688141031,63.79333577678838,-64,64,4,64,499293,1.0,0,124
------------------OX------OXX-----OXOO---OOOO--------O---------- X;,501645,44826005,8.220366992594364,63.86091758115799,-64,64,4,64,501645,1.0,0,67
------------------OX------OXX-----OXX-----OOO-----O-OO---------- X;,928872,83210738,8.549085342221533,63.8806724715569,-64,64,4,64,928872,1.0,0,118
------------------OX------OXX-----OXX----OOOO-------OO---------- X;,797038,71390671,6.720495133230787,63.86526112933135,-64,64,4,64,797038,1.0,0,523
------------------OX------OXX----OOXO-----OOOO----O------------- X;,491879,44076879,7.317450023278083,63.85671272813029,-64,64,4,64,491879,1.0,0,1426
------------------OX------OXX-O---OXXO----OOOO------------------ X;,586333,52768549,7.108847702585391,63.88918583808177,-64,64,4,64,586333,1.0,0,3660
------------------OX------XOX----XXOXX----XOO------O------------ X;,988121,91216561,-62.998278550906214,-7.444149046523655,-64,64,-64,-4,988121,1.0,0,6393
------------------OX------XOXXX--X-XX-----OOO-------O----------- X;,976487,89940520,-63.48386614465937,-6.238848033819191,-64,64,-64,-4,976487,1.0,0,3462
------------------OX------XXX---OOOOO----O-OOO------------------ X;,828856,74298935,6.128454158502804,63.973061665717566,-64,64,4,64,828856,1.0,0,68
------------------OX-----OOOX----XOXXX----OOO------------------- X;,968964,89673737,-63.19291944798775,-7.363871103570411,-64,64,-64,-4,968964,1.0,0,7547
------------------OX-----OOOXXX--X-XXX------O-------O----------- X;,442131,40676617,-63.670902967672475,-5.435153834497015,-64,64,-64,-4,442131,1.0,0,778
------------------OX-----OXXX-----OOOOO----OOO------------------ X;,197496,17642204,12.321809049297201,63.66125896220683,-64,64,4,64,197496,1.0,0,81
------------------OX-----OXXX-O---OXXO-----OOO------------------ X;,321521,28817660,10.969522986056898,63.845683485682116,-64,64,4,64,321521,1.0,0,1185
------------------OX-----XOXX-----OOOX---XOOO------------------- X;,743476,69059949,-62.746200280842956,-8.545513237818033,-64,64,-64,-4,743476,1.0,0,9647
------------------OX-----XOXX----XOOOX----OOO------------------- X;,937681,86767705,-63.20728478021843,-6.944150516007043,-64,64,-64,-4,937681,1.0,0,6848
------------------OX-----XXXX-----XOOX----XOO------O------------ X;,1286122,118611589,-63.225899253725544,-6.499465836055989,-64,64,-64,-4,1286122,1.0,0,6290
------------------OX----OOOOO----OOOO-----OOO------------------- X;,83900,7492848,19.837401668653158,62.8303694874851,-64,64,6,64,83900,1.0,0,36
------------------OX-OX----OOOO---XXXO---X-X-------------------- X;,1007178,92704184,-63.51468757260385,-6.236182680717808,-64,64,-64,-4,1007178,1.0,0,1937
------------------OX-OX----OOOO---XXXX---X-X-------------------- X;,591316,54341348,-63.07006744278863,-7.065237537966164,-64,64,-64,-4,591316,1.0,0,1178
------------------OX-X-----XX----OOXO-----O-OOO----O------------ X;,239766,21517236,7.2692958968327455,63.96149579173027,-64,64,4,64,239766,1.0,0,328
------------------OX-X-----XX----OOXO-----O-OOO---O------------- X;,402950,36104143,6.322193820573272,63.9665318277702,-64,64,4,64,402950,1.0,0,23
------------------OX-X----OOOO----XXO----XO-O-----O------------- X;,1589306,142354227,7.524552225940127,63.9688216114455,-64,64,4,64,1589306,1.0,0,316
------------------OX-X----OOXX---XOOOX-----XO------------------- X;,629712,58488811,-63.64570470310237,-5.5802049190741165,-64,64,-64,-4,629712,1.0,0,7800
------------------OX-X----OXX----OOOO-----X-OOO----------------- X;,645327,57787206,6.649797699460893,63.961380819336554,-64,64,4,64,645327,1.0,0,118
------------------OX-X----OXX----OOXO-----OOO-----O------------- X;,749836,67295990,8.79876933089369,63.896227975183905,-64,64,4,64,749836,1.0,0,1710
------------------OX-X----OXX----OOXO-----XOO-------O----------- X;,2937273,263649025,7.28821733628437,63.97467923478683,-64,64,4,64,2937273,1.0,0,1182
------------------OX-X----OXX----OOXO----OOOO------------------- X;,626233,56178492,8.560439964038943,63.88878580336712,-64,64,4,64,626233,1.0,0,1155
------------------OX-X----XOXX---X-OOX----OOO------------------- X;,588633,54150556,-63.42339963950373,-6.156083671829476,-64,64,-64,-4,588633,1.0,0,1715
------------------OX-X---OOOXXX--X-OO------XO------------------- X;,288296,26555208,-63.49860559980021,-5.2175611177401,-64,64,-64,-4,288296,1.0,0,864
------------------OX-X---XOOXX----OOOX-----XO------------------- X;,432755,39840598,-63.39799193539069,-6.250012131575603,-64,64,-64,-4,432755,1.0,0,2102
------------------OX-XX---XOOX---X-OOO-----XO------------------- X;,417933,38454047,-63.67394773803456,-5.179882899890653,-64,64,-64,-4,417933,1.0,0,1021
------------------OX-XX---XOOX---X-XO------OO-----O------------- X;,539863,49707461,-63.74076015581731,-5.159883155541313,-64,64,-64,-4,539863,1.0,0,793
------------------OX-XX--XXOOX-----OOO-----XO------------------- X;,434389,39955667,-63.62409269111326,-5.344895934289312,-64,64,-64,-4,434389,1.0,0,1421
------------------OX-XX--XXXXX-----XO-----OOO------------------- X;,1303481,119999446,-63.51671409096105,-5.427568180894083,-64,64,-64,-4,1303481,1.0,0,3099
------------------OXX------OX-----OXOO----OO-O----O---O--------- X;,203527,18182012,6.530199924334363,63.92332221277766,-64,64,4,64,203527,1.0,0,11
------------------OXX------XX-----OXOO----OO------OOO----------- X;,592578,53117041,5.56399326333411,63.98526438713553,-64,64,4,64,592578,1.0,0,99
------------------OXX------XX-----OXXO----OO-O----O--O---------- X;,472634,42442840,5.291879128458808,63.97307430273742,-64,64,4,64,472634,1.0,0,1573
------------------OXX-----OOOX---XOOO-X----XO------------------- X;,921168,84939904,-63.527808173970435,-5.942327566741355,-64,64,-64,-4,921168,1.0,0,3594
------------------OXX-----OOXO----OXO------OOO------O----------- X;,348091,33473480,6.50539657733179,63.88367409671609,-64,64,4,64,348091,1.0,0,26992
------------------OXX-----OXXO----OOO------OO-----O--O---------- X;,183294,16378216,7.4430259582965075,63.81975405632481,-64,64,4,64,183294,1.0,0,15
------------------OXX-----OXXO----OXO------OO-----O-O----------- X;,338826,30265160,10.648799088617757,63.79228866733958,-64,64,4,64,338826,1.0,0,86
------------------OXX-----OXXO----OXO------OOO------O----------- X;,375983,34631694,6.707026647481402,63.882627671995806,-64,64,4,64,375983,1.0,0,11774
------------------OXX-----OXXO----OXO------OOO----O------------- X;,332994,29775107,6.447653711478285,63.86522279680715,-64,64,4,64,332994,1.0,0,57
------------------OXX-----OXXO----OXO-----OOOO------------------ X;,266996,23882799,8.22403331885122,63.803600053933394,-64,64,4,64,266996,1.0,0,169
------------------OXX-----OXXO----OXOO------OO------O----------- X;,368370,32999705,6.667584222385102,63.89101175448598,-64,64,4,64,368370,1.0,0,446
------------------OXX-----OXXO----OXOO------OO-----O------------ X;,1326161,118760475,6.6365908814993055,63.91641889634818,-64,64,4,64,1326161,1.0,0,379
------------------OXX-----OXXO----OXOO-----OO-------O----------- X;,581520,51963483,7.5985520704360985,63.88324047324254,-64,64,4,64,581520,1.0,0,145
------------------OXX-----OXXO----OXOO-----OOO------------------ X;,695457,62488078,5.991312187525613,63.91475533354327,-64,64,4,64,695457,1.0,0,1552
------------------OXX-----XOOX---X-OO-X---OOO------------------- X;,2204679,204065480,-63.816606408461276,-4.7287918105084685,-64,64,-64,-4,2204679,1.0,0,5922
------------------OXX-----XOXXX--X-OO-----OOO------------------- X;,1166493,107667015,-63.22700950627222,-6.65699837032884,-64,64,-64,-4,1166493,1.0,0,5246
------------------OXX----OOXOO----OOOO----O--O------------------ X;,275332,24586508,10.856326180756323,63.65770778550986,-64,64,4,64,275332,1.0,0,103
------------------OXX----OOXOO----XOOO------OO------------------ X;,856060,76554059,8.734392449127398,63.882889049832954,-64,64,4,64,856060,1.0,0,231
------------------OXX----OOXOO---OOOOO-------O------------------ X;,112621,10055372,18.289981442182185,63.35029878974614,-64,64,4,64,112621,1.0,0,68
------------------OXX-X--XXOOX----XOO------XO------------------- X;,477352,43847565,-63.375509058304985,-6.343595501851883,-64,64,-64,-4,477352,1.0,0,1074
------------------OXXX-----OX-----XXOOO----OOO------------------ X;,1348355,121293298,6.119517486121978,63.95622221150958,-64,64,4,64,1348355,1.0,0,5630
------------------OXXX-----OX-O---XXOO-----OOO------------------ X;,1314282,117833847,5.8312310447833875,63.95846249130704,-64,64,4,64,1314282,1.0,0,290
------------------OXXX----OOXO-----XO-----XOO-----O------------- X;,1440120,141971272,6.356882759770019,63.96855123184179,-64,64,4,64,1440120,1.0,0,145843
------------------OXXX----OXOO----OXO-----O-O-----O------------- X;,530337,47521257,6.6805182365175355,63.91363604651382,-64,64,4,64,530337,1.0,0,97
------------------OXXX----OXOO----XOO-----O-O----O-------------- X;,1378409,123322184,8.010964815232635,63.95605658407628,-64,64,4,64,1378409,1.0,0,82
------------------OXXX----OXOO---OOOO-----X-O------------------- X;,2232626,199896015,9.400692278957605,63.913156077193406,-64,64,4,64,2232626,1.0,0,763
------------------OXXX----XOX-----XXOX----XOO------------------- X;,249638,22952557,-63.3569648851537,-5.636417532587187,-64,64,-64,-4,249638,1.0,0,793
------------------OXXX----XOXX----XOOX----XO-------------------- X;,524834,48331548,-63.56519966313158,-5.233689128372019,-64,64,-64,-4,524834,1.0,0,1450
------------------OXXX---OOOO-----XOO-------OO--------O--------- X;,927756,83009312,6.135671448096267,63.95422934478462,-64,64,4,64,927756,1.0,0,38
------------------OXXX---OOOO-----XOO-------OOO----------------- X;,665605,59567759,6.2265818315667705,63.94298420234223,-64,64,4,64,665605,1.0,0,77
------------------OXXX---OOOOO----XXXX---X---------------------- X;,714551,65812342,-62.809638500261,-7.40970483562405,-64,64,-64,-4,714551,1.0,0,3556
------------------OXXX---OOOX----XOOO----XO--------------------- X;,499731,46322570,-62.79854961969539,-7.0272086382473775,-64,64,-64,-4,499731,1.0,0,5477
------------------OXXX---OOOXX---XXOO-------O------------------- X;,1279284,118586274,-63.40814705726015,-6.417073925727204,-64,64,-64,-4,1279284,1.0,0,10490
------------------OXXX---OOOXXX--XOOO--------------------------- X;,489537,45939345,-62.698905292143394,-7.7046515380859875,-64,64,-64,-4,489537,1.0,0,11666
------------------OXXX---OXOOO---XXOO----X---------------------- X;,1730324,160668984,-63.41074272795153,-5.868802605754761,-64,64,-64,-4,1730324,1.0,0,16294
------------------OXXX---XOOO-----OOO-----OOO------------------- X;,1658378,148529101,7.054529184540557,63.96068930002689,-64,64,4,64,1658378,1.0,0,581
------------------OXXX---XOXXX----OOO-----O-O------------------- X;,2375522,222932451,-63.76965483796825,-5.432817713327849,-64,64,-64,-4,2375522,1.0,0,44987
------------------OXXX--XXOXX-----OOO----XO--------------------- X;,511783,47419374,-62.15051691830327,-8.572969403047777,-64,64,-64,-4,511783,1.0,0,5838
------------------OXXXX--XXOXX----XOO----X---------------------- X;,313011,28833974,-62.6284188095626,-7.128183993533773,-64,64,-64,-4,313011,1.0,0,1958
------------------X--------XOO----XXXXO---OOOO------O----------- X;,699733,62701667,7.504853994309258,63.964360691863895,-64,64,4,64,699733,1.0,0,142
------------------X--------XXO-----XXOO--OOOOOO----------------- X;,1206392,108211523,6.497521535288696,63.96302528531356,-64,64,4,64,1206392,1.0,0,166
------------------X-------XXX-----XOXOO--OOO-O-------O---------- X;,1571823,140853485,6.050588393222392,63.96693775316941,-64,64,4,64,1571823,1.0,0,659
------------------X-------XXX-----XOXOO--OOO-O------O----------- X;,1074501,96313335,6.491420668756939,63.95375527803139,-64,64,4,64,1074501,1.0,0,624
------------------X-------XXXXX---XXOOO----OO------O------------ X;,1315680,122312940,-63.553053934087316,-5.932301167457132,-64,64,-64,-4,1315680,1.0,0,14814
------------------X------XXXXX----XOOO----XOO------O------------ X;,572223,52654884,-62.71647242421224,-7.827556739243267,-64,64,-64,-4,572223,1.0,0,2796
------------------X---X---XOOOO--XOOX---X-O-X------------------- X;,151961,14023283,-63.74155210876475,-4.691861727680129,-64,64,-64,-4,151961,1.0,0,562
------------------X---X---XOOX----XOOO---XXXX------------------- X;,236196,21711492,-63.28099544446138,-5.597232806652102,-64,64,-64,-4,236196,1.0,0,788
------------------X--X----OOOO----OXO-----OOO-----OO------------ X;,416934,37345732,7.228736442698365,63.913079768020836,-64,64,4,64,416934,1.0,0,178
------------------X--X----OOOOO----XX----OOOOO------------------ X;,31688,2827449,12.088172178742742,63.69988639232517,-64,64,4,64,31688,1.0,0,8
------------------X--X----OOXX----OOOX----XOX------O------------ X;,863786,79782305,-63.48220045242687,-5.543963435387932,-64,64,-64,-4,863786,1.0,0,4242
------------------X--X----OOXXX---OOO-----XOX------O------------ X;,630930,58129932,-63.49794430443948,-5.5860047865848825,-64,64,-64,-4,630930,1.0,0,1837
------------------X--X----OXX-----OOOO----OOO-----OO------------ X;,1896077,170498119,4.66414918803403,63.9943093028395,-64,64,4,64,1896077,1.0,0,1015
------------------X--X----OXXX----OOOX----XOO------O------------ X;,1173989,108449297,-63.494150285905576,-5.798851607638572,-64,64,-64,-4,1173989,1.0,0,5814
------------------X--X----OXXXX---OOO-----XOO------O------------ X;,586985,54032291,-63.11021235636345,-6.64250704873208,-64,64,-64,-4,586985,1.0,0,2419
------------------X--X----XOOOO---XOOOO-----O-------O----------- X;,2276085,204165851,5.280241291515915,63.98497507782003,-64,64,4,64,2276085,1.0,0,279
------------------X--X----XOOX---OOOOO-----O--O----O------------ X;,2378287,214335637,4.580391685275999,63.994260574943226,-64,64,4,64,2378287,1.0,0,2877
------------------X--X----XOOX---OOOOOO----O-------O------------ X;,1797027,161293220,4.99065400798096,63.98805916661241,-64,64,4,64,1797027,1.0,0,215
------------------X--X----XOXO---OOOO----OOO-------O------------ X;,2188853,196723616,4.4480849102246705,63.99402335378392,-64,64,4,64,2188853,1.0,0,251
------------------X--X----XXXX----XXOOO----OO------O------------ X;,1752252,162607941,-63.777584502685684,-4.867991590250718,-64,64,-64,-4,1752252,1.0,0,12251
------------------X--X----XXXX---OOOOO-----O-O-----O------------ X;,1514318,136077335,4.644787950747465,63.990996607053475,-64,64,4,64,1514318,1.0,0,212
------------------X--X---OOOOX----XOOOO-----O-------O----------- X;,2675924,239922610,5.219405334381694,63.986702910845004,-64,64,4,64,2675924,1.0,0,183
------------------X--X---OXOXO----OXO----OOO-------O------------ X;,48620,4339298,12.82081447963801,63.485684903331965,-64,64,4,64,48620,1.0,0,15
------------------X--X---OXOXO---OOOO-----OO-------O------------ X;,902894,80931258,5.895420724913445,63.96670041001491,-64,64,4,64,902894,1.0,0,372
------------------X--X---OXXXX----OOOO-----O-O-----O------------ X;,1730589,155544912,4.493170822188284,63.98994099696693,-64,64,4,64,1730589,1.0,0,325
------------------X--X---XXXXO----XOO-----XOO------O------------ X;,609024,56336042,-63.347739990542244,-6.070923313366961,-64,64,-64,-4,609024,1.0,0,5089
------------------X--X---XXXXX-----OOOO----OOO------------------ X;,968485,89259159,-63.20369649504122,-6.342574226756223,-64,64,-64,-4,968485,1.0,0,4223
------------------X--XO---OOOOOO---OO------O-O-----O------------ X;,139012,12446762,5.391016602883204,63.92160389031163,-64,64,4,64,139012,1.0,0,3
------------------X--XO---OXXO-----XO----OOOOO------------------ X;,617239,55211156,6.616344722222673,63.93478053071825,-64,64,4,64,617239,1.0,0,63
------------------X--XO---XOOO----XOOOO-----O-------O----------- X;,1777652,159185204,7.08104060862306,63.9768919901083,-64,64,4,64,1777652,1.0,0,529
------------------X--XO---XXXO----XOOO-----O-O-----O------------ X;,2960171,265897283,4.884841450037853,63.986391326717275,-64,64,4,64,2960171,1.0,0,768
------------------X--XX---OOXX----OOX-----XOX------O------------ X;,477340,43978617,-63.167767209955166,-6.208538986885658,-64,64,-64,-4,477340,1.0,0,1605
------------------X--XX---OXXX----OOOO----XXO------------------- X;,558497,51504582,-63.65584774851074,-5.201209675253403,-64,64,-64,-4,558497,1.0,0,1813
------------------X--XX---XXOX----XOOO----OOO------------------- X;,907767,83602140,-63.515675277907214,-5.677494335000061,-64,64,-64,-4,907767,1.0,0,2858
------------------X--XX--XXXOX-----OOO-----OO------O------------ X;,475888,43818861,-63.731083784419866,-4.990224590659987,-64,64,-64,-4,475888,1.0,0,1079
------------------X-O-----XOXX----OXO----OX-OO--------O--------- X;,860024,77158631,5.801984595778722,63.969145047114964,-64,64,4,64,860024,1.0,0,1421
------------------X-O-----XXXX---OOOO-----X-OO--------O--------- X;,2772884,248829475,5.562271627662751,63.99048788193087,-64,64,4,64,2772884,1.0,0,40
------------------X-OOO---XXXO----XXXXO-----O------------------- X;,1541720,142354998,-63.031698362867445,-8.656331889058974,-64,64,-64,-4,1541720,1.0,0,11141
------------------X-OX-----XOO-----XOO-----OOO------OO---------- X;,2259625,202547555,5.850201692758755,63.98269978425624,-64,64,4,64,2259625,1.0,0,516
------------------X-OX----OOO-----OXO-----OOO-----OO------------ X;,506680,45354016,8.321733638588459,63.914979868950816,-64,64,4,64,506680,1.0,0,153
------------------X-OX----OOOX-----XOX----XOOO------------------ X;,2666728,247223371,-63.899124320140636,-4.297076417242404,-64,64,-64,-4,2666728,1.0,0,12124
------------------X-OX----OXOX-----XO----OOOOO------------------ X;,1256765,112420307,6.294524433764467,63.95548252855546,-64,64,4,64,1256765,1.0,0,180
------------------X-OX----XOOO----XOOOO-----O-------O----------- X;,2948256,264232478,6.82469093592958,63.976044821073884,-64,64,4,64,2948256,1.0,0,803
------------------X-OX----XOOOO---XOO-----O-O----O-------------- X;,1797807,161123338,7.696788364935724,63.95156543499942,-64,64,4,64,1797807,1.0,0,1891
------------------X-OX----XOOX----XXOX-----OOO------------------ X;,1380794,127342141,-63.728013012802776,-5.284177074929352,-64,64,-64,-4,1380794,1.0,0,4993
------------------X-OX----XOX-----XOOX----XOOO------------------ X;,415232,38212828,-63.32620318279901,-6.318973489519112,-64,64,-64,-4,415232,1.0,0,1895
------------------X-OX----XXO-----XXO-----OOO----OO------------- X;,1909467,170919159,8.253904361793108,63.962054332439365,-64,64,4,64,1909467,1.0,0,44
------------------X-OX----XXO----OOXO-----OOO-----O------------- X;,727941,65076022,9.105325843715356,63.88519124489485,-64,64,4,64,727941,1.0,0,105
------------------X-OX----XXO----OOXO----OOOO------------------- X;,706823,63175991,8.36187560393479,63.903308183236824,-64,64,4,64,706823,1.0,0,198
------------------X-OX----XXOO-----XO-----OOOOO----------------- X;,1545821,138486791,6.553198591557496,63.95493398006626,-64,64,4,64,1545821,1.0,0,862
------------------X-OX----XXOX----XOOO-----O-O-----O------------ X;,3946440,355356814,5.232697317075643,63.98645107996067,-64,64,4,64,3946440,1.0,0,10366
------------------X-OX----XXXX----OXO----OO-O-----O------------- X;,716128,64136270,5.338193730729702,63.974334197238484,-64,64,4,64,716128,1.0,0,25
------------------X-OX----XXXX----OXO----OOOO------------------- X;,2356016,214019136,6.359825230388927,63.969760816564914,-64,64,4,64,2356016,1.0,0,33262
------------------X-OX---OOOX-----XXOX----X-OO------------------ X;,2731802,254163613,-63.90940997920054,-4.1574901841348675,-64,64,-64,-4,2731802,1.0,0,21607
------------------X-OX---XOOO---X-OOXX----O-O------------------- X;,1006874,93133463,-63.59562566915026,-5.562455679658031,-64,64,-64,-4,1006874,1.0,0,6129
------------------X-X------XXO----OOOOO----OOO------O----------- X;,1255000,112847320,5.071359362549801,63.974455776892434,-64,64,4,64,1255000,1.0,0,2905
------------------X-X------XXOO----XXO-----OOO------OO---------- X;,963350,86321268,7.056934655109774,63.9387242435252,-64,64,4,64,963350,1.0,0,186
------------------X-X------XXOO----XXO-----OOOO-----O----------- X;,2019024,181423070,5.439950193756983,63.99368506763664,-64,64,4,64,2019024,1.0,0,477
------------------X-X------XXOO----XXOO----OOO------O----------- X;,841198,75908990,9.131360274275497,63.939783499247504,-64,64,4,64,841198,1.0,0,5892
------------------X-X-----OOXX-----OO-X---XOO------OO----------- X;,460900,42437091,-63.335074853547404,-6.267285745280972,-64,64,-64,-4,460900,1.0,0,1523
------------------X-X-----OOXX----OOO-X---XOOO------------------ X;,571172,52550836,-63.559225592290936,-5.90491480674823,-64,64,-64,-4,571172,1.0,0,1273
------------------X-X-----OOXXX----OO-----XOO------OO----------- X;,353459,32557405,-62.817124475540304,-7.812708121734063,-64,64,-64,-4,353459,1.0,0,1496
------------------X-X-X---XXOX----XOOO-----OO------O------------ X;,416159,38319293,-63.71633918766625,-5.069254780023981,-64,64,-64,-4,416159,1.0,0,1075
------------------X-X-X--XXXOX-----OOO-----OO------O------------ X;,433149,39887851,-63.6063941045691,-5.314623836139527,-64,64,-64,-4,433149,1.0,0,793
------------------X-XX----XXXO----XOOO----OOO------------------- X;,1540110,142019500,-63.66013336709715,-5.422998357260195,-64,64,-64,-4,1540110,1.0,0,5430
------------------X-XX---XXXXO-----OOO----OOO------------------- X;,1364700,125869743,-63.75615300065949,-5.032486260716641,-64,64,-64,-4,1364700,1.0,0,3871
------------------XO------OXXX---OOOOOO---XO-------------------- X;,2130588,190825449,7.336140070252907,63.939490882329196,-64,64,4,64,2130588,1.0,0,538
------------------XO------XOX----OOOO----OOOOO------------------ X;,826328,74073279,7.475348771916237,63.88751198071468,-64,64,4,64,826328,1.0,0,364
------------------XO------XOX----OXOO-----OOOO-----O------------ X;,815361,72984508,7.670560647369693,63.906075958992396,-64,64,4,64,815361,1.0,0,304
------------------XO------XOX----OXOO-----OOOO---O-------------- X;,773630,69104425,10.825642749117796,63.857324560836574,-64,64,4,64,773630,1.0,0,157
------------------XO------XXXX----XOOOO---OO-----O-------------- X;,2436367,218394086,6.119412223199543,63.971358994765566,-64,64,4,64,2436367,1.0,0,140
------------------XO------XXXX----XOOOO--OOO-------------------- X;,2628101,236119694,5.07464210850344,63.98138960412861,-64,64,4,64,2628101,1.0,0,1077
------------------XO-----OXXX-----OOOOO----OOO------------------ X;,418660,37401150,8.972397649644103,63.81487603305785,-64,64,4,64,418660,1.0,0,79
------------------XO-----OXXXX----OOOOO---XO-------------------- X;,3342972,299924963,5.468586634886562,63.97917541636603,-64,64,4,64,3342972,1.0,0,157
------------------XO-----XXXXO---OOOOOO----O-------------------- X;,395854,35378282,8.52744698803094,63.834913882390985,-64,64,4,64,395854,1.0,0,60
------------------XO----OOOOOO---OXXXX-----O-------------------- X;,706793,65455177,8.433467790428033,63.83784219707892,-64,64,4,64,706793,1.0,0,23619
------------------XO--O--O-XXO---OOXO----OOO-------------------- X;,151012,13511720,7.916655630016158,63.844422959764785,-64,64,4,64,151012,1.0,0,43
------------------XO--O--XXXXO---O-OOO-----O--O----------------- X;,180556,16152165,6.296871884623053,63.899466093621925,-64,64,4,64,180556,1.0,0,66
------------------XO--X----OOX----XOOO---XXXX------------------- X;,406397,37446585,-63.595641700110974,-5.084107412210228,-64,64,-64,-4,406397,1.0,0,1267
------------------XO--X---OOOXO----OO-----XXOO------------------ X;,4340373,389887821,4.795029367291705,63.99501010627428,-64,64,4,64,4340373,1.0,0,1010
------------------XO--X---OOOXO----OX-----XO-O-----O------------ X;,2249811,202090862,4.646577868096475,63.99416217628948,-64,64,4,64,2249811,1.0,0,545
------------------XO-O---XXXXX---O-OOOO----O-------------------- X;,428510,38280610,11.176948029217522,63.88352663881823,-64,64,4,64,428510,1.0,0,85
------------------XO-OX----OOO-----XXO----XXXO------------------ X;,1202000,111095405,-63.69315141430948,-5.541038269550749,-64,64,-64,-4,1202000,1.0,0,7484
------------------XO-X----XOOX----XOOO-----O-O-----O------------ X;,3913167,352382406,5.224425126757943,63.987157205404216,-64,64,4,64,3913167,1.0,0,10357
------------------XO-X----XOOX----XXOX-----XOO------------------ X;,558494,51457335,-63.27808714149123,-6.645840420846061,-64,64,-64,-4,558494,1.0,0,3453
------------------XOO-----XOXX---XXOXX-----OO------------------- X;,1785110,164650288,-63.74889950759337,-4.957509621255833,-64,64,-64,-4,1785110,1.0,0,5022
------------------XOO-----XOXXX---OOOX----XO-------------------- X;,1268331,117518903,-63.549519802007524,-5.541826226749957,-64,64,-64,-4,1268331,1.0,0,10728
------------------XOO-----XXOXX---XXOX-----OO------------------- X;,1652674,152487911,-63.75045774302736,-5.154911373930975,-64,64,-64,-4,1652674,1.0,0,5670
------------------XOOO----OXOO---OOOOO---O---------------------- X;,55420,4946545,13.764525442078671,63.22410682064237,-64,64,4,64,55420,1.0,0,41
------------------XOOO----OXXO---OOXX-O--O---------------------- X;,363178,32449653,8.757226483983061,63.753988402381204,-64,64,4,64,363178,1.0,0,82
------------------XOOO----XXOX----OOO----O-OO------------------- X;,1376183,123058894,9.040812159429379,63.89706165531764,-64,64,4,64,1376183,1.0,0,306
------------------XOOO----XXOX----OOO----OO-O------------------- X;,2011855,180358508,6.112684065203506,63.951925958878746,-64,64,4,64,2011855,1.0,0,1029
------------------XOOO----XXOX----OXX------OO-------O----------- X;,2651232,237433146,6.2000519003995125,63.970928986976624,-64,64,4,64,2651232,1.0,0,1603
------------------XOOO----XXXO----OOOOO--O---------------------- X;,113644,10144551,9.803262820738446,63.51773960789835,-64,64,4,64,113644,1.0,0,28
------------------XOOO----XXXO----XOO-O----OO------------------- X;,438424,39275295,8.91902359359889,63.86695527617101,-64,64,4,64,438424,1.0,0,1064
------------------XOOO----XXXO----XOOOO----O-------------------- X;,480941,42966596,8.456950020896533,63.871156753115244,-64,64,4,64,480941,1.0,0,198
------------------XOOO---OOXO----OXXXX------O------------------- X;,894981,80234480,6.679728396468752,63.913468554081035,-64,64,4,64,894981,1.0,0,540
------------------XOOO---OXXXX----OOO------OO------------------- X;,1843833,166022653,6.298615980948383,63.94809399766682,-64,64,4,64,1843833,1.0,0,10545
------------------XOOO---OXXXX----OOOO-----O-------------------- X;,790003,70824200,9.185587902830749,63.89187129669128,-64,64,4,64,790003,1.0,0,1931
------------------XOOO---XXXOX---OOOO-------O------------------- X;,1502745,134546619,8.48795238047706,63.91452042761746,-64,64,4,64,1502745,1.0,0,235
------------------XOOOO---XXXO----OOO----O-O-------------------- X;,92092,8226256,14.114624505928854,63.49396255917995,-64,64,4,64,92092,1.0,0,64
------------------XOOOO---XXXO----OOOO---O---------------------- X;,391745,35002331,8.260695095023548,63.77787080881696,-64,64,4,64,391745,1.0,0,139
------------------XOOOO---XXXO----XOO------OO------------------- X;,490392,44077702,9.326591787794255,63.882551101975565,-64,64,4,64,490392,1.0,0,2583
------------------XOOOO---XXXO----XOOO-----O-------------------- X;,573940,51345002,8.789030212217305,63.87917203888908,-64,64,4,64,573940,1.0,0,552
------------------XOOX-----XOOO----XXXX---XO-------------------- X;,1279765,117901884,-63.4560220040398,-5.855159345661117,-64,64,-64,-4,1279765,1.0,0,4918
------------------XOOX-----XOX----XXOO----XOO------------------- X;,1351770,124818519,-63.86313795986003,-4.422515664647093,-64,64,-64,-4,1351770,1.0,0,3374
------------------XOOX----XOOX----XXOO----X-O------------------- X;,791235,73099476,-63.67825488002932,-5.149504256004853,-64,64,-64,-4,791235,1.0,0,4989
------------------XOOX----XOX-----XOX-----XOOX------------------ X;,262609,24221659,-63.74001652647091,-4.750400785959354,-64,64,-64,-4,262609,1.0,0,803
------------------XOOX----XOXX----OOOX----XO-------------------- X;,994777,92437368,-63.61111686337742,-5.460677116579896,-64,64,-64,-4,994777,1.0,0,9895
------------------XOOX----XOXX----XOX-----OOO------------------- X;,1907422,197912085,-63.803153156459345,-4.762435370882794,-64,64,-64,-4,1907422,1.0,0,244279
------------------XOOX----XXOX----XXOX-----OO------------------- X;,2302460,213387836,-63.77890169644641,-4.97202470401223,-64,64,-64,-4,2302460,1.0,0,14686
------------------XOOX---XXXOX-----OOX-----XO------------------- X;,953841,87892726,-63.61575356899106,-5.38791475728135,-64,64,-64,-4,953841,1.0,0,3108
------------------XOX-----XXOXX---XOOO-----XO------------------- X;,531041,48884418,-63.67501191056811,-5.361642509712056,-64,64,-64,-4,531041,1.0,0,1769
------------------XOX-X---XOOX----XOX------OO------O------------ X;,340160,31395637,-63.88884642521167,-4.472407102539981,-64,64,-64,-4,340160,1.0,0,696
------------------XX------OXXO-----XXO-----OOO------OO---------- X;,800613,71856100,5.793003610983084,63.93746042095245,-64,64,4,64,800613,1.0,0,347
------------------XX------XOX----OOOOX----XOOO------------------ X;,1101790,101797367,-63.512015901396815,-6.160789261111464,-64,64,-64,-4,1101790,1.0,0,5942
------------------XX------XOX----OXOOX----XOOO------------------ X;,1164810,108040391,-63.58597711214705,-5.890759866415982,-64,64,-64,-4,1164810,1.0,0,11033
------------------XX------XXX-----XOXO----O-OO---O---O---------- X;,1168575,104457625,8.541272917870055,63.94817619750551,-64,64,4,64,1168575,1.0,0,35
------------------XX------XXXX----XOOO----XOO------O------------ X;,1353346,124871690,-63.31777387305242,-6.738123140719373,-64,64,-64,-4,1353346,1.0,0,6742
------------------XX-----XXXXO----OOOO-----OOO------------------ X;,2226943,206028982,-63.804667654268655,-5.030254478897754,-64,64,-64,-4,2226943,1.0,0,11220
------------------XX-----XXXXXX---OOO------OOO------------------ X;,579496,53300335,-63.24115093115397,-6.5440762317600125,-64,64,-64,-4,579496,1.0,0,1717
------------------XX----OOOXO-----OOO-----OOO-------O----------- X;,232780,20876578,14.842091244952316,63.57116590772403,-64,64,4,64,232780,1.0,0,1132
------------------XX----OOOXO-----OOOO----OO--------O----------- X;,186420,16663995,13.53871902156421,63.575710760648,-64,64,4,64,186420,1.0,0,209
------------------XX--X---OXOX-----OOO----XXO--------O---------- X;,847122,79151182,-63.7316962609872,-5.342293081752097,-64,64,-64,-4,847122,1.0,0,13081
------------------XX--X---XXOX----XOOO-----OOO------------------ X;,533624,49061358,-63.25827548985803,-7.642568550140173,-64,64,-64,-4,533624,1.0,0,2031
------------------XX--X---XXOX---X-OOO-----OO------O------------ X;,671343,61919650,-63.73181220329995,-5.321053470431657,-64,64,-64,-4,671343,1.0,0,2068
------------------XX--X--XXXOX-----OOO-----OOO------------------ X;,529012,48761548,-63.520358706418754,-6.006827822431249,-64,64,-64,-4,529012,1.0,0,2221
------------------XX-O-----XX------XXOO--OOO-O-------O---------- X;,240371,21604049,4.81698707414788,63.9868952577474,-64,64,4,64,240371,1.0,0,122
------------------XX-O-----XX------XXOO--OOO-O------O----------- X;,177768,15964203,4.941834300886549,63.9725934926421,-64,64,4,64,177768,1.0,0,27
------------------XX-O-----XX-----OOOXO---XO--O-------O--------- X;,398250,35665463,6.164896421845574,63.98016823603264,-64,64,4,64,398250,1.0,0,11
------------------XX-O-----XXO-----XXO---OOO-O-------O---------- X;,597132,53566073,4.974042590248052,63.990856293080924,-64,64,4,64,597132,1.0,0,32
------------------XX-O----XOO----XOOOX--X---OO------------------ X;,1124649,104364959,-63.93315069857351,-4.183767557700225,-64,64,-64,-4,1124649,1.0,0,5719
------------------XX-OO----XXO-----OOOO---OO-----O-------------- X;,173814,15545763,6.181792030561405,63.94324968069316,-64,64,4,64,173814,1.0,0,5
------------------XX-X----XXOO---OOOO-----O-O----O-------------- X;,544674,48644442,16.120831910463874,63.80694507173098,-64,64,6,64,544674,1.0,0,59
------------------XX-X---OOOOO----XOO-----O-O----O-------------- X;,902821,80691311,11.079117565940535,63.879256242378055,-64,64,4,64,902821,1.0,0,113
------------------XX-X---OOXOO----OOO-----O-O-------O----------- X;,1054606,94437804,6.520797340428558,63.961758230087824,-64,64,4,64,1054606,1.0,0,35
------------------XXO---OOOOO-----OOO-----OOO------------------- X;,516086,46105363,13.754943943451286,63.72346469386885,-64,64,4,64,516086,1.0,0,110
------------------XXO-X---OOOX----OOX-----XXX------------------- X;,331396,30672964,-63.153773732935825,-6.6812695385581,-64,64,-64,-4,331396,1.0,0,3281
------------------XXO-X---OOOX----OOXX----XO-------------------- X;,1275572,117645990,-63.74131918856795,-4.959939540849125,-64,64,-64,-4,1275572,1.0,0,3937
------------------XXOO-----XO-----OOOOO-----OO------O----------- X;,168891,15084563,6.54347478551255,63.89577893434227,-64,64,4,64,168891,1.0,0,12
------------------XXOO-----XOO-----OOOO---OO-----O-------------- X;,1206423,107944590,6.2402275155563185,63.950869636934975,-64,64,4,64,1206423,1.0,0,37
------------------XXOO-----XXO----OOOO------OO-------O---------- X;,548287,49093264,6.898321499506645,63.93516169451401,-64,64,4,64,548287,1.0,0,377
------------------XXX------OO------OOOO--OOOO-------O----------- X;,1128692,101049140,5.673682457215963,63.97313173124289,-64,64,4,64,1128692,1.0,0,35
------------------XXX------OO-----OOOXX---XOOO------------------ X;,748215,68903306,-63.639165213207434,-5.385174047566542,-64,64,-64,-4,748215,1.0,0,2321
------------------XXX------OO-----XOOXX--XXOO------------------- X;,56071,5147140,-63.15728273082342,-6.877958302866009,-64,64,-64,-4,56071,1.0,0,227
------------------XXX------OOO---XXXOX----XOO------------------- X;,244727,22630995,-63.4412958112509,-5.6903243205694505,-64,64,-64,-4,244727,1.0,0,2018
------------------XXX------OOOO---OOOXX---XO-------------------- X;,2041734,188936512,-63.811333895600505,-4.638365232689469,-64,64,-64,-4,2041734,1.0,0,9499
------------------XXX------OOOOO---OOO-----OOO------------------ X;,1491077,133813675,5.0645915670351025,63.98516240274647,-64,64,4,64,1491077,1.0,0,678
------------------XXX------XOOO---OOOO---OOO-------------------- X;,3795469,341074017,4.604287902232899,63.99269602781632,-64,64,4,64,3795469,1.0,0,121
------------------XXX------XX----OOOOOO---OOO------------------- X;,2712118,243843637,4.802574961708893,63.97729154852407,-64,64,4,64,2712118,1.0,0,5430
------------------XXX------XXXX---XOOOO---OO-------------------- X;,1194263,110025463,-63.68189753848189,-5.130637053982247,-64,64,-64,-4,1194263,1.0,0,4108
------------------XXX-----OOOO----XOOX---XXO-------------------- X;,559094,51497843,-63.606001852997885,-5.2686489212905165,-64,64,-64,-4,559094,1.0,0,2053
------------------XXX-----OXOO----OOOO----OOO------------------- X;,845101,75714976,6.848097446340733,63.904577086052434,-64,64,4,64,845101,1.0,0,127
------------------XXX-----OXXO-----OOO-----OOO-------O---------- X;,2484074,223214919,5.76131226364432,63.97737104450189,-64,64,4,64,2484074,1.0,0,4143
------------------XXX-----XOOO---OOOOX----XO-------------------- X;,1899308,176468652,-63.70517051473484,-4.950292422292751,-64,64,-64,-4,1899308,1.0,0,15055
------------------XXX-----XXX-----XXOX------OOOO---------------- X;,80777,7437054,-62.19671441128044,-10.48486574148582,-64,64,-64,-4,80777,1.0,0,605
------------------XXX-----XXX----OOOXX----XOO------------------- X;,481300,44858773,-62.46783710783295,-8.11535009349678,-64,64,-64,-4,481300,1.0,0,8056
------------------XXX-----XXXOO----XOO-----OOO------------------ X;,1987279,183904286,-63.723295017961746,-5.4816429902394175,-64,64,-64,-4,1987279,1.0,0,9246
------------------XXX-----XXXX---X-OOO-----OOO------------------ X;,571587,52727622,-63.185845724272944,-7.241445309288,-64,64,-64,-4,571587,1.0,0,3743
------------------XXX----O-XX-----OOOOO---OOO------------------- X;,2395005,217062336,4.924501618994532,63.9653437049192,-64,64,4,64,2395005,1.0,0,23296
------------------XXX----OOOO-----XXXXX---XX-------------------- X;,391469,36059033,-62.59482615481686,-7.5531344755267975,-64,64,-64,-4,391469,1.0,0,2270
------------------XXX----OOOOOO---OOOO-----O-------------------- X;,518906,46366866,10.493210716391793,63.78477797520168,-64,64,4,64,518906,1.0,0,63
------------------XXX----OOOOOO--OOOOO-------------------------- X;,450970,40345266,11.774539326340998,63.82392176863206,-64,64,4,64,450970,1.0,0,69
------------------XXX----OOXOO----OOO-----O-O-------O----------- X;,329919,29466119,8.38156032238216,63.862966364471276,-64,64,4,64,329919,1.0,0,39
------------------XXX----OOXOO---OOOO-------O-------O----------- X;,297462,26559111,13.377312060027835,63.702617477190365,-64,64,4,64,297462,1.0,0,56
------------------XXX----X-OO-----XOOO-----OOO-----O------------ X;,323325,29901407,-63.48951674012217,-6.226935745766643,-64,64,-64,-4,323325,1.0,0,2991
------------------XXX---OOOOOO----OOO-----OO-------------------- X;,1163324,104306717,5.627075518084386,63.94848382737741,-64,64,4,64,1163324,1.0,0,239
------------------XXX---OOXXO----OOOOO-----O-------------------- X;,610305,54570668,9.507213606311598,63.821849730872266,-64,64,4,64,610305,1.0,0,58
------------------XXX-O----XOO----OOOO---OOO-------------------- X;,1673710,150362827,5.835809070866518,63.971891187840185,-64,64,4,64,1673710,1.0,0,2361
------------------XXX-O--OXXXO----OOOO-----O-------------------- X;,796855,71471248,6.751361289067647,63.97293359519612,-64,64,4,64,796855,1.0,0,230
------------------XXX-O--OXXXO---OOOOO-------------------------- X;,345210,30857818,8.281440282726455,63.871556443903714,-64,64,4,64,345210,1.0,0,58
------------------XXX-X----XXX----XOX-----OOOO------------------ X;,224772,20793181,-62.777303222821345,-7.754933888562633,-64,64,-64,-4,224772,1.0,0,2362
------------------XXX-X---XOOX----XOO------OO------O------------ X;,312234,28741242,-63.48281737414887,-5.485930423976889,-64,64,-64,-4,312234,1.0,0,1103
------------------XXXO-----XOO----OOOO---OOO-------------------- X;,1660024,148731305,7.210070456812673,63.95928854040665,-64,64,4,64,1660024,1.0,0,178
------------------XXXO-----XOO----XOXO-----OOO------------------ X;,2076678,192502372,-63.85416612493608,-4.866748720793498,-64,64,-64,-4,2076678,1.0,0,14150
------------------XXXO-----XXO----OOOO---OOO-------------------- X;,2739460,246081501,6.589689938893066,63.96534207471546,-64,64,4,64,2739460,1.0,0,6806
------------------XXXO----OOOX-----OOOX---XO-------------------- X;,2463737,229922601,-63.84132153716082,-4.669581209357979,-64,64,-64,-4,2463737,1.0,0,33552
------------------XXXO----XOOO---XXXOX-----O-------------------- X;,924995,85104753,-63.36599224860675,-5.949368374964189,-64,64,-64,-4,924995,1.0,0,2729
------------------XXXO----XOOOO--X-OOOX------------------------- X;,750465,69259088,-63.226093155576876,-6.574004117447183,-64,64,-64,-4,750465,1.0,0,4088
------------------XXXO----XXXO-----XXO-----OOO------------------ X;,3914791,365473285,-63.78085982112455,-5.250010536960977,-64,64,-64,-4,3914791,1.0,0,53239
------------------XXXO---OXXOO----OOOO-----O-------------------- X;,945877,84576928,7.9549539739310715,63.90448652414637,-64,64,4,64,945877,1.0,0,296
------------------XXXO---OXXOO---OOOOO-------------------------- X;,378981,33859236,10.449241518704104,63.73903177204134,-64,64,4,64,378981,1.0,0,305
------------------XXXO---XXXO----O-OOOO----O-------------------- X;,428457,38275720,11.177317677153134,63.88351223109904,-64,64,4,64,428457,1.0,0,84
------------------XXXO-O---XXXO----OOO----XO-------------------- X;,1514700,140904365,-63.70637089852776,-5.186822473096983,-64,64,-64,-4,1514700,1.0,0,13361
------------------XXXOO----XOO----OOO----OOO-------------------- X;,868699,77822387,5.995063882886938,63.95285593744208,-64,64,4,64,868699,1.0,0,386
------------------XXXOO----XXO----OOO----OOO-------------------- X;,793326,71337406,4.914748791795555,63.97616868727358,-64,64,4,64,793326,1.0,0,1882
------------------XXXOO---XXXO-----OOO-----O--O----------------- X;,1045827,94251498,5.364671212351565,63.96912300026678,-64,64,4,64,1045827,1.0,0,5892
------------------XXXOO---XXXO-----OOOO----O-------------------- X;,1309407,117496631,5.03654555077222,63.979997052100686,-64,64,4,64,1309407,1.0,0,558
------------------XXXX-----OOO----OOOO----XO-------O------------ X;,5018806,450155924,5.859034200564835,63.98528215675202,-64,64,4,64,5018806,1.0,0,302
------------------XXXX-----OOOO---OXOX----XO-------------------- X;,2069827,191550146,-63.78761799899219,-4.6177095960193775,-64,64,-64,-4,2069827,1.0,0,8597
------------------XXXX-----OOOO---OXX----OOO-------------------- X;,1659507,148751462,6.165014067430869,63.96584407296866,-64,64,4,64,1659507,1.0,0,1756
------------------XXXX-----OXX----OXO----OOO-O------------------ X;,1637275,146783121,5.675216441953856,63.97927043410545,-64,64,4,64,1637275,1.0,0,463
------------------XXXX-----XO-----OOOO------OO------O-O--------- X;,952058,85205403,8.144739081022374,63.9353673830796,-64,64,4,64,952058,1.0,0,22
------------------XXXX-----XO-----OOOO------OO------OO---------- X;,902774,80750970,8.594447779843017,63.91013919319786,-64,64,4,64,902774,1.0,0,112
------------------XXXX-----XO-----OOOO------OOO-----O----------- X;,893452,80000280,7.005882800642899,63.936571858365085,-64,64,4,64,893452,1.0,0,135
------------------XXXX-----XO-----OOOOO-----OO------O----------- X;,651802,58293925,8.298112003338437,63.9076744164639,-64,64,4,64,651802,1.0,0,36
------------------XXXX-----XOOO---XXOO-----OO------------------- X;,1154802,106409296,-63.691883110697766,-5.412496687743873,-64,64,-64,-4,1154802,1.0,0,3900
------------------XXXX-----XX-----OXOO-----O-O------O-O--------- X;,1347979,121056616,4.8432816831716226,63.99082478287867,-64,64,4,64,1347979,1.0,0,17
------------------XXXX-----XX-----OXOO-----O-O----O---O--------- X;,1521025,136749389,4.7532249634292665,63.99375289689519,-64,64,4,64,1521025,1.0,0,19
------------------XXXX-----XX----OOOOO---X---O-------O---------- X;,3727994,336013637,5.9550798633259605,63.984546112466916,-64,64,4,64,3727994,1.0,0,11986
------------------XXXX----OOXX----OOXX----XO-------------------- X;,257762,23826429,-62.89367711299571,-7.3175875419961045,-64,64,-64,-4,257762,1.0,0,2283
------------------XXXX----OXOO-----OO-----OOO-------O----------- X;,1812111,162314718,5.9943071919987245,63.97994272977759,-64,64,4,64,1812111,1.0,0,803
------------------XXXX----OXOO-----XO------OO-----O-O----------- X;,2835752,254506853,5.045253604687575,63.993885219864076,-64,64,4,64,2835752,1.0,0,556
------------------XXXX----OXOO----OOO------OO-------O----------- X;,2583170,231097868,6.765372004165425,63.97154503962186,-64,64,4,64,2583170,1.0,0,144
------------------XXXX----XOOOO---XOOX-----O-------------------- X;,1740304,160950147,-63.67471430278848,-5.102513124143828,-64,64,-64,-4,1740304,1.0,0,8277
------------------XXXX----XOOX----OOOX----XO-------------------- X;,312499,28761670,-63.28484891151652,-5.81055299376958,-64,64,-64,-4,312499,1.0,0,1347
------------------XXXX----XOOX----XOOX----OO-------------------- X;,316564,29093421,-63.11040421526137,-6.547927117423333,-64,64,-64,-4,316564,1.0,0,1195
------------------XXXX----XOX-----XOOOO-----OO------------------ X;,236526,22036625,-62.72945891783567,-8.37429288957662,-64,64,-64,-4,236526,1.0,0,3903
------------------XXXX----XXO-----OOOO------OOO----------------- X;,1613489,145293147,6.686910167965198,63.94588621304515,-64,64,4,64,1613489,1.0,0,8823
------------------XXXX----XXX-----XXOO------OO-------O---------- X;,146208,13482279,-62.49101280367695,-9.481669949660757,-64,64,-64,-4,146208,1.0,0,1217
------------------XXXX---OXOX----OOOO-----XO-------------------- X;,770233,71892541,-63.024786006312375,-6.3461757675924035,-64,64,-64,-4,770233,1.0,0,11083
------------------XXXX---XXOXX----OOO----O--O------------------- X;,705010,64962724,-63.3404348874484,-7.264974964894115,-64,64,-64,-4,705010,1.0,0,2399
------------------XXXX--OOOOO------OOO-----O-------O------------ X;,645027,57635908,10.282298260382898,63.89037668190634,-64,64,4,64,645027,1.0,0,87
------------------XXXXO----OXO----OXO----OOO-------------------- X;,870568,77890221,7.089419781108425,63.94103619705756,-64,64,4,64,870568,1.0,0,113
------------------XXXXX----OOO-----XOX----XOO------------------- X;,300886,27675210,-63.321922588621604,-5.4519851372280534,-64,64,-64,-4,300886,1.0,0,1049
------------------XXXXX---OOOO-----OOO----XO-------------------- X;,1171865,108133811,-63.74457467370388,-5.0552290579546275,-64,64,-64,-4,1171865,1.0,0,3485
------------------XXXXX---XOOX----OOOO-----X-------------------- X;,402744,37092570,-63.28080368670918,-5.652469062233081,-64,64,-64,-4,402744,1.0,0,1567
-----------------O-------OOXX---XXXOO----O-OOO------------------ X;,45494,4070109,12.26799138347914,63.20908251637579,-64,64,4,64,45494,1.0,0,46
-----------------O--O-----OXXX----OXO-----OOOO----O------------- X;,226192,20211521,7.064812194949424,63.85819127113249,-64,64,4,64,226192,1.0,0,57
-----------------O--O----OOXXX---XXOO------OOO------------------ X;,584669,52385252,6.167020998205823,63.881450872202905,-64,64,4,64,584669,1.0,0,867
-----------------O--OOO---OXXO---XXOO----O--O------------------- X;,114752,10248859,8.29914947016174,63.70792665923034,-64,64,4,64,114752,1.0,0,19
-----------------O--OX----OXX-----XOXO----O-OOO----------------- X;,614247,55026957,5.340545415769227,63.97079676416816,-64,64,4,64,614247,1.0,0,361
-----------------O--OX----OXXO----OXO-O--OX-O------------------- X;,277144,24765025,6.525813295615276,63.93868169615796,-64,64,4,64,277144,1.0,0,16
-----------------O--OX----OXXX----OXO----OO-O-----O------------- X;,218137,19509318,5.904454540036766,63.94778510752417,-64,64,4,64,218137,1.0,0,20
-----------------O--OX----OXXX----OXO----OOOO------------------- X;,906767,81147936,7.038460817387488,63.9092798921884,-64,64,4,64,906767,1.0,0,576
-----------------O--X-----OXXO---XXOOO-----OOO------------------ X;,1358455,121954968,6.243059946777773,63.9381900762263,-64,64,4,64,1358455,1.0,0,1292
-----------------O-O------OXXXO---XOXO----OOO------------------- X;,516118,46290200,5.279668602916387,63.95365788443728,-64,64,4,64,516118,1.0,0,645
-----------------O-OOO----OXOX----XOX-----OOO------------------- X;,430609,38492162,8.704708912261472,63.886244829996585,-64,64,4,64,430609,1.0,0,86
-----------------O-OOO----OXOX----XOXO------O-O----------------- X;,192949,17253242,5.998973822098067,63.85651130609643,-64,64,4,64,192949,1.0,0,63
-----------------O-OOO----OXXO----XOOOO-----O------------------- X;,78723,7026601,11.543233870660417,63.5318775961282,-64,64,4,64,78723,1.0,0,10
-----------------O-OOO----OXXO----XOXO------OO------------------ X;,223920,19990745,9.96713111825652,63.759253304751695,-64,64,4,64,223920,1.0,0,69
-----------------O-OOO----OXXX----XOO-----OOO------------------- X;,201835,18118134,6.667317363192707,63.69549384398147,-64,64,4,64,201835,1.0,0,1024
-----------------O-OOO----OXXX----XOXO------O-O----------------- X;,95011,8490871,5.746660912946922,63.88624475060782,-64,64,4,64,95011,1.0,0,4
-----------------O-OOO----OXXXO---XOXO------O------------------- X;,111910,9994140,6.89966937717809,63.86667858100259,-64,64,4,64,111910,1.0,0,5
-----------------O-OX----OOXX----XXOO------OOO------------------ X;,908839,81364388,8.485078215173425,63.84638643368077,-64,64,4,64,908839,1.0,0,197
-----------------O-OXX---OOXX----O-OOO----XO-------------------- X;,940983,84849080,5.274414096747763,63.96528948982075,-64,64,4,64,940983,1.0,0,6000
-----------------O-OXX---XXXX------OOO----OO-----O-------------- X;,722284,64632435,8.84319187466426,63.9289393091914,-64,64,4,64,722284,1.0,0,23
-----------------O-OXX---XXXX------OOO---OOO-------------------- X;,421411,37655741,13.847759076056391,63.81961552973225,-64,64,4,64,421411,1.0,0,722
-----------------O-XX-X---OXOX---XOOO------XO------------------- X;,497845,45893963,-63.47486868402816,-6.399421506693851,-64,64,-64,-4,497845,1.0,0,1623
-----------------O-XXO---XOXX-----OOXX---XO--------------------- X;,555885,51179086,-62.92021551220127,-8.473968536657761,-64,64,-64,-4,555885,1.0,0,2198
-----------------O-XXX---XOOO-----OOO-----OOO------------------- X;,1704654,152808060,6.438635641015713,63.94980682296818,-64,64,4,64,1704654,1.0,0,936
-----------------OO-OX----OXXX----OXO-----O-O-----O------------- X;,319226,28536554,8.138340861959865,63.93826943920608,-64,64,4,64,319226,1.0,0,39
-----------------OO-OX----OXXX---OOOO-----X-O------------------- X;,1746572,156737195,5.149033649915377,63.97456846897809,-64,64,4,64,1746572,1.0,0,997
-----------------OO-OX----OXXXX---XOO-O-----O------------------- X;,465091,41617047,5.628403903752169,63.91965013298473,-64,64,4,64,465091,1.0,0,36
-----------------OO-OX---XOXXX----OOO----O--O------------------- X;,776564,69529954,6.384390726327772,63.9456297227273,-64,64,4,64,776564,1.0,0,108
-----------------OO-OX---XOXXX----XOO-----X-O------------------- X;,2469874,228726612,-63.752467534781125,-5.27230376934208,-64,64,-64,-4,2469874,1.0,0,11555
-----------------OO-X----OOXX----XXOO------OOO------------------ X;,523627,47203838,7.394179444528262,63.84381630435406,-64,64,4,64,523627,1.0,0,3428
-----------------OOO------XOX----XXOO----O-OOO------------------ X;,581188,52061673,9.367784606702134,63.72709347061536,-64,64,4,64,581188,1.0,0,1281
-----------------OOO-X-----OXOO----OO-----XOOO------------------ X;,992594,88994860,5.411082476823354,63.9650007958944,-64,64,4,64,992594,1.0,0,237
-----------------OOO-X-----XXOO----XO-----XO-O----O------------- X;,1254405,112600092,4.829526349145611,63.984982521593906,-64,64,4,64,1254405,1.0,0,310
-----------------OOO-X----OXXOO---OOO-----XO-------------------- X;,2140248,191981428,6.390667810459349,63.97246767664308,-64,64,4,64,2140248,1.0,0,387
-----------------OOO-X----OXXOO--O-OO-----XO-------------------- X;,676131,60520148,5.646947115277957,63.97610818021951,-64,64,4,64,676131,1.0,0,21
-----------------OOO-X----XOXOO---XOO-----XO-------------------- X;,1472104,131742716,7.936958258383918,63.93649905169743,-64,64,4,64,1472104,1.0,0,307
-----------------OOO-X----XXXOO----OO-----OO-----O-------------- X;,1203731,108317925,6.327749306115735,63.97126268244317,-64,64,4,64,1203731,1.0,0,7134
-----------------OOO-X----XXXOO----OO----OOO-------------------- X;,602835,53893911,9.067041561953104,63.89642937122098,-64,64,4,64,602835,1.0,0,138
-----------------OOO-X---OOOOOO----OO-----XO-------------------- X;,138369,12384268,6.367090894636805,63.97629526844886,-64,64,4,64,138369,1.0,0,14
-----------------OOO-X---XXOO-----XOOO-----O-------O------------ X;,344063,30739943,16.303868768219775,63.844976065429876,-64,64,4,64,344063,1.0,0,290
-----------------OOO-X---XXOXO-----OO-----O-O-------O----------- X;,507324,45542799,10.593845353265369,63.87863771475428,-64,64,4,64,507324,1.0,0,1994
-----------------OOOOO----OOXX----XOO------O-O------------------ X;,628275,56210790,8.26505909036648,63.88144681867017,-64,64,4,64,628275,1.0,0,269
-----------------OOOOO----OXOX----XOO------OO------------------- X;,858814,77003965,5.5644784551718995,63.93076265640756,-64,64,4,64,858814,1.0,0,698
-----------------OOOOO----OXXO----XOX-O----O-------------------- X;,427469,38213559,7.319412635770079,63.86042028778695,-64,64,4,64,427469,1.0,0,272
-----------------OOOOO----OXXX----XOO------OO------------------- X;,491036,44009580,7.339791787160208,63.82918564015673,-64,64,4,64,491036,1.0,0,1932
-----------------OOOOO----OXXX----XOOO-----O-------------------- X;,646903,58176912,9.007266931827491,63.865877882773766,-64,64,4,64,646903,1.0,0,3680
-----------------OOOOO----XOXX----OXO----O---O------------------ X;,766139,68498329,7.4810341204402855,63.91359792413648,-64,64,4,64,766139,1.0,0,151
-----------------OOOOOO---OXXO----XOO------O-------------------- X;,286621,25605473,7.602345955111454,63.831952299377924,-64,64,4,64,286621,1.0,0,62
-----------------OOOX------OXOO---XOO-----OO-----O-------------- X;,218654,19532255,9.465530015458212,63.7081416301554,-64,64,4,64,218654,1.0,0,25
-----------------OOOX------OXOO---XXO-----O--O---O-------------- X;,498711,44568645,6.716615434590374,63.9055164213342,-64,64,4,64,498711,1.0,0,25
-----------------OOOX----XOXXX----XOXO-----X-------------------- X;,784120,72307718,-63.37806713258175,-6.560029077182064,-64,64,-64,-4,784120,1.0,0,2673
-----------------OOOXX-----OXOO----OOO----XO-------------------- X;,732214,65506125,8.096165875003756,63.899635898794614,-64,64,4,64,732214,1.0,0,160
-----------------OOOXX-----OXOO----XOO----X--O------------------ X;,1389701,124447421,5.7043695010653375,63.97084840552032,-64,64,4,64,1389701,1.0,0,83
-----------------OOOXX-----XXOO---OOOO----X--------------------- X;,1372483,122947859,5.604687271172029,63.965784639955466,-64,64,4,64,1372483,1.0,0,83
-----------------OOOXX----OOOO----XOO------O-------O------------ X;,2307118,207023858,5.2893471421921205,63.96866393483125,-64,64,4,64,2307118,1.0,0,2969
-----------------OOOXX----OXX-----XOOO----XO-------------------- X;,2685795,241001253,6.1290478238286985,63.98078185416236,-64,64,4,64,2685795,1.0,0,331
-----------------OOOXX---XXOX------OOO----XO-------------------- X;,2681240,240612145,6.132662499440557,63.98252599543495,-64,64,4,64,2681240,1.0,0,587
-----------------OOX------OXX-----OXO-----OOOO----O------------- X;,565015,50500381,6.426328504552976,63.90827854127767,-64,64,4,64,565015,1.0,0,79
-----------------OOX------OXX----XXOO----O-OOO------------------ X;,545375,48809903,8.201996791198717,63.81675727710291,-64,64,4,64,545375,1.0,0,234
-----------------OOX-----XOXX-----OOO------OOO------O----------- X;,278383,24850957,8.746776922441384,63.72476049184038,-64,64,4,64,278383,1.0,0,60
-----------------OOX-----XOXX-----OOO----OOOO------------------- X;,460864,41337293,8.797206985140953,63.75802405915845,-64,64,4,64,460864,1.0,0,245
-----------------OOX-X---XOXXXX----OO------XO------------------- X;,504628,46516690,-63.3223998668326,-6.027299317517062,-64,64,-64,-4,504628,1.0,0,1832
-----------------OOXXX--XXOOX----XOOO--------------------------- X;,642412,59371744,-61.93145208993605,-9.33727888022017,-64,64,-64,-4,642412,1.0,0,5469
-----------------OX-------XXX----OXOO-----OOOO-----O------------ X;,483492,43223562,9.744984405119423,63.78462518511164,-64,64,4,64,483492,1.0,0,145
-----------------OX-------XXX----OXOO-----OOOO---O-------------- X;,244786,21839390,23.13347168547221,63.2581928705073,-64,64,10,64,244786,1.0,0,44
-----------------OX-------XXX----OXOO----OOOOO------------------ X;,200353,17909744,12.449965810344741,63.69007701407017,-64,64,4,64,200353,1.0,0,112
-----------------OX-------XXX---OOOOO----O-OOO------------------ X;,134313,12011589,14.613864629633765,63.33784518252143,-64,64,4,64,134313,1.0,0,90
-----------------OX------OXXX----OOOO----O-OOO------------------ X;,50169,4476962,16.89417767944348,62.252984911000816,-64,64,6,64,50169,1.0,0,36
-----------------OX------XXXX-----XOOOO---OO-----O-------------- X;,1685328,150558389,12.239991265795146,63.94692783837924,-64,64,4,64,1685328,1.0,0,82
-----------------OX------XXXX-----XOOOO--OOO-------------------- X;,4050233,363007801,7.605791568040654,63.95785970831802,-64,64,4,64,4050233,1.0,0,636
-----------------OX--X----OOOX----XOOOO-----O-------O----------- X;,2070317,185421715,6.151047399987538,63.97466571544358,-64,64,4,64,2070317,1.0,0,56
-----------------OX--X----OXXX----XOOO-----O-O-----O------------ X;,1997181,179104023,5.510531093576396,63.98351676688292,-64,64,4,64,1997181,1.0,0,218
-----------------OX--X---OXXX----OOOOO-----O-------O------------ X;,198793,17753299,20.70389802457833,63.81959123309171,-64,64,8,64,198793,1.0,0,105
-----------------OX--X---OXXXO---O-OO-----O-O-------O----------- X;,106296,9493330,13.468126740422969,63.76659516820953,-64,64,4,64,106296,1.0,0,149
-----------------OX-O-----OXXX----XOO-----X-OO--------O--------- X;,899285,80542186,5.91517483333982,63.96817026860228,-64,64,4,64,899285,1.0,0,23
-----------------OX-OX----OOO-----OXO----OOOO------------------- X;,225580,20178725,10.622023229009663,63.84475574075716,-64,64,4,64,225580,1.0,0,85
-----------------OX-OX----OXO-----OXO-----OOO-----O------------- X;,512327,45804619,7.375797098337586,63.89567600380226,-64,64,4,64,512327,1.0,0,36
-----------------OX-OX----OXXX----OOO----OX-O------------------- X;,3366983,302629674,6.06925250290839,63.98076081762218,-64,64,4,64,3366983,1.0,0,6065
-----------------OX-OX---XXXO-----XOOO-----O-------O------------ X;,1105443,98865085,11.233130971022478,63.8890128211043,-64,64,4,64,1105443,1.0,0,331
-----------------OX-OX---XXXOO-----OO-----O-O-------O----------- X;,742773,66395254,9.561788056377925,63.90399220219367,-64,64,4,64,742773,1.0,0,56
-----------------OX-XX----OXOO----OOO-----OO-------O------------ X;,1846432,165343793,6.0245857957401086,63.966161764960745,-64,64,4,64,1846432,1.0,0,348
-----------------OX-XX----OXOO---OOOO------O-------O------------ X;,1382081,123648549,7.257628170852504,63.9478207138366,-64,64,4,64,1382081,1.0,0,177
-----------------OX-XX---OOXOO----OOO------O-------O------------ X;,1478770,132314853,6.859219486465102,63.94665431405831,-64,64,4,64,1478770,1.0,0,158
-----------------OXX------OXOO----OOO-----OOO-------O----------- X;,468616,41848752,12.06219164518497,63.810296703484305,-64,64,4,64,468616,1.0,0,84
-----------------OXX-X----OXOO----XOO-----O-O----O-------------- X;,667630,59669779,12.905321809984573,63.84767311235265,-64,64,4,64,667630,1.0,0,49
-----------------OXXX----OOXX----O-OOOO----O-------------------- X;,37647,3356699,25.634552553988364,62.96310462985098,-64,64,12,64,37647,1.0,0,35
-----------------OXXX----OXXO----OOOOO-----O-------------------- X;,352783,31504613,13.418259950167666,63.48949921056287,-64,64,4,64,352783,1.0,0,89
-----------------OXXX----OXXO----OXOOO---O---------------------- X;,39665,3530468,23.264439682339596,62.94960292449262,-64,64,10,64,39665,1.0,0,6
-----------------OXXX----OXXO----XOOOO-----O-------------------- X;,264477,23615641,18.62145290516756,63.31824695531181,-64,64,4,64,264477,1.0,0,74
-----------------OXXX----OXXO---OOOOOO-------------------------- X;,33804,3013118,24.966453674121407,62.524316648917285,-64,64,12,64,33804,1.0,0,7
-----------------OXXX----OXXX----O-OOOO----O-------------------- X;,35423,3158434,26.26717104705982,62.90698133980747,-64,64,14,64,35423,1.0,0,35
-----------------OXXX----XOXOO----OOO-----OO-------------------- X;,167522,15058981,19.264013084848557,62.97705376010315,-64,64,4,64,167522,1.0,0,1208
-----------------OXXX---OOOXO-----OOO------OO------------------- X;,256907,22928399,16.308025861498518,63.25316164993558,-64,64,4,64,256907,1.0,0,64
-----------------OXXX---OOOXO-----OOO-----O-O------------------- X;,248756,22239132,13.203749859299876,63.383042017076974,-64,64,4,64,248756,1.0,0,319
-----------------OXXX---OOOXO----OOOO-------O------------------- X;,61109,5450392,23.93925608339197,63.46361419758137,-64,64,10,64,61109,1.0,0,8
-----------------OXXX---OOOXO----OXOOO-------------------------- X;,868924,78112537,9.834936081866768,63.810063941150204,-64,64,4,64,868924,1.0,0,3458
-----------------OXXX---OOXXO-----OOOO-----O-------------------- X;,276083,24671540,12.012452776882315,63.61883201790766,-64,64,4,64,276083,1.0,0,198
-----------------OXXX---OOXXO----OOOOO-------------------------- X;,224804,20080647,11.113280902475045,63.59678653404744,-64,64,4,64,224804,1.0,0,20
-----------------OXXXX----OXX------OOO----OO-----O-------------- X;,723414,64733585,8.848316455031283,63.927726032396386,-64,64,4,64,723414,1.0,0,25
-----------------OXXXX----OXX------OOO---OOO-------------------- X;,421412,37662064,13.847730961624254,63.81961595778004,-64,64,4,64,421412,1.0,0,792
-----------------OXXXX---XOOO------OOO-----O-------O------------ X;,1105443,98865085,11.233130971022478,63.8890128211043,-64,64,4,64,1105443,1.0,0,331
-----------------OXXXX---XOXO------OOO-----O-------O------------ X;,1105443,98865085,11.233130971022478,63.8890128211043,-64,64,4,64,1105443,1.0,0,331
-----------------OXXXX---XOXX------OO------O-O-----O------------ X;,726876,65047944,10.099516286134087,63.961080019150444,-64,64,4,64,726876,1.0,0,190
-----------------OXXXX---XOXX------OOO-----O-------O------------ X;,1438676,128860962,8.704219713125124,63.95667266292063,-64,64,4,64,1438676,1.0,0,216
-----------------X---X----XOOX-----XXOXX---X-OO----------------- X;,85304,7846629,-61.96042389571415,-8.22875832317359,-64,64,-64,-4,85304,1.0,0,357
-----------------X---XX---XOOOO----XXO-----XOO------------------ X;,1548121,142803772,-63.59492184396439,-5.38841602174507,-64,64,-64,-4,1548121,1.0,0,4389
-----------------X---XXX--XXXOX---OOO------X-O------------------ X;,330827,30467830,-63.792465548458864,-4.712336054796011,-64,64,-64,-4,330827,1.0,0,505
-----------------X--OOO---XXXO----XXXXO-----O------------------- X;,1627177,152003054,-62.81380697981842,-9.209772507846411,-64,64,-64,-4,1627177,1.0,0,29197
-----------------X--OX----XOX-----XOOX----XOOO------------------ X;,467789,43178643,-63.67025731686722,-5.0824837693917555,-64,64,-64,-4,467789,1.0,0,2639
-----------------X--OX----XXXO----OXO-O---O-O-----O------------- X;,292143,26115515,8.15009772611358,63.962436204187675,-64,64,4,64,292143,1.0,0,21
-----------------X--OX----XXXXO----XXO-----XOO------------------ X;,2123564,195760988,-63.345132993401656,-6.201206085618328,-64,64,-64,-4,2123564,1.0,0,7635
-----------------X--OXX---XOOX----OOO-----XXO------------------- X;,440773,40622123,-63.758143080451845,-4.68191109709533,-64,64,-64,-4,440773,1.0,0,847
-----------------X--X-----XOOX-----XXOX----XOOO----------------- X;,536392,49495391,-62.889181792420466,-7.859725722978717,-64,64,-64,-4,536392,1.0,0,3364
-----------------X--X-----XOOX----XOO-X---XOO------O------------ X;,1190505,110413989,-63.79666780063923,-4.822094825305228,-64,64,-64,-4,1190505,1.0,0,7518
-----------------X--X-----XXOX----XOO-X--X-OO------O------------ X;,165907,15245623,-63.36570488285606,-6.07530725044754,-64,64,-64,-4,165907,1.0,0,419
-----------------X--X-----XXXXX---XXO-----XOO-----O------------- X;,638645,59043947,-63.30926884262775,-6.674124122164896,-64,64,-64,-4,638645,1.0,0,5095
-----------------X--X----XXXXXX---XOO-----OOO------------------- X;,342298,31393413,-62.115116068454974,-7.97270799128245,-64,64,-64,-4,342298,1.0,0,795
-----------------X--X-X---XOOX----OOOO-----XOO------------------ X;,859588,79261215,-63.79080210519458,-4.997673303954918,-64,64,-64,-4,859588,1.0,0,1840
-----------------X--X-X---XXOX----XOX-----OOO------O------------ X;,410421,37851160,-63.83813693743741,-4.798555629463404,-64,64,-64,-4,410421,1.0,0,1229
-----------------X--XO----XXOXX---XOO----X-XO------------------- X;,326060,29935814,-63.38198491075262,-5.916414156903637,-64,64,-64,-4,326060,1.0,0,599
-----------------X--XO----XXXOX----XOO-----XOO------------------ X;,648130,59673160,-62.54594602934596,-8.800120346226837,-64,64,-64,-4,648130,1.0,0,3383
-----------------X--XX----XOXO----XOO-----XOO------O------------ X;,1380379,127459227,-63.745817634142504,-5.1894602859069865,-64,64,-64,-4,1380379,1.0,0,3844
-----------------X--XX----XXXO----XOO----XOOO------------------- X;,795420,73257391,-63.172469890120944,-7.422574237509743,-64,64,-64,-4,795420,1.0,0,4618
-----------------X--XX---XXOXO----XOO-----OOO------------------- X;,1056619,97453472,-63.46748449535736,-6.093854076067154,-64,64,-64,-4,1056619,1.0,0,4009
-----------------X-OX----OOOO-----OXXXX---XX-------------------- X;,855554,78906750,-63.285534285387016,-6.525210565317911,-64,64,-64,-4,855554,1.0,0,3504
-----------------X-X------XXXXX----OO-----XOO-----O-O----------- X;,221339,20358843,-62.27356227325505,-8.668431681718992,-64,64,-64,-4,221339,1.0,0,648
-----------------X-X------XXXXX----XOO-----OOO----O------------- X;,339471,31381805,-62.907482524280425,-7.5850720680117005,-64,64,-64,-4,339471,1.0,0,2613
-----------------X-X--X---XOOX----OOO-----XXXO------------------ X;,278103,25600484,-63.59581162375091,-5.223668928418608,-64,64,-64,-4,278103,1.0,0,738
-----------------X-X--X---XXXX----OOOO-----XOO------------------ X;,414906,38088419,-63.075747277696635,-7.0704448718504915,-64,64,-64,-4,414906,1.0,0,702
-----------------X-X-O----XOO-----XOXX---XXO-------O------------ X;,1039769,95995464,-63.67765147835721,-5.402080654453056,-64,64,-64,-4,1039769,1.0,0,2637
-----------------X-X-O----XXOX-----OO----XXO-O-----O------------ X;,1046933,96470002,-63.75495853125272,-5.077234168757695,-64,64,-64,-4,1046933,1.0,0,1528
-----------------X-X-X----XXX----O-XO----XOO-O-----O------------ X;,574835,52927009,-63.393297207024624,-6.176026164029678,-64,64,-64,-4,574835,1.0,0,1127
-----------------X-X-XX---XXOOO----XO------XOO------------------ X;,412107,37886679,-63.157616832521654,-6.979915410318194,-64,64,-64,-4,412107,1.0,0,853
-----------------X-XO-----XXOO-----XOXX----XOO------------------ X;,671485,61735153,-62.24350506712734,-8.997362562082548,-64,64,-64,-4,671485,1.0,0,2733
-----------------X-XO-----XXOXX----OOO----OX-O------------------ X;,1039669,95724933,-63.653364676642276,-5.425022771670599,-64,64,-64,-4,1039669,1.0,0,2015
-----------------X-XOX----XXOX-----XOO-----X-OO----------------- X;,408204,37539064,-62.868996874111964,-7.304029357870085,-64,64,-64,-4,408204,1.0,0,824
-----------------X-XX----OOOOX----OOO-X----XO------------------- X;,498924,46004487,-63.485280323255644,-6.212385052633267,-64,64,-64,-4,498924,1.0,0,2446
-----------------X-XX-X---XXOX----OOOO-----XO------------------- X;,458457,42195425,-63.66200101645302,-5.317693916768639,-64,64,-64,-4,458457,1.0,0,973
-----------------X-XXO----XXOO----OOOX-----XO------------------- X;,3039461,280515148,-63.79340086943047,-4.860572318578853,-64,64,-64,-4,3039461,1.0,0,7812
-----------------XO--X---OXXX---O-OXO-----O-O-----O------------- X;,79697,7225237,8.172653926747556,63.78458411232543,-64,64,4,64,79697,1.0,0,817
-----------------XO-OX----OOXX----OXO-----O-O-----O------------- X;,546534,48864511,8.870295352164733,63.93591615526207,-64,64,4,64,546534,1.0,0,48
-----------------XO-OX----XOXX----XOO-----XOO------------------- X;,1514639,139966946,-63.615849057102054,-5.245948374497157,-64,64,-64,-4,1514639,1.0,0,6675
-----------------XO-OX----XXXO----OXO-O---O-O------------------- X;,306237,27367236,8.766210484036874,63.94724347482505,-64,64,4,64,306237,1.0,0,55
-----------------XO-OX---XXOO-----OXO-----O-O-----O------------- X;,546597,48869262,8.872090406643286,63.935425917083336,-64,64,4,64,546597,1.0,0,38
-----------------XOOOX----XXOXX----XO------X-O------------------ X;,913375,84239629,-63.762866292596144,-5.05088052552347,-64,64,-64,-4,913375,1.0,0,1793
-----------------XOOOXX---XOOX-----XX------X-O------------------ X;,232257,21361571,-63.33559806593558,-6.008266704555729,-64,64,-64,-4,232257,1.0,0,455
-----------------XOX--X---XOXX-----OOO----OX-O------------------ X;,862682,79635811,-63.83341254367195,-4.59642834787326,-64,64,-64,-4,862682,1.0,0,1354
-----------------XOX-X----XOXX-----XOX-----XOO------------------ X;,56612,5190056,-62.513424715608,-5.915353635271674,-64,64,-64,-4,56612,1.0,0,70
-----------------XOX-X---OOOXX-----XXX-----X-O------------------ X;,17928,1643581,-58.96028558679161,-11.75111557340473,-64,64,-64,-4,17928,1.0,0,29
-----------------XX-------XXXXX----OO-----XOO------OO----------- X;,121763,11180582,-62.1309921733203,-7.458176950305101,-64,64,-64,-4,121763,1.0,0,442
-----------------XX---X---XOOX-----OOO---XXXX------------------- X;,119651,11003756,-63.191331455650186,-5.705760921346249,-64,64,-64,-4,119651,1.0,0,533
-----------------XX-OX---OXOO-----XOO-----O-O----O-------------- X;,684183,61148905,16.846975151384935,63.891116850316365,-64,64,4,64,684183,1.0,0,58
-----------------XX-X-X---XXOX-----OOO-----OO------O------------ X;,455555,42001708,-63.5925585275104,-5.3518104290371085,-64,64,-64,-4,455555,1.0,0,1031
-----------------XXX------OOX----XOOOX----OOO------------------- X;,241748,22338050,-63.18515975313136,-6.45442361467313,-64,64,-64,-4,241748,1.0,0,1774
-----------------XXX------XOXX---X-OOO----OOO------------------- X;,461399,42743589,-63.209764217087596,-6.014451700155397,-64,64,-64,-4,461399,1.0,0,4414
-----------------XXX------XOXXX--X-OO------OO-------O----------- X;,187370,17198651,-62.55175321556279,-7.369365426695842,-64,64,-64,-4,187370,1.0,0,641
-----------------XXX-----XXOXX-----OOO-----OO------O------------ X;,794510,73201684,-63.6569709632352,-5.323852437351324,-64,64,-64,-4,794510,1.0,0,1914
-----------------XXX-----XXXXX---OOOO------X-O------------------ X;,592394,54777963,-63.815626086692305,-4.520049156473563,-64,64,-64,-4,592394,1.0,0,1638
-----------------XXX--X---XXOX-----XOO-----OOO------------------ X;,594859,54727220,-63.56876839721682,-5.900853815778193,-64,64,-64,-4,594859,1.0,0,1615
-----------------XXX-O----XOO----X-OOX----OOO------------------- X;,829308,76757744,-63.90259589923165,-4.314869746825064,-64,64,-64,-4,829308,1.0,0,2268
-----------------XXX-O----XOOX---X-OO-----OOO------------------- X;,891716,82402182,-63.8547160755218,-4.469234599356746,-64,64,-64,-4,891716,1.0,0,2402
-----------------XXX-X---XXOOO-----OO-----OOO------------------- X;,540459,49757713,-63.73889231190525,-5.0259020573253474,-64,64,-64,-4,540459,1.0,0,971
-----------------XXX-XX---XOOX----OOO------XO------------------- X;,249343,22926421,-63.54179583946612,-5.047216083868406,-64,64,-64,-4,249343,1.0,0,533
-----------------XXXO-----OOOX-----OOX-----XOO------------------ X;,1799608,166012163,-63.812040177638686,-4.804684131210797,-64,64,-64,-4,1799608,1.0,0,3894
-----------------XXXO-----XOO----X-OOX----OOO------------------- X;,858245,79880031,-63.7324610105506,-4.881571113143683,-64,64,-64,-4,858245,1.0,0,8437
-----------------XXXO----OOOOO----OXXX----X--------------------- X;,745902,68827640,-63.52368809843652,-5.98975468627246,-64,64,-64,-4,745902,1.0,0,3167
-----------------XXXOX----OOOX-----OOX-----XO------------------- X;,779660,71808843,-63.61535797655388,-5.272359746556191,-64,64,-64,-4,779660,1.0,0,2035
-----------------XXXX------XX-----XXO-------OO------OO-------O-- X;,31278,2867922,-60.16516401304431,-15.516912846089904,-64,64,-64,-4,31278,1.0,0,107
-----------------XXXX------XXO----XXOO-------OOO---------------- X;,143761,13303470,-62.00969664929988,-10.927970729196375,-64,64,-64,-4,143761,1.0,0,1433
-----------------XXXXO----XOOO----XXOX-----O-------------------- X;,1001940,92246253,-63.45001896321137,-5.7667525001497095,-64,64,-64,-4,1001940,1.0,0,2558
-----------------XXXXX-----OOO----XXOO------OO------------------ X;,363703,33475650,-63.46159366296126,-5.911328749006745,-64,64,-64,-4,363703,1.0,0,977
-----------------XXXXX-----OOO----XXOX-----OO------------------- X;,329739,30335295,-63.37300107054367,-6.4044532190611365,-64,64,-64,-4,329739,1.0,0,1279
-----------------XXXXX--XXOOOO----OOO--------------------------- X;,936134,86563958,-63.11125543992634,-6.70731113280791,-64,64,-64,-4,936134,1.0,0,6426
----------------O--XXX---OXOO-----OOO-----OOO------------------- X;,2512549,230169359,-27.993815045995124,29.28713350466001,-64,64,2,64,2512549,1.0,0,19139
----------------O-O-OX---OXXXX----OXO----O--O------------------- X;,486127,43781401,6.836320549979738,63.942085092990105,-64,64,4,64,486127,1.0,0,2344
----------------O-XXX----OXXOO----OOO-----OO-------------------- X;,1210779,108509176,5.898419116948675,63.947876532381215,-64,64,4,64,1210779,1.0,0,263
----------------OOO--X---OXXX-----OXO-----O-O-----O------------- X;,434721,39073330,4.803678681269136,63.98278436054389,-64,64,4,64,434721,1.0,0,658
----------------OOO-OX----XXXX----OXO-----O-O------------------- X;,399917,35782202,6.6542707611829455,63.97225924379309,-64,64,4,64,399917,1.0,0,118
----------------OOX--X---OXXX-----OOOO-----O-------O------------ X;,1141348,118002173,4.872137157115971,63.987011849146796,-64,64,4,64,1141348,1.0,0,173860
----------------X--O-----XOOX----OXOO----O-OOO------------------ X;,55396,4951423,17.151346667629433,62.683659469997835,-64,64,4,64,55396,1.0,0,131
----------------X--XXX---XOXX-----OOO-----OOO------------------- X;,861157,79511458,-63.4425035156191,-6.327396746470156,-64,64,-64,-4,861157,1.0,0,4553
----------------X-X-OX---XOOO-----XOOX------OO------------------ X;,1070068,99138123,-63.883627956354175,-4.235229910622502,-64,64,-64,-4,1070068,1.0,0,5023
----------------XO-------OOXX----OXOO----O-OOO------------------ X;,5847,521194,24.62527792030101,60.19155122284933,-64,64,14,64,5847,1.0,0,8
---------------O----XXO---OXOO----XXOO------O-------O----------- X;,2229421,199657570,7.444011696310388,63.96738884221509,-64,64,4,64,2229421,1.0,0,416
---------------O--XO--O---XXXO-----OOO-----O-O-------O---------- X;,1122828,100568041,5.337396288656856,63.983883551176135,-64,64,4,64,1122828,1.0,0,43
---------------O--XO-OO---XXXO-----OOO-----O-O------------------ X;,187437,16742595,14.180690045188516,63.69391315482002,-64,64,4,64,187437,1.0,0,40
---------------X----OOX---OXXO----XXXO------OO------------------ X;,7016971,645819412,-63.662298162554755,-6.472121660471449,-64,64,-64,-4,7016971,1.0,0,7986
---------------X-XO--XX---XOXXX----XO------X-O------------------ X;,166766,15333146,-63.04829521605124,-5.892915822169987,-64,64,-64,-4,166766,1.0,0,371
--------------O-----OO-----XOXO---XOOO----OOO------------------- X;,975113,87148039,8.558433740499819,63.87473862003686,-64,64,4,64,975113,1.0,0,117
--------------O-----XOX---OXOO----XXOO------O-------O----------- X;,876267,78297471,11.018436161580889,63.87714475154262,-64,64,4,64,876267,1.0,0,28
--------------O----X-O-----XXO---OOOOO------OO-------O---------- X;,553858,49505240,10.506234449985376,63.87474045694022,-64,64,4,64,553858,1.0,0,34
--------------O----XXO----XOO-----OOOO------OOO----------------- X;,493691,44081564,12.560480138386156,63.747894938331875,-64,64,4,64,493691,1.0,0,67
--------------O----XXO----XXOXO---OOOO------O------------------- X;,256096,22852696,23.138385605397975,63.536783081344495,-64,64,10,64,256096,1.0,0,20
--------------O----XXO----XXOXO---OOOOO------------------------- X;,842717,75308466,8.82281952304273,63.93311396352512,-64,64,4,64,842717,1.0,0,22
--------------O----XXO---OOXO-----XOO-------OO--------O--------- X;,474322,42456726,8.85043072005937,63.88949700836141,-64,64,4,64,474322,1.0,0,11
--------------O----XXO---OOXO-----XOO-------OOO----------------- X;,447448,39969869,10.416276304732618,63.84353936099837,-64,64,4,64,447448,1.0,0,44
--------------O----XXO---XXOO-----OOO-----OOO------------------- X;,2240958,200421014,6.8110941838267385,63.97760600600279,-64,64,4,64,2240958,1.0,0,144
--------------O---O-XO----XXO----OOOO-------OO--------O--------- X;,292405,26162522,10.048467023477711,63.80901831364033,-64,64,4,64,292405,1.0,0,11
--------------O---OOOO----XXOX----OOOO--------O----------------- X;,380561,33980679,16.064578346178404,63.656806661744106,-64,64,4,64,380561,1.0,0,14
--------------O---OOOO----XXXO----OOOO-------O------------------ X;,51336,4585575,24.08816425120773,62.285881252921925,-64,64,12,64,51336,1.0,0,7
--------------O---OOOO----XXXO----OOOOO------------------------- X;,133864,11950672,16.07178927867089,63.67761309986255,-64,64,6,64,133864,1.0,0,16
--------------O---OXXO----XXOX---OOOO-------O------------------- X;,406650,36299164,18.29842862412394,63.67146194516169,-64,64,8,64,406650,1.0,0,31
--------------O---X--O----XOOX----XOOOO-----O-------O----------- X;,1934500,173212787,8.719620573791678,63.968285345050404,-64,64,4,64,1934500,1.0,0,1311
--------------O---X--O----XXOX----XOOO-----O-O-----O------------ X;,2404188,215548279,5.612104377860633,63.99043086480758,-64,64,4,64,2404188,1.0,0,20
--------------O---X--OO--XXXXO-----OOO-----O-------O------------ X;,440752,39433177,6.334496496896214,63.97813282753113,-64,64,4,64,440752,1.0,0,30
--------------O---X-OO---XXXOX-----OOO-----O-------O------------ X;,1889946,169195184,8.197148489956856,63.97723109549162,-64,64,4,64,1889946,1.0,0,64
--------------O---X-XO----OXXO-----OOO-----O-O-----O------------ X;,460889,41398774,10.279078042652353,63.9091798676037,-64,64,4,64,460889,1.0,0,2435
--------------O---X-XOO---OXXO-----OO------O-O-----O------------ X;,533602,47699250,9.421861237401659,63.904381917609,-64,64,4,64,533602,1.0,0,11
--------------O---XO-O---XXOOX-----OOO-----O-------O------------ X;,1543983,137984775,10.214153912316393,63.95144117519428,-64,64,4,64,1543983,1.0,0,129
--------------O---XXXO-----XO-----OOOO----OO------O------------- X;,413605,36975289,12.728569528898346,63.801346695518674,-64,64,4,64,413605,1.0,0,29
--------------O---XXXO----XXO------OOO----OO-----O-------------- X;,494385,44248864,11.023425063462685,63.88337024788373,-64,64,4,64,494385,1.0,0,28
--------------O---XXXO----XXO------OOO---OOO-------------------- X;,491107,43852216,13.911954014094688,63.8472389927246,-64,64,4,64,491107,1.0,0,45
--------------O---XXXO---XXOO------OOO-----O-------O------------ X;,915872,81843580,12.723349987771217,63.94406205233919,-64,64,4,64,915872,1.0,0,96
--------------O---XXXO---XXXO------OO------O-O-----O------------ X;,1014020,90590777,9.234308987988403,63.97243644109584,-64,64,4,64,1014020,1.0,0,65
--------------O---XXXO---XXXO------OOO-----O-------O------------ X;,915867,81838948,12.723386692609298,63.944061746956706,-64,64,4,64,915867,1.0,0,48
--------------O---XXXXO----XOOO----XO-------O-------O----------- X;,333001,29743471,18.800790388016853,63.778961624739864,-64,64,6,64,333001,1.0,0,10
--------------O---XXXXX----XOO-----OO-----O-O-------O----------- X;,564280,50432081,15.95702842560431,63.90776210392004,-64,64,4,64,564280,1.0,0,48
--------------O---XXXXX----XOO----OOO-------O-------O----------- X;,330425,29509953,21.490008322614813,63.80285995309072,-64,64,10,64,330425,1.0,0,27
--------------O--OX--O---XOXXX-----OOO-----O-------O------------ X;,1502947,134483273,6.1671090198124086,63.98385438741353,-64,64,4,64,1502947,1.0,0,29
--------------O--OX-XO---XOXX------OOO-----O-------O------------ X;,481440,43048789,7.959837155201064,63.9536432369558,-64,64,4,64,481440,1.0,0,4
--------------O--X--OO----XXOX----OOO-----O-O-----O------------- X;,1397140,125268571,5.611781210186524,63.98636357129565,-64,64,4,64,1397140,1.0,0,36
--------------O--XO-OO----XXOX----OOO-----O-O------------------- X;,1234861,110380807,10.746869485715397,63.90548247940456,-64,64,4,64,1234861,1.0,0,95
--------------OO--XXXXO----XOO-----XO-------O-------O----------- X;,318951,28471238,23.92884800486595,63.65314421337447,-64,64,12,64,318951,1.0,0,22
--------------X----OOX-----OOO---XXXOO-----XO------------------- X;,639339,58713608,-62.28723728726075,-9.031014845019621,-64,64,-64,-4,639339,1.0,0,1534
--------------X----OOX-----OOO---XXXXO-----XX------------------- X;,362564,33229615,-59.94603987158129,-12.383728114208802,-64,64,-64,-4,362564,1.0,0,1056
--------------X----OOX----XOOO---XXXXO-----X-------------------- X;,362793,33251344,-60.64163310758477,-10.713007141813652,-64,64,-64,-4,362793,1.0,0,758
--------------X----OOX----XXOO----XXOO-----O--O----------------- X;,2867443,263579574,-63.51106543355875,-9.77238257220806,-64,64,-64,-4,2867443,1.0,0,8426
--------------X----X-X----OOX-----XOXX---XXXO------------------- X;,318736,29249770,-63.19620626474575,-6.041030821745896,-64,64,-64,-4,318736,1.0,0,550
--------------X----XOOO----XXO----XXXO---X-X-------------------- X;,151910,13922030,-59.77871107892831,-10.982634454611283,-64,64,-64,-4,151910,1.0,0,117
--------------X----XOX-----OXX---OOOXX---XO--------------------- X;,1879973,173004802,-63.7027031771201,-5.1012828375726675,-64,64,-64,-4,1879973,1.0,0,2058
--------------X---OOOOO----XXX----XXXX---X---------------------- X;,577534,52979022,-62.164364349111914,-11.488459553896394,-64,64,-64,-4,577534,1.0,0,1101
--------------X---OOOX-----OXO----XXXO---X-X-------------------- X;,1660909,152433221,-62.81284766353846,-8.732875792713507,-64,64,-64,-4,1660909,1.0,0,3283
--------------X---OOOX-----OXO----XXXX---X-X-------------------- X;,654451,60021784,-62.12921059025045,-9.920843577288444,-64,64,-64,-4,654451,1.0,0,1230
--------------X---OOOX-----OXX----XXXX---X-X-------------------- X;,486631,44679068,-62.63253265821536,-7.947233119139553,-64,64,-64,-4,486631,1.0,0,913
--------------X---OOOXX----OOX----XXX----X-X-------------------- X;,114213,10460056,-59.98989607137541,-12.166093176783729,-64,64,-64,-4,114213,1.0,0,221
--------------X---OXXX----OOOO----XXO----X-X-------------------- X;,504369,46478515,-61.60132363408536,-10.537086934367498,-64,64,-64,-4,504369,1.0,0,3903
--------------X--X---XX---XXXOX---OOO------X-O------------------ X;,193930,17811124,-62.930789460114475,-8.16076934976538,-64,64,-64,-4,193930,1.0,0,438
-------------O-------O---OOOXO----OXOO-----OOO------------------ X;,264600,23654362,9.379508692365835,63.727278911564625,-64,64,4,64,264600,1.0,0,424
-------------O------XOX---OXOO----XXOO------O-------O----------- X;,1378392,123769358,6.452570821653056,63.957409793440476,-64,64,4,64,1378392,1.0,0,1786
-------------O------XOX---OXXO----XXXO-----XO------------------- X;,4992250,462245606,-63.65410025539586,-6.387501827833141,-64,64,-64,-4,4992250,1.0,0,28781
-------------O-----XO------XX-----OXOO----OO------OOO----------- X;,106200,9476002,8.410508474576272,63.75009416195857,-64,64,4,64,106200,1.0,0,13
-------------O-----XO-----XXXO----OXOO-----OOO------------------ X;,1293222,115895386,6.3602676106654545,63.93664196866431,-64,64,4,64,1293222,1.0,0,1010
-------------O-----XOO----OXXOO----XO------O-O----O------------- X;,347221,31042562,5.675612938157542,63.93559721330219,-64,64,4,64,347221,1.0,0,42
-------------O-----XOO----XOXOO---OOOO------O------------------- X;,244431,21818332,14.286919416931568,63.5146360322545,-64,64,4,64,244431,1.0,0,72
-------------O-----XOO----XOXOO---OOOOO------------------------- X;,188696,16847710,12.49600415483105,63.57237037351083,-64,64,4,64,188696,1.0,0,28
-------------O-----XOO----XXXO---OOOOO------O------------------- X;,291380,26046205,9.315169194865812,63.734944059304,-64,64,4,64,291380,1.0,0,158
-------------O-----XOOO---XXXO---OOOO-------O------------------- X;,182687,16316409,9.379791665526282,63.73754016432478,-64,64,4,64,182687,1.0,0,38
-------------O-----XOX----XOX-----OOOO------OOO----------------- X;,1450828,130159504,6.449650820083428,63.93114276812965,-64,64,4,64,1450828,1.0,0,1414
-------------O-----XOX----XXXO---OOOO-O-----O------------------- X;,216311,19307914,14.938056779359348,63.60997822579527,-64,64,4,64,216311,1.0,0,54
-------------O-----XOX---XXOO-----OOO-----OOO------------------- X;,1441799,129054926,7.099014495085654,63.95286444226969,-64,64,4,64,1441799,1.0,0,431
-------------O----O-OX----XOX----OOOO-------OO--------O--------- X;,284125,25394326,8.54441531016278,63.857851297844256,-64,64,4,64,284125,1.0,0,20
-------------O----OOOO----XXXO----OOOO--------O----------------- X;,308579,27560858,7.698631468764887,63.84083816461911,-64,64,4,64,308579,1.0,0,122
-------------O----OOOO----XXXOX----XOOO------------------------- X;,2422419,217529778,6.478033734048486,63.93059004243279,-64,64,4,64,2422419,1.0,0,1207
-------------O----OXO------XX----OOXOO----OO------O------------- X;,50771,4531524,9.247720155206713,63.6534635914203,-64,64,4,64,50771,1.0,0,12
-------------O----OXO-----OXX-----OXOO----OO------O------------- X;,137540,12285054,10.503257234259125,63.716838737821725,-64,64,4,64,137540,1.0,0,76
-------------O----OXOX----XOXX----OXO----O--O------------------- X;,3313515,298263475,4.380064674522373,63.990327492104306,-64,64,4,64,3313515,1.0,0,861
-------------O----OXOXX---OOO-----XXO----X-X-------------------- X;,1050205,96788573,-63.3256192838541,-7.0637713589251625,-64,64,-64,-4,1050205,1.0,0,3342
-------------O----X--O----XXXO----XOOO-----O-O-----O------------ X;,1266221,114634269,4.32804857919747,63.99457914534666,-64,64,4,64,1266221,1.0,0,9279
-------------O----X--OX--XXXOO-----OOO-----XO------------------- X;,712214,65851803,-63.78834451442965,-5.0286093786418125,-64,64,-64,-4,712214,1.0,0,2433
-------------O----X-OO----XXXO---OOOO------O------O------------- X;,391632,35036504,7.98173285124811,63.91376087755852,-64,64,4,64,391632,1.0,0,27
-------------O----XOOO----XOXO----XOO------O------O------------- X;,686224,61364170,7.340340763365898,63.91526090605983,-64,64,4,64,686224,1.0,0,69
-------------O----XXO-----OXO-----OOOO----O-O-------O----------- X;,183349,16383362,6.823380547480488,63.86174999590944,-64,64,4,64,183349,1.0,0,17
-------------O----XXO-----OXOO----OOO-----OOO------------------- X;,341680,30547624,7.806099274174667,63.814902833060174,-64,64,4,64,341680,1.0,0,65
-------------O----XXO-O----OXO----OXO----OOO-------------------- X;,160401,14327667,9.794864121794753,63.853155528955554,-64,64,4,64,160401,1.0,0,62
-------------O----XXOO----OXO-----OOO-----OOO------------------- X;,306564,27377996,8.867492595347137,63.72435771975835,-64,64,4,64,306564,1.0,0,68
-------------O----XXOO----OXXO----OOOO----O--------------------- X;,199055,17777841,8.16149305468338,63.688307251764584,-64,64,4,64,199055,1.0,0,40
-------------O----XXOX-----OX-----OOOO----XO-------O------------ X;,2584676,231756359,6.377975421290715,63.96687244358674,-64,64,4,64,2584676,1.0,0,415
-------------O----XXOX-----OX-----OXOO----OO------O------------- X;,276113,24684127,10.033377638865247,63.80443514068516,-64,64,4,64,276113,1.0,0,98
-------------O----XXOX-----XX-----OXOO----OO------O------------- X;,180390,16124298,13.115926603470259,63.80934641609846,-64,64,4,64,180390,1.0,0,22
-------------O----XXOX-----XX-----OXOO----XO--------O----------- X;,1316729,118413228,5.062607415800821,63.988887614687606,-64,64,4,64,1316729,1.0,0,2755
-------------O----XXOX----XXX-----OOOO-------O--------O--------- X;,841731,75396024,5.826165366370016,63.9689972212025,-64,64,4,64,841731,1.0,0,14
-------------O----XXOX----XXX-----OOOO-------O-------O---------- X;,638624,57154728,9.742580923986571,63.872641804880494,-64,64,4,64,638624,1.0,0,111
-------------O----XXOX---XXOO------OOO-----O-------O------------ X;,2365537,212086228,6.890924978133929,63.98034695716026,-64,64,4,64,2365537,1.0,0,275
-------------O----XXXX-----OXOO----XO----OOO-------------------- X;,408068,36507879,6.957771743925032,63.945327739494395,-64,64,4,64,408068,1.0,0,30
-------------O----XXXX-----OXOO---OOO-----XO-------------------- X;,4295382,385961007,6.750802606147719,63.97239174536747,-64,64,4,64,4295382,1.0,0,3653
-------------O---OOOO----XXOX-----OOO-----O--O------------------ X;,452951,40731460,9.483802883755638,63.716097326200845,-64,64,4,64,452951,1.0,0,2500
-------------O---OX--O---XXXXO-----OO-----O-O-------O----------- X;,500150,44747430,8.213491952414275,63.92175147455763,-64,64,4,64,500150,1.0,0,55
-------------OO----XOO----XOXO----OOOO-------O------------------ X;,56831,5074619,25.411729513821683,62.06471819957417,-64,64,14,64,56831,1.0,0,7
-------------OO----XOO----XXOX---OOOO-------O------------------- X;,290911,25999185,15.079037918813658,63.559308517037856,-64,64,4,64,290911,1.0,0,34
-------------OO---XXOO-----OXX----OOOO----X--------------------- X;,1568663,140513829,8.719851236371357,63.940722768370264,-64,64,4,64,1568663,1.0,0,84
-------------OO---XXXOX----XOO-----XO-------O-------O----------- X;,3647439,326719855,7.978468180002462,63.979578548126504,-64,64,4,64,3647439,1.0,0,2554
-------------OX-----XO-----XXO----XXO-----XXO-------O----------- X;,1464830,134501159,-63.442937405705784,-7.319623437532,-64,64,-64,-4,1464830,1.0,0,3331
-------------OX-----XO-----XXO----XXXO-----OOO------------------ X;,3005898,276742545,-63.32737172053077,-8.116149649788516,-64,64,-64,-4,3005898,1.0,0,10243
-------------OX-----XO----XXXO----XXO------OOO------------------ X;,2491450,228995413,-63.49577876337073,-7.3148415581288,-64,64,-64,-4,2491450,1.0,0,5372
-------------OX----X-X----XOXO---X-OO------OOO------------------ X;,1197176,110266841,-63.39928632047418,-6.292142508703816,-64,64,-64,-4,1197176,1.0,0,3358
-------------OX---XXXO-----XXO-----XOO----XO-------------------- X;,1150653,105709122,-62.44717043278904,-8.593836717064137,-64,64,-64,-4,1150653,1.0,0,4412
-------------OX--XXX-O-----OOO----XXO----X-X-------------------- X;,235267,21614328,-62.375003719178636,-7.315348093867819,-64,64,-64,-4,235267,1.0,0,213
-------------X------OXX---XXOX-----XOO----X-X----X-------------- X;,140902,12932142,-62.32220976281387,-6.2449078082639,-64,64,-64,-4,140902,1.0,0,270
-------------X------X-----XXXX---OOOX----XOOO------------------- X;,338334,31074361,-61.7121660844018,-9.443360702737532,-64,64,-64,-4,338334,1.0,0,1109
-------------X------X----XXXOX----XOOO-----OO------O------------ X;,574581,52869844,-63.681259909394846,-5.373679254970144,-64,64,-64,-4,574581,1.0,0,1260
-------------X------X----XXXXX----XOOO----OOO------------------- X;,775512,71228211,-62.85590680737371,-7.397218869598407,-64,64,-64,-4,775512,1.0,0,1892
-------------X------XO----XXOX----XXOX----XOO------------------- X;,591479,54486813,-63.44754420697945,-6.251254905076935,-64,64,-64,-4,591479,1.0,0,2860
-------------X------XO----XXOX---XXOX-----OOO------------------- X;,331077,30424073,-63.50829565327703,-5.3688658529586775,-64,64,-64,-4,331077,1.0,0,566
-------------X------XX-----XXX----XXXOO----OOO------------------ X;,494728,45603298,-61.69383176209958,-9.31536521078249,-64,64,-64,-4,494728,1.0,0,3326
-------------X------XX----OOOX----XOO-X---XOO------------------- X;,560388,51575092,-63.61342141516235,-5.1165406825271065,-64,64,-64,-4,560388,1.0,0,1108
-------------X------XX----OOOX----XOXX----XOO------------------- X;,576940,53090274,-63.37856969528894,-5.602991645578396,-64,64,-64,-4,576940,1.0,0,1650
-------------X------XX----XXX-O--XXXOO------OO------------------ X;,164645,15148798,-61.81319809286647,-8.882516930365332,-64,64,-64,-4,164645,1.0,0,915
-------------X------XX---OOOOO---XXXXX------O------------------- X;,1777994,163969970,-63.87328303695063,-4.50010967416088,-64,64,-64,-4,1777994,1.0,0,2153
-------------X------XX---XXXOX-----XOOO----X-O------------------ X;,191670,17613661,-63.134314185840246,-6.988824542181875,-64,64,-64,-4,191670,1.0,0,602
-------------X------XX---XXXOX----XOX-----OOO------------------- X;,198717,18244050,-63.34220021437522,-5.733369565764378,-64,64,-64,-4,198717,1.0,0,392
-------------X------XXX--XXXOX-----OO-----OOO------------------- X;,262562,24097212,-63.37444870163999,-5.566563325995384,-64,64,-64,-4,262562,1.0,0,359
-------------X-----OOO----XOO-----XXXX---XXX-------------------- X;,261056,24051251,-63.14432152488355,-6.6495234738906595,-64,64,-64,-4,261056,1.0,0,1268
-------------X-----OOO----XXO-----XOXX---X--OX------------------ X;,1943488,179456370,-63.81886793229493,-4.845541624131458,-64,64,-64,-4,1943488,1.0,0,4528
-------------X-----OOX----XOOX----XXOO----XX-------------------- X;,200755,18639491,-63.04410849044856,-6.2706283778735274,-64,64,-64,-4,200755,1.0,0,2453
-------------X-----OX-----XOO-----XOOX---XOOO------------------- X;,1170434,108126747,-63.64248646228664,-5.696423719748401,-64,64,-64,-4,1170434,1.0,0,4614
-------------X-----OX-----XOO----XXOXX----OOO------------------- X;,1277217,117749727,-63.72145062272112,-5.508171281779055,-64,64,-64,-4,1277217,1.0,0,4478
-------------X-----OX-----XOOX----XOOX----XOO------------------- X;,903570,83302678,-63.65431787243932,-5.305981827639253,-64,64,-64,-4,903570,1.0,0,2760
-------------X-----OX-----XOXX----XOOX----XOO------------------- X;,514757,47321294,-63.36063424101081,-6.181320506569119,-64,64,-64,-4,514757,1.0,0,1521
-------------X-----OX-----XOXX---XXOXX-----OO------------------- X;,588634,54269574,-63.56746976899058,-5.542054995124305,-64,64,-64,-4,588634,1.0,0,2386
-------------X-----OX----XOXXX---OOOX-----OX-------------------- X;,324726,29866195,-62.244390655506486,-9.808583236328474,-64,64,-64,-4,324726,1.0,0,1473
-------------X-----OX----XXOXX----XOO-----XOO------------------- X;,770666,70897352,-63.34026154001863,-6.199357438890518,-64,64,-64,-4,770666,1.0,0,2324
-------------X-----OX----XXOXX----XOX-----OOO------------------- X;,892695,82024019,-63.122692520961806,-7.082367437926727,-64,64,-64,-4,892695,1.0,0,1918
-------------X-----OXOO---XXX------OOO----OO-----O-------------- X;,980047,87998930,4.915727511027533,63.991443267516765,-64,64,4,64,980047,1.0,0,49
-------------X-----OXOO---XXX------OOO---OOO-------------------- X;,768083,68838424,5.537357290813623,63.991891501309105,-64,64,4,64,768083,1.0,0,137
-------------X-----OXX----OOOX----XOOO-----XO------------------- X;,1322517,122084108,-63.77962022416347,-4.7335436897975605,-64,64,-64,-4,1322517,1.0,0,3818
-------------X-----OXX----OOOX----XXOO----X-O------------------- X;,1118023,102974995,-63.68025165850792,-5.00836029312456,-64,64,-64,-4,1118023,1.0,0,3247
-------------X-----OXX----OOX-----XOXX----XOO------------------- X;,717990,66065893,-63.670828284516496,-4.995122494742267,-64,64,-64,-4,717990,1.0,0,1676
-------------X-----OXX----XOO-----XOOX----XOO------------------- X;,574950,52957203,-63.576836246630144,-4.997391077484998,-64,64,-64,-4,574950,1.0,0,1656
-------------X-----OXX----XOOO----XXOX----XO-------------------- X;,1061257,97901530,-63.64187185573334,-5.224466835083303,-64,64,-64,-4,1061257,1.0,0,3504
-------------X-----OXX----XOX-----XOOX----XOO------------------- X;,273148,25076892,-63.337443437257456,-5.6135281971678355,-64,64,-64,-4,273148,1.0,0,787
-------------X-----OXX---XXOOX----XOO------X-O------------------ X;,511893,48107892,-63.60688659544084,-5.488756439334002,-64,64,-64,-4,511893,1.0,0,12146
-------------X-----OXXX---XOOX----XOO-----XO-------------------- X;,318419,29297070,-63.409482474349836,-5.557708553823735,-64,64,-64,-4,318419,1.0,0,1139
-------------X-----X-X---XXXOOO----OO-----OOO------------------- X;,1148303,106009168,-63.84802443257572,-4.794710107001375,-64,64,-64,-4,1148303,1.0,0,3189
-------------X-----X-XO----XOOO---XOOX---X---X------------------ X;,28962,2662998,-61.53628893032249,-9.129756232304398,-64,64,-64,-4,28962,1.0,0,139
-------------X-----XX------XOO---XXXOX----XOO------------------- X;,378674,34806794,-63.62473261961476,-5.198888753914977,-64,64,-64,-4,378674,1.0,0,768
-------------X-----XX------XOX----XOO----XXOO------O------------ X;,345174,31747223,-63.210537294234214,-6.47026137542225,-64,64,-64,-4,345174,1.0,0,961
-------------X-----XX------XXOX---OOOOO---XO-------------------- X;,1096185,101121205,-63.496519291907845,-6.0478477629232295,-64,64,-64,-4,1096185,1.0,0,5624
-------------X-----XX------XXXX---XOOOO---OO-------------------- X;,937088,86472682,-63.52918189113509,-5.85586625802486,-64,64,-64,-4,937088,1.0,0,4576
-------------X-----XX-----OOOO----XOOX---XXO-------------------- X;,647662,59641629,-63.63776476001371,-5.167825192770303,-64,64,-64,-4,647662,1.0,0,1689
-------------X-----XX-----OOOOX---XXOOO----O-------------------- X;,1830142,172374739,-63.836238936650815,-4.643976259765636,-64,64,-64,-4,1830142,1.0,0,38121
-------------X-----XX-----OXO-----OOXXX--XO-X------------------- X;,413641,38114331,-63.57232479372209,-5.915922261091139,-64,64,-64,-4,413641,1.0,0,1526
-------------X-----XX-----XXX-----OOOOO---OOO------------------- X;,2958388,278397645,-63.86489736978381,-4.837391849885816,-64,64,-64,-4,2958388,1.0,0,59297
-------------X-----XX-----XXX-----OXXO------OO-----O-O---------- X;,1322125,122012310,-63.41374832183039,-7.077379219060225,-64,64,-64,-4,1322125,1.0,0,3474
-------------X-----XX-----XXX----XXXOOO-----OO------------------ X;,106550,9780618,-61.760412951665884,-9.595251055842327,-64,64,-64,-4,106550,1.0,0,313
-------------X-----XX-----XXX-O---OXXO------OOO----------------- X;,1294440,119853535,-63.43916906152467,-6.945775779487655,-64,64,-64,-4,1294440,1.0,0,7725
-------------X-----XX----OXXX----XOXXX-----OO------------------- X;,626589,57789724,-62.99164843302388,-7.584994310465073,-64,64,-64,-4,626589,1.0,0,2833
-------------X-----XX----X-XOO---OOOXX----OX-------------------- X;,250766,23032457,-63.281521418374105,-6.6801320753212154,-64,64,-64,-4,250766,1.0,0,638
-------------X-----XXX-----XOOO---XOOX---X---X------------------ X;,225281,20715465,-62.683208970130636,-7.657103794816252,-64,64,-64,-4,225281,1.0,0,797
-------------X-----XXX----OOOO----XXOO------OO------------------ X;,1359639,125496707,-63.76371375048818,-5.321762614929404,-64,64,-64,-4,1359639,1.0,0,5044
-------------X-----XXX----OOOOO---XXXX---X---------------------- X;,727276,66940637,-63.49395827718775,-5.997002513488689,-64,64,-64,-4,727276,1.0,0,2303
-------------X-----XXX----OOOX----XOO----X--OX------------------ X;,475960,43781799,-63.54370535339104,-5.383464997058576,-64,64,-64,-4,475960,1.0,0,1202
-------------X-----XXX----OOXX----XOO----XXO-------------------- X;,450917,41472183,-63.31571442194461,-5.737211061015664,-64,64,-64,-4,450917,1.0,0,1441
-------------X-----XXX----OXOX----OOX----XOX-------------------- X;,137902,12670495,-62.97025423851721,-6.451697582341083,-64,64,-64,-4,137902,1.0,0,396
-------------X----O-XX----OOX-----XXOX----X-OO------------------ X;,686610,63231005,-63.77525523951006,-4.666296733225558,-64,64,-64,-4,686610,1.0,0,1067
-------------X----O-XX----OXXX---OOOO-----X-O------------------- X;,1743493,163769017,-63.850854577563545,-4.4617672683515215,-64,64,-64,-4,1743493,1.0,0,32165
-------------X----O-XX----XOX-----XOOX----XOO------------------- X;,232734,21409396,-63.58054259369065,-5.129736093566045,-64,64,-64,-4,232734,1.0,0,446
-------------X----OOOO-----XO----XXXOX-----X-O------------------ X;,989434,91058819,-63.619214621692805,-5.620227321883016,-64,64,-64,-4,989434,1.0,0,1716
-------------X----OOOO---XOOO-----XXXX-----X-------------------- X;,283716,26079041,-61.810098831225595,-10.353233515205346,-64,64,-64,-4,283716,1.0,0,1180
-------------X----OOOX-----OOX----XXXX---X-X-------------------- X;,319223,29337464,-63.28143022275964,-6.382553888660905,-64,64,-64,-4,319223,1.0,0,737
-------------X----OOX-----OOOX----XOX------OO------O------------ X;,1737340,160770041,-63.91415727491452,-4.470578010061359,-64,64,-64,-4,1737340,1.0,0,3542
-------------X----OOX-----OOOX---XXOX------O-------O------------ X;,1199260,110652944,-63.83356069576239,-5.061216083251338,-64,64,-64,-4,1199260,1.0,0,2994
-------------X----OOX-----XOOXX---XXOX-----O-------------------- X;,959948,88455458,-63.52570347560493,-5.99643522357461,-64,64,-64,-4,959948,1.0,0,3101
-------------X----OOX-----XOXX----XOOX----X-O------------------- X;,574409,52907678,-63.54653913848843,-5.630782247492641,-64,64,-64,-4,574409,1.0,0,1843
-------------X----OOX-----XOXX----XOOX---X--O------------------- X;,652228,60023199,-63.72368864875473,-5.275020391642187,-64,64,-64,-4,652228,1.0,0,1348
-------------X----OOX-----XOXX----XOX-----OOO------------------- X;,2647976,244376011,-63.82702788847029,-4.767170095197238,-64,64,-64,-4,2647976,1.0,0,3822
-------------X----OOX----XOOO-----OXXX----OX-------------------- X;,1077490,99323548,-63.18045828731589,-7.05840054200039,-64,64,-64,-4,1077490,1.0,0,5856
-------------X----OOX----XOXXX---OXXX------X-------------------- X;,65834,6060238,-59.33344472461038,-12.813500622778504,-64,64,-64,-4,65834,1.0,0,553
-------------X----OOXX-----XOX----XXXO---X----O----------------- X;,217157,19959591,-62.975368051686104,-6.232412494186234,-64,64,-64,-4,217157,1.0,0,524
-------------X----OOXX----XOOX-----XOO-----XO------------------- X;,2747397,258958631,-63.77423211861991,-5.029185079549843,-64,64,-64,-4,2747397,1.0,0,64738
-------------X----OOXX---XXOXX----XOO-------O------------------- X;,1114739,103171781,-63.5702330321268,-5.671225282330663,-64,64,-64,-4,1114739,1.0,0,8563
-------------X----OXX------OOO---XXXOX----X-O------------------- X;,405432,37303063,-63.64345685589692,-5.638119339371337,-64,64,-64,-4,405432,1.0,0,922
-------------X----OXX-----OOO-X---XOOX---X--X------------------- X;,194373,17882164,-63.75037685275218,-5.243650095435066,-64,64,-64,-4,194373,1.0,0,276
-------------X----OXX-----OOX-----OOOX----XOO------------------- X;,1506672,139026912,-63.74222126647339,-4.982919971964701,-64,64,-64,-4,1506672,1.0,0,3741
-------------X----OXX-----OXX-----OOOX---XO-O------------------- X;,2117684,195573258,-63.85167286526224,-4.745023336815124,-64,64,-64,-4,2117684,1.0,0,4492
-------------X----OXX-----XOOO----XOOX----XO-------------------- X;,1414148,130899926,-63.755539024203976,-5.069176634977386,-64,64,-64,-4,1414148,1.0,0,9629
-------------X----OXX-----XOOO----XOOX---X--O------------------- X;,1485335,137122495,-63.84309263566805,-4.762407133744239,-64,64,-64,-4,1485335,1.0,0,3640
-------------X----OXX----OOOX----XXXXX------O------------------- X;,239755,22011027,-61.50464432441451,-9.087451773685638,-64,64,-64,-4,239755,1.0,0,720
-------------X----OXXX-----OXX----OXOX----XO-------------------- X;,1438266,132756885,-63.76486546994784,-4.862934950836633,-64,64,-64,-4,1438266,1.0,0,4644
-------------X----OXXX----OOOO----XXO-----X-O------------------- X;,920453,85242498,-63.619128841994105,-4.7729172483548865,-64,64,-64,-4,920453,1.0,0,7226
-------------X----OXXX---XXOXX----XOO----X---------------------- X;,188453,17344722,-62.17663820687386,-7.381543408701374,-64,64,-64,-4,188453,1.0,0,1170
-------------X----X-X-----XOOX----XOOO-----OO------O------------ X;,453620,41725206,-63.768317093602576,-5.232736651823112,-64,64,-64,-4,453620,1.0,0,857
-------------X----X-X-----XXO-----XOO-----O-OOO--O-------------- X;,1642805,147438806,6.218825727947017,63.99267228916396,-64,64,4,64,1642805,1.0,0,2061
-------------X----X-X-----XXOX----XOOO-----OO------O------------ X;,487912,44844531,-63.71001738018331,-5.2482373870698,-64,64,-64,-4,487912,1.0,0,1054
-------------X----X-X----OXXO----XOXXX-----OO------------------- X;,2022574,187257537,-63.554635825438275,-5.756060346864936,-64,64,-64,-4,2022574,1.0,0,12969
-------------X----X-XX----XOO-----XOOX-----OOO------------------ X;,931151,85796834,-63.68752866076501,-5.085258996661121,-64,64,-64,-4,931151,1.0,0,1717
-------------X----X-XX----XOOO----XOO-----XOO------------------- X;,384371,35402928,-63.595281641955296,-5.162897304947563,-64,64,-64,-4,384371,1.0,0,1291
-------------X----X-XX---OOOO-----XXOX------OO------------------ X;,2066141,190876331,-63.90823859552663,-4.291919089742665,-64,64,-64,-4,2066141,1.0,0,3030
-------------X----X-XX---OOOX-----OOO-----XOO------------------- X;,295673,27262071,-63.52411616887575,-4.877645236460549,-64,64,-64,-4,295673,1.0,0,844
-------------X----X-XX---XOOO---X-OOO----O--O------------------- X;,400155,36840380,-63.207217203333705,-6.324114405667804,-64,64,-64,-4,400155,1.0,0,922
-------------X----XOOX----XOOX----OOO------XO------------------- X;,982147,91185923,-63.72896521600127,-5.015312371773268,-64,64,-64,-4,982147,1.0,0,9121
-------------X----XOX-----XOOX----XOO------OO------O------------ X;,929522,85834397,-63.87576195076609,-4.53535903399812,-64,64,-64,-4,929522,1.0,0,2585
-------------X----XOX-----XXOO----OOOX----XO-------------------- X;,3369581,311732331,-63.871429118338455,-4.450688082583562,-64,64,-64,-4,3369581,1.0,0,9960
-------------X----XOX-----XXOX----XOOO------O-O----------------- X;,1540153,145731328,-63.849230563457006,-4.976656215324062,-64,64,-64,-4,1540153,1.0,0,41228
-------------X----XOXX----XXOX----XOOO------O------------------- X;,1375144,127165005,-63.60179297586289,-5.844535554094699,-64,64,-64,-4,1375144,1.0,0,9450
-------------X----XXX----XXOO-----XOO-----OOO------------------- X;,892935,82283266,-63.46531606443918,-5.48966050160426,-64,64,-64,-4,892935,1.0,0,2617
-------------X----XXXO---XXOOX----XOO-------O------------------- X;,388569,35727071,-63.16026754578981,-7.011490880641533,-64,64,-64,-4,388569,1.0,0,1235
-------------X----XXXX----XOOO----XOO-----XO-------------------- X;,594593,54715523,-63.42120744778361,-5.5454167808904575,-64,64,-64,-4,594593,1.0,0,1947
-------------X----XXXX----XXOX-----OOOO----O-------------------- X;,1083507,100018446,-63.60315715542216,-5.566433811687419,-64,64,-64,-4,1083507,1.0,0,4809
-------------X----XXXX---OOOXX----XOO-------O------------------- X;,1904691,175812163,-63.760161622016376,-4.8973056522029035,-64,64,-64,-4,1904691,1.0,0,4852
-------------X---OOOOO----XXO-----OOO--------O--------O--------- X;,99478,8897702,13.236434186453286,63.62522366754458,-64,64,4,64,99478,1.0,0,18
-------------X---OOOX-----XXO-----OOOO-------O--------O--------- X;,462340,41370604,9.551265302591167,63.92823463252152,-64,64,4,64,462340,1.0,0,25
-------------X---OX-X-----OOOX----XOX------OO------O------------ X;,895541,82892304,-63.9290730407653,-4.389474072097202,-64,64,-64,-4,895541,1.0,0,1386
-------------X---OX-XO---XXXOX----XOO-------O------------------- X;,938626,86572650,-63.690466703458036,-5.559703225778958,-64,64,-64,-4,938626,1.0,0,2478
-------------X---X--X----XXOO----XXXOX------OO------------------ X;,223512,20536196,-63.25382977200329,-5.598562940692222,-64,64,-64,-4,223512,1.0,0,452
-------------X---X--XX----XOO-----XOOX-----OOO------------------ X;,724076,66746274,-63.77340223954391,-4.673738668316585,-64,64,-64,-4,724076,1.0,0,1354
-------------X---X--XX----XOOO----XOO-----XOO------------------- X;,405513,37298165,-63.58337710504966,-5.427742143901675,-64,64,-64,-4,405513,1.0,0,889
-------------X---XXXX------OO-----XOOO---X--O-------O----------- X;,357015,32886593,-63.81534669411649,-4.8871447978376255,-64,64,-64,-4,357015,1.0,0,547
-------------X---XXXXO----XOOX----XOO-----O--------------------- X;,721967,66526588,-63.583363228513214,-5.335548577705075,-64,64,-64,-4,721967,1.0,0,1745
-------------X--X---X----XOOO----XXOXX-----OO------------------- X;,351406,32343741,-63.47275800640854,-5.694990979095405,-64,64,-64,-4,351406,1.0,0,919
-------------X--X-X-XX---XOOO-----OOO-----O-O------------------- X;,490723,45313659,-63.72239328501008,-5.050837234040385,-64,64,-64,-4,490723,1.0,0,1537
------------O-------O------XOX-----XOO----OOOO---O---O---------- X;,476178,42562567,7.054794635619453,63.859678523577315,-64,64,4,64,476178,1.0,0,31
------------O-------OO-----XOXO---XXOO----OOO------------------- X;,518494,46378092,7.684987675845815,63.92863948280983,-64,64,4,64,518494,1.0,0,61
------------O-------OO-----XXXO---XXOO----OOO------------------- X;,435435,38935263,8.773134911065945,63.90730648661683,-64,64,4,64,435435,1.0,0,184
------------O-------OX-----XX------XOO---OOOOO-------O---------- X;,2048522,183653606,5.8323278929882125,63.95556308401862,-64,64,4,64,2048522,1.0,0,494
------------O-------OXX---OXOO----XXOO------O-------O----------- X;,1441233,129667353,5.123383935838272,63.98587320717746,-64,64,4,64,1441233,1.0,0,540
------------O------O-X----OXOO----XXO----XO-O-----O------------- X;,1275858,114620245,4.852757908795493,63.9949163621657,-64,64,4,64,1275858,1.0,0,21
------------O------O-X----OXX----OXXX-----OOO------O------------ X;,562761,50305868,7.542615781832785,63.915118496128905,-64,64,4,64,562761,1.0,0,80
------------O------OO------XOX----XOOO----OOO-O----------------- X;,238906,21352606,7.2911186826618,63.889772546524576,-64,64,4,64,238906,1.0,0,23
------------O------OO------XOXO---XOOO----OOO------------------- X;,394069,35297057,6.67983018202396,63.92091740278987,-64,64,4,64,394069,1.0,0,490
------------O------OO------XXO----XOOOO---OOO------------------- X;,882641,79054762,5.74037235977028,63.94632019133487,-64,64,4,64,882641,1.0,0,108
------------O------OO------XXXO---XOOO----OOO------------------- X;,3174105,285085050,5.640231183278436,63.96744468125661,-64,64,4,64,3174105,1.0,0,4934
------------O------OO-----OXXX---OOXO-----OO------O------------- X;,414090,37038009,6.541790432031684,63.97367239006013,-64,64,4,64,414090,1.0,0,21
------------O------OO-----XXOX-----OOOO-----OO-------O---------- X;,1318599,118111343,6.475022353270403,63.94977699816244,-64,64,4,64,1318599,1.0,0,351
------------O------OOX-----XOX-----XOO----X-OO-------O---------- X;,3231241,290382196,5.084625999731991,63.98370099908983,-64,64,4,64,3231241,1.0,0,597
------------O------OOX-----XOX----XXOO----XO-O------------------ X;,10556026,967536978,-27.117191261181055,32.31025501452914,-64,64,2,64,10556026,1.0,1,62453
------------O------OOX---OOXO-----XOO-------OO--------O--------- X;,1040130,93052704,6.343687808254737,63.94936017613183,-64,64,4,64,1040130,1.0,0,34
------------O------OOX---OOXO-----XOO-------OOO----------------- X;,704663,62961708,7.701956821913454,63.91579520990885,-64,64,4,64,704663,1.0,0,66
------------O------OX----OOXX----XOXX-----OO--------O----------- X;,554929,49628865,10.606214488700356,63.848751822305196,-64,64,4,64,554929,1.0,0,386
------------O------OXX----OOXO----OXO-----OO------O------------- X;,854101,76464716,7.000769229868599,63.94528750112691,-64,64,4,64,854101,1.0,0,76
------------O------XOO-----XXO-----OOO----OOOO------------------ X;,123446,11142897,12.056526740437114,63.47173662978144,-64,64,4,64,123446,1.0,0,1282
------------O------XOO-----XXO-----OOOO---OOO------------------- X;,168918,15075433,12.484092873465231,63.56555251660569,-64,64,4,64,168918,1.0,0,43
------------O------XOO----XXOXO---OOOO------O------------------- X;,306326,27352651,13.231021852536188,63.715799507714,-64,64,4,64,306326,1.0,0,48
------------O------XOO----XXOXO---OOOOO------------------------- X;,226466,20419827,13.213232891471568,63.68312241131119,-64,64,4,64,226466,1.0,0,1875
------------O------XOO----XXXOO---OOOO-------O------------------ X;,243585,21753656,13.32259375577314,63.56341318225671,-64,64,4,64,243585,1.0,0,67
------------O------XOO----XXXOO---OOOOO------------------------- X;,144899,12930829,21.465296516884173,63.18307234694511,-64,64,8,64,144899,1.0,0,59
------------O------XOO----XXXXO---OOOO------O------------------- X;,175128,15656538,14.934253802932712,63.47734228678452,-64,64,4,64,175128,1.0,0,249
------------O------XOOO----OOO---XXXO-X---X--------------------- X;,865571,79652064,-63.266169961794006,-7.517768039825733,-64,64,-64,-4,865571,1.0,0,3043
------------O------XOOO---XXXO----OXO------O------O------------- X;,249989,22331954,8.433419070439099,63.8219521658953,-64,64,4,64,249989,1.0,0,25
------------O------XOOO---XXXXO---OOO--O------------------------ X;,148146,13224102,17.7319806137189,63.41966708517273,-64,64,4,64,148146,1.0,0,39
------------O------XOX-----XO-----XXOOO----OOO------------------ X;,1285704,115414200,6.654766571465905,63.94113575130823,-64,64,4,64,1285704,1.0,0,2728
------------O------XOX-----XOOX----XOOO---XO-------------------- X;,1539018,142375248,-63.543824698606514,-6.221708907888017,-64,64,-64,-4,1539018,1.0,0,8442
------------O------XOX----XOO-----OOOO------OOO----------------- X;,742004,66294362,9.692848016991823,63.81502525592854,-64,64,4,64,742004,1.0,0,170
------------O------XOX----XXXOX---XXO-O---X--------------------- X;,785173,72450397,-63.24837965645788,-6.593446285086217,-64,64,-64,-4,785173,1.0,0,3017
------------O------XOX---XXOO-----OOO-----OOO------------------- X;,2439520,221272554,5.8488801075621435,63.96996212369646,-64,64,4,64,2439520,1.0,0,27065
------------O------XOX--XXXOOO---XOOO--------------------------- X;,1070709,98713239,-63.36307063824064,-6.563422928171893,-64,64,-64,-4,1070709,1.0,0,5208
------------O------XOXO---XXXOO---OOO-O------------------------- X;,138717,12375151,18.286713236301246,63.0496190084849,-64,64,6,64,138717,1.0,0,21
------------O------XOXX---XOOX---XXOO----X---------------------- X;,817643,75211793,-63.17776095435294,-6.802377076548078,-64,64,-64,-4,817643,1.0,0,2631
------------O------XXO-----XXOO----XOO-----OOO------------------ X;,612752,54851722,10.535329138052589,63.7872385565449,-64,64,4,64,612752,1.0,0,396
------------O------XXO-----XXOO----XXO------OO-----O------------ X;,69912,6250535,8.50657970019453,63.770110996681545,-64,64,4,64,69912,1.0,0,50
------------O------XXO----OXXOO----XO------O-O----O------------- X;,111240,9931915,6.738511326860841,63.86062567421791,-64,64,4,64,111240,1.0,0,14
------------O------XXX-----XXO----OXOO-----O-O------O----------- X;,944261,84837844,5.719999025693109,63.9606422376864,-64,64,4,64,944261,1.0,0,2389
------------O------XXX-----XXO----OXOO-----O-O----O------------- X;,910364,82050286,4.9011999595766085,63.964150603494865,-64,64,4,64,910364,1.0,0,4896
------------O-----O-OO-----XXXO---XXO-OO----O------------------- X;,92123,8234370,6.389457573027365,63.84284055013406,-64,64,4,64,92123,1.0,0,17
------------O-----O-OO----XXXXO---OXO----O--O------------------- X;,105469,9415831,6.963714456380548,63.835041576197746,-64,64,4,64,105469,1.0,0,14
------------O-----O-OX-----XX----OOOOO----X--O-------O---------- X;,178661,15957175,6.773531996350631,63.88519038850113,-64,64,4,64,178661,1.0,0,27
------------O-----O-OX----OXXX----OXO-----O-O-----O------------- X;,96232,8599735,7.962112395045307,63.75929004904813,-64,64,4,64,96232,1.0,0,26
------------O-----O-OX----OXXX---OOOO-----X-O------------------- X;,535049,47856264,7.326200030277601,63.8987756261576,-64,64,4,64,535049,1.0,0,40
------------O-----O-OX----OXXXX---XOO-O-----O------------------- X;,288001,25760201,6.445845674146965,63.9276669178232,-64,64,4,64,288001,1.0,0,20
------------O-----O-OX----XXO----OOOO-------OO--------O--------- X;,84553,7562412,9.389116885267228,63.75468640970752,-64,64,4,64,84553,1.0,0,4
------------O-----O-OX----XXXO----OXO-O--O--O------------------- X;,35093,3131118,10.365201037243894,63.65998917162967,-64,64,4,64,35093,1.0,0,5
------------O-----OO-----OXXX---OOOOO------O------O------------- X;,14165,1263170,17.612283798093895,62.51168372749735,-64,64,6,64,14165,1.0,0,1
------------O-----OOOO----XXOXO----XOO------O------------------- X;,376911,33722599,8.939378261711651,63.859733464929384,-64,64,4,64,376911,1.0,0,191
------------O-----OOOO----XXOXO----XXO--------O----------------- X;,581177,52104215,6.877546771465491,63.95632999929453,-64,64,4,64,581177,1.0,0,411
------------O-----OOOO---XXXXXO---OOO--------------------------- X;,2209142,209760136,12.83073247441767,63.91286662423692,-64,64,4,64,2209142,1.0,0,135677
------------O-----OOOOO--XXXXO----OOO--------------------------- X;,480098,43052882,11.718886560660533,63.800490733141984,-64,64,4,64,480098,1.0,0,1745
------------O-----OOOX-----OXX----XOOO----XO-------------------- X;,2130112,190748654,7.822784905206863,63.94122093110597,-64,64,4,64,2130112,1.0,0,1081
------------O-----OOOX-----XXX---OOOOO----X--------------------- X;,167517,14970407,10.688909185336414,63.75349367526878,-64,64,4,64,167517,1.0,0,51
------------O-----OOOX----OXXX---O-XOO----X--------------------- X;,1494809,134027173,6.581932541214296,63.979331138627074,-64,64,4,64,1494809,1.0,0,470
------------O-----OOOX----XOXX-----OOO----XO-------------------- X;,3864309,346770831,7.820487440315979,63.966558574896574,-64,64,4,64,3864309,1.0,0,5517
------------O-----OOOX---XOXXX---OOOO--------------------------- X;,913323,81785428,11.242487050035967,63.84826178690343,-64,64,4,64,913323,1.0,0,470
------------O-----OOOX---XXXOX----OOOO-------------------------- X;,1246111,111447614,14.866181263145899,63.871629413431066,-64,64,4,64,1246111,1.0,0,512
------------O-----OOOX---XXXXO----OOO-O------------------------- X;,1358137,121645935,9.953394981507756,63.95030692779889,-64,64,4,64,1358137,1.0,0,2068
------------O-----OOXX----OXXO---O-XOO-------O------------------ X;,463297,41626729,8.762603686188342,63.80617616777143,-64,64,4,64,463297,1.0,0,2740
------------O-----OXOX----XXO------XOO------OOO----------------- X;,484235,43373086,9.337135894761841,63.88493190289839,-64,64,4,64,484235,1.0,0,1287
------------O-----OXOX----XXOX----OXO----O--O------------------- X;,3274000,319544840,8.143498472816127,63.95531643249847,-64,64,4,64,3274000,1.0,0,292535
------------O-----OXXO----XXXOO----XOO-------O------------------ X;,210854,18933785,10.120386618228727,63.75937852732222,-64,64,4,64,210854,1.0,0,927
------------O-----OXXX---OOOOO-----XOO-------O------------------ X;,699538,62535829,7.710140121051323,63.86630318867596,-64,64,4,64,699538,1.0,0,196
------------O-----X-O-X--XXXOX-----OOO-----XO------------------- X;,275427,25393624,-63.74568942042719,-4.963957781916806,-64,64,-64,-4,275427,1.0,0,744
------------O-----X-OOX----XOX----OOX-----XXX------------------- X;,311329,28595565,-62.82447828502966,-8.705009812770413,-64,64,-64,-4,311329,1.0,0,1336
------------O-----XO-X---OOXOO-----XO-----O-O-------O----------- X;,315667,28183076,6.675528325735664,63.92085330427317,-64,64,4,64,315667,1.0,0,8
------------O-----XOOOO---OXXO---O-OOO-------------------------- X;,59322,5296021,9.585044334311048,63.61120663497522,-64,64,4,64,59322,1.0,0,13
------------O-----XOOX----OXXX----OOOO----X--------------------- X;,1476225,132178051,9.626145065962167,63.940186624667646,-64,64,4,64,1476225,1.0,0,241
------------O-----XOOX---XXXO------OO------OO------O------------ X;,2397909,214610750,8.551777402728794,63.95397323251216,-64,64,4,64,2397909,1.0,0,1423
------------O-----XOXO----OOOOO--O-OOO-------------------------- X;,261197,23399572,7.4992362086853985,63.95147723748742,-64,64,4,64,261197,1.0,0,310
------------O-----XOXX----OXO----O-OOOO----O-------------------- X;,79233,7072622,19.43243345575707,63.60958186614163,-64,64,10,64,79233,1.0,0,8
------------O-----XOXX---OOXO----OOOOO-------------------------- X;,229421,20511968,12.103617367198295,63.530287114082846,-64,64,4,64,229421,1.0,0,47
------------O-----XOXX---XXXO------OOO-----O-------O------------ X;,712264,63863869,13.411136881830332,63.870272820190266,-64,64,4,64,712264,1.0,0,2925
------------O-----XOXX---XXXXO-----OO------O-------O------------ X;,3276959,294210053,5.879122686612802,63.99119854718963,-64,64,4,64,3276959,1.0,0,438
------------O-----XXO-----OXO-----OOO-----OOO------O------------ X;,354138,31631310,8.008132422953764,63.81151980301465,-64,64,4,64,354138,1.0,0,77
------------O-----XXO----OXXOX----OOOO-----O-------------------- X;,410873,36680695,14.974500636449706,63.67436166406651,-64,64,4,64,410873,1.0,0,166
------------O-----XXOO-----XXXO----XO--O----O-------O----------- X;,443319,39686078,10.09521811607443,63.94552906597732,-64,64,4,64,443319,1.0,0,42
------------O-----XXOO-----XXXO---OOOO----X--------------------- X;,1325736,118861185,7.15316774983858,63.9604370704273,-64,64,4,64,1325736,1.0,0,101
------------O-----XXOO----XXOO----XXXX-----O-------------------- X;,1633648,150423927,-63.66318203186978,-5.418140260325358,-64,64,-64,-4,1633648,1.0,0,3826
------------O-----XXOO----XXOX-----OOOO----O-------------------- X;,429493,38341744,15.878223859294563,63.705587751139134,-64,64,4,64,429493,1.0,0,134
------------O-----XXOOO----XXOX----XO-------O-------O----------- X;,1271773,113972172,9.920512544298393,63.94902549432957,-64,64,4,64,1271773,1.0,0,687
------------O-----XXOX-----OO-----OOOO----XO-------O------------ X;,2280967,204122540,7.552134686735933,63.9474345748974,-64,64,4,64,2280967,1.0,0,261
------------O-----XXOX-----XO-----OOOO------OO-------O---------- X;,697867,62398748,11.765946806483184,63.79161072238693,-64,64,4,64,697867,1.0,0,255
------------O-----XXOX-----XO-----OXOO----OO------O------------- X;,998669,89383581,7.401134910565963,63.9156056711483,-64,64,4,64,998669,1.0,0,357
------------O-----XXOX-----XO-----XOOO---X---O-------O---------- X;,3268698,293539580,5.541991337223568,63.98384677935986,-64,64,4,64,3268698,1.0,0,522
------------O-----XXOX-----XXO----OOOOO---X--------------------- X;,4196909,376674975,6.0903088439611155,63.979034093901014,-64,64,4,64,4196909,1.0,0,7339
------------O-----XXOX-----XXOX----XO-O-----O-------O----------- X;,750768,67194004,7.6091122690365065,63.95479828655457,-64,64,4,64,750768,1.0,0,116
------------O-----XXOX----XOOX-----OOX----XO-------------------- X;,746714,68877297,-63.36262076243381,-5.954962676473188,-64,64,-64,-4,746714,1.0,0,3356
------------O-----XXOX----XXO------OOO----OO-----O-------------- X;,1079910,96582366,9.322126843903659,63.88124751136669,-64,64,4,64,1079910,1.0,0,72
------------O-----XXOX----XXO------OOO---OOO-------------------- X;,377053,33697305,14.817306850761033,63.75812418943756,-64,64,4,64,377053,1.0,0,355
------------O-----XXOX----XXO------XXO------OOO----------------- X;,880372,78756214,8.177502237690431,63.93711976300927,-64,64,4,64,880372,1.0,0,248
------------O-----XXOX----XXOX-----XOX----XO-------------------- X;,766714,70711769,-63.57590966122961,-5.303709075352739,-64,64,-64,-4,766714,1.0,0,2951
------------O-----XXOX---XXOO------OOO-----O-------O------------ X;,1717983,154931684,10.068204400159955,63.94220431750489,-64,64,4,64,1717983,1.0,0,14587
------------O-----XXOX---XXXO------OO------O-O-----O------------ X;,763267,68279608,12.164820436361063,63.94238451288999,-64,64,4,64,763267,1.0,0,360
------------O-----XXOX---XXXO------OOO-----O-------O------------ X;,587828,52540920,13.790894615431725,63.91509421123186,-64,64,4,64,587828,1.0,0,184
------------O-----XXX-----OOOO----OOO-----OO-------O------------ X;,919608,89830901,9.438497707718941,63.898291445920435,-64,64,4,64,919608,1.0,0,85439
------------O-----XXX-----OXX-----OOOO----OO-------O------------ X;,1087323,97842766,8.69299922838016,63.931481261777776,-64,64,4,64,1087323,1.0,0,6006
------------O-----XXX----OOXO-----OOO-----OOO------------------- X;,80124,7215747,14.755503968848284,63.563676301732315,-64,64,4,64,80124,1.0,0,837
------------O-----XXXO----OOOOO--OOOO--------------------------- X;,285256,25475852,16.029243907227194,63.72902936309841,-64,64,4,64,285256,1.0,0,172
------------O-----XXXO----XXO-O----OOOO----O-------------------- X;,113184,10097371,18.949586513994912,63.23724201300537,-64,64,8,64,113184,1.0,0,21
------------O-----XXXO---OOOOOO----OOO-------------------------- X;,123770,11046964,12.505211278985215,63.66916053971075,-64,64,4,64,123770,1.0,0,18
------------O-----XXXO---OXXO-O---XOOO-------------------------- X;,117293,10463556,18.86584877187897,63.58009429377712,-64,64,6,64,117293,1.0,0,56
------------O-----XXXOO---XXXOO----OOO-------------------------- X;,140070,12492605,21.552352395230955,63.38125223102735,-64,64,8,64,140070,1.0,0,48
------------O-----XXXX---OOOO------OOOO----O-------------------- X;,79085,7053035,22.478801289751534,63.503319213504454,-64,64,12,64,79085,1.0,0,29
------------O-----XXXX---OXXO-----OOOO-----O-------------------- X;,373128,33326210,13.9636746639223,63.652532106944534,-64,64,4,64,373128,1.0,0,40
------------O-----XXXXO---OXXO---OOOO--------------------------- X;,447365,39898456,16.933769964123254,63.7060252813698,-64,64,4,64,447365,1.0,0,170
------------O----O-OOX----OXO------OOO------OOO----------------- X;,25553,2279784,17.563730286072087,63.15508942198568,-64,64,6,64,25553,1.0,0,3
------------O----OOOOX-----XXX----OOOO----X--------------------- X;,357035,31950408,8.716243505538673,63.94219614323526,-64,64,4,64,357035,1.0,0,70
------------O----OOOOX-----XXXX----XO-------O-------O----------- X;,432937,38776162,8.658747115631142,63.91976199770406,-64,64,4,64,432937,1.0,0,190
------------O----OOOOX---XOXXX----OOO--------------------------- X;,3031533,272444230,5.519170663819263,63.98890858189569,-64,64,4,64,3031533,1.0,0,4005
------------O----OX-OX----OXOO----XOO------O-------O------------ X;,386991,34584158,12.313645536976312,63.68208562989837,-64,64,4,64,386991,1.0,0,202
------------O----OXOXX---OOXO----O-OOO-------------------------- X;,11506,1025854,26.835564053537286,62.98818007995828,-64,64,16,64,11506,1.0,0,2
------------O----OXXXO----OOOOO----OOO-------------------------- X;,177345,15838617,12.690698920183822,63.74144182243649,-64,64,4,64,177345,1.0,0,42
------------O----OXXXO---XXXO-O----OOO-------------------------- X;,126905,11317131,19.30311650447185,63.629329025649106,-64,64,8,64,126905,1.0,0,34
------------O----OXXXX----OXO------OOOO----O-------------------- X;,141070,12601045,14.540823704543843,63.53967533848444,-64,64,4,64,141070,1.0,0,19
------------O----OXXXX---OOXO-----XOOO-------------------------- X;,377008,33646359,16.707258201417478,63.65148219666426,-64,64,6,64,377008,1.0,0,63
------------O----X-XOX---XXOOO---XOOO--------------------------- X;,519213,47865058,-63.03022458990819,-8.115520990422043,-64,64,-64,-4,519213,1.0,0,2924
------------O----XOO------XOX----XOOO-----OO-------O------------ X;,1697248,152267341,9.988402402006072,63.92810832594883,-64,64,4,64,1697248,1.0,0,951
------------O----XXO------OXX----OOOO------OOO------------------ X;,160770,14348692,16.336555327486472,63.40602102382285,-64,64,4,64,160770,1.0,0,56
------------O-O----XOO----XXOO----OOOO-------O------------------ X;,408124,36419788,18.985386794209603,63.486567807823114,-64,64,6,64,408124,1.0,0,36
------------O-O----XOO----XXXO----OOOO-------O------------------ X;,60538,5404179,27.537282368099376,62.13806204367505,-64,64,16,64,60538,1.0,0,12
------------O-O----XOO----XXXO----OOOOO------------------------- X;,34306,3061208,35.5023028041742,60.71322800676266,-64,64,36,64,34306,1.0,0,9
------------O-O---OOOO---XXXOX----OOO--------------------------- X;,298830,26619300,24.316206538834788,63.527651172907674,-64,64,14,64,298830,1.0,0,37
------------O-O---XXOO-----XOX----OOOO----X--------------------- X;,1966266,176030330,9.561097023495295,63.946644045108854,-64,64,4,64,1966266,1.0,0,177
------------O-O---XXOXX----XOO-----XO-------O-------O----------- X;,477532,42647761,22.427623698516538,63.78051313838654,-64,64,10,64,477532,1.0,0,26
------------O-O---XXXO----XXO------OOOO----O-------------------- X;,169878,15184704,23.562745028785365,63.445142984965685,-64,64,12,64,169878,1.0,0,93
------------O-O---XXXO---OXXO-----XOOO-------------------------- X;,425033,37961150,16.02071368576087,63.77017784501439,-64,64,4,64,425033,1.0,0,43
------------O-O---XXXOO---XXXO-----OOO-------------------------- X;,124586,11103070,34.904804713210154,62.668726823238565,-64,64,28,64,124586,1.0,0,15
------------O-O--OXXXO---XXXO------OOO-------------------------- X;,142362,12701779,26.31920034840758,63.4445989800649,-64,64,16,64,142362,1.0,0,32
------------O-X-----OX---X-OOO----XXO-----XXX------------------- X;,214919,19726567,-61.743475448890045,-11.865344618204999,-64,64,-64,-4,214919,1.0,0,994
------------O-X---OXOX-----XOO----XXO----X-X-------------------- X;,487207,44666687,-60.49590009995751,-12.562413922624264,-64,64,-64,-4,487207,1.0,0,1123
------------OO----OXXO----XXXO-----XOO-------O------------------ X;,178233,15983560,10.503711433909546,63.670992464919514,-64,64,4,64,178233,1.0,0,560
------------OO----XOXO----OXXO---O-OOO-------------------------- X;,129265,11540920,9.830596062352532,63.685204811820675,-64,64,4,64,129265,1.0,0,24
------------OO---OXXXO----OXXO-----OOO-------------------------- X;,66508,5941410,13.182354002526012,62.99566969387141,-64,64,4,64,66508,1.0,0,26
------------OOO----XXO----XXOXO---OOO--------------------------- X;,58473,5210450,30.127306620149472,62.26254852667043,-64,64,18,64,58473,1.0,0,3
------------OOX-----OX----OXOO----XXO------XO------------------- X;,2748253,252409491,-62.83816664622944,-10.176611105309446,-64,64,-64,-4,2748253,1.0,0,8220
------------OX------XX-----XO------OOO----O-OO---O---O---------- X;,164608,14732683,7.9369167962674965,63.8370431570762,-64,64,4,64,164608,1.0,0,15
------------OX------XX-----XO-----OOOO----X-OO-------O---------- X;,2632110,236288711,5.873950556777642,63.975226719248056,-64,64,4,64,2632110,1.0,0,540
------------OX------XX----OOO------OOO----X-OO-------O---------- X;,62438,5601550,5.6936801306896445,63.93074730132291,-64,64,4,64,62438,1.0,0,0
------------OX-----OOX----XXOX----XXOX-----O-------------------- X;,1058407,97570484,-63.53954575130361,-5.8853597907043325,-64,64,-64,-4,1058407,1.0,0,3278
------------OX-----OX-----OOO-----XOOX---X-X--X----------------- X;,509583,46954428,-63.6540190704949,-4.920595859751994,-64,64,-64,-4,509583,1.0,0,847
------------OX-----OX----X-OO-----XOXXX---OX-------------------- X;,241183,22160982,-63.15287561726987,-6.095728140043038,-64,64,-64,-4,241183,1.0,0,581
------------OX-----OXX----OXO----O-OOO----XO-------------------- X;,1000600,89613326,8.447769338396961,63.93560263841695,-64,64,4,64,1000600,1.0,0,89
------------OX-----OXX----XXO------OOO----OO-----O-------------- X;,675350,60475454,7.912892574220774,63.91416302657881,-64,64,4,64,675350,1.0,0,34
------------OX-----OXX----XXO------OOO---OOO-------------------- X;,928731,83155161,7.6250755062553095,63.934502024805894,-64,64,4,64,928731,1.0,0,61
------------OX-----OXX---OOOO------OOO----XO-------------------- X;,113757,10167115,15.38412581203794,63.70756964406586,-64,64,4,64,113757,1.0,0,15
------------OX-----XOX----XOOX---XXOO----X---------------------- X;,350157,32187929,-62.84091993020274,-7.075848833523248,-64,64,-64,-4,350157,1.0,0,1366
------------OX-----XXXO---XXXOO---OOO--------------------------- X;,173000,15471010,22.171248554913294,63.2926936416185,-64,64,8,64,173000,1.0,0,524
------------OX----O-X----X-OO-----XOXXX---OX-------------------- X;,404298,37186215,-63.52879311794765,-6.160406432878718,-64,64,-64,-4,404298,1.0,0,1019
------------OX----O-XX-----OO------XOO----X-OO-------O---------- X;,481425,43262172,6.357048346055979,63.95905904346471,-64,64,4,64,481425,1.0,0,1238
------------OX----OOO-----OOO----XXXXX-----X-------------------- X;,248833,22909916,-61.73613628417453,-11.982204932625496,-64,64,-64,-4,248833,1.0,0,1655
------------OX----OOO----X-XO-----XOXX----OX-------------------- X;,303249,27906422,-63.011465825114016,-7.693248782353775,-64,64,-64,-4,303249,1.0,0,1290
------------OX----OOO----X-XOX----XOX-----OX-------------------- X;,114614,10540694,-62.22902961243827,-8.736890781230914,-64,64,-64,-4,114614,1.0,0,583
------------OX----OOXX----XOO------OOO----XO-------------------- X;,957057,85632754,8.826989406064634,63.93039495035301,-64,64,4,64,957057,1.0,0,186
------------OX----OXO------OO-----XXXXX--X--X------------------- X;,83466,7660654,-60.730932355689745,-9.840989145280712,-64,64,-64,-4,83466,1.0,0,282
------------OX----X-O----XXXOX-----OO------OO------O------------ X;,430972,39746833,-63.919034183195194,-4.233114912337692,-64,64,-64,-4,430972,1.0,0,480
------------OX----XOOX-----XOX-----XOO----XO-------------------- X;,812781,75002071,-63.46597668990786,-6.0088289465427955,-64,64,-64,-4,812781,1.0,0,3814
------------OX----XXOX----XOOX----XOO----X---------------------- X;,256134,23636902,-62.45474634371072,-6.905650948331733,-64,64,-64,-4,256134,1.0,0,2013
------------OX----XXXX-----XO-----OOOO-------O--------O--------- X;,769823,68839551,11.4519649321987,63.85386510925239,-64,64,4,64,769823,1.0,0,59
------------OX----XXXX-----XO-----OOOO-------O-------O---------- X;,638566,57146740,14.543242202058988,63.805915128584985,-64,64,4,64,638566,1.0,0,1114
------------OX---O-OXX----OXO------OOO----XO-------------------- X;,617871,55521389,9.715189740253225,63.919313254708506,-64,64,4,64,617871,1.0,0,2682
------------OX---OOOO-----XXO-----OOO--------O--------O--------- X;,752170,67329365,10.279319834611856,63.92463671776327,-64,64,4,64,752170,1.0,0,32
------------OXX-----OX----XXOX----XXO-----XO-------------------- X;,237641,21875149,-61.33750489183264,-11.180511780374598,-64,64,-64,-4,237641,1.0,0,1833
------------X-------X-----OOXX----XOX-----XOOOO----------------- X;,514680,47315919,-63.08407165617471,-6.9026812776871065,-64,64,-64,-4,514680,1.0,0,1061
------------X-------X-----OOXX---XXOXX----OOO------------------- X;,426034,39116948,-62.41792439101105,-8.595393794861444,-64,64,-64,-4,426034,1.0,0,1386
------------X-------X-----OXXX---OOOX----XOOO------------------- X;,563815,51823253,-62.42378794462723,-9.046956891888296,-64,64,-64,-4,563815,1.0,0,2298
------------X-------X-----XOXX---OOOOX----XOO------------------- X;,896772,82549714,-63.31004982314345,-6.530491585375101,-64,64,-64,-4,896772,1.0,0,2981
------------X-------X-----XOXX---XOOXX---O-OO------------------- X;,693123,63870567,-63.4199413379732,-6.999779259958189,-64,64,-64,-4,693123,1.0,0,2645
------------X-------X----OOOXX---XOXX-----OOO------------------- X;,2385744,219983206,-63.329197935738286,-6.926266187822331,-64,64,-64,-4,2385744,1.0,0,9320
------------X-------X----XXXXX----OOOO----OOO------------------- X;,941999,86661093,-63.05764868115571,-7.260672251244428,-64,64,-64,-4,941999,1.0,0,2660
------------X-------X----XXXXX----XOOO------OOO----------------- X;,497360,45779224,-62.853631172591285,-7.59688756635033,-64,64,-64,-4,497360,1.0,0,2036
------------X-------XO----XXOX----XOX----X-OOO------------------ X;,597310,54852483,-63.384590915939796,-6.538808993654886,-64,64,-64,-4,597310,1.0,0,1176
------------X-------XO---XXXXX----XOX-----OOO------------------- X;,1265886,116474022,-63.59656556751556,-5.392771544989043,-64,64,-64,-4,1265886,1.0,0,2287
------------X-------XO--X-XOOX---XOOO-----XO-------------------- X;,777061,71492654,-63.37243794245239,-6.052971388346603,-64,64,-64,-4,777061,1.0,0,2168
------------X-------XOO---OXXO----XXXO------OO------------------ X;,6391896,591766104,-63.788976854441934,-5.688073773415588,-64,64,-64,-4,6391896,1.0,0,28655
------------X-------XOO---XXX-----OOOO------OOO----------------- X;,1578958,141616014,5.3838810152011645,63.9675494851668,-64,64,4,64,1578958,1.0,0,241
------------X-------XX----OOX-----XOOX----XOOO------------------ X;,505822,46582792,-63.43255927974663,-5.598159036182689,-64,64,-64,-4,505822,1.0,0,1696
------------X-------XX----OOX-----XOX-----XOOOO----------------- X;,534273,49192411,-63.29391902641533,-6.007501782796435,-64,64,-64,-4,534273,1.0,0,1958
------------X-------XX----OXXO----OXO-O---O-O-----O------------- X;,341734,30545099,7.397355838166527,63.95085651413088,-64,64,4,64,341734,1.0,0,47
------------X-------XX----OXXO---OOOO-O---X-O------------------- X;,1214041,108831611,5.419446295471076,63.97396628285206,-64,64,4,64,1214041,1.0,0,463
------------X-------XX----XOOO----XOOX----XOO------------------- X;,475636,43840255,-63.72089160618624,-4.925413551539412,-64,64,-64,-4,475636,1.0,0,1376
------------X-------XX----XOX-----XOOO----XOO------O------------ X;,390069,35894567,-63.51135311957628,-5.312034537479266,-64,64,-64,-4,390069,1.0,0,1122
------------X-------XX----XOX-----XOOOO---XOO------------------- X;,242615,22345714,-63.53100179296416,-5.3662881520103864,-64,64,-64,-4,242615,1.0,0,781
------------X-------XX----XOX----OOOO-----X-OOO----------------- X;,875615,81046733,-63.95889974475083,-3.9809528160207397,-64,64,-64,-4,875615,1.0,0,1340
------------X-------XX----XOX-O--XXXOO------OO------------------ X;,437967,40284315,-63.3806017348339,-5.94102295378419,-64,64,-64,-4,437967,1.0,0,1259
------------X------OOX----XOOXX---OOO------XO------------------- X;,639463,58862648,-63.634046066777906,-5.297138380172113,-64,64,-64,-4,639463,1.0,0,1413
------------X------OX-----OOXX----XOXX---XO-O------------------- X;,860902,79187513,-63.24848589038009,-6.772947443495311,-64,64,-64,-4,860902,1.0,0,2474
------------X------OXO----OOXO---OXOO-O----O-------------------- X;,1323143,118736247,6.558441528995732,63.967537900287425,-64,64,4,64,1323143,1.0,0,118
------------X------OXO----OXOO---OOOOO----O--------------------- X;,203317,18183985,8.745741871068331,63.697772444015996,-64,64,4,64,203317,1.0,0,82
------------X------OXO----OXOO---OOOOOO------------------------- X;,569104,50866875,7.542906041777953,63.921455480896284,-64,64,4,64,569104,1.0,0,33
------------X------OXO----OXXO---OXOX-O-----O------------------- X;,1085962,97482195,5.583711032246064,63.96816279022654,-64,64,4,64,1085962,1.0,0,2700
------------X------OXX----OOXX----XOO-----XOO------------------- X;,1040247,96052828,-63.58859578542404,-5.4687088739501295,-64,64,-64,-4,1040247,1.0,0,5268
------------X------OXX----XOX-----XOO----X--OOO----------------- X;,1102008,101775885,-63.884140587001184,-4.555110307729164,-64,64,-64,-4,1102008,1.0,0,1725
------------X------OXX---OOOX-----OXXX---XO--------------------- X;,493885,45489661,-62.845731293722224,-7.4033307348876765,-64,64,-64,-4,493885,1.0,0,2470
------------X------OXX---XXOX-----XOOX------OO------------------ X;,498493,45854316,-63.76096755621443,-5.003051196305665,-64,64,-64,-4,498493,1.0,0,781
------------X------OXX---XXOX-----XOX-------OOO----------------- X;,691493,63653158,-63.723042749528915,-5.15768055497308,-64,64,-64,-4,691493,1.0,0,1279
------------X------X------XXOX----XOOO----OOOO------------------ X;,1239871,114351368,-63.48145573208826,-6.4209954100063635,-64,64,-64,-4,1239871,1.0,0,4730
------------X------X------XXXXX----XOOO----OO-------O----------- X;,821458,75609453,-63.22332973809982,-7.4771004725743735,-64,64,-64,-4,821458,1.0,0,2469
------------X------X-----OXXXX----OXXO---OOO-------------------- X;,2201088,219084315,-63.32675113398465,-7.043472137415678,-64,64,-64,-4,2201088,1.0,0,183969
------------X------X-XOO--XXXOO----XOO----X--------------------- X;,22661,2075241,-57.06853183884206,-17.65959136843034,-64,64,-64,-6,22661,1.0,0,111
------------X------X-XX--XXOXX-----OO-----OOO------------------- X;,100760,9237925,-63.10571655418817,-5.903096466851926,-64,64,-64,-4,100760,1.0,0,118
------------X------XOO----XXOO----XOOX----OO-------------------- X;,2519424,232912364,-63.86487149443683,-4.500932752883199,-64,64,-64,-4,2519424,1.0,0,5992
------------X------XOO--OOOOO----OOOOO-------------------------- X;,1283225,115057047,6.195270509848234,63.942407605836856,-64,64,4,64,1283225,1.0,0,1160
------------X------XOX----XOOX----OOOO-----XO------------------- X;,999782,92604015,-63.72196938932687,-5.1598128391989455,-64,64,-64,-4,999782,1.0,0,7897
------------X------XOX----XOOX----OOOX----XO-------------------- X;,307786,28309729,-63.41454127218262,-5.976178253721741,-64,64,-64,-4,307786,1.0,0,1075
------------X------XX------OX-X---OXOX----X-OO------O----------- X;,312075,28665171,-63.2980918048546,-5.975787871505247,-64,64,-64,-4,312075,1.0,0,803
------------X------XX------OXO---XXOXX----OOO------------------- X;,866688,79655785,-63.58237566459903,-5.389180420174273,-64,64,-64,-4,866688,1.0,0,1701
------------X------XX------OXX---XOXX----OOOO------------------- X;,640002,58874872,-62.84496610948091,-8.002618741816432,-64,64,-64,-4,640002,1.0,0,2089
------------X------XX------XXOX---OOOOO---XO-------------------- X;,939243,87083202,-63.60144499346814,-5.459492378436678,-64,64,-64,-4,939243,1.0,0,9174
------------X------XX-----OOOO----XOOO-----OOO------------------ X;,5113361,468718171,-31.922929752075007,27.124156890155028,-64,64,-64,-2,5113361,1.0,0,21005
------------X------XX-----OOOOX---XXOOO----O-------------------- X;,2068972,191915042,-63.856047351051636,-4.3395309361364,-64,64,-64,-4,2068972,1.0,0,7732
------------X------XX-----OOX-X---OOXX---XO-X------------------- X;,197012,18089572,-62.461494731285406,-8.696718981584878,-64,64,-64,-4,197012,1.0,0,647
------------X------XX-----OXXX----OOX----XOOO------------------- X;,432923,39773976,-62.62388461689492,-8.258637217241866,-64,64,-64,-4,432923,1.0,0,1619
------------X------XX-----XOOO---XXOOX-----OO------------------- X;,318215,29288206,-63.453790676115204,-5.703980013512877,-64,64,-64,-4,318215,1.0,0,936
------------X------XX-----XOX----XOXOX---O--OO------------------ X;,481890,44346245,-63.536545684699824,-6.088953910643508,-64,64,-64,-4,481890,1.0,0,1089
------------X------XX-----XXO-----XOOO----OOOO------------------ X;,2446439,225965550,-63.70682285558724,-5.2769106444100995,-64,64,-64,-4,2446439,1.0,0,7709
------------X------XX-----XXOO----XOOO----OO-O------------------ X;,2138719,197292287,-63.769935180825534,-5.177470252052747,-64,64,-64,-4,2138719,1.0,0,6285
------------X------XX-----XXX-----OXXO------OO-----O-O---------- X;,1223223,113686365,-63.337597478137674,-6.9231415694440015,-64,64,-64,-4,1223223,1.0,0,12165
------------X------XX-----XXX-O---OXXO------OOO----------------- X;,1477120,136427647,-63.53591854419411,-6.495757961438475,-64,64,-64,-4,1477120,1.0,0,4888
------------X------XX----O-XXO----OXOO-----OOO------------------ X;,2412558,219460978,4.024428013751379,63.98515600453958,-64,64,4,64,2412558,1.0,0,23486
------------X------XX----XOOXX----OOO-----OX-O------------------ X;,378044,34824649,-63.58447164880278,-5.484668451291384,-64,64,-64,-4,378044,1.0,0,1016
------------X------XX----XXOOO----XOO------OO------O------------ X;,917150,84745950,-63.8902774900507,-4.507635610314561,-64,64,-64,-4,917150,1.0,0,1999
------------X------XX----XXOXX----XOOX------OO------------------ X;,249538,22907145,-63.50538194583591,-5.474420729508131,-64,64,-64,-4,249538,1.0,0,502
------------X------XXO----XXX-----XXXO------OO-----O------------ X;,933580,86474873,-63.56363889543478,-6.06754000728379,-64,64,-64,-4,933580,1.0,0,8486
------------X------XXO---X-OOO----XOXX----OX-------------------- X;,293735,26981615,-63.45806934822204,-5.616177847379441,-64,64,-64,-4,293735,1.0,0,526
------------X------XXX----XOOOO----OOX----XO-------------------- X;,500745,46454023,-63.32500973549411,-6.143194639986421,-64,64,-64,-4,500745,1.0,0,5243
------------X------XXX----XOXX---XOOO----O--O------------------- X;,477608,43895498,-63.23269291971659,-7.580388100701831,-64,64,-64,-4,477608,1.0,0,1496
------------X------XXX---XXOXX----OOO----O--O------------------- X;,433334,39939522,-63.459137755172684,-6.870326353344072,-64,64,-64,-4,433334,1.0,0,2209
------------X-----O-X-----OOXX----OOO-----XOOO------------------ X;,1620496,149272861,-63.769943276626414,-5.290191398189196,-64,64,-64,-4,1620496,1.0,0,2647
------------X-----O-X-----OOXX---XOOO---X-XO-------------------- X;,469355,43239662,-62.56908310340787,-9.401915394530793,-64,64,-64,-4,469355,1.0,0,2842
------------X-----O-X-----OOXX---XXOX------OO------O------------ X;,1504254,139288741,-63.57532969830893,-6.445594959361916,-64,64,-64,-4,1504254,1.0,0,11930
------------X-----O-X-----OOXX---XXOXX-----OO------------------- X;,873743,80770445,-63.3505733379266,-6.570799422713544,-64,64,-64,-4,873743,1.0,0,6479
------------X-----O-X-----OXXX----OOX----XOO-------O------------ X;,710914,65283283,-62.67310813966246,-9.73271591219191,-64,64,-64,-4,710914,1.0,0,2218
------------X-----O-X-----XOXX---OXOO----XXO-------------------- X;,928413,85489757,-63.15569256354661,-6.893007745475344,-64,64,-64,-4,928413,1.0,0,3963
------------X-----O-X----OOXXX----OOO----XXO-------------------- X;,261266,24072471,-61.88005327903363,-9.478562078494715,-64,64,-64,-4,261266,1.0,0,1942
------------X-----O-XOO---XOX------XOO------OOO----------------- X;,390856,35118385,6.262019771987638,63.90082792639745,-64,64,4,64,390856,1.0,0,924
------------X-----O-XX----OOXO----XXO-O---X-O------------------- X;,1752514,158311304,4.71610383711628,63.986222078682395,-64,64,4,64,1752514,1.0,0,8859
------------X-----O-XX----OOXX----XOO-----XOO------------------- X;,988255,91246392,-63.723326469382904,-5.0212384455429016,-64,64,-64,-4,988255,1.0,0,3105
------------X-----O-XX----XOX-----XOOOO--X--O------------------- X;,468389,43147867,-63.86515908785219,-4.584210987021471,-64,64,-64,-4,468389,1.0,0,707
------------X-----O-XX--X-OOX----XOOO-----XO-------------------- X;,321509,29628379,-62.650569657459044,-7.4025797100547726,-64,64,-64,-4,321509,1.0,0,1966
------------X-----O-XX--XXOOX-----OOO-----X-O------------------- X;,150455,13920341,-62.933036456083215,-6.790814529261241,-64,64,-64,-4,150455,1.0,0,1373
------------X-----OOOO----OXOX---OXOO------O-------------------- X;,1028867,92204293,10.931325428845517,63.86902874715585,-64,64,4,64,1028867,1.0,0,1887
------------X-----OOOO---XOOO----OOOOO-------------------------- X;,617036,55214151,12.180086737240615,63.78103384567513,-64,64,4,64,617036,1.0,0,400
------------X-----OOOO---XXOXX----XXO-----X--------------------- X;,501100,46133721,-62.396140490919976,-8.347898623029335,-64,64,-64,-4,501100,1.0,0,3158
------------X-----OOOOO---OOXOO--O-XO--------------------------- X;,161337,14420490,9.596682720020826,63.73678697384977,-64,64,4,64,161337,1.0,0,88
------------X-----OOOOO---OXXO---O-XOO-------------------------- X;,256298,22894519,14.432980358801084,63.64332924954545,-64,64,4,64,256298,1.0,0,182
------------X-----OOOOX---XOOX-----XXO-----X-------------------- X;,335749,31002603,-61.21029102097102,-11.38195497231563,-64,64,-64,-4,335749,1.0,0,3535
------------X-----OOX-----OOOOO--OXOO------O-------------------- X;,2704217,242872101,5.719377549952537,63.969954334286044,-64,64,4,64,2704217,1.0,0,2868
------------X-----OOX-----OOXX----OXXX---XO--------------------- X;,616251,56616181,-62.792988571215304,-8.143775831601085,-64,64,-64,-4,616251,1.0,0,2040
------------X-----OOX-----OOXX----XOO----XXO-------------------- X;,884232,81481122,-63.035929484569664,-7.123913181156077,-64,64,-64,-4,884232,1.0,0,5137
------------X-----OOX-----OOXX----XOOX---X--O------------------- X;,1006115,92688065,-63.4834467232871,-6.709904931344826,-64,64,-64,-4,1006115,1.0,0,4434
------------X-----OOX-----OXOX---OXOOO-----O-------------------- X;,1228285,110022185,11.052584701433299,63.8963123379346,-64,64,4,64,1228285,1.0,0,685
------------X-----OOX----XOOX-----OOXX----OX-------------------- X;,232962,21437295,-61.059271469166646,-11.016028365141096,-64,64,-64,-4,232962,1.0,0,1636
------------X-----OOX----XOOXX----OOX-----OX-------------------- X;,320080,29393182,-61.31787053236691,-10.69217695576106,-64,64,-64,-4,320080,1.0,0,1399
------------X-----OOX-O---OXXO---OXOO------O-------------------- X;,428088,38252410,9.928664199884135,63.87230195660705,-64,64,4,64,428088,1.0,0,119
------------X-----OOXO-----XOX----XOXX---XO--------------------- X;,1302838,119875457,-63.38861163091651,-6.582646499411285,-64,64,-64,-4,1302838,1.0,0,4862
------------X-----OOXX----OOOOO--O-XOO-------------------------- X;,1199393,107639261,6.455041841998411,63.95447030289488,-64,64,4,64,1199393,1.0,0,1809
------------X-----OOXX---XXOXX----XOO-------O------------------- X;,614154,56486020,-63.2292617161168,-6.89390608870088,-64,64,-64,-4,614154,1.0,0,2083
------------X-----OOXX--XXXOX-----XOO----X---------------------- X;,132982,12224694,-61.65935239355702,-7.387481012467853,-64,64,-64,-4,132982,1.0,0,793
------------X-----OX-X----XOXXX----OOO----XO-------------------- X;,318627,29280757,-63.43799489685431,-5.443016442423272,-64,64,-64,-4,318627,1.0,0,863
------------X-----OX-XO---XXXOX----XOO-----X-------------------- X;,337522,31053427,-62.2988486676424,-8.156529055883764,-64,64,-64,-4,337522,1.0,0,1408
------------X-----OXX------OXO----XXOO-----OOO------------------ X;,1047133,93927107,7.293711496056375,63.899808333802866,-64,64,4,64,1047133,1.0,0,751
------------X-----OXX-----XOOO----XOOX---X--O------------------- X;,1499631,139213864,-63.80131245619756,-4.895117532246266,-64,64,-64,-4,1499631,1.0,0,13233
------------X-----X-X-----XXXX----XOOO------OOO----------------- X;,475583,43714272,-63.100228561576,-8.065746673030786,-64,64,-64,-4,475583,1.0,0,1565
------------X-----X-XX----XOOO----XOOO------OO------------------ X;,214219,19694587,-63.43406513894659,-5.883296999799271,-64,64,-64,-4,214219,1.0,0,561
------------X-----X-XX---OXOX-----OOO----OX-O------------------- X;,500081,45998307,-62.780117620945404,-8.131678668055775,-64,64,-64,-4,500081,1.0,0,1874
------------X-----XOOO----XXOX----OOO------XO------------------- X;,2341941,217009732,-63.86658160901577,-4.434748783167467,-64,64,-64,-4,2341941,1.0,0,10651
------------X-----XOXX----XOX-----XOX-------OOO----------------- X;,397533,36644759,-63.56815660586668,-5.923296933839455,-64,64,-64,-4,397533,1.0,0,1866
------------X-----XXO-----XOOO----OOOX----XO-------------------- X;,1333548,123081355,-63.7380191789122,-4.987459019097925,-64,64,-64,-4,1333548,1.0,0,4323
------------X-----XXO-----XXOX----XOOX------OO------------------ X;,755540,69606783,-63.55929269132012,-5.52687614156762,-64,64,-64,-4,755540,1.0,0,2793
------------X-----XXOO----XXOO----OOO-O-----O------------------- X;,1194322,106857515,10.090756094252638,63.885684095243995,-64,64,4,64,1194322,1.0,0,338
------------X-----XXOO----XXOO----OOOO------O------------------- X;,2589995,232055486,6.681432203537073,63.96022617804282,-64,64,4,64,2589995,1.0,0,1165
------------X-----XXOO----XXOOO---OOO-------O------------------- X;,874681,78271806,12.082743308703401,63.86819194654966,-64,64,4,64,874681,1.0,0,331
------------X-----XXOOO---XXOO----OOO-------O------------------- X;,1063106,95067315,11.051500038566239,63.856691618709704,-64,64,4,64,1063106,1.0,0,155
------------X-----XXX-----OOXO----OOXX----X-O------------------- X;,1858228,171583715,-63.76647214443007,-4.753737431574597,-64,64,-64,-4,1858228,1.0,0,5417
------------X-----XXX-----XOOO----XOO------OO------O------------ X;,1373715,126769119,-63.830692683708044,-4.675272527416531,-64,64,-64,-4,1373715,1.0,0,3695
------------X-----XXX-----XXOO----XOOO------OO------------------ X;,829483,76538752,-63.53780849034881,-5.679781261339895,-64,64,-64,-4,829483,1.0,0,3330
------------X-----XXX-----XXXO-----XXO-----OOO------------------ X;,1322383,122501785,-63.609222139123084,-5.908840328407126,-64,64,-64,-4,1322383,1.0,0,12516
------------X-----XXXX----XXOX-----OOO-----O--O----------------- X;,788006,72940830,-63.58574934708619,-5.700621568871303,-64,64,-64,-4,788006,1.0,0,4980
------------X----O-XOO---OOXO----OOOOO-------------------------- X;,143843,12848850,13.303407187002495,63.63753536842252,-64,64,4,64,143843,1.0,0,25
------------X----O-XXX---OOOX----XXOO----X---------------------- X;,355691,32841426,-61.50168545169824,-9.154648276172296,-64,64,-64,-4,355691,1.0,0,3157
------------X----OO-X----XOXXX----OOO-----XO-------------------- X;,349039,32135705,-61.34141456971857,-12.76618372158985,-64,64,-64,-4,349039,1.0,0,2509
------------X----OOOO-----XXXO----XXXX-----O-------------------- X;,4614070,429206151,-63.72599462080116,-6.450886960969383,-64,64,-64,-4,4614070,1.0,0,49177
------------X----OOOX----XOOXX----XOX------X-------------------- X;,137081,12591846,-60.256840845923215,-11.006587346167594,-64,64,-64,-4,137081,1.0,0,645
------------X----OOOX----XOXXX----XOO----X---------------------- X;,582319,53645831,-61.96970045627912,-10.212831798378552,-64,64,-64,-4,582319,1.0,0,3577
------------X----OXXXO----OXOOO----OO-------O------------------- X;,543345,48561630,10.619418601441073,63.868142708592146,-64,64,4,64,543345,1.0,0,120
------------X----OXXXO----OXOOO----OO------O-------------------- X;,566795,50634629,11.905256750677053,63.84429291013506,-64,64,4,64,566795,1.0,0,111
------------X----OXXXO----OXOOO----OOO-------------------------- X;,380926,34216877,11.273034657650042,63.80064369457585,-64,64,4,64,380926,1.0,0,1403
------------X----OXXXX---OOOX-----XOO----X---------------------- X;,663140,61223894,-62.24752239346141,-8.494646680942184,-64,64,-64,-4,663140,1.0,0,5329
------------X---O--XOO---OXXO----OOOOO-------------------------- X;,552593,54979088,10.45507634009117,63.82011353744981,-64,64,4,64,552593,1.0,0,62820
------------X---X--OXX---XOOOO----XOO----X---------------------- X;,478936,44164264,-63.28989677117611,-5.928650174553594,-64,64,-64,-4,478936,1.0,0,2110
------------X-O---XOXO----OOO------OOO-----O-------O------------ X;,204538,18284052,15.651986427949819,63.6250183340015,-64,64,6,64,204538,1.0,0,4
------------X-O---XOXO----OOOO-----OO------O-------O------------ X;,686115,61323893,12.905201023152095,63.83399284376526,-64,64,4,64,686115,1.0,0,64
------------X-X----OOX----XOOX----OOO------XO------------------- X;,749101,68950344,-63.07195157929305,-6.995417173385165,-64,64,-64,-4,749101,1.0,0,2814
------------X-X---OX-X----XOXO-----XOO----XO-------------------- X;,398534,36553492,-62.79446672053074,-7.872041030376329,-64,64,-64,-4,398534,1.0,0,745
------------XO-----X-OO---XXXOX----XOO-----X-------------------- X;,43284,3980796,-59.65114129932539,-13.125311893540339,-64,64,-64,-4,43284,1.0,0,315
------------XO-----XO-----XOOO----XOOX----X-O------------------- X;,905200,83406561,-63.7015046398586,-5.727304463102077,-64,64,-64,-4,905200,1.0,0,2882
------------XO-----XXO-----XO-----OOOO----OO------O------------- X;,250490,22387427,7.172589724140685,63.765826979120924,-64,64,4,64,250490,1.0,0,60
------------XO----OOOO----OOXOO--O-XO--------------------------- X;,212893,19011233,11.04655390266472,63.645465092793096,-64,64,4,64,212893,1.0,0,60
------------XO----OOOO----XXXO-----XOO-------O------------------ X;,627535,56325782,7.723731744046149,63.84278805166246,-64,64,4,64,627535,1.0,0,355
------------XO----OOXO-----OXO-----XOO-------OO----------------- X;,499524,44701685,7.4935058175382965,63.84301454985146,-64,64,4,64,499524,1.0,0,366
------------XO----OOXO----OXXO---O-XOO-------------------------- X;,343092,30839086,12.094452799832116,63.72837023305702,-64,64,4,64,343092,1.0,0,2167
------------XO----OXX------OX-----OXOO----OO------O------------- X;,134304,12009728,9.55652847271861,63.71707469621158,-64,64,4,64,134304,1.0,0,99
------------XO----XXX-----OOOO----OOOO----O--------------------- X;,675942,60494597,7.423252290877028,63.89606504700107,-64,64,4,64,675942,1.0,0,344
------------XO----XXXO----OOOO-----OO------O-------O------------ X;,933786,83442202,9.143846662939902,63.88619233957245,-64,64,4,64,933786,1.0,0,136
------------XO----XXXO----OXO-----OOOO----O--------------------- X;,397591,35523027,10.542949915868316,63.705335382340145,-64,64,4,64,397591,1.0,0,104
------------XO---XXXO-----OOOOO---OOO--------------------------- X;,980146,87563683,15.294401038212674,63.862469468834234,-64,64,4,64,980146,1.0,0,444
------------XOX---OX-O----XOXO-----XOO-----X-------------------- X;,290773,26634407,-60.22934729152982,-13.044931957231242,-64,64,-64,-4,290773,1.0,0,872
------------XX-----XX----XXOO-----XOO-----OOO------------------- X;,689455,63428739,-63.348949532601836,-6.208535727494906,-64,64,-64,-4,689455,1.0,0,1559
------------XX-----XX----XXOXX----OOO----O--O------------------- X;,405884,37275068,-63.31897290851573,-7.2710774507002,-64,64,-64,-4,405884,1.0,0,612
------------XX-----XXX----XOOO----XOO-----XO-------------------- X;,480689,44267904,-63.5720725874734,-5.530669518129185,-64,64,-64,-4,480689,1.0,0,1641
------------XX----XXX-----XXOO-----OOO-----O-O------------------ X;,953840,87940956,-63.60577874695966,-5.927996309653611,-64,64,-64,-4,953840,1.0,0,3806
-----------O--------OO-----XOO-----OOOOO----OO------O----------- X;,82274,7340686,11.21586406398133,63.14177018256071,-64,64,4,64,82274,1.0,0,21
-----------O--------OXX---OXOO----XXOO------O-------O----------- X;,2174018,195278648,5.38813662076395,63.98472597742981,-64,64,4,64,2174018,1.0,0,742
-----------O-------O-X----OOX----OXOX-----OOO------O------------ X;,404802,36208934,6.420427764684957,63.93159124707882,-64,64,4,64,404802,1.0,0,62
-----------O-------OO-----XOXO----OOOO-----OOO------------------ X;,331631,29673303,6.41947827555325,63.94194752601536,-64,64,4,64,331631,1.0,0,270
-----------O-------OO-----XXX-----XOOOO----OOO------------------ X;,385535,34497136,6.954771940290764,63.93493716523792,-64,64,4,64,385535,1.0,0,148
-----------O-------OO-----XXX-O---XOOO-----OOO------------------ X;,462284,41406234,6.342477784219224,63.95106038712134,-64,64,4,64,462284,1.0,0,328
-----------O-------OO-----XXXO----XOOO-----OOO------------------ X;,374191,33613030,6.298489274194195,63.94773257507529,-64,64,4,64,374191,1.0,0,1129
-----------O-------OOX----OXXOO--O-XXO----X--------------------- X;,873378,78172975,7.798588927131208,63.94886063079217,-64,64,4,64,873378,1.0,0,201
-----------O-------OOX----XOXOO----OOO----XO-------------------- X;,886617,79259545,9.123037343069218,63.89309250781341,-64,64,4,64,886617,1.0,0,93
-----------O-------OOX----XOXOO---OOOO----X--------------------- X;,1371972,123577280,6.459047269186252,63.96121786742003,-64,64,4,64,1371972,1.0,0,8346
-----------O-------OOX----XOXOO---OOOOO------------------------- X;,410626,36744029,9.307715536765816,63.76119388445934,-64,64,4,64,410626,1.0,0,763
-----------O-------OOX----XXOXX---XXOO----X--------------------- X;,820468,75731693,-63.3018911158022,-6.555409839262469,-64,64,-64,-4,820468,1.0,0,5035
-----------O-------OXX-----OX-----XOOOO----OOO------------------ X;,851072,76146973,6.742637520679802,63.946683711836364,-64,64,4,64,851072,1.0,0,172
-----------O-------OXX-----OX-O---XOOO-----OOO------------------ X;,962784,86177766,6.43061164290225,63.946874896134545,-64,64,4,64,962784,1.0,0,216
-----------O-------OXX----OOOX---XOXX-----OX-------------------- X;,1097149,101497256,-63.489529681018716,-6.116640492768075,-64,64,-64,-4,1097149,1.0,0,7686
-----------O-------OXX----OOXX---XOXX-----OX-------------------- X;,1452451,134013009,-63.47087922415283,-6.180620206809042,-64,64,-64,-4,1452451,1.0,0,7396
-----------O-------OXX----XOX-----OOOO------OOO----------------- X;,1047580,93697067,8.305677847992516,63.906529334275184,-64,64,4,64,1047580,1.0,0,242
-----------O-------OXX---OOOO-----XOO-------OO--------O--------- X;,1299436,116398985,7.255012174512634,63.942752086289744,-64,64,4,64,1299436,1.0,0,45
-----------O-------OXX---OOOO-----XOO-------OOO----------------- X;,1636305,146319665,7.75386006887469,63.949418965290704,-64,64,4,64,1636305,1.0,0,106
-----------O-------OXX---X-OOX---OOOX-----OX-------------------- X;,487986,45007798,-63.446807900226645,-7.20799777042784,-64,64,-64,-4,487986,1.0,0,3071
-----------O-------OXX---XXOO-----OOO-----OOO------------------- X;,1484805,132911768,8.068685113533427,63.949003404487456,-64,64,4,64,1484805,1.0,0,1411
-----------O-------OXXX----XOX----XOX----XOX-------------------- X;,75235,6904424,-62.9097361600319,-5.952495514055958,-64,64,-64,-4,75235,1.0,0,141
-----------O-------OXXX---OOXX----XXO----XX--------------------- X;,1019022,93898767,-63.519348944380006,-5.283424695443278,-64,64,-64,-4,1019022,1.0,0,3639
-----------O-------XO------XXO----OXXO----OOOO------------------ X;,311593,27975817,9.525361609535516,63.764115368445374,-64,64,4,64,311593,1.0,0,1780
-----------O------OO------XOX----XXOO----O-OOO------------------ X;,1146205,102504129,7.782836403610174,63.83941267050833,-64,64,4,64,1146205,1.0,0,351
-----------O------OO-----XXOX-----OOO------OOO------O----------- X;,619694,55472613,7.4283404389908565,63.89473514347404,-64,64,4,64,619694,1.0,0,202
-----------O------OO-----XXOX-----OOO----OOOO------------------- X;,463755,41690442,8.695712175609966,63.83891494431327,-64,64,4,64,463755,1.0,0,1336
-----------O------OOO-----XOXO-----OOO-----OOO------------------ X;,518798,46382758,6.637766529554856,63.938631220629226,-64,64,4,64,518798,1.0,0,65
-----------O------OOO-----XXXO----XOO------OOO------------------ X;,331350,29649646,6.884074241738343,63.88173834314169,-64,64,4,64,331350,1.0,0,513
-----------O------OOO----OXXXO----XOOOO------------------------- X;,77796,6944426,6.841791351740449,63.845107717620444,-64,64,4,64,77796,1.0,0,3
-----------O------OOOO---OOXXX---OXXX--------------------------- X;,771884,69146951,11.106902073368538,63.82200434262143,-64,64,4,64,771884,1.0,0,1090
-----------O------OOOO---OXOXX----XXO--------O------------------ X;,872121,78654467,5.38053320582809,63.96821083312981,-64,64,4,64,872121,1.0,0,4674
-----------O------OOOO---OXXOX----XXO-------O------------------- X;,1099794,98575419,6.47107549231947,63.92967773964943,-64,64,4,64,1099794,1.0,0,504
-----------O------OOOOO--OXXXO----OOO--------------------------- X;,446,39842,17.170403587443946,56.417040358744394,-64,64,6,64,446,1.0,0,2
-----------O------OOOX----XOXX----XXOO----X--------------------- X;,2692557,249315564,-63.6687728430633,-5.223281809818697,-64,64,-64,-4,2692557,1.0,0,14491
-----------O------OOX----OOOOOO---XOOO-------------------------- X;,1481868,132663141,5.737755319637107,63.974061117454454,-64,64,4,64,1481868,1.0,0,133
-----------O------OOX----OXXX-----OOO------OOO------------------ X;,82806,7392622,9.751322367944352,63.55532207811028,-64,64,4,64,82806,1.0,0,34
-----------O------OOX----OXXX-----OOOOO----O-------------------- X;,121842,10877729,18.49111143940513,63.32118645458873,-64,64,6,64,121842,1.0,0,55
-----------O------OOX----OXXXX---OXOOO-------------------------- X;,301075,26915031,13.22287137756373,63.710391098563484,-64,64,4,64,301075,1.0,0,194
-----------O------OOX-O--OXXXO----XOOO-------------------------- X;,312645,27954836,7.580425082761598,63.88113035551504,-64,64,4,64,312645,1.0,0,127
-----------O------OOXX----OOXX----XXO-----X-O------------------- X;,1715273,158413896,-63.69790115042912,-4.716376926588362,-64,64,-64,-4,1715273,1.0,0,5008
-----------O------OOXX--XXOOX-----OXO-----X--------------------- X;,1394110,128758391,-63.37824992288987,-5.733967907840845,-64,64,-64,-4,1394110,1.0,0,6216
-----------O------OX-X---OOXOO-----XO-----O-O-------O----------- X;,616282,55080825,9.408725226438547,63.92250950052087,-64,64,4,64,616282,1.0,0,90
-----------O------OXO----OOOXX----OXO--------O--------O--------- X;,408753,36524210,6.996161496062414,63.929532015667164,-64,64,4,64,408753,1.0,0,34
-----------O------OXOX---O-XXXX----XO-------O-------O----------- X;,633687,56753254,9.302561043543578,63.91351881922779,-64,64,4,64,633687,1.0,0,654
-----------O------OXOX---OXXXO----OOO-O------------------------- X;,29076,2594963,20.89744118860916,63.31111569679461,-64,64,8,64,29076,1.0,0,11
-----------O------OXX----OOXO-----OOO-----OOO------------------- X;,204945,18304460,8.076059430578935,63.74752250603821,-64,64,4,64,204945,1.0,0,59
-----------O------OXXO---OXXX------OOOO----O-------------------- X;,70284,6272463,17.563314552387457,63.541232712993,-64,64,4,64,70284,1.0,0,8
-----------O------OXXX-----OXO-----XOO------OO------O----------- X;,612688,54783342,8.441340453868854,63.86694696158567,-64,64,4,64,612688,1.0,0,263
-----------O------OXXX---O-OXOO----XO-----XO-------------------- X;,214287,19181437,7.062612290992921,63.918184490893054,-64,64,4,64,214287,1.0,0,91
-----------O------XO-O----XXX------OOOO---OO-----O-------------- X;,154727,13833465,10.733356169252943,63.71397364390184,-64,64,4,64,154727,1.0,0,23
-----------O------XO-O----XXX------OOOO--OOO-------------------- X;,133281,11894908,11.966251753813372,63.61017699447033,-64,64,4,64,133281,1.0,0,33
-----------O------XO-O---XXXX----O-OOOO----O-------------------- X;,175856,15714428,7.551553543808571,63.90826585388045,-64,64,4,64,175856,1.0,0,69
-----------O------XO-OO---XXXO-----OOO-----O--O----------------- X;,46630,4163124,16.79146472228179,62.972850096504395,-64,64,4,64,46630,1.0,0,12
-----------O------XO-X----XOOO----XOO-----O-O----O-------------- X;,745196,66616332,10.366657899398279,63.897860428665744,-64,64,4,64,745196,1.0,0,146
-----------O------XOO-----OOOO-----OOO-----OOO------------------ X;,425999,38070477,9.166275038204315,63.871342420991596,-64,64,4,64,425999,1.0,0,332
-----------O------XOO-----XXXO----XOOOO----O-------------------- X;,417013,37278984,7.367636020939395,63.94455328730759,-64,64,4,64,417013,1.0,0,54
-----------O------XOO-----XXXO---OXOOOO------------------------- X;,232061,20744851,7.376922447115198,63.90786043324815,-64,64,4,64,232061,1.0,0,46
-----------O------XOO-X---OOOX----OXXX----X--------------------- X;,1055276,97312498,-63.287826123213264,-7.005674344910715,-64,64,-64,-4,1055276,1.0,0,5274
-----------O------XOOO----XOXO-----OOOO----O-------------------- X;,87124,7783587,14.2515954272072,63.54501629860888,-64,64,4,64,87124,1.0,0,10
-----------O------XOOO----XXXXO----OOO-O------------------------ X;,660633,59015808,15.692824911864832,63.72486085315145,-64,64,4,64,660633,1.0,0,201
-----------O------XOOO-O--XXXXO----OOO-------------------------- X;,449670,40208116,12.893944448150867,63.80308226032424,-64,64,4,64,449670,1.0,0,139
-----------O------XOOX---XXXXO-----OO------O-------O------------ X;,527218,47137889,12.852865418100292,63.82480491940715,-64,64,4,64,527218,1.0,0,118
-----------O------XOX------OO-----XOXXX--XOX-------------------- X;,45485,4174547,-62.830955259975816,-5.608398373090029,-64,64,-64,-4,45485,1.0,0,92
-----------O------XOX-----OOO-----OXXXX---XX-------------------- X;,683237,62832019,-62.6079471691375,-8.512041941522488,-64,64,-64,-4,683237,1.0,0,2903
-----------O------XOX-----OXX----OOOOOO----O-------------------- X;,255882,22846330,13.379557764907261,63.631384778921536,-64,64,4,64,255882,1.0,0,42
-----------O------XOX-----XOX-----XOXX----XOO------------------- X;,1658085,153841593,-63.65785107518613,-5.27895976382393,-64,64,-64,-4,1658085,1.0,0,15944
-----------O------XOX----XXOX----O-OOOO----O-------------------- X;,332621,29703049,10.163116580131742,63.815189059019126,-64,64,4,64,332621,1.0,0,23
-----------O------XOX---OOOOO----OXOOO-------------------------- X;,263469,23622034,11.278806994371255,63.68006103184815,-64,64,4,64,263469,1.0,0,245
-----------O------XOX-O---XXXO---OXOOO-------------------------- X;,459012,41236687,9.806449504588116,63.891357960140475,-64,64,4,64,459012,1.0,0,1718
-----------O------XOXX-----OX-----OOOO----XO-------O------------ X;,3826234,342557400,8.566478683739676,63.95468442337818,-64,64,4,64,3826234,1.0,0,348
-----------O------XOXX-----OX-----XOOO---X---O-------O---------- X;,2246501,201746864,6.475665935603857,63.9915032310246,-64,64,4,64,2246501,1.0,0,2774
-----------O------XOXX----XOX------OOO----OO-----O-------------- X;,1241188,111023281,9.02638762218133,63.92207304614611,-64,64,4,64,1241188,1.0,0,51
-----------O------XOXX----XOX------OOO---OOO-------------------- X;,753660,67710258,11.118865270811773,63.84154658599368,-64,64,4,64,753660,1.0,0,3944
-----------O------XOXX----XXX-----OOOO-------O--------O--------- X;,655017,58653562,10.017416341865935,63.85150614411534,-64,64,4,64,655017,1.0,0,53
-----------O------XOXX----XXX-----OOOO-------O-------O---------- X;,617192,55253889,9.740116527757975,63.85518930899947,-64,64,4,64,617192,1.0,0,379
-----------O------XOXX---XXOO------OOO-----O-------O------------ X;,1723466,154231129,9.105474665586673,63.93295603162464,-64,64,4,64,1723466,1.0,0,311
-----------O------XOXX---XXOX------OO------O-O-----O------------ X;,990579,88629699,11.700688183375581,63.917325119955095,-64,64,4,64,990579,1.0,0,264
-----------O------XOXX---XXOX------OOO-----O-------O------------ X;,1498768,134233309,7.7997848899896445,63.956799184396786,-64,64,4,64,1498768,1.0,0,136
-----------O------XOXX---XXXO------OOO-----O-------O------------ X;,1067191,95521918,11.447081169162784,63.935668497953976,-64,64,4,64,1067191,1.0,0,1055
-----------O------XOXXX---XOOX----XOO----X---------------------- X;,529969,48784023,-63.180159594240415,-5.923625721504465,-64,64,-64,-4,529969,1.0,0,1726
-----------O------XXOO----XXXO-----OOOO----O-------------------- X;,126758,11396766,19.540242036005615,63.18908471260197,-64,64,8,64,126758,1.0,0,987
-----------O------XXOOO----XXOX----XO-------O-------O----------- X;,1263354,113046230,10.142862570585917,63.92409570080912,-64,64,4,64,1263354,1.0,0,526
-----------O------XXOOO---XXXO----OOO-O------------------------- X;,37467,3346250,16.738463180932555,62.917020311207196,-64,64,4,64,37467,1.0,0,43
-----------O------XXOX-----XXOX----XO-O-----O-------O----------- X;,1218395,109084670,8.198654787650968,63.941872709589255,-64,64,4,64,1218395,1.0,0,394
-----------O------XXXO----OXXO----OOOO----O--------------------- X;,158922,14304968,11.119014359245416,63.60549200236594,-64,64,4,64,158922,1.0,0,1168
-----------O------XXXX-----OXOO----XO----OOO-------------------- X;,203636,18208944,6.846510440197215,63.92791058555462,-64,64,4,64,203636,1.0,0,129
-----------O------XXXX-----OXOO---OOO-----XO-------------------- X;,918358,82331934,7.539978962452551,63.948677966544636,-64,64,4,64,918358,1.0,0,799
-----------O------XXXX----OOOO----OOO-----O--O------------------ X;,380538,34074908,8.920149893046162,63.884910311191,-64,64,4,64,380538,1.0,0,196
-----------O------XXXX----OOOO----OOO-----O-O------------------- X;,326460,29399455,11.950983275133247,63.8017950131716,-64,64,4,64,326460,1.0,0,2511
-----------O------XXXX----OOOO----OOO-----OO-------------------- X;,532873,47742911,10.003186500348113,63.85869803874469,-64,64,4,64,532873,1.0,0,341
-----------O------XXXX----OOOO----OOOO----O--------------------- X;,543365,48638857,8.560323171348909,63.925273066907145,-64,64,4,64,543365,1.0,0,145
-----------O------XXXXO----OOOOO--OOO--------------------------- X;,187456,16729307,20.62654702970297,63.305362325025605,-64,64,10,64,187456,1.0,0,198
-----------O-----OOOO----XXOX-----OOO--------O--------O--------- X;,262173,23451705,10.669473973292444,63.71350215315841,-64,64,4,64,262173,1.0,0,37
-----------O-----OOOOO----OXX------OOOO----O-------------------- X;,62422,5573638,9.998686360578,63.640575438146804,-64,64,4,64,62422,1.0,0,9
-----------O-----OOOOOO---OXXO----OOO--------------------------- X;,167,14895,23.34131736526946,48.89820359281437,-64,64,22,64,167,1.0,0,0
-----------O-----OOOOX-----XXOO----XXO----X--------------------- X;,1185525,106357735,7.805286265578541,63.96577212627317,-64,64,4,64,1185525,1.0,0,811
-----------O-----OOOOX-----XXXX----XO-------O-------O----------- X;,214730,19291949,9.113696269734085,63.94281190332045,-64,64,4,64,214730,1.0,0,804
-----------O-----OOOX-----OXX-----XOO------OOO------------------ X;,548343,49049915,6.785665176723328,63.89197272510089,-64,64,4,64,548343,1.0,0,173
-----------O-----OOOX-----OXX-----XOOOO----O-------------------- X;,765764,68471482,6.36708176409442,63.93153765389859,-64,64,4,64,765764,1.0,0,250
-----------O-----OOOX-----OXXX---OXOOO-------------------------- X;,821902,73995627,6.001735000036501,63.94125090339237,-64,64,4,64,821902,1.0,0,4778
-----------O-----OOOX----OOXO----OXOOO-------------------------- X;,33967,3026486,23.23502222745606,61.53813995937233,-64,64,12,64,33967,1.0,0,13
-----------O-----OOOX----OOXXX----XOOO-------------------------- X;,299570,26783555,19.25099976633174,63.40894615615716,-64,64,4,64,299570,1.0,0,562
-----------O-----OX-OX----OXOO----XOO------O-------O------------ X;,385720,34470884,11.723612983511355,63.68717204189568,-64,64,4,64,385720,1.0,0,108
-----------O-----OXOO----XXXXO-----OOOO------------------------- X;,188627,16822706,20.568815705068733,63.561080863291046,-64,64,8,64,188627,1.0,0,20
-----------O-----OXOX----XXOX------OOOO----O-------------------- X;,201662,17988042,19.059376580615087,63.29525641915681,-64,64,6,64,201662,1.0,0,56
-----------O-----OXOX---XXXOO----O-OOO-------------------------- X;,7008,622139,35.20804794520548,61.30821917808219,-64,64,36,64,7008,1.0,0,2
-----------O-----OXOX-O--XXXXO-----OOO-------------------------- X;,96707,8632450,24.728654595841046,62.9344928495352,-64,64,12,64,96707,1.0,0,176
-----------O-----OXXX----OXXO----OOOO-------O------------------- X;,46876,4178384,22.57590238074921,63.10606707056916,-64,64,10,64,46876,1.0,0,10
-----------O-----OXXX---OOOOO-----XOO-------O------------------- X;,324109,28949170,13.90562434242801,63.47850877328306,-64,64,4,64,324109,1.0,0,117
-----------O-----XXO------XOX-----OOO-----OOO-----O------------- X;,526610,47226245,9.897449725603387,63.815009209851695,-64,64,4,64,526610,1.0,0,1498
-----------O-----XXO------XOX----OOOO------OOO------------------ X;,393790,35179541,11.943248939790244,63.754132913481804,-64,64,4,64,393790,1.0,0,119
-----------O-----XXOX-----OOOX-----OO-X----XO------------------- X;,665049,61682289,-63.66372101905273,-5.4899984813149105,-64,64,-64,-4,665049,1.0,0,5915
-----------O-----XXOXX----OOO------OOX-----XO------------------- X;,2205644,204107473,-63.74077321634861,-5.03931187444574,-64,64,-64,-4,2205644,1.0,0,7396
-----------O----X-OOXX---XOOX-----XOO----X---------------------- X;,525078,48784096,-62.69571758862493,-6.876445023406046,-64,64,-64,-4,525078,1.0,0,6760
-----------O----XXOOX----OXOO----O-OOO-------------------------- X;,8651,769758,37.121257658074214,59.29511039186221,-64,64,64,64,8651,1.0,0,5
-----------O--O----OOO----XOXO----OOOO-------O------------------ X;,98969,8837631,20.312703978013317,63.12578686255292,-64,64,8,64,98969,1.0,0,15
-----------O--O---OXXO---OXXOX----OOO--------------------------- X;,92146,8217500,29.38608295531005,63.16871052460226,-64,64,18,64,92146,1.0,0,23
-----------O--O---OXXO---OXXXX----OOO--------------------------- X;,41937,3740308,32.359110093712,62.536137539642795,-64,64,22,64,41937,1.0,0,7
-----------O--O---XOXO-----OXX----OOOO----X--------------------- X;,1589503,142222697,10.447751278229736,63.920960199508905,-64,64,4,64,1589503,1.0,0,50
-----------O--O---XXOO----XXOO----OOO-O------------------------- X;,62171,5552763,28.438468096057647,62.800051470943046,-64,64,16,64,62171,1.0,0,14
-----------O--O---XXOO----XXXO----OOO-O------------------------- X;,37627,3358639,31.510564222499802,62.130969782337154,-64,64,22,64,37627,1.0,0,4
-----------O--O---XXOXX----XOO-----XO-------O-------O----------- X;,644531,57569209,18.24952407254267,63.79995997089357,-64,64,6,64,644531,1.0,0,20
-----------O--O---XXXO----XXOO-----OOOO------------------------- X;,148218,13234146,21.087290342603463,63.47844391369469,-64,64,10,64,148218,1.0,0,236
-----------O--O---XXXO----XXXO----OOOO-------------------------- X;,206941,18459552,25.63967507647107,63.11988441149893,-64,64,12,64,206941,1.0,0,26
-----------O--O---XXXOO---XXOO----OOO--------------------------- X;,221617,19840901,25.551135517582136,63.18493617366899,-64,64,14,64,221617,1.0,0,755
-----------O--O---XXXOO---XXXO----OOO--------------------------- X;,142867,12739115,32.93822926218091,62.87736146205912,-64,64,22,64,142867,1.0,0,21
-----------O--X----OXX----OOX-----OOXX---XO--------------------- X;,1183985,108905451,-63.43343032217469,-6.477894567921046,-64,64,-64,-4,1183985,1.0,0,2683
-----------O--X--XXOOX-----OO-----XXO----X-X-------------------- X;,96690,8860509,-60.51227634708864,-12.447657461991932,-64,64,-64,-4,96690,1.0,0,229
-----------O-O-----XXO-----XXO-----XOO------OO------O----------- X;,540552,48373252,11.480871405526203,63.8561803489766,-64,64,4,64,540552,1.0,0,241
-----------O-O----XOOX-----OXOO----XO-----XO-------------------- X;,441183,39501425,9.299601299234105,63.917000428393656,-64,64,4,64,441183,1.0,0,117
-----------O-O----XXOO----XXXO----OOO-O------------------------- X;,21058,1876329,20.663785734637667,62.47440402697312,-64,64,10,64,21058,1.0,0,13
-----------O-O----XXOOO---XOXO----OOO--------------------------- X;,17095,1523943,22.75706346885054,61.59496928926587,-64,64,12,64,17095,1.0,0,4
-----------O-O----XXXO----XXXO-----OOOO------------------------- X;,209874,18772628,14.799336744904085,63.63104529384297,-64,64,4,64,209874,1.0,0,402
-----------O-X-----OOO----OOO----XXXXX----X--------------------- X;,473230,43585522,-62.887052807303,-7.447904824292627,-64,64,-64,-4,473230,1.0,0,2139
-----------O-X-----OOX-----XOO---XXXOO----X--------------------- X;,331364,30546208,-63.1581101145568,-6.0753370915368,-64,64,-64,-4,331364,1.0,0,1405
-----------O-X-----OOX----OOOO---XXXO-----X--------------------- X;,426421,39311943,-63.22978933964322,-6.177918066886949,-64,64,-64,-4,426421,1.0,0,2176
-----------O-X----OOOO----XXXX----XXO-----X--------------------- X;,1899784,176093133,-63.44261137055581,-6.386546049445621,-64,64,-64,-4,1899784,1.0,0,16900
-----------O-X----OOOX----XOOO----XXO-----X--------------------- X;,476694,44043181,-62.90681653219885,-6.360617083495911,-64,64,-64,-4,476694,1.0,0,3302
-----------O-X----OOX------OO----XXXOX----X-O------------------- X;,528268,48676326,-63.68710200125694,-4.996532063270916,-64,64,-64,-4,528268,1.0,0,1339
-----------O-X----OOX-----XOO-----XXOX----X-O------------------- X;,1246909,115345006,-63.619760543872886,-4.915587264186882,-64,64,-64,-4,1246909,1.0,0,6851
-----------O-X----OOX-----XOX-----XOOX----X-O------------------- X;,1565718,144788159,-63.77090766025555,-4.865611815154453,-64,64,-64,-4,1565718,1.0,0,5256
-----------O-X----OOX----OOOO-----XXXX----X--------------------- X;,872210,80474184,-62.743011430733425,-7.147563086871281,-64,64,-64,-4,872210,1.0,0,4430
-----------O-X----OOXX----XOOO----XXO-----X--------------------- X;,644230,59573949,-62.618881455380844,-6.810648370923428,-64,64,-64,-4,644230,1.0,0,5512
-----------OO------XOX-----XOO-----XOO------OO------O----------- X;,330953,29702503,13.069221309370212,63.61800013899254,-64,64,4,64,330953,1.0,0,1414
-----------OO-----OOO----OXXOX----XOOO-------------------------- X;,557066,49745066,16.56006649122366,63.68393691232278,-64,64,4,64,557066,1.0,0,178
-----------OO-----OOXX---OXOO-----XOOO-------------------------- X;,336153,30029680,13.672518168810036,63.58699758740811,-64,64,4,64,336153,1.0,0,105
-----------OO-----OXOX----XXXO-----XOO-------O------------------ X;,292187,26304950,11.409782091605718,63.58486859442754,-64,64,4,64,292187,1.0,0,1890
-----------OO-----OXOX---OXXOX----OOO--------------------------- X;,138180,12322985,24.055536257056016,63.39410913301491,-64,64,12,64,138180,1.0,0,55
-----------OO-----XOO-----XXOX---OXOOO-------------------------- X;,763365,68253772,12.55059899261821,63.89506985518068,-64,64,4,64,763365,1.0,0,302
-----------OO-----XOOOO---XXXO-----OOO-------------------------- X;,45189,4036213,18.23514572130386,62.7892628737082,-64,64,4,64,45189,1.0,0,21
-----------OO-----XOOX-----OXX----OOOO----X--------------------- X;,4034970,362974967,5.031324148630597,63.994395497364295,-64,64,4,64,4034970,1.0,0,2092
-----------OO-----XOOX----OOOO-----XOO-------O------------------ X;,1305097,117095850,8.80390806200612,63.88724363016696,-64,64,4,64,1305097,1.0,0,3291
-----------OO-----XOOX----XXXO-----OOOO------------------------- X;,218627,19533645,19.22938154939692,63.41704364053845,-64,64,6,64,218627,1.0,0,187
-----------OO-----XOXO----XXXXO----OOO-------------------------- X;,57651,5137759,20.395309708417894,63.53967840974138,-64,64,8,64,57651,1.0,0,14
-----------OO-----XOXX----XOO------OOOO----O-------------------- X;,157371,14049648,21.08763368091961,63.24038101047842,-64,64,10,64,157371,1.0,0,40
-----------OO-----XXOO----XXO------OOOO----O-------------------- X;,184988,16507494,18.638290051246567,63.4447531731788,-64,64,6,64,184988,1.0,0,44
-----------OO-----XXOO----XXXXO---OOO--------------------------- X;,895852,80655825,6.459035644280529,63.948866553850415,-64,64,4,64,895852,1.0,0,4948
-----------OO-----XXOOO---XXXO----OOO--------------------------- X;,22461,2002478,18.42393482035528,62.91785761987445,-64,64,6,64,22461,1.0,0,9
-----------OO-----XXOX----XOXO----OOO-O------------------------- X;,245278,21942595,14.171063038674484,63.75107429121242,-64,64,4,64,245278,1.0,0,527
-----------OO-----XXOX----XXOO-----OOOO------------------------- X;,183480,16398097,19.727447133202528,63.314639197732724,-64,64,6,64,183480,1.0,0,165
-----------OO-----XXOX----XXXO----OOO-O------------------------- X;,366569,32715763,15.319184109949287,63.74128745202131,-64,64,4,64,366569,1.0,0,61
-----------OO-----XXOXO---XXOO----OOO--------------------------- X;,188606,16829585,23.586948453389606,63.27458299311793,-64,64,12,64,188606,1.0,0,149
-----------OO-----XXXO----XOOOO---OOO--------------------------- X;,152683,13623808,19.206499741294053,63.037050621221745,-64,64,8,64,152683,1.0,0,104
-----------OO-----XXXO----XXOOO----OOO-------------------------- X;,71863,6413911,14.90060253537982,63.42732699720301,-64,64,4,64,71863,1.0,0,30
-----------OO-----XXXXO---XOXO----OOO--------------------------- X;,119408,10645406,21.01914444593327,63.51375117245076,-64,64,10,64,119408,1.0,0,64
-----------OO-----XXXXO---XXOO-----OOO-------------------------- X;,154787,13822450,18.07405014633012,63.42081699367518,-64,64,4,64,154787,1.0,0,219
-----------OO----OXOO----XXXOX-----OOO-------------------------- X;,275920,24617112,21.11377935633517,63.4449115685706,-64,64,10,64,275920,1.0,0,146
-----------OO----OXOXX---XXOO------OOO-------------------------- X;,455395,40697086,14.111476849767785,63.704805718112844,-64,64,4,64,455395,1.0,0,171
-----------OO-O---XOXO----XXOX-----OOO-------------------------- X;,267479,23874018,21.684992092837195,63.33170828364096,-64,64,10,64,267479,1.0,0,15
-----------OO-O---XXOO----XXOX----OOO--------------------------- X;,133000,11866956,27.752135338345866,62.88368421052632,-64,64,14,64,133000,1.0,0,17
-----------OO-O---XXXO----XOOX----OOO--------------------------- X;,140702,12539626,31.112706287046382,62.82759306903953,-64,64,20,64,140702,1.0,0,51
-----------OO-O---XXXO----XXOX-----OOO-------------------------- X;,104513,9314187,24.61217264837867,62.97878732789222,-64,64,12,64,104513,1.0,0,37
-----------OOO-----OOO----XOXO----OOOO-------------------------- X;,7170,638836,18.36596931659693,61.50627615062761,-64,64,4,64,7170,1.0,0,4
-----------OOO-----OXX----OOOO-----XOO-------O------------------ X;,190406,16991834,14.004663718580296,63.29550539373759,-64,64,4,64,190406,1.0,0,52
-----------OOO-----XXO-----XXOO----XOO-------O------------------ X;,55776,4978603,14.899526678141136,63.34860872059667,-64,64,4,64,55776,1.0,0,51
-----------OOO----OXO-----XXXO-----XOO-------O------------------ X;,345792,30894576,12.746194243938552,63.69457940033315,-64,64,4,64,345792,1.0,0,229
-----------OOO----OXX------XXO----XXOO-------O------------------ X;,165519,14841306,8.372066046798253,63.775131555893886,-64,64,4,64,165519,1.0,0,355
-----------OOO----OXXX-----OXO-----XOO-------O------------------ X;,39785,3547733,16.11657659922081,63.11609903229861,-64,64,4,64,39785,1.0,0,4
-----------OOO----XOXO----XXXO-----OOO-------------------------- X;,58065,5179610,13.741117712907949,63.26895720313442,-64,64,4,64,58065,1.0,0,18
-----------OOO----XXX-O---XXXO-----OOO-------------------------- X;,275739,24647465,11.058203591077069,63.83820206789754,-64,64,4,64,275739,1.0,0,103
-----------OOO----XXXO-----OOOO---OOO--------------------------- X;,29568,2637124,21.38088474025974,61.241815476190474,-64,64,12,64,29568,1.0,0,19
-----------OOO----XXXO----XXOO-----OOO-------------------------- X;,109447,9869551,11.688817418476523,63.639314005865856,-64,64,4,64,109447,1.0,0,1098
-----------OOOO----XXX-----XXO-----XOO-------O------------------ X;,25891,2306960,25.269166891970183,62.25599629214785,-64,64,14,64,25891,1.0,0,8
-----------OOX-----OXX----OOOO-----XOO-------O------------------ X;,766601,68557766,10.709978202480821,63.77823143982332,-64,64,4,64,766601,1.0,0,189
-----------OOX-----XOX-----XOO---XXXO-----X--------------------- X;,435654,40281359,-62.89485233694629,-6.806741129428399,-64,64,-64,-4,435654,1.0,0,3840
-----------OOX-----XOX----XXOO----XXO-----X--------------------- X;,344535,31861800,-62.53640994383735,-6.766900314917208,-64,64,-64,-4,344535,1.0,0,3228
-----------OOX-----XXO-----XXOO----XOO-------O------------------ X;,185164,16981797,14.723283143591626,63.55106824220691,-64,64,4,64,185164,1.0,0,5013
-----------OOX----OXXX-----OXO-----XOO-------O------------------ X;,148977,13393647,15.920202447357646,63.62851983863281,-64,64,4,64,148977,1.0,0,927
-----------OX-------X-----XXXO----OXOO------OO------O----------- X;,279633,25467511,6.42388416245579,63.90762177568456,-64,64,4,64,279633,1.0,0,4351
-----------OX-------X-----XXXO----OXOO------OO-----O------------ X;,396142,35577128,6.910537130624877,63.914596281131516,-64,64,4,64,396142,1.0,0,468
-----------OX-------X-----XXXO----OXOO-----OOO------------------ X;,334243,30186499,7.133971392071038,63.865636677507084,-64,64,4,64,334243,1.0,0,1840
-----------OX-------XX----OOXO-----XO------OOO----O------------- X;,246327,22032191,6.173752775781786,63.92492093842738,-64,64,4,64,246327,1.0,0,48
-----------OX-------XX----OOXOO----XO------O-O----O------------- X;,35253,3145605,10.33659546705245,63.676850197146344,-64,64,4,64,35253,1.0,0,6
-----------OX------OO------OOO----XOXXX--X--X------------------- X;,602724,55532398,-63.23493672062171,-6.757517537048467,-64,64,-64,-4,602724,1.0,0,2180
-----------OX------OO------OOO---XXXOX-----XO------------------- X;,1576317,145799245,-63.653367945660676,-5.3583384560339065,-64,64,-64,-4,1576317,1.0,0,6834
-----------OX------OO------OOO---XXXOX----X-O------------------- X;,1056621,98038715,-63.69019922943042,-5.005079399330508,-64,64,-64,-4,1056621,1.0,0,9271
-----------OX------OO------OXO----XOOO-----OOO------------------ X;,1473073,132749903,4.809962574835056,63.98198867265913,-64,64,4,64,1473073,1.0,0,6200
-----------OX------OO----X-OOO----XXOX-----XO------------------- X;,1792678,165693431,-63.68958954145697,-5.175858687393943,-64,64,-64,-4,1792678,1.0,0,5967
-----------OX------OOO---XXOO----OOOOO-------------------------- X;,704445,63089824,9.847843337662983,63.82849193336598,-64,64,4,64,704445,1.0,0,1274
-----------OX------OOOO---OOXO-----XOO-------O------------------ X;,742539,66598385,11.510689674212399,63.73808244415445,-64,64,4,64,742539,1.0,0,2701
-----------OX------OX------OX-X---XOOX---X--XO------------------ X;,401197,36864905,-63.5922950570418,-5.616053958529101,-64,64,-64,-4,401197,1.0,0,667
-----------OX------OX-----OOOO----XOOO-----O-O------------------ X;,1002387,89976182,6.397734607491917,63.9653467173856,-64,64,4,64,1002387,1.0,0,1494
-----------OX------OX-----OOX-----XXXXX--X--X------------------- X;,177413,16310353,-63.1585734979962,-6.449561193373653,-64,64,-64,-4,177413,1.0,0,704
-----------OX------XO-----XOO-----XOOX----XOO------------------- X;,1316653,122135252,-63.6890570256552,-5.015597883421068,-64,64,-64,-4,1316653,1.0,0,10704
-----------OX------XO-----XXOO----OXOX-----XO------------------- X;,6432504,596631947,-63.879117991998136,-4.441972830487163,-64,64,-64,-4,6432504,1.0,0,21471
-----------OX------XOO----XXOX----XOO-----XO-------------------- X;,2252154,208273316,-63.45799443554925,-5.99937393268844,-64,64,-64,-4,2252154,1.0,0,15128
-----------OX------XX------XXO----OXOO-----O-O------O----------- X;,120135,10852012,6.576235068880842,63.85669455196238,-64,64,4,64,120135,1.0,0,1007
-----------OX------XX------XXO----OXOO-----O-O----O------------- X;,249753,22384195,5.799970370726277,63.920449404011165,-64,64,4,64,249753,1.0,0,282
-----------OX------XX-----OXOO----OOOO----O--O------------------ X;,172250,15416575,10.273706821480406,63.71361393323657,-64,64,4,64,172250,1.0,0,116
-----------OX------XX-----OXOO----XOOO------OO------------------ X;,468479,42061391,11.163262387428253,63.782295471088354,-64,64,4,64,468479,1.0,0,2052
-----------OX------XX-----OXOO---OOOOO-------O------------------ X;,988560,88566023,5.950352027191066,63.93775188152464,-64,64,4,64,988560,1.0,0,503
-----------OX------XXX----OXXO-----XO------OO-----O------------- X;,432961,38817090,5.228683414903421,63.973891412852424,-64,64,4,64,432961,1.0,0,66
-----------OX------XXX----XOX----OOOO-----XO-------------------- X;,1513367,139752738,-63.59847677397485,-5.645698630933541,-64,64,-64,-4,1513367,1.0,0,7228
-----------OX-----OO-X----XOXX-----XOO-----XO------------------- X;,317063,29418596,-63.261358152796134,-6.252877188445199,-64,64,-64,-4,317063,1.0,0,3874
-----------OX-----OO-X----XOXX-----XOO----XO-------------------- X;,675439,62262049,-63.54446219421739,-5.5441927398329085,-64,64,-64,-4,675439,1.0,0,2838
-----------OX-----OOO-----XOX-----XXXX----XO-------------------- X;,430171,39616684,-62.37602720778481,-9.254152418456846,-64,64,-64,-4,430171,1.0,0,2390
-----------OX-----OOO-----XXXO----XXXX----X--------------------- X;,553352,51100971,-62.31930127658344,-8.54913689658662,-64,64,-64,-4,553352,1.0,0,4831
-----------OX-----OOOX----OOXOO--O-XO--------------------------- X;,1239313,111699789,8.974273649998024,63.8770689890286,-64,64,4,64,1239313,1.0,0,7935
-----------OX-----OOX------OXO----XOOO-----O-O------------------ X;,626521,56062705,5.903498845210296,63.94440729041804,-64,64,4,64,626521,1.0,0,60
-----------OX-----OOX-----XOXX---XXOO----X---------------------- X;,420724,38753667,-62.1391838830207,-8.27043382359932,-64,64,-64,-4,420724,1.0,0,2530
-----------OX-----XOO-----OOOO----OXXX----X--------------------- X;,853370,80689763,-63.01379237610884,-7.515898145001582,-64,64,-64,-4,853370,1.0,0,25963
-----------OX-----XOOO----XOOX----OOO-------O------------------- X;,1487692,134782892,13.457414572371162,63.85842230784329,-64,64,4,64,1487692,1.0,0,20911
-----------OX-----XOXX----XOXX----XOO-------O------------------- X;,989085,91366110,-63.5321029031883,-5.369556711506089,-64,64,-64,-4,989085,1.0,0,4692
-----------OX-----XOXX--XXXOX-----OOO--------------------------- X;,774436,72825643,-62.70729666492777,-6.50873151558037,-64,64,-64,-4,774436,1.0,0,19683
-----------OX-----XXO-----XXO-----OOO-------OO--------O--------- X;,441204,39460587,11.703638226308012,63.768927752241595,-64,64,4,64,441204,1.0,0,83
-----------OX-----XXO-----XXO-----OOO-------OOO----------------- X;,351168,31358760,16.39180677054857,63.6228699653727,-64,64,6,64,351168,1.0,0,299
-----------OX-----XXO-----XXO-----OOOO-------O--------O--------- X;,328456,29356727,15.00879265411501,63.6445429524807,-64,64,4,64,328456,1.0,0,38
-----------OX-----XXO-----XXO-----OOOO-------O-------O---------- X;,392611,35065961,15.22212062321229,63.62554793421478,-64,64,4,64,392611,1.0,0,177
-----------OX-----XXX-----XOX-----XOOX------OO------------------ X;,982625,90475868,-63.56569800279863,-5.6544887418903444,-64,64,-64,-4,982625,1.0,0,3395
-----------OX-----XXXOO---XXOO-----OOO-------------------------- X;,246980,25344724,13.593100655923557,63.66885577779577,-64,64,4,64,246980,1.0,0,36719
-----------OX----OXOOO----OOOO-----OOO-------------------------- X;,244600,21849715,14.720662305805396,63.660408830744075,-64,64,4,64,244600,1.0,0,51
-----------OX----OXXX-O---OXXO-----OOO-------------------------- X;,51011,4543716,21.9645958714787,63.25412166003411,-64,64,10,64,51011,1.0,0,24
-----------OX----XXOO-----OOOOO---OOO--------------------------- X;,862889,77197022,12.775786920449791,63.84785992172806,-64,64,4,64,862889,1.0,0,501
-----------OX----XXOX----XXOXX----OOO--------------------------- X;,326570,30141967,-61.922277000336834,-9.051541782772453,-64,64,-64,-4,326570,1.0,0,2791
-----------OXX----OOX-----XOXX----XOO-----O--------------------- X;,1549075,143234453,-63.56255959201459,-5.651810273873118,-64,64,-64,-4,1549075,1.0,0,6959
-----------X--------X-----OOOX--XXOOX-----OOO------------------- X;,738348,68123225,-63.3697172606955,-6.064896227795024,-64,64,-64,-4,738348,1.0,0,3114
-----------X--------X-----XOOX---OOOOX----XOO------------------- X;,1693683,156245680,-63.54739936576089,-6.468688650709725,-64,64,-64,-4,1693683,1.0,0,5880
-----------X--------X-----XOXX---OOOOX----XOO------------------- X;,662318,60938942,-63.05310138030372,-7.668497609909439,-64,64,-64,-4,662318,1.0,0,2814
-----------X--------X-----XOXX---XOOXX---O-OO------------------- X;,626179,57816645,-63.18566735709757,-8.073838311409357,-64,64,-64,-4,626179,1.0,0,3991
-----------X--------X----O-XOX---OOOX----XOOO------------------- X;,443751,41013649,-63.61716818666324,-5.947808568318719,-64,64,-64,-4,443751,1.0,0,2720
-----------X--------X----XXXXX----XOOO------OOO----------------- X;,669127,61569516,-63.268419896372436,-6.7497590143575135,-64,64,-64,-4,669127,1.0,0,1919
-----------X--------X----XXXXXO---XOOO------OO------------------ X;,809982,74542592,-63.231222422226665,-6.616986550318402,-64,64,-64,-4,809982,1.0,0,2622
-----------X--------XO----XOOX---XOOO---X-XO-------------------- X;,636882,58625800,-63.398224474863476,-5.715077518284391,-64,64,-64,-4,636882,1.0,0,1219
-----------X--------XO--X-XOOX---XOOO-----XO-------------------- X;,687400,63196604,-63.518769275530985,-5.899179517020658,-64,64,-64,-4,687400,1.0,0,1178
-----------X--------XX---XXXOX-----XOOO----X-O------------------ X;,129125,11867439,-62.65858664085189,-7.217827686350436,-64,64,-64,-4,129125,1.0,0,503
-----------X--------XX-X---OOOX----XOOO---XO-------------------- X;,567685,53061986,-63.360405858883006,-5.8625364418647665,-64,64,-64,-4,567685,1.0,0,10225
-----------X-------OX-----OOXX---OXOO----XXO-------------------- X;,1155451,106486710,-63.21107515593478,-6.614946025404799,-64,64,-64,-4,1155451,1.0,0,4885
-----------X-------OX----XXOXX----XOOX------OO------------------ X;,907805,83558423,-63.70361696619869,-5.135649175759111,-64,64,-64,-4,907805,1.0,0,1865
-----------X-------OXX----OOOX----XXOO----X-O------------------- X;,879981,81076279,-63.71568477046664,-4.880889473750002,-64,64,-64,-4,879981,1.0,0,2105
-----------X-------OXX----OOXX----XXOX------OO------------------ X;,1643625,151859563,-63.825349456232416,-4.50100600806145,-64,64,-64,-4,1643625,1.0,0,4598
-----------X-------OXX---XXOOX----XOOO------O------------------- X;,1107598,101990422,-63.68148010379217,-5.2852424796722275,-64,64,-64,-4,1107598,1.0,0,2358
-----------X-------OXX---XXXOX----XOOO------O------------------- X;,1150274,106002229,-63.643008535357666,-5.568906191046655,-64,64,-64,-4,1150274,1.0,0,3850
-----------X-------X------OOOX----XOXXX---XOO------------------- X;,905124,83234779,-63.398517772150555,-6.1219877055519465,-64,64,-64,-4,905124,1.0,0,2360
-----------X-------X------XXOX----XOOO----OOOO------------------ X;,1342983,123796167,-63.59372680071155,-6.097625956545987,-64,64,-64,-4,1342983,1.0,0,3657
-----------X-------X-----OXXXX----OXXO---OOO-------------------- X;,2218385,205254107,-63.270682050230235,-7.717366462539189,-64,64,-64,-4,2218385,1.0,0,15090
-----------X-------X-OO---XXXOX----XOO------O-------O----------- X;,624569,57414661,-62.85509527370074,-11.030995774686223,-64,64,-64,-4,624569,1.0,0,2543
-----------X-------X-OX---XXOX-----OOO----OOO------------------- X;,2232656,206959198,-63.918209522649256,-4.32420310159738,-64,64,-64,-4,2232656,1.0,0,9574
-----------X-------XO-----XXOXX---XXOO-----O-O------------------ X;,1240876,114132326,-63.286805450343145,-6.874860985303931,-64,64,-64,-4,1240876,1.0,0,3742
-----------X-------XOO----XXOXX----OOO----OX-------------------- X;,946427,87148373,-63.78349730090118,-5.052645370430049,-64,64,-64,-4,946427,1.0,0,2007
-----------X-------XOO----XXOXX----XOO-----XO------------------- X;,517623,47605184,-61.41993690388565,-11.29629865751715,-64,64,-64,-4,517623,1.0,0,3113
-----------X-------XOO----XXOXX---XOOO-----O-------------------- X;,1433609,132150975,-63.39166676548487,-6.775057913280399,-64,64,-64,-4,1433609,1.0,0,5559
-----------X-------XOO----XXXO-----OOOO-----OO------------------ X;,432939,38677206,12.329298122830236,63.78073585424274,-64,64,4,64,432939,1.0,0,101
-----------X-------XOO----XXXO-----XOO-----OOO------------------ X;,5304182,490832790,-63.77812639159063,-5.3210097240253065,-64,64,-64,-4,5304182,1.0,0,17000
-----------X-------XOO----XXXOO----OOOO-----O------------------- X;,598365,53543593,9.17235466646612,63.863384389127035,-64,64,4,64,598365,1.0,0,123
-----------X-------XOX-----XOX----XXOO----XO-O------------------ X;,843198,77369221,-63.23981793125695,-6.747508888778199,-64,64,-64,-4,843198,1.0,1,1114
-----------X-------XOX-----XOX----XXOO----XOO------------------- X;,829168,76271250,-63.4290035312506,-5.980978523049611,-64,64,-64,-4,829168,1.0,0,2803
-----------X-------XOX----XXOO-----XOO-----OOO------------------ X;,1390810,128248715,-63.43869831249416,-6.8781717128867355,-64,64,-64,-4,1390810,1.0,0,5552
-----------X-------XOX----XXOO----XXOO-----O-O------------------ X;,2009908,185468491,-63.66161635258927,-5.723699791234226,-64,64,-64,-4,2009908,1.0,0,5230
-----------X-------XX------OOX----OOO----XXOO------O------------ X;,604471,55718877,-62.94556066378701,-8.194768648950902,-64,64,-64,-4,604471,1.0,0,3307
-----------X-------XX------XO-----XXOXX--XOOO------------------- X;,305132,28011968,-63.136537629616036,-6.6882922800624,-64,64,-64,-4,305132,1.0,0,752
-----------X-------XX-----OOOO----XXOX---X-X--X----------------- X;,297218,27346121,-63.55588827056235,-5.51641556029581,-64,64,-64,-4,297218,1.0,0,846
-----------X-------XX-----OOOX---XOOO-----OOO------------------- X;,644229,59372816,-63.378391845135816,-6.671320291387069,-64,64,-64,-4,644229,1.0,0,2995
-----------X-------XX-----OOXX----XOOO-----OOO------------------ X;,3292618,311963958,-63.882562750978096,-4.48209054314834,-64,64,-64,-4,3292618,1.0,0,88989
-----------X-------XX-----OXX-----OOOOO---OOO------------------- X;,2838142,255580388,5.012514525347921,63.97442270330378,-64,64,4,64,2838142,1.0,0,1153
-----------X-------XX-----XXXX----OOO-----OOOO------------------ X;,962308,88467195,-63.26467409602747,-7.2454952052773125,-64,64,-64,-4,962308,1.0,0,2399
-----------X-------XX-----XXXX----OOOO-----OOO------------------ X;,1663984,153228046,-63.6556541409052,-6.195851642804258,-64,64,-64,-4,1663984,1.0,0,4444
-----------X-------XX----X-XOX---OOOXO----OX-------------------- X;,255887,23517391,-63.578462368154696,-5.457236983512254,-64,64,-64,-4,255887,1.0,0,431
-----------X-------XX----XOOOX----OOO-----OX-O------------------ X;,456556,42179145,-63.750449013921624,-5.21614435030971,-64,64,-64,-4,456556,1.0,0,2266
-----------X-------XX-X----OOX----OOOX----XOO------------------- X;,622323,57202229,-63.59182932335781,-5.29713990966106,-64,64,-64,-4,622323,1.0,0,1499
-----------X-------XXO-----XOO----XOXO-----OOO------------------ X;,1886026,174473817,-63.642151274690804,-6.0410026160827055,-64,64,-64,-4,1886026,1.0,0,8784
-----------X-------XXO---XXXOO----XOOO-----O-------------------- X;,1587191,146281886,-63.71807425823357,-5.341844806327657,-64,64,-64,-4,1587191,1.0,0,3772
-----------X-------XXX-----XX-----OXOO----XOOO------------------ X;,1276514,117513411,-63.55238563776034,-5.477248193125966,-64,64,-64,-4,1276514,1.0,0,4149
-----------X-------XXX-----XXOO----XOO----XOO------------------- X;,1348892,124185938,-63.56240380994179,-5.665263045521806,-64,64,-64,-4,1348892,1.0,0,3512
-----------X-------XXX----XXOO-----XOO-----OOO------------------ X;,810645,74514684,-63.114880126319164,-6.731765446033714,-64,64,-64,-4,810645,1.0,0,2228
-----------X-------XXX----XXOX----OOOO-----XO------------------- X;,747190,68730646,-63.50502549552323,-5.835268137956878,-64,64,-64,-4,747190,1.0,0,2283
-----------X-------XXX----XXOX----XOOX----OO-------------------- X;,292596,26857583,-63.207063664575045,-6.283592393607568,-64,64,-64,-4,292596,1.0,0,696
-----------X-------XXX----XXX-----OOOO-----OOO------------------ X;,1229834,113342346,-63.64510820159469,-5.3633205782243785,-64,64,-64,-4,1229834,1.0,0,3936
-----------X------O-X------OOX---OXOX----XOOO------------------- X;,629045,57999055,-63.35547377373638,-6.837402729534453,-64,64,-64,-4,629045,1.0,0,2636
-----------X------O-X-----OOOX---OXOXX---X--O------------------- X;,481769,44525179,-63.13228538988602,-7.161863880822552,-64,64,-64,-4,481769,1.0,0,3881
-----------X------O-X-----OOXX----OOOX----XOO------------------- X;,1591374,146691841,-63.73034120200531,-5.014741977687206,-64,64,-64,-4,1591374,1.0,0,3863
-----------X------O-X-----OOXX---XXOXX-----OO------------------- X;,674917,62411403,-63.23785887746197,-6.728759240025069,-64,64,-64,-4,674917,1.0,0,5717
-----------X------O-X-----OXXX---OOOO----XO-O------------------- X;,803595,74171933,-63.41413522981104,-6.8914341179325405,-64,64,-64,-4,803595,1.0,0,3816
-----------X------O-XX----OOXX----XOO-----XOO------------------- X;,743163,68542439,-63.719081816505934,-4.83228847507209,-64,64,-64,-4,743163,1.0,0,1725
-----------X------OOOO----OOXX----XXXX---X---------------------- X;,337797,31040889,-61.48916064973934,-11.177257346868089,-64,64,-64,-4,337797,1.0,0,1583
-----------X------OOOOO---XOXO-----OOO-----O-------------------- X;,151560,13530982,16.532660332541568,63.5953021905516,-64,64,4,64,151560,1.0,0,82
-----------X------OOOX----XOOX-----XOO-----XO------------------- X;,824681,76143480,-63.736043391323435,-4.971801217682959,-64,64,-64,-4,824681,1.0,0,3448
-----------X------OOOX----XXOX-----XOO----XO-------------------- X;,1283111,118340463,-63.81340507563258,-4.906105551273429,-64,64,-64,-4,1283111,1.0,0,3885
-----------X------OOX-----OOXX----OXXX---XO--------------------- X;,298466,27444870,-62.27617886124383,-9.79501182714279,-64,64,-64,-4,298466,1.0,0,1537
-----------X------OOX-----OOXX----XOO----XXO-------------------- X;,289201,26615974,-62.60165767061663,-7.8113007907994785,-64,64,-64,-4,289201,1.0,0,1572
-----------X------OOX-----OOXX----XOOX---X--O------------------- X;,646555,59546500,-63.581709212673324,-5.556863685223995,-64,64,-64,-4,646555,1.0,0,1652
-----------X------OOXX----XOOOO----OOO-----O-------------------- X;,1099362,98269225,9.550501108824937,63.84750246051801,-64,64,4,64,1099362,1.0,0,377
-----------X------OX-------OOX----XXOXX---XOO------------------- X;,1309960,120710760,-63.67507252129836,-5.177249687013344,-64,64,-64,-4,1309960,1.0,0,3529
-----------X------OX------OXXXX---OOOX----XO-------------------- X;,1046817,96253185,-63.56042746726505,-5.726232951891305,-64,64,-64,-4,1046817,1.0,0,2731
-----------X------OX-X---OOOXX-----XOO----XO-------------------- X;,921557,84896651,-63.68990523646394,-5.354071424773508,-64,64,-64,-4,921557,1.0,0,2869
-----------X------OX-XX--XXOXX-----XO------XO------------------- X;,72178,6625886,-62.81734046385325,-6.486297763861565,-64,64,-64,-4,72178,1.0,0,220
-----------X------OXO-----OOXO---O-XOOO------O------------------ X;,1365418,122122154,5.944487329154882,63.953899831406936,-64,64,4,64,1365418,1.0,0,327
-----------X------OXX------OO-----XXOXX--XX-O------------------- X;,65662,6025300,-63.14787852943864,-5.9360056044592,-64,64,-64,-4,65662,1.0,0,163
-----------X------OXX-X---OOOX----XXO------XO------------------- X;,664249,61547561,-63.37582743820465,-6.046470525360219,-64,64,-64,-4,664249,1.0,0,6332
-----------X------OXXO-----XOX----XOXX---XO--------------------- X;,203715,18737248,-62.81771101784356,-7.382725867020102,-64,64,-64,-4,203715,1.0,0,852
-----------X------X-X-----XXOX----XOOO-----OO------O------------ X;,409834,37675285,-63.710370540267526,-4.974740992694604,-64,64,-64,-4,409834,1.0,0,974
-----------X------X-X----OOOOX----XOX-------OOO----------------- X;,459707,42325121,-63.83737032501136,-4.642030684762251,-64,64,-64,-4,459707,1.0,0,341
-----------X------X-X----XXXXX----OOOOO-----O------------------- X;,1206903,111183484,-63.7620305857223,-5.038563993958089,-64,64,-64,-4,1206903,1.0,0,2932
-----------X------XOX-----XOOX----XOO------OO------O------------ X;,997381,92183244,-63.81257713952842,-4.672457165315962,-64,64,-64,-4,997381,1.0,0,3516
-----------X------XOX-----XOOX----XOOX------OO------------------ X;,777794,71517094,-63.552783899078676,-5.769314240017279,-64,64,-64,-4,777794,1.0,0,1885
-----------X------XOX----XXXOX----XOOO---X---------------------- X;,222285,20423633,-63.232975684369165,-6.469037496907124,-64,64,-64,-4,222285,1.0,0,630
-----------X------XOXX----XOOX----XOOO------O------------------- X;,690296,63718931,-63.44182495625065,-5.940573319271732,-64,64,-64,-4,690296,1.0,0,4055
-----------X------XX-------XOOO--OOOO-----O-O----O-------------- X;,137964,12327032,16.45911977037488,63.761908903771996,-64,64,8,64,137964,1.0,0,20
-----------X------XX-------XOX----XOOO---XOOO------------------- X;,365964,33657410,-63.56578242668678,-5.800865658917271,-64,64,-64,-4,365964,1.0,0,998
-----------X------XX------OOOOO---OOO-----O-O----O-------------- X;,529225,47266511,15.486475506637063,63.896641315130616,-64,64,6,64,529225,1.0,0,40
-----------X------XX-----O-XOX---OOOOO---X-O-------------------- X;,158652,14644851,-63.406020724604794,-5.501046315205607,-64,64,-64,-4,158652,1.0,0,807
-----------X------XX-----X-XOX----XOOO----OOO------------------- X;,266773,24535468,-63.58387093146608,-5.556251944537116,-64,64,-64,-4,266773,1.0,0,873
-----------X------XX-X-----XOOO---XXOOO----O-------------------- X;,366150,33736022,-62.86084391642769,-6.669233920524375,-64,64,-64,-4,366150,1.0,0,1788
-----------X------XX-X---XXOOO-----OO-----OOO------------------- X;,394245,36256655,-63.62761227155703,-5.180504508617737,-64,64,-64,-4,394245,1.0,0,710
-----------X------XXO-----XOOO----OOOX----XO-------------------- X;,1578289,145927833,-63.83572336878734,-4.672594182687708,-64,64,-64,-4,1578289,1.0,0,6381
-----------X------XXO-----XXOO----XXOX-----OO------------------- X;,1345847,124373212,-63.735235877480875,-5.141505683781292,-64,64,-64,-4,1345847,1.0,0,6397
-----------X------XXO----XXOOX-----OOO-----XO------------------- X;,245240,22676496,-63.706263252324256,-5.130843255586364,-64,64,-64,-4,245240,1.0,0,1548
-----------X------XXOO----XOOO----OOO----O-O-------------------- X;,705574,63144995,7.99490910946265,63.87802838539969,-64,64,4,64,705574,1.0,0,113
-----------X------XXOO----XXOO----OOO-O-----O------------------- X;,977072,87517452,7.304462721273356,63.88760091375047,-64,64,4,64,977072,1.0,0,133
-----------X------XXOO----XXOO---OOOO------O-------------------- X;,371565,33291052,11.949263251382666,63.775904619649324,-64,64,4,64,371565,1.0,0,531
-----------X------XXOO----XXXO----OOO-O----O-------------------- X;,605979,54243781,10.005729571486802,63.895946889248634,-64,64,4,64,605979,1.0,0,207
-----------X------XXOO----XXXO----OOOOO------------------------- X;,507072,45572332,14.522990817872017,63.72819244604317,-64,64,4,64,507072,1.0,0,2637
-----------X------XXOO---OOOOO----OOO------O-------------------- X;,277488,24772478,11.721876261315805,63.62776047973246,-64,64,4,64,277488,1.0,0,81
-----------X------XXOO---OOOOO----OOOO-------------------------- X;,392636,35089863,10.884646339102884,63.781064395521554,-64,64,4,64,392636,1.0,0,209
-----------X------XXOO---OOXOO-----OO-O-----O------------------- X;,295740,26402826,13.580489619260161,63.55861905728004,-64,64,4,64,295740,1.0,0,99
-----------X------XXOO---OOXOO-----OO-O----O-------------------- X;,151765,13551812,13.882792475208381,63.50851645636346,-64,64,4,64,151765,1.0,0,44
-----------X------XXOO---OOXOO-----OOOO------------------------- X;,655053,58516698,10.302030522721063,63.83565604615199,-64,64,4,64,655053,1.0,0,67
-----------X------XXX-----XOOOO---XOOO-----O-------------------- X;,1491651,137824858,-63.87779715228294,-4.482899820400348,-64,64,-64,-4,1491651,1.0,0,4337
-----------X------XXX-----XXOO----XOO-----OOO------------------- X;,2141606,198066246,-63.83421040097945,-4.66804071337118,-64,64,-64,-4,2141606,1.0,0,6614
-----------X------XXX-----XXOX----XOOOO-----O------------------- X;,774020,71395056,-63.5340663031963,-6.060094054417198,-64,64,-64,-4,774020,1.0,0,3780
-----------X------XXXX--XXOOOO----OOO--------------------------- X;,1075417,99343791,-63.22768563264297,-6.2311940391494645,-64,64,-64,-4,1075417,1.0,0,6192
-----------X-----OOOOO----OXOO----OOOO-------------------------- X;,264861,23674844,11.864744148817682,63.73943313662638,-64,64,4,64,264861,1.0,0,100
-----------X-----OOX-------OXX----OXO----OOO-O------------------ X;,381902,34137333,6.34880152499856,63.93766463647742,-64,64,4,64,381902,1.0,0,92
-----------X-----OOX--O----XXO----OXO----OOO-------------------- X;,237923,21286214,5.978245062478197,63.94267893394081,-64,64,4,64,237923,1.0,0,46
-----------X-----OX-X----XOXXX----OOO-----XO-------------------- X;,100753,9244223,-60.68952785524997,-10.412533621827638,-64,64,-64,-4,100753,1.0,0,368
-----------X-----OX-X----XOXXX----XOO-----X-O------------------- X;,70235,6448580,-61.932512280202175,-7.05021712821243,-64,64,-64,-4,70235,1.0,0,176
-----------X-----OX-XO---XOXXX----XOX------X-------------------- X;,51105,4683709,-60.32192544760787,-8.994149300459837,-64,64,-64,-4,51105,1.0,0,146
-----------X-----XXXX-----OOXX----OOO----XO--------------------- X;,349446,32608308,-62.6641140548182,-7.0644734808811664,-64,64,-64,-4,349446,1.0,0,6119
-----------X----XXX-XO---XOXOX----OOO--------------------------- X;,165079,15159426,-63.34081258064321,-6.092622320222439,-64,64,-64,-4,165079,1.0,0,389
-----------X--O---OXXOO---OOOO----OOO--------------------------- X;,54251,4836912,26.762750917033788,61.7905292068349,-64,64,16,64,54251,1.0,0,14
-----------X-O-----XO-----OOO-----XXXXX--X-X-------------------- X;,336850,30934433,-62.663719756568206,-8.644138340507645,-64,64,-64,-4,336850,1.0,0,631
-----------X-O----OOOO----XOXO-----OOO-----O-------------------- X;,113101,10121425,14.57375266354851,63.148707792150375,-64,64,4,64,113101,1.0,0,259
-----------X-O----OXO------XX-----OXOO----OO------O------------- X;,36842,3290642,10.255686444818414,63.44905271157918,-64,64,4,64,36842,1.0,1,11
-----------X-O----OXOO----XXOO-----OOO----O--------------------- X;,286810,25762941,9.286900735678673,63.73756842508978,-64,64,4,64,286810,1.0,0,1015
-----------X-O----OXOOO--OOOXO-----XO--------------------------- X;,66235,5909951,13.595772627764777,63.160172114441,-64,64,4,64,66235,1.0,0,39
-----------X-OX----X-O----XXXO-----XOO------O-------O----------- X;,679881,62385066,-62.863112809447536,-9.724448837370069,-64,64,-64,-4,679881,1.0,0,1556
-----------X-X-----XXX----OOOX----OOO----XO--------------------- X;,390373,36018438,-63.47327299787639,-5.472509625409544,-64,64,-64,-4,390373,1.0,0,1405
-----------X-X----OOXO----XOXO-----OO-O------O------------------ X;,254594,22778311,12.619236902676418,63.65643338020535,-64,64,4,64,254594,1.0,0,417
-----------X-X----OOXO----XXOO-----OOOO------------------------- X;,745446,66658617,15.071948873560258,63.830090979091715,-64,64,4,64,745446,1.0,0,371
-----------X-X----OOXO----XXXO-----OO-O----O-------------------- X;,540514,48390641,12.762633345297255,63.848344353707766,-64,64,4,64,540514,1.0,0,189
-----------X-X----XXX-----XXOO-----OOO-----O-O------------------ X;,715560,65953530,-63.55885460338756,-6.058270445525183,-64,64,-64,-4,715560,1.0,0,2741
-----------XO------OO-----OXO----OOOO---O-O-O------------------- X;,107676,9621477,12.539080203573684,63.68091310969947,-64,64,4,64,107676,1.0,0,25
-----------XO------OOX----XOOX-----OOX----XO-------------------- X;,639009,59225478,-63.338062531200656,-5.9727077396406,-64,64,-64,-4,639009,1.0,0,6134
-----------XO------OOXX---OOOX----XOO----X---------------------- X;,474385,43732704,-62.66231014892967,-8.394076541205983,-64,64,-64,-4,474385,1.0,0,2895
-----------XO------OXX----OOOX----OXO-X---X--------------------- X;,870757,80211059,-63.03747658646442,-7.142004026381643,-64,64,-64,-4,870757,1.0,0,4727
-----------XO------X-X----OXOO----OXO-----O-O-----O------------- X;,1153493,103540481,5.672698490584685,63.98416808771271,-64,64,4,64,1153493,1.0,0,255
-----------XO------X-X----OXOO----XOO-----O-O----O-------------- X;,622557,55630938,10.51531666979891,63.88668025578381,-64,64,4,64,622557,1.0,0,22
-----------XO------X-X----OXOO---OOOO-----X-O------------------- X;,1008331,90128391,10.066728088296403,63.91028144527938,-64,64,4,64,1008331,1.0,0,225
-----------XO------XO------XO-----XOOX---XOX--X----------------- X;,458269,42149830,-63.69457240179894,-5.024446340468153,-64,64,-64,-4,458269,1.0,0,718
-----------XO------XO-----OXO-----OOOO----O-O-------O----------- X;,56811,5073341,13.818345038812906,63.253524845540475,-64,64,4,64,56811,1.0,0,25
-----------XO------XO-----XXO---OOOOO-----O-O------------------- X;,301349,26959695,11.376576660284256,63.730936555289716,-64,64,4,64,301349,1.0,0,698
-----------XO------XO---O-XXO----OOOO-----O-O------------------- X;,307010,27402483,10.987700726360705,63.75623595322628,-64,64,4,64,307010,1.0,0,50
-----------XO------XOO---XXXOX----XOO----X---------------------- X;,423123,40139686,-62.75509012745703,-7.735414997530269,-64,64,-64,-4,423123,1.0,0,15218
-----------XO------XOX----XXOX-----XOX----XO-------------------- X;,213231,19604542,-63.35799203680516,-5.5992046184654205,-64,64,-64,-4,213231,1.0,0,779
-----------XO------XXO----OXX-----OOOOO---O--------------------- X;,817363,73151928,6.389427953063694,63.927104603462595,-64,64,4,64,817363,1.0,0,65
-----------XO-----OOO------OO-----XOOX---X-X--X----------------- X;,158428,14566808,-63.33846289797258,-7.038301310374429,-64,64,-64,-4,158428,1.0,0,428
-----------XO-----OOOXO--OOOOO-----XO--------------------------- X;,476054,42565541,14.031639267814155,63.77042100265936,-64,64,4,64,476054,1.0,0,151
-----------XO-----X-O----XXXOX-----OO------OO------O------------ X;,452008,41723496,-63.93497460221943,-4.271645634590538,-64,64,-64,-4,452008,1.0,0,873
-----------XO-----XO------OXOO---OOOO-------O-------O----------- X;,61551,5500043,17.305194066708907,63.312115156536855,-64,64,6,64,61551,1.0,0,19
-----------XO-----XXO-----OXO-----OOO-----OOO------------------- X;,98245,8852525,14.188040103822077,62.86848185658303,-64,64,4,64,98245,1.0,0,878
-----------XO-----XXO-----OXOO----OOO-----O-O------------------- X;,172555,15408918,17.02023123062212,63.253467010518385,-64,64,4,64,172555,1.0,0,82
-----------XO-----XXO-----OXOO----OOO-----OO-------------------- X;,160745,14477882,14.322672555911536,63.436598338984105,-64,64,4,64,160745,1.0,0,1341
-----------XO-----XXO-----OXOO----OOOO----O--------------------- X;,171292,15302619,16.211229946524064,63.395546785605866,-64,64,4,64,171292,1.0,0,192
-----------XO-----XXX-----OXXO-----XX------OOO------------------ X;,372716,33528133,8.086891896242715,63.926480215499204,-64,64,4,64,372716,1.0,0,1851
-----------XO-----XXX----OOXO-----OOO------OO------------------- X;,62753,5591072,24.28757190891272,63.05521648367409,-64,64,12,64,62753,1.0,0,22
-----------XO-----XXX----OOXO-----OOO-----O-O------------------- X;,475989,42509679,14.925618028988065,63.81836975224218,-64,64,4,64,475989,1.0,0,85
-----------XO-----XXX----OOXO----OOOO-------O------------------- X;,57791,5150397,25.3281306777872,63.105431641605094,-64,64,12,64,57791,1.0,0,30
-----------XO----O-XXO----OOOOO---OOO--------------------------- X;,81967,7318946,18.515597740554124,63.195163907426156,-64,64,4,64,81967,1.0,0,131
-----------XO----OXO-----OOXO----OOOO-------O------------------- X;,76064,6787483,18.300457509465712,63.143037442153975,-64,64,6,64,76064,1.0,0,12
-----------XO-O----OXO-----OOX-----OOO----XO-------------------- X;,466735,41722017,15.817952371259922,63.826861066772366,-64,64,4,64,466735,1.0,0,23
-----------XO-O----OXO-----OOX----OOOO----X--------------------- X;,284972,25592472,15.668030543351627,63.80165068848869,-64,64,4,64,284972,1.0,0,1507
-----------XO-O----XXO-----OOO----OOOO-------O------------------ X;,56853,5072087,28.986614602571546,62.50857474539602,-64,64,16,64,56853,1.0,0,6
-----------XOO----XXO-----OOO----OOOO-------O------------------- X;,242704,21668256,13.923857868020304,63.55064605445316,-64,64,4,64,242704,1.0,0,65
-----------XOO----XXO-----OXO-----OOO-----O-O------------------- X;,57412,5125520,11.629624468752176,63.50933602731136,-64,64,4,64,57412,1.0,0,23
-----------XOO----XXO-----OXX-----OOOO----O--------------------- X;,61289,5467440,17.067826200460114,62.959552285075624,-64,64,4,64,61289,1.0,0,29
-----------XOX---O-OOO----OXOO-----OOO-------------------------- X;,925767,82891502,10.159020574291372,63.93092214347671,-64,64,4,64,925767,1.0,0,217
-----------XX------XXO---OOOOO-----OO-O----O-------------------- X;,345624,30914772,9.780212022313265,63.86875911395042,-64,64,4,64,345624,1.0,0,147
-----------XX-----OOOO----XOXO-----OO-O----O-------------------- X;,429816,38503112,11.402958475254527,63.89207474826437,-64,64,4,64,429816,1.0,0,183
-----------XX-----OOOO----XOXO-----OOOO------------------------- X;,289108,25788637,20.725514340661622,63.49241114047346,-64,64,6,64,289108,1.0,0,69
-----------XX-----OOOOO---OXXO---O-XO--------------------------- X;,420656,37639860,11.255339279601385,63.82354703130349,-64,64,4,64,420656,1.0,0,150
-----------XX-----OXOO----OOOO----OOOO-------------------------- X;,1488607,133998785,7.126907236093879,63.962347348897325,-64,64,4,64,1488607,1.0,0,3926
-----------XX-----OXOO---OOOOO-----OOO-------------------------- X;,530648,47548327,14.002706125341092,63.80209479730443,-64,64,4,64,530648,1.0,0,1132
-----------XX-----OXX-----OOOOO--OOOO--------------------------- X;,979830,87704278,7.210173193309044,63.913511527509876,-64,64,4,64,979830,1.0,0,373
-----------XX-----OXX-O---OXXO---OOOO--------------------------- X;,480631,42939996,13.930354055398007,63.83580335017924,-64,64,4,64,480631,1.0,0,251
-----------XX-----XOX----XXOOX----OOOO-------------------------- X;,346599,31914282,-63.2797901898159,-6.228886984671046,-64,64,-64,-4,346599,1.0,0,1326
-----------XX----O-XXO----OXXO-----OO-O----O-------------------- X;,382572,34185649,15.477745365578244,63.80660372426628,-64,64,4,64,382572,1.0,0,131
-----------XX----OOXOO----OOOO-----OOO-------------------------- X;,578974,51738213,15.122810350723867,63.82940512009175,-64,64,4,64,578974,1.0,0,295
-----------XXO-----XOO----XOXX----OXX------X-------------------- X;,281171,26004229,-60.98340155990483,-11.97337563262214,-64,64,-64,-4,281171,1.0,0,3405
-----------XXX----X-X----X-OO-----XOOO-----O-------O------------ X;,226363,20808495,-63.81438662678971,-4.70917950371748,-64,64,-64,-4,226363,1.0,0,212
----------O--------O-X----OXOO----XXO----XO-O-----O------------- X;,1523493,137299036,4.478946736217364,63.99667868510062,-64,64,4,64,1523493,1.0,0,1233
----------O--------OOOO----XXOO----XOOO------O------------------ X;,291842,26092654,7.692299257817586,63.81753825700208,-64,64,4,64,291842,1.0,0,176
----------O--------OOOO----XXXO----XOO-O-----O------------------ X;,129369,11561555,11.639511784121389,63.53733892972814,-64,64,4,64,129369,1.0,0,77
----------O--------OOOOO---XXXO----XOO-------O------------------ X;,230728,20642357,7.7579227488644635,63.80654276897472,-64,64,4,64,230728,1.0,0,78
----------O--------OXX-----XO-----XXOOO----OOO------------------ X;,1016224,90983889,6.697934707308625,63.946683014768396,-64,64,4,64,1016224,1.0,0,502
----------O--------OXX-----XO-O---XXOO-----OOO------------------ X;,952285,85408694,5.686894154586074,63.943353092824104,-64,64,4,64,952285,1.0,0,457
----------O--------OXX-----XXO----OXOO-----O-O------O----------- X;,206131,18413805,6.378196389674527,63.903944578932816,-64,64,4,64,206131,1.0,0,49
----------O--------OXX-----XXO----OXOO-----O-O----O------------- X;,189389,16944504,6.523272206939157,63.890616667282686,-64,64,4,64,189389,1.0,0,293
----------O--------OXX----XOO-----OOOO------OOO----------------- X;,631885,56489505,7.802733092255711,63.90791995378906,-64,64,4,64,631885,1.0,0,82
----------O--------OXX----XXOXO---OOOO------O------------------- X;,513292,45848316,13.587232997981655,63.827322459730524,-64,64,4,64,513292,1.0,0,66
----------O--------OXX----XXOXO---OOOOO------------------------- X;,544320,48689217,10.222089947089946,63.84573780129336,-64,64,4,64,544320,1.0,0,343
----------O--------OXX---OOXO-----XOO-------OO--------O--------- X;,1136754,101860843,6.507277739950772,63.94873297124972,-64,64,4,64,1136754,1.0,0,263
----------O--------OXX---OOXO-----XOO-------OOO----------------- X;,929494,83145684,8.375464500039806,63.923295900780424,-64,64,4,64,929494,1.0,0,318
----------O--------OXX---XXOO-----OOO-----OOO------------------- X;,1176763,105307250,8.225547540158894,63.94788925212639,-64,64,4,64,1176763,1.0,0,502
----------O-------O--X----OXX-----XXX----OOOO------O------------ X;,317047,28478867,6.907543676489605,63.96512189044527,-64,64,4,64,317047,1.0,0,669
----------O-------O--X----OXX----OXXX-----OOO------O------------ X;,683728,61455365,6.906383825146842,63.932072403060864,-64,64,4,64,683728,1.0,0,3040
----------O-------O-OX----OXXX----OXO----OX-O------------------- X;,1495406,134552225,4.904292212282149,63.974390901200074,-64,64,4,64,1495406,1.0,0,3157
----------O-------O-X----XOXOX----OOO-X----XO------------------- X;,379656,34937225,-63.53028531091304,-5.958752133510336,-64,64,-64,-4,379656,1.0,0,889
----------O-------O-XO---XXXOXX----OO------XO------------------- X;,831589,76494685,-63.47832883792354,-6.165264331298274,-64,64,-64,-4,831589,1.0,0,1803
----------O-------OO-X----OOXO-----XO-----OOOO------------------ X;,780643,69995845,5.060589795847782,63.97937853794885,-64,64,4,64,780643,1.0,0,475
----------O-------OO-X----OXOO----OOO-----O-O----O-------------- X;,87768,7846267,11.080872299699207,63.74781241454745,-64,64,4,64,87768,1.0,0,4
----------O-------OO-X---OOXOO-----XO-----O-O-------O----------- X;,158493,14153229,6.740676244376723,63.90951019918861,-64,64,4,64,158493,1.0,0,14
----------O-------OOX-----OXOO----OOO-----OOO------------------- X;,79313,7091466,9.176704953790678,63.34459672437053,-64,64,4,64,79313,1.0,0,62
----------O-------OOX----XOXOO----OOO-----OO-------------------- X;,229376,20477440,14.603846958705358,63.449759347098215,-64,64,4,64,229376,1.0,0,68
----------O-------OOXX-----OX-----OOOO----XO-------O------------ X;,1414942,126815830,5.830904729663831,63.97070409953199,-64,64,4,64,1414942,1.0,0,39
----------O-------OOXX-----XX-----OXOO----OO------O------------- X;,103804,9285859,9.498362298177334,63.69319101383376,-64,64,4,64,103804,1.0,0,214
----------O-------OOXX-----XX-----OXOO----XO--------O----------- X;,463849,41503759,5.634812191036307,63.94913862054246,-64,64,4,64,463849,1.0,0,27
----------O-------OOXX----OXXO---O-XOO-------O------------------ X;,355005,31731794,8.868737060041408,63.80464500499993,-64,64,4,64,355005,1.0,0,152
----------O-------OOXX----OXXX----OOOO----X--------------------- X;,1802696,161777373,6.260123725797361,63.960424830365184,-64,64,4,64,1802696,1.0,0,195
----------O-------OOXX----XOXO-----OOO-----O-O------------------ X;,474409,42358176,9.545910806919768,63.726805351500495,-64,64,4,64,474409,1.0,0,145
----------O-------OOXX----XXO------XOO------OOO----------------- X;,571097,51120584,6.644370395922234,63.91210249747416,-64,64,4,64,571097,1.0,0,479
----------O-------OOXX---OOOOO-----XOO-------O------------------ X;,700811,62646496,8.415561399578488,63.87398885006086,-64,64,4,64,700811,1.0,0,188
----------O-------OX-X----OXOO-----OO-----OO-----O-O------------ X;,580734,51991742,9.493568484021944,63.91683627960477,-64,64,4,64,580734,1.0,0,14
----------O-------OX-X----OXOO-----OO-----XOO------O------------ X;,1641123,146966207,7.889426935092616,63.948601049403365,-64,64,4,64,1641123,1.0,0,77
----------O-------OX-X----OXOO-----XO----OOO-------O------------ X;,464050,41484862,8.509828682254067,63.91536256868872,-64,64,4,64,464050,1.0,0,58
----------O-------OX-X----OXOO----OOO-----XO-------O------------ X;,2212650,198411644,7.039701715137957,63.96455923892165,-64,64,4,64,2212650,1.0,0,1286
----------O-------OX-X----OXOO---O-XO-----OO-------O------------ X;,827850,74048172,7.303286827323791,63.95762517364257,-64,64,4,64,827850,1.0,0,95
----------O-------OXXX----OOX------OX-----XOO------O------------ X;,3804956,341906774,5.450966581479523,63.98125970444862,-64,64,4,64,3804956,1.0,0,1424
----------O-------OXXX----OOX------XO-----XO-O-----O------------ X;,1717650,154499972,4.440764998690071,63.98119290891625,-64,64,4,64,1717650,1.0,0,494
----------O-------XOX------XOOO---XOO-----OO-----O-------------- X;,924644,82709317,8.108679664822354,63.911717374470605,-64,64,4,64,924644,1.0,0,34
----------O-------XOX------XOOO---XOO----OOO-------------------- X;,862944,77700555,6.200527496569881,63.94006331812957,-64,64,4,64,862944,1.0,0,4641
----------O-------XOX----XXXO----O-OOOO----O-------------------- X;,169435,15124364,19.497293947531503,63.56415144450674,-64,64,6,64,169435,1.0,0,30
----------O-------XOX-O---XXXO-----OOOO----O-------------------- X;,257622,23014589,14.35153830030044,63.571783465697806,-64,64,4,64,257622,1.0,0,45
----------O-------XOXO----XXOX-----OOOO----O-------------------- X;,2327029,208629162,7.4636835209187335,63.91421507854006,-64,64,4,64,2327029,1.0,0,950
----------O-------XOXX-----OO-----OOOO----XO-------O------------ X;,1938573,173631990,7.250295965124862,63.9549916356,-64,64,4,64,1938573,1.0,0,165
----------O-------XOXX-----XO-----OXOO----OO------O------------- X;,340036,30390528,7.618963874413297,63.90038701784517,-64,64,4,64,340036,1.0,0,75
----------O-------XOXX-----XO-----XOOO---X---O-------O---------- X;,1577626,141631601,5.504334994479047,63.988262110284694,-64,64,4,64,1577626,1.0,0,309
----------O-------XOXX----XXO------OOO----OO-----O-------------- X;,475837,42553004,10.651542439953177,63.827550190506415,-64,64,4,64,475837,1.0,0,30
----------O-------XOXX----XXO------OOO---OOO-------------------- X;,352550,31476396,12.945471564317119,63.719387320947384,-64,64,4,64,352550,1.0,0,57
----------O-------XOXX----XXO------XXO------OOO----------------- X;,740925,66277277,7.43658804872288,63.92580085703681,-64,64,4,64,740925,1.0,0,341
----------O-------XOXX---XXOO------OOO-----O-------O------------ X;,1075838,96210163,11.555291781848197,63.909954844502614,-64,64,4,64,1075838,1.0,0,326
----------O-------XOXX---XXXO------OOO-----O-------O------------ X;,828405,74336803,13.133481811432814,63.87479554082846,-64,64,4,64,828405,1.0,0,3474
----------O------OO-XX----OXOO----XOO------O-------O------------ X;,1200199,107443312,7.864479140542526,63.90588727369378,-64,64,4,64,1200199,1.0,0,361
----------O------OOOXX-----XXX----OOOO----X--------------------- X;,1159728,103944138,5.737686767931791,63.95735724238787,-64,64,4,64,1159728,1.0,0,45
----------O------OXOX----XXXO------OOOO----O-------------------- X;,129507,11560032,19.900190723281366,63.16359733450702,-64,64,6,64,129507,1.0,0,85
----------O------OXOX---XXXXO----O-OOO-------------------------- X;,14452,1284853,29.597702740105177,62.26916689731525,-64,64,16,64,14452,1.0,0,4
----------O------XOX------OXX-----OXO-----OOO-----O------------- X;,305313,27284996,12.871374622109114,63.66206483182832,-64,64,4,64,305313,1.0,0,43
----------O------XOX------OXX----OOOO------OOO------------------ X;,173615,15494373,17.953955591394752,63.23281974483771,-64,64,4,64,173615,1.0,0,130
----------O------XOX-----OOXXX-----XXX-----X-O------------------ X;,95135,9115564,-60.681915173174964,-12.224754296525989,-64,64,-64,-4,95135,1.0,0,4358
----------O------XOX-X----OOXXX----OO------XO------------------- X;,767839,70770436,-63.64132064143655,-5.694826649857587,-64,64,-64,-4,767839,1.0,0,2736
----------O------XOXXX----OOXX----XOO-------O------------------- X;,1707160,157574501,-63.54243773284285,-6.253821551582746,-64,64,-64,-4,1707160,1.0,0,6626
----------O------XOXXX---OOOX-----XOO----X---------------------- X;,562516,51897850,-62.60263174736363,-7.5707535430103325,-64,64,-64,-4,562516,1.0,0,3292
----------O-----XXXOX----OXXO----O-OOO-------------------------- X;,28214,2510645,26.491103707379317,62.01233430211951,-64,64,14,64,28214,1.0,0,1
----------O---O----OXO----XXOO----OOOO-------O------------------ X;,255121,22772366,19.0555226735549,63.37315234731755,-64,64,8,64,255121,1.0,0,24
----------O---O---O-XO----OXX-----XOX------OO------O------------ X;,758475,67853910,6.572976037443555,63.9274913477702,-64,64,4,64,758475,1.0,0,37
----------O---O---XOXO-----XOX----OOOO----X--------------------- X;,1936772,173402725,8.164622371657583,63.96485492355321,-64,64,4,64,1936772,1.0,0,106
----------O---O---XOXXX----XOO-----XO-------O-------O----------- X;,1683589,150399163,12.290182461396457,63.947446793724595,-64,64,4,64,1683589,1.0,0,65
----------O---X----O-X-----XO-----XXXOX--X---XO----------------- X;,387314,35654494,-63.582147818049435,-6.6064226957972085,-64,64,-64,-4,387314,1.0,0,424
----------O--O-----OOX-----XX-----OXOO----OO------O------------- X;,169156,15110427,7.1605973184516065,63.84734801012083,-64,64,4,64,169156,1.0,0,46
----------O--O----OOXO----XXXO-----XOO-------O------------------ X;,171686,15379007,7.391004508230141,63.80068264156658,-64,64,4,64,171686,1.0,0,205
----------O--O----OXO-----OXO-----OOO-----OOO------------------- X;,28075,2505552,12.644986642920747,63.07846838824577,-64,64,4,64,28075,1.0,0,8
----------O--O----OXO-----OXX-----OXX-----OO--------O----------- X;,349538,31265126,7.6936699300219145,63.85482551253369,-64,64,4,64,349538,1.0,0,110
----------O--O----OXOX----OOX------XX-----XO-------O------------ X;,2015889,180995171,5.12579313642765,63.971007332248945,-64,64,4,64,2015889,1.0,0,168
----------O--X----OOX------OO-X---XOOX---X--X------------------- X;,78790,7248012,-63.07711638532809,-7.990354105850996,-64,64,-64,-4,78790,1.0,0,234
----------O-O-----OOOX----XXOO-----XOO-------O------------------ X;,787987,70487108,10.14964206262286,63.79010313621925,-64,64,4,64,787987,1.0,0,531
----------O-O-----OOXX----OOOO-----XOO-------O------------------ X;,220006,19668625,10.624246611456051,63.61031062789197,-64,64,4,64,220006,1.0,0,205
----------O-O-----OOXX----XXOO-----XOO-------O------------------ X;,559942,50070265,8.319111622275164,63.83158255676481,-64,64,4,64,559942,1.0,0,126
----------O-O-----XOO-----XXOX-----OOOO----O-------------------- X;,504752,45063929,15.606404729451295,63.64594097695502,-64,64,4,64,504752,1.0,0,156
----------O-O-----XOOX-----XOX----OOOO----X--------------------- X;,1540915,138139095,8.087754353744366,63.95444654637018,-64,64,4,64,1540915,1.0,0,436
----------O-O-----XOXO----XXOXO----OOO-------------------------- X;,78032,6955695,27.096447611236417,63.32145786344064,-64,64,14,64,78032,1.0,0,40
----------O-O-----XOXX----XXO------OOOO----O-------------------- X;,118173,10548722,25.153292207187768,63.078249684784176,-64,64,14,64,118173,1.0,0,39
----------O-O-----XOXX---OXXO-----XOOO-------------------------- X;,177096,15792537,18.172652120883587,63.64078240050594,-64,64,4,64,177096,1.0,0,38
----------O-O-----XXXX-----XOO-----OOO----O--O------------------ X;,128769,11502280,15.143054617182708,63.51340773012138,-64,64,4,64,128769,1.0,0,133
----------O-O-----XXXX-----XOO----OOOO-------O------------------ X;,399531,35677502,13.608726231506441,63.70400794932058,-64,64,4,64,399531,1.0,0,172
----------O-O----OXOXX---XXXO------OOO-------------------------- X;,107956,9613158,29.534829004409204,62.95915002408388,-64,64,18,64,107956,1.0,0,25
----------O-O-O---XOXO----XXOX-----OOO-------------------------- X;,97417,8685169,31.477319153741135,62.656086719977004,-64,64,20,64,97417,1.0,0,22
----------O-X------OOO---XXXO----OOOOO-------------------------- X;,209713,18715923,17.244376838822582,63.6633303610172,-64,64,4,64,209713,1.0,0,61
----------O-X-----OOXO----OXOO----OOOO-------------------------- X;,10293,919405,11.630817060137957,60.63538327018362,-64,64,4,64,10293,1.0,0,6
----------O-X-----XOO-----XXOX----XOOX------O------------------- X;,2990584,277545583,-63.820873782512045,-5.212477562910789,-64,64,-64,-4,2990584,1.0,0,18952
----------O-X----OOOOO---XXXO------OOO-------------------------- X;,168271,15000967,23.91084619453144,63.001824437960195,-64,64,12,64,168271,1.0,0,57
----------O-X----OOOXO----OXOO-----OOO-------------------------- X;,2996,267582,17.548064085447262,58.251001335113486,-64,64,6,64,2996,1.0,0,7
----------O-X----OOXX----XOXO-----OOOO-------------------------- X;,89645,7988369,23.556316582073734,62.65496123598639,-64,64,12,64,89645,1.0,0,93
----------O-X----OXXX----OXXO----O-OOO-------------------------- X;,30790,2740823,25.90282559272491,62.73049691458266,-64,64,12,64,30790,1.0,0,24
----------O-X----OXXX---OOOOO------OOO-------------------------- X;,187716,16778642,16.809286368769843,63.5950371838309,-64,64,4,64,187716,1.0,0,288
----------O-X----XOOX-----OOOOO---OOO--------------------------- X;,1314845,117760046,12.600280641444428,63.90898851195388,-64,64,4,64,1314845,1.0,0,502
----------O-X----XOXX-----OOXX----XOO----X---------------------- X;,232018,21348588,-61.32349214285099,-11.068529165840582,-64,64,-64,-4,232018,1.0,0,1473
----------O-XO-----OXO----XXOO----OOOO-------------------------- X;,259545,23319946,9.521269914658344,63.75037084127993,-64,64,4,64,259545,1.0,0,1582
----------O-XO-----OXX----OOOO-----XOO-------O------------------ X;,224615,20094590,18.015279478218286,63.5856376466398,-64,64,4,64,224615,1.0,0,603
----------O-XO----OOX-----OXO-----OOOO----O--------------------- X;,168573,15074411,8.323646135502127,63.7200975245146,-64,64,4,64,168573,1.0,0,142
----------O-XO----XXO------OOO----OOOO-------O------------------ X;,182701,16409416,10.480500927745332,63.69056545941183,-64,64,4,64,182701,1.0,0,886
----------O-XO----XXX------XOO-----OOO----O--O------------------ X;,642907,57513742,8.007742955046375,63.87885339559221,-64,64,4,64,642907,1.0,0,139
----------OO-------OOX-----XOO-----XOO------OO------O----------- X;,987780,88366472,7.953465346534654,63.88056044868291,-64,64,4,64,987780,1.0,0,395
----------OO-------OXX-----XOO-----XOO------OO------O----------- X;,549994,49151264,9.165496350869283,63.83173998261799,-64,64,4,64,549994,1.0,0,218
----------OO------OOOX----XXXO-----XOO-------O------------------ X;,261575,23367706,9.169706585109433,63.67641403039281,-64,64,4,64,261575,1.0,0,57
----------OO------XOO-----XXXO-----OOOO----O-------------------- X;,153006,13686863,19.831104662562254,63.32969948890893,-64,64,10,64,153006,1.0,0,334
----------OO------XOXO----XXO------OOOO----O-------------------- X;,67895,6078152,17.788231828558803,63.02349215700714,-64,64,4,64,67895,1.0,0,226
----------OO------XOXX----XXOO-----OOOO------------------------- X;,201358,18020221,22.630141340299367,63.32344381648606,-64,64,12,64,201358,1.0,0,758
----------OOO------OXX-----OXX-----OOO----XO-------------------- X;,671184,59949986,11.995843166702425,63.78170516579656,-64,64,4,64,671184,1.0,0,107
----------OOO------OXX-----OXX----OOOO----X--------------------- X;,204649,18305345,12.302420241486644,63.77305532888018,-64,64,4,64,204649,1.0,0,53
----------OOO------XO------XO-----OOOO------OO-------O---------- X;,31599,2824540,16.981233583341243,63.24219120858255,-64,64,6,64,31599,1.0,0,23
----------OOO------XOX-----XOO----OOOO-------O------------------ X;,16544,1476221,17.60336073500967,62.02804642166344,-64,64,6,64,16544,1.0,0,11
----------OOO-----OOX-----OXO----OOOO-------O------------------- X;,22937,2047507,19.676941186728865,61.49261019313772,-64,64,10,64,22937,1.0,0,24
----------OOO-----OXX-----OXO-----OOO-----O-O------------------- X;,297,26620,-0.5858585858585859,30.65993265993266,-64,64,10,64,297,1.0,0,0
----------OOO-----OXX----OOOO-----XOO-------O------------------- X;,76165,6791018,22.010766099914658,62.12601588656207,-64,64,10,64,76165,1.0,0,10
----------OOO-----OXXX----OXO-----OOOO-------------------------- X;,3470,309300,24.655907780979827,60.43976945244957,-64,64,16,64,3470,1.0,0,1
----------OOO-----XOO-----OXO-----OOOO----O--------------------- X;,6472,576891,30.491347342398022,60.156983930778736,-64,64,20,64,6472,1.0,0,1
----------OOO-----XOX-----OXO-----OOOO----O--------------------- X;,800,71213,33.225,56.4525,-64,64,64,64,800,1.0,0,0
----------OOO-----XOX-----OXO----OOOO-------O------------------- X;,727,65060,11.909215955983495,31.061898211829437,-64,64,20,64,727,1.0,0,0
----------OOO-----XOXX----OXO----O-OOO-------------------------- X;,65190,5819473,23.942751955821446,62.70200951066114,-64,64,14,64,65190,1.0,0,18
----------OOO-----XOXX----XXOX-----OOO-------------------------- X;,304798,27257146,19.44655148655831,63.55693934999574,-64,64,6,64,304798,1.0,0,746
----------OOO-----XXO-----OXO-----OOO-----O-O------------------- X;,88,7912,-2.590909090909091,9.545454545454545,-64,64,4,64,88,1.0,0,0
----------OOO-----XXOX-----XOO-----XO-------O-------O----------- X;,121387,10858381,21.017423612083665,62.88976579040589,-64,64,8,64,121387,1.0,0,197
----------OOO-----XXOX-----XOO-----XOO-------O------------------ X;,284018,25386698,11.475998000126753,63.51792492025153,-64,64,4,64,284018,1.0,0,264
----------OOO-----XXOX----XXOO-----OOO-------------------------- X;,137469,12276342,19.334817304264963,63.12537372062065,-64,64,6,64,137469,1.0,0,99
----------OOO-----XXXO----XXO-O----OOO-------------------------- X;,4054,361370,28.750370004933398,55.8347311297484,-64,64,28,64,4054,1.0,0,0
----------OOO----OXXX-----OXO-----XOO-------O------------------- X;,12337,1099540,19.23157980059982,61.37715814217395,-64,64,4,64,12337,1.0,0,1
----------OOO----OXXXX----OXO------OOO-------------------------- X;,14667,1310293,26.626303947637552,61.42796754619213,-64,64,16,64,14667,1.0,0,11
----------OOO-O---XXXO----XXO------OOO-------------------------- X;,48030,4294215,25.90468457214241,62.19100562148657,-64,64,14,64,48030,1.0,0,9
----------OOOO-----OXO-----XXO-----XOO-------O------------------ X;,43119,3846503,11.181381757461908,62.968343421693454,-64,64,4,64,43119,1.0,0,22
----------OOOO-----OXX-----XOO-----XOO-------O------------------ X;,210224,18759428,12.52889299033412,63.48056358931426,-64,64,4,64,210224,1.0,0,13
----------OOOX-----OOO----XXOO-----OOO-------------------------- X;,952720,85337557,14.838227391048786,63.74880972373835,-64,64,4,64,952720,1.0,0,787
----------OOOX-----OXX-----XOO-----XOO-------O------------------ X;,282163,25202250,11.511488040600646,63.51736407679249,-64,64,4,64,282163,1.0,0,51
----------OOX------OOOO----XXO-----XOO-------O------------------ X;,185730,16633326,15.147181392343725,63.18594734291714,-64,64,4,64,185730,1.0,0,703
----------OOX------OXX----OOOO-----XOO-------O------------------ X;,753419,67440559,7.67465115692596,63.864861385231855,-64,64,4,64,753419,1.0,0,455
----------OOX-----OOXX-----OXO-----XOO-------O------------------ X;,260887,23308443,9.181270051784873,63.68186226220548,-64,64,4,64,260887,1.0,0,98
----------OOX-----OXX-----OXO-----OOO-----O-O------------------- X;,10089,900295,16.282089404301715,63.015561502626625,-64,64,4,64,10089,1.0,0,7
----------OOX-----OXX----OOOO-----XOO-------O------------------- X;,677767,60594663,10.604756501865685,63.755553162074875,-64,64,4,64,677767,1.0,0,141
----------OOX-----XOX-O---XXOO-----OOO-------------------------- X;,49184,4391114,23.13866297983084,62.45116297983084,-64,64,8,64,49184,1.0,0,72
----------OOX-----XXX-----XXO----OOOO-------O------------------- X;,389422,34753947,16.48317249667456,63.65976755293743,-64,64,6,64,389422,1.0,0,59
----------OOX----OXOX----XXOO------OOO-------------------------- X;,392467,35027973,18.328491312645394,63.496431547110966,-64,64,6,64,392467,1.0,0,386
----------OOX----OXXX-----OXO-----XOO-------O------------------- X;,55563,4946362,25.822183827367134,62.53816388603927,-64,64,12,64,55563,1.0,0,11
----------OX-------OXO----OXOO----OOOO----O--------------------- X;,120118,10864485,9.494180722289748,63.58673970595581,-64,64,4,64,120118,1.0,0,1378
----------OX-------X-X----OXOO----OXO-----O-O-----O------------- X;,1199959,108145327,6.296685136742172,63.98461280760426,-64,64,4,64,1199959,1.0,0,5981
----------OX-------X-X----OXOO----XOO-----O-O----O-------------- X;,580882,51849704,11.879362762144464,63.9259402081662,-64,64,4,64,580882,1.0,0,34
----------OX-------X-X----OXOO---OOOO-----X-O------------------- X;,959682,85710401,11.329150697835324,63.901133917276766,-64,64,4,64,959682,1.0,0,127
----------OX------OOOO----OXOO----OOOO-------------------------- X;,285982,25601626,8.386583771006567,63.84018574595604,-64,64,4,64,285982,1.0,0,75
----------OX------OOX----XOXXX----XXX------X-------------------- X;,36345,3339345,-59.0947860778649,-14.398954464162884,-64,64,-64,-4,36345,1.0,0,252
----------OX------OX------OXO----OOOO-----O-O-----O------------- X;,20750,1852037,30.580048192771084,62.39498795180723,-64,64,22,64,20750,1.0,0,16
----------OX------OX------OXOO----OOO-----O-O-------O----------- X;,29144,2602215,19.845182541861103,62.43803184188855,-64,64,6,64,29144,1.0,0,17
----------OX------OXOO----OXO-----OOO----O--O------------------- X;,114000,10171317,13.661456140350877,63.28159649122807,-64,64,4,64,114000,1.0,0,32
----------OX------OXOO----OXO-----OOOO---O---------------------- X;,169712,15157543,9.27365183369473,63.61175403035731,-64,64,4,64,169712,1.0,0,44
----------OX------OXX-----OOOOO---OOOO-------------------------- X;,484463,43300535,9.937200570528606,63.81880143581657,-64,64,4,64,484463,1.0,0,64
----------OX------OXX----OOXO-----OOOO----O--------------------- X;,238004,21244484,11.636132165845952,63.6358632628023,-64,64,4,64,238004,1.0,0,75
----------OX------OXX----XOXO----OOOOO-------------------------- X;,177837,15874786,23.642324150767276,63.27216496004768,-64,64,10,64,177837,1.0,0,220
----------OX------OXX-O---OXXO----OOOO-------------------------- X;,642285,57466452,7.105070179126089,63.92457242501382,-64,64,4,64,642285,1.0,0,94
----------OX------XOXX-----XOX-----XOX----XO-------------------- X;,156729,14389893,-62.800757996286585,-7.494413924672524,-64,64,-64,-4,156729,1.0,0,423
----------OX------XX------XXOO---OOOO-------O-------O----------- X;,149389,13331740,21.295771442341806,63.543366646807996,-64,64,10,64,149389,1.0,0,16
----------OX------XX-----OOXO-----OOO-----OOO------------------- X;,273138,24392468,15.338349112902636,63.57036369893607,-64,64,4,64,273138,1.0,0,210
----------OX------XX-O-----XO------OOOO---OO-----O-------------- X;,300305,26855271,7.8775711360117215,63.89377466242653,-64,64,4,64,300305,1.0,0,22
----------OX------XXX------XOOO----OO-----O-O----O-------------- X;,121366,10835497,16.723283291860984,63.79447291663234,-64,64,4,64,121366,1.0,0,13
----------OX------XXX-----OXOO----OOO-----O-O------------------- X;,58577,5225442,20.224968844426993,63.288765215016134,-64,64,6,64,58577,1.0,0,23
----------OX------XXX-----OXOO----OOO-----OO-------------------- X;,169831,15176562,14.826939722429945,63.310279042106565,-64,64,4,64,169831,1.0,0,149
----------OX------XXX-----OXOO----OOOO----O--------------------- X;,53493,4775580,17.01994653506066,63.40332379937562,-64,64,4,64,53493,1.0,0,23
----------OX------XXX----OXXO-----OOOO-----O-------------------- X;,100023,8950202,21.014046769243073,63.14143746938204,-64,64,6,64,100023,1.0,0,296
----------OX------XXX----OXXO----OOOOO-------------------------- X;,30104,2684343,24.396824342280095,62.39077863406856,-64,64,10,64,30104,1.0,0,61
----------OX------XXX---OOOOO----O-OOO-------------------------- X;,482935,43169275,13.046385124292089,63.6972677482477,-64,64,4,64,482935,1.0,0,115
----------OX------XXXX-----XOO-----OO-----O-O-------O----------- X;,563115,50630692,9.414286602203813,63.90217983893166,-64,64,4,64,563115,1.0,0,1494
----------OX------XXXX-----XOO----OOO-------O-------O----------- X;,2709056,243056464,6.844242422452692,63.960960570767085,-64,64,4,64,2709056,1.0,0,587
----------OX-----OO-X----XOXXX----XOO----X---------------------- X;,115994,10662008,-62.03984688863217,-8.882442195285963,-64,64,-64,-4,115994,1.0,0,413
----------OX-----OXX------XXO---OOOOO-------O------------------- X;,58408,5198892,28.202609231612108,63.429872620189016,-64,64,16,64,58408,1.0,0,10
----------OX-----OXX----O-OXO-----OOO-----O-O------------------- X;,11784,1049643,21.728615071283095,61.23862864901562,-64,64,8,64,11784,1.0,0,1
----------OX-----OXXX----OOXO-----XOOO-------------------------- X;,241785,21594714,15.790508096035735,63.28648179167442,-64,64,4,64,241785,1.0,0,46
----------OX-----OXXX----OOXO----O-OOO-------------------------- X;,16629,1480491,31.59300018040772,60.29033615972097,-64,64,24,64,16629,1.0,0,3
----------OX-----XXXO-----OOO-----OOO-----O-O------------------- X;,527630,47138161,16.366775960426814,63.70639273733487,-64,64,4,64,527630,1.0,0,116
----------OX--O----XXO-----XOO----OOOO-------O------------------ X;,113418,10116766,23.80772011497293,63.02800260981502,-64,64,12,64,113418,1.0,0,21
----------OX-O----XXO-----OOO-----OOOO----O--------------------- X;,181235,16234683,10.521863878389937,63.6883162744503,-64,64,4,64,181235,1.0,0,396
----------OX-X-----OXO----OXOO---O-OOO-------------------------- X;,629547,56341104,7.091419703374013,63.93993776477372,-64,64,4,64,629547,1.0,0,154
----------OX-X----OOXO----XOOO-----OOO-------------------------- X;,286118,25737938,15.545942583130037,63.55307949866838,-64,64,4,64,286118,1.0,0,1954
----------OX-X---O-OXO----OXOO-----OOO-------------------------- X;,83801,7487258,16.76147062684216,63.45621173971671,-64,64,4,64,83801,1.0,0,139
----------OXO-----OXXX----OXO-----OOOO-------------------------- X;,2359,209987,24.13734633319203,55.50317931326833,-64,64,16,64,2359,1.0,0,0
----------OXO-----XOXX----OXO----O-OOO-------------------------- X;,63343,5644974,24.69696730499029,63.20420567387083,-64,64,14,64,63343,1.0,0,18
----------OXO-----XXXO----XXO-O----OOO-------------------------- X;,17493,1558242,27.228720059452353,61.68593151546333,-64,64,16,64,17493,1.0,0,3
----------OXO-----XXXX---OOOO------OOO-------------------------- X;,41558,3702401,30.23153183502575,62.29852254680206,-64,64,20,64,41558,1.0,0,10
----------OXO----OXXXX----OXO------OOO-------------------------- X;,8241,732782,34.483921854143915,61.84564979978158,-64,64,30,64,8241,1.0,0,1
----------OXO-O---XXXO----XXO------OOO-------------------------- X;,105324,9396870,31.767080627397366,63.07713341688504,-64,64,20,64,105324,1.0,0,5
----------OXX------OXO----XXOO-----OOOO------------------------- X;,161537,14428559,17.8253774677009,63.25314943325678,-64,64,6,64,161537,1.0,0,174
----------OXX-----OOOO----XOOO-----OOO-------------------------- X;,1573163,142040069,6.185817998516365,63.95235585886523,-64,64,4,64,1573163,1.0,0,8300
----------X--------X-------OXXX----OOOO---XXXO------------------ X;,370741,34145207,-63.45145532865262,-5.755435735459526,-64,64,-64,-4,370741,1.0,0,1150
----------X--------X-------OXXX---OOOX----XOOO------------------ X;,728915,67058807,-63.311546613802705,-6.149883045348223,-64,64,-64,-4,728915,1.0,0,1663
----------X--------X------OOXX----XOOO----XOOO------------------ X;,2500906,231057266,-63.79130842982503,-4.91959873741756,-64,64,-64,-4,2500906,1.0,0,6186
----------X--------X------OOXX----XOOXX---XOO------------------- X;,358054,32926567,-63.02210281130779,-6.812100968010411,-64,64,-64,-4,358054,1.0,0,1383
----------X--------X------XXXX-----OO-----XOOO-----OO----------- X;,91764,8427451,-61.097489211455475,-9.950982956279152,-64,64,-64,-4,91764,1.0,0,303
----------X--------X------XXXXX---XXOOO----OO------------------- X;,608496,55949011,-63.23582735137125,-6.575602797717651,-64,64,-64,-4,608496,1.0,0,1728
----------X--------X-----OXXXX----OXXO---OOO-------------------- X;,1966813,181909773,-63.17771745458262,-8.290278740276783,-64,64,-64,-4,1966813,1.0,0,14527
----------X--------X-O----XXXXO----XXO-----OOO------------------ X;,2385299,220358463,-63.38775809657405,-6.984404890120693,-64,64,-64,-4,2385299,1.0,0,9613
----------X--------X-X-----OXX---OOOOO----XO-O------------------ X;,2354346,218084749,-63.92252710519185,-4.2192532448501625,-64,64,-64,-4,2354346,1.0,0,5450
----------X--------X-XO---XOOO----XXOX-----OO------------------- X;,950358,88034038,-63.70329917778353,-5.524345562409113,-64,64,-64,-4,950358,1.0,0,6526
----------X--------X-XO---XOXO----OOOX----XO-------------------- X;,810005,74738616,-63.886647613286335,-4.774501391966716,-64,64,-64,-4,810005,1.0,0,2136
----------X--------X-XX--XXOXX-----OO-----OOO------------------- X;,121170,11121128,-63.18438557398696,-5.9272922340513325,-64,64,-64,-4,121170,1.0,0,223
----------X--------X-XXX--XOOO-----OOOO----O-------------------- X;,601928,55687373,-63.82940152310575,-4.560076952725243,-64,64,-64,-4,601928,1.0,0,1891
----------X--------XO------OOX----XXOXX---XOO------------------- X;,663827,61124681,-63.64949301549952,-5.268936033032703,-64,64,-64,-4,663827,1.0,0,1892
----------X--------XO-----XXOX----XOOO-----OOO------------------ X;,2439469,225346501,-63.80380238486326,-5.185126763242328,-64,64,-64,-4,2439469,1.0,0,6782
----------X--------XO-----XXOXX---XXOX-----OO------------------- X;,661672,60886541,-63.619131533448595,-5.449618542117545,-64,64,-64,-4,661672,1.0,0,1659
----------X--------XOO----XXOO----XOOX----OO-------------------- X;,2171605,201129957,-63.88581809306941,-4.382610097140134,-64,64,-64,-4,2171605,1.0,0,5208
----------X--------XOO----XXOOO---XXXX-------O------------------ X;,563616,51816065,-62.618303951626636,-8.604578294441605,-64,64,-64,-4,563616,1.0,0,2008
----------X--------XOO----XXOX-----XOX-----XOO------------------ X;,857697,78797767,-63.03403416357991,-7.212034086629661,-64,64,-64,-4,857697,1.0,0,1788
----------X--------XOOO----XX-----OXOO----OO------O------------- X;,169572,15208794,8.924846083079753,63.881914467011065,-64,64,4,64,169572,1.0,0,484
----------X--------XOOO----XXO-----OOOO---O------O-------------- X;,264427,23660639,9.482942362164227,63.81147159707594,-64,64,4,64,264427,1.0,0,19
----------X--------XOX----XOOOO----XOX----XO-------------------- X;,248585,22847779,-63.64943178389686,-5.624546935655812,-64,64,-64,-4,248585,1.0,0,568
----------X--------XOX----XOOOO---XXOX-----O-------------------- X;,527469,48864328,-63.352496544820646,-6.802591242328933,-64,64,-64,-4,527469,1.0,0,4683
----------X--------XOX----XOOX----XXOX-----OO------------------- X;,215352,19754680,-63.41910917939002,-5.80840670158624,-64,64,-64,-4,215352,1.0,0,295
----------X--------XOX---XXOXX---OOOO-------O------------------- X;,1183245,109705506,-63.550395733766045,-5.826008983769211,-64,64,-64,-4,1183245,1.0,0,11046
----------X--------XX------OX-----OOOXX---XOOO------------------ X;,458461,42168235,-63.51758164816636,-5.521014873675187,-64,64,-64,-4,458461,1.0,0,942
----------X--------XX------OX-----XOOXX--XXOO------------------- X;,65445,6006308,-63.26830162732065,-5.96192222476889,-64,64,-64,-4,65445,1.0,0,171
----------X--------XX------OX----OOOXXX--XOX-------------------- X;,71771,6581667,-60.97524069610288,-9.389363391899234,-64,64,-64,-4,71771,1.0,0,177
----------X--------XX-----OOX-----OOXXX---XXO------------------- X;,413548,38008479,-62.62393724549508,-8.290607136293731,-64,64,-64,-4,413548,1.0,0,1559
----------X--------XX-----OOX-----XOOX----XOOO------------------ X;,958505,88252870,-63.55985623444844,-5.789601514859077,-64,64,-64,-4,958505,1.0,0,2636
----------X--------XX-----OXX-----XXOX-----OOO----O------------- X;,1301165,120064355,-63.69814742941902,-5.861335034373043,-64,64,-64,-4,1301165,1.0,0,3889
----------X--------XX-----XOX----XXOOOO-----OO------------------ X;,417282,38390362,-63.57523689016061,-5.863976878945174,-64,64,-64,-4,417282,1.0,0,938
----------X--------XX----XXXX-----XOOO------OO-------O---------- X;,410689,37751052,-62.79870169398255,-7.434404135489385,-64,64,-64,-4,410689,1.0,0,935
----------X--------XXXX---OOOO----XOOO-----O-------------------- X;,2537528,235258156,-63.81420579398533,-4.834557096512826,-64,64,-64,-4,2537528,1.0,0,13227
----------X-------OOO-----XOXXX----XOX----XO-------------------- X;,282313,25963761,-63.29758105365322,-6.278570239415117,-64,64,-64,-4,282313,1.0,0,864
----------X-------OOO-----XOXXX---XXOX-----O-------------------- X;,935658,86329240,-63.672568395717235,-6.098253849162835,-64,64,-64,-4,935658,1.0,0,3742
----------X-------OOOO-----OX-X---OOXX----X-X------------------- X;,218189,20061342,-62.96561238192576,-8.01935936275431,-64,64,-64,-4,218189,1.0,0,994
----------X-------OOOX----XOXX-----OOX----XO-------------------- X;,427003,39424456,-63.27068896471453,-5.894159994192078,-64,64,-64,-4,427003,1.0,0,2243
----------X-------OXOO-----XOX----XOXX---XO--------------------- X;,1210099,111471143,-63.6003070823131,-5.750327865736605,-64,64,-64,-4,1210099,1.0,0,4235
----------X-------OXOO-----XX-----OXOO----OO------O------------- X;,86892,7763273,11.99921741932514,63.85333517469963,-64,64,4,64,86892,1.0,0,36
----------X-------OXX------OOO----XOOX---XX---X----------------- X;,479292,44119906,-63.71741652270432,-5.032552181133839,-64,64,-64,-4,479292,1.0,0,991
----------X-------OXX------OXX----XOOO-----OOO------------------ X;,2922494,270973401,-63.87741976544691,-4.5661500074936,-64,64,-64,-4,2922494,1.0,0,16638
----------X-------OXX-----XOOO----XXOX-----OO------------------- X;,1384369,127948439,-63.84720403302877,-4.596394458413905,-64,64,-64,-4,1384369,1.0,0,3235
----------X-------OXXX----XOOX----XOOO-----O-------------------- X;,1851874,171006822,-63.78573596259789,-4.9453418537114295,-64,64,-64,-4,1851874,1.0,0,5429
----------X-------X-OX----XOXX----OXO----OX-O------------------- X;,2369459,218941439,-63.8063490442333,-5.237017395110023,-64,64,-64,-4,2369459,1.0,0,8271
----------X-------X-X-----XOOX----XOXXX---XO-------------------- X;,228223,20975337,-63.34044333831384,-6.25638082051327,-64,64,-64,-4,228223,1.0,0,614
----------X-------X-XX----XOXO----XOOO----XO-------------------- X;,351685,32344631,-63.535226125652216,-5.493410296145699,-64,64,-64,-4,351685,1.0,0,1149
----------X-------XOO-----XXOX-----XOX-----XOO------------------ X;,1135998,104512087,-63.47235998654927,-6.035341611516921,-64,64,-64,-4,1135998,1.0,0,3042
----------X-------XOO-----XXOX----XOX-----OOO------------------- X;,3085287,285321237,-63.838724890099364,-4.811754627689417,-64,64,-64,-4,3085287,1.0,0,8783
----------X-------XOX-----XOOXX---XOOO----X--------------------- X;,280698,25865785,-63.11925984510043,-6.424869432628661,-64,64,-64,-4,280698,1.0,0,1732
----------X-------XX------XOX----OOXXX---OX-O------------------- X;,130633,12009588,-62.43335145024611,-8.347982515903333,-64,64,-64,-4,130633,1.0,0,448
----------X-------XX------XOX----X-OOOO---OOO------------------- X;,660206,60844370,-63.68895768896375,-5.415231003656435,-64,64,-64,-4,660206,1.0,0,1458
----------X-------XX------XOX----XOOOX--X---OO------------------ X;,335973,31119103,-63.61675491780589,-5.4703622017245435,-64,64,-64,-4,335973,1.0,0,2913
----------X-------XX------XOX---XXXXOX------OO------------------ X;,118997,10943719,-62.989991344319606,-6.523458574585914,-64,64,-64,-4,118997,1.0,0,465
----------X-------XX------XOXX---X-OOO-----OO------O------------ X;,707639,65160226,-63.614026360898706,-5.18973092212272,-64,64,-64,-4,707639,1.0,0,1424
----------X-------XX------XOXXX---OOOX----XO-------------------- X;,138913,12775029,-63.373939084174985,-5.401092770295077,-64,64,-64,-4,138913,1.0,0,602
----------X-------XX------XOXXX--X-OO------OO-------O----------- X;,165193,15167901,-62.33605540186328,-7.191745412941226,-64,64,-64,-4,165193,1.0,0,459
----------X-------XX-----XXOXX-----OOO----OOO------------------- X;,726543,66856683,-63.53098990699793,-5.793259311561738,-64,64,-64,-4,726543,1.0,0,1455
----------X-------XX-O----XOOX---X-OO-----OOO------------------- X;,943147,87078808,-63.86865886229824,-4.479344153138376,-64,64,-64,-4,943147,1.0,0,1790
----------X-------XX-X----XOXX----OOOO----XO-------------------- X;,275061,25263305,-63.645125990234895,-5.3119562569757255,-64,64,-64,-4,275061,1.0,0,626
----------X-------XX-X---XXOOO-----OO-----OOO------------------- X;,545541,50234611,-63.750750172764285,-4.975926648959473,-64,64,-64,-4,545541,1.0,0,1163
----------X-------XXO-----XOXO----OOOX----XO-------------------- X;,1245841,115011863,-63.73734047924253,-5.148546243059909,-64,64,-64,-4,1245841,1.0,0,4091
----------X-------XXO-----XXOO----XXOX-----OO------------------- X;,1583851,146339218,-63.8079124867175,-4.835348779651621,-64,64,-64,-4,1583851,1.0,0,5487
----------X-------XXO-----XXOX-----XOX-----XOO------------------ X;,649390,59655563,-63.48098369238824,-5.81951061765657,-64,64,-64,-4,649390,1.0,0,1362
----------X-------XXOO----XXOX----XOOX------O------------------- X;,1245314,115003936,-63.69263173785888,-5.315538089188751,-64,64,-64,-4,1245314,1.0,0,5139
----------X-------XXOOO---XOXO----OOOO-------------------------- X;,1547492,139127191,6.877798398957798,63.966368808368635,-64,64,4,64,1547492,1.0,0,5248
----------X-------XXOOO---XXOO-----OOO----O--------------------- X;,1588029,142397191,6.865354474005198,63.97215416091268,-64,64,4,64,1588029,1.0,0,869
----------X-------XXOX-----OOOO----XOX----XO-------------------- X;,449547,41632921,-63.64409950461242,-5.417996338536349,-64,64,-64,-4,449547,1.0,0,3177
----------X-------XXOX-----OOOO---XXOX-----O-------------------- X;,1127244,104490495,-63.778495161650895,-5.071798120016607,-64,64,-64,-4,1127244,1.0,0,8216
----------X-------XXX-----XOX-----XOOOO-----OO------------------ X;,316882,29192132,-62.85280325168359,-7.624667857435891,-64,64,-64,-4,316882,1.0,0,1518
----------X-------XXXX-----OOOO----XOX----XO-------------------- X;,685242,63287258,-63.547024262961116,-5.378622442874196,-64,64,-64,-4,685242,1.0,0,4178
----------X-------XXXX----XXXX----OOO------X-O------------------ X;,462177,42813179,-63.55231870041131,-5.179976502508779,-64,64,-64,-4,462177,1.0,0,3797
----------X-------XXXX---OXOX-----OOO----X-O-------------------- X;,544498,50251645,-63.17675730673024,-5.824965380956404,-64,64,-64,-4,544498,1.0,0,3054
----------X------OOOO-----XXXO----XXXX-----O-------------------- X;,8177508,749784340,-42.27869932991811,14.724742794504145,-64,64,-64,-4,8177508,1.0,0,31801
----------X------OX-X-----OOX-----XOXXX---XO-------------------- X;,136796,12565194,-62.4033451270505,-7.7571420216965405,-64,64,-64,-4,136796,1.0,0,416
----------X------OXOOO---OOXO----O-OOO-------------------------- X;,9253,825950,24.70571706473576,58.40808386469253,-64,64,14,64,9253,1.0,0,10
----------X------OXOOO--OOOOO------OOO-------------------------- X;,68963,6198024,12.560967475312848,63.6527703261169,-64,64,4,64,68963,1.0,0,343
----------X------XXX-O----XOOX-----OO-----XO-O------------------ X;,613172,56426205,-63.80026159054882,-4.675285238073493,-64,64,-64,-4,613172,1.0,0,827
----------X------XXXO------OOX-----XOX-----XOO------------------ X;,814197,74908125,-63.486082606543626,-5.531698102547663,-64,64,-64,-4,814197,1.0,0,1426
----------X------XXXO-----XOXX----OOO------X-O------------------ X;,970686,89541844,-63.7024825741795,-5.211506089507832,-64,64,-64,-4,970686,1.0,0,2562
----------X---X----X-XO---XXXO-----XO------XOO------------------ X;,240574,22052863,-60.42431019145876,-12.257733587170684,-64,64,-64,-4,240574,1.0,0,541
----------X---X---OX-X----XOXX-----XO------OOO------------------ X;,824087,75892057,-63.807915911790865,-4.899407465473912,-64,64,-64,-4,824087,1.0,0,768
----------X--X-----X-X----XXOOO----XO------OOO------------------ X;,716142,66018049,-63.70164855573336,-5.54707027377252,-64,64,-64,-4,716142,1.0,0,1309
----------X--X-----XX-----XXOO----XOOX----OO-------------------- X;,940112,86558440,-63.681931514542946,-5.384262726143268,-64,64,-64,-4,940112,1.0,0,2295
----------X--X-----XX----XXOXX----OOO----O--O------------------- X;,278926,25628070,-62.819543534844364,-8.2495787413149,-64,64,-64,-4,278926,1.0,0,534
----------X--X-----XXX----XOX----OOOO-----XO-------------------- X;,313047,28786334,-63.218155740192365,-6.021587812692663,-64,64,-64,-4,313047,1.0,0,1022
----------X--X----OX-X----XOOX-----XO------XOO------------------ X;,178349,16399674,-63.39501763396487,-5.5047575259743535,-64,64,-64,-4,178349,1.0,0,300
----------X--X----OXX-----XOOX----XOOO-----O-------------------- X;,1148408,105952484,-63.733800182513534,-5.464770360359733,-64,64,-64,-4,1148408,1.0,0,3353
----------X--X----X-X----OOOO-----XOOX----X-O------------------- X;,391326,36087561,-63.65139551167058,-5.625090078348998,-64,64,-64,-4,391326,1.0,0,1319
----------X--X----X-X-O-XXXXXO-----OO-----O--------------------- X;,541637,49864636,-63.709835184819354,-5.028570795569727,-64,64,-64,-4,541637,1.0,0,858
----------X--X----XXX------XOO----XOOX----OO-------------------- X;,957414,88198628,-63.72830771223316,-4.887795666242607,-64,64,-64,-4,957414,1.0,0,2078
----------X--X----XXX-----XXOO-----OOO-----O-O------------------ X;,755489,69806763,-63.61155225291169,-5.646485918391929,-64,64,-64,-4,755489,1.0,0,3884
----------X--X----XXX----OOOXX----XOO-----O--------------------- X;,650485,59953838,-62.42054467051508,-9.078373828758542,-64,64,-64,-4,650485,1.0,0,4018
----------X--X---OX-X----OOXXX----XOO-----O--------------------- X;,349256,32119357,-62.47282795427996,-9.155444716769361,-64,64,-64,-4,349256,1.0,0,1478
----------X-O------XOO-----XO-----XOOX---X-X--X----------------- X;,338353,31215528,-63.72976743223793,-4.841080173664782,-64,64,-64,-4,338353,1.0,0,913
----------X-O------XOO-----XOXX---XOOO-----O-------------------- X;,3355160,311666493,-63.73978945862493,-5.239301851476531,-64,64,-64,-4,3355160,1.0,0,24937
----------X-O------XOX----XOOX-----XOX----XO-------------------- X;,161293,14844843,-63.287433428605084,-5.949297241665788,-64,64,-64,-4,161293,1.0,0,720
----------X-O------XOX----XOOX----XXOX-----O-------------------- X;,336792,31049165,-63.311717617995676,-5.664707000166275,-64,64,-64,-4,336792,1.0,0,1481
----------X-O-----XXO-----XOOO----OOOO-------O------------------ X;,1373863,122902146,8.323888189724885,63.944023530730504,-64,64,4,64,1373863,1.0,0,378
----------X-O-----XXO-----XXOO-----OOO----O--O------------------ X;,188607,16841478,22.235155641094977,63.65837959354637,-64,64,8,64,188607,1.0,0,89
----------X-OX----X-O----XOOOX--X--OO-----O--------------------- X;,227590,21047565,-63.773346807856235,-4.7758776747660265,-64,64,-64,-4,227590,1.0,0,596
----------X-X------XXX---OOOX-----OOO----XO--------------------- X;,173521,15979751,-62.197255663579625,-8.212377752548683,-64,64,-64,-4,173521,1.0,0,928
----------X-X-----OOOOO---OOOO----OOO--------------------------- X;,878117,78688325,10.285927729448353,63.88336406196441,-64,64,4,64,878117,1.0,0,457
----------X-X-----OXOO----OXXO---O-XO-O------------------------- X;,754222,67580780,12.639694943928976,63.89974039473789,-64,64,4,64,754222,1.0,0,1498
----------X-X-----OXOO----OXXO---O-XOO-------------------------- X;,789961,70978576,14.98149402312266,63.81087420771405,-64,64,4,64,789961,1.0,0,3751
----------X-X-----OXOOO---OXXO---O-XO--------------------------- X;,694890,62329796,11.60368115816892,63.91267394839471,-64,64,4,64,694890,1.0,0,1249
----------X-X----OX-X-----OOXX----XOO-----XO-------------------- X;,386239,35580103,-62.64709674579729,-8.7026478423981,-64,64,-64,-4,386239,1.0,0,2091
----------X-XO-----XOX--XXXOX-----OOO--------------------------- X;,128862,11856887,-61.823051015815366,-9.85572162468377,-64,64,-64,-4,128862,1.0,0,778
----------X-XO----OXO-----OOOOO---OOO--------------------------- X;,1154266,103222133,8.58855064603826,63.90390256665275,-64,64,4,64,1154266,1.0,0,192
----------XO-------OO-----XOXX----XOOO----XO-------------------- X;,1884069,174785484,-63.868313740101875,-4.6422556711033405,-64,64,-64,-4,1884069,1.0,0,12357
----------XO-------X-------OOOX---OOOX----XOX------------------- X;,1378643,127700100,-63.85724368092392,-4.436092592498565,-64,64,-64,-4,1378643,1.0,0,6555
----------XO-------X-O-----OX-----OOOX----XO-O--------O--------- X;,720293,64638037,5.051855286668064,63.99471326251956,-64,64,4,64,720293,1.0,0,3
----------XO-------XO------OX----XXOOX----XOO------------------- X;,553843,50990375,-63.574218686523075,-5.598911604913305,-64,64,-64,-4,553843,1.0,0,1641
----------XO-------XO-----XOOO----XXOX----X-O------------------- X;,667607,61547178,-63.62612135582761,-4.953414209257842,-64,64,-64,-4,667607,1.0,0,1929
----------XO------OXXX---O-OX-----OOOO----X--------------------- X;,916083,82164253,10.963569894867605,63.93657561596493,-64,64,4,64,916083,1.0,0,2114
----------XO------XOOX----XOXX----XOO-------O------------------- X;,1981240,183342455,-63.76290807776948,-5.0957218711514,-64,64,-64,-4,1981240,1.0,0,8602
----------XO------XOXX-----OXX----XXOX-----O-------------------- X;,1128083,104132900,-63.64499597990574,-5.347891954758648,-64,64,-64,-4,1128083,1.0,0,4198
----------XO------XXO----OXXXO-----OOOO------------------------- X;,303780,27174110,9.673948252024491,63.94477582460991,-64,64,4,64,303780,1.0,0,48
----------XO------XXOX-----OOO----OOOO----X--------------------- X;,1488994,133566730,7.945416838482895,63.96323423734414,-64,64,4,64,1488994,1.0,0,580
----------XO------XXX-----XOX-----XOOX------OO------------------ X;,1473947,135895087,-63.68750165372296,-5.2266031275208675,-64,64,-64,-4,1473947,1.0,0,3267
----------XO------XXX----OOOOOO----OOO-------------------------- X;,149948,13381972,20.680755995411744,63.382452583562305,-64,64,8,64,149948,1.0,0,49
----------XO------XXX-O--OXXXO-----OOO-------------------------- X;,384911,34472620,10.459462057462634,63.9144633434742,-64,64,4,64,384911,1.0,0,79
----------XO------XXXO---OXXOO-----OOO-------------------------- X;,73723,6579934,18.645822877528044,62.87470667227324,-64,64,4,64,73723,1.0,0,39
----------XO-----XXOXX-----OXX-----XO------X-O------------------ X;,551554,51116800,-63.505633174630226,-5.775126279566462,-64,64,-64,-4,551554,1.0,0,4438
----------XO-O----XXOX-----OX-----OOOO----X--------------------- X;,639071,57290953,13.005647259850626,63.91690125197357,-64,64,4,64,639071,1.0,0,1073
----------XOO-----XXO-----OXO-----OOO-----O-O------------------- X;,19849,1770642,21.792835911129025,62.40979394427931,-64,64,8,64,19849,1.0,0,8
----------XOO-----XXO----OXXOX-----OOO-------------------------- X;,259283,23161914,18.537281657493935,63.492585321829814,-64,64,4,64,259283,1.0,0,96
----------XOO-----XXOX-----OO-----OOOO----X--------------------- X;,775618,69447715,12.615140442846865,63.89880843404872,-64,64,4,64,775618,1.0,0,194
----------XOO-----XXX-----OXX-----OOOO----O--------------------- X;,44719,3989509,19.675574140745546,63.17194033855856,-64,64,6,64,44719,1.0,0,29
----------XOX-----XOX-----XOXX----XOO----X---------------------- X;,149183,13723298,-62.23615291286541,-7.202321980386505,-64,64,-64,-4,149183,1.0,0,733
----------XOX-----XOX----XXOXX----OOO--------------------------- X;,266331,24615289,-61.64273779620097,-8.999342922904205,-64,64,-64,-4,266331,1.0,0,2708
----------XX-------XX-----XXOOO---XOOO-----O-------------------- X;,1454551,134177335,-63.80247237807406,-4.903377055874975,-64,64,-64,-4,1454551,1.0,0,3071
----------XX------OXOOO----XO------OOO----O------O-------------- X;,236318,21115320,12.900777765553196,63.6899601384575,-64,64,4,64,236318,1.0,0,28
----------XX------XXXO----XOOX----XOO----X---------------------- X;,249151,22918917,-62.774582482109246,-6.2423028605143065,-64,64,-64,-4,249151,1.0,0,1073
----------XX-----OX-X-----OOXX----XOO-----XO-------------------- X;,433712,40343798,-63.04349891172022,-7.2172962703360755,-64,64,-64,-4,433712,1.0,0,6561
----------XX-----XXXX------OOX-----OO-----OX-O------------------ X;,610915,56643027,-63.81394465678532,-4.620983279179591,-64,64,-64,-4,610915,1.0,0,4563
----------XXX-----OOO------OXO----OXXX----X--------------------- X;,145180,13371521,-60.610235569637695,-11.144413831106213,-64,64,-64,-4,145180,1.0,0,1261
---------O--------O------XXXX-----OOOOO---OO------O------------- X;,351229,31435595,12.117831955789528,63.80298893314618,-64,64,4,64,351229,1.0,0,506
---------O--------O------XXXX-----OOOOO---OO-----O-------------- X;,430341,38459463,20.927376197015853,63.72854085481049,-64,64,8,64,430341,1.0,0,59
---------O--------O------XXXX-----OOOOO--OOO-------------------- X;,556116,49679068,9.712829697401261,63.79443137762625,-64,64,4,64,556116,1.0,0,77
---------O--------O--X-----OXO-----XOO-----OOO------OO---------- X;,670958,59995364,6.262985164496138,63.96327340906584,-64,64,4,64,670958,1.0,0,25
---------O--------O--X----XOOO----XXO------OO------OO----------- X;,1192294,106656152,8.131011310968603,63.92637721904161,-64,64,4,64,1192294,1.0,0,34
---------O--------O--X----XOOO----XXO------OOO-----O------------ X;,1009449,90197183,8.737142738266124,63.91954620788172,-64,64,4,64,1009449,1.0,0,55
---------O--------O--X----XOOO----XXOO-----OO------O------------ X;,1542207,137947401,7.892716088047843,63.94274309479856,-64,64,4,64,1542207,1.0,0,43
---------O--------O--X----XOOX----XOOOO-----O-------O----------- X;,2228896,199483736,7.057893235036539,63.96976799276413,-64,64,4,64,2228896,1.0,0,47
---------O--------O--X----XOXO-----XO-----OOOOO----------------- X;,396064,35390702,8.255791993213219,63.89638038296841,-64,64,4,64,396064,1.0,0,23
---------O--------O--X----XOXX----XOOO-----O-O-----O------------ X;,1222552,109436585,5.991244544199347,63.96777069605219,-64,64,4,64,1222552,1.0,0,40
---------O--------O--X---XOOX-----OOOO----XO-------O------------ X;,1985859,177944663,6.728308505286629,63.978235111354834,-64,64,4,64,1985859,1.0,0,68
---------O--------O--X---XXOX------XOO---OOO-------O------------ X;,246764,22023973,15.043401792806081,63.879431359517596,-64,64,4,64,246764,1.0,0,11
---------O--------O--X---XXOX----O-XOO----OO-------O------------ X;,462751,41394724,11.226988164261126,63.89465608934395,-64,64,4,64,462751,1.0,0,25
---------O--------O-OX----OXXX----OXO-----O-O-----O------------- X;,151588,13552646,16.008087711428345,63.732406259070636,-64,64,6,64,151588,1.0,0,19
---------O--------O-OX----XOXX----OXO----OX-O------------------- X;,1664023,148971121,7.248163036208033,63.98080314995646,-64,64,4,64,1664023,1.0,0,32
---------O--------O-OX----XXXX---OOOO-----X-O------------------- X;,1820855,162823945,10.562988266501177,63.952799097127446,-64,64,4,64,1820855,1.0,0,54
---------O--------O-X-----XXX-----XOOOO---OO-----O-------------- X;,1139555,101966336,9.160230089815762,63.98362869716688,-64,64,4,64,1139555,1.0,0,51
---------O--------O-X-----XXX-----XOOOO--OOO-------------------- X;,2202199,197474171,5.465856627852433,63.98450548746957,-64,64,4,64,2202199,1.0,0,316
---------O--------OO-X-----OXX----XXOX-----O-O--------O--------- X;,768409,68997039,5.975333448723271,63.979888314686576,-64,64,4,64,768409,1.0,0,944
---------O--------OOOO----OXOO----OOOO----O--------------------- X;,28509,2544525,21.0153986460416,63.374864078010454,-64,64,8,64,28509,1.0,0,3
---------O--------OOOO----XOXX----XOO------OO------------------- X;,957246,85530365,10.777814689223042,63.84760657135156,-64,64,4,64,957246,1.0,0,165
---------O--------OOOO----XOXX----XOOO-----O-------------------- X;,839223,75161432,9.137630879992564,63.909389995269436,-64,64,4,64,839223,1.0,0,1316
---------O--------OOOO----XXXO----XOOOO------------------------- X;,199454,17815807,12.973908770944679,63.55603798369549,-64,64,4,64,199454,1.0,0,21
---------O--------OOOOO---XXXO----XOOO-------------------------- X;,251471,22463178,13.005404201677331,63.66129692887053,-64,64,4,64,251471,1.0,0,43
---------O--------OOOX----XXOO-----XO-----O-O-------O----------- X;,768772,69069020,10.752636672511485,63.93067905698959,-64,64,4,64,768772,1.0,0,4356
---------O--------OX-O----XXO------OOOO---OO-----O-------------- X;,6149,549773,28.319076272564644,60.362660595218735,-64,64,16,64,6149,1.0,0,2
---------O--------OX-O----XXX------XOOO--OOO-------------------- X;,121659,10864852,10.361863898273041,63.76003419393551,-64,64,4,64,121659,1.0,0,5
---------O--------OX-X----XOOO----XOO-----O-O----O-------------- X;,793142,70895300,15.034195642142265,63.85261655542135,-64,64,6,64,793142,1.0,0,55
---------O--------OX-X---OOOOO-----XO-----O-O-------O----------- X;,52322,4670726,23.87336111004931,63.05099193455908,-64,64,10,64,52322,1.0,0,1
---------O--------OXX-----OOOOO---OOOO----O--------------------- X;,326800,29202610,11.983470012239902,63.64802325581395,-64,64,4,64,326800,1.0,0,38
---------O--------OXX-----OXOO----OOO-----O-O-------O----------- X;,155167,13858481,11.482853957349178,63.69652052304936,-64,64,4,64,155167,1.0,0,15
---------O--------OXX-----OXX-----OOOOO---OO-------------------- X;,198613,17726273,20.79184142024943,63.37685851379315,-64,64,10,64,198613,1.0,0,23
---------O--------OXX-----XXOO---OOOO-------O-------O----------- X;,67100,6000209,23.564113263785394,63.094217585692995,-64,64,12,64,67100,1.0,0,17
---------O--------OXX-----XXX----OOOOOO----O-------------------- X;,175871,15721976,17.19562633976039,63.65591825826885,-64,64,4,64,175871,1.0,0,10
---------O--------OXX----OOOO----XOOO-----O-O------------------- X;,276929,24692964,29.3892297303641,63.2084541525084,-64,64,16,64,276929,1.0,0,54
---------O--------OXX----OOXO-----OOO-----OOO------------------- X;,144101,12858104,17.47740820674388,63.594464993303305,-64,64,6,64,144101,1.0,0,14
---------O--------OXX----OXOO----OOOO----O--O------------------- X;,42239,3775408,23.016548687232177,62.27069769644168,-64,64,10,64,42239,1.0,0,2
---------O--------OXX----OXOO----XOOO------OO------------------- X;,254201,22658488,24.490721909040484,63.296430777219605,-64,64,12,64,254201,1.0,0,34
---------O--------OXX----OXOO---OOOOO-------O------------------- X;,57369,5122155,28.200212658404364,62.548379786992975,-64,64,14,64,57369,1.0,0,10
---------O--------OXX----OXXX-----OOOOO----O-------------------- X;,209856,18745878,18.555009149130832,63.42288045135712,-64,64,6,64,209856,1.0,0,14
---------O--------OXX----XXOOO----OOO-----OO-------------------- X;,182960,16330927,18.659543069523394,63.180629645824226,-64,64,4,64,182960,1.0,0,21
---------O--------OXX----XXOX----O-OOOO----O-------------------- X;,91128,8131491,28.67491879554034,63.113027828987796,-64,64,16,64,91128,1.0,0,4
---------O--------OXX---OOXOO----OXOOO-------------------------- X;,76222,6803669,21.42887880139592,62.789614546981184,-64,64,8,64,76222,1.0,0,2
---------O--------OXX-O----OXO----OXO----OOO-------------------- X;,41235,3685281,18.515387413604948,62.83928701345944,-64,64,6,64,41235,1.0,0,57
---------O--------OXX-O---OXXO----OOOO----O--------------------- X;,395765,35357707,11.836271524768486,63.71761525147499,-64,64,4,64,395765,1.0,0,68
---------O--------OXXX-----OX-----OOOO----XO-------O------------ X;,1828420,163442687,11.980875291235055,63.922336224718606,-64,64,4,64,1828420,1.0,0,73
---------O--------OXXX-----OX-----OXOO----OO------O------------- X;,246223,22011083,14.821775382478485,63.80434809095819,-64,64,6,64,246223,1.0,0,21
---------O--------OXXX-----OX-----XOOO---X---O-------O---------- X;,1485032,132812680,9.759955341029688,63.97994251975715,-64,64,4,64,1485032,1.0,0,111
---------O--------OXXX-----XOO----XOO-----O-O-------O----------- X;,1074255,96036158,7.719640122689678,63.98483972613579,-64,64,4,64,1074255,1.0,0,30
---------O--------OXXX-----XOO---OOOO-------O-------O----------- X;,312141,27899516,12.562777719043638,63.89263826283635,-64,64,4,64,312141,1.0,0,8
---------O--------OXXX-----XX-----OXOO----OO------O------------- X;,380417,34001993,12.451557107069348,63.87097316891727,-64,64,4,64,380417,1.0,0,14
---------O--------OXXX-----XX-----OXOO----XO--------O----------- X;,894452,80404832,6.115076046562588,63.98661526834307,-64,64,4,64,894452,1.0,0,3414
---------O--------OXXX----OOOO----XOO-------O-------O----------- X;,1696669,151764110,9.885984832633826,63.92480442561278,-64,64,4,64,1696669,1.0,0,62
---------O--------OXXX----XOO------XOO------OOO----------------- X;,811926,72544391,8.89347551377835,63.93085576764385,-64,64,4,64,811926,1.0,0,71
---------O--------OXXX----XOX------OOO----OO-----O-------------- X;,583073,52138191,15.411257252522411,63.829448456711255,-64,64,4,64,583073,1.0,0,31
---------O--------OXXX----XOX------OOO---OOO-------------------- X;,459422,41009099,16.568161733656638,63.72764908950812,-64,64,6,64,459422,1.0,0,51
---------O--------OXXX----XXX-----OOOO-------O--------O--------- X;,353239,31621738,17.162736843893228,63.730494084741494,-64,64,4,64,353239,1.0,0,24
---------O--------OXXX----XXX-----OOOO-------O-------O---------- X;,660442,59064402,7.896508701748223,63.982054442328014,-64,64,4,64,660442,1.0,0,25
---------O--------OXXX---XXOO------OOO-----O-------O------------ X;,884927,79065374,17.19897121457476,63.77588885862902,-64,64,6,64,884927,1.0,0,43
---------O--------OXXX---XXOX------OO------O-O-----O------------ X;,948606,84747248,13.396035867367484,63.912199585497035,-64,64,4,64,948606,1.0,0,71
---------O--------OXXX---XXOX------OOO-----O-------O------------ X;,990437,88497967,14.759614190503788,63.86543515640066,-64,64,4,64,990437,1.0,0,38
---------O-------OO-------XOX----XXOO----O-OOO------------------ X;,93208,8317100,17.676658655909364,63.245944554115525,-64,64,8,64,93208,1.0,0,19
---------O-------OO--X---XXOX-----XOOO-----O-------O------------ X;,452552,40436524,16.029136983153318,63.78261945588573,-64,64,4,64,452552,1.0,0,19
---------O-------OO--X---XXOXO-----OO-----O-O-------O----------- X;,66834,5962860,25.710357003920162,63.32809647784062,-64,64,12,64,66834,1.0,0,5
---------O-------OO-OX----OXXX----XOO-----X-O------------------- X;,1324060,118714100,5.988864552965878,63.977600712958626,-64,64,4,64,1324060,1.0,0,42
---------O-------OO-XX----OOOO----XOO------O-------O------------ X;,1570822,140693195,5.619727760370048,63.983765187907984,-64,64,4,64,1570822,1.0,0,30
---------O-------OOOOO----OXXX----XOOO-------------------------- X;,122275,10910584,25.24090778981803,62.98536904518503,-64,64,12,64,122275,1.0,0,19
---------O-------OOXX-----OXOO----XOO-------O-------O----------- X;,64704,5776170,27.858154055390703,61.822607566765576,-64,64,14,64,64704,1.0,0,6
---------O-------OOXX-----OXX-----XOOOO----O-------------------- X;,207209,18523864,15.356948781182284,63.53320560400369,-64,64,4,64,207209,1.0,0,3
---------O-------OOXX----OXOO----OXOOO-------------------------- X;,35651,3180673,30.61653249558217,60.84496928557404,-64,64,20,64,35651,1.0,0,7
---------O-------OOXX----OXXO----OOOO-------O------------------- X;,757,67258,33.712021136063406,39.18361955085865,-64,64,64,64,757,1.0,0,0
---------O-------OOXX----OXXO----OOOOO-------------------------- X;,867,77080,35.976931949250286,41.05882352941177,-64,64,64,64,867,1.0,0,0
---------O-------OOXX----OXXO---O-XOOO-------------------------- X;,8452,752366,39.14316138192144,52.579981069569335,-64,64,64,64,8452,1.0,0,9
---------O-------OOXX----XOXO-----OOO-----O-O------------------- X;,19468,1735094,38.513663447709064,58.39202794329155,-64,64,64,64,19468,1.0,0,8
---------O-------OOXX----XOXO-----OOOO----O--------------------- X;,36337,3240559,33.65737402647439,60.66730880369871,-64,64,28,64,36337,1.0,0,2
---------O-------OOXX----XXOX------OOOO----O-------------------- X;,114688,10229752,28.678937639508927,63.025477818080354,-64,64,16,64,114688,1.0,0,7
---------O-------OOXX---OOOOO-----XOO-------O------------------- X;,16372,1457929,37.47288052773027,57.54837527485952,-64,64,64,64,16372,1.0,0,4
---------O-------OOXX---OOOOO-----XOOO-------------------------- X;,19377,1727197,35.546162976724986,58.50575424472313,-64,64,64,64,19377,1.0,0,8
---------O-------OOXX---OOXOO-----XOOO-------------------------- X;,19081,1700486,35.65494470939678,58.89754205754415,-64,64,62,64,19081,1.0,0,5
---------O-------OOXX---XXXOO----O-OOO-------------------------- X;,4286,380893,40.87167522165189,51.939804013065796,-64,64,64,64,4286,1.0,0,0
---------O-------OXX-X---OOOOO-----OO-------O-------O----------- X;,19670,1755153,29.077885104219625,62.23223182511439,-64,64,16,64,19670,1.0,0,3
---------O-------OXXX----OOOO----OOOO-------O------------------- X;,104790,9351230,32.23086172344689,62.33266533066132,-64,64,22,64,104790,1.0,0,47
---------O-------OXXX----OOOO----OOOOO-------------------------- X;,215510,19241194,23.77203842049093,63.27213586376502,-64,64,10,64,215510,1.0,0,53
---------O-------XOX------XOX----OOOO------OOO------------------ X;,231183,20618127,19.114709991651637,63.27869263743441,-64,64,8,64,231183,1.0,0,25
---------O-------XXXX----OXOO-----OOOO-----O-------------------- X;,267739,23888372,23.62477636803006,63.42490261037802,-64,64,10,64,267739,1.0,0,14
---------O-------XXXX----OXOO-----OOOO---O---------------------- X;,53843,4794642,31.184517950337092,62.40168638448824,-64,64,18,64,53843,1.0,0,4
---------O-------XXXX----OXOO----OOOOO-------------------------- X;,13551,1205379,39.369197845177474,59.452438934395985,-64,64,64,64,13551,1.0,0,0
---------O-------XXXX---OOOOO----O-OOO-------------------------- X;,7027,624714,33.114273516436604,59.82524548171339,-64,64,28,64,7027,1.0,0,3
---------O-------XXXXX----OOOO-----OO------O-------O------------ X;,1092849,97836762,10.025114174053323,63.88918322659398,-64,64,4,64,1092849,1.0,0,49
---------O------XOOXX----OXOO----O-OOO-------------------------- X;,9937,884987,37.59887289926537,58.95803562443393,-64,64,64,64,9937,1.0,0,1
---------O----O---O--O---XXOXX-----OOO-----O-------O------------ X;,527307,47159273,11.178106871329225,63.958392359669034,-64,64,4,64,527307,1.0,0,16
---------O----O---O-XO---XXOX------OOO-----O-------O------------ X;,378451,33817823,13.266747874890012,63.93968571889095,-64,64,4,64,378451,1.0,0,35
---------O----O---OXXO-----OXX----OOOO----X--------------------- X;,707719,63287629,15.431322318603852,63.86481075115971,-64,64,4,64,707719,1.0,0,36
---------O----O---OXXXX----OOO-----XO-------O-------O----------- X;,1310103,117184163,10.36358515322841,63.970932056487165,-64,64,4,64,1310103,1.0,0,71
---------O----O--XXX-O----OOOO-----OO-------O-------O----------- X;,130351,11658141,18.2142062584867,63.63345122016709,-64,64,8,64,130351,1.0,0,7
---------O---O----OX-O-----OXO-----XOO------OO------O----------- X;,134630,12011822,12.33866151674961,63.54075614647552,-64,64,4,64,134630,1.0,0,8
---------O---O----OX-O-----XXOO----XXO------O-------O----------- X;,666682,59597446,8.662516762114471,63.89567739941981,-64,64,4,64,666682,1.0,0,53
---------O---O----OXO------OXOO----OOX----XO-------------------- X;,435474,38936545,7.224472643602144,63.951326600439984,-64,64,4,64,435474,1.0,0,10
---------O---O----OXXX-----OXOO----XO-----XO-------------------- X;,860232,76927346,8.483841568321104,63.94868826084126,-64,64,4,64,860232,1.0,0,44
---------O---O---XXX-O----OOOO-----OO-------O-------O----------- X;,70318,6271843,19.81131431496914,63.13868426291988,-64,64,8,64,70318,1.0,0,7
---------O--O-----OOOOO---XXXO-----OOO-------------------------- X;,47230,4216077,28.450391700190558,62.746940503917,-64,64,18,64,47230,1.0,0,24
---------O--O-----OXO------OOOO----OOX----XO-------------------- X;,1694067,152526873,6.6592856126705735,63.97242021714607,-64,64,4,64,1694067,1.0,0,10106
---------O--O-----OXOX-----OXX----OOOO----X--------------------- X;,679631,60698548,15.183739411533612,63.82727686053167,-64,64,4,64,679631,1.0,0,41
---------O--O-----OXOX-----OXXX----XO-------O-------O----------- X;,676418,60453301,9.852307301106713,63.93070556963298,-64,64,4,64,676418,1.0,0,45
---------O--O-----OXOX-----XOO----XXO-------O-------O----------- X;,891560,79781022,7.596422001884338,63.979846561083946,-64,64,4,64,891560,1.0,0,22
---------O--O-----OXXX----OOOO-----XOO-------O------------------ X;,604546,54244558,12.925762472996265,63.751909697525086,-64,64,4,64,604546,1.0,0,3147
---------O--O-----OXXX----XOO------OOOO----O-------------------- X;,164369,14680999,24.05181025619186,63.414256946261155,-64,64,12,64,164369,1.0,0,13
---------O--O-----OXXX---OXOO-----XOOO-------------------------- X;,772429,69134446,10.699947826920015,63.87301616070862,-64,64,4,64,772429,1.0,0,1069
---------O--O----OOXXX---XXOO------OOO-------------------------- X;,176782,15770868,29.98858481067077,63.0947268387053,-64,64,18,64,176782,1.0,0,19
---------O--O----XXO-X----OOOO-----OO-------O-------O----------- X;,192056,17152980,14.800558170533595,63.72779814220852,-64,64,4,64,192056,1.0,0,16
---------O--O-O---OXXO----XXOX-----OOO-------------------------- X;,93176,8308467,35.07677942817893,62.72241778998884,-64,64,28,64,93176,1.0,0,15
---------O--OO----OXXO----XXXO-----OOO-------------------------- X;,12547,1119036,24.539890013549055,59.73427911054436,-64,64,14,64,12547,1.0,0,1
---------O--X-----OXOO----XOOX----OOO-------O------------------- X;,430981,38470912,19.852698842872424,63.492655128648366,-64,64,8,64,430981,1.0,0,75
---------O--X----XOXX-----OOOOO---OOO--------------------------- X;,3003495,268350141,13.84966846956629,63.936383446618024,-64,64,4,64,3003495,1.0,0,206
---------O-O------OOO-----XXXO----XOOOO------------------------- X;,198734,17762990,11.644167580786378,63.761379532440344,-64,64,4,64,198734,1.0,0,16
---------O-O------OOOOO---XXXO----OOO--------------------------- X;,4155,371920,29.826233453670277,61.86811070998797,-64,64,18,64,4155,1.0,0,3
---------O-O------OOX-----XOX-----XOOOO----O-------------------- X;,343838,30698381,23.511618843757816,63.39516865500614,-64,64,12,64,343838,1.0,0,27
---------O-O------OOX-----XOXX---OXOOO-------------------------- X;,659067,58809437,17.119889176669442,63.74776160845559,-64,64,4,64,659067,1.0,0,43
---------O-O------OOX-O---XXXO----XOOO-------------------------- X;,429828,38406553,14.70890681854137,63.73856519351927,-64,64,4,64,429828,1.0,0,26
---------O-O------OXOX-----OXXX----XO-------O-------O----------- X;,470054,41989186,9.987018512766618,63.95190765316325,-64,64,4,64,470054,1.0,0,48
---------O-O------OXOX-----XOO----XXO-------O-------O----------- X;,734764,65668845,8.261316558786223,63.97067629878437,-64,64,4,64,734764,1.0,0,29
---------O-O------OXOX----XOXO----OOO-O------------------------- X;,20161,1796898,27.819651802985963,62.211001438420716,-64,64,16,64,20161,1.0,0,6
---------O-O------OXOX----XXXO----OOO-O------------------------- X;,30712,2743992,23.922505860901275,63.54291482156812,-64,64,14,64,30712,1.0,0,1
---------O-O------OXXO----XOX------OOOO----O-------------------- X;,23892,2132267,33.81709358781182,61.944416541101624,-64,64,26,64,23892,1.0,0,6
---------O-O------OXXX-----OXOO----XO-----XO-------------------- X;,274069,24481064,15.570188529166012,63.80133470038567,-64,64,4,64,274069,1.0,0,9
---------O-O------OXXX----XOXO-----OOOO------------------------- X;,395947,35367038,18.03583307866962,63.583974622866194,-64,64,6,64,395947,1.0,0,16
---------O-O------OXXXO---XOXO----OOO--------------------------- X;,41370,3689098,27.277205704616872,62.280541455160744,-64,64,14,64,41370,1.0,0,8
---------O-O-----OOOX-----OXXX----XOOO-------------------------- X;,118183,10533236,31.878645828926327,62.33300897760253,-64,64,20,64,118183,1.0,0,0
---------O-O-----OOOX----XXOXX-----OOO-------------------------- X;,118667,10573781,35.651360529886155,61.99083148642841,-64,64,36,64,118667,1.0,0,7
---------O-O-----OOXX----OOOO-----XOO-------O------------------- X;,14839,1321609,35.182829031605905,57.9397533526518,-64,64,64,64,14839,1.0,0,4
---------O-O-----XXO-X----OOOO-----OO-------O-------O----------- X;,110097,9839105,23.742645122028758,63.15341925756378,-64,64,12,64,110097,1.0,0,14
---------O-O-----XXOX-----XOO----OOOO-------O------------------- X;,65015,5797341,29.916788433438438,62.50046912251019,-64,64,18,64,65015,1.0,0,3
---------O-O-----XXOX-----XOO----OOOOO-------------------------- X;,34858,3105838,40.015032417235645,61.99322967468013,-64,64,64,64,34858,1.0,0,2
---------O-O-----XXOX----XXOO----O-OOO-------------------------- X;,54687,4874373,31.39192129756615,61.931501088009945,-64,64,20,64,54687,1.0,0,8
---------O-O-----XXXX-----XOO-----OOO----O--O------------------- X;,641796,57288858,16.23941875611565,63.72607806842049,-64,64,4,64,641796,1.0,0,25
---------O-O-----XXXX-----XOO----OOOO-------O------------------- X;,110124,9808465,34.27908539464604,63.255530129672,-64,64,24,64,110124,1.0,0,4
---------O-O--O---OXXO----XXOX----OOO--------------------------- X;,131878,11782873,30.17501023673395,63.145255463382824,-64,64,18,64,131878,1.0,0,12
---------O-OO-----OOO-----XXOX----XOOO-------------------------- X;,1881574,168475306,6.552707467258795,63.94383000615442,-64,64,4,64,1881574,1.0,0,35
---------O-OO-----OXOX----XXOX----OOO--------------------------- X;,97212,8679062,31.199172941612147,62.505431428218735,-64,64,20,64,97212,1.0,0,22
---------O-OX-----OXX-----XOO-----OOOO---O---------------------- X;,103799,9261822,32.34325956897465,62.501122361487106,-64,64,22,64,103799,1.0,0,26
---------O-OX-----OXX-----XOO----OOOOO-------------------------- X;,84348,7526616,34.837411675439846,61.840091051358655,-64,64,32,64,84348,1.0,0,13
---------O-OX-----OXX----OOOO-----XOOO-------------------------- X;,108186,9626263,29.94429963211506,62.80505795574289,-64,64,18,64,108186,1.0,0,24
---------O-OX-----OXX-O---XOXO-----OOO-------------------------- X;,75684,6745336,29.99386924581153,62.57264415200042,-64,64,18,64,75684,1.0,0,9
---------O-OX----OOXX-----OOO-----XOOO-------------------------- X;,100138,8908315,31.66701951307196,62.83620603567078,-64,64,20,64,100138,1.0,0,11
---------O-X------OX-X-----OXOO----OO-----XOO------------------- X;,1725186,154288341,8.657031763531585,63.967336855272414,-64,64,4,64,1725186,1.0,0,69
---------O-X------OX-X-----OXOO---OOO-----X-O------------------- X;,1258595,112480824,10.45380444066598,63.960681553637194,-64,64,4,64,1258595,1.0,0,45
---------O-X------OX-X----OOXOO----OO-----X-O------------------- X;,1382076,123466874,11.179800531953381,63.965242142979115,-64,64,4,64,1382076,1.0,0,56
---------O-X------OXOO----XOOO----OOOO-------------------------- X;,49943,4456174,22.65094207396432,62.794705964799874,-64,64,12,64,49943,1.0,0,2
---------O-X------OXOX-----XOO-----OO-----O-O-------O----------- X;,503005,44952860,11.182866969513226,63.876355105814056,-64,64,4,64,503005,1.0,0,38
---------O-XO-----OXX-----OOO----OOOO-------O------------------- X;,60899,5434403,25.196669896057408,62.97410466510123,-64,64,12,64,60899,1.0,0,7
---------O-XO-----OXX----OOOO-----XOO-------O------------------- X;,264228,23570966,22.3402364624491,63.46489395522049,-64,64,10,64,264228,1.0,0,44
---------OO-------OOXX-----OXX----OOOO----X--------------------- X;,980230,87537999,13.364473643940707,63.89175397610765,-64,64,4,64,980230,1.0,0,85
---------OO-------OOXX-----XOO----XXO-------O-------O----------- X;,1125002,100708042,11.210205848522936,63.898878401993954,-64,64,4,64,1125002,1.0,0,1320
---------OO------XOO-X----OOOO-----OO-------O-------O----------- X;,75027,6710210,22.68266090873952,62.944593279752624,-64,64,10,64,75027,1.0,0,4
---------OO------XOOX-----OXO----OOOO-------O------------------- X;,1961,174468,41.26874043855176,51.13819479857216,-64,64,64,64,1961,1.0,0,1
---------OO------XOOX-----OXO----OOOOO-------------------------- X;,1967,175193,42.02846975088968,53.69496695475343,-64,64,64,64,1967,1.0,0,1
---------OO------XXOX----XXOO----O-OOO-------------------------- X;,53221,4749647,21.94731403017606,62.79363409180586,-64,64,8,64,53221,1.0,0,3
---------OO-O-----OOXX----XXOX-----OOO-------------------------- X;,92571,8255266,35.028875133681176,61.9224379125212,-64,64,32,64,92571,1.0,0,23
---------OO-O-----OXXX-----OOO-----XOO-------O------------------ X;,96286,8588172,16.10144777018466,63.465965976362085,-64,64,4,64,96286,1.0,0,41
---------OO-X----OOXX----XXOO------OOO-------------------------- X;,183302,16406132,24.90754056147778,63.22621684433339,-64,64,10,64,183302,1.0,0,714
---------OOO------OXXX-----OX-----OOOO----X--------------------- X;,593129,53044344,10.792269472576791,63.90479979903191,-64,64,4,64,593129,1.0,0,33
---------OOO-----OXOX----XXOO------OOO-------------------------- X;,5186,461495,37.367527959892016,45.00154261473197,-64,64,64,64,5186,1.0,0,0
---------OOOO-----OXXX----XOO------OOO-------------------------- X;,39290,3508357,35.82555357597353,61.109595316874525,-64,64,36,64,39290,1.0,0,14
---------OOOX-----OOX-----XOO-----XOOO-------------------------- X;,167142,14897829,27.75807397302892,62.91974488758062,-64,64,16,64,167142,1.0,0,26
---------OOOX-----OXX-----XOO-----XOO-------O------------------- X;,143122,12760816,27.486815444166517,62.84909378013164,-64,64,14,64,143122,1.0,0,22
---------OOX------OOOX-----XOO-----XO-------O-------O----------- X;,429280,38373110,19.481732202758106,63.655977450614984,-64,64,8,64,429280,1.0,0,518
---------OOX------OXX-----OOO-----OOOO----O--------------------- X;,13072,1165285,31.83812729498164,60.41080171358629,-64,64,22,64,13072,1.0,0,0
---------OOX------OXX-----OXO-----OOO-----O-O------------------- X;,3595,320566,34.90069541029207,51.23949930458971,-64,64,64,64,3595,1.0,0,0
---------OOX------OXX-----OXO-----OOOO----O--------------------- X;,12686,1131018,31.821693205107994,59.79189657890588,-64,64,22,64,12686,1.0,0,0
---------OOX------OXX-----XXO----OOOO-------O------------------- X;,15396,1375002,36.83606131462717,60.63107300597558,-64,64,62,64,15396,1.0,0,1
---------OOX------OXX-----XXO----OOOOO-------------------------- X;,2681,238498,41.421857515852295,50.95113763521074,-64,64,64,64,2681,1.0,0,1
---------OOX------OXX----OOOO-----XOO-------O------------------- X;,117841,10503202,31.911355131066436,62.31243794604595,-64,64,20,64,117841,1.0,0,4
---------OOX------OXX----OOOO-----XOOO-------------------------- X;,87473,7790266,35.88652498485247,61.950430418529145,-64,64,38,64,87473,1.0,0,12
---------OOX------OXX----OXOO-----XOOO-------------------------- X;,71243,6346301,36.21164184551465,61.30289291579523,-64,64,54,64,71243,1.0,0,6
---------OOX------OXX----XXOO----O-OOO-------------------------- X;,76703,6834705,32.64654576744065,61.82722970418367,-64,64,22,64,76703,1.0,0,8
---------OOX------OXXX-----OOO-----XO-------O-------O----------- X;,1089252,97398123,11.330307403612755,63.898609320891765,-64,64,4,64,1089252,1.0,0,68
---------OOX-----OOXX-----OXO-----XOO-------O------------------- X;,33597,2990993,39.109801470369376,59.55341250706908,-64,64,64,64,33597,1.0,0,2
---------OOX-----OOXX-----OXO-----XOOO-------------------------- X;,33412,2974442,39.11672453010894,59.588710642882795,-64,64,64,64,33412,1.0,0,2
---------OOX-----OXXX----OOOO------OOO-------------------------- X;,4346,386851,34.74459272894616,45.2604693971468,-64,64,64,64,4346,1.0,0,0
---------OOX-----OXXX---O-XOO------OOO-------------------------- X;,20140,1793308,40.83028798411122,59.674379344587884,-64,64,64,64,20140,1.0,0,0
---------OOX-----XOX------OOO-----OOO-----O-O------------------- X;,3093,275304,42.23149046233431,57.834464920788875,-64,64,64,64,3093,1.0,0,0
---------OOX-----XOXX-----OOO-----OOOO-------------------------- X;,16299,1449846,42.83121663905761,58.37032946806553,-64,64,64,64,16299,1.0,0,0
---------OOX-----XXX------XOO-----OOO----O--O------------------- X;,684,60805,36.409356725146196,42.42397660818713,-64,64,64,64,684,1.0,0,0
---------OOX-----XXX------XOO----OOOO-------O------------------- X;,653,58067,35.068912710566615,39.08116385911179,-64,64,64,64,653,1.0,0,0
---------OOX-O---XXXO-----XOO------OOO-------------------------- X;,5018,446572,35.90434436030291,54.78397768035074,-64,64,64,64,5018,1.0,0,1
---------OOXO-----OXXX----XOO------OOO-------------------------- X;,55392,4933467,33.726133737723856,61.92869006354708,-64,64,26,64,55392,1.0,0,20
---------OX-------OXOOO---XOXO-----XOO-------------------------- X;,411581,36995366,12.956161727582177,63.61967632130735,-64,64,4,64,411581,1.0,0,2257
---------OX-------XXX----OXOO-----OOOO-----O-------------------- X;,205013,18291057,26.251457224663802,63.61534146615093,-64,64,12,64,205013,1.0,0,8
---------OX-------XXX----OXOO-----OOOO---O---------------------- X;,337396,30113606,18.59921872221366,63.555288148051545,-64,64,6,64,337396,1.0,0,12
---------OX-------XXX----OXOO----OOOOO-------------------------- X;,76576,6819745,31.595382365231927,62.70996134559131,-64,64,20,64,76576,1.0,0,0
---------OX------OXX-----OXOO----OOOO-------O------------------- X;,705,62588,40.64113475177305,45.43829787234043,-64,64,64,64,705,1.0,0,0
---------OX------OXXX----OOOO-----XOOO-------------------------- X;,141935,12654556,27.351139606157748,62.85264381583119,-64,64,14,64,141935,1.0,0,19
---------OX------OXXX----OXOO----O-OOO-------------------------- X;,21912,1955702,29.63818912011683,60.48968601679445,-64,64,18,64,21912,1.0,0,7
---------OX------OXXX---OOOOO------OOO-------------------------- X;,11596,1033080,34.57761296998965,56.953432218006206,-64,64,62,64,11596,1.0,0,1
---------OX-O-----XOO-----OXO----OOOO-------O------------------- X;,8603,769249,31.394862257352088,63.57084737882134,-64,64,18,64,8603,1.0,0,0
---------OX-O-----XOO-----OXO----OOOOO-------------------------- X;,6128,547551,35.68113577023499,62.8322454308094,-64,64,34,64,6128,1.0,0,0
---------OX-O-----XXO-----XOO-----OOO----O--O------------------- X;,436553,38999955,13.930482667625695,63.76118363635114,-64,64,4,64,436553,1.0,0,26
---------OX-O-----XXO-----XOO-----OOOO---O---------------------- X;,197673,17651379,21.329306480905334,63.42823754382238,-64,64,10,64,197673,1.0,0,23
---------OXO------OXX----OOOO-----XOO-------O------------------- X;,81395,7246065,35.847779347625774,61.52768597579704,-64,64,48,64,81395,1.0,0,2
---------OXO------XXX-----XOO-----OOO----O--O------------------- X;,24627,2192087,32.73788930848256,62.77646485564624,-64,64,22,64,24627,1.0,0,0
---------OXO------XXX-----XOO----OOOO-------O------------------- X;,12315,1097409,35.140885099472186,61.060820138043034,-64,64,34,64,12315,1.0,0,0
---------OXO-----OXXX-----OOO-----XOO-------O------------------- X;,13823,1230354,37.02076249728713,59.91116255516169,-64,64,64,64,13823,1.0,0,0
---------OXXO-----XO------OOO----OOOO-------O------------------- X;,7168,639011,34.125279017857146,60.813895089285715,-64,64,30,64,7168,1.0,0,0
---------OXXO-----XX------XOO-----OOO----O--O------------------- X;,5729,509564,42.1989876069122,59.7524873450864,-64,64,64,64,5729,1.0,0,5
---------X--------XOOO-----XOX----OOXX----OX-------------------- X;,1082685,99688485,-63.33819901448713,-6.763481529715476,-64,64,-64,-4,1082685,1.0,0,3519
---------X--------XOOO----OXOX----OOX-----OX-------------------- X;,709414,65194229,-63.08133191620126,-8.486736940629871,-64,64,-64,-4,709414,1.0,0,1657
---------X--------XXXX-----XOO----XXOX-----OO------------------- X;,355735,32647279,-63.156793680689276,-5.89181834792753,-64,64,-64,-4,355735,1.0,0,431
---------X-------OOOOO-----XXX----XXXX---X---------------------- X;,409385,37509049,-62.35386738644552,-10.127566960196392,-64,64,-64,-4,409385,1.0,0,840
---------X-------OX-X-----OXX-----XOXXX---XO-------------------- X;,37422,3423314,-57.670354337021,-12.135161135161136,-64,64,-64,-4,37422,1.0,0,55
---------X-------OXO------OXXO---OXXXX-----O-------------------- X;,2792528,257105163,-62.44522955544224,-11.115854881311844,-64,64,-64,-4,2792528,1.0,0,15902
---------XO-------OOX-----OXXX----OOXO-----X-------------------- X;,2404286,221212625,-63.26454756214527,-7.423104406048199,-64,64,-64,-4,2404286,1.0,0,6834
---------XO-------X-XO----OXOXX----OO------XO------------------- X;,1060566,97440596,-63.20559587993581,-7.0801666280080635,-64,64,-64,-4,1060566,1.0,0,2904
---------XO-------XO-X----OOXXX----OO------XO------------------- X;,906679,83295733,-63.154993112226045,-7.112009873395104,-64,64,-64,-4,906679,1.0,0,1705
---------XO------XO------OOXXX-----XXX-----X-O------------------ X;,18450,1690492,-54.94493224932249,-17.602059620596204,-64,64,-64,-6,18450,1.0,0,76
---------XOX------O-XO----OXOX----OOX------X-------------------- X;,78803,7210309,-58.921589279595956,-13.838584825450807,-64,64,-64,-4,78803,1.0,0,189
---------XX-------XOO------XOX-----XOX-----XOO------------------ X;,644809,59278426,-63.35286883402682,-5.69548191790127,-64,64,-64,-4,644809,1.0,0,789
--------O--------O---X----OXX-----OXO-----OOO-----O-O----------- X;,619027,55713484,6.129354616196062,63.96047022181585,-64,64,4,64,619027,1.0,0,3784
--------O--------OO--X---XOXX-----OOO-----O-O-----O------------- X;,611999,54834907,8.41723270789658,63.96486268768413,-64,64,4,64,611999,1.0,0,36
--------O--------OXX------OXX-----OOO-----OOO-----O------------- X;,166977,14905532,20.284841624894447,63.22354575779898,-64,64,6,64,166977,1.0,0,34
--------O--------OXX------OXX----OOOO------OOO------------------ X;,81960,7306690,23.39499755978526,62.7471205466081,-64,64,10,64,81960,1.0,0,22
--------O-------XOXXX----OOXO----O-OOO-------------------------- X;,4152,369747,38.85163776493256,54.89547206165703,-64,64,64,64,4152,1.0,0,0
--------O---X----OXXX-----OOOOO---OOO--------------------------- X;,1092792,97658556,12.446919450362008,63.860776799244505,-64,64,4,64,1092792,1.0,0,160
--------O-OX-----OXX------OXO-----OOO-----O-O------------------- X;,14374,1280748,20.082649227772368,61.43411715597607,-64,64,6,64,14374,1.0,0,5
--------OO-------OXX-X----OOOO-----OO-------O-------O----------- X;,18590,1659248,37.26551909628833,61.93458848843464,-64,64,64,64,18590,1.0,0,0
--------OO-------OXXX-----OXO----OOOO-------O------------------- X;,1358,121119,38.52577319587629,46.19734904270987,-64,64,64,64,1358,1.0,0,0
--------OO-------OXXX-----OXO----OOOOO-------------------------- X;,1372,122011,40.932944606414,46.53061224489796,-64,64,64,64,1372,1.0,0,0
--------OO-------OXXX----OOOO-----XOOO-------------------------- X;,10980,977999,41.551548269581055,55.81566484517304,-64,64,64,64,10980,1.0,0,2
--------OO-------OXXX----XOOO----O-OOO-------------------------- X;,4064,361626,43.878937007874015,53.153543307086615,-64,64,64,64,4064,1.0,0,0
--------OO-O-----OXXX-----OOO-----XOO-------O------------------- X;,2015,179392,32.016873449131516,39.65657568238213,-64,64,64,64,2015,1.0,0,0
--------OOOX-----OXXX-----OOO------OOO-------------------------- X;,496,44183,35.229838709677416,46.67741935483871,-64,64,64,64,496,1.0,0,0
------O------O---OOOO-----XOX-----OOO--------O--------O--------- X;,433602,38776377,7.8297470952624755,63.942993805379125,-64,64,4,64,433602,1.0,0,24
------X------X-----OOO----OXXO----XXX------XO------------------- X;,4025542,370451309,-63.45054703192763,-7.1703641397854,-64,64,-64,-4,4025542,1.0,0,8085
-----O------O------OXO----OXXO---OXXX-O------------------------- X;,877198,78536423,8.10965141279392,63.933335461321164,-64,64,4,64,877198,1.0,0,251
-----O------O-----OOOO---XXXOX----OOO--------------------------- X;,1161745,104016353,12.146386685546311,63.81221524516998,-64,64,4,64,1161745,1.0,0,561
-----O------O-----OOX-----OXXX---OXOO------O-------------------- X;,1376321,123633633,5.555304322174841,63.96681152144013,-64,64,4,64,1376321,1.0,0,3193
-----O------O-----OOX----XOXXX---OOOO--------------------------- X;,1452548,130458475,8.572449240920093,63.93064187896028,-64,64,4,64,1452548,1.0,0,946
-----O------O-----OOX----XXXOX----OOOO-------------------------- X;,2123044,190609438,5.706065441884388,63.976501664591034,-64,64,4,64,2123044,1.0,0,1176
-----O------O-----OOX-O--XXXXO----OOO--------------------------- X;,2187511,196101923,9.751756219740152,63.92698825285907,-64,64,4,64,2187511,1.0,0,647
-----O------O-----OOXX----OOXOO--O-XO--------------------------- X;,491567,44029890,6.296964605028409,63.94864179247183,-64,64,4,64,491567,1.0,0,113
-----O------O-----OOXX----OXXX---O-XOO-------------------------- X;,841682,75396012,6.940958699366269,63.934754455958426,-64,64,4,64,841682,1.0,0,660
-----O------O----OOOX----XOXXX----OOO--------------------------- X;,5088364,458788649,5.201643200054084,63.98379714973221,-64,64,4,64,5088364,1.0,0,11319
-----O------O----OXOXO----OXOO-----OOO-------------------------- X;,32012,2854817,22.2348494314632,63.11576908659253,-64,64,12,64,32012,1.0,0,8
-----O------O----OXXXO----OXXO-----OOO-------------------------- X;,14799,1318634,24.524089465504424,62.25785526049057,-64,64,14,64,14799,1.0,0,8
-----O------O----XXOX-----OOOOO---OOO--------------------------- X;,1142095,102370088,10.466528616270976,63.941325371357024,-64,64,4,64,1142095,1.0,0,448
-----O------O----XXXX-----XXXX---OOOO--------------------------- X;,521018,46933523,4.860265864135212,63.99960462018587,-64,64,4,64,521018,1.0,0,17
-----O------O----XXXX-O---XXXO---O-XO--------------------------- X;,124290,11212362,5.144066296564486,63.94945691527878,-64,64,4,64,124290,1.0,0,141
-----O------OO-----OXX----OOXO-----XOO-------O------------------ X;,186008,16656915,11.598114059610339,63.76816050922541,-64,64,4,64,186008,1.0,0,337
-----O------OO----OOO----XXOXX----OOO--------------------------- X;,1773454,160151997,9.104415451429809,63.941413760943334,-64,64,4,64,1773454,1.0,0,12307
-----O------OO----XOX-----OXX-----OOOO----O--------------------- X;,66886,5988649,10.34963968543492,63.58726788864635,-64,64,4,64,66886,1.0,0,114
-----O-----OO------OXX----OOXO-----XOO-------O------------------ X;,112013,10043115,15.815396427200413,63.12297679733602,-64,64,4,64,112013,1.0,0,450
-----O-----OOO-----XXO-----XXO-----XOO-------O------------------ X;,66147,5915629,14.369963868353818,63.58416859419172,-64,64,4,64,66147,1.0,0,170
-----O-----X-O---O-XXO----OXOO-----OOO-------------------------- X;,1014407,91116976,5.65525868808082,63.94547750557715,-64,64,4,64,1014407,1.0,0,1654
-----O-----XO-----OOX-O---OXXO---O-XO--------------------------- X;,687320,61624505,9.208549147413141,63.95346272478613,-64,64,4,64,687320,1.0,0,320
-----O----OOO------OXX-----XXO-----XOO-------O------------------ X;,270046,24152511,8.984343408160091,63.687616183909405,-64,64,4,64,270046,1.0,0,193
-----O----OX-O-----OXO----XXOO-----OOO-------------------------- X;,690728,61929874,6.587910146975365,63.90523621454465,-64,64,4,64,690728,1.0,0,308
-----O----X-O-----OOOO----OXXX---O-XO--------------------------- X;,841799,75565985,10.20232858437703,63.872827123814595,-64,64,4,64,841799,1.0,0,853
-----O---O--O----XOXX-----XOXX---O-XO--------------------------- X;,364973,32601903,12.215884462686281,63.90917684321854,-64,64,4,64,364973,1.0,0,21
-----X------X------XOX----XOOO----XOO-----XO-------------------- X;,421142,38883313,-63.3953298412412,-5.616533140840857,-64,64,-64,-4,421142,1.0,0,2079
-----X------X-----OOOX-----OOO---XXXO-----X--------------------- X;,370066,34122672,-62.81449795441894,-7.3477595888301,-64,64,-64,-4,370066,1.0,0,2474
-----X------XO-----XXO-----XOO-----OOO----O--O------------------ X;,950256,85444730,6.057056203801923,63.93039559865973,-64,64,4,64,950256,1.0,0,655
-----X------XO-----XXO----OOOO-----XOO-------O------------------ X;,1106102,99281770,6.314699729319719,63.925370354632754,-64,64,4,64,1106102,1.0,0,984
-----X------XO----OOOO-----OXO-----XOO-------O------------------ X;,927004,83226044,6.118849541102303,63.94630875379178,-64,64,4,64,927004,1.0,0,589
-----X-----OOO-----XOO-----XXO-----XOO-------O------------------ X;,88870,8156947,15.05106335096208,63.533498368403286,-64,64,4,64,88870,1.0,0,2560
-----X----O-XO-----OXO-----XOO-----XOO-------O------------------ X;,199606,17842386,12.508632005049948,63.68502950813102,-64,64,4,64,199606,1.0,0,113
-----X----OOX------OX-----OXO-----OOOO----O--------------------- X;,8805,784951,19.124588302101078,61.00783645655877,-64,64,10,64,8805,1.0,0,1
----O-------O-----OOO-----OXOX---OXOO------O-------------------- X;,210710,19098714,12.421992311708035,63.68324237103128,-64,64,4,64,210710,1.0,0,2927
----O-------O-----OOOOO---OXXO---O-XO--------------------------- X;,69073,6166244,9.92413823056766,63.624860654669696,-64,64,4,64,69073,1.0,0,9
----O-------O-----OOOX----OOOOO--O-XO--------------------------- X;,729313,65261292,7.967542056702678,63.790186106651056,-64,64,4,64,729313,1.0,0,101
----O-------O-----OOOX----OXOX---O-XOO-------------------------- X;,407935,36554746,8.505129493669335,63.81842205253288,-64,64,4,64,407935,1.0,0,797
----O-------O-----OOOX----OXXO---O-XO-O------------------------- X;,367273,32858637,8.998254704266309,63.900836707299476,-64,64,4,64,367273,1.0,0,40
----O-------O-----XXOO----XXOX----OOO-------O------------------- X;,549821,49130172,12.70241405839355,63.78585394155552,-64,64,4,64,549821,1.0,0,156
----O-------O----OXXOO----OXOO-----OOO-------------------------- X;,176379,15751040,11.660061571955845,63.684316160087086,-64,64,4,64,176379,1.0,0,43
----O-------O----XXXO-----OOOOO---OOO--------------------------- X;,606914,54207491,14.292242393485733,63.86535159841427,-64,64,4,64,606914,1.0,0,54
----O-------OO-----XOO----XXOO----OOOO-------------------------- X;,624231,55889951,5.991580040081316,63.91669750460967,-64,64,4,64,624231,1.0,0,129
----O-------OO-----XOX----OOOO-----XOO-------O------------------ X;,326294,29231045,10.402017812157135,63.761068239072735,-64,64,4,64,326294,1.0,0,190
----O-------OO----XXO-----OXO-----OOOO----O--------------------- X;,96958,8663322,12.969801357288723,63.67134223065657,-64,64,4,64,96958,1.0,0,71
----O------O------OOXXO---XOXO-----OO------O-------------------- X;,26758,2383055,22.036325584871815,62.772180282532325,-64,64,10,64,26758,1.0,0,5
----O------O------OXO-----XXXO-----XOOO------O------------------ X;,307261,27471327,7.402410328678225,63.87443248573688,-64,64,4,64,307261,1.0,0,209
----O------O------OXXXO--OOOOO-----XO--------------------------- X;,172028,15375772,12.057037226498013,63.64718534192108,-64,64,4,64,172028,1.0,0,244
----O------O------OXXXO--OOOXO-----XO--------------------------- X;,124332,11120978,11.971206125534858,63.672650645047135,-64,64,4,64,124332,1.0,0,248
----O------O-O----OXOO----XXXO-----XOO-------------------------- X;,81551,7288710,14.888621843999461,62.975782025971476,-64,64,4,64,81551,1.0,0,87
----O------O-O----OXXOO---XXXO-----XO--------------------------- X;,41298,3680897,13.74599254201172,63.42646132984648,-64,64,4,64,41298,1.0,0,27
----O------OO------OXX----OOOO-----XOO-------O------------------ X;,398736,35707660,9.046150836643795,63.78854179206292,-64,64,4,64,398736,1.0,0,675
----O------OO------XXO-----XXOO----XOO-------O------------------ X;,128229,11490058,9.587160470720352,63.61136716343417,-64,64,4,64,128229,1.0,0,96
----O------OO-----OXOO----XOOO-----OOO-------------------------- X;,212487,19041361,15.045202765345644,63.744050224249015,-64,64,4,64,212487,1.0,0,561
----O------OO-----OXOXO---XXOO-----XO--------------------------- X;,237069,21199945,10.844446131716927,63.71502811417773,-64,64,4,64,237069,1.0,0,51
----O------OO-----OXX----OOXO-----XOO-------O------------------- X;,113098,10096356,10.346478275477905,63.41433093423403,-64,64,4,64,113098,1.0,0,20
----O------OO-----OXXX-----OXO-----XOO-------O------------------ X;,192610,17277633,11.907471055500753,63.56080161985359,-64,64,4,64,192610,1.0,0,741
----O------OO-----XXO-O---XXOO-----OOO-------------------------- X;,27518,2452876,26.573660876517188,62.33498073987935,-64,64,14,64,27518,1.0,0,22
----O------OOO-----XXO-----XXO-----XOO-------O------------------ X;,129500,11591122,9.221791505791506,63.45145945945946,-64,64,4,64,129500,1.0,0,47
----O------XO------XOO----XXOO-----OO-O----O-------------------- X;,179970,16159453,12.254386842251487,63.75450352836584,-64,64,4,64,179970,1.0,0,647
----O------XO------XOO----XXOO-----OOOO------------------------- X;,144955,12962179,17.378469180090374,63.52394881170018,-64,64,4,64,144955,1.0,0,115
----O-----OO------OXX----OXXO-----XOOO-------------------------- X;,183020,16328626,20.315430007649436,63.25988416566496,-64,64,6,64,183020,1.0,0,102
----O-----OOO------OOX-----XOO-----XOO-------O------------------ X;,376306,33757327,9.916748603530106,63.6440715800439,-64,64,4,64,376306,1.0,0,1273
----O-----OOO------OXX-----XOO-----XOO-------O------------------ X;,491057,43880404,9.560751603174378,63.77828643110678,-64,64,4,64,491057,1.0,0,81
----O-----X-O-----OXO-O---OOOO----OOO--------------------------- X;,199778,17866654,15.755368458989478,63.71473335402297,-64,64,4,64,199778,1.0,0,103
----O-----X-O-----OXOO----OXXX---O-XO--------------------------- X;,353578,31681485,11.130686864001719,63.81305963606333,-64,64,4,64,353578,1.0,0,331
----O----O-O------OX-X-----OXOO----XO-----X-O------------------- X;,541615,48369867,12.246341035606473,63.91343666626663,-64,64,4,64,541615,1.0,0,34
----O----O-O------OXOX-----XOO-----XO-------O-------O----------- X;,98059,8753209,16.249156120294924,63.722248850182034,-64,64,6,64,98059,1.0,0,13
----O----OOO------OXX-----XXO-----XOOO-------------------------- X;,8043,714912,38.326495088897175,50.768121347755816,-64,64,64,64,8043,1.0,0,0
----OX------OO-----XOO-----XOO-----XOO-------O------------------ X;,37780,3363755,20.934409740603495,63.04081524616199,-64,64,8,64,37780,1.0,0,7
----OX------XO-----XO------OOO----OOOO-------O------------------ X;,33,2940,25.151515151515152,34.78787878787879,-64,64,64,64,33,1.0,0,0
----OX------XO-----XO------XOO-----OOO----O--O------------------ X;,12473,1113524,22.04585905556001,63.09789144552233,-64,64,8,64,12473,1.0,0,9
----OX------XO-----XO-----OOOO-----XOO-------O------------------ X;,45788,4080160,22.856119507294487,63.260898051891324,-64,64,10,64,45788,1.0,0,5
----OX------XO----OOO------OOO-----XOO-------O------------------ X;,1503,133802,33.712574850299404,61.65003326679973,-64,64,28,64,1503,1.0,0,0
----OX-----OOO-----XO------XOO-----XOO-------O------------------ X;,37805,3366901,25.65041661155932,62.67916942203412,-64,64,14,64,37805,1.0,0,2
----OX----O-XO-----OO------XOO-----XOO-------O------------------ X;,41279,3681052,23.031226531650475,63.146394050243465,-64,64,10,64,41279,1.0,0,8
----X-------XX----O-X----X-OO-----XOOO-----O------O------------- X;,407085,37740031,-63.90080695677807,-4.374791505459548,-64,64,-64,-4,407085,1.0,0,2105
----X------OXO----OXX------OXO-----XOO-------O------------------ X;,51704,4617754,15.430372891845892,63.58281757697664,-64,64,4,64,51704,1.0,0,64
----X------X------XOX-----XOX-----XOOX------OO------------------ X;,516063,47407263,-63.43558829057692,-6.007006896444814,-64,64,-64,-4,516063,1.0,0,1228
---O--------O-------XOO---XXX------XXO------OOO----------------- X;,1976611,177501276,4.939006208100633,63.97128620654241,-64,64,4,64,1976611,1.0,0,326
---O--------O------OXO----OXXO---OXXX-O------------------------- X;,440569,39524243,9.806677274161368,63.812124775006865,-64,64,4,64,440569,1.0,0,1585
---O--------O-----OOXO----OOXOO--O-XO--------------------------- X;,34823,3106331,10.670189242741866,63.2715733854062,-64,64,4,64,34823,1.0,0,10
---O--------O-----XXOO----XXOX----OOO-------O------------------- X;,573813,51284242,11.612288323896461,63.70947678076307,-64,64,4,64,573813,1.0,0,140
---O--------O----OXXXO----OXOO-----OOO-------------------------- X;,18911,1685010,19.338057215377294,62.26407910739781,-64,64,8,64,18911,1.0,0,2
---O--------O----OXXXO----OXXO-----OOO-------------------------- X;,17051,1519865,21.28168435868864,62.177702187554985,-64,64,10,64,17051,1.0,0,2
---O--------OO-----XXO----XXXO----OOOO-------------------------- X;,411048,36785205,8.885473229403866,63.86904205834842,-64,64,4,64,411048,1.0,0,103
---O-------O------OOXXO--OOOXO-----XO--------------------------- X;,488913,43684935,9.037096579555055,63.885390652324645,-64,64,4,64,488913,1.0,0,44
---O-------O------XOOO----XXXO-----OO-O----O-------------------- X;,46816,4175962,13.44724025974026,63.47265892002734,-64,64,4,64,46816,1.0,0,17
---O-------OO------OXO----XOXO-----OO-O----O-------------------- X;,9160,817004,14.581877729257641,63.05305676855895,-64,64,4,64,9160,1.0,0,9
---O-------OO------OXO----XOXO-----OOOO------------------------- X;,24138,2149229,25.856160410970254,62.40401027425636,-64,64,14,64,24138,1.0,0,9
---O-------OO------OXX-----OXX----OOOO----X--------------------- X;,247224,22120487,14.116760508688477,63.80026211047471,-64,64,4,64,247224,1.0,0,272
---O-------OO-----OXX----OOOO-----XOO-------O------------------- X;,136287,12167494,18.59069463705269,63.00587730304431,-64,64,4,64,136287,1.0,0,140
---O-------OO-----XOX-----OOO----OOOO-------O------------------- X;,98570,8818646,9.906888505630516,63.75668053160191,-64,64,4,64,98570,1.0,0,30
---O-------OO-----XOX-----OXO----OOOO-------O------------------- X;,85013,7592120,14.445202498441414,63.68997682707351,-64,64,4,64,85013,1.0,0,27
---O-------OO-----XXO-----OXO-----OOO-----O-O------------------- X;,103845,9278257,15.546843853820597,63.48384611680871,-64,64,4,64,103845,1.0,0,60
---O-------OO-----XXX-----OXX-----OOOO----O--------------------- X;,62156,5542810,21.4981659051419,63.16744964283416,-64,64,8,64,62156,1.0,0,34
---O-------OO----OXXX-----OXO-----XOO-------O------------------- X;,89110,7963502,16.274559533161263,63.37789249242509,-64,64,4,64,89110,1.0,0,39
---O------OO------OOX-----OXO-----OOOO----O--------------------- X;,245406,21911125,9.094724660358752,63.62246236848325,-64,64,4,64,245406,1.0,0,81
---O------OO------OOX----OOOO-----XOOO-------------------------- X;,143920,12828668,21.06172873818788,62.91655086158977,-64,64,8,64,143920,1.0,0,58
---O------OO------OXX-----OXO-----OOO-----O-O------------------- X;,147872,13222549,10.150873728630167,63.63388606362259,-64,64,4,64,147872,1.0,0,320
---O------OO------OXX----OOOO-----XOO-------O------------------- X;,255937,22855530,14.210450227985794,63.53272875746766,-64,64,4,64,255937,1.0,0,190
---O------OO------XOX-----OOO-----OOOO----O--------------------- X;,120125,10751187,9.972811654526534,63.78209365244537,-64,64,4,64,120125,1.0,0,25
---O------OO------XOX-----OXO----OOOOO-------------------------- X;,118520,10583209,15.915102936213298,62.97564967937901,-64,64,4,64,118520,1.0,0,151
---O------OO------XOX----XXOO----O-OOO-------------------------- X;,54742,4890802,21.044682328011397,63.011727741039785,-64,64,6,64,54742,1.0,0,107
---O------OO------XXX-----XXO----OOOO-------O------------------- X;,187154,16688385,20.83492738600297,63.29966765337636,-64,64,10,64,187154,1.0,0,35
---O------OO-----OOOX-----OXO-----XOOO-------------------------- X;,111440,9940021,17.841600861450107,62.84897702799713,-64,64,6,64,111440,1.0,0,104
---O------OO-----OXXX-----OXO-----XOO-------O------------------- X;,108884,9717403,16.932717387311268,62.75263583262922,-64,64,4,64,108884,1.0,0,47
---O------OO-X-----OXO----XXOO-----OOO-------------------------- X;,156735,14043064,13.062162248381025,63.50050722557182,-64,64,4,64,156735,1.0,0,95
---O------OOO-----XOXX----XOO------OOO-------------------------- X;,349266,31490200,20.552014796745173,63.35007701866199,-64,64,8,64,349266,1.0,0,3787
---O------X-O-----OXOO----OXXX---O-XO--------------------------- X;,430910,38653556,11.114673597735026,63.75741106031422,-64,64,4,64,430910,1.0,0,602
---O-----O-O------OO-X-----OXOO----XO-----X-O------------------- X;,1163966,104663160,4.83533539639474,63.995857267308494,-64,64,4,64,1163966,1.0,0,18
---O-----OO------OXXX----XXOO------OOO-------------------------- X;,7533,670102,38.71472189034913,53.65246249834063,-64,64,64,64,7533,1.0,0,2
---O-----OOO-----XXOX-----XOO------OOO-------------------------- X;,12139,1078602,37.318230496746025,58.556388499876434,-64,64,64,64,12139,1.0,0,6
---O-X------OO-----XXO-----XXO-----XOO-------O------------------ X;,1140901,102374866,7.884848904506176,63.90897369710431,-64,64,4,64,1140901,1.0,0,673
---X--------X------XOX-----OOX----OOO-X---XO-------------------- X;,488295,45369038,-63.58789256494537,-5.4329124811845295,-64,64,-64,-4,488295,1.0,0,5863
---X-------X-------X-------XX-X--XXXOX-----OOO------------------ X;,64078,5878401,-60.986953400543086,-8.325977714660258,-64,64,-64,-4,64078,1.0,0,232
---X-------X-------XX-----OOOX---XXOO-----XO-------------------- X;,354308,32622938,-63.057243979814174,-6.8763618094990795,-64,64,-64,-4,354308,1.0,0,1660
---X-------X-------XXX-----XOX----OXO-----OOO------------------- X;,916819,84337197,-63.58296893934354,-5.724512690072959,-64,64,-64,-4,916819,1.0,0,3072
---X-------X-------XXX----OOX----XXOO-----XO-------------------- X;,226501,20836783,-62.64888896737763,-7.468929497000013,-64,64,-64,-4,226501,1.0,0,1318
---X-------X------OOO------OO----XXXOX----X-O------------------- X;,655293,60383292,-63.73810799138706,-4.7768280753800205,-64,64,-64,-4,655293,1.0,0,1441
---X-------X------OOO-----OOO----OXXXX----X--------------------- X;,1218323,112214808,-62.58011381218281,-8.011123486957072,-64,64,-64,-4,1218323,1.0,0,6487
---X-------X------OOO-----OOX----XXXXX----X--------------------- X;,121723,11175954,-60.16963104754237,-9.502690535067325,-64,64,-64,-4,121723,1.0,0,627
---X-------X------OOO-----XOO-----XXOX----X-O------------------- X;,1136384,104861972,-63.62004568878125,-4.954469615904483,-64,64,-64,-4,1136384,1.0,0,3886
---X-------X------OOX-----XXOX----XXOO----X--------------------- X;,974953,89984138,-62.98162065248273,-6.54944802467401,-64,64,-64,-4,974953,1.0,0,5602
---X-------X------OX-----O-OX-----OXO-----O--O----O---O--------- X;,53760,4804783,11.576599702380953,63.83292410714286,-64,64,4,64,53760,1.0,0,4
---X-------X-----OOX-------OX-----OXO-----O--O----O---O--------- X;,235025,21059496,5.535198383150728,63.938219338368256,-64,64,4,64,235025,1.0,0,20
---X-------XX------XO-----OOOO----OXXX----X--------------------- X;,218531,20091334,-62.0856354476024,-6.8578920153204805,-64,64,-64,-4,218531,1.0,0,908
---X------OXO------OX-----OXO-----OOOO----O--------------------- X;,800,71213,33.225,56.4525,-64,64,64,64,800,1.0,0,0
---X------OXO------XO-----OXO-----OOO-----O-O------------------- X;,31194,2800965,21.11521446432006,63.37930371225236,-64,64,6,64,31194,1.0,0,192
---X------OXO-----OX------OXO-----OOO-----O-O------------------- X;,85014,7579606,20.172583339214718,63.50347001670313,-64,64,6,64,85014,1.0,0,25
---X------OXO-----XO------OXO----OOOO-------O------------------- X;,727,65060,11.909215955983495,31.061898211829437,-64,64,20,64,727,1.0,0,0
--O--------O-------XOO----XXXXO----OOO-O------------------------ X;,645069,58880430,11.148236855282148,63.81384937115254,-64,64,4,64,645069,1.0,0,12926
--O--------O-------XOO-O--XXXXO----OOO-------------------------- X;,759100,68294557,10.106373336846266,63.83344750362271,-64,64,4,64,759100,1.0,0,3301
--O--------O------OOXXO---XOXO-----OO------O-------------------- X;,41414,3691768,19.97677114019414,63.417829719418556,-64,64,8,64,41414,1.0,0,9
--O--------O------OXO-----XXXO-----XOOO------O------------------ X;,410212,36675060,6.498220432361803,63.911509170867745,-64,64,4,64,410212,1.0,0,81
--O--------O------OXOXO--OOOXO-----XO--------------------------- X;,165145,14794080,7.6584213872657365,63.882624360410546,-64,64,4,64,165145,1.0,0,214
--O--------O------OXXXO--OOOOO-----XO--------------------------- X;,261579,23438831,7.753902262796325,63.93481892659579,-64,64,4,64,261579,1.0,0,468
--O--------O------XXOO----XXOO----OOOO-------------------------- X;,400404,35809654,9.60752639833768,63.85344801750232,-64,64,4,64,400404,1.0,0,774
--O--------O-O----OXOO----XXXO-----XOO-------------------------- X;,170045,15218701,13.255514716692641,63.5539768884707,-64,64,4,64,170045,1.0,0,51
--O--------O-O----OXXOO---XXXO-----XO--------------------------- X;,273820,24519405,5.730275363377401,63.903294134833104,-64,64,4,64,273820,1.0,0,63
--O--------O-X---O-XOO----OXOO-----OOO-------------------------- X;,1670164,150303781,8.79490636847639,63.91141109495834,-64,64,4,64,1670164,1.0,0,4489
--O--------OO-----OXOXO---XXOO-----XO--------------------------- X;,200579,17944510,13.541018750716676,63.55071069254508,-64,64,4,64,200579,1.0,0,60
--O--------OX------XOO----XXXO-----OO-O----O-------------------- X;,330209,29750768,8.847390592018995,63.835903927512575,-64,64,4,64,330209,1.0,0,1341
--O--------OX------XOO----XXXO-----OOOO------------------------- X;,357430,32171023,15.634401141482249,63.664818286097976,-64,64,4,64,357430,1.0,0,2159
--O--------OX-----OXO-O---OXXO---O-XO--------------------------- X;,23177,2069052,15.177632998231005,63.40095784614057,-64,64,4,64,23177,1.0,0,25
--O--------OX-----OXOO----XOOO-----OOO-------------------------- X;,134717,12163122,7.095719174269023,63.92545855385735,-64,64,4,64,134717,1.0,0,517
--O-------O-X-----OXOO----OXXX---O-XO--------------------------- X;,1339734,120217030,7.34052132736797,63.90507667940054,-64,64,4,64,1339734,1.0,0,449
--O-------OO------XXOX-----XOO-----XO-------O-------O----------- X;,1951681,174735213,5.5973173894709225,63.96295091257229,-64,64,4,64,1951681,1.0,0,105
--O-------OO-X-----OOO----XXOO-----OOO-------------------------- X;,2173887,196934362,5.221655955438346,63.98363484394543,-64,64,4,64,2173887,1.0,0,14408
--O------O-O------OXOX-----XOO-----XO-------O-------O----------- X;,159704,14261272,14.476030656714922,63.75577318038371,-64,64,4,64,159704,1.0,0,58
--X--------X------XOX-----XOX-----XOOX------OO------------------ X;,533430,49057491,-63.5600584893988,-5.810704309843841,-64,64,-64,-4,533430,1.0,0,1511
--X--------XOO----OXX------OXO-----XOO-------O------------------ X;,66002,5910621,15.782552043877459,63.64155631647526,-64,64,4,64,66002,1.0,0,227
--X-------OX------OOX-----OXO-----OOOO----O--------------------- X;,152276,13601928,14.27111297906433,63.594039769891516,-64,64,4,64,152276,1.0,0,38
--X-------XOO-----XO------OXO----OOOO-------O------------------- X;,4775,427087,29.104921465968587,63.031623036649215,-64,64,16,64,4775,1.0,0,16
--X-------XX-----OOOOO----OXO------OOO-------------------------- X;,74690,6653371,23.07358414781095,63.070692194403534,-64,64,12,64,74690,1.0,0,12
--X-------XXO----OXOO-----OXO------OOO-------------------------- X;,8241,732782,34.483921854143915,61.84564979978158,-64,64,30,64,8241,1.0,0,1
--X------OXX-----OOXX-----OOO------OOO-------------------------- X;,19486,1732070,38.00718464538643,58.86749461151596,-64,64,64,64,19486,1.0,0,6
--XO------OO-----OXOX-----OOO------OOO-------------------------- X;,16616,1480291,24.980139624458353,62.90539239287434,-64,64,12,64,16616,1.0,0,9
-O--------OO------XOX----OXXOX-----OOO-------------------------- X;,270613,24157119,18.591346313739546,63.470742351623905,-64,64,4,64,270613,1.0,0,36
-O--------OO------XOXX-----OO-----OOOO----X--------------------- X;,2483698,222504321,10.273393142000357,63.949245037037514,-64,64,4,64,2483698,1.0,0,958
-O-------OO------OXOX----XXOO------OOO-------------------------- X;,962,85864,21.55925155925156,33.66735966735967,-64,64,64,64,962,1.0,0,0
-OX-------OX-----OXOX-----OXO------OOO-------------------------- X;,749,66517,38.06675567423231,50.120160213618156,-64,64,64,64,749,1.0,0,0
O--------O-X-----XO-X----XOOXX----OOO--------------------------- X;,70507,6424965,-55.74025274086261,-19.929368715163033,-64,64,-64,-10,70507,1.0,0,31
