parent_obf,n_children,bytes,mean_lb,mean_ub,min_lb,max_ub,median_lb,median_ub,exact_count,exact_fraction,parse_errors
--------------------------XXX----OOOOOO---OOOO-----O------------ X;,299873,26793187,12.045969460404905,63.63617598116536,-64,64,4,64,297690,0.992720251573166,0
--------------------------XXX---OXOOO---OO-OOO--O--------------- X;,586479,52596379,9.509834111707324,63.89783436406078,-64,64,4,64,584490,0.9966085742200488,0
---------------------X-----XX----OXOOO---OO-OOO--O-------------- X;,300647,26899079,9.810864568746736,63.89535568291052,-64,64,4,64,300263,0.9987227545925953,0
---------------------X-----XX----OXOOO---XO-OOO----O------------ X;,186867,16748152,7.590799873706968,63.92881568174156,-64,64,4,64,186852,0.9999197290051213,0
---------------------X-----XXX---OOXOOO---X-OOO----------------- X;,2242361,201430921,5.226715056139489,63.97574431592415,-64,64,4,64,2241296,0.9995250541728116,0
---------------------X-----XXXO--OOXOO----X-OOO----------------- X;,1823821,163404407,6.218004946757385,63.90302666763898,-64,64,4,64,1819707,0.9977442961781885,0
---------------------X----OOOO----XXO----OOOO--------O--------O- X;,245266,21920490,15.763685141845995,63.80695245162395,-64,64,4,64,245247,0.9999225330865265,0
---------------------X----OOOO----XXX-----OOOOO--O-------------- X;,546722,48889298,9.022100811747103,63.88648161222706,-64,64,4,64,546691,0.9999432984222328,0
---------------------X----OOOO---XXXO----OOOO------O------------ X;,314379,28096830,16.677338499072775,63.6991688376132,-64,64,4,64,313816,0.9982091679151597,0
---------------------X----OOX-----XXO----OOOOO-------O--------O- X;,537573,48076317,10.544525115658711,63.931711600098964,-64,64,4,64,537539,0.9999367527759021,0
---------------------X----OOX----OXXX---OOOOO------O------------ X;,812289,72884607,5.447012085600075,63.95759144836382,-64,64,4,64,811986,0.999626980052666,0
---------------------X----OOX----XXXO----OOOOO-----O------------ X;,1301274,116679401,5.710260098949184,63.960162886525055,-64,64,4,64,1298252,0.9976776605080867,0
---------------------X----OOXX---OXXX-----OOOO-----O------------ X;,1300093,116485408,7.012686015538888,63.96715158069461,-64,64,4,64,1299530,0.9995669540563636,0
---------------------X----OXX----OOOOOO---XOO-------O----------- X;,1018256,91233902,6.566227942678462,63.957872087176504,-64,64,4,64,1018117,0.9998634920884335,0
---------------------X----OXX----OOXO-----OOO-----OOO----------- X;,411779,36849825,7.61930792973901,63.88680578659912,-64,64,4,64,411710,0.9998324343883491,0
---------------------X----OXX---XXOOX-----O-OOO----O------------ X;,601203,53968804,6.561870117081917,63.94598164014484,-64,64,4,64,601019,0.9996939469696592,0
---------------------X----OXX---XXOOX-----O-OOO---O------------- X;,626245,56182663,5.6693466614503905,63.966195338884944,-64,64,4,64,626075,0.9997285407468323,0
---------------------X----XXXX----XXOX----XOOO-----O------------ X;,502726,46106645,-62.77542239709106,-6.755121079872535,-64,64,-64,-4,500929,0.9964254882381257,0
---------------------X----XXXXX---XXOO----XOO------O------------ X;,881116,80773396,-62.89410474897743,-6.965604982771849,-64,64,-64,-4,877906,0.9963568928495227,0
---------------------X---X-OXX----XXOX----XOOO-----O------------ X;,1521741,139741393,-63.16263214305194,-6.013858468688167,-64,64,-64,-4,1505681,0.9894462986802616,0
---------------------X---XOOOO---OOXO-----OOO-----O------------- X;,133622,11939766,15.341470715900076,63.67779257906632,-64,64,4,64,132457,0.9912813758213468,0
---------------------X---XOOOO---OOXO----OOOO------------------- X;,128127,11449461,12.31319706228976,63.54464710794758,-64,64,4,64,128025,0.9992039148657191,0
---------------------X---XOOOO---OXOO-----OOO------O------------ X;,712805,63807800,8.959448937647744,63.8884042620352,-64,64,4,64,712362,0.9993785116546601,0
---------------------X--O--XX---XOXXX-----O-OOO----O------------ X;,80730,7221573,7.195565465130683,63.88859160163508,-64,64,4,64,80611,0.9985259506998637,0
---------------------X--O--XX---XOXXX-----O-OOO---O------------- X;,82082,7343544,7.911210740479033,63.912063546209886,-64,64,4,64,82080,0.9999756341219755,0
---------------------X--O-OOX----OXXX----OOOO------O------------ X;,257115,22983221,11.792205822297415,63.81661513330611,-64,64,4,64,257045,0.9997277482838418,0
--------------------O-----XOXO----OOOOO--O-OOO------------------ X;,253206,22677920,6.398541108820486,63.93433409950791,-64,64,4,64,252643,0.9977765139846607,0
--------------------O-----XOXX---OOXO----OOOOO------------------ X;,521740,46652298,6.76037681603864,63.87421512630812,-64,64,4,64,521549,0.9996339172768045,0
--------------------O-----XXXO---OOOOOO----OOO------------------ X;,300515,26871356,7.63167562351297,63.83785501555663,-64,64,4,64,300466,0.9998369465750462,0
--------------------O-----XXXX---OXXO-----OOOO-----O------------ X;,1070949,95965031,6.35788445574906,63.91303414074807,-64,64,4,64,1070429,0.9995144493341886,0
--------------------O-----XXXXO--XXXXO------OOO----------------- X;,1688190,154849358,-62.62272374554997,-8.447583506595821,-64,64,-64,-4,1658442,0.9823787606845201,0
--------------------O----OXOXX---OOXO----O-OOO------------------ X;,132811,11860153,6.935186091513504,63.69301488581518,-64,64,4,64,132775,0.9997289381150658,0
--------------------O----OXXXO----OOOOO----OOO------------------ X;,369902,33092211,6.540351228163135,63.8093197657758,-64,64,4,64,367498,0.9935009813410038,0
--------------------OOO---XXXO--OOOOO----O--O------------------- X;,157012,14011313,9.165675235013884,63.51424731867628,-64,64,4,64,156976,0.9997707181616692,0
--------------------OX-----XO---XXXXO-----O-OOO----O------------ X;,574521,51515991,4.969602503650868,63.97810872013382,-64,64,4,64,574475,0.9999199333009585,0
--------------------OX-----XO---XXXXO-----O-OOO---O------------- X;,666554,59870773,4.749961743534658,63.97909846764103,-64,64,4,64,666437,0.9998244703354867,0
--------------------OX-----XXOO---XXOOO---OOO------------------- X;,1695546,151949973,5.820904888454811,63.952744425689424,-64,64,4,64,1695081,0.9997257520586289,0
--------------------OX----OOO-----XXO----OOOO--------O--------O- X;,532891,47671784,5.862412763585799,63.94701167781028,-64,64,4,64,532851,0.9999249377452425,0
--------------------OX----OOO----XXXO----OOOO------O------------ X;,855819,76587442,7.022314297766234,63.91862297985906,-64,64,4,64,855697,0.9998574464927747,0
--------------------OX----OOXO----OOOOO--OX-O------------------- X;,1520053,136123979,6.275336452084237,63.96266709121327,-64,64,4,64,1519775,0.9998171116401863,0
--------------------OX----XOO----OOOO-----OOOO--------O--------- X;,448693,40099727,9.551673415899067,63.845094530113016,-64,64,4,64,448672,0.9999531973977753,0
--------------------OX----XOO----OOXO------OOO------O-O--------- X;,168923,15095460,14.800731694322264,63.721103698134655,-64,64,4,64,168916,0.9999585610011662,0
--------------------OX----XOX-----OXXO---OO-OOO----------------- X;,426770,38185487,5.805405722051691,63.9557771164796,-64,64,4,64,426665,0.999753965836399,0
--------------------OX----XOX-O---OOOOO-----OOO----------------- X;,2040147,182912748,6.236374143627885,63.94048860204681,-64,64,4,64,2039820,0.9998397174321262,0
--------------------OX----XOXX---OOOOX----XOO------------------- X;,2452353,225685861,-63.35883129386349,-5.6855982805085565,-64,64,-64,-4,2440473,0.9951556729394178,0
--------------------OX----XXOX----XOOX----XOO-------O----------- X;,1337317,123160377,-63.52326411763254,-4.553229339042276,-64,64,-64,-4,1328456,0.993374046691996,0
--------------------OX----XXX----OOOOO----O-OOO----------------- X;,750397,67118761,5.788178790693459,63.896313551360144,-64,64,4,64,748558,0.9975492972386617,0
--------------------OX---O-XXXO---OXOO----OOO------------------- X;,865917,77463952,6.922758185830744,63.91976829188017,-64,64,4,64,865767,0.9998267732357721,0
--------------------OX---OOOOO----OXOO-----OOO------------------ X;,945191,84577364,6.881502257215737,63.92140001333064,-64,64,4,64,944982,0.9997788806706792,0
--------------------OX---OOOOX----XXOX------OO--------O--------- X;,1707741,152750234,9.899400436014595,63.900489594148056,-64,64,4,64,1705305,0.9985735541864955,0
--------------------OX---OOOOX----XXXO------OOO----------------- X;,1838081,164713286,6.1742110385777345,63.96530511985054,-64,64,4,64,1837966,0.999937434748523,0
--------------------OX---XOOO----OOXO-----OOO-----O------------- X;,110086,9830699,15.163690205839071,63.71207964682158,-64,64,4,64,110061,0.9997729048198681,0
--------------------OX---XOOO----OOXO----OOOO------------------- X;,201294,17981964,11.723439347422179,63.50335330412233,-64,64,4,64,201226,0.9996621856587876,0
--------------------OX---XOOO----OXOO-----OOO------O------------ X;,1044108,93603817,6.525499277852482,63.93957713186759,-64,64,4,64,1043693,0.9996025315388829,0
--------------------OX-O--OXXXO---XXXOO-----O------------------- X;,392911,35170191,6.7462402427012735,63.93470276983846,-64,64,4,64,392777,0.9996589558449623,0
--------------------X------OXO----OXOO---OOOOO-----O------------ X;,209127,18672400,7.2345321264112235,63.80227325978951,-64,64,4,64,209094,0.999842201150497,0
--------------------X------XOO---OOOOO-----OOO-----O-------O---- X;,1029869,92190761,8.33728076095115,63.91707197711553,-64,64,4,64,1029691,0.9998271624837722,0
--------------------X------XOOOO-OOOOO-----OOO------------------ X;,1765752,158043758,6.799909047250123,63.93495066124801,-64,64,4,64,1765557,0.999889565465592,0
--------------------X------XXX----XOO-X--XXOO------OO----------- X;,145224,13302996,-61.90039525147358,-8.724487687985457,-64,64,-64,-4,144212,0.9930314548559467,0
--------------------X------XXXX---XOO----XXOO------OO----------- X;,144520,13235141,-61.634521173539994,-8.586583171879324,-64,64,-64,-4,143504,0.9929698311652366,0
--------------------X------XXXX---XXOX----OOO------O------O----- X;,378934,34753737,-62.43475117038851,-7.687734539524033,-64,64,-64,-4,375663,0.9913678899227834,0
--------------------X-----OOOOOO--XOOO-----OOO------------------ X;,1494736,134058044,5.122406230933088,63.924052809325524,-64,64,4,64,1491052,0.9975353507241412,0
--------------------X-----OXOX---OOOO-X--XOOO------------------- X;,713134,65570470,-63.436349970692746,-5.880757333123929,-64,64,-64,-4,710871,0.9968266833442242,0
--------------------X-----OXOX---OOOX-X--XOO-------O------------ X;,489129,44951581,-63.37770199681474,-6.224881370763132,-64,64,-64,-4,484736,0.9910187292104946,0
--------------------X-----OXXXX--OOOO-----XOOO------------------ X;,2894305,266177202,-63.56161047298056,-5.683006110275178,-64,64,-64,-4,2879468,0.9948737261622393,0
--------------------X-----OXXXX--OOOO----XOOO------------------- X;,497373,45522231,-62.130736891628615,-9.809239745623506,-64,64,-64,-4,494185,0.9935903235599841,0
--------------------X-----OXXXX--XXOXX----OOO------------------- X;,555974,50896533,-62.56150827196955,-7.550428617165551,-64,64,-64,-4,554505,0.9973577901124873,0
--------------------X-----XXXO---OOOOO----O-OO-----O------------ X;,2148509,192531978,5.723605532953318,63.94337840800294,-64,64,4,64,2147708,0.9996271833164302,0
--------------------X-----XXXO--OOOOOO-----OOO------------------ X;,2575628,231402329,4.591066334113466,63.9656592489288,-64,64,4,64,2552267,0.9909299790187093,0
--------------------X-----XXXX----XXOOX---XOO------O------------ X;,706299,64788087,-63.196106747992,-6.255533421398019,-64,64,-64,-4,703654,0.996255127077909,0
--------------------X-----XXXXX---XXOO----XOO------O------------ X;,1398024,128502456,-63.49346792329745,-5.464255263142836,-64,64,-64,-4,1394197,0.9972625648772839,0
--------------------X-----XXXXX--OOOO-----XOOO------------------ X;,1481544,136059234,-63.08528670090122,-7.4756281284929775,-64,64,-64,-4,1476661,0.9967041140863856,0
--------------------X----O-XOO----OOOO-----OOO-----O-------O---- X;,466786,41779363,6.615991053716264,63.87326954964374,-64,64,4,64,466679,0.9997707729023578,0
--------------------X----O-XOOOO--OOOO-----OOO------------------ X;,1605617,143769349,5.575967369553262,63.96958676944751,-64,64,4,64,1605382,0.9998536388192203,0
--------------------X----O-XXXX--OOOO----X-OOO------------------ X;,702543,64462459,-63.174265489799204,-7.387835335346021,-64,64,-64,-4,699642,0.9958707153868162,0
--------------------X-X---OXOX---OXOX----X-OO------O------------ X;,508902,46863428,-63.73332783129168,-4.7839191042676195,-64,64,-64,-4,508031,0.9982884720437334,0
--------------------X-X---OXOX--XOXXX---O--XO------------------- X;,178331,16430543,-63.54444824511722,-5.169078847760625,-64,64,-64,-4,177469,0.995166291895408,0
--------------------X-X--XXXOX---OXOOO-----XO------------------- X;,624951,57383255,-63.588919771310074,-5.020462404252493,-64,64,-64,-4,623720,0.9980302455712527,0
--------------------XO-----XOX----XOO-X--XXOOO------------------ X;,557140,51098279,-62.81363571095236,-6.497625372437807,-64,64,-64,-4,555295,0.9966884445561259,0
--------------------XO-----XXO----OXOO----OOO-----OO------------ X;,419757,37474719,7.573941590015176,63.82890338934193,-64,64,4,64,419657,0.9997617669270554,0
--------------------XO-----XXO----OXOO---OOOO------O------------ X;,475149,42448431,7.844080488436259,63.86689859391475,-64,64,4,64,475004,0.9996948325683102,0
--------------------XO----OOXO----OXOO----OOOO------------------ X;,198500,17726165,9.195853904282115,63.6124886649874,-64,64,4,64,198137,0.9981712846347607,0
--------------------XO----XXOX----XOO-X---XOOO------------------ X;,829563,76114792,-62.91734684406127,-6.407184264486242,-64,64,-64,-4,826368,0.9961485746109698,0
--------------------XO----XXXOX---XXOO-----OOO------------------ X;,1185349,108774085,-62.812947916605154,-6.890412022113319,-64,64,-64,-4,1175860,0.9919947627238898,0
--------------------XOO----XXOO---XXOO----OOO------------------- X;,720130,64340767,7.322847263688501,63.879738380570174,-64,64,4,64,720044,0.9998805771180204,0
--------------------XOO----XXOX---XXOO-----OOO------------------ X;,1614191,148321293,-62.61936474679886,-8.523228663770272,-64,64,-64,-4,1599932,0.9911664728647354,0
--------------------XX-----XXX----XOXOO---OOOO------------------ X;,2287640,210581428,-63.3437188543652,-5.651145722229022,-64,64,-64,-4,2274995,0.994472469444493,0
--------------------XX----OOXO-----XO-----XOOO----O--O---------- X;,957616,85882182,4.971302693355165,63.96785872416501,-64,64,4,64,956350,0.9986779669512623,0
--------------------XX----OOXOO----XO-----XOOO----O------------- X;,440898,39472526,5.759665500864146,63.920664189903334,-64,64,4,64,440820,0.999823088333356,0
--------------------XX----OXXO----OXO-----OOOO----O------------- X;,290265,25970637,8.77204623361411,63.79516648579746,-64,64,4,64,288146,0.9926997743441338,0
--------------------XX----OXXO----XXO----OOOOO------------------ X;,1598677,143433661,5.295182829301979,63.94970278549075,-64,64,4,64,1598418,0.9998379910388402,0
--------------------XX----OXXO----XXX----OOOO------O------------ X;,2585371,233019673,4.3905764395129365,63.85016811900497,-64,64,4,64,2578049,0.997167911297837,0
--------------------XX----OXXO---OXXX-----OOO------O------------ X;,2438270,218829320,5.172714670647632,63.97131777858892,-64,64,4,64,2437935,0.9998626075045012,0
--------------------XX---OOXXO----OXX-----XOO------O------------ X;,11815881,1083010711,-39.74650557161163,19.787450804557018,-64,64,-64,-2,11709759,0.9910186976324491,0
--------------------XX---X-XXO----XOO-----XOOO-----O------------ X;,571200,52381790,-63.009173669467785,-6.8903711484593835,-64,64,-64,-4,569044,0.9962254901960784,0
--------------------XX---XXXXX-----OOOO----XOO------------------ X;,500162,45811033,-61.83209840011836,-8.424466472862793,-64,64,-64,-4,495554,0.9907869850168546,0
--------------------XXX----XOOO---XXXO-----OOO------------------ X;,1123953,103514656,-63.38982235022283,-5.1692152607804775,-64,64,-64,-4,1120293,0.9967436360773093,0
--------------------XXX----XOX----XOX-----XOO------OO----------- X;,103787,9516580,-62.56723867150992,-7.250349273030341,-64,64,-64,-4,103171,0.9940647672637228,0
--------------------XXX----XXOX---XOOO-----OOO------------------ X;,446353,41048642,-62.6371392149263,-6.089586045125719,-64,64,-64,-4,444144,0.9950510022336582,0
--------------------XXX---OXOO----OOOO----O-O-------O----------- X;,340801,30442960,13.452574963101634,63.73621262848407,-64,64,4,64,340485,0.9990727726737891,0
--------------------XXX---OXOO---OOOOO------O-------O----------- X;,481724,43054318,11.345947056820918,63.8048945039068,-64,64,4,64,481637,0.9998193986598135,0
--------------------XXX---XXOO----XOO-----OOOO------------------ X;,1692834,155728640,-63.58346004392634,-5.303818921406352,-64,64,-64,-4,1688845,0.997643596477859,0
--------------------XXX--XXXXX-----OOO----OOO------------------- X;,821441,75363688,-63.297516194102805,-6.056837922626214,-64,64,-64,-4,814787,0.991899600823431,0
-------------------O------XOX-----OOOOO--OOOOO------------------ X;,1616324,144906452,6.632120168976022,63.9399779994605,-64,64,4,64,1616027,0.9998162497123102,0
-------------------O------XXOX----OOOO---OOO-O-----O------------ X;,790270,70744440,5.887848456856517,63.944011540359625,-64,64,4,64,789972,0.9996229136877269,0
-------------------O------XXOX---OOOOO----OO-O-----O------------ X;,526933,47144994,6.057587966591578,63.91482218802011,-64,64,4,64,526690,0.9995388408013922,0
-------------------O------XXXXO----OOOOO--OOO------------------- X;,499633,44721088,6.269137546959469,63.83118809205957,-64,64,4,64,497921,0.9965734849379444,0
-------------------O-----OXOX---XXXOO----O-OOO------------------ X;,28233,2515737,18.971133071228703,62.70782417738108,-64,64,4,64,28224,0.999681224099458,0
-------------------O-----OXXXX---OOXX-----OO-O-----O------------ X;,476863,42713371,7.663746191254092,63.889253307553744,-64,64,4,64,476649,0.9995512337925149,0
-------------------O-----OXXXX---OXXXO---OOO-------------------- X;,1429038,128396983,6.069647553109155,63.9248298505708,-64,64,4,64,1413800,0.9893368825741513,0
-------------------O-O----XXOX----XXXO----OOO-O----------------- X;,584596,52303967,6.061599805677767,63.920312489308856,-64,64,4,64,584374,0.999620250566203,0
-------------------O-O----XXOX---OXOX-----OO-O-----O------------ X;,213663,19081302,6.505197437085504,63.89915895592592,-64,64,4,64,213637,0.9998783130443736,0
-------------------O-X-----XOX---OOXOO----X-OOO----------------- X;,1989090,178337048,5.358847010441961,63.96643339416517,-64,64,4,64,1988187,0.9995460235585116,0
-------------------O-X----XOXX----OOOX----XOO-------O----------- X;,1398739,128758001,-63.62231838820538,-4.812674844985376,-64,64,-64,-4,1394998,0.9973254481357852,0
-------------------O-X----XOXX---XXXOX-----OOO------------------ X;,1047299,96255689,-63.538279899054615,-5.0241898445429625,-64,64,-64,-4,1044911,0.9977198488683747,0
-------------------O-X----XOXXX---OOO-----XOO-------O----------- X;,681262,62738689,-63.74740995387971,-4.4241099606318866,-64,64,-64,-4,679980,0.9981181982849476,0
-------------------O-X---OOOOO----OXOO-----OOO------------------ X;,890610,79655465,7.3702394987705055,63.92379492707246,-64,64,4,64,890534,0.9999146652294495,0
-------------------O-X---XXOXXX----OO-----XOO-------O----------- X;,286231,26264763,-63.39863606667342,-5.80184186897995,-64,64,-64,-4,283749,0.9913286820784611,0
-------------------O-XO----OXO---OOOOO----XO--O----------------- X;,744638,66623696,6.2718085834996335,63.94184959671679,-64,64,4,64,744547,0.9998777929678582,0
-------------------O-XO---OXXO---OOOOO----XO-------------------- X;,1573514,140845156,6.884599056633751,63.87691815897412,-64,64,4,64,1564782,0.9944506372361479,0
-------------------O-XO---XXXO----XXOO---OOO-------------------- X;,1172619,105159754,5.81847556623251,63.95606160227661,-64,64,4,64,1172429,0.9998379695365673,0
-------------------OO-----XOOX----XXXO-----OOOO----------------- X;,1200062,107589435,5.457773015060888,63.948545991790425,-64,64,4,64,1199748,0.9997383468520793,0
-------------------OO-----XXOX-----XXO----O-OOO-----O----------- X;,1091136,97698121,5.927803683500499,63.95045347234442,-64,64,4,64,1090617,0.9995243489354214,0
-------------------OO-----XXOX----XXXO----OOO-O----------------- X;,1191617,106699998,6.3046356337648755,63.9327728624214,-64,64,4,64,1191102,0.9995678141550515,0
-------------------OO-----XXOXO---XXOO----OOO------------------- X;,909655,81358485,6.999704283492093,63.84843924344944,-64,64,4,64,907714,0.9978662240080031,0
-------------------OO----OXOXX---XXOO------OOO------------------ X;,643403,57646214,6.030015402477141,63.85664039490024,-64,64,4,64,643133,0.9995803563241079,0
-------------------OOO-----XXO----XOOOO---OOO------------------- X;,276068,24664127,6.883568541084081,63.72133314980367,-64,64,4,64,275933,0.9995109900459307,0
-------------------OOO-----XXO----XOXO----OOOO------------------ X;,401101,35905191,7.323601786083804,63.72467782428865,-64,64,4,64,398699,0.9940114833919637,0
-------------------OOO-----XXXO---XOXO----OOO------------------- X;,621348,55604004,6.958020304241745,63.91349775005311,-64,64,4,64,621156,0.9996909944185867,0
-------------------OOO----OXOX---OXOO-----OOO------------------- X;,237270,21178003,7.453984911703966,63.81773928435959,-64,64,4,64,237224,0.9998061280397859,0
-------------------OOO----XOOX----OXX----O-OO------O------------ X;,457974,40909837,9.326077462912743,63.81075563241581,-64,64,4,64,457703,0.9994082633511946,0
-------------------OOO----XOOX----OXX----OOOO------------------- X;,457789,40925510,7.268335412165867,63.81887288685399,-64,64,4,64,457510,0.9993905489210094,0
-------------------OOO----XOOX----XOX-----OOO------O------------ X;,1268670,113667605,5.856435479675565,63.929696453766546,-64,64,4,64,1268474,0.9998455074999802,0
-------------------OOO----XOOX----XXO------OOO-----O------------ X;,1888319,169371425,5.456396403361932,63.96417183749144,-64,64,4,64,1887326,0.9994741354612224,0
-------------------OOO----XOXX----OXO----OOOO------------------- X;,411424,36770379,6.709890526561407,63.74788539317103,-64,64,4,64,410125,0.996842673251925,0
-------------------OOO----XOXX----XOXO-----OO-O----------------- X;,695602,62287802,5.630987259956124,63.9322428630165,-64,64,4,64,695447,0.9997771714284893,0
-------------------OOO----XOXXO---XOXO-----OO------------------- X;,615967,55106856,6.5041422673617255,63.902106768706766,-64,64,4,64,615874,0.9998490178856985,0
-------------------OOO----XXOX----XOXO-----OO-O----------------- X;,2693820,242234959,5.251360521489929,63.96879004536309,-64,64,4,64,2693310,0.9998106777735706,0
-------------------OOO----XXOX----XOXO----O-O-O----------------- X;,1051115,94123764,6.085440698686633,63.909321054309,-64,64,4,64,1049383,0.9983522259695656,0
-------------------OOO----XXOXO---XOXO----O-O------------------- X;,627179,56133319,6.020375363333275,63.92039752606512,-64,64,4,64,626378,0.9987228526465332,0
-------------------OOO----XXOXX---XXOO-----O--O----------------- X;,3316592,305187805,-63.43863791506462,-6.876612197098709,-64,64,-64,-4,3298127,0.9944325379787444,0
-------------------OOO----XXXO----XOOOO----OO------------------- X;,428077,38246802,6.928512861003978,63.853355821499406,-64,64,4,64,428033,0.9998972147534205,0
-------------------OOO----XXXO----XOOOO---O-O------------------- X;,401365,35839049,7.576512650579896,63.828612360320406,-64,64,4,64,400899,0.9988389620420316,0
-------------------OOO----XXXO----XOXO-----OOO------------------ X;,488653,43705068,8.037337333445205,63.78911211022955,-64,64,4,64,487070,0.9967604823872973,0
-------------------OOO----XXXO----XOXO----O-OO------------------ X;,302179,27005100,8.46213006198313,63.68314806786706,-64,64,4,64,301880,0.9990105202545511,0
-------------------OOO----XXXXO---XOXO-----OO------------------- X;,874270,78278195,6.1317659304333905,63.910420121930294,-64,64,4,64,872159,0.9975854141169204,0
-------------------OOO----XXXXO---XOXO----O-O------------------- X;,500887,44785911,6.573239073882932,63.89375647601155,-64,64,4,64,499496,0.9972229265283388,0
-------------------OOO---OXXXX----OXO-----OOO------------------- X;,420034,37515829,7.041053819452711,63.792773918301855,-64,64,4,64,418685,0.9967883552283863,0
-------------------OOX-----OOXO---XOOO----OOO------------------- X;,1141250,102131774,6.354924863088718,63.92318247535597,-64,64,4,64,1141151,0.9999132530120481,0
-------------------OOX----XOOX----XXOX-----OO-------O----------- X;,2232189,205705574,-63.64172299030234,-4.627763150880145,-64,64,-64,-4,2225211,0.996873920622313,0
-------------------OOX----XOXX----XOOX----XOO------------------- X;,1232146,113334262,-63.44183806139857,-4.833117990887444,-64,64,-64,-4,1227883,0.9965401827380846,0
-------------------OOX----XOXX----XXOX-----OOO------------------ X;,2663302,245506688,-63.607021659578976,-4.646441898064883,-64,64,-64,-4,2654161,0.9965677944146026,0
-------------------OOX----XXO-----XXXO----O-OOO----------------- X;,1054510,94407033,5.6538790528302245,63.96486519805407,-64,64,4,64,1054218,0.9997230941385098,0
-------------------OOX----XXO-O----XXOO-----OOO----------------- X;,676148,60441341,7.437254861361714,63.920098854097034,-64,64,4,64,675971,0.9997382229925993,0
-------------------OOX----XXOX----XXOO-----OOO------------------ X;,3072590,282900398,-63.61938690160419,-5.016245577834986,-64,64,-64,-4,3064013,0.9972085439319922,0
-------------------OOX----XXOX----XXOO----XO-O------------------ X;,2427012,223341182,-63.58119036906287,-4.830547191361229,-64,64,-64,-4,2408448,0.9923510884989444,0
-------------------OOX---XXOOX----XXOO----X-O------------------- X;,862885,79182174,-63.50311802847425,-5.015586086210793,-64,64,-64,-4,860946,0.997752887117055,0
-------------------OOX---XXOXX----XOX-----OOO------------------- X;,1925864,177092444,-63.573933050308845,-5.24624324459048,-64,64,-64,-4,1920252,0.9970859832262299,0
-------------------OX------OO----XXXXOX---X--OO------O---------- X;,239139,21927063,-62.66730228026378,-7.652402995747243,-64,64,-64,-4,238310,0.996533396894693,0
-------------------OX------OOOOO--XOOO-----OOO------------------ X;,1974631,177113863,5.160968808855933,63.97460031773025,-64,64,4,64,1974480,0.9999235300164943,0
-------------------OX------XO-O---XOXOO---OOO-O----------------- X;,350045,31267721,7.9654158751017725,63.8722449970718,-64,64,4,64,349973,0.9997943121598651,0
-------------------OX------XOO----XOXO----OOOOO----------------- X;,1579703,141579750,5.631701655311157,63.97129713623384,-64,64,4,64,1579272,0.9997271639035945,0
-------------------OX------XX-O---XOOOOO--OOO------------------- X;,909773,81309264,8.869777406012268,63.79738462231788,-64,64,4,64,905326,0.9951119674907917,0
-------------------OX------XXO----XOXO----OOOO-------O---------- X;,2033675,182121744,5.082970484467774,63.98038821345594,-64,64,4,64,1740490,0.8558348802045558,0
-------------------OX------XXX---XXXXO----OOO-----O------------- X;,3443781,316867583,-63.34181296662012,-6.621826997709785,-64,64,-64,-4,3430355,0.9961013781073768,0
-------------------OX-----OOOX---XXOX-X---OO-------O------------ X;,959920,88238687,-63.53775418784899,-5.410951954329527,-64,64,-64,-4,954623,0.9944818318193183,0
-------------------OX-----OXXX----XOXO----XOOO------------------ X;,3867121,356573938,-63.699900520309555,-4.694818962220215,-64,64,-64,-4,3848742,0.995247368778996,0
-------------------OX-----XOO-----XOXXX---XOOO------------------ X;,1841087,169408420,-63.57928767081621,-5.007169134321192,-64,64,-64,-4,1836378,0.9974422718752562,0
-------------------OX-----XXXX----XOOO---XOOO------------------- X;,2946809,270636150,-63.36141025767194,-6.361637282905,-64,64,-64,-4,2933055,0.9953325783924238,0
-------------------OX----OOXX----OXOO---O--OOO------------------ X;,415138,37109374,8.851810723181208,63.75991357090895,-64,64,4,64,414990,0.9996434920436096,0
-------------------OX----OXXX----OXOO----O-OOO------------------ X;,348896,31189017,9.523330734660185,63.71517013665964,-64,64,4,64,347741,0.9966895579198386,0
-------------------OX----OXXX---OOOOO------OOO------------------ X;,252205,22531724,12.560655022699788,63.4462679169723,-64,64,4,64,252068,0.9994567911024762,0
-------------------OX----X-XXX----XXXO----OOO-----O------------- X;,3014453,277167799,-63.3845288017428,-6.536128776929015,-64,64,-64,-4,3003014,0.9962052816879214,0
-------------------OX----XOOX----OOOXX----XOO------------------- X;,1248906,114630877,-62.53189591530508,-7.864555058587276,-64,64,-64,-4,1237452,0.9908287733424292,0
-------------------OX----XOOX---XXXOXX-----OO------------------- X;,339475,31078198,-61.60927314235216,-10.180826275867148,-64,64,-64,-4,336121,0.9901200382944252,0
-------------------OX----XOXX----XOOXX---XO-O------------------- X;,184534,16865612,-60.54336870170267,-11.744318120238004,-64,64,-64,-4,181579,0.9839866907995275,0
-------------------OX----XXXOXX---XOOO-----XO------------------- X;,528377,48456524,-63.4097907365385,-5.911375779036559,-64,64,-64,-4,527295,0.9979522197219031,0
-------------------OX----XXXXO----XOOX----XOO------------------- X;,1246678,114368688,-63.42347262083714,-5.197220132223397,-64,64,-64,-4,1243699,0.9976104495306727,0
-------------------OX-O----XXO----XOOO----OOO-O----------------- X;,694003,62170782,6.4000818440266105,63.85115049934943,-64,64,4,64,690121,0.9944063642376185,0
-------------------OX-O----XXOO---XOOO----OOO------------------- X;,889836,79639406,6.619623166516077,63.92000436035404,-64,64,4,64,889539,0.9996662306312624,0
-------------------OX-X--XXOOX----XOOO-----XO------------------- X;,419503,38451293,-63.00391177178709,-6.622598646493588,-64,64,-64,-4,418123,0.996710393012684,0
-------------------OX-X--XXXOX----XOOO-----XO------------------- X;,499540,45851901,-63.35523281418905,-5.723327461264363,-64,64,-64,-4,498144,0.9972054289946751,0
-------------------OXX-----OOO----XXOXX--XX-O------------------- X;,119102,10916648,-63.084431831539355,-5.780490671861094,-64,64,-64,-4,118762,0.9971453040251214,0
-------------------OXX-----OOO----XXOXX--XXO-------------------- X;,515913,47349636,-63.452316572755485,-5.475049087733785,-64,64,-64,-4,514722,0.9976914712364294,0
-------------------OXX-----OXOO----OOO----XOOO------------------ X;,1382107,123723697,8.27675208938237,63.91273106930216,-64,64,4,64,1381927,0.9998697640631297,0
-------------------OXX-----OXOO----XOO----XO-O----O------------- X;,927254,82901704,5.895508673998711,63.9349455489003,-64,64,4,64,926989,0.9997142099144355,0
-------------------OXX-----OXXO---OOOOOO--X--------------------- X;,289668,25900783,14.038934228150849,63.807400196086554,-64,64,4,64,289578,0.9996892994738804,0
-------------------OXX-----XX----XXXOO---OOO--------O----------- X;,1316033,118223761,5.8503472177369416,63.97698993870215,-64,64,4,64,1311189,0.9963192412348323,0
-------------------OXX-----XX---OOOOOO----XO--------O----------- X;,1731271,155272040,5.0410813789406745,63.98278836762125,-64,64,4,64,1731165,0.9999387733058545,0
-------------------OXX-----XXOO---XXXO---OOO-------------------- X;,993888,89024297,7.111594062912522,63.951109179303906,-64,64,4,64,993588,0.9996981551241186,0
-------------------OXX-----XXOO--OOOOO----XO-------------------- X;,2159888,193893600,5.034410117561651,63.97737938263465,-64,64,4,64,2153713,0.997141055462135,0
-------------------OXX-----XXX----XXOO---OOO-O------------------ X;,2307078,206974460,5.379843247605846,63.970795959217675,-64,64,4,64,2300134,0.9969901321065001,0
-------------------OXX-----XXX---OOOOO----XO-O------------------ X;,3434520,307959952,5.332313394593713,63.973152289111724,-64,64,4,64,3434348,0.9999499202217486,0
-------------------OXX----OOXO----XOX-----XOO------O------------ X;,5895495,531118296,4.6576830274641905,63.98152131415598,-64,64,4,64,5865165,0.9948553938218928,0
-------------------OXX----XOX-----XOOO----XOOO------------------ X;,804933,74100318,-63.412439296189866,-5.075566537836068,-64,64,-64,-4,797945,0.9913185321014295,0
-------------------OXX----XOXO----OOOO-----OOO------------------ X;,1306975,116991562,8.433507144360068,63.91934887813462,-64,64,4,64,1301908,0.9961231087052163,0
-------------------OXX----XXXO----OXOO------OO------O----------- X;,1558560,139732601,6.216706446976697,63.94709475413202,-64,64,4,64,1557034,0.9990208910789447,0
-------------------OXX----XXXO----OXOO------OO-----O------------ X;,1552099,139107162,6.2723614924048015,63.931897385411624,-64,64,4,64,1548972,0.9979853089268146,0
-------------------OXX---O-XX----XOXOO----XO--------O----------- X;,1751557,157083453,5.859527266312201,63.97618575929873,-64,64,4,64,1751245,0.9998218727680572,0
-------------------OXX---O-XXOO---OXXO----XO-------------------- X;,719730,64453869,5.625537354285635,63.88656857432648,-64,64,4,64,716024,0.9948508468453447,0
-------------------OXX---O-XXX----OXOO----XO-O------------------ X;,2264316,203161621,5.294216884922423,63.97772130745002,-64,64,4,64,2264107,0.9999076983954537,0
-------------------OXX---XXOOX-----OOOX----XO------------------- X;,752518,69004311,-63.19962977629771,-5.9056620572531155,-64,64,-64,-4,749803,0.9963921128796919,0
-------------------OXX---XXXX----O-OOO----OO-------O------------ X;,420254,37553801,9.647965278141314,63.91042084072966,-64,64,4,64,418734,0.9963831397202644,0
-------------------OXX---XXXX----O-OOO----OO-----O-------------- X;,648300,57966710,9.305859941385162,63.91409686873361,-64,64,4,64,648282,0.9999722350763536,0
-------------------OXX---XXXX----O-OOO---OOO-------------------- X;,324627,28989619,11.078302174495652,63.79970858862633,-64,64,4,64,324570,0.9998244138657598,0
-------------------OXXX----OOX----XXOX-----OOO------------------ X;,1742001,160397700,-63.60859723961123,-4.882867461040493,-64,64,-64,-4,1738576,0.998033870244621,0
-------------------OXXX--XXOOX-----OXO-----XO------------------- X;,889847,81629818,-63.2251791600129,-6.114505077839224,-64,64,-64,-4,887187,0.997010722067951,0
-------------------X-------XX-----OXXO----O-OO----OOOO---------- X;,455500,40725427,6.777172338090011,63.91288254665203,-64,64,4,64,454241,0.9972360043907794,0
-------------------X-------XX----OOXXO----O-OO-----OOO---------- X;,263554,23645781,5.822544905408379,63.915907176517905,-64,64,4,64,262942,0.9976778952320966,0
-------------------X-------XX---OOOOOO----O-OO----O--O---------- X;,483643,43321220,5.942252860064138,63.917197188835566,-64,64,4,64,483588,0.9998862797559357,0
-------------------X------OXX----OOOOX---XOOOO------------------ X;,1787187,164381493,-63.15985288612775,-7.069327384319604,-64,64,-64,-4,1777952,0.9948326616073192,0
-------------------X------OXX----XOOXO----O-OO----O--O---------- X;,467220,41722826,9.282556397414494,63.8532725482642,-64,64,4,64,467152,0.9998544582851762,0
-------------------X------XOXXX--X-OOXO----OO--------O---------- X;,943913,86837540,-63.49767510353179,-5.719475205871728,-64,64,-64,-4,941539,0.9974849377008262,0
-------------------X-----XXXXX-----OOOO----XOO------O----------- X;,999453,91628044,-62.53635538639636,-8.706018191950998,-64,64,-64,-4,995715,0.9962599541949446,0
-------------------X--O--XXXXOX---XOOO------OO------------------ X;,817759,75014956,-63.045995213748796,-7.28258080926043,-64,64,-64,-4,813122,0.9943296252318837,0
-------------------X--X---XOOX---X-OO-----XXOO------O----------- X;,356431,32792697,-63.59313864394511,-5.194598674077171,-64,64,-64,-4,355659,0.9978340828940244,0
-------------------X--X---XOOXX--X-OOX-----OO-------O----------- X;,248765,22832090,-63.63789118244126,-5.421984603943481,-64,64,-64,-4,248269,0.9980061503828915,0
-------------------X--X--XXXXX-----OO-----XXOO-------O---------- X;,24234,2217604,-61.13567714780886,-7.40406041099282,-64,64,-64,-4,24181,0.9978129900140299,0
-------------------X--X--XXXXX-----OOOO----OOO------------------ X;,1372760,125989492,-63.07659022698797,-7.011400390454267,-64,64,-64,-4,1367379,0.9960801596783123,0
-------------------X-O-----XX-----OXXOO----OOO------OO---------- X;,461663,41380955,5.765974314597444,63.95367833246329,-64,64,4,64,461602,0.9998678689866851,0
-------------------X-O-----XXX----XXXXX--X--OOO----------------- X;,360906,33021892,-60.73930330889484,-13.389389480917469,-64,64,-64,-4,359372,0.9957495857647144,0
-------------------X-O-----XXX--XXXXXX--OOO--------------------- X;,84549,7761610,-62.71782043548711,-7.6383044151911905,-64,64,-64,-4,84394,0.9981667435451632,0
-------------------X-O----XOO----XXOOX----XOOO------------------ X;,1145490,105347965,-63.630978882399674,-4.976406603287676,-64,64,-64,-4,1142914,0.9977511807174222,0
-------------------X-O----XOXOX--X-XOO------OO------O----------- X;,705709,64862447,-63.56692914501586,-5.366781492088099,-64,64,-64,-4,699637,0.9913958869732425,0
-------------------X-O----XXO----XXOOX----OOOO------------------ X;,1217981,112112691,-63.63803704655491,-5.041162382664425,-64,64,-64,-4,1211964,0.995059857255573,0
-------------------X-O---X-XXX---XOOXX---OO-----O--------------- X;,24491,2242667,-60.95618798742395,-10.368543546608958,-64,64,-64,-4,24084,0.9833816504021886,0
-------------------X-O---XXXOOX----OOO-----OOO------------------ X;,593254,54577398,-63.06717358837867,-6.454312992411345,-64,64,-64,-4,590523,0.9953965754971732,0
-------------------X-O---XXXXO-----OOO----OOOO------------------ X;,3235271,298298347,-63.75566158136366,-4.774869554977002,-64,64,-64,-4,3229779,0.9983024605975821,0
-------------------X-X----OOOO---OXXO-----OOO------O------------ X;,435582,38916361,10.2768204379428,63.76751564573375,-64,64,4,64,435288,0.9993250409796548,0
-------------------X-X----OXOO----XXO---OOO-O-----O------------- X;,922965,82736692,6.004018570585017,63.91620158944272,-64,64,4,64,920701,0.9975470359114376,0
-------------------X-X----OXOO---OOOO----XO-O-----O------------- X;,2122873,190202030,8.336404014747938,63.970438646117785,-64,64,4,64,2122385,0.9997701228476692,0
-------------------X-X----OXOO---OXOO----OO-O----O-------------- X;,455337,40688473,14.452548332334073,63.777145279210785,-64,64,6,64,455286,0.9998879950454279,0
-------------------X-X----OXOO---OXOO----XO-O------O------------ X;,158969,14193354,13.991966987274248,63.79191540489026,-64,64,4,64,158779,0.9988047984198177,0
-------------------X-X----OXOO--O-XXO----OO-O-----O------------- X;,848766,76052793,6.760189498636844,63.89539990998697,-64,64,4,64,846805,0.9976895870004218,0
-------------------X-X---OOXX-----OOOO----XOO------O------------ X;,1838491,164855014,6.216366574544015,63.97011135762971,-64,64,4,64,1838345,0.9999205870466594,0
-------------------XO------OO----XXXOXX---X-OO-------O---------- X;,269593,24745204,-63.160686664713104,-6.160319444495962,-64,64,-64,-4,268636,0.996450204567626,0
-------------------XO------OO----XXXOXX---X-OO------O----------- X;,329154,30224759,-63.56204998268288,-5.2485128541655275,-64,64,-64,-4,328374,0.9976302885579394,0
-------------------XO------OO-X--XXXOX----OOOO------------------ X;,1151083,105960394,-63.70348445768029,-4.679158670573712,-64,64,-64,-4,1148304,0.9975857518528204,0
-------------------XO-----OXX----OOOOX----XOOO------------------ X;,4159497,374133093,5.249124834084506,63.962598121840216,-64,64,4,64,4122159,0.9910234338430824,0
-------------------XO-----XOOXX--X-OOX-----OO-------O----------- X;,823946,75943975,-63.752037148065526,-4.547285865821304,-64,64,-64,-4,822020,0.9976624681714579,0
-------------------XO-----XOX----XOXOX---OOOO------------------- X;,1532358,141247933,-63.38253528222517,-5.974296476410865,-64,64,-64,-4,1524145,0.9946402864082675,0
-------------------XO-----XXX-----OXOOO--O-OOO------------------ X;,423025,37825880,6.88037586431062,63.89078896046333,-64,64,4,64,422969,0.9998676201170144,0
-------------------XO-----XXX----OOOOX---XOOO------------------- X;,3022996,278256982,-63.2601501953691,-6.560445002242808,-64,64,-64,-4,3008629,0.9952474300329871,0
-------------------XO-----XXX-O---OXOO---O-OOO------------------ X;,518211,46343603,7.035659219893055,63.82713991019102,-64,64,4,64,514812,0.9934408956969265,0
-------------------XO-----XXXO---OOXO-O---OO------O------------- X;,447688,39990463,6.400609352942228,63.880590947266846,-64,64,4,64,446654,0.9976903557834921,0
-------------------XO-----XXXX----XOOO----XOOO------------------ X;,2675745,245732061,-63.43919170175035,-5.791632610730844,-64,64,-64,-4,2629094,0.9825652294968317,0
-------------------XO----OOXX-----OXOX----XOOO------------------ X;,4039019,362973828,5.21643918981317,63.97318730117387,-64,64,4,64,4034356,0.9988455117443121,0
-------------------XO----OOXX----XXOOX-----OOO------------------ X;,1538185,137865106,6.602919024694689,63.92301641220009,-64,64,4,64,1527078,0.9927791520525815,0
-------------------XO----OXXX-----OXOOO----OOO------------------ X;,959214,85955827,5.459601298563198,63.960540609290526,-64,64,4,64,959000,0.9997769006707575,0
-------------------XO----OXXX-O---OXOO-----OOO------------------ X;,874895,78261954,5.871129678418553,63.96710919596066,-64,64,4,64,874841,0.9999382783076827,0
-------------------XO-X----OOX----OOOX---XXXO------------------- X;,1112890,102364626,-63.63830117981112,-4.927350411990403,-64,64,-64,-4,1109843,0.9972620834044694,0
-------------------XO-X----OOX---XXXOX----OX-O------------------ X;,1050310,96512270,-63.616214260551644,-5.024027191971894,-64,64,-64,-4,1046300,0.996182079576506,0
-------------------XO-X----OOX---XXXOX----XOO------------------- X;,1026051,94268124,-63.54938594670246,-4.910078543854058,-64,64,-64,-4,1023210,0.9972311317858469,0
-------------------XO-X---OOOX----XXOX-----OOO------------------ X;,4769081,440455971,-63.76662925205087,-4.3150028275887955,-64,64,-64,-4,4757321,0.9975341161116785,0
-------------------XO-X---OOOX---XOOXX----OX-------------------- X;,698911,64148054,-63.34059415290359,-5.715892295299401,-64,64,-64,-4,694325,0.9934383633967702,0
-------------------XO-X---XOOX---X-OOX-----OOO------------------ X;,1092324,100747917,-63.65698272673676,-4.901930196535094,-64,64,-64,-4,1083671,0.992078357703392,0
-------------------XO-X--X-OOX---OOOXX----OX-------------------- X;,421572,38683492,-63.03175969941078,-6.402581290977579,-64,64,-64,-4,419738,0.9956496161984193,0
-------------------XOO----XXOX---OOOO-----OO------O------------- X;,541039,48355538,6.586819064799395,63.890628956507754,-64,64,4,64,540745,0.9994566010953,0
-------------------XOO----XXOX---XXOOX------OO------------------ X;,1537216,141474701,-63.60176839168991,-5.170644854073858,-64,64,-64,-4,1534158,0.9980106894541821,0
-------------------XOOX---XXOX----XOXX----XO-------------------- X;,749707,68767337,-63.36058486848862,-5.714096306957251,-64,64,-64,-4,747384,0.9969014561688766,0
-------------------XOX----OXO----OXXO-----OOO------O------------ X;,893983,79982735,7.649517943853518,63.926223429304585,-64,64,4,64,893492,0.9994507725538405,0
-------------------XOX----XOOX---X-OOX-----OO-------O----------- X;,745409,68612698,-63.69424302631173,-4.608787927164818,-64,64,-64,-4,743278,0.9971411667956787,0
-------------------XOX----XOXXX--XOOO-------O-------O----------- X;,1333961,122943212,-63.81028455854406,-4.4345966636206,-64,64,-64,-4,1330809,0.9976371123293709,0
-------------------XOX----XXOX---X-XOO-----X-OO----------------- X;,388279,35574337,-62.44549151512186,-8.634123916050056,-64,64,-64,-4,387448,0.9978597863907139,0
-------------------XOX----XXOXX--X-OO-----OOO------------------- X;,940599,86428145,-63.635111242941996,-5.024664070448725,-64,64,-64,-4,939258,0.9985743127517678,0
-------------------XOX---XXXOX-----XOO-----X-OO----------------- X;,365046,33451225,-62.626373114621174,-7.463462139018096,-64,64,-64,-4,364431,0.9983152808139248,0
-------------------XX------XXO----OXXO-----OOO----OO------------ X;,803663,71916049,5.865077775137091,63.93646590672956,-64,64,4,64,803418,0.999695145850935,0
-------------------XX------XXO----XOXO----OOOO-----O------------ X;,4220575,388687637,-63.5861649182872,-5.296221486408842,-64,64,-64,-4,4206250,0.9966059127014684,0
-------------------XX-----OOXXX---OOO-----XOOO------------------ X;,1447868,133139696,-63.50957200518279,-5.612356236894524,-64,64,-64,-4,1444359,0.9975764365259816,0
-------------------XX-----OXX-----OXXO----OOO------OO----------- X;,1304856,116987181,5.483959149515349,63.936349298313374,-64,64,4,64,1302371,0.9980955752971975,0
-------------------XX-----OXX----OOOOX----XOOO------------------ X;,2261490,207846101,-63.2572476553069,-6.145905133341293,-64,64,-64,-4,2249535,0.9947136622315376,0
-------------------XX-----OXX----OOOOX---XO-OO------------------ X;,1726391,158562408,-63.34599230417675,-6.016067623151418,-64,64,-64,-4,1709777,0.9903764558550178,0
-------------------XX-----XXXO---X-OOO----OOOO------------------ X;,1563574,143520186,-63.2905062376325,-6.637958932548123,-64,64,-64,-4,1558061,0.9964741035601768,0
-------------------XX----OOOXXX--X-OO------OOO------------------ X;,1311828,120776552,-63.60267580810899,-4.992473860902496,-64,64,-64,-4,1299199,0.9903729757254762,0
-------------------XX----OOXOO----OOOO------OO-------O---------- X;,796234,71297607,5.386022199504166,63.94721149812744,-64,64,4,64,795505,0.9990844400013061,0
-------------------XX----XXXXO-----OOO----OOOO------------------ X;,1995567,183368203,-63.54587242623275,-5.8248768395147845,-64,64,-64,-4,1990289,0.9973551376626292,0
-------------------XX----XXXXO----OOO-----OOOO------------------ X;,2531951,232786566,-63.45152414087003,-6.1764907772701765,-64,64,-64,-4,2523122,0.996512965693254,0
-------------------XX----XXXXO----OOOO----O-OO------------------ X;,3320421,305666953,-63.598625294804485,-5.064197281007439,-64,64,-64,-4,3309802,0.9968019115648287,0
-------------------XX-X---OXOX---OOOO----X-XO------------------- X;,315372,28940113,-63.319305455145035,-5.940977639105564,-64,64,-64,-4,314307,0.9966230356531335,0
-------------------XX-X---XOXX---X-OOO-----OOO------------------ X;,1027446,94576605,-63.57539860975662,-5.345054630608324,-64,64,-64,-4,1024540,0.9971716275113242,0
-------------------XX-X---XXOOO--X-OOO-----XO------------------- X;,414442,38018993,-62.96468022063401,-7.090101871914526,-64,64,-64,-4,410789,0.9911857388971195,0
-------------------XX-X--XXXOX-----OOO----OOO------------------- X;,940365,86436905,-63.604364262812844,-5.250495286404747,-64,64,-64,-4,938373,0.9978816736054618,0
-------------------XX-X--XXXXX-----OOO-----OOO------------------ X;,587396,53837984,-62.846442604307825,-7.441318973911978,-64,64,-64,-4,582618,0.9918657941150434,0
-------------------XXO-----XX-----XXXOX--X---OO------O---------- X;,211995,19480827,-62.92930493643718,-5.90567702068445,-64,64,-64,-4,211646,0.9983537347578952,0
-------------------XXO----OXXO-----XOO-----OO-----OO------------ X;,703642,62978699,5.992942433794458,63.8817836342913,-64,64,4,64,703544,0.9998607246298544,0
-------------------XXO----OXXO----OOOO----OO------O------------- X;,457627,40904981,6.498845129330219,63.854127925144276,-64,64,4,64,456617,0.997792962390768,0
-------------------XXO----OXXO----OOOO----OOO------------------- X;,427701,38218769,7.0048982817435546,63.82145003168101,-64,64,4,64,427608,0.9997825583760618,0
-------------------XXO----OXXO----OXOO----OO--------O----------- X;,426104,38058044,6.9776509960009765,63.803707545575726,-64,64,4,64,425204,0.9978878395884573,0
-------------------XXO----OXXO----OXOO----OO------O------------- X;,452450,40440411,6.591205658083767,63.853060006630564,-64,64,4,64,452098,0.9992220134821527,0
-------------------XXO----XOXO---X-OOX-----OO-------O----------- X;,3434520,317362919,-63.75660266936865,-4.328638936445268,-64,64,-64,-4,3426017,0.9975242537530717,0
-------------------XXO----XXX----XXXXX--OOO--------------------- X;,84527,7749064,-61.168407727708306,-8.86843257184095,-64,64,-64,-4,83963,0.993327575804181,0
-------------------XXO---XXXOXX----OO-----OOO------------------- X;,3087010,284451884,-63.7500853576762,-4.539646130074084,-64,64,-64,-4,3076317,0.9965361304304164,0
-------------------XXX-----OXX---XOXXX---OOO-------------------- X;,84711,7742112,-60.78650942616661,-12.049462289431125,-64,64,-64,-4,83912,0.990567930965282,0
-------------------XXX-----XOOO---XOXX---XOX-------------------- X;,280582,25689561,-63.30536527646107,-5.562267002159796,-64,64,-64,-4,279995,0.9979079199663556,0
-------------------XXX-----XOX----XOO-X--XOOO------------------- X;,172373,15758063,-61.667859815632376,-8.958491179012954,-64,64,-64,-4,171387,0.9942798466117083,0
-------------------XXX-----XXX---OOOOX---XXO-------------------- X;,175191,16040204,-61.648874656803144,-9.110034191254117,-64,64,-64,-4,172247,0.9831954837862675,0
-------------------XXX-----XXX---XXXXX---OOO-------------------- X;,56120,5120941,-59.7901817533856,-13.542391304347825,-64,64,-64,-4,55795,0.9942088382038489,0
-------------------XXX----OOO-X---OOOX---XO-X------------------- X;,85912,7864420,-63.20796861905205,-6.052740013036596,-64,64,-64,-4,85680,0.9972995623428624,0
-------------------XXX----OOOOX---XXOOO----O-------------------- X;,2437939,224885438,-63.48947656196484,-4.826147413860642,-64,64,-64,-4,2422489,0.9936626798291508,0
-------------------XXX----OOOX----XOO-X--XXO-------------------- X;,415750,38109186,-63.13225736620565,-5.620228502705953,-64,64,-64,-4,414644,0.9973397474443776,0
-------------------XXX----OOOX----XOO-X--XXX-------------------- X;,130720,11967855,-62.7531135250918,-5.919652692778458,-64,64,-64,-4,130325,0.9969782741738066,0
-------------------XXX----OOOX---XOOXX----OX-------------------- X;,91853,8390052,-61.45105766823076,-8.58347577106899,-64,64,-64,-4,91189,0.9927710581037091,0
-------------------XXX----OOX-----XOOX----XOOO------------------ X;,695240,63876032,-63.48259593809332,-5.06082503883551,-64,64,-64,-4,693195,0.9970585697025488,0
-------------------XXX----OOX-----XXOO----X-OOO----------------- X;,595572,54627160,-63.1882308100448,-6.127284358566219,-64,64,-64,-4,593433,0.9964084946908183,0
-------------------XXX----OOX-----XXOXX--X--XO------------------ X;,42836,3912332,-62.17258847698198,-7.653679148379867,-64,64,-64,-4,42696,0.9967317209823513,0
-------------------XXX----OOXX----XOXX---XXO-------------------- X;,279641,25635120,-62.95320428692502,-6.082766833189697,-64,64,-64,-4,278532,0.9960342009934166,0
-------------------XXX----OXX-----XOOOO----OOO------------------ X;,1865006,167088983,5.890276492408067,63.96869661545325,-64,64,4,64,1864030,0.9994766772868291,0
-------------------XXX----OXX-----XXOX-----OOO----O------------- X;,1418715,130632630,-63.7422301166901,-5.097993606890743,-64,64,-64,-4,1413376,0.9962367353555859,0
-------------------XXX----OXX-O---XOOO-----OOO------------------ X;,1927746,172867077,6.006222811511475,63.965752749584226,-64,64,4,64,1926826,0.9995227587036881,0
-------------------XXX----OXXO-----XO----OOOO-----O------------- X;,542928,48612002,5.748975923142663,63.955773141189994,-64,64,4,64,542902,0.9999521115138655,0
-------------------XXX----OXXX----OXXX---XOX-------------------- X;,44426,4055971,-60.52318462161797,-11.599851438346914,-64,64,-64,-4,44089,0.9924143519560618,0
-------------------XXX----OXXXX---OOO----XOX-------------------- X;,188717,17259741,-62.43882109189951,-7.960909721964635,-64,64,-64,-4,187716,0.9946957613781482,0
-------------------XXX----XOOO----OOOO------OOO----------------- X;,2788763,250651825,5.609975462238992,63.946849553009706,-64,64,4,64,2781902,0.9975397694246517,0
-------------------XXX----XOOO----XOOX----XOO------------------- X;,496796,45565011,-63.232244220967964,-5.404318875353264,-64,64,-64,-4,495490,0.9973711543571204,0
-------------------XXX----XOOO---XXOOX-----OO------------------- X;,456821,42001220,-63.41528519923558,-5.196372320887175,-64,64,-64,-4,455514,0.9971389231230613,0
-------------------XXX----XOX----XOOOX---O--OO------------------ X;,681568,62574118,-63.52708020329593,-5.5498776351002395,-64,64,-64,-4,679306,0.9966811822151275,0
-------------------XXX----XOX-O--XXXOO------OO------------------ X;,391847,35922612,-63.088141545041815,-6.256112717463704,-64,64,-64,-4,388251,0.9908229487529572,0
-------------------XXX----XOXO----XOOX----XOO------------------- X;,545076,50029062,-63.37075196853283,-5.27700357381356,-64,64,-64,-4,543576,0.9972480901745812,0
-------------------XXX----XOXX----XOOX----XOO------------------- X;,124438,11400237,-62.963949918835084,-6.277326861569617,-64,64,-64,-4,123928,0.9959015734743406,0
-------------------XXX----XXOO----XOOO---X--OO------------------ X;,840991,77216747,-63.269040929094366,-5.885066546490985,-64,64,-64,-4,838043,0.9964946117140374,0
-------------------XXX----XXX-----OXXO-----OOO-------O---------- X;,1784743,164015779,-63.217833604053915,-6.7335958174370205,-64,64,-64,-4,1777493,0.9959377904829995,0
-------------------XXX----XXX-----XOOO---X-OOO------------------ X;,465628,42656593,-62.917163486731894,-6.857326019912892,-64,64,-64,-4,464221,0.9969782745023925,0
-------------------XXX----XXX----XXXOOO-----OO------------------ X;,109561,10027719,-62.34501328027309,-7.664497403273063,-64,64,-64,-4,109358,0.9981471509022372,0
-------------------XXX----XXX-O---OXXO------OOO----------------- X;,1465065,134819211,-63.029071747669896,-6.319907307866886,-64,64,-64,-4,1457292,0.9946944333527864,0
-------------------XXX----XXXX---OOOXX----XO-------------------- X;,457632,42005541,-63.09571446052723,-5.895737186210755,-64,64,-64,-4,455736,0.9958569330816027,0
-------------------XXX---O-XX-----OXOOO----OOO------------------ X;,1154895,103463698,5.52967152858052,63.958449902372074,-64,64,4,64,1154450,0.9996146835859537,0
-------------------XXX---O-XX-O---OXOO-----OOO------------------ X;,961543,86263282,5.671357391193114,63.901799503506346,-64,64,4,64,957550,0.9958472996007459,0
-------------------XXX---OOXO-----OOO------OOO--------O--------- X;,590907,52856920,6.862584129143841,63.93001775237051,-64,64,4,64,590883,0.9999593844716681,0
-------------------XXX---OOXO-----OOO------OOOO----------------- X;,410524,36688688,7.551380674455086,63.87749071917842,-64,64,4,64,410473,0.9998757685299763,0
-------------------XXX---OOXO-----OOO-----O-OO--------O--------- X;,525681,46986609,8.060141036103644,63.90225060445403,-64,64,4,64,525640,0.9999220059313538,0
-------------------XXX---OOXO-----OOO-----O-OOO----------------- X;,3770083,337731883,5.41083392593744,63.97682199569611,-64,64,4,64,3651178,0.9684609065635955,0
-------------------XXX---OOXO----OOOO-------OO--------O--------- X;,1294943,115981827,5.703546797040487,63.977379699338115,-64,64,4,64,1294920,0.9999822386004635,0
-------------------XXX---OOXO----OOOO-------OOO----------------- X;,1385213,123959914,6.457420627730176,63.93793806439876,-64,64,4,64,1385129,0.9999393595064441,0
-------------------XXX---OOXX-----OOO----XOOO------------------- X;,737633,67592091,-62.536544596025394,-8.40794134752648,-64,64,-64,-4,732126,0.9925342277257119,0
-------------------XXX---OXOOOO--XXXXX-------------------------- X;,2302153,211862340,-63.48914342356915,-5.75053699732381,-64,64,-64,-4,2294422,0.9966418391827129,0
-------------------XXX---OXOX----XOOO-----OO------O------------- X;,1412672,129782527,-62.638985553617545,-7.30538936143705,-64,64,-64,-4,1393478,0.986412981923617,0
-------------------XXX---OXXX----XOOO-----OOO------------------- X;,1454945,133511565,-62.74752172762544,-6.9619806934282735,-64,64,-64,-4,1408547,0.9681101347473616,0
-------------------XXX---X-OOOO---XOXX----OX-------------------- X;,838291,76988820,-63.55411426342404,-5.0014780070405145,-64,64,-64,-4,836031,0.9973040388122979,0
-------------------XXX---XOOOX----OOO-----OX-O------------------ X;,583586,53643655,-63.4698553426573,-5.178295915254992,-64,64,-64,-4,581108,0.9957538391942233,0
-------------------XXX---XOOOX----OOO-X---OX-------------------- X;,251938,23078064,-62.697512880153056,-6.633314545642182,-64,64,-64,-4,250363,0.9937484619231716,0
-------------------XXX---XOOOX----OOXX----OX-------------------- X;,50182,4580089,-60.442967597943486,-10.23420748475549,-64,64,-64,-4,49814,0.9926666932366187,0
-------------------XXX---XXXXX----OOOX-----X-O------------------ X;,553001,50826304,-63.54469521754933,-4.802779741808785,-64,64,-64,-4,551807,0.9978408718971575,0
-------------------XXX--X-XOOO---XOOO-----XO-------------------- X;,427166,39200038,-63.17416648328753,-5.522321533080817,-64,64,-64,-4,425347,0.9957417022890399,0
-------------------XXX--XXXXX-----OOO-----OOO------------------- X;,459568,42072005,-62.114685965950635,-9.421143334609894,-64,64,-64,-4,456450,0.9932153674755423,0
-------------------XXX--XXXXX-----OOO----OOO-------------------- X;,547278,50129176,-61.96658371065528,-9.798489981325762,-64,64,-64,-4,544464,0.9948581890739259,0
-------------------XXXO---XXXOO---OOOO------O------------------- X;,814714,72755802,13.81938201626583,63.70026536919704,-64,64,4,64,807632,0.9913073790311692,0
-------------------XXXO---XXXOO---OOOOO------------------------- X;,1605919,144044898,5.079767410436018,63.976463943698285,-64,64,4,64,1603667,0.9985976876791419,0
-------------------XXXX----XOX----XOXO---XOX-------------------- X;,58012,5321007,-62.773115907053715,-5.556953733710267,-64,64,-64,-4,57938,0.9987244018478936,0
-------------------XXXX----XOX---OOOX----XOX-------------------- X;,9364,857368,-60.222020504058094,-9.209205467748825,-64,64,-64,-4,9337,0.9971166168304143,0
-------------------XXXX---OOOO----XOOO---X--X------------------- X;,1036870,95292295,-63.5006895753566,-5.296012036224406,-64,64,-64,-4,1034110,0.9973381426794101,0
-------------------XXXX---OOOOO---XXXX---X---------------------- X;,288468,26420532,-62.50336259134462,-8.407698600884673,-64,64,-64,-4,287337,0.9960792878239527,0
-------------------XXXX---OOXX----OOX----XO-X------------------- X;,277801,25527542,-63.24508551085129,-5.622146788528479,-64,64,-64,-4,276884,0.9966990759572499,0
-------------------XXXX---OXOX----OOX----XOX-------------------- X;,121087,11096100,-62.40609644305334,-6.485807725024157,-64,64,-64,-4,120445,0.9946980270384104,0
------------------O--X-----OX---XXXXO-----O-OOO----O------------ X;,140967,12622456,5.6471869302744615,63.957245312732766,-64,64,4,64,140959,0.9999432491292288,0
------------------O--X-----OX---XXXXO-----O-OOO---O------------- X;,91557,8194964,6.183219196784517,63.95442183557784,-64,64,4,64,91535,0.9997597125288072,0
------------------O-O-----XOXX-----XOO----O-OOO-----O----------- X;,358874,32054185,6.121262615848459,63.93002558000858,-64,64,4,64,358845,0.9999191916940208,0
------------------O-O----OXOXX---XXXO------OOO------------------ X;,951666,85168666,6.028841000939405,63.949277372523554,-64,64,4,64,949978,0.9982262684597327,0
------------------O-OX-----OXXO---XXOO----OOO------------------- X;,1049726,93962690,7.054166515833655,63.92248834457754,-64,64,4,64,1049469,0.9997551742073646,0
------------------O-OX----OXXXX---OXO-O---O-O------------------- X;,306254,27363813,8.764874907756306,63.942498710220924,-64,64,4,64,306236,0.999941225257466,0
------------------O-OX----XOX-O----XOOO-----OOO----------------- X;,368072,32924088,7.231036318981069,63.8879621378426,-64,64,4,64,368046,0.9999293616466344,0
------------------O-OX----XOXXX---OXO-O--O--O------------------- X;,820211,73599697,5.319251997351901,63.978762781772005,-64,64,4,64,817098,0.9962046351487605,0
------------------O-OX---OXXXX--O-OXO----O--O------------------- X;,835512,74941676,5.47378134604889,63.95401621999444,-64,64,4,64,835395,0.9998599661046161,0
------------------O-OX---XXXXO----OXO-O--O--O------------------- X;,210650,18850181,5.22443864229765,63.94893899833848,-64,64,4,64,210631,0.999909802990743,0
------------------O-X------OOOOO--XOOO-----OOO------------------ X;,3516136,316073695,4.8412444797357095,63.9741130604732,-64,64,4,64,3513743,0.9993194233670143,0
------------------O-X------OX----OOXOO----OOOO-----O------------ X;,193681,17315217,7.657070130782059,63.805458460045124,-64,64,4,64,193639,0.999783148579365,0
------------------O-X------OX----OOXOO----OOOO----O------------- X;,166025,14843915,7.189718415901219,63.77019725944888,-64,64,4,64,165561,0.9972052401746725,0
------------------O-X------OXXX---XOO----XXOOO------------------ X;,952574,87642928,-63.69576326878542,-5.0280230197339,-64,64,-64,-4,950799,0.9981366277055641,0
------------------O-X------XX----OOXOO----OO------OOO----------- X;,187148,16719474,7.166066428708829,63.883338320473634,-64,64,4,64,187048,0.9994656635390172,0
------------------O-X-----OOXO----OXO-----OOO-----O--O---------- X;,109767,9805576,9.330946459318374,63.72397897364417,-64,64,4,64,109748,0.9998269060828846,0
------------------O-X-----OOXXX---XOOX---XOO-------------------- X;,433598,39741029,-63.132099317801284,-6.673033547202708,-64,64,-64,-4,432292,0.9969879934870548,0
------------------O-X----OOXX----XOXO-----OOOO------------------ X;,674740,60331958,8.677099327148236,63.76583869342265,-64,64,4,64,674062,0.9989951685093518,0
------------------O-X----OXXX---OOOOO------OOO------------------ X;,512059,45861400,6.915722602278253,63.86781210758917,-64,64,4,64,511957,0.999800804204203,0
------------------O-X-X----OXX----XOOO----OOOO------------------ X;,3106713,287384030,-63.80586169369362,-4.320162821605987,-64,64,-64,-4,3029571,0.9751692544499605,0
------------------O-XO-----OXO----XXOO----OOOO------------------ X;,734508,65858930,5.710210099821921,63.93538395769685,-64,64,4,64,734121,0.9994731166985247,0
------------------O-XX-----XX----OOOOO----X-OOO----------------- X;,523427,46933231,5.487559869857688,63.94472008513126,-64,64,4,64,523157,0.9994841687570568,0
------------------O-XX-----XX----OXOOO---X--OO--------O--------- X;,704869,63440244,4.754345842986427,63.99372223774914,-64,64,4,64,704866,0.9999957438899995,0
------------------O-XX-----XX----OXOOO---X--OO-------O---------- X;,489421,44030839,4.697922647373121,63.98432024780302,-64,64,4,64,489367,0.9998896655435708,0
------------------O-XX-----XX----OXOOO---X--OOO----------------- X;,528002,47495870,4.667124366953155,63.98409665114905,-64,64,4,64,527815,0.9996458346748687,0
------------------O-XX----OOX-----OXO-----O-OO----O---O--------- X;,342980,30654132,6.72609773164616,63.94356230684005,-64,64,4,64,342963,0.9999504344276634,0
------------------O-XX----OXX----OOOX-----X-OOO----------------- X;,1758111,157851069,4.826458056402582,63.981372620955106,-64,64,4,64,1757753,0.9997963723564667,0
------------------O-XX----OXX----OOXO-----OOO-----O------------- X;,627655,56119237,9.1822577689973,63.91387625367439,-64,64,4,64,627579,0.9998789143717488,0
------------------O-XX----OXX----OOXO-----XOO-------O----------- X;,1735439,155815014,5.243992442258126,63.97743107075501,-64,64,4,64,1735224,0.9998761120385101,0
------------------O-XX----OXX----OOXO----OOOO------------------- X;,936535,83941908,6.57859343217285,63.958403049538994,-64,64,4,64,936422,0.999879342469849,0
------------------O-XXX---OOOO----XXOO------O-------O----------- X;,1714618,153601163,7.188128201150343,63.94174912429474,-64,64,4,64,1714256,0.99978887425654,0
------------------OOO-----OXXO---OOOOOO----O-------------------- X;,44035,3926498,8.974361303508573,63.53968434200068,-64,64,4,64,44020,0.9996593618712388,0
------------------OOO-----XOOXX----XO-O----OO-------O----------- X;,1826569,163491541,6.904127355714457,63.97064277341836,-64,64,4,64,1826442,0.9999304707350228,0
------------------OOO-----XOXXX----XO-O----OOO------------------ X;,591645,52928452,7.523690726702668,63.818793364264046,-64,64,4,64,591382,0.9995554766794277,0
------------------OOO-----XXOX----OXXO---O-O--O----------------- X;,406786,36335565,6.75119841882464,63.91067293368012,-64,64,4,64,406529,0.9993682181786,0
------------------OOO-----XXOX----XXOO-----O-OO----------------- X;,525973,47046525,6.041492624146106,63.89419989238991,-64,64,4,64,525774,0.9996216535829786,0
------------------OOO-----XXOX----XXOO-----OO-O----------------- X;,823234,73635247,6.391595828160645,63.901941610769235,-64,64,4,64,823001,0.9997169699016318,0
------------------OOO-----XXXO-----OOOO----OOO------------------ X;,427866,38286790,6.005576512272534,63.95341999598005,-64,64,4,64,427832,0.9999205358687066,0
------------------OOO-----XXXO----OOOOO--O-O-------------------- X;,32315,2882951,8.803496828098407,63.467399040693174,-64,64,4,64,32310,0.9998452730929909,0
------------------OOO-----XXXXO---XXOO-----OO------------------- X;,1451396,130235274,6.170216811952079,63.94447690361555,-64,64,4,64,1451226,0.9998828713872713,0
------------------OOO----OXXOX----OXXO-----O--O----------------- X;,609633,54630946,5.376223071913758,63.94208810874739,-64,64,4,64,609564,0.9998868171506464,0
------------------OOO----OXXXO----OOOOO----O-------------------- X;,63937,5707346,8.853465129737085,63.75266277742153,-64,64,4,64,63929,0.9998748768318814,0
------------------OOOO----XOXO-----OOO-----OOO------------------ X;,281165,25091462,10.255767965429552,63.7401063432504,-64,64,4,64,281133,0.999886187825654,0
------------------OOOOO----OXOO----XOOO-----O------------------- X;,14301,1273807,17.73337528844137,62.3215859030837,-64,64,4,64,14294,0.9995105237395986,0
------------------OOOOO---XOXO-----OOO-----O--O----------------- X;,401258,35893062,6.740122315318324,63.89698896969033,-64,64,4,64,401206,0.999870407568198,0
------------------OOOOO---XOXX-----XOO-------OO----------------- X;,559532,50060544,7.284780852569647,63.84677194512557,-64,64,4,64,559416,0.9997926838858189,0
------------------OOOOO---XXOX-----XOO------O-O----------------- X;,2026316,181352583,6.423189176811514,63.929088552821966,-64,64,4,64,2025536,0.9996150649750581,0
------------------OOOOO---XXXO----OOOO--------O----------------- X;,113975,10164941,13.674937486290853,63.48543978942751,-64,64,4,64,113950,0.9997806536521167,0
------------------OOOOO---XXXO---OOOO-------O------------------- X;,82190,7331781,10.99089913614795,63.54670884535832,-64,64,4,64,82178,0.9998539968365981,0
------------------OOOX-----OOOO---XXXO-----O--O----------------- X;,1408306,126455359,5.3503109409460725,63.94922623350323,-64,64,4,64,1404947,0.9976148649512251,0
------------------OOOX-----OOOOO---XOOO-----O------------------- X;,255277,22788230,13.812462540691092,63.48464609032541,-64,64,4,64,254751,0.9979394931779988,0
------------------OOOX-----OOX----XXOO-----OO-O----------------- X;,823488,73658348,6.3913730376156055,63.90142054286159,-64,64,4,64,823383,0.999872493588249,0
------------------OOOX-----OOXO---XXOO-----OO------------------- X;,952979,85353209,6.14492344532251,63.90538196539483,-64,64,4,64,952852,0.9998667336845828,0
------------------OOOX-----OOXO---XXXO-----O--O----------------- X;,1050790,94310643,5.501648283672285,63.94296957527194,-64,64,4,64,1048818,0.9981233167426412,0
------------------OOOX-----OXO----XXXOO----O--O----------------- X;,697902,62464403,6.010775151812146,63.87785104498912,-64,64,4,64,697632,0.9996131261982342,0
------------------OOOX-----OXX----XXOO-----O-OO----------------- X;,525346,46990585,6.039168471826187,63.89487880368367,-64,64,4,64,525289,0.9998915000780438,0
------------------OOOX-----OXXO---XXOX-----O-O------------------ X;,1231320,110341088,5.429763993113082,63.95438797388169,-64,64,4,64,1228427,0.9976504889062144,0
------------------OOOX----OXXX---O-XOO-------OO----------------- X;,730380,65238307,6.87742408061557,63.89196445685808,-64,64,4,64,730278,0.9998603466688573,0
------------------OOOX----OXXX---O-XOO------O-O----------------- X;,469632,41988152,7.9908247308530935,63.86068453597711,-64,64,4,64,469034,0.9987266625783592,0
------------------OOOX----OXXXX--O-XOOO------------------------- X;,1487737,133186239,8.162913203072854,63.899440559722585,-64,64,4,64,1487151,0.9996061131772619,0
------------------OOOX----XOOX-----XOO-----OO-------O----------- X;,3677337,329788901,5.630359143042914,63.977810573249066,-64,64,4,64,3675556,0.999515682136285,0
------------------OOOX----XOXO-----OOOO----O--O----------------- X;,784443,70199581,5.765757359043295,63.923211756622216,-64,64,4,64,784356,0.9998890932802,0
------------------OOOX----XOXO-----XOOO------OO----------------- X;,781196,69833224,7.16849804658498,63.874374676777656,-64,64,4,64,781171,0.9999679977880072,0
------------------OOOX----XOXX-----XOO-----OOO------------------ X;,1893778,169942996,6.263804944402142,63.923820004245485,-64,64,4,64,1893299,0.9997470664460143,0
------------------OOOX----XOXX---X-XXX------O-------O----------- X;,1148905,105791654,-63.7174796871804,-4.64537537916538,-64,64,-64,-4,1146346,0.9977726617953616,0
------------------OOOX----XOXXX---XXOX-----O-------------------- X;,1906648,175462576,-63.56186826304593,-5.192352757299722,-64,64,-64,-4,1900271,0.996655386835955,0
------------------OOOX----XXOO-----XOOO-----O-O----------------- X;,761916,68167623,7.598130240078959,63.849391533974874,-64,64,4,64,761554,0.9995248820079904,0
------------------OOOX----XXOX-----OOO-----OO-O----------------- X;,1858227,166367698,6.17640632710643,63.95039626482664,-64,64,4,64,1858052,0.999905824207699,0
------------------OOOX----XXOX----OOOO------O-O----------------- X;,1826534,163432196,6.451758357632543,63.96223338848333,-64,64,4,64,1826380,0.9999156873072168,0
------------------OOOX----XXXO-----OOOO----OO------------------- X;,421695,37659390,10.766999845860159,63.694205527691814,-64,64,4,64,421222,0.9988783362382765,0
------------------OOOX----XXXO-----XOOO------OO----------------- X;,724172,64706182,7.280985732671244,63.87995945714554,-64,64,4,64,724080,0.9998729583579592,0
------------------OOOX----XXXO-----XOOO-----O-O----------------- X;,761916,68167622,7.598130240078959,63.849391533974874,-64,64,4,64,761554,0.9995248820079904,0
------------------OOOX----XXXO----OOOOO-------O----------------- X;,333473,29795464,7.599853661315908,63.816195014289015,-64,64,4,64,333370,0.9996911294167744,0
------------------OOOX----XXXO----OOOOO-----O------------------- X;,442406,39521076,10.958535824559341,63.80108768868415,-64,64,4,64,442337,0.9998440346649909,0
------------------OOOX-O--XXXXO----XOOO------------------------- X;,1933164,173343449,6.209478864700563,63.93400508182441,-64,64,4,64,1932431,0.9996208288588035,0
------------------OOOXO----OXOO----XOOO-----O------------------- X;,82721,7379460,14.011363498990583,62.948537856167114,-64,64,4,64,82703,0.9997824010831591,0
------------------OOX-----OXXX---XXOXO-----XO------------------- X;,3177255,292627407,-63.665325257179546,-4.824256472961723,-64,64,-64,-4,3167777,0.9970169218397642,0
------------------OOX----OXOX----XXOO------OOO------------------ X;,1454608,130289549,7.6289735791360975,63.90863380374644,-64,64,4,64,1454381,0.9998439442103989,0
------------------OOXX-----OXX----XXOO----XO-O------------------ X;,1619018,145330172,5.092158950672569,63.96248281365618,-64,64,4,64,1618420,0.9996306403017138,0
------------------OOXX-----XX----OOXOO----OO------O------------- X;,195666,17493929,7.774631259391003,63.8579262620997,-64,64,4,64,195650,0.9999182280007768,0
------------------OOXX-----XX----OOXOO----XO--------O----------- X;,573691,51395400,5.230925707393005,63.97151951137459,-64,64,4,64,573648,0.9999250467586209,0
------------------OOXX----OXX----OOOOO----XO-------------------- X;,2940362,263851483,4.860861009630787,63.981727760051314,-64,64,4,64,2940143,0.9999255193748253,0
------------------OOXX----XOX-----XOOO----XO-------O------------ X;,3248475,300296550,-63.71231116139111,-4.164501804692971,-64,64,-64,-4,3239303,0.9971765212907595,0
------------------OOXX----XXX-----XOOO----OO-----O-------------- X;,2427248,217779681,5.1487977330705395,63.99177710724244,-64,64,4,64,2427224,0.9999901122588215,0
------------------OOXX----XXX-----XOOO---OOO-------------------- X;,2323865,208484796,4.953897063727885,63.98401542258264,-64,64,4,64,2323786,0.9999660049099238,0
------------------OOXX---OXXX-----OOOO----XO-------------------- X;,4988033,448641123,4.481132943587181,63.98840645200222,-64,64,4,64,4987413,0.9998757025063788,0
------------------OOXX---XXOX----O-OOO----XO-------------------- X;,2648673,237443316,6.093472089608645,63.97520229941559,-64,64,4,64,2648384,0.9998908887582575,0
------------------OX------OOX----OOXO-----OOOO-----O------------ X;,320246,28620111,6.900270417116841,63.851201888548175,-64,64,4,64,320088,0.999506629278742,0
------------------OX------OOX----XOXOX----XOO-------O----------- X;,712050,65587048,-63.255011586265006,-5.740851063829787,-64,64,-64,-4,708491,0.9950017554946984,0
------------------OX------OOXO----OXOO-----OOO------O----------- X;,376787,33662579,8.095536735609244,63.78857816219774,-64,64,4,64,376468,0.9991533678178918,0
------------------OX------OOXO----OXOO-----OOO----O------------- X;,246112,21983064,9.022749804966844,63.717904856325575,-64,64,4,64,245832,0.9988623065921206,0
------------------OX------OOXX---XOOXX----OOO------------------- X;,840228,76974975,-62.834111693492716,-7.392593438923721,-64,64,-64,-4,835425,0.9942836944257987,0
------------------OX------OXX-----OOOO----OOO-----O--O---------- X;,856761,76763132,6.247729530172358,63.935131267646405,-64,64,4,64,856714,0.9999451422275291,0
------------------OX------OXX-----OOOOO---OOOO------------------ X;,609834,54676184,6.686486814444587,63.89352348343976,-64,64,4,64,609635,0.9996736816904273,0
------------------OX------OXX-----OXO-----OOO-----OOO----------- X;,343568,30721135,8.60285591207563,63.826072276812745,-64,64,4,64,343504,0.9998137195547897,0
------------------OX------OXX-----OXO-----OOOO----O--O---------- X;,422334,37759562,7.1165120497047365,63.83504761634157,-64,64,4,64,422022,0.9992612482063958,0
------------------OX------OXX-----OXO----OOOOO-------O---------- X;,563586,50365181,6.426396326381422,63.899974449329825,-64,64,4,64,563333,0.9995510889198809,0
------------------OX------OXX-----OXOO----O-OO----O--O---------- X;,368771,32921580,10.003199817773089,61.713046850213274,-64,64,4,64,345052,0.9356809510509232,0
------------------OX------OXX-----OXOO----OOO-----O--O---------- X;,624186,55924426,6.90568516435806,63.90927383824693,-64,64,4,64,623882,0.9995129656865102,0
------------------OX------OXX-----OXOO----OOO-----O-O----------- X;,448104,40027496,10.027600735543535,63.831146341027974,-64,64,4,64,448015,0.9998013853926767,0
------------------OX------OXX-----OXOO----OOO-----OO------------ X;,1305985,116901148,6.9455759445935445,63.88487004062068,-64,64,4,64,1305350,0.999513776957622,0
------------------OX------OXX-----OXOO----OOOO----O------------- X;,499417,44647959,9.685257009673279,63.77584663717895,-64,64,4,64,499293,0.9997517104944366,0
------------------OX------OXX-----OXOO---OOOO--------O---------- X;,501712,44826005,8.218069330611984,63.85118952705935,-64,64,4,64,501645,0.9998664572503747,0
------------------OX------OXX-----OXX-----OOO-----O-OO---------- X;,928990,83210738,8.547293297021497,63.87218592234577,-64,64,4,64,928872,0.9998729803334805,0
------------------OX------OXX-----OXX----OOOO-------OO---------- X;,797561,71390671,6.715448724298204,63.85360367420172,-64,64,4,64,797038,0.9993442507845794,0
------------------OX------OXX----OOXO-----OOOO----O------------- X;,493305,44076879,7.380356979961687,63.80884239973242,-64,64,4,64,491879,0.9971092934391502,0
------------------OX------OXX-O---OXXO----OOOO------------------ X;,589993,52768549,7.277516851894853,63.805150230595956,-64,64,4,64,586333,0.993796536569078,0
------------------OX------XOX----XXOXX----XOO------O------------ X;,994514,91216561,-62.685940067208705,-7.487056994672775,-64,64,-64,-4,988121,0.9935717345356626,0
------------------OX------XOXXX--X-XX-----OOO-------O----------- X;,979949,89940520,-63.33235198974641,-6.285964881845892,-64,64,-64,-4,976487,0.9964671630870586,0
------------------OX------XXX---OOOOO----O-OOO------------------ X;,828924,74298935,6.127657059030743,63.96856647895344,-64,64,4,64,828856,0.999917965941389,0
------------------OX-----OOOX----XOXXX----OOO------------------- X;,976511,89673737,-62.71320241144237,-7.31563085310867,-64,64,-64,-4,968964,0.9922714644279481,0
------------------OX-----OOOXXX--X-XXX------O-------O----------- X;,442909,40676617,-63.565895025840526,-5.429501319684179,-64,64,-64,-4,442131,0.9982434314949572,0
------------------OX-----OXXX-----OOOOO----OOO------------------ X;,197577,17642204,12.31298683551223,63.643627547740884,-64,64,4,64,197496,0.9995900332528583,0
------------------OX-----OXXX-O---OXXO-----OOO------------------ X;,322706,28817660,11.002376776384697,63.80617961860021,-64,64,4,64,321521,0.9963279269675804,0
------------------OX-----XOXX-----OOOX---XOOO------------------- X;,753123,69059949,-61.95947673885939,-8.449030238088598,-64,64,-64,-4,743476,0.9871906713777165,0
------------------OX-----XOXX----XOOOX----OOO------------------- X;,944529,86767705,-62.754441631755085,-6.8970587456817105,-64,64,-64,-4,937681,0.9927498255744397,0
------------------OX-----XXXX-----XOOX----XOO------O------------ X;,1292412,118611589,-62.96325243033955,-6.475768562965989,-64,64,-64,-4,1286122,0.9951331309210995,0
------------------OX----OOOOO----OOOO-----OOO------------------- X;,83936,7492848,19.81095120091498,62.785479412886005,-64,64,6,64,83900,0.9995711017918414,0
------------------OX-OX----OOOO---XXXO---X-X-------------------- X;,1009115,92704184,-63.412033316321725,-6.231186732929349,-64,64,-64,-4,1007178,0.9980804962764402,0
------------------OX-OX----OOOO---XXXX---X-X-------------------- X;,592494,54341348,-62.948689775761444,-7.055208997897025,-64,64,-64,-4,591316,0.998011794212262,0
------------------OX-X-----XX----OOXO-----O-OOO----O------------ X;,240094,21517236,7.2612560080635085,63.95605887693986,-64,64,4,64,239766,0.9986338684015428,0
------------------OX-X-----XX----OOXO-----O-OOO---O------------- X;,402973,36104143,6.321093472763684,63.962141384162216,-64,64,4,64,402950,0.9999429242157664,0
------------------OX-X----OOOO----XXO----XO-O-----O------------- X;,1589622,142354227,7.522892234757697,63.96514580195795,-64,64,4,64,1589306,0.999801210602269,0
------------------OX-X----OOXX---XOOOX-----XO------------------- X;,637512,58488811,-63.447908431527566,-5.5300402188507825,-64,64,-64,-4,629712,0.9877649361894364,0
------------------OX-X----OXX----OOOO-----X-OOO----------------- X;,645445,57787206,6.648230290729652,63.956924292542354,-64,64,4,64,645327,0.9998171803949213,0
------------------OX-X----OXX----OOXO-----OOO-----O------------- X;,751546,67295990,8.860918692934298,63.8501728437115,-64,64,4,64,749836,0.9977246901719922,0
------------------OX-X----OXX----OOXO-----XOO-------O----------- X;,2938455,263649025,7.285996892925024,63.95839173987691,-64,64,4,64,2937273,0.9995977477960357,0
------------------OX-X----OXX----OOXO----OOOO------------------- X;,627388,56178492,8.605344698974159,63.837959922727244,-64,64,4,64,626233,0.9981590339630341,0
------------------OX-X----XOXX---X-OOX----OOO------------------- X;,590348,54150556,-63.24233502950802,-6.1413844037754,-64,64,-64,-4,588633,0.997094933835636,0
------------------OX-X---OOOXXX--X-OO------XO------------------- X;,289160,26555208,-63.306643380827225,-5.199097385530502,-64,64,-64,-4,288296,0.9970120348595933,0
------------------OX-X---XOOXX----OOOX-----XO------------------- X;,434857,39840598,-63.09035154085136,-6.218612095470465,-64,64,-64,-4,432755,0.9951662270585503,0
------------------OX-XX---XOOX---X-OOO-----XO------------------- X;,418954,38454047,-63.56510977338801,-5.167424108613356,-64,64,-64,-4,417933,0.9975629782744645,0
------------------OX-XX---XOOX---X-XO------OO-----O------------- X;,540656,49707461,-63.653683673167414,-5.156779911810837,-64,64,-64,-4,539863,0.9985332632949602,0
------------------OX-XX--XXOOX-----OOO-----XO------------------- X;,435810,39955667,-63.42802826919988,-5.328186595075835,-64,64,-64,-4,434389,0.9967394047864895,0
------------------OX-XX--XXXXX-----XO-----OOO------------------- X;,1306580,119999446,-63.372219841111914,-5.420377627087511,-64,64,-64,-4,1303481,0.9976281590105466,0
------------------OXX------OX-----OXOO----OO-O----O---O--------- X;,203538,18182012,6.527601725476324,63.917622262182,-64,64,4,64,203527,0.9999459560376932,0
------------------OXX------XX-----OXOO----OO------OOO----------- X;,592677,53117041,5.563559915434546,63.97894299930654,-64,64,4,64,592578,0.9998329612925759,0
------------------OXX------XX-----OXXO----OO-O----O--O---------- X;,474207,42442840,5.377748535976904,63.91515097837021,-64,64,4,64,472634,0.996682883213449,0
------------------OXX-----OOOX---XOOO-X----XO------------------- X;,924762,84939904,-63.30250486071011,-5.926142077637273,-64,64,-64,-4,921168,0.9961135946329974,0
------------------OXX-----OOXO----OXO------OOO------O----------- X;,375083,33473480,9.316012722517415,62.56519223745144,-64,64,4,64,348091,0.9280372610862129,0
------------------OXX-----OXXO----OOO------OO-----O--O---------- X;,183309,16378216,7.440354810729424,63.8128078817734,-64,64,4,64,183294,0.9999181709572361,0
------------------OXX-----OXXO----OXO------OO-----O-O----------- X;,338912,30265160,10.644657020111415,63.77777122084789,-64,64,4,64,338826,0.9997462468133321,0
------------------OXX-----OXXO----OXO------OOO------O----------- X;,387757,34631694,7.867076545362172,63.31952743599729,-64,64,4,64,375983,0.9696356223098487,0
------------------OXX-----OXXO----OXO------OOO----O------------- X;,333051,29775107,6.445334198065762,63.8530765558428,-64,64,4,64,332994,0.999828855040219,0
------------------OXX-----OXXO----OXO-----OOOO------------------ X;,267165,23882799,8.21340744483746,63.77800610109857,-64,64,4,64,266996,0.9993674321112421,0
------------------OXX-----OXXO----OXOO------OO------O----------- X;,368816,32999705,6.660082534380288,63.8780231877142,-64,64,4,64,368370,0.9987907249143204,0
------------------OXX-----OXXO----OXOO------OO-----O------------ X;,1326540,118760475,6.634005005503038,63.9056937597057,-64,64,4,64,1326161,0.9997142943296093,0
------------------OXX-----OXXO----OXOO-----OO-------O----------- X;,581665,51963483,7.594806288843235,63.87377786182768,-64,64,4,64,581520,0.9997507156180964,0
------------------OXX-----OXXO----OXOO-----OOO------------------ X;,697009,62488078,6.046752624428092,63.861501071004824,-64,64,4,64,695457,0.9977733429553994,0
------------------OXX-----XOOX---X-OO-X---OOO------------------- X;,2210601,204065480,-63.67728595074371,-4.721342295601965,-64,64,-64,-4,2204679,0.9973210905088706,0
------------------OXX-----XOXXX--X-OO-----OOO------------------- X;,1171739,107667015,-62.96324693468426,-6.634970757139602,-64,64,-64,-4,1166493,0.9955228937502294,0
------------------OXX----OOXOO----OOOO----O--O------------------ X;,275435,24586508,10.84570588342077,63.62891789351389,-64,64,4,64,275332,0.9996260460725761,0
------------------OXX----OOXOO----XOOO------OO------------------ X;,856291,76554059,8.730424586968683,63.86418869286259,-64,64,4,64,856060,0.9997302318954654,0
------------------OXX----OOXOO---OOOOO-------O------------------ X;,112689,10055372,18.277329641757404,63.32311050768043,-64,64,4,64,112621,0.9993965693190995,0
------------------OXX-X--XXOOX----XOO------XO------------------- X;,478426,43847565,-63.23850292417218,-6.334618101859013,-64,64,-64,-4,477352,0.9977551387257382,0
------------------OXXX-----OX-----XXOOO----OOO------------------ X;,1353985,121293298,6.101729339689879,63.94965527683098,-64,64,4,64,1348355,0.9958419037138521,0
------------------OXXX-----OX-O---XXOO-----OOO------------------ X;,1314572,117833847,5.829541478138893,63.94772290905329,-64,64,4,64,1314282,0.9997793958794193,0
------------------OXXX----OOXO-----XO-----XOO-----O------------- X;,1585963,141971272,5.956031130612757,63.96827101262766,-64,64,4,64,1440120,0.9080413603596048,0
------------------OXXX----OXOO----OXO-----O-O-----O------------- X;,530434,47521257,6.678191820283014,63.90399936655644,-64,64,4,64,530337,0.999817130877734,0
------------------OXXX----OXOO----XOO-----O-O----O-------------- X;,1378491,123322184,8.010235830339116,63.952314523634904,-64,64,4,64,1378409,0.9999405146642234,0
------------------OXXX----OXOO---OOOO-----X-O------------------- X;,2233389,199896015,9.397518748413285,63.90337957247931,-64,64,4,64,2232626,0.9996583667242921,0
------------------OXXX----XOX-----XXOX----XOO------------------- X;,250431,22952557,-63.1856679085257,-5.606302734086435,-64,64,-64,-4,249638,0.9968334591164831,0
------------------OXXX----XOXX----XOOX----XO-------------------- X;,526284,48331548,-63.3976047153248,-5.213730609328803,-64,64,-64,-4,524834,0.9972448335879487,0
------------------OXXX---OOOO-----XOO-------OO--------O--------- X;,927794,83009312,6.134733572323166,63.95092337307635,-64,64,4,64,927756,0.9999590426323085,0
------------------OXXX---OOOO-----XOO-------OOO----------------- X;,665682,59567759,6.224787511153974,63.93712162864551,-64,64,4,64,665605,0.9998843291541607,0
------------------OXXX---OOOOO----XXXX---X---------------------- X;,718107,65812342,-62.50552076501134,-7.379836152551082,-64,64,-64,-4,714551,0.9950480917189221,0
------------------OXXX---OOOX----XOOO----XO--------------------- X;,505208,46322570,-62.3512355307121,-6.966926493642223,-64,64,-64,-4,499731,0.9891589206821745,0
------------------OXXX---OOOXX---XXOO-------O------------------- X;,1289774,118586274,-62.9374456300096,-6.362158796812465,-64,64,-64,-4,1279284,0.9918667921666897,0
------------------OXXX---OOOXXX--XOOO--------------------------- X;,501203,45939345,-62.23910072365888,-7.554200593372346,-64,64,-64,-4,489537,0.9767240020510651,0
------------------OXXX---OXOOO---XXOO----X---------------------- X;,1746618,160668984,-62.84089652116261,-5.811975486339887,-64,64,-64,-4,1730324,0.9906711141188285,0
------------------OXXX---XOOO-----OOO-----OOO------------------- X;,1658959,148529101,7.051917497659677,63.94110041296982,-64,64,4,64,1658378,0.9996497803743191,0
------------------OXXX---XOXXX----OOO-----O-O------------------- X;,2420509,222932451,-63.35449692605977,-5.326724255105021,-64,64,-64,-4,2375522,0.9814142397322216,0
------------------OXXX--XXOXX-----OOO----XO--------------------- X;,517621,47419374,-61.639985626549155,-8.539149300356824,-64,64,-64,-4,511783,0.9887214776834788,0
------------------OXXXX--XXOXX----XOO----X---------------------- X;,314969,28833974,-62.29661649241672,-7.141398042347024,-64,64,-64,-4,313011,0.9937835152030835,0
------------------X--------XOO----XXXXO---OOOO------O----------- X;,699875,62701667,7.503304161457403,63.95295016967316,-64,64,4,64,699733,0.9997971066261833,0
------------------X--------XXO-----XXOO--OOOOOO----------------- X;,1206558,108211523,6.496585327849966,63.956341095910844,-64,64,4,64,1206392,0.9998624185492948,0
------------------X-------XXX-----XOXOO--OOO-O-------O---------- X;,1572482,140853485,6.049288322537238,63.958911453358446,-64,64,4,64,1571823,0.999580917301438,0
------------------X-------XXX-----XOXOO--OOO-O------O----------- X;,1075125,96313335,6.488576677130566,63.944664108824554,-64,64,4,64,1074501,0.9994196023718173,0
------------------X-------XXXXX---XXOOO----OO------O------------ X;,1330494,122312940,-63.272438658122475,-5.87828130002841,-64,64,-64,-4,1315680,0.9888657896991644,0
------------------X------XXXXX----XOOO----XOO------O------------ X;,575019,52654884,-62.41502802516091,-7.791928614532737,-64,64,-64,-4,572223,0.9951375519765434,0
------------------X---X---XOOOO--XOOX---X-O-X------------------- X;,152523,14023283,-63.58406273152246,-4.663336021452502,-64,64,-64,-4,151961,0.9963153098221252,0
------------------X---X---XOOX----XOOO---XXXX------------------- X;,236984,21711492,-63.06671758430949,-5.565341964014448,-64,64,-64,-4,236196,0.9966748810046248,0
------------------X--X----OOOO----OXO-----OOO-----OO------------ X;,417112,37345732,7.22616707263277,63.91158969293619,-64,64,4,64,416934,0.9995732561038762,0
------------------X--X----OOOOO----XX----OOOOO------------------ X;,31696,2827449,12.081745330641091,63.68043286219081,-64,64,4,64,31688,0.9997476022211005,0
------------------X--X----OOXX----OOOX----XOX------O------------ X;,868028,79782305,-63.1902703599423,-5.5186745128037344,-64,64,-64,-4,863786,0.9951130608690042,0
------------------X--X----OOXXX---OOO-----XOX------O------------ X;,632767,58129932,-63.31485681143296,-5.566535549420244,-64,64,-64,-4,630930,0.9970968776816743,0
------------------X--X----OXX-----OOOO----OOO-----OO------------ X;,1897092,170498119,4.659796151161884,63.98641710575976,-64,64,4,64,1896077,0.9994649705971034,0
------------------X--X----OXXX----OOOX----XOO------O------------ X;,1179803,108449297,-63.18862301587638,-5.772020413577521,-64,64,-64,-4,1173989,0.9950720586402985,0
------------------X--X----OXXXX---OOO-----XOO------O------------ X;,589404,54032291,-62.8496328494547,-6.611259848932142,-64,64,-64,-4,586985,0.9958958541170403,0
------------------X--X----XOOOO---XOOOO-----O-------O----------- X;,2276364,204165851,5.279725035187694,63.97949712787586,-64,64,4,64,2276085,0.9998774361218153,0
------------------X--X----XOOX---OOOOO-----O--O----O------------ X;,2381164,214335637,4.577258853233125,63.98998221038114,-64,64,4,64,2378287,0.9987917673877146,0
------------------X--X----XOOX---OOOOOO----O-------O------------ X;,1797242,161293220,4.990452593473778,63.984249756015046,-64,64,4,64,1797027,0.9998803722592728,0
------------------X--X----XOXO---OOOO----OOO-------O------------ X;,2189104,196723616,4.448425474532046,63.99133161329932,-64,64,4,64,2188853,0.9998853412172286,0
------------------X--X----XXXX----XXOOO----OO------O------------ X;,1764503,162607941,-63.55990950426267,-4.838559639739915,-64,64,-64,-4,1752252,0.9930569684494728,0
------------------X--X----XXXX---OOOOO-----O-O-----O------------ X;,1514530,136077335,4.644199190507947,63.98779093184024,-64,64,4,64,1514318,0.9998600225812628,0
------------------X--X---OOOOX----XOOOO-----O-------O----------- X;,2676107,239922610,5.219174719097555,63.98490942253056,-64,64,4,64,2675924,0.9999316170840703,0
------------------X--X---OXOXO----OXO----OOO-------O------------ X;,48635,4339298,12.8127685822967,63.462012953634215,-64,64,4,64,48620,0.9996915801377608,0
------------------X--X---OXOXO---OOOO-----OO-------O------------ X;,903266,80931258,5.893237429505816,63.96215400557532,-64,64,4,64,902894,0.9995881611839702,0
------------------X--X---OXXXX----OOOO-----O-O-----O------------ X;,1730914,155544912,4.492847131631034,63.9868635876768,-64,64,4,64,1730589,0.9998122379274764,0
------------------X--X---XXXXO----XOO-----XOO------O------------ X;,614113,56336042,-63.07052285165759,-6.263700654439818,-64,64,-64,-4,609024,0.9917132514700063,0
------------------X--X---XXXXX-----OOOO----OOO------------------ X;,972708,89259159,-62.93560760269269,-6.3213472080007564,-64,64,-64,-4,968485,0.9956585121125764,0
------------------X--XO---OOOOOO---OO------O-O-----O------------ X;,139015,12446762,5.390583749955041,63.919907923605365,-64,64,4,64,139012,0.9999784195950078,0
------------------X--XO---OXXO-----XO----OOOOO------------------ X;,617302,55211156,6.614760684397588,63.92804980382374,-64,64,4,64,617239,0.9998979429841471,0
------------------X--XO---XOOO----XOOOO-----O-------O----------- X;,1778181,159185204,7.079633063225847,63.9745622071094,-64,64,4,64,1777652,0.9997025049755902,0
------------------X--XO---XXXO----XOOO-----O-O-----O------------ X;,2960939,265897283,4.884229968938907,63.98282538073226,-64,64,4,64,2960171,0.9997406228226924,0
------------------X--XX---OOXX----OOX-----XOX------O------------ X;,478945,43978617,-62.95757968033908,-6.1859921285325035,-64,64,-64,-4,477340,0.9966488845274509,0
------------------X--XX---OXXX----OOOO----XXO------------------- X;,560310,51504582,-63.487462297656656,-5.183348503506987,-64,64,-64,-4,558497,0.9967642911959451,0
------------------X--XX---XXOX----XOOO----OOO------------------- X;,910625,83602140,-63.3158391214825,-5.659183527796843,-64,64,-64,-4,907767,0.9968614962251201,0
------------------X--XX--XXXOX-----OOO-----OO------O------------ X;,476967,43818861,-63.58744525302589,-4.9794702778179625,-64,64,-64,-4,475888,0.9977377889874981,0
------------------X-O-----XOXX----OXO----OX-OO--------O--------- X;,861445,77158631,5.869991699992455,63.94120228221186,-64,64,4,64,860024,0.9983504460528531,0
------------------X-O-----XXXX---OOOO-----X-OO--------O--------- X;,2772924,248829475,5.562189226967634,63.98960736031712,-64,64,4,64,2772884,0.999985574793972,0
------------------X-OOO---XXXO----XXXXO-----O------------------- X;,1552861,142354998,-62.590880961013255,-8.604153237153874,-64,64,-64,-4,1541720,0.992825500801424,0
------------------X-OX-----XOO-----XOO-----OOO------OO---------- X;,2260141,202547555,5.849076672650069,63.97823321642322,-64,64,4,64,2259625,0.9997716956596956,0
------------------X-OX----OOO-----OXO-----OOO-----OO------------ X;,506833,45354016,8.319260979454771,63.911016054597866,-64,64,4,64,506680,0.9996981254180372,0
------------------X-OX----OOOX-----XOX----XOOO------------------ X;,2678852,247223371,-63.71875825913488,-4.2854106908481695,-64,64,-64,-4,2666728,0.995474180731149,0
------------------X-OX----OXOX-----XO----OOOOO------------------ X;,1256945,112420307,6.293234787520536,63.94776064187375,-64,64,4,64,1256765,0.9998567956434052,0
------------------X-OX----XOOO----XOOOO-----O-------O----------- X;,2949059,264232478,6.82469187629003,63.971374258704216,-64,64,4,64,2948256,0.9997277097541961,0
------------------X-OX----XOOOO---XOO-----O-O----O-------------- X;,1799698,161123338,7.737581527567403,63.93324991192967,-64,64,4,64,1797807,0.9989492681549904,0
------------------X-OX----XOOX----XXOX-----OOO------------------ X;,1385787,127342141,-63.529461598355304,-5.269534206916359,-64,64,-64,-4,1380794,0.9963969931887079,0
------------------X-OX----XOX-----XOOX----XOOO------------------ X;,417127,38212828,-63.08259115329384,-6.2729576364033015,-64,64,-64,-4,415232,0.9954570190853146,0
------------------X-OX----XXO-----XXO-----OOO----OO------------- X;,1909511,170919159,8.25376392175798,63.960630234651696,-64,64,4,64,1909467,0.9999769574514104,0
------------------X-OX----XXO----OOXO-----OOO-----O------------- X;,728046,65076022,9.102482535444189,63.87632100169495,-64,64,4,64,727941,0.9998557783436761,0
------------------X-OX----XXO----OOXO----OOOO------------------- X;,707021,63175991,8.360348561075272,63.894732971156444,-64,64,4,64,706823,0.9997199517411788,0
------------------X-OX----XXOO-----XO-----OOOOO----------------- X;,1546683,138486791,6.549991174662164,63.94603160440763,-64,64,4,64,1545821,0.9994426782993024,0
------------------X-OX----XXOX----XOOO-----O-O-----O------------ X;,3956806,355356814,5.224119656106466,63.98286800009907,-64,64,4,64,3946440,0.997380210199843,0
------------------X-OX----XXXX----OXO----OO-O-----O------------- X;,716153,64136270,5.338198681008109,63.97229223364281,-64,64,4,64,716128,0.9999650912584322,0
------------------X-OX----XXXX----OXO----OOOO------------------- X;,2389278,214019136,6.3086932537779195,63.95971167859077,-64,64,4,64,2356016,0.9860786396559965,0
------------------X-OX---OOOX-----XXOX----X-OO------------------ X;,2753409,254163613,-63.79027779745036,-4.143392064164822,-64,64,-64,-4,2731802,0.9921526369674829,0
------------------X-OX---XOOO---X-OOXX----O-O------------------- X;,1013003,93133463,-63.320892435659125,-5.630273552990465,-64,64,-64,-4,1006874,0.9939496724096573,0
------------------X-X------XXO----OOOOO----OOO------O----------- X;,1257905,112847320,5.063934080872562,63.97043655919962,-64,64,4,64,1255000,0.9976906046164058,0
------------------X-X------XXOO----XXO-----OOO------OO---------- X;,963536,86321268,7.055250660068746,63.931722322777766,-64,64,4,64,963350,0.9998069610268843,0
------------------X-X------XXOO----XXO-----OOOO-----O----------- X;,2019501,181423070,5.438745511886352,63.98672444331545,-64,64,4,64,2019024,0.9997638030384733,0
------------------X-X------XXOO----XXOO----OOO------O----------- X;,847090,75908990,9.080312599605708,63.90333258567566,-64,64,4,64,841198,0.9930444226705545,0
------------------X-X-----OOXX-----OO-X---XOO------OO----------- X;,462423,42437091,-63.13138187330647,-6.24940152198312,-64,64,-64,-4,460900,0.9967064787002377,0
------------------X-X-----OOXX----OOO-X---XOOO------------------ X;,572445,52550836,-63.423764728489196,-5.894199442741224,-64,64,-64,-4,571172,0.9977762055743347,0
------------------X-X-----OOXXX----OO-----XOO------OO----------- X;,354955,32557405,-62.55871025904692,-7.781924469298925,-64,64,-64,-4,353459,0.99578538124551,0
------------------X-X-X---XXOX----XOOO-----OO------O------------ X;,417234,38319293,-63.60346951590714,-5.059788991309433,-64,64,-64,-4,416159,0.9974235081513012,0
------------------X-X-X--XXXOX-----OOO-----OO------O------------ X;,433942,39887851,-63.49552013863604,-5.308416793027639,-64,64,-64,-4,433149,0.9981725668407299,0
------------------X-XX----XXXO----XOOO----OOO------------------- X;,1545540,142019500,-63.460409953802554,-5.405776621763267,-64,64,-64,-4,1540110,0.9964866648550021,0
------------------X-XX---XXXXO-----OOO----OOO------------------- X;,1368571,125869743,-63.611119919974925,-5.022656478911214,-64,64,-64,-4,1364700,0.9971715022457731,0
------------------XO------OXXX---OOOOOO---XO-------------------- X;,2131126,190825449,7.334380510584546,63.93042410444056,-64,64,4,64,2130588,0.99974755129448,0
------------------XO------XOX----OOOO----OOOOO------------------ X;,826692,74073279,7.472064565763307,63.85938898646654,-64,64,4,64,826328,0.9995596909126978,0
------------------XO------XOX----OXOO-----OOOO-----O------------ X;,815665,72984508,7.668875089650776,63.89490906193106,-64,64,4,64,815361,0.9996272979715938,0
------------------XO------XOX----OXOO-----OOOO---O-------------- X;,773787,69104425,10.822900875822416,63.843822654037865,-64,64,4,64,773630,0.9997971017864089,0
------------------XO------XXXX----XOOOO---OO-----O-------------- X;,2436507,218394086,6.1191106777037785,63.969234646155336,-64,64,4,64,2436367,0.999942540694527,0
------------------XO------XXXX----XOOOO--OOO-------------------- X;,2629178,236119694,5.073166974620965,63.97764434359332,-64,64,4,64,2628101,0.9995903662665669,0
------------------XO-----OXXX-----OOOOO----OOO------------------ X;,418739,37401150,8.969322179209483,63.80382290639277,-64,64,4,64,418660,0.9998113383276934,0
------------------XO-----OXXXX----OOOOO---XO-------------------- X;,3343129,299924963,5.4681934199966555,63.97603442762753,-64,64,4,64,3342972,0.9999530380072083,0
------------------XO-----XXXXO---OOOOOO----O-------------------- X;,395914,35378282,8.525614148527206,63.824699303384065,-64,64,4,64,395854,0.9998484519365317,0
------------------XO----OOOOOO---OXXXX-----O-------------------- X;,730412,65455177,8.22243610455469,63.82683471794001,-64,64,4,64,706793,0.967663455693499,0
------------------XO--O--O-XXO---OOXO----OOO-------------------- X;,151055,13511720,7.91642117109662,63.8368872265069,-64,64,4,64,151012,0.9997153354738341,0
------------------XO--O--XXXXO---O-OOO-----O--O----------------- X;,180622,16152165,6.291780624730099,63.88705694765865,-64,64,4,64,180556,0.9996345960071309,0
------------------XO--X----OOX----XOOO---XXXX------------------- X;,407664,37446585,-63.399556988107854,-5.060140213509165,-64,64,-64,-4,406397,0.9968920483535461,0
------------------XO--X---OOOXO----OO-----XXOO------------------ X;,4341383,389887821,4.7943805004073585,63.991699419286434,-64,64,4,64,4340373,0.9997673552414058,0
------------------XO--X---OOOXO----OX-----XO-O-----O------------ X;,2250356,202090862,4.649802075760458,63.98813787685148,-64,64,4,64,2249811,0.9997578160966532,0
------------------XO-O---XXXXX---O-OOOO----O-------------------- X;,428595,38280610,11.17438374222751,63.87166672499679,-64,64,4,64,428510,0.9998016775744001,0
------------------XO-OX----OOO-----XXO----XXXO------------------ X;,1209484,111095405,-63.31399092505564,-5.5075098141025425,-64,64,-64,-4,1202000,0.9938122372846603,0
------------------XO-X----XOOX----XOOO-----O-O-----O------------ X;,3923524,352382406,5.215804465577373,63.98357395035687,-64,64,4,64,3913167,0.9973602812165798,0
------------------XO-X----XOOX----XXOX-----XOO------------------ X;,561947,51457335,-63.05592342338334,-6.610030839207256,-64,64,-64,-4,558494,0.9938552924030202,0
------------------XOO-----XOXX---XXOXX-----OO------------------- X;,1790132,164650288,-63.56933957942766,-4.942847231377351,-64,64,-64,-4,1785110,0.9971946202849846,0
------------------XOO-----XOXXX---OOOX----XO-------------------- X;,1279059,117518903,-63.34566192802678,-5.505986041300675,-64,64,-64,-4,1268331,0.9916125839386611,0
------------------XOO-----XXOXX---XXOX-----OO------------------- X;,1658344,152487911,-63.53318491217745,-5.137981022031617,-64,64,-64,-4,1652674,0.9965809265146435,0
------------------XOOO----OXOO---OOOOO---O---------------------- X;,55461,4946545,13.748291592290078,63.171309568886244,-64,64,4,64,55420,0.9992607417825138,0
------------------XOOO----OXXO---OOXX-O--O---------------------- X;,363260,32449653,8.755524968342234,63.746870010460825,-64,64,4,64,363178,0.9997742663656884,0
------------------XOOO----XXOX----OOO----O-OO------------------- X;,1376489,123058894,9.03747360131465,63.88657301293363,-64,64,4,64,1376183,0.9997776952812554,0
------------------XOOO----XXOX----OOO----OO-O------------------- X;,2012884,180358508,6.109689381007549,63.946530450835716,-64,64,4,64,2011855,0.9994887931942427,0
------------------XOOO----XXOX----OXX------OO-------O----------- X;,2652835,237433146,6.218353949642553,63.95521055776179,-64,64,4,64,2651232,0.9993957407829737,0
------------------XOOO----XXXO----OOOOO--O---------------------- X;,113672,10144551,9.79651981138715,63.49776550073897,-64,64,4,64,113644,0.9997536772468154,0
------------------XOOO----XXXO----XOO-O----OO------------------- X;,439488,39275295,8.902472877530217,63.85435779816514,-64,64,4,64,438424,0.997579001019368,0
------------------XOOO----XXXO----XOOOO----O-------------------- X;,481139,42966596,8.461438378514318,63.85838188132743,-64,64,4,64,480941,0.999588476510946,0
------------------XOOO---OOXO----OXXXX------O------------------- X;,895521,80234480,6.67558103048393,63.898487025988224,-64,64,4,64,894981,0.9993969990653485,0
------------------XOOO---OXXXX----OOO------OO------------------- X;,1854378,166022653,6.517318475521172,63.85197624216853,-64,64,4,64,1843833,0.9943134571268641,0
------------------XOOO---OXXXX----OOOO-----O-------------------- X;,791934,70824200,9.24225882459902,63.8524940209664,-64,64,4,64,790003,0.9975616654923264,0
------------------XOOO---XXXOX---OOOO-------O------------------- X;,1502980,134546619,8.486706409932268,63.90469068118006,-64,64,4,64,1502745,0.9998436439606648,0
------------------XOOOO---XXXO----OOO----O-O-------------------- X;,92156,8226256,14.096380051217501,63.460263032249664,-64,64,4,64,92092,0.9993055254134294,0
------------------XOOOO---XXXO----OOOO---O---------------------- X;,391884,35002331,8.25168417184677,63.754230843821134,-64,64,4,64,391745,0.999645303201968,0
------------------XOOOO---XXXO----XOO------OO------------------- X;,492975,44077702,9.52382169481211,63.80386429332116,-64,64,4,64,490392,0.9947603833865815,0
------------------XOOOO---XXXO----XOOO-----O-------------------- X;,574492,51345002,8.780994339346762,63.869465545212115,-64,64,4,64,573940,0.9990391511108945,0
------------------XOOX-----XOOO----XXXX---XO-------------------- X;,1284683,117901884,-63.21574115949226,-5.833647678065328,-64,64,-64,-4,1279765,0.9961718182617814,0
------------------XOOX-----XOX----XXOO----XOO------------------- X;,1355144,124818519,-63.72285675913408,-4.410005873914507,-64,64,-64,-4,1351770,0.9975102276953594,0
------------------XOOX----XOOX----XXOO----X-O------------------- X;,796224,73099476,-63.40762524113817,-5.173419791415481,-64,64,-64,-4,791235,0.9937341753074511,0
------------------XOOX----XOX-----XOX-----XOOX------------------ X;,263412,24221659,-63.586043915994715,-4.726356430230969,-64,64,-64,-4,262609,0.99695154358951,0
------------------XOOX----XOXX----OOOX----XO-------------------- X;,1004672,92437368,-63.33081642565932,-5.41238931711046,-64,64,-64,-4,994777,0.9901510144604408,0
------------------XOOX----XOXX----XOX-----OOO------------------- X;,2151701,197912085,-63.693152068991,-4.440457572869093,-64,64,-64,-4,1907422,0.8864716798477111,0
------------------XOOX----XXOX----XXOX-----OO------------------- X;,2317146,213387836,-63.574775607579326,-4.948203954347288,-64,64,-64,-4,2302460,0.9936620307913269,0
------------------XOOX---XXXOX-----OOX-----XO------------------- X;,956949,87892726,-63.42897061389896,-5.370029123809106,-64,64,-64,-4,953841,0.9967521780157563,0
------------------XOX-----XXOXX---XOOO-----XO------------------- X;,532810,48884418,-63.53077644939096,-5.344451117659203,-64,64,-64,-4,531041,0.9966798671196111,0
------------------XOX-X---XOOX----XOX------OO------O------------ X;,340856,31395637,-63.76009517215481,-4.463342291172812,-64,64,-64,-4,340160,0.9979580820053043,0
------------------XX------OXXO-----XXO-----OOO------OO---------- X;,800960,71856100,5.796243258090292,63.92774046144626,-64,64,4,64,800613,0.9995667698761487,0
------------------XX------XOX----OOOOX----XOOO------------------ X;,1107732,101797367,-63.17842312039374,-6.128902117118581,-64,64,-64,-4,1101790,0.9946358866585059,0
------------------XX------XOX----OXOOX----XOOO------------------ X;,1175843,108040391,-63.22875928163879,-6.069310273565433,-64,64,-64,-4,1164810,0.9906169446091018,0
------------------XX------XXX-----XOXO----O-OO---O---O---------- X;,1168610,104457625,8.541018817227304,63.94626265392218,-64,64,4,64,1168575,0.9999700498883288,0
------------------XX------XXXX----XOOO----XOO------O------------ X;,1360088,124871690,-63.00525333654881,-6.703608148884484,-64,64,-64,-4,1353346,0.9950429678079654,0
------------------XX-----XXXXO----OOOO-----OOO------------------ X;,2238163,206028982,-63.62593162338936,-5.012304287042543,-64,64,-64,-4,2226943,0.994986960288415,0
------------------XX-----XXXXXX---OOO------OOO------------------ X;,581213,53300335,-63.06538050594188,-6.529184653474716,-64,64,-64,-4,579496,0.9970458334552049,0
------------------XX----OOOXO-----OOO-----OOO-------O----------- X;,233912,20876578,14.979483737473922,63.508520298231815,-64,64,4,64,232780,0.995160573207018,0
------------------XX----OOOXO-----OOOO----OO--------O----------- X;,186629,16663995,13.51939409202214,63.553836756345476,-64,64,4,64,186420,0.9988801311693253,0
------------------XX--X---OXOX-----OOO----XXO--------O---------- X;,860203,79151182,-63.50374155867859,-5.281354517480176,-64,64,-64,-4,847122,0.9847931244136559,0
------------------XX--X---XXOX----XOOO-----OOO------------------ X;,535655,49061358,-63.02836900617002,-7.614738964445398,-64,64,-64,-4,533624,0.996208380394097,0
------------------XX--X---XXOX---X-OOO-----OO------O------------ X;,673411,61919650,-63.549722235009526,-5.3103290561039245,-64,64,-64,-4,671343,0.9969290670927561,0
------------------XX--X--XXXOX-----OOO-----OOO------------------ X;,531233,48761548,-63.35986280972756,-6.070447430788374,-64,64,-64,-4,529012,0.9958191603307777,0
------------------XX-O-----XX------XXOO--OOO-O-------O---------- X;,240493,21604049,4.815391716183007,63.98209511295547,-64,64,4,64,240371,0.999492708727489,0
------------------XX-O-----XX------XXOO--OOO-O------O----------- X;,177795,15964203,4.94153941336933,63.967170055400885,-64,64,4,64,177768,0.9998481397114655,0
------------------XX-O-----XX-----OOOXO---XO--O-------O--------- X;,398261,35665463,6.164861736398994,63.97853668825218,-64,64,4,64,398250,0.9999723799217096,0
------------------XX-O-----XXO-----XXO---OOO-O-------O---------- X;,597164,53566073,4.973752603974788,63.98740379527232,-64,64,4,64,597132,0.9999464133805789,0
------------------XX-O----XOO----XOOOX--X---OO------------------ X;,1130368,104364959,-63.75518680642056,-4.260655821820858,-64,64,-64,-4,1124649,0.9949405857207564,0
------------------XX-OO----XXO-----OOOO---OO-----O-------------- X;,173819,15545763,6.181199983891289,63.94099609363764,-64,64,4,64,173814,0.9999712344450261,0
------------------XX-X----XXOO---OOOO-----O-O----O-------------- X;,544733,48644442,16.119339199204013,63.80028748028851,-64,64,6,64,544674,0.9998916900573308,0
------------------XX-X---OOOOO----XOO-----O-O----O-------------- X;,902934,80691311,11.077556056145854,63.87108692329672,-64,64,4,64,902821,0.9998748524255372,0
------------------XX-X---OOXOO----OOO-----O-O-------O----------- X;,1054641,94437804,6.520469998795798,63.95952461548527,-64,64,4,64,1054606,0.9999668133516524,0
------------------XXO---OOOOO-----OOO-----OOO------------------- X;,516196,46105363,13.74962029926617,63.70785321854489,-64,64,4,64,516086,0.9997869026493812,0
------------------XXO-X---OOOX----OOX-----XXX------------------- X;,334677,30672964,-62.80280987340032,-6.836878542594801,-64,64,-64,-4,331396,0.9901965178366007,0
------------------XXO-X---OOOX----OOXX----XO-------------------- X;,1279509,117645990,-63.57178417658649,-4.940163765944593,-64,64,-64,-4,1275572,0.9969230384467792,0
------------------XXOO-----XO-----OOOOO-----OO------O----------- X;,168903,15084563,6.542613215869464,63.8908426730135,-64,64,4,64,168891,0.9999289533045594,0
------------------XXOO-----XOO-----OOOO---OO-----O-------------- X;,1206460,107944590,6.239716194486348,63.94858843227293,-64,64,4,64,1206423,0.9999693317640038,0
------------------XXOO-----XXO----OOOO------OO-------O---------- X;,548664,49093264,6.894870084423253,63.923142396803875,-64,64,4,64,548287,0.9993128763687794,0
------------------XXX------OO------OOOO--OOOO-------O----------- X;,1128727,101049140,5.6735481653225275,63.97118966765214,-64,64,4,64,1128692,0.999968991616219,0
------------------XXX------OO-----OOOXX---XOOO------------------ X;,750536,68903306,-63.44726568745536,-5.365409520662566,-64,64,-64,-4,748215,0.996907543408977,0
------------------XXX------OO-----XOOXX--XXOO------------------- X;,56298,5147140,-62.88816654232832,-6.835766812320154,-64,64,-64,-4,56071,0.9959678851824221,0
------------------XXX------OOO---XXXOX----XOO------------------- X;,246745,22630995,-63.17832580194128,-5.628296419380332,-64,64,-64,-4,244727,0.9918215161401447,0
------------------XXX------OOOO---OOOXX---XO-------------------- X;,2051233,188936512,-63.603309326634275,-4.617222421831162,-64,64,-64,-4,2041734,0.9953691267642437,0
------------------XXX------OOOOO---OOO-----OOO------------------ X;,1491755,133813675,5.062712040516036,63.97807414756445,-64,64,4,64,1491077,0.9995455017747552,0
------------------XXX------XOOO---OOOO---OOO-------------------- X;,3795590,341074017,4.604163779544155,63.9906949907656,-64,64,4,64,3795469,0.9999681208982003,0
------------------XXX------XX----OOOOOO---OOO------------------- X;,2717548,243843637,4.8006221049269415,63.973003236741356,-64,64,4,64,2712118,0.9980018752198673,0
------------------XXX------XXXX---XOOOO---OO-------------------- X;,1198371,110025463,-63.531478982719044,-5.118485010067833,-64,64,-64,-4,1194263,0.9965720131745511,0
------------------XXX-----OOOO----XOOX---XXO-------------------- X;,561147,51497843,-63.396332868214564,-5.2477728652207,-64,64,-64,-4,559094,0.9963414221229019,0
------------------XXX-----OXOO----OOOO----OOO------------------- X;,845228,75714976,6.845226376788275,63.89511350783457,-64,64,4,64,845101,0.9998497446842746,0
------------------XXX-----OXXO-----OOO-----OOO-------O---------- X;,2488217,223214919,5.754551552376662,63.97192728769235,-64,64,4,64,2484074,0.998334952297167,0
------------------XXX-----XOOO---OOOOX----XO-------------------- X;,1914363,176468652,-63.286226279968844,-4.985410812891808,-64,64,-64,-4,1899308,0.9921357652649994,0
------------------XXX-----XXX-----XXOX------OOOO---------------- X;,81382,7437054,-61.762121845125456,-10.40956231107616,-64,64,-64,-4,80777,0.9925659236686245,0
------------------XXX-----XXX----OOOXX----XOO------------------- X;,489356,44858773,-62.03616998667636,-7.975506584163677,-64,64,-64,-4,481300,0.983537547307073,0
------------------XXX-----XXXOO----XOO-----OOO------------------ X;,1996525,183904286,-63.44385069057488,-5.458906850653009,-64,64,-64,-4,1987279,0.995368953556805,0
------------------XXX-----XXXX---X-OOO-----OOO------------------ X;,575330,52727622,-62.95231432395321,-7.205271757078546,-64,64,-64,-4,571587,0.9934941685641284,0
------------------XXX----O-XX-----OOOOO---OOO------------------- X;,2418301,217062336,4.896031552730616,63.95968822739601,-64,64,4,64,2395005,0.9903667905690814,0
------------------XXX----OOOO-----XXXXX---XX-------------------- X;,393739,36059033,-62.29589144077676,-7.516253152469021,-64,64,-64,-4,391469,0.9942347595742357,0
------------------XXX----OOOOOO---OOOO-----O-------------------- X;,518969,46366866,10.492239420851726,63.777456842316205,-64,64,4,64,518906,0.9998786054658371,0
------------------XXX----OOOOOO--OOOOO-------------------------- X;,451039,40345266,11.771454353171233,63.81287427473012,-64,64,4,64,450970,0.9998470198807642,0
------------------XXX----OOXOO----OOO-----O-O-------O----------- X;,329958,29466119,8.379527091326775,63.855690724274,-64,64,4,64,329919,0.9998818031385813,0
------------------XXX----OOXOO---OOOO-------O-------O----------- X;,297518,26559111,13.374306764632728,63.6920152730255,-64,64,4,64,297462,0.9998117760942196,0
------------------XXX----X-OO-----XOOO-----OOO-----O------------ X;,326316,29901407,-63.24131823140759,-6.456863898797485,-64,64,-64,-4,323325,0.9908340381715883,0
------------------XXX---OOOOOO----OOO-----OO-------------------- X;,1163563,104306717,5.625126443518743,63.94009692642341,-64,64,4,64,1163324,0.9997945964249465,0
------------------XXX---OOXXO----OOOOO-----O-------------------- X;,610363,54570668,9.5058235836707,63.81529843715953,-64,64,4,64,610305,0.9999049745807004,0
------------------XXX-O----XOO----OOOO---OOO-------------------- X;,1676071,150362827,5.831305475722687,63.96606110361673,-64,64,4,64,1673710,0.9985913484571954,0
------------------XXX-O--OXXXO----OOOO-----O-------------------- X;,797085,71471248,6.750513433322669,63.96949760690516,-64,64,4,64,796855,0.9997114485908027,0
------------------XXX-O--OXXXO---OOOOO-------------------------- X;,345268,30857818,8.2803010994358,63.867902614780405,-64,64,4,64,345210,0.9998320145510154,0
------------------XXX-X----XXX----XOX-----OOOO------------------ X;,227134,20793181,-62.463052647335935,-7.967829563165356,-64,64,-64,-4,224772,0.9896008523602807,0
------------------XXX-X---XOOX----XOO------OO------O------------ X;,313337,28741242,-63.31092082964987,-5.465163705531105,-64,64,-64,-4,312234,0.9964798284275397,0
------------------XXXO-----XOO----OOOO---OOO-------------------- X;,1660202,148731305,7.208744478081583,63.95269973171939,-64,64,4,64,1660024,0.9998927841310876,0
------------------XXXO-----XOO----XOXO-----OOO------------------ X;,2090828,192502372,-63.654931443428154,-4.846395303678734,-64,64,-64,-4,2076678,0.9932323462283842,0
------------------XXXO-----XXO----OOOO---OOO-------------------- X;,2746266,246081501,6.644871618408414,63.88440413273878,-64,64,4,64,2739460,0.9975217258634087,0
------------------XXXO----OOOX-----OOOX---XO-------------------- X;,2497289,229922601,-63.69182061026978,-4.629330045501342,-64,64,-64,-4,2463737,0.9865646306855154,0
------------------XXXO----XOOO---XXXOX-----O-------------------- X;,927724,85104753,-63.189264263940565,-5.928438846036106,-64,64,-64,-4,924995,0.9970583923666952,0
------------------XXXO----XOOOO--X-OOOX------------------------- X;,754553,69259088,-62.89481454583044,-6.545463340547317,-64,64,-64,-4,750465,0.9945822228524702,0
------------------XXXO----XXXO-----XXO-----OOO------------------ X;,3968030,365473285,-63.54557626832458,-5.19735107849487,-64,64,-64,-4,3914791,0.9865830147453523,0
------------------XXXO---OXXOO----OOOO-----O-------------------- X;,946173,84576928,7.954371980599742,63.89223323853037,-64,64,4,64,945877,0.9996871608046308,0
------------------XXXO---OXXOO---OOOOO-------------------------- X;,379286,33859236,10.439230554251937,63.71673618324958,-64,64,4,64,378981,0.9991958574795801,0
------------------XXXO---XXXO----O-OOOO----O-------------------- X;,428541,38275720,11.174774408983037,63.87165055385599,-64,64,4,64,428457,0.9998039860830119,0
------------------XXXO-O---XXXO----OOO----XO-------------------- X;,1528061,140904365,-63.15269482042929,-5.131762410008501,-64,64,-64,-4,1514700,0.9912562391161086,0
------------------XXXOO----XOO----OOO----OOO-------------------- X;,869085,77822387,5.996488260641939,63.94651616355132,-64,64,4,64,868699,0.9995558547207696,0
------------------XXXOO----XXO----OOO----OOO-------------------- X;,795208,71337406,4.910017253347552,63.97160868602931,-64,64,4,64,793326,0.9976333236084144,0
------------------XXXOO---XXXO-----OOO-----O--O----------------- X;,1051719,94251498,5.580645590694853,63.87069264699031,-64,64,4,64,1045827,0.9943977431234008,0
------------------XXXOO---XXXO-----OOOO----O-------------------- X;,1309965,117496631,5.034081063234514,63.975284835854396,-64,64,4,64,1309407,0.999574034420767,0
------------------XXXX-----OOO----OOOO----XO-------O------------ X;,5019108,450155924,5.858601169769608,63.98162661572535,-64,64,4,64,5018806,0.9999398299458788,0
------------------XXXX-----OOOO---OXOX----XO-------------------- X;,2078424,191550146,-63.52379832026574,-4.5949955350785014,-64,64,-64,-4,2069827,0.995863692874986,0
------------------XXXX-----OOOO---OXX----OOO-------------------- X;,1661263,148751462,6.160773459711075,63.962347322488974,-64,64,4,64,1659507,0.9989429729067583,0
------------------XXXX-----OXX----OXO----OOO-O------------------ X;,1637738,146783121,5.674011960399038,63.97324297292974,-64,64,4,64,1637275,0.9997172929980254,0
------------------XXXX-----XO-----OOOO------OO------O-O--------- X;,952080,85205403,8.144513066128896,63.93385219729434,-64,64,4,64,952058,0.9999768926980926,0
------------------XXXX-----XO-----OOOO------OO------OO---------- X;,902886,80750970,8.59318119895535,63.90304091546441,-64,64,4,64,902774,0.9998759533318714,0
------------------XXXX-----XO-----OOOO------OOO-----O----------- X;,893587,80000280,7.004659870835185,63.93188240204927,-64,64,4,64,893452,0.9998489234959774,0
------------------XXXX-----XO-----OOOOO-----OO------O----------- X;,651838,58293925,8.297569334712,63.90406051810419,-64,64,4,64,651802,0.9999447715536682,0
------------------XXXX-----XOOO---XXOO-----OO------------------- X;,1158702,106409296,-63.49122466345963,-5.385630645325545,-64,64,-64,-4,1154802,0.9966341647809359,0
------------------XXXX-----XX-----OXOO-----O-O------O-O--------- X;,1347996,121056616,4.8427435986456935,63.98963275855418,-64,64,4,64,1347979,0.9999873886866133,0
------------------XXXX-----XX-----OXOO-----O-O----O---O--------- X;,1521044,136749389,4.752976245263122,63.993049510730785,-64,64,4,64,1521025,0.9999875085796335,0
------------------XXXX-----XX----OOOOO---X---O-------O---------- X;,3739980,336013637,5.942080973695046,63.97487259290157,-64,64,4,64,3727994,0.9967951700276472,0
------------------XXXX----OOXX----OOXX----XO-------------------- X;,260045,23826429,-62.62964871464554,-7.253463823568998,-64,64,-64,-4,257762,0.9912207502547636,0
------------------XXXX----OXOO-----OO-----OOO-------O----------- X;,1812914,162314718,5.993568365625728,63.97571534005474,-64,64,4,64,1812111,0.999557066689319,0
------------------XXXX----OXOO-----XO------OO-----O-O----------- X;,2836308,254506853,5.044481064820887,63.989907302027845,-64,64,4,64,2835752,0.9998039705137806,0
------------------XXXX----OXOO----OOO------OO-------O----------- X;,2583314,231097868,6.764698368065206,63.9676825968504,-64,64,4,64,2583170,0.9999442576473475,0
------------------XXXX----XOOOO---XOOX-----O-------------------- X;,1748581,160950147,-63.38062749166324,-5.075788310635882,-64,64,-64,-4,1740304,0.9952664474794133,0
------------------XXXX----XOOX----OOOX----XO-------------------- X;,313846,28761670,-62.98779656264537,-5.760175372634986,-64,64,-64,-4,312499,0.9957080861314148,0
------------------XXXX----XOOX----XOOX----OO-------------------- X;,317759,29093421,-62.87364323276445,-6.52134479275174,-64,64,-64,-4,316564,0.9962392882656352,0
------------------XXXX----XOX-----XOOOO-----OO------------------ X;,240429,22036625,-62.33269697083131,-8.4362119378278,-64,64,-64,-4,236526,0.9837665173502365,0
------------------XXXX----XXO-----OOOO------OOO----------------- X;,1622312,145293147,6.894899994575643,63.85347762945722,-64,64,4,64,1613489,0.9945614653654784,0
------------------XXXX----XXX-----XXOO------OO-------O---------- X;,147425,13482279,-61.99745633372901,-9.405942004409022,-64,64,-64,-4,146208,0.9917449550618959,0
------------------XXXX---OXOX----OOOO-----XO-------------------- X;,781316,71892541,-62.187147069815545,-6.292607600509909,-64,64,-64,-4,770233,0.9858149583523184,0
------------------XXXX---XXOXX----OOO----O--O------------------- X;,707409,64962724,-63.142695385554894,-7.2353150723273245,-64,64,-64,-4,705010,0.9966087510902463,0
------------------XXXX--OOOOO------OOO-----O-------O------------ X;,645114,57635908,10.28016288593954,63.88408715358836,-64,64,4,64,645027,0.9998651401147705,0
------------------XXXXO----OXO----OXO----OOO-------------------- X;,870681,77890221,7.088480166674132,63.93599377958173,-64,64,4,64,870568,0.9998702165316574,0
------------------XXXXX----OOO-----XOX----XOO------------------- X;,301935,27675210,-63.087737426929635,-5.41885505158395,-64,64,-64,-4,300886,0.9965257422955272,0
------------------XXXXX---OOOO-----OOO----XO-------------------- X;,1175350,108133811,-63.55635342663887,-5.040076572935721,-64,64,-64,-4,1171865,0.9970349257667929,0
------------------XXXXX---XOOX----OOOO-----X-------------------- X;,404311,37092570,-63.04078048828748,-5.614482415764102,-64,64,-64,-4,402744,0.9961242706728236,0
-----------------O-------OOXX---XXXOO----O-OOO------------------ X;,45540,4070109,12.242753623188406,63.13238910847606,-64,64,4,64,45494,0.998989898989899,0
-----------------O--O-----OXXX----OXO-----OOOO----O------------- X;,226249,20211521,7.0644864728683885,63.849586075518566,-64,64,4,64,226192,0.9997480651848185,0
-----------------O--O----OOXXX---XXOO------OOO------------------ X;,585536,52385252,6.1601336211607824,63.8727559022844,-64,64,4,64,584669,0.998519305388567,0
-----------------O--OOO---OXXO---XXOO----O--O------------------- X;,114771,10248859,8.295614745885285,63.69629958787499,-64,64,4,64,114752,0.9998344529541434,0
-----------------O--OX----OXX-----XOXO----O-OOO----------------- X;,614608,55026957,5.340804219925546,63.96657869731601,-64,64,4,64,614247,0.9994126337437846,0
-----------------O--OX----OXXO----OXO-O--OX-O------------------- X;,277160,24765025,6.525476259200462,63.935030307403665,-64,64,4,64,277144,0.9999422716120653,0
-----------------O--OX----OXXX----OXO----OO-O-----O------------- X;,218157,19509318,5.903670292495772,63.94452160599935,-64,64,4,64,218137,0.9999083229050638,0
-----------------O--OX----OXXX----OXO----OOOO------------------- X;,907343,81147936,7.034649520633321,63.90216489243869,-64,64,4,64,906767,0.999365179430491,0
-----------------O--X-----OXXO---XXOOO-----OOO------------------ X;,1359747,121954968,6.238139153827881,63.92673563537923,-64,64,4,64,1358455,0.9990498232391761,0
-----------------O-O------OXXXO---XOXO----OOO------------------- X;,516763,46290200,5.290183314207867,63.94144898144798,-64,64,4,64,516118,0.9987518456236224,0
-----------------O-OOO----OXOX----XOX-----OOO------------------- X;,430695,38492162,8.70074414608946,63.87313295951892,-64,64,4,64,430609,0.9998003227341854,0
-----------------O-OOO----OXOX----XOXO------O-O----------------- X;,193012,17253242,5.9966686009160055,63.851382297473734,-64,64,4,64,192949,0.9996735954241187,0
-----------------O-OOO----OXXO----XOOOO-----O------------------- X;,78733,7026601,11.538198722263854,63.52023928975144,-64,64,4,64,78723,0.9998729884546506,0
-----------------O-OOO----OXXO----XOXO------OO------------------ X;,223989,19990745,9.962859783292929,63.738411261267295,-64,64,4,64,223920,0.9996919491582176,0
-----------------O-OOO----OXXX----XOO-----OOO------------------- X;,202859,18118134,6.638532182451851,63.67320158336579,-64,64,4,64,201835,0.9949521588886863,0
-----------------O-OOO----OXXX----XOXO------O-O----------------- X;,95015,8490871,5.7464716097458295,63.883607851391886,-64,64,4,64,95011,0.999957901383992,0
-----------------O-OOO----OXXXO---XOXO------O------------------- X;,111915,9994140,6.899039449582272,63.86350355180271,-64,64,4,64,111910,0.9999553232363848,0
-----------------O-OX----OOXX----XXOO------OOO------------------ X;,909036,81364388,8.48256394686239,63.836376117117474,-64,64,4,64,908839,0.9997832869105294,0
-----------------O-OXX---OOXX----O-OOO----XO-------------------- X;,946983,84849080,5.547427989731601,63.86866923693456,-64,64,4,64,940983,0.9936640890068776,0
-----------------O-OXX---XXXX------OOO----OO-----O-------------- X;,722307,64632435,8.842943512938405,63.926936884178055,-64,64,4,64,722284,0.9999681575839636,0
-----------------O-OXX---XXXX------OOO---OOO-------------------- X;,422133,37655741,13.826983438868792,63.810306230500814,-64,64,4,64,421411,0.9982896385736248,0
-----------------O-XX-X---OXOX---XOOO------XO------------------- X;,499468,45893963,-63.2732367238742,-6.382260725411838,-64,64,-64,-4,497845,0.9967505425773022,0
-----------------O-XXO---XOXX-----OOXX---XO--------------------- X;,558083,51179086,-62.69831369169102,-8.45561502500524,-64,64,-64,-4,555885,0.9960615177312335,0
-----------------O-XXX---XOOO-----OOO-----OOO------------------- X;,1705590,152808060,6.434776822096753,63.93547042372434,-64,64,4,64,1704654,0.9994512162946546,0
-----------------OO-OX----OXXX----OXO-----O-O-----O------------- X;,319265,28536554,8.138305169686625,63.931805866599845,-64,64,4,64,319226,0.9998778444239111,0
-----------------OO-OX----OXXX---OOOO-----X-O------------------- X;,1747569,156737195,5.147274299326664,63.968872759816634,-64,64,4,64,1746572,0.9994294931988379,0
-----------------OO-OX----OXXXX---XOO-O-----O------------------- X;,465127,41617047,5.6276156834584965,63.91594983735625,-64,64,4,64,465091,0.9999226017840289,0
-----------------OO-OX---XOXXX----OOO----O--O------------------- X;,776672,69529954,6.383439856206996,63.94018710601129,-64,64,4,64,776564,0.9998609451608916,0
-----------------OO-OX---XOXXX----XOO-----X-O------------------- X;,2481429,228726612,-63.459430030035115,-5.248586197711077,-64,64,-64,-4,2469874,0.9953434089792615,0
-----------------OO-X----OOXX----XXOO------OOO------------------ X;,527055,47203838,7.355873675422869,63.82267125821783,-64,64,4,64,523627,0.9934959349593496,0
-----------------OOO------XOX----XXOO----O-OOO------------------ X;,582469,52061673,9.403384557804793,63.68816881241749,-64,64,4,64,581188,0.9978007413270062,0
-----------------OOO-X-----OXOO----OO-----XOOO------------------ X;,992831,88994860,5.4100969852875265,63.95809357282357,-64,64,4,64,992594,0.9997612886785364,0
-----------------OOO-X-----XXOO----XO-----XO-O----O------------- X;,1254715,112600092,4.828654315920349,63.98155198590915,-64,64,4,64,1254405,0.9997529319407196,0
-----------------OOO-X----OXXOO---OOO-----XO-------------------- X;,2140635,191981428,6.390336979447687,63.965781648903246,-64,64,4,64,2140248,0.9998192125233868,0
-----------------OOO-X----OXXOO--O-OO-----XO-------------------- X;,676152,60520148,5.646362060601758,63.97371153231818,-64,64,4,64,676131,0.9999689418947219,0
-----------------OOO-X----XOXOO---XOO-----XO-------------------- X;,1472411,131742716,7.936284773748634,63.92840246371428,-64,64,4,64,1472104,0.9997914984335217,0
-----------------OOO-X----XXXOO----OO-----OO-----O-------------- X;,1210865,108317925,6.590152494291271,63.894050121194354,-64,64,4,64,1203731,0.9941083440350493,0
-----------------OOO-X----XXXOO----OO----OOO-------------------- X;,602973,53893911,9.064900086736886,63.89119910841779,-64,64,4,64,602835,0.999771134030877,0
-----------------OOO-X---OOOOOO----OO-----XO-------------------- X;,138383,12384268,6.366793609041573,63.970169746283865,-64,64,4,64,138369,0.9998988315038697,0
-----------------OOO-X---XXOO-----XOOO-----O-------O------------ X;,344353,30739943,16.28989728563422,63.83345868919394,-64,64,4,64,344063,0.9991578409364809,0
-----------------OOO-X---XXOXO-----OO-----O-O-------O----------- X;,509318,45542799,10.630871086433231,63.83803439108769,-64,64,4,64,507324,0.9960849606728999,0
-----------------OOOOO----OOXX----XOO------O-O------------------ X;,628544,56210790,8.261715965787598,63.86475728031769,-64,64,4,64,628275,0.9995720267793504,0
-----------------OOOOO----OXOX----XOO------OO------------------- X;,859512,77003965,5.561194026377758,63.91773355113134,-64,64,4,64,858814,0.999187911279889,0
-----------------OOOOO----OXXO----XOX-O----O-------------------- X;,427741,38213559,7.314657701740072,63.85377366209926,-64,64,4,64,427469,0.9993641011733736,0
-----------------OOOOO----OXXX----XOO------OO------------------- X;,492968,44009580,7.49000543645835,63.76455064020383,-64,64,4,64,491036,0.9960808815176644,0
-----------------OOOOO----OXXX----XOOO-----O-------------------- X;,650583,58176912,9.187385775527488,63.78524646355653,-64,64,4,64,646903,0.9943435349524965,0
-----------------OOOOO----XOXX----OXO----O---O------------------ X;,766290,68498329,7.478919208132691,63.9006055148834,-64,64,4,64,766139,0.9998029466651007,0
-----------------OOOOOO---OXXO----XOO------O-------------------- X;,286683,25605473,7.594646351545086,63.812092101729085,-64,64,4,64,286621,0.9997837332524077,0
-----------------OOOX------OXOO---XOO-----OO-----O-------------- X;,218679,19532255,9.463217775826669,63.699628222188686,-64,64,4,64,218654,0.9998856771797933,0
-----------------OOOX------OXOO---XXO-----O--O---O-------------- X;,498736,44568645,6.714670687497995,63.90070498219499,-64,64,4,64,498711,0.9999498732796509,0
-----------------OOOX----XOXXX----XOXO-----X-------------------- X;,786793,72307718,-63.17097635591573,-6.540846194615356,-64,64,-64,-4,784120,0.9966026642331591,0
-----------------OOOXX-----OXOO----OOO----XO-------------------- X;,732374,65506125,8.09230666298913,63.887818245868914,-64,64,4,64,732214,0.9997815323864583,0
-----------------OOOXX-----OXOO----XOO----X--O------------------ X;,1389784,124447421,5.70323877667321,63.966684031475395,-64,64,4,64,1389701,0.9999402784893192,0
-----------------OOOXX-----XXOO---OOOO----X--------------------- X;,1372566,122947859,5.603752387863316,63.96226920964092,-64,64,4,64,1372483,0.9999395293195372,0
-----------------OOOXX----OOOO----XOO------O-------O------------ X;,2310087,207023858,5.284676291412401,63.96600647508081,-64,64,4,64,2307118,0.998714767019597,0
-----------------OOOXX----OXX-----XOOO----XO-------------------- X;,2686126,241001253,6.128517798494933,63.97817786656322,-64,64,4,64,2685795,0.9998767742094005,0
-----------------OOOXX---XXOX------OOO----XO-------------------- X;,2681827,240612145,6.131736312595853,63.981190434729754,-64,64,4,64,2681240,0.999781119363777,0
-----------------OOX------OXX-----OXO-----OOOO----O------------- X;,565094,50500381,6.424037416783756,63.90014581644824,-64,64,4,64,565015,0.9998602002498699,0
-----------------OOX------OXX----XXOO----O-OOO------------------ X;,545609,48809903,8.19830867892575,63.80114880802919,-64,64,4,64,545375,0.9995711214441111,0
-----------------OOX-----XOXX-----OOO------OOO------O----------- X;,278443,24850957,8.743031787475354,63.71117248413499,-64,64,4,64,278383,0.9997845160409851,0
-----------------OOX-----XOXX-----OOO----OOOO------------------- X;,461109,41337293,8.792354952950387,63.72477657126623,-64,64,4,64,460864,0.9994686722662104,0
-----------------OOX-X---XOXXXX----OO------XO------------------- X;,506460,46516690,-63.12862022667141,-6.010656320341192,-64,64,-64,-4,504628,0.9963827350629862,0
-----------------OOXXX--XXOOX----XOOO--------------------------- X;,647881,59371744,-61.396954070269075,-9.246364687342274,-64,64,-64,-4,642412,0.9915586349962416,0
-----------------OX-------XXX----OXOO-----OOOO-----O------------ X;,483637,43223562,9.741378347810445,63.76481741471393,-64,64,4,64,483492,0.9997001883644138,0
-----------------OX-------XXX----OXOO-----OOOO---O-------------- X;,244830,21839390,23.127896908058652,63.24540701711392,-64,64,10,64,244786,0.999820283461994,0
-----------------OX-------XXX----OXOO----OOOOO------------------ X;,200465,17909744,12.437343177113211,63.648826478437634,-64,64,4,64,200353,0.9994412989798718,0
-----------------OX-------XXX---OOOOO----O-OOO------------------ X;,134403,12011589,14.60255351443048,63.3118977999003,-64,64,4,64,134313,0.9993303720899087,0
-----------------OX------OXXX----OOOO----O-OOO------------------ X;,50205,4476962,16.879454237625733,62.20573648043024,-64,64,6,64,50169,0.9992829399462205,0
-----------------OX------XXXX-----XOOOO---OO-----O-------------- X;,1685410,150558389,12.239728018701681,63.94414890145425,-64,64,4,64,1685328,0.9999513471499516,0
-----------------OX------XXXX-----XOOOO--OOO-------------------- X;,4050869,363007801,7.604992410270488,63.94821308711785,-64,64,4,64,4050233,0.9998429966508421,0
-----------------OX--X----OOOX----XOOOO-----O-------O----------- X;,2070373,185421715,6.150804227064398,63.97285851390063,-64,64,4,64,2070317,0.9999729517338181,0
-----------------OX--X----OXXX----XOOO-----O-O-----O------------ X;,1997399,179104023,5.510000255332059,63.979677070029574,-64,64,4,64,1997181,0.9998908580609082,0
-----------------OX--X---OXXX----OOOOO-----O-------O------------ X;,198898,17753299,20.693601745618356,63.80741887801788,-64,64,8,64,198793,0.9994720912226367,0
-----------------OX--X---OXXXO---O-OO-----O-O-------O----------- X;,106445,9493330,13.451792005260932,63.75732068204237,-64,64,4,64,106296,0.9986002160740288,0
-----------------OX-O-----OXXX----XOO-----X-OO--------O--------- X;,899308,80542186,5.914845636867458,63.966563179689274,-64,64,4,64,899285,0.9999744247799419,0
-----------------OX-OX----OOO-----OXO----OOOO------------------- X;,225665,20178725,10.61929408636696,63.83434294197151,-64,64,4,64,225580,0.9996233354751513,0
-----------------OX-OX----OXO-----OXO-----OOO-----O------------- X;,512363,45804619,7.374453268483477,63.89036093550862,-64,64,4,64,512327,0.9999297373151457,0
-----------------OX-OX----OXXX----OOO----OX-O------------------- X;,3373048,302629674,6.137673700463202,63.94904134183682,-64,64,4,64,3366983,0.9982019230085074,0
-----------------OX-OX---XXXO-----XOOO-----O-------O------------ X;,1105774,98865085,11.230164572507583,63.883516885005434,-64,64,4,64,1105443,0.9997006621606224,0
-----------------OX-OX---XXXOO-----OO-----O-O-------O----------- X;,742829,66395254,9.560671433129293,63.89877885758364,-64,64,4,64,742773,0.99992461252859,0
-----------------OX-XX----OXOO----OOO-----OO-------O------------ X;,1846780,165343793,6.023851785269496,63.96246602194089,-64,64,4,64,1846432,0.9998115639112402,0
-----------------OX-XX----OXOO---OOOO------O-------O------------ X;,1382258,123648549,7.25694117885373,63.9437319226946,-64,64,4,64,1382081,0.9998719486521329,0
-----------------OX-XX---OOXOO----OOO------O-------O------------ X;,1478928,132314853,6.858925519024591,63.942399494769184,-64,64,4,64,1478770,0.9998931658606774,0
-----------------OXX------OXOO----OOO-----OOO-------O----------- X;,468700,41848752,12.060132280776616,63.80081502026883,-64,64,4,64,468616,0.9998207808832942,0
-----------------OXX-X----OXOO----XOO-----O-O----O-------------- X;,667679,59669779,12.90425189349972,63.84286461008958,-64,64,4,64,667630,0.9999266114405275,0
-----------------OXXX----OOXX----O-OOOO----O-------------------- X;,37682,3356699,25.608672575765617,62.902552943049734,-64,64,12,64,37647,0.9990711745661058,0
-----------------OXXX----OXXO----OOOOO-----O-------------------- X;,352872,31504613,13.414770795075835,63.47338128273142,-64,64,4,64,352783,0.9997477838989776,0
-----------------OXXX----OXXO----OXOOO---O---------------------- X;,39671,3530468,23.259660709334273,62.93882180938217,-64,64,10,64,39665,0.9998487560182501,0
-----------------OXXX----OXXO----XOOOO-----O-------------------- X;,264551,23615641,18.61543520909012,63.299726706759756,-64,64,4,64,264477,0.9997202807776194,0
-----------------OXXX----OXXO---OOOOOO-------------------------- X;,33811,3013118,24.949690928987607,62.49977817869924,-64,64,12,64,33804,0.9997929667859572,0
-----------------OXXX----OXXX----O-OOOO----O-------------------- X;,35458,3158434,26.239043375260874,62.842687122793166,-64,64,14,64,35423,0.9990129166901687,0
-----------------OXXX----XOXOO----OOO-----OO-------------------- X;,168730,15058981,19.136537663723107,62.95588217862858,-64,64,4,64,167522,0.9928406329639068,0
-----------------OXXX---OOOXO-----OOO------OO------------------- X;,256971,22928399,16.302197524234252,63.2356413758751,-64,64,4,64,256907,0.999750944659125,0
-----------------OXXX---OOOXO-----OOO-----O-O------------------- X;,249075,22239132,13.180604235671986,63.358606845327714,-64,64,4,64,248756,0.9987192612666868,0
-----------------OXXX---OOOXO----OOOO-------O------------------- X;,61117,5450392,23.933160986304955,63.4523455012517,-64,64,10,64,61109,0.9998691035227515,0
-----------------OXXX---OOOXO----OXOOO-------------------------- X;,872382,78112537,9.802087846837738,63.799075405040455,-64,64,4,64,868924,0.9960361401312727,0
-----------------OXXX---OOXXO-----OOOO-----O-------------------- X;,276281,24671540,12.001288543186105,63.60322280576659,-64,64,4,64,276083,0.9992833383403129,0
-----------------OXXX---OOXXO----OOOOO-------------------------- X;,224824,20080647,11.111469416076575,63.590306195068145,-64,64,4,64,224804,0.9999110415258158,0
-----------------OXXXX----OXX------OOO----OO-----O-------------- X;,723439,64733585,8.84800377087771,63.92550996006574,-64,64,4,64,723414,0.9999654428362308,0
-----------------OXXXX----OXX------OOO---OOO-------------------- X;,422204,37662064,13.82498507830338,63.81003495940351,-64,64,4,64,421412,0.9981241295676971,0
-----------------OXXXX---XOOO------OOO-----O-------O------------ X;,1105774,98865085,11.230164572507583,63.883516885005434,-64,64,4,64,1105443,0.9997006621606224,0
-----------------OXXXX---XOXO------OOO-----O-------O------------ X;,1105774,98865085,11.230164572507583,63.883516885005434,-64,64,4,64,1105443,0.9997006621606224,0
-----------------OXXXX---XOXX------OO------O-O-----O------------ X;,727066,65047944,10.097639003886854,63.94717398420501,-64,64,4,64,726876,0.999738675718573,0
-----------------OXXXX---XOXX------OOO-----O-------O------------ X;,1438892,128860962,8.703178556834008,63.954489982569925,-64,64,4,64,1438676,0.9998498844944582,0
-----------------X---X----XOOX-----XXOXX---X-OO----------------- X;,85661,7846629,-61.68895997011475,-8.15010331422701,-64,64,-64,-4,85304,0.9958324091476868,0
-----------------X---XX---XOOOO----XXO-----XOO------------------ X;,1552510,142803772,-63.4231779505446,-5.377909321034969,-64,64,-64,-4,1548121,0.9971729650694682,0
-----------------X---XXX--XXXOX---OOO------X-O------------------ X;,331332,30467830,-63.685572175340745,-4.695489720280564,-64,64,-64,-4,330827,0.9984758489973803,0
-----------------X--OOO---XXXO----XXXXO-----O------------------- X;,1656374,152003054,-62.501817222438895,-9.127766434392232,-64,64,-64,-4,1627177,0.9823729423427318,0
-----------------X--OX----XOX-----XOOX----XOOO------------------ X;,470428,43178643,-63.52324691557475,-5.056429464232571,-64,64,-64,-4,467789,0.9943902148681626,0
-----------------X--OX----XXXO----OXO-O---O-O-----O------------- X;,292164,26115515,8.149467422406593,63.95906751002861,-64,64,4,64,292143,0.9999281225613011,0
-----------------X--OX----XXXXO----XXO-----XOO------------------ X;,2131199,195760988,-63.127194128751,-6.187897516843805,-64,64,-64,-4,2123564,0.9964175095802879,0
-----------------X--OXX---XOOX----OOO-----XXO------------------- X;,441620,40622123,-63.645052307413614,-4.670331959603279,-64,64,-64,-4,440773,0.9980820615008378,0
-----------------X--X-----XOOX-----XXOX----XOOO----------------- X;,539756,49495391,-62.56865880138433,-7.873670695647663,-64,64,-64,-4,536392,0.9937675542282068,0
-----------------X--X-----XOOX----XOO-X---XOO------O------------ X;,1198023,110413989,-63.66454817645404,-4.7999036746372985,-64,64,-64,-4,1190505,0.9937246613796229,0
-----------------X--X-----XXOX----XOO-X--X-OO------O------------ X;,166326,15245623,-63.21279896107644,-6.065606098866082,-64,64,-64,-4,165907,0.9974808508591562,0
-----------------X--X-----XXXXX---XXO-----XOO-----O------------- X;,643740,59043947,-63.10474415136546,-6.916500450492435,-64,64,-64,-4,638645,0.9920853139466244,0
-----------------X--X----XXXXXX---XOO-----OOO------------------- X;,343093,31393413,-61.97942540360777,-7.962473731612128,-64,64,-64,-4,342298,0.9976828440102247,0
-----------------X--X-X---XOOX----OOOO-----XOO------------------ X;,861428,79261215,-63.66618452151544,-4.992519398022818,-64,64,-64,-4,859588,0.9978640118500908,0
-----------------X--X-X---XXOX----XOX-----OOO------O------------ X;,411650,37851160,-63.743609862747476,-4.787365480383821,-64,64,-64,-4,410421,0.9970144540264788,0
-----------------X--XO----XXOXX---XOO----X-XO------------------- X;,326659,29935814,-63.268411401492074,-5.907267211373328,-64,64,-64,-4,326060,0.9981662834944085,0
-----------------X--XO----XXXOX----XOO-----XOO------------------ X;,651513,59673160,-62.23917558053331,-8.770713707938292,-64,64,-64,-4,648130,0.9948074712246724,0
-----------------X--XX----XOXO----XOO-----XOO------O------------ X;,1384223,127459227,-63.575198504865185,-5.173838319403738,-64,64,-64,-4,1380379,0.9972229908042274,0
-----------------X--XX----XXXO----XOO----XOOO------------------- X;,800038,73257391,-62.89872981033401,-7.462498031343511,-64,64,-64,-4,795420,0.9942277741807264,0
-----------------X--XX---XXOXO----XOO-----OOO------------------- X;,1060628,97453472,-63.230744426886716,-6.071404865796491,-64,64,-64,-4,1056619,0.9962201639028953,0
-----------------X-OX----OOOO-----OXXXX---XX-------------------- X;,859058,78906750,-63.03083843000123,-6.501600590414151,-64,64,-64,-4,855554,0.9959211135918645,0
-----------------X-X------XXXXX----OO-----XOO-----O-O----------- X;,221987,20358843,-62.097496700257224,-8.648844301693343,-64,64,-64,-4,221339,0.9970809101433867,0
-----------------X-X------XXXXX----XOO-----OOO----O------------- X;,342084,31381805,-62.745676500508644,-7.841313829351855,-64,64,-64,-4,339471,0.9923615252394149,0
-----------------X-X--X---XOOX----OOO-----XXXO------------------ X;,278841,25600484,-63.42967497606163,-5.212024056720496,-64,64,-64,-4,278103,0.9973533303925893,0
-----------------X-X--X---XXXX----OOOO-----XOO------------------ X;,415608,38088419,-62.971504398375394,-7.060650901811322,-64,64,-64,-4,414906,0.9983109083559508,0
-----------------X-X-O----XOO-----XOXX---XXO-------O------------ X;,1042406,95995464,-63.52548239361631,-5.391087541706399,-64,64,-64,-4,1039769,0.9974702754972631,0
-----------------X-X-O----XXOX-----OO----XXO-O-----O------------ X;,1048461,96470002,-63.665317069495195,-5.073108107979219,-64,64,-64,-4,1046933,0.9985426258105928,0
-----------------X-X-X----XXX----O-XO----XOO-O-----O------------ X;,575962,52927009,-63.27373333657429,-6.168420833318865,-64,64,-64,-4,574835,0.9980432736881947,0
-----------------X-X-XX---XXOOO----XO------XOO------------------ X;,412960,37886679,-63.03125726462611,-6.967793490895002,-64,64,-64,-4,412107,0.9979344246416118,0
-----------------X-XO-----XXOO-----XOXX----XOO------------------ X;,674218,61735153,-62.002678658831414,-8.972281962214002,-64,64,-64,-4,671485,0.9959464149577733,0
-----------------X-XO-----XXOXX----OOO----OX-O------------------ X;,1041684,95724933,-63.54718705480741,-5.4213024295275725,-64,64,-64,-4,1039669,0.9980656321878804,0
-----------------X-XOX----XXOX-----XOO-----X-OO----------------- X;,409028,37539064,-62.747340035401,-7.293248872937794,-64,64,-64,-4,408204,0.9979854679875216,0
-----------------X-XX----OOOOX----OOO-X----XO------------------- X;,501370,46004487,-63.298591858308235,-6.193196641203103,-64,64,-64,-4,498924,0.9951213674531783,0
-----------------X-XX-X---XXOX----OOOO-----XO------------------- X;,459430,42195425,-63.53638639183336,-5.315373397470779,-64,64,-64,-4,458457,0.9978821583266221,0
-----------------X-XXO----XXOO----OOOX-----XO------------------- X;,3047273,280515148,-63.64942195858395,-4.867612780344918,-64,64,-64,-4,3039461,0.9974363964108237,0
-----------------XO--X---OXXX---O-OXO-----O-O-----O------------- X;,80514,7225237,8.108515289266464,63.76755595300196,-64,64,4,64,79697,0.9898526964254664,0
-----------------XO-OX----OOXX----OXO-----O-O-----O------------- X;,546582,48864511,8.869035204232851,63.930841118075605,-64,64,4,64,546534,0.9999121815207965,0
-----------------XO-OX----XOXX----XOO-----XOO------------------- X;,1521314,139966946,-63.35837177597787,-5.224282429531313,-64,64,-64,-4,1514639,0.9956123456433057,0
-----------------XO-OX----XXXO----OXO-O---O-O------------------- X;,306292,27367236,8.763878912932757,63.942087942225065,-64,64,4,64,306237,0.9998204327896256,0
-----------------XO-OX---XXOO-----OXO-----O-O-----O------------- X;,546635,48869262,8.870816907076934,63.930438043667166,-64,64,4,64,546597,0.9999304837780237,0
-----------------XOOOX----XXOXX----XO------X-O------------------ X;,915168,84239629,-63.64812143781251,-5.048183502919683,-64,64,-64,-4,913375,0.9980407968810098,0
-----------------XOOOXX---XOOX-----XX------X-O------------------ X;,232712,21361571,-63.219060469593316,-6.003815875416824,-64,64,-64,-4,232257,0.9980447935645776,0
-----------------XOX--X---XOXX-----OOO----OX-O------------------ X;,864036,79635811,-63.75815938224796,-4.594772671509057,-64,64,-64,-4,862682,0.9984329356647177,0
-----------------XOX-X----XOXX-----XOX-----XOO------------------ X;,56682,5190056,-62.43317102431107,-5.904996295120144,-64,64,-64,-4,56612,0.998765040047987,0
-----------------XOX-X---OOOXX-----XXX-----X-O------------------ X;,17957,1643581,-58.8661803196525,-11.733251656735534,-64,64,-64,-4,17928,0.9983850309071671,0
-----------------XX-------XXXXX----OO-----XOO------OO----------- X;,122205,11180582,-61.915625383576774,-7.4405548054498585,-64,64,-64,-4,121763,0.9963831267133096,0
-----------------XX---X---XOOX-----OOO---XXXX------------------- X;,120184,11003756,-62.92318445050922,-5.669340344804633,-64,64,-64,-4,119651,0.9955651334620249,0
-----------------XX-OX---OXOO-----XOO-----O-O----O-------------- X;,684241,61148905,16.84565087447259,63.88580485530683,-64,64,4,64,684183,0.9999152345445538,0
-----------------XX-X-X---XXOX-----OOO-----OO------O------------ X;,456586,42001708,-63.471429259767056,-5.343317578725585,-64,64,-64,-4,455555,0.9977419368968825,0
-----------------XXX------OOX----XOOOX----OOO------------------- X;,243522,22338050,-62.73395832820033,-6.404780676899828,-64,64,-64,-4,241748,0.9927152372270267,0
-----------------XXX------XOXX---X-OOO----OOO------------------- X;,465813,42743589,-62.98974051819078,-6.226464267849974,-64,64,-64,-4,461399,0.9905240944327445,0
-----------------XXX------XOXXX--X-OO------OO-------O----------- X;,188011,17198651,-62.34349585928483,-7.345288307599024,-64,64,-64,-4,187370,0.9965906250166213,0
-----------------XXX-----XXOXX-----OOO-----OO------O------------ X;,796424,73201684,-63.506274296103584,-5.31186528783663,-64,64,-64,-4,794510,0.997596757506052,0
-----------------XXX-----XXXXX---OOOO------X-O------------------ X;,594032,54777963,-63.65347826379724,-4.50470513373017,-64,64,-64,-4,592394,0.9972425727906914,0
-----------------XXX--X---XXOX-----XOO-----OOO------------------ X;,596474,54727220,-63.43077653007507,-5.883869204692912,-64,64,-64,-4,594859,0.9972924217987708,0
-----------------XXX-O----XOO----X-OOX----OOO------------------- X;,831576,76757744,-63.81313794529905,-4.305468171279594,-64,64,-64,-4,829308,0.9972726485612861,0
-----------------XXX-O----XOOX---X-OO-----OOO------------------- X;,894118,82402182,-63.752969965932905,-4.457474293102253,-64,64,-64,-4,891716,0.9973135536920182,0
-----------------XXX-X---XXOOO-----OO-----OOO------------------- X;,541430,49757713,-63.62690837227343,-5.0192139334724715,-64,64,-64,-4,540459,0.998206601037992,0
-----------------XXX-XX---XOOX----OOO------XO------------------- X;,249876,22926421,-63.39990635355136,-5.029106436792649,-64,64,-64,-4,249343,0.9978669420032336,0
-----------------XXXO-----OOOX-----OOX-----XOO------------------ X;,1803502,166012163,-63.69671561218119,-4.795106409640799,-64,64,-64,-4,1799608,0.9978408673791324,0
-----------------XXXO-----XOO----X-OOX----OOO------------------- X;,866682,79880031,-63.52004656840687,-4.840664742085332,-64,64,-64,-4,858245,0.9902651722315682,0
-----------------XXXO----OOOOO----OXXX----X--------------------- X;,749069,68827640,-63.272387456963244,-5.9686250532327465,-64,64,-64,-4,745902,0.9957720850816146,0
-----------------XXXOX----OOOX-----OOX-----XO------------------- X;,781695,71808843,-63.46707219567734,-5.255575384261125,-64,64,-64,-4,779660,0.9973966828494489,0
-----------------XXXX------XX-----XXO-------OO------OO-------O-- X;,31385,2867922,-59.953385375179224,-15.457352238330413,-64,64,-64,-4,31278,0.9965907280548032,0
-----------------XXXX------XXO----XXOO-------OOO---------------- X;,145194,13303470,-61.41274432827803,-10.835172252296926,-64,64,-64,-4,143761,0.9901304461616871,0
-----------------XXXXO----XOOO----XXOX-----O-------------------- X;,1004498,92246253,-63.300906522461965,-5.748053256452477,-64,64,-64,-4,1001940,0.9974534543622785,0
-----------------XXXXX-----OOO----XXOO------OO------------------ X;,364680,33475650,-63.299363825819896,-5.903279587583635,-64,64,-64,-4,363703,0.9973209389053417,0
-----------------XXXXX-----OOO----XXOX-----OO------------------- X;,331018,30335295,-63.12180002295948,-6.370559909128809,-64,64,-64,-4,329739,0.996136161779722,0
-----------------XXXXX--XXOOOO----OOO--------------------------- X;,942560,86563958,-62.76981412323884,-6.727255559327788,-64,64,-64,-4,936134,0.9931823968765914,0
----------------O--XXX---OXOO-----OOO-----OOO------------------- X;,2531688,230169359,-27.887057172921782,29.14938965622936,-64,64,2,64,2512549,0.9924402217018843,0
----------------O-O-OX---OXXXX----OXO----O--O------------------- X;,488471,43781401,6.812332768987309,63.9342212741391,-64,64,4,64,486127,0.995201352792694,0
----------------O-XXX----OXXOO----OOO-----OO-------------------- X;,1211042,108509176,5.89689044640896,63.94126710716887,-64,64,4,64,1210779,0.9997828316441544,0
----------------OOO--X---OXXX-----OXO-----O-O-----O------------- X;,435379,39073330,4.7992186118301525,63.97860025403155,-64,64,4,64,434721,0.9984886730871264,0
----------------OOO-OX----XXXX----OXO-----O-O------------------- X;,400035,35782202,6.652422912995113,63.96357818690865,-64,64,4,64,399917,0.9997050258102416,0
----------------OOX--X---OXXX-----OOOO-----O-------O------------ X;,1315208,118002173,4.492020273599309,63.9851270673536,-64,64,4,64,1141348,0.8678079817032743,0
----------------X--O-----XOOX----OXOO----O-OOO------------------ X;,55527,4951423,17.099375078790498,62.524267473481366,-64,64,4,64,55396,0.9976407873647054,0
----------------X--XXX---XOXX-----OOO-----OOO------------------- X;,865710,79511458,-63.11967864527382,-6.304955470076584,-64,64,-64,-4,861157,0.9947407330399325,0
----------------X-X-OX---XOOO-----XOOX------OO------------------ X;,1075091,99138123,-63.68802733908107,-4.307935793342145,-64,64,-64,-4,1070068,0.995327837364465,0
----------------XO-------OOXX----OXOO----O-OOO------------------ X;,5855,521194,24.59265584970111,60.110333048676345,-64,64,14,64,5847,0.9986336464560205,0
---------------O----XXO---OXOO----XXOO------O-------O----------- X;,2229837,199657570,7.4423969106262025,63.9639875022255,-64,64,4,64,2229421,0.999813439278297,0
---------------O--XO--O---XXXO-----OOO-----O-O-------O---------- X;,1122871,100568041,5.33639037787956,63.98074222239242,-64,64,4,64,1122828,0.9999617053071992,0
---------------O--XO-OO---XXXO-----OOO-----O-O------------------ X;,187477,16742595,14.174890786603157,63.67754977943961,-64,64,4,64,187437,0.9997866404945673,0
---------------X----OOX---OXXO----XXXO------OO------------------ X;,7024957,645819412,-63.59325473451297,-6.467624499338572,-64,64,-64,-4,7016971,0.9988631958886012,0
---------------X-XO--XX---XOXXX----XO------X-O------------------ X;,167137,15333146,-62.973853784619806,-5.944602332218479,-64,64,-64,-4,166766,0.9977802640947246,0
--------------O-----OO-----XOXO---XOOO----OOO------------------- X;,975230,87148039,8.556474882848148,63.86620694605375,-64,64,4,64,975113,0.9998800283010162,0
--------------O-----XOX---OXOO----XXOO------O-------O----------- X;,876295,78297471,11.017995081564997,63.87501469254075,-64,64,4,64,876267,0.9999680472900108,0
--------------O----X-O-----XXO---OOOOO------OO-------O---------- X;,553892,49505240,10.505515515660093,63.87074556050638,-64,64,4,64,553858,0.9999386161923263,0
--------------O----XXO----XOO-----OOOO------OOO----------------- X;,493758,44081564,12.558320067725486,63.73878904240539,-64,64,4,64,493691,0.9998643059960548,0
--------------O----XXO----XXOXO---OOOO------O------------------- X;,256116,22852696,23.136133626950286,63.531376407565325,-64,64,10,64,256096,0.9999219103843571,0
--------------O----XXO----XXOXO---OOOOO------------------------- X;,842739,75308466,8.822563094860923,63.931418861592974,-64,64,4,64,842717,0.9999738946459106,0
--------------O----XXO---OOXO-----XOO-------OO--------O--------- X;,474333,42456726,8.850208608720035,63.88799851581062,-64,64,4,64,474322,0.9999768095409765,0
--------------O----XXO---OOXO-----XOO-------OOO----------------- X;,447492,39969869,10.41503758726413,63.8370473662099,-64,64,4,64,447448,0.9999016742198743,0
--------------O----XXO---XXOO-----OOO-----OOO------------------- X;,2241102,200421014,6.810693578427042,63.97353221763222,-64,64,4,64,2240958,0.9999357458964384,0
--------------O---O-XO----XXO----OOOO-------OO--------O--------- X;,292416,26162522,10.047774403589408,63.80630334865397,-64,64,4,64,292405,0.9999623823593784,0
--------------O---OOOO----XXOX----OOOO--------O----------------- X;,380575,33980679,16.06381922091572,63.65429678775537,-64,64,4,64,380561,0.9999632135584313,0
--------------O---OOOO----XXXO----OOOO-------O------------------ X;,51343,4585575,24.08445162923865,62.27696083205111,-64,64,12,64,51336,0.9998636620376682,0
--------------O---OOOO----XXXO----OOOOO------------------------- X;,133880,11950672,16.067530624439797,63.66766507319988,-64,64,6,64,133864,0.9998804899910367,0
--------------O---OXXO----XXOX---OOOO-------O------------------- X;,406681,36299164,18.29694035374163,63.66651503266688,-64,64,8,64,406650,0.9999237731784864,0
--------------O---X--O----XOOX----XOOOO-----O-------O----------- X;,1935811,173212787,8.715110617720429,63.96607365078512,-64,64,4,64,1934500,0.9993227644640928,0
--------------O---X--O----XXOX----XOOO-----O-O-----O------------ X;,2404208,215548279,5.612105524979536,63.98997216546988,-64,64,4,64,2404188,0.9999916812522045,0
--------------O---X--OO--XXXXO-----OOO-----O-------O------------ X;,440782,39433177,6.334410207313366,63.974123262746666,-64,64,4,64,440752,0.9999319391445204,0
--------------O---X-OO---XXXOX-----OOO-----O-------O------------ X;,1890010,169195184,8.197006894143417,63.97605356585415,-64,64,4,64,1889946,0.999966137745303,0
--------------O---X-XO----OXXO-----OOO-----O-O-----O------------ X;,463324,41398774,10.504122385199127,63.8523711269004,-64,64,4,64,460889,0.9947444984503285,0
--------------O---X-XOO---OXXO-----OO------O-O-----O------------ X;,533613,47699250,9.421629533013625,63.90302710016435,-64,64,4,64,533602,0.9999793858095661,0
--------------O---XO-O---XXOOX-----OOO-----O-------O------------ X;,1544112,137984775,10.213782419928089,63.94658029987462,-64,64,4,64,1543983,0.9999164568373279,0
--------------O---XXXO-----XO-----OOOO----OO------O------------- X;,413634,36975289,12.727125913246978,63.79632235261125,-64,64,4,64,413605,0.9999298897092599,0
--------------O---XXXO----XXO------OOO----OO-----O-------------- X;,494413,44248864,11.022920109301333,63.87987168622184,-64,64,4,64,494385,0.9999433671849244,0
--------------O---XXXO----XXO------OOO---OOO-------------------- X;,491152,43852216,13.910709922793759,63.84141976414633,-64,64,4,64,491107,0.9999083786689253,0
--------------O---XXXO---XXOO------OOO-----O-------O------------ X;,915968,81843580,12.721976095234767,63.93731986270263,-64,64,4,64,915872,0.9998951928451649,0
--------------O---XXXO---XXXO------OO------O-O-----O------------ X;,1014085,90590777,9.233780205801288,63.96839909869488,-64,64,4,64,1014020,0.9999359028089362,0
--------------O---XXXO---XXXO------OOO-----O-------O------------ X;,915915,81838948,12.722701342373474,63.94069209479046,-64,64,4,64,915867,0.9999475933902163,0
--------------O---XXXXO----XOOO----XO-------O-------O----------- X;,333011,29743471,18.80030389386537,63.77712447937155,-64,64,6,64,333001,0.9999699709619202,0
--------------O---XXXXX----XOO-----OO-----O-O-------O----------- X;,564328,50432081,15.956158475212996,63.902813611941994,-64,64,4,64,564280,0.9999149430827462,0
--------------O---XXXXX----XOO----OOO-------O-------O----------- X;,330452,29509953,21.488797162674157,63.798191567913044,-64,64,10,64,330425,0.9999182937310108,0
--------------O--OX--O---XOXXX-----OOO-----O-------O------------ X;,1502976,134483273,6.166933470660876,63.982563261156535,-64,64,4,64,1502947,0.9999807049480497,0
--------------O--OX-XO---XOXX------OOO-----O-------O------------ X;,481444,43048789,7.959656782512608,63.95299764874004,-64,64,4,64,481440,0.9999916916609201,0
--------------O--X--OO----XXOX----OOO-----O-O-----O------------- X;,1397176,125268571,5.611158508305325,63.98423677475135,-64,64,4,64,1397140,0.9999742337400586,0
--------------O--XO-OO----XXOX----OOO-----O-O------------------- X;,1234956,110380807,10.745398216616625,63.899921940538775,-64,64,4,64,1234861,0.9999230741824,0
--------------OO--XXXXO----XOO-----XO-------O-------O----------- X;,318973,28471238,23.926492210939482,63.64804858091437,-64,64,12,64,318951,0.9999310286450578,0
--------------X----OOX-----OOO---XXXOO-----XO------------------- X;,640873,58713608,-62.150557130663955,-9.021809313233668,-64,64,-64,-4,639339,0.9976063900335947,0
--------------X----OOX-----OOO---XXXXO-----XX------------------- X;,363620,33229615,-59.782613717617295,-12.358429129310819,-64,64,-64,-4,362564,0.9970958693141191,0
--------------X----OOX----XOOO---XXXXO-----X-------------------- X;,363551,33251344,-60.52523579910384,-10.700710491787948,-64,64,-64,-4,362793,0.9979150105487263,0
--------------X----OOX----XXOO----XXOO-----O--O----------------- X;,2875869,263579574,-63.33818890916102,-9.756954854341418,-64,64,-64,-4,2867443,0.997070102984524,0
--------------X----X-X----OOX-----XOXX---XXXO------------------- X;,319286,29249770,-63.0833140194058,-6.026593712220392,-64,64,-64,-4,318736,0.998277406463171,0
--------------X----XOOO----XXO----XXXO---X-X-------------------- X;,152027,13922030,-59.737257197734614,-10.978734040663829,-64,64,-64,-4,151910,0.9992303998631822,0
--------------X----XOX-----OXX---OOOXX---XO--------------------- X;,1882031,173004802,-63.63753944541828,-5.100199731035248,-64,64,-64,-4,1879973,0.9989065004774098,0
--------------X---OOOOO----XXX----XXXX---X---------------------- X;,578635,52979022,-62.05615457067063,-11.476673550683937,-64,64,-64,-4,577534,0.9980972461050576,0
--------------X---OOOX-----OXO----XXXO---X-X-------------------- X;,1664192,152433221,-62.698682603930315,-8.725395867784487,-64,64,-64,-4,1660909,0.9980272708918202,0
--------------X---OOOX-----OXO----XXXX---X-X-------------------- X;,655681,60021784,-62.02323690941174,-9.912808210089967,-64,64,-64,-4,654451,0.9981240877804908,0
--------------X---OOOX-----OXX----XXXX---X-X-------------------- X;,487544,44679068,-62.5235630014932,-7.9406699703001165,-64,64,-64,-4,486631,0.998127348505981,0
--------------X---OOOXX----OOX----XXX----X-X-------------------- X;,114434,10460056,-59.884308859255114,-12.152865407134243,-64,64,-64,-4,114213,0.9980687557893633,0
--------------X---OXXX----OOOO----XXO----X-X-------------------- X;,508272,46478515,-61.41938568325621,-10.747269178707464,-64,64,-64,-4,504369,0.992321040702616,0
--------------X--X---XX---XXXOX---OOO------X-O------------------ X;,194368,17811124,-62.802246254527496,-8.155648049061574,-64,64,-64,-4,193930,0.9977465426407639,0
-------------O-------O---OOOXO----OXOO-----OOO------------------ X;,265024,23654362,9.363487835063994,63.70572099130645,-64,64,4,64,264600,0.998400144892538,0
-------------O------XOX---OXOO----XXOO------O-------O----------- X;,1380178,123769358,6.445951174413735,63.95162073297792,-64,64,4,64,1378392,0.9987059640133374,0
-------------O------XOX---OXXO----XXXO-----XO------------------- X;,5021031,462245606,-63.380135474168554,-6.351999220877147,-64,64,-64,-4,4992250,0.9942679103156304,0
-------------O-----XO------XX-----OXOO----OO------OOO----------- X;,106213,9476002,8.409083633830134,63.743063466807264,-64,64,4,64,106200,0.9998776044363684,0
-------------O-----XO-----XXXO----OXOO-----OOO------------------ X;,1294232,115895386,6.35610462420957,63.92783519492641,-64,64,4,64,1293222,0.9992196144122537,0
-------------O-----XOO----OXXOO----XO------O-O----O------------- X;,347263,31042562,5.671652321151404,63.925482991277505,-64,64,4,64,347221,0.9998790542038744,0
-------------O-----XOO----XOXOO---OOOO------O------------------- X;,244503,21818332,14.27986568671959,63.49308597440522,-64,64,4,64,244431,0.9997055250855817,0
-------------O-----XOO----XOXOO---OOOOO------------------------- X;,188724,16847710,12.494298552383375,63.56308683580255,-64,64,4,64,188696,0.9998516351921324,0
-------------O-----XOO----XXXO---OOOOO------O------------------- X;,291538,26046205,9.309853260981416,63.722677661231124,-64,64,4,64,291380,0.99945804663543,0
-------------O-----XOOO---XXXO---OOOO-------O------------------- X;,182725,16316409,9.378131071281981,63.73068271993433,-64,64,4,64,182687,0.9997920372143932,0
-------------O-----XOX----XOX-----OOOO------OOO----------------- X;,1452242,130159504,6.44510901075716,63.92592006015526,-64,64,4,64,1450828,0.9990263330767186,0
-------------O-----XOX----XXXO---OOOO-O-----O------------------- X;,216365,19307914,14.934365539712985,63.59413953273404,-64,64,4,64,216311,0.9997504217410395,0
-------------O-----XOX---XXOO-----OOO-----OOO------------------- X;,1442230,129054926,7.097322202422637,63.94110301408236,-64,64,4,64,1441799,0.9997011572356698,0
-------------O----O-OX----XOX----OOOO-------OO--------O--------- X;,284145,25394326,8.541698780552183,63.851241443629135,-64,64,4,64,284125,0.9999296134016084,0
-------------O----OOOO----XXXO----OOOO--------O----------------- X;,308701,27560858,7.693700376739952,63.830590117945846,-64,64,4,64,308579,0.9996047955788935,0
-------------O----OOOO----XXXOX----XOOO------------------------- X;,2423626,217529778,6.473937810536774,63.91850062674687,-64,64,4,64,2422419,0.9995019858674564,0
-------------O----OXO------XX----OOXOO----OO------O------------- X;,50783,4531524,9.244176200697083,63.63706358427033,-64,64,4,64,50771,0.9997637004509383,0
-------------O----OXO-----OXX-----OXOO----OO------O------------- X;,137616,12285054,10.495843506569004,63.694904662248575,-64,64,4,64,137540,0.9994477386350424,0
-------------O----OXOX----XOXX----OXO----O--O------------------- X;,3314376,298263475,4.381805805979768,63.984514732184884,-64,64,4,64,3313515,0.9997402225939362,0
-------------O----OXOXX---OOO-----XXO----X-X-------------------- X;,1053547,96788573,-63.13098703712316,-7.0464915186508055,-64,64,-64,-4,1050205,0.9968278586527226,0
-------------O----X--O----XXXO----XOOO-----O-O-----O------------ X;,1275500,114634269,4.311064680517444,63.988348882791065,-64,64,4,64,1266221,0.9927252058016464,0
-------------O----X--OX--XXXOO-----OOO-----XO------------------- X;,714647,65851803,-63.576034041981565,-5.014523254138057,-64,64,-64,-4,712214,0.99659552198498,0
-------------O----X-OO----XXXO---OOOO------O------O------------- X;,391659,35036504,7.980922179753306,63.90909439078382,-64,64,4,64,391632,0.999931062480372,0
-------------O----XOOO----XOXO----XOO------O------O------------- X;,686293,61364170,7.338948524901172,63.90818061673367,-64,64,4,64,686224,0.999899459851696,0
-------------O----XXO-----OXO-----OOOO----O-O-------O----------- X;,183366,16383362,6.821079153169071,63.854160531396225,-64,64,4,64,183349,0.9999072892466433,0
-------------O----XXO-----OXOO----OOO-----OOO------------------- X;,341745,30547624,7.801629870224875,63.800869069042704,-64,64,4,64,341680,0.999809799704458,0
-------------O----XXO-O----OXO----OXO----OOO-------------------- X;,160463,14327667,9.791646672441622,63.84218791871023,-64,64,4,64,160401,0.9996136180926444,0
-------------O----XXOO----OXO-----OOO-----OOO------------------- X;,306632,27377996,8.861123431344414,63.70582326697801,-64,64,4,64,306564,0.9997782358005688,0
-------------O----XXOO----OXXO----OOOO----O--------------------- X;,199095,17777841,8.158055199779,63.67558200858886,-64,64,4,64,199055,0.9997990908862603,0
-------------O----XXOX-----OX-----OOOO----XO-------O------------ X;,2585091,231756359,6.377118639150421,63.96473315639565,-64,64,4,64,2584676,0.9998394640652882,0
-------------O----XXOX-----OX-----OXOO----OO------O------------- X;,276211,24684127,10.028590461639833,63.79044643406671,-64,64,4,64,276113,0.9996451987791942,0
-------------O----XXOX-----XX-----OXOO----OO------O------------- X;,180412,16124298,13.11284171784582,63.80214176440592,-64,64,4,64,180390,0.9998780568920027,0
-------------O----XXOX-----XX-----OXOO----XO--------O----------- X;,1319484,118413228,5.056037814782142,63.98516465527433,-64,64,4,64,1316729,0.9979120625941656,0
-------------O----XXOX----XXX-----OOOO-------O--------O--------- X;,841745,75396024,5.825849871398107,63.96771468793993,-64,64,4,64,841731,0.9999833678845731,0
-------------O----XXOX----XXX-----OOOO-------O-------O---------- X;,638735,57154728,9.739848293893399,63.86176426843683,-64,64,4,64,638624,0.999826219011014,0
-------------O----XXOX---XXOO------OOO-----O-------O------------ X;,2365812,212086228,6.890287563001625,63.97338799532676,-64,64,4,64,2365537,0.99988376083983,0
-------------O----XXXX-----OXOO----XO----OOO-------------------- X;,408098,36507879,6.956155139206759,63.939521879548536,-64,64,4,64,408068,0.9999264882454705,0
-------------O----XXXX-----OXOO---OOO-----XO-------------------- X;,4299035,385961007,6.746606156963132,63.96815983121794,-64,64,4,64,4295382,0.9991502744220505,0
-------------O---OOOO----XXOX-----OOO-----O--O------------------ X;,455451,40731460,9.44100023932322,63.69767768651293,-64,64,4,64,452951,0.9945109353146662,0
-------------O---OX--O---XXXXO-----OO-----O-O-------O----------- X;,500205,44747430,8.211769174638398,63.913903299647146,-64,64,4,64,500150,0.9998900450815166,0
-------------OO----XOO----XOXO----OOOO-------O------------------ X;,56838,5074619,25.40793131355783,62.05640592561315,-64,64,14,64,56831,0.9998768429571765,0
-------------OO----XOO----XXOX---OOOO-------O------------------- X;,290945,25999185,15.077341078210658,63.551946244135486,-64,64,4,64,290911,0.9998831394249772,0
-------------OO---XXOO-----OXX----OOOO----X--------------------- X;,1568747,140513829,8.7195551609023,63.93746984057977,-64,64,4,64,1568663,0.9999464540808684,0
-------------OO---XXXOX----XOO-----XO-------O-------O----------- X;,3649993,326719855,8.003596719226584,63.965521577712614,-64,64,4,64,3647439,0.9993002726306598,0
-------------OX-----XO-----XXO----XXO-----XXO-------O----------- X;,1468161,134501159,-63.30521039586258,-7.309019242440032,-64,64,-64,-4,1464830,0.9977311752593891,0
-------------OX-----XO-----XXO----XXXO-----OOO------------------ X;,3016141,276742545,-63.13797498193884,-8.114006938004556,-64,64,-64,-4,3005898,0.9966039386089709,0
-------------OX-----XO----XXXO----XXO------OOO------------------ X;,2496822,228995413,-63.368238104278156,-7.30805199569693,-64,64,-64,-4,2491450,0.9978484649686682,0
-------------OX----X-X----XOXO---X-OO------OOO------------------ X;,1200534,110266841,-63.30504425530639,-6.357530898750056,-64,64,-64,-4,1197176,0.9972029113711065,0
-------------OX---XXXO-----XXO-----XOO----XO-------------------- X;,1155065,105709122,-62.22074082410946,-8.573056927532217,-64,64,-64,-4,1150653,0.9961803015414717,0
-------------OX--XXX-O-----OOO----XXO----X-X-------------------- X;,235480,21614328,-62.32468574825887,-7.314833531510107,-64,64,-64,-4,235267,0.9990954645829795,0
-------------X------OXX---XXOX-----XOO----X-X----X-------------- X;,141172,12932142,-62.20084010993681,-6.23078939166407,-64,64,-64,-4,140902,0.9980874394355821,0
-------------X------X-----XXXX---OOOX----XOOO------------------- X;,339443,31074361,-61.51926243875997,-9.421042708201377,-64,64,-64,-4,338334,0.9967328829877181,0
-------------X------X----XXXOX----XOOO-----OO------O------------ X;,575841,52869844,-63.54876432904222,-5.368766725537084,-64,64,-64,-4,574581,0.9978118959921228,0
-------------X------X----XXXXX----XOOO----OOO------------------- X;,777404,71228211,-62.7104735761586,-7.3866779692412186,-64,64,-64,-4,775512,0.9975662589850323,0
-------------X------XO----XXOX----XXOX----XOO------------------- X;,594339,54486813,-63.22599223675377,-6.230035383846593,-64,64,-64,-4,591479,0.9951879314667219,0
-------------X------XO----XXOX---XXOX-----OOO------------------- X;,331643,30424073,-63.39778014310569,-5.357200363040981,-64,64,-64,-4,331077,0.998293345555311,0
-------------X------XX-----XXX----XXXOO----OOO------------------ X;,498054,45603298,-61.28802499327382,-9.25934135655973,-64,64,-64,-4,494728,0.9933220092600401,0
-------------X------XX----OOOX----XOO-X---XOO------------------- X;,561496,51575092,-63.5001976861812,-5.105829783293203,-64,64,-64,-4,560388,0.9980267001011583,0
-------------X------XX----OOOX----XOXX----XOO------------------- X;,578590,53090274,-63.21321142778133,-5.580213968440519,-64,64,-64,-4,576940,0.9971482396861335,0
-------------X------XX----XXX-O--XXXOO------OO------------------ X;,165560,15148798,-61.50530321333655,-8.848804058951437,-64,64,-64,-4,164645,0.994473302730128,0
-------------X------XX---OOOOO---XXXXX------O------------------- X;,1780147,163969970,-63.79669319443844,-4.495293927973364,-64,64,-64,-4,1777994,0.9987905493198034,0
-------------X------XX---XXXOX-----XOOO----X-O------------------ X;,192272,17613661,-62.9535865856703,-6.979372971623533,-64,64,-64,-4,191670,0.996869018889906,0
-------------X------XX---XXXOX----XOX-----OOO------------------- X;,199109,18244050,-63.21745375648514,-5.721418921294366,-64,64,-64,-4,198717,0.9980312291257553,0
-------------X------XXX--XXXOX-----OO-----OOO------------------- X;,262921,24097212,-63.29117491565908,-5.560335614119831,-64,64,-64,-4,262562,0.9986345708406708,0
-------------X-----OOO----XOO-----XXXX---XXX-------------------- X;,262324,24051251,-62.88049892499352,-6.614583492169988,-64,64,-64,-4,261056,0.9951662829173084,0
-------------X-----OOO----XXO-----XOXX---X--OX------------------ X;,1948016,179456370,-63.68646510090266,-4.838632228893397,-64,64,-64,-4,1943488,0.9976755837734392,0
-------------X-----OOX----XOOX----XXOO----XX-------------------- X;,203208,18639491,-62.72993681351128,-6.1987667808354,-64,64,-64,-4,200755,0.987928624857289,0
-------------X-----OX-----XOO-----XOOX---XOOO------------------- X;,1175048,108126747,-63.479663809478424,-5.680933885254049,-64,64,-64,-4,1170434,0.996073351897114,0
-------------X-----OX-----XOO----XXOXX----OOO------------------- X;,1281695,117749727,-63.564318344067814,-5.495554714655203,-64,64,-64,-4,1277217,0.9965061890699425,0
-------------X-----OX-----XOOX----XOOX----XOO------------------- X;,906330,83302678,-63.45803073935542,-5.287379872673309,-64,64,-64,-4,903570,0.9969547515805501,0
-------------X-----OX-----XOXX----XOOX----XOO------------------- X;,516278,47321294,-63.18142938494377,-6.161083757200578,-64,64,-64,-4,514757,0.9970539128144139,0
-------------X-----OX-----XOXX---XXOXX-----OO------------------- X;,591020,54269574,-63.40309634191736,-5.603123413759263,-64,64,-64,-4,588634,0.9959629115765964,0
-------------X-----OX----XOXXX---OOOX-----OX-------------------- X;,326199,29866195,-61.97571114565036,-9.775735057434266,-64,64,-64,-4,324726,0.9954843515767983,0
-------------X-----OX----XXOXX----XOO-----XOO------------------- X;,772990,70897352,-63.15190105952212,-6.180706089341388,-64,64,-64,-4,770666,0.9969934928006831,0
-------------X-----OX----XXOXX----XOX-----OOO------------------- X;,894613,82024019,-62.98933058205056,-7.069083503146053,-64,64,-64,-4,892695,0.9978560561941309,0
-------------X-----OXOO---XXX------OOO----OO-----O-------------- X;,980096,87998930,4.914958330612511,63.989744882134,-64,64,4,64,980047,0.9999500048974794,0
-------------X-----OXOO---XXX------OOO---OOO-------------------- X;,768220,68838424,5.5371755486709535,63.98903308947958,-64,64,4,64,768083,0.9998216656686887,0
-------------X-----OXX----OOOX----XOOO-----XO------------------- X;,1326335,122084108,-63.596097516841525,-4.717046598333001,-64,64,-64,-4,1322517,0.9971213909004889,0
-------------X-----OXX----OOOX----XXOO----X-O------------------- X;,1121270,102974995,-63.51568667671479,-4.988539780784289,-64,64,-64,-4,1118023,0.9971041765141313,0
-------------X-----OXX----OOX-----XOXX----XOO------------------- X;,719666,66065893,-63.515145914910526,-4.975312158695839,-64,64,-64,-4,717990,0.9976711418908216,0
-------------X-----OXX----XOO-----XOOX----XOO------------------- X;,576606,52957203,-63.38990402458524,-4.978590233192162,-64,64,-64,-4,574950,0.9971280215606497,0
-------------X-----OXX----XOOO----XXOX----XO-------------------- X;,1064761,97901530,-63.43484969866477,-5.207942439664864,-64,64,-64,-4,1061257,0.9967091206383404,0
-------------X-----OXX----XOX-----XOOX----XOO------------------- X;,273935,25076892,-63.1458959242156,-5.578312373373246,-64,64,-64,-4,273148,0.9971270556883932,0
-------------X-----OXX---XXOOX----XOO------X-O------------------ X;,524039,48107892,-63.391455597770396,-5.3991534981175064,-64,64,-64,-4,511893,0.9768223357421871,0
-------------X-----OXXX---XOOX----XOO-----XO-------------------- X;,319558,29297070,-63.207173658615964,-5.534050156779051,-64,64,-64,-4,318419,0.9964357018131293,0
-------------X-----X-X---XXXOOO----OO-----OOO------------------- X;,1151492,106009168,-63.770757417333336,-4.787301171002491,-64,64,-64,-4,1148303,0.9972305495826285,0
-------------X-----X-XO----XOOO---XOOX---X---X------------------ X;,29101,2662998,-61.25030067695268,-9.094086113879248,-64,64,-64,-4,28962,0.9952235318373939,0
-------------X-----XX------XOO---XXXOX----XOO------------------- X;,379442,34806794,-63.490781199761756,-5.177963957600898,-64,64,-64,-4,378674,0.997975975247864,0
-------------X-----XX------XOX----XOO----XXOO------O------------ X;,346135,31747223,-63.07382957516576,-6.453649587588657,-64,64,-64,-4,345174,0.9972236266196716,0
-------------X-----XX------XXOX---OOOOO---XO-------------------- X;,1101809,101121205,-63.18737730405179,-6.025865644589943,-64,64,-64,-4,1096185,0.9948956670348491,0
-------------X-----XX------XXXX---XOOOO---OO-------------------- X;,941664,86472682,-63.320719492302985,-5.9239134128521425,-64,64,-64,-4,937088,0.9951405172120842,0
-------------X-----XX-----OOOO----XOOX---XXO-------------------- X;,649351,59641629,-63.47795260190559,-5.155800175867905,-64,64,-64,-4,647662,0.9973989414045716,0
-------------X-----XX-----OOOOX---XXOOO----O-------------------- X;,1868263,172374739,-63.58665348508213,-4.6086605579621285,-64,64,-64,-4,1830142,0.9795954852180876,0
-------------X-----XX-----OXO-----OOXXX--XO-X------------------- X;,415167,38114331,-63.348233361514765,-5.903754392810604,-64,64,-64,-4,413641,0.9963243706749332,0
-------------X-----XX-----XXX-----OOOOO---OOO------------------- X;,3017685,278397645,-63.696399723629206,-4.787976876314128,-64,64,-64,-4,2958388,0.980350169086568,0
-------------X-----XX-----XXX-----OXXO------OO-----O-O---------- X;,1325599,122012310,-63.25132713588348,-7.062552099088789,-64,64,-64,-4,1322125,0.9973792979626569,0
-------------X-----XX-----XXX----XXXOOO-----OO------------------ X;,106863,9780618,-61.58227824410694,-9.569907264441387,-64,64,-64,-4,106550,0.9970710161608789,0
-------------X-----XX-----XXX-O---OXXO------OOO----------------- X;,1302165,119853535,-63.218987609097155,-6.920326533119843,-64,64,-64,-4,1294440,0.994067572081879,0
-------------X-----XX----OXXX----XOXXX-----OO------------------- X;,629422,57789724,-62.714056705993755,-7.556686928642469,-64,64,-64,-4,626589,0.9954990451557143,0
-------------X-----XX----X-XOO---OOOXX----OX-------------------- X;,251404,23032457,-63.11785810886064,-6.6593689837870516,-64,64,-64,-4,250766,0.9974622519928084,0
-------------X-----XXX-----XOOO---XOOX---X---X------------------ X;,226078,20715465,-62.46018630738064,-7.625598244853546,-64,64,-64,-4,225281,0.996474668034926,0
-------------X-----XXX----OOOO----XXOO------OO------------------ X;,1364683,125496707,-63.54335915373753,-5.308010724834999,-64,64,-64,-4,1359639,0.9963039035439,0
-------------X-----XXX----OOOOO---XXXX---X---------------------- X;,729579,66940637,-63.29591997576684,-5.980459963896987,-64,64,-64,-4,727276,0.9968433850206763,0
-------------X-----XXX----OOOX----XOO----X--OX------------------ X;,477162,43781799,-63.37905155900931,-5.365060503560636,-64,64,-64,-4,475960,0.9974809393874617,0
-------------X-----XXX----OOXX----XOO----XXO-------------------- X;,452358,41472183,-63.10959240247768,-5.714507093938871,-64,64,-64,-4,450917,0.9968144699552125,0
-------------X-----XXX----OXOX----OOX----XOX-------------------- X;,138298,12670495,-62.80027910743467,-6.439970209258268,-64,64,-64,-4,137902,0.9971366180277372,0
-------------X----O-XX----OOX-----XXOX----X-OO------------------ X;,687677,63231005,-63.67585218060223,-4.6585170072577675,-64,64,-64,-4,686610,0.99844839946661,0
-------------X----O-XX----OXXX---OOOO-----X-O------------------- X;,1775658,163769017,-63.697532970876146,-4.4096160409268,-64,64,-64,-4,1743493,0.981885588328383,0
-------------X----O-XX----XOX-----XOOX----XOO------------------- X;,233180,21409396,-63.456081139034225,-5.117072647739944,-64,64,-64,-4,232734,0.9980873145209709,0
-------------X----OOOO-----XO----XXXOX-----X-O------------------ X;,991150,91058819,-63.516879382535436,-5.618307017101347,-64,64,-64,-4,989434,0.9982686777985169,0
-------------X----OOOO---XOOO-----XXXX-----X-------------------- X;,284896,26079041,-61.567996742671006,-10.31990621138942,-64,64,-64,-4,283716,0.9958581377063911,0
-------------X----OOOX-----OOX----XXXX---X-X-------------------- X;,319960,29337464,-63.14713714214277,-6.37447805975747,-64,64,-64,-4,319223,0.9976965870733842,0
-------------X----OOX-----OOOX----XOX------OO------O------------ X;,1740882,160770041,-63.788182656837165,-4.464015941344675,-64,64,-64,-4,1737340,0.9979653991482479,0
-------------X----OOX-----OOOX---XXOX------O-------O------------ X;,1202254,110652944,-63.686522981000685,-5.057136844626843,-64,64,-64,-4,1199260,0.9975096776554705,0
-------------X----OOX-----XOOXX---XXOX-----O-------------------- X;,963049,88455458,-63.32743920610478,-5.982705968232146,-64,64,-64,-4,959948,0.9967800184621967,0
-------------X----OOX-----XOXX----XOOX----X-O------------------- X;,576252,52907678,-63.364137564815394,-5.614996564003248,-64,64,-64,-4,574409,0.9968017464581468,0
-------------X----OOX-----XOXX----XOOX---X--O------------------- X;,653576,60023199,-63.59799319436454,-5.268452329950916,-64,64,-64,-4,652228,0.997937500765022,0
-------------X----OOX-----XOXX----XOX-----OOO------------------- X;,2651798,244376011,-63.74152933217387,-4.764104958220799,-64,64,-64,-4,2647976,0.9985587137481814,0
-------------X----OOX----XOOO-----OXXX----OX-------------------- X;,1083346,99323548,-62.85133835358233,-7.031845781495478,-64,64,-64,-4,1077490,0.9945945247409415,0
-------------X----OOX----XOXXX---OXXX------X-------------------- X;,66387,6060238,-58.84650609306039,-12.714070525855966,-64,64,-64,-4,65834,0.9916700558844352,0
-------------X----OOXX-----XOX----XXXO---X----O----------------- X;,217681,19959591,-62.81752656410068,-6.21116220524529,-64,64,-64,-4,217157,0.9975928078242934,0
-------------X----OOXX----XOOX-----XOO-----XO------------------- X;,2812135,258958631,-63.602201174552434,-4.946694948855585,-64,64,-64,-4,2747397,0.9769790568375984,0
-------------X----OOXX---XXOXX----XOO-------O------------------- X;,1123302,103171781,-63.255008003190596,-5.789419942277322,-64,64,-64,-4,1114739,0.9923769387039283,0
-------------X----OXX------OOO---XXXOX----X-O------------------- X;,406354,37303063,-63.502645476604144,-5.628919611963952,-64,64,-64,-4,405432,0.9977310423916093,0
-------------X----OXX-----OOO-X---XOOX---X--X------------------- X;,194649,17882164,-63.66123637932895,-5.236512902712061,-64,64,-64,-4,194373,0.9985820630981921,0
-------------X----OXX-----OOX-----OOOX----XOO------------------- X;,1510413,139026912,-63.59362042037509,-4.971111212628599,-64,64,-64,-4,1506672,0.9975231939873399,0
-------------X----OXX-----OXX-----OOOX---XO-O------------------- X;,2122176,195573258,-63.72814554495009,-4.745642679966223,-64,64,-64,-4,2117684,0.9978833046834947,0
-------------X----OXX-----XOOO----XOOX----XO-------------------- X;,1423777,130899926,-63.4400429280709,-5.12762743041923,-64,64,-64,-4,1414148,0.9932370027047775,0
-------------X----OXX-----XOOO----XOOX---X--O------------------- X;,1488975,137122495,-63.69706543091724,-4.7551893080810625,-64,64,-64,-4,1485335,0.9975553652680536,0
-------------X----OXX----OOOX----XXXXX------O------------------- X;,240475,22011027,-61.32534359080986,-9.057872959767128,-64,64,-64,-4,239755,0.9970059257719097,0
-------------X----OXXX-----OXX----OXOX----XO-------------------- X;,1442910,132756885,-63.56739505582469,-4.847649541551448,-64,64,-64,-4,1438266,0.9967815040439113,0
-------------X----OXXX----OOOO----XXO-----X-O------------------- X;,927679,85242498,-63.37468240630649,-4.975214486907648,-64,64,-64,-4,920453,0.9922106676986329,0
-------------X----OXXX---XXOXX----XOO----X---------------------- X;,189623,17344722,-61.82099217921876,-7.345353675450763,-64,64,-64,-4,188453,0.9938298624112054,0
-------------X----X-X-----XOOX----XOOO-----OO------O------------ X;,454477,41725206,-63.652092405116214,-5.2263458876906865,-64,64,-64,-4,453620,0.998114316015992,0
-------------X----X-X-----XXO-----XOO-----O-OOO--O-------------- X;,1644866,147438806,6.268238263785621,63.96977018188716,-64,64,4,64,1642805,0.9987470103947678,0
-------------X----X-X-----XXOX----XOOO-----OO------O------------ X;,488966,44844531,-63.58194639300074,-5.2360409517226145,-64,64,-64,-4,487912,0.9978444309011261,0
-------------X----X-X----OXXO----XOXXX-----OO------------------- X;,2035543,187257537,-63.279938571673505,-5.71541254593983,-64,64,-64,-4,2022574,0.9936287270767554,0
-------------X----X-XX----XOO-----XOOX-----OOO------------------ X;,932868,85796834,-63.56862278478842,-5.0742141439088915,-64,64,-64,-4,931151,0.9981594394919753,0
-------------X----X-XX----XOOO----XOO-----XOO------------------- X;,385662,35402928,-63.42773464847457,-5.136453682239889,-64,64,-64,-4,384371,0.9966525091919868,0
-------------X----X-XX---OOOO-----XXOX------OO------------------ X;,2069171,190876331,-63.82123807070561,-4.285925619487225,-64,64,-64,-4,2066141,0.9985356454348142,0
-------------X----X-XX---OOOX-----OOO-----XOO------------------- X;,296517,27262071,-63.37200902477767,-4.861104085094615,-64,64,-64,-4,295673,0.9971536201971557,0
-------------X----X-XX---XOOO---X-OOO----O--O------------------- X;,401077,36840380,-63.062062895653455,-6.307095644975902,-64,64,-64,-4,400155,0.9977011895471443,0
-------------X----XOOX----XOOX----OOO------XO------------------- X;,991268,91185923,-63.40308271829616,-5.206736220678969,-64,64,-64,-4,982147,0.9907986538453778,0
-------------X----XOX-----XOOX----XOO------OO------O------------ X;,932107,85834397,-63.71427529242887,-4.52473803973149,-64,64,-64,-4,929522,0.9972267132421493,0
-------------X----XOX-----XXOO----OOOX----XO-------------------- X;,3379541,311732331,-63.68863759901123,-4.438908715710211,-64,64,-64,-4,3369581,0.9970528542189605,0
-------------X----XOX-----XXOX----XOOO------O-O----------------- X;,1581381,145731328,-63.592935541782786,-4.97725469067859,-64,64,-64,-4,1540153,0.9739291163862472,0
-------------X----XOXX----XXOX----XOOO------O------------------- X;,1384594,127165005,-63.30859298826949,-5.804572315061311,-64,64,-64,-4,1375144,0.9931748945900387,0
-------------X----XXX----XXOO-----XOO-----OOO------------------- X;,895552,82283266,-63.28461105552776,-5.472211552204674,-64,64,-64,-4,892935,0.9970777799614092,0
-------------X----XXXO---XXOOX----XOO-------O------------------- X;,389804,35727071,-62.96797621368688,-6.9943894880504045,-64,64,-64,-4,388569,0.9968317410801326,0
-------------X----XXXX----XOOO----XOO-----XO-------------------- X;,596540,54715523,-63.21858550977302,-5.5269101820498205,-64,64,-64,-4,594593,0.9967361786301002,0
-------------X----XXXX----XXOX-----OOOO----O-------------------- X;,1088316,100018446,-63.37210240408117,-5.543291654262181,-64,64,-64,-4,1083507,0.9955812466232234,0
-------------X----XXXX---OOOXX----XOO-------O------------------- X;,1909543,175812163,-63.60712955927151,-4.884066501775556,-64,64,-64,-4,1904691,0.9974590779050275,0
-------------X---OOOOO----XXO-----OOO--------O--------O--------- X;,99496,8897702,13.229969043981667,63.609642598697434,-64,64,4,64,99478,0.9998190882045509,0
-------------X---OOOX-----XXO-----OOOO-------O--------O--------- X;,462365,41370604,9.5503833551415,63.92441253122533,-64,64,4,64,462340,0.999945930163399,0
-------------X---OX-X-----OOOX----XOX------OO------O------------ X;,896927,82892304,-63.84686044683681,-4.384681250536555,-64,64,-64,-4,895541,0.9984547237400591,0
-------------X---OX-XO---XXXOX----XOO-------O------------------- X;,941104,86572650,-63.53455409816556,-5.551583034393649,-64,64,-64,-4,938626,0.9973669222530135,0
-------------X---X--X----XXOO----XXXOX------OO------------------ X;,223964,20536196,-63.13511546498545,-5.59454644496437,-64,64,-64,-4,223512,0.9979818185065457,0
-------------X---X--XX----XOO-----XOOX-----OOO------------------ X;,725430,66746274,-63.6726272693437,-4.664383882662697,-64,64,-64,-4,724076,0.9981335208083482,0
-------------X---X--XX----XOOO----XOO-----XOO------------------- X;,406402,37298165,-63.44020206593471,-5.411781930207036,-64,64,-64,-4,405513,0.9978125107652029,0
-------------X---XXXX------OO-----XOOO---X--O-------O----------- X;,357562,32886593,-63.7161723001885,-4.878119039495249,-64,64,-64,-4,357015,0.9984701953787035,0
-------------X---XXXXO----XOOX----XOO-----O--------------------- X;,723712,66526588,-63.43736873231341,-5.330000055270605,-64,64,-64,-4,721967,0.9975888198620446,0
-------------X--X---X----XOOO----XXOXX-----OO------------------- X;,352325,32343741,-63.312030085858225,-5.683386078194848,-64,64,-64,-4,351406,0.9973916128574469,0
-------------X--X-X-XX---XOOO-----OOO-----O-O------------------- X;,492260,45313659,-63.53046967049933,-5.023087392841181,-64,64,-64,-4,490723,0.9968776662739203,0
------------O-------O------XOX-----XOO----OOOO---O---O---------- X;,476209,42562567,7.053293826870135,63.85447986073342,-64,64,4,64,476178,0.9999349025322914,0
------------O-------OO-----XOXO---XXOO----OOO------------------- X;,518555,46378092,7.6839891621910885,63.92186171187242,-64,64,4,64,518494,0.9998823654192901,0
------------O-------OO-----XXXO---XXOO----OOO------------------- X;,435619,38935263,8.770455374995121,63.894148326863615,-64,64,4,64,435435,0.9995776125467438,0
------------O-------OX-----XX------XOO---OOOOO-------O---------- X;,2049016,183653606,5.831463980759545,63.950338601553135,-64,64,4,64,2048522,0.9997589086664038,0
------------O-------OXX---OXOO----XXOO------O-------O----------- X;,1441773,129667353,5.1216543797116465,63.977750311595514,-64,64,4,64,1441233,0.9996254611509579,0
------------O------O-X----OXOO----XXO----XO-O-----O------------- X;,1275879,114620245,4.852457795762764,63.9936428140913,-64,64,4,64,1275858,0.9999835407589591,0
------------O------O-X----OXX----OXXX-----OOO------O------------ X;,562841,50305868,7.540683781032299,63.90539424100234,-64,64,4,64,562761,0.9998578639438136,0
------------O------OO------XOX----XOOO----OOO-O----------------- X;,238929,21352606,7.289722051320685,63.88292756425549,-64,64,4,64,238906,0.9999037370934462,0
------------O------OO------XOXO---XOOO----OOO------------------- X;,394559,35297057,6.673432870622644,63.91115904085321,-64,64,4,64,394069,0.9987581071525424,0
------------O------OO------XXO----XOOOO---OOO------------------- X;,882749,79054762,5.7390900471141855,63.93798690227913,-64,64,4,64,882641,0.9998776549166297,0
------------O------OO------XXXO---XOOO----OOO------------------- X;,3179039,285085050,5.692102865048211,63.932359118588984,-64,64,4,64,3174105,0.998447958644106,0
------------O------OO-----OXXX---OOXO-----OO------O------------- X;,414111,37038009,6.540454129448385,63.96942365694222,-64,64,4,64,414090,0.9999492889587575,0
------------O------OO-----XXOX-----OOOO-----OO-------O---------- X;,1318950,118111343,6.472660070510633,63.94128587133705,-64,64,4,64,1318599,0.9997338792221085,0
------------O------OOX-----XOX-----XOO----X-OO-------O---------- X;,3231838,290382196,5.085393512917418,63.97811585853004,-64,64,4,64,3231241,0.9998152753943731,0
------------O------OOX-----XOX----XXOO----XO-O------------------ X;,10618479,967536978,-27.150323412609282,32.1957929191177,-64,64,2,64,10556026,0.9941184608454752,1
------------O------OOX---OOXO-----XOO-------OO--------O--------- X;,1040164,93052704,6.3429862983144965,63.946775700754884,-64,64,4,64,1040130,0.9999673128468203,0
------------O------OOX---OOXO-----XOO-------OOO----------------- X;,704729,62961708,7.700711904859882,63.90928569705518,-64,64,4,64,704663,0.9999063469787677,0
------------O------OX----OOXX----XOXX-----OO--------O----------- X;,555315,49628865,10.598888918901885,63.84103796944077,-64,64,4,64,554929,0.9993048990212762,0
------------O------OXX----OOXO----OXO-----OO------O------------- X;,854177,76464716,6.999501274326047,63.93895293364256,-64,64,4,64,854101,0.9999110254666187,0
------------O------XOO-----XXO-----OOO----OOOO------------------ X;,124728,11142897,11.944254698223334,63.4404223590533,-64,64,4,64,123446,0.989721634276185,0
------------O------XOO-----XXO-----OOOO---OOO------------------- X;,168961,15075433,12.475109640686313,63.54356922603441,-64,64,4,64,168918,0.999745503400193,0
------------O------XOO----XXOXO---OOOO------O------------------- X;,306374,27352651,13.227189644029846,63.70405778558233,-64,64,4,64,306326,0.9998433287419951,0
------------O------XOO----XXOXO---OOOOO------------------------- X;,228341,20419827,13.118883599528775,63.66308722480851,-64,64,4,64,226466,0.9917885968792288,0
------------O------XOO----XXXOO---OOOO-------O------------------ X;,243652,21753656,13.320342127296309,63.54785513765535,-64,64,4,64,243585,0.999725017648121,0
------------O------XOO----XXXOO---OOOOO------------------------- X;,144958,12930829,21.455594034134027,63.1615226479394,-64,64,8,64,144899,0.9995929855544364,0
------------O------XOO----XXXXO---OOOO------O------------------- X;,175377,15656538,14.914367334371098,63.46560267309852,-64,64,4,64,175128,0.9985802015087497,0
------------O------XOOO----OOO---XXXO-X---X--------------------- X;,868614,79652064,-63.05080622693164,-7.4936381407621795,-64,64,-64,-4,865571,0.9964967177595572,0
------------O------XOOO---XXXO----OXO------O------O------------- X;,250014,22331954,8.431727823241898,63.81472237554697,-64,64,4,64,249989,0.9999000055996864,0
------------O------XOOO---XXXXO---OOO--O------------------------ X;,148185,13224102,17.725073387994737,63.40115396295172,-64,64,4,64,148146,0.9997368154671525,0
------------O------XOX-----XO-----XXOOO----OOO------------------ X;,1288432,115414200,6.643548126715263,63.93046586859066,-64,64,4,64,1285704,0.9978826977287121,0
------------O------XOX-----XOOX----XOOO---XO-------------------- X;,1547460,142375248,-63.198065862768665,-6.184658084861645,-64,64,-64,-4,1539018,0.9945446085843899,0
------------O------XOX----XOO-----OOOO------OOO----------------- X;,742174,66294362,9.689306011797772,63.79908619811527,-64,64,4,64,742004,0.9997709432019984,0
------------O------XOX----XXXOX---XXO-O---X--------------------- X;,788190,72450397,-63.01798931729659,-6.569376673137188,-64,64,-64,-4,785173,0.9961722427333511,0
------------O------XOX---XXOO-----OOO-----OOO------------------- X;,2466585,221272554,5.806044794726312,63.96012908535485,-64,64,4,64,2439520,0.9890273394186699,0
------------O------XOX--XXXOOO---XOOO--------------------------- X;,1075917,98713239,-63.053323815870556,-6.528039802326759,-64,64,-64,-4,1070709,0.9951594779151179,0
------------O------XOXO---XXXOO---OOO-O------------------------- X;,138738,12375151,18.283318196889102,63.03944845680347,-64,64,6,64,138717,0.9998486355576699,0
------------O------XOXX---XOOX---XXOO----X---------------------- X;,820274,75211793,-62.98525370790736,-6.787139419267221,-64,64,-64,-4,817643,0.9967925351772701,0
------------O------XXO-----XXOO----XOO-----OOO------------------ X;,613148,54851722,10.52711743331137,63.74958900624319,-64,64,4,64,612752,0.9993541526678714,0
------------O------XXO-----XXOO----XXO------OO-----O------------ X;,69962,6250535,8.500914782310398,63.762170892770364,-64,64,4,64,69912,0.9992853263200023,0
------------O------XXO----OXXOO----XO------O-O----O------------- X;,111254,9931915,6.737106081579089,63.85426141981412,-64,64,4,64,111240,0.9998741618278894,0
------------O------XXX-----XXO----OXOO-----O-O------O----------- X;,946650,84837844,5.796662969418476,63.91410236095706,-64,64,4,64,944261,0.9974763640204933,0
------------O------XXX-----XXO----OXOO-----O-O----O------------- X;,915260,82050286,5.094793829075891,63.868759696698206,-64,64,4,64,910364,0.9946507003474423,0
------------O-----O-OO-----XXXO---XXO-OO----O------------------- X;,92140,8234370,6.386694161059258,63.83014977208595,-64,64,4,64,92123,0.9998154981549815,0
------------O-----O-OO----XXXXO---OXO----O--O------------------- X;,105483,9415831,6.962211920404235,63.82775423527962,-64,64,4,64,105469,0.9998672771915854,0
------------O-----O-OX-----XX----OOOOO----X--O-------O---------- X;,178688,15957175,6.771769788681948,63.87653339899713,-64,64,4,64,178661,0.9998488986389685,0
------------O-----O-OX----OXXX----OXO-----O-O-----O------------- X;,96258,8599735,7.953697355025037,63.73580377734837,-64,64,4,64,96232,0.9997298925803569,0
------------O-----O-OX----OXXX---OOOO-----X-O------------------- X;,535089,47856264,7.325177680722272,63.894219466294395,-64,64,4,64,535049,0.9999252460805585,0
------------O-----O-OX----OXXXX---XOO-O-----O------------------- X;,288021,25760201,6.445373774828918,63.92320351641026,-64,64,4,64,288001,0.9999305606188438,0
------------O-----O-OX----XXO----OOOO-------OO--------O--------- X;,84557,7562412,9.388022280828316,63.75102002199699,-64,64,4,64,84553,0.9999526946320234,0
------------O-----O-OX----XXXO----OXO-O--O--O------------------- X;,35098,3131118,10.360960738503618,63.64815659011909,-64,64,4,64,35093,0.9998575417402701,0
------------O-----OO-----OXXX---OOOOO------O------O------------- X;,14166,1263170,17.61174643512636,62.507976845969225,-64,64,6,64,14165,0.9999294084427502,0
------------O-----OOOO----XXOXO----XOO------O------------------- X;,377102,33722599,8.935107742732736,63.848526393389584,-64,64,4,64,376911,0.9994935057358486,0
------------O-----OOOO----XXOXO----XXO--------O----------------- X;,581588,52104215,6.874120511427334,63.947639910039406,-64,64,4,64,581177,0.9992933141674175,0
------------O-----OOOO---XXXXXO---OOO--------------------------- X;,2344819,209760136,12.201873150976684,63.89447202534609,-64,64,4,64,2209142,0.9421375381212793,0
------------O-----OOOOO--XXXXO----OOO--------------------------- X;,481843,43052882,11.757356649365041,63.754571509807135,-64,64,4,64,480098,0.9963784884288036,0
------------O-----OOOX-----OXX----XOOO----XO-------------------- X;,2131193,190748654,7.818721720651297,63.93205354935006,-64,64,4,64,2130112,0.9994927723580174,0
------------O-----OOOX-----XXX---OOOOO----X--------------------- X;,167568,14970407,10.684981619402272,63.733415687959514,-64,64,4,64,167517,0.9996956459467201,0
------------O-----OOOX----OXXX---O-XOO----X--------------------- X;,1495279,134027173,6.580426796604513,63.97450375481766,-64,64,4,64,1494809,0.9996856773886345,0
------------O-----OOOX----XOXX-----OOO----XO-------------------- X;,3869826,346770831,7.811756911034243,63.95731384305134,-64,64,4,64,3864309,0.9985743545058615,0
------------O-----OOOX---XOXXX---OOOO--------------------------- X;,913793,81785428,11.236846857001531,63.83510488699301,-64,64,4,64,913323,0.9994856603191313,0
------------O-----OOOX---XXXOX----OOOO-------------------------- X;,1246623,111447614,14.860123710215518,63.849920946428874,-64,64,4,64,1246111,0.9995892904270176,0
------------O-----OOOX---XXXXO----OOO-O------------------------- X;,1360205,121645935,9.960913979878033,63.929380497792614,-64,64,4,64,1358137,0.9984796409364765,0
------------O-----OOXX----OXXO---O-XOO-------O------------------ X;,466037,41626729,8.72145344682933,63.79368590905872,-64,64,4,64,463297,0.9941206384900769,0
------------O-----OXOX----XXO------XOO------OOO----------------- X;,485522,43373086,9.38589394507355,63.83877146658648,-64,64,4,64,484235,0.9973492447304139,0
------------O-----OXOX----XXOX----OXO----O--O------------------- X;,3566535,319544840,7.6397410932459655,63.954435327285445,-64,64,4,64,3274000,0.9179778131996461,0
------------O-----OXXO----XXXOO----XOO-------O------------------ X;,211781,18933785,10.25171757617539,63.65914317148375,-64,64,4,64,210854,0.9956228367983908,0
------------O-----OXXX---OOOOO-----XOO-------O------------------ X;,699734,62535829,7.707384520403467,63.85526071335679,-64,64,4,64,699538,0.9997198935595526,0
------------O-----X-O-X--XXXOX-----OOO-----XO------------------- X;,276171,25393624,-63.594207936387235,-4.957363372693005,-64,64,-64,-4,275427,0.9973060169242969,0
------------O-----X-OOX----XOX----OOX-----XXX------------------- X;,312665,28595565,-62.56088785121456,-8.671082468456655,-64,64,-64,-4,311329,0.9957270561143716,0
------------O-----XO-X---OOXOO-----XO-----O-O-------O----------- X;,315675,28183076,6.675286291280589,63.919160529025106,-64,64,4,64,315667,0.9999746574800031,0
------------O-----XOOOO---OXXO---O-OOO-------------------------- X;,59335,5296021,9.583466756551783,63.5977921968484,-64,64,4,64,59322,0.9997809050307576,0
------------O-----XOOX----OXXX----OOOO----X--------------------- X;,1476466,132178051,9.624645606468418,63.932089191352865,-64,64,4,64,1476225,0.9998367724011253,0
------------O-----XOOX---XXXO------OO------OO------O------------ X;,2399332,214610750,8.547219392730977,63.941441617916986,-64,64,4,64,2397909,0.9994069182589154,0
------------O-----XOXO----OOOOO--O-OOO-------------------------- X;,261507,23399572,7.493990600634017,63.947355137720976,-64,64,4,64,261197,0.9988145632812888,0
------------O-----XOXX----OXO----O-OOOO----O-------------------- X;,79241,7072622,19.429537739301622,63.6022261203165,-64,64,10,64,79233,0.9998990421625169,0
------------O-----XOXX---OOXO----OOOOO-------------------------- X;,229468,20511968,12.100244914323566,63.51719193961685,-64,64,4,64,229421,0.9997951784126763,0
------------O-----XOXX---XXXO------OOO-----O-------O------------ X;,715189,63863869,13.56492060140746,63.8185542562875,-64,64,4,64,712264,0.9959101719964932,0
------------O-----XOXX---XXXXO-----OO------O-------O------------ X;,3277397,294210053,5.878879488813836,63.984343062497466,-64,64,4,64,3276959,0.9998663573561579,0
------------O-----XXO-----OXO-----OOO-----OOO------O------------ X;,354215,31631310,8.004045565546349,63.795302288158325,-64,64,4,64,354138,0.999782617901557,0
------------O-----XXO----OXXOX----OOOO-----O-------------------- X;,411039,36680695,14.968954284143354,63.66619225912869,-64,64,4,64,410873,0.9995961453779325,0
------------O-----XXOO-----XXXO----XO--O----O-------O----------- X;,443361,39686078,10.094446737534424,63.93965639738272,-64,64,4,64,443319,0.9999052690696746,0
------------O-----XXOO-----XXXO---OOOO----X--------------------- X;,1325837,118861185,7.152594926827355,63.95572381823708,-64,64,4,64,1325736,0.9999238217065899,0
------------O-----XXOO----XXOO----XXXX-----O-------------------- X;,1637474,150423927,-63.51966565576003,-5.406663556184709,-64,64,-64,-4,1633648,0.9976634743513485,0
------------O-----XXOO----XXOX-----OOOO----O-------------------- X;,429627,38341744,15.873259827711015,63.68570643837561,-64,64,4,64,429493,0.9996881015392421,0
------------O-----XXOOO----XXOX----XO-------O-------O----------- X;,1272460,113972172,9.91639187086431,63.93741728620153,-64,64,4,64,1271773,0.9994601009069047,0
------------O-----XXOX-----OO-----OOOO----XO-------O------------ X;,2281228,204122540,7.551399071026657,63.94435058661388,-64,64,4,64,2280967,0.9998855879377248,0
------------O-----XXOX-----XO-----OOOO------OO-------O---------- X;,698122,62398748,11.761043198753226,63.7786275178264,-64,64,4,64,697867,0.9996347343301027,0
------------O-----XXOX-----XO-----OXOO----OO------O------------- X;,999026,89383581,7.403047568331555,63.90768708722295,-64,64,4,64,998669,0.9996426519429925,0
------------O-----XXOX-----XO-----XOOO---X---O-------O---------- X;,3269220,293539580,5.54317910694294,63.97574100244095,-64,64,4,64,3268698,0.9998403288857892,0
------------O-----XXOX-----XXO----OOOOO---X--------------------- X;,4204248,376674975,6.0828892586736085,63.9759302971661,-64,64,4,64,4196909,0.9982543846128963,0
------------O-----XXOX-----XXOX----XO-O-----O-------O----------- X;,750884,67194004,7.608024674916498,63.94500615274796,-64,64,4,64,750768,0.9998455154191593,0
------------O-----XXOX----XOOX-----OOX----XO-------------------- X;,750070,68877297,-63.07939658965163,-5.918427613422748,-64,64,-64,-4,746714,0.9955257509299132,0
------------O-----XXOX----XXO------OOO----OO-----O-------------- X;,1079982,96582366,9.32124702078368,63.87673035291329,-64,64,4,64,1079910,0.9999333322222037,0
------------O-----XXOX----XXO------OOO---OOO-------------------- X;,377408,33697305,14.803281859420045,63.74324073681533,-64,64,4,64,377053,0.9990593734102086,0
------------O-----XXOX----XXO------XXO------OOO----------------- X;,880620,78756214,8.175344643546593,63.925806817923736,-64,64,4,64,880372,0.9997183802321092,0
------------O-----XXOX----XXOX-----XOX----XO-------------------- X;,769665,70711769,-63.32282096756381,-5.2740439022171985,-64,64,-64,-4,766714,0.9961658643695633,0
------------O-----XXOX---XXOO------OOO-----O-------O------------ X;,1732570,154931684,10.00014371713697,63.931485019364295,-64,64,4,64,1717983,0.9915807153534922,0
------------O-----XXOX---XXXO------OO------O-O-----O------------ X;,763627,68279608,12.159651243342626,63.913779895158235,-64,64,4,64,763267,0.9995285656478883,0
------------O-----XXOX---XXXO------OOO-----O-------O------------ X;,588012,52540920,13.786876798432685,63.90192887219989,-64,64,4,64,587828,0.9996870812160296,0
------------O-----XXX-----OOOO----OOO-----OO-------O------------ X;,1005047,89830901,8.804645951880858,63.89847141476966,-64,64,4,64,919608,0.9149900452416653,0
------------O-----XXX-----OXX-----OOOO----OO-------O------------ X;,1093329,97842766,8.87307388718309,63.850303979863334,-64,64,4,64,1087323,0.9945066855447903,0
------------O-----XXX----OOXO-----OOO-----OOO------------------- X;,80961,7215747,14.617346623683009,63.53816034880992,-64,64,4,64,80124,0.9896616889613518,0
------------O-----XXXO----OOOOO--OOOO--------------------------- X;,285428,25475852,16.01987191165548,63.71828271928472,-64,64,4,64,285256,0.9993973961909833,0
------------O-----XXXO----XXO-O----OOOO----O-------------------- X;,113205,10097371,18.94529393578022,63.22473388984586,-64,64,8,64,113184,0.9998144958261561,0
------------O-----XXXO---OOOOOO----OOO-------------------------- X;,123788,11046964,12.503683717323165,63.66019323359291,-64,64,4,64,123770,0.9998545901056646,0
------------O-----XXXO---OXXO-O---XOOO-------------------------- X;,117349,10463556,18.85754458921678,63.5641888725085,-64,64,6,64,117293,0.9995227909909756,0
------------O-----XXXOO---XXXOO----OOO-------------------------- X;,140118,12492605,21.545304671776645,63.3647425741161,-64,64,8,64,140070,0.9996574315933713,0
------------O-----XXXX---OOOO------OOOO----O-------------------- X;,79114,7053035,22.47177490709609,63.4812548979953,-64,64,12,64,79085,0.9996334403518973,0
------------O-----XXXX---OXXO-----OOOO-----O-------------------- X;,373168,33326210,13.962335998799468,63.645867276936926,-64,64,4,64,373128,0.9998928096728551,0
------------O-----XXXXO---OXXO---OOOO--------------------------- X;,447535,39898456,16.92779559140626,63.682284067167934,-64,64,4,64,447365,0.9996201414414515,0
------------O----O-OOX----OXO------OOO------OOO----------------- X;,25556,2279784,17.562098920018784,63.14810611989357,-64,64,6,64,25553,0.9998826107372045,0
------------O----OOOOX-----XXX----OOOO----X--------------------- X;,357105,31950408,8.714215706864927,63.93420422564792,-64,64,4,64,357035,0.9998039792217975,0
------------O----OOOOX-----XXXX----XO-------O-------O----------- X;,433127,38776162,8.655380523495419,63.90460765549135,-64,64,4,64,432937,0.9995613295869341,0
------------O----OOOOX---XOXXX----OOO--------------------------- X;,3035538,272444230,5.519995796461781,63.97833761264066,-64,64,4,64,3031533,0.9986806292657183,0
------------O----OX-OX----OXOO----XOO------O-------O------------ X;,387193,34584158,12.308004018667694,63.66581782211972,-64,64,4,64,386991,0.9994782963534982,0
------------O----OXOXX---OOXO----O-OOO-------------------------- X;,11508,1025854,26.829336114007646,62.97566909975669,-64,64,16,64,11506,0.9998262078554049,0
------------O----OXXXO----OOOOO----OOO-------------------------- X;,177387,15838617,12.687068387198611,63.73341338429535,-64,64,4,64,177345,0.9997632295489522,0
------------O----OXXXO---XXXO-O----OOO-------------------------- X;,126939,11317131,19.298363781028684,63.61612270460615,-64,64,8,64,126905,0.9997321548145172,0
------------O----OXXXX----OXO------OOOO----O-------------------- X;,141089,12601045,14.537462169269043,63.52971528609601,-64,64,4,64,141070,0.99986533322938,0
------------O----OXXXX---OOXO-----XOOO-------------------------- X;,377071,33646359,16.70446679803008,63.641834031256714,-64,64,6,64,377008,0.9998329227121683,0
------------O----X-XOX---XXOOO---XOOO--------------------------- X;,522137,47865058,-62.69059844446956,-8.081045779172898,-64,64,-64,-4,519213,0.9943999371812379,0
------------O----XOO------XOX----XOOO-----OO-------O------------ X;,1698199,152267341,9.98400776351888,63.91084908188027,-64,64,4,64,1697248,0.9994399949593658,0
------------O----XXO------OXX----OOOO------OOO------------------ X;,160826,14348692,16.328889607401788,63.382351112382324,-64,64,4,64,160770,0.9996517975949163,0
------------O-O----XOO----XXOO----OOOO-------O------------------ X;,408160,36419788,18.983092414739318,63.480500294002354,-64,64,6,64,408124,0.9999117992943943,0
------------O-O----XOO----XXXO----OOOO-------O------------------ X;,60550,5404179,27.53108175061932,62.12500412881916,-64,64,16,64,60538,0.9998018166804294,0
------------O-O----XOO----XXXO----OOOOO------------------------- X;,34315,3061208,35.489028121812616,60.69334110447326,-64,64,36,64,34306,0.9997377240273932,0
------------O-O---OOOO---XXXOX----OOO--------------------------- X;,298867,26619300,24.313099137743546,63.51989681028685,-64,64,14,64,298830,0.9998761991119796,0
------------O-O---XXOO-----XOX----OOOO----X--------------------- X;,1966443,176030330,9.56043373746404,63.941085503113996,-64,64,4,64,1966266,0.9999099897632425,0
------------O-O---XXOXX----XOO-----XO-------O-------O----------- X;,477558,42647761,22.42666231117477,63.77730034885815,-64,64,10,64,477532,0.9999455563512705,0
------------O-O---XXXO----XXO------OOOO----O-------------------- X;,169971,15184704,23.57638067670367,63.43695689264639,-64,64,12,64,169878,0.999452847838749,0
------------O-O---XXXO---OXXO-----XOOO-------------------------- X;,425076,37961150,16.01966707130019,63.76430097206147,-64,64,4,64,425033,0.9998988416189105,0
------------O-O---XXXOO---XXXO-----OOO-------------------------- X;,124601,11103070,34.90057062142358,62.661150392051425,-64,64,28,64,124586,0.9998796157334211,0
------------O-O--OXXXO---XXXO------OOO-------------------------- X;,142394,12701779,26.312955602061884,63.43001109597314,-64,64,16,64,142362,0.999775271429976,0
------------O-X-----OX---X-OOO----XXO-----XXX------------------- X;,215913,19726567,-61.52337283998648,-11.874866265579191,-64,64,-64,-4,214919,0.9953962938776266,0
------------O-X---OXOX-----XOO----XXO----X-X-------------------- X;,488330,44666687,-60.373587533020704,-12.550332766776565,-64,64,-64,-4,487207,0.9977003255994922,0
------------OO----OXXO----XXXO-----XOO-------O------------------ X;,178793,15983560,10.476159581191657,63.645791501904434,-64,64,4,64,178233,0.9968678863266459,0
------------OO----XOXO----OXXO---O-OOO-------------------------- X;,129289,11540920,9.82974576336734,63.674836993092995,-64,64,4,64,129265,0.9998143693585688,0
------------OO---OXXXO----OXXO-----OOO-------------------------- X;,66534,5941410,13.178525265277903,62.9891484053266,-64,64,4,64,66508,0.9996092223524814,0
------------OOO----XXO----XXOXO---OOO--------------------------- X;,58476,5210450,30.125983309391888,62.25957657842534,-64,64,18,64,58473,0.9999486969012928,0
------------OOX-----OX----OXOO----XXO------XO------------------- X;,2756473,252409491,-62.66486121939159,-10.160346210537886,-64,64,-64,-4,2748253,0.9970179283453892,0
------------OX------XX-----XO------OOO----O-OO---O---O---------- X;,164623,14732683,7.933047022591011,63.82807991592912,-64,64,4,64,164608,0.9999088827199115,0
------------OX------XX-----XO-----OOOO----X-OO-------O---------- X;,2632650,236288711,5.8726268208839,63.9655651149982,-64,64,4,64,2632110,0.9997948834824226,0
------------OX------XX----OOO------OOO----X-OO-------O---------- X;,62438,5601550,5.6936801306896445,63.93074730132291,-64,64,4,64,62438,1.0,0
------------OX-----OOX----XXOX----XXOX-----O-------------------- X;,1061685,97570484,-63.35123506501458,-5.868343246819913,-64,64,-64,-4,1058407,0.9969124552009306,0
------------OX-----OX-----OOO-----XOOX---X-X--X----------------- X;,510430,46954428,-63.55158004035813,-4.913674744822992,-64,64,-64,-4,509583,0.9983406147757773,0
------------OX-----OX----X-OO-----XOXXX---OX-------------------- X;,241764,22160982,-63.006961334193676,-6.083854502738207,-64,64,-64,-4,241183,0.9975968299664135,0
------------OX-----OXX----OXO----O-OOO----XO-------------------- X;,1000689,89613326,8.446692229054182,63.931077487611034,-64,64,4,64,1000600,0.9999110612787789,0
------------OX-----OXX----XXO------OOO----OO-----O-------------- X;,675384,60475454,7.912047072480248,63.91049832391647,-64,64,4,64,675350,0.9999496582684814,0
------------OX-----OXX----XXO------OOO---OOO-------------------- X;,928792,83155161,7.6239803960413095,63.9299757103851,-64,64,4,64,928731,0.9999343232930517,0
------------OX-----OXX---OOOO------OOO----XO-------------------- X;,113772,10167115,15.38122736701473,63.69830010898991,-64,64,4,64,113757,0.9998681573673663,0
------------OX-----XOX----XOOX---XXOO----X---------------------- X;,351523,32187929,-62.60180983890101,-7.050616887088469,-64,64,-64,-4,350157,0.9961140522810741,0
------------OX-----XXXO---XXXOO---OOO--------------------------- X;,173524,15471010,22.15937276687951,63.26454553836933,-64,64,8,64,173000,0.9969802448076347,0
------------OX----O-X----X-OO-----XOXXX---OX-------------------- X;,405317,37186215,-63.376169763419746,-6.152011882057748,-64,64,-64,-4,404298,0.9974859184292788,0
------------OX----O-XX-----OO------XOO----X-OO-------O---------- X;,482663,43262172,6.430310589376024,63.907055233154395,-64,64,4,64,481425,0.9974350633879124,0
------------OX----OOO-----OOO----XXXXX-----X-------------------- X;,250488,22909916,-61.364137204177446,-11.909975727380154,-64,64,-64,-4,248833,0.9933928970649293,0
------------OX----OOO----X-XO-----XOXX----OX-------------------- X;,304539,27906422,-62.76047074430533,-7.668433271272317,-64,64,-64,-4,303249,0.9957640893284604,0
------------OX----OOO----X-XOX----XOX-----OX-------------------- X;,115197,10540694,-62.01507851766973,-8.770514857157739,-64,64,-64,-4,114614,0.9949391043169526,0
------------OX----OOXX----XOO------OOO----XO-------------------- X;,957243,85632754,8.82428077301166,63.92164267589317,-64,64,4,64,957057,0.999805691971631,0
------------OX----OXO------OO-----XXXXX--X--X------------------- X;,83748,7660654,-60.55916559201414,-9.808747671586188,-64,64,-64,-4,83466,0.9966327554090844,0
------------OX----X-O----XXXOX-----OO------OO------O------------ X;,431452,39746833,-63.85029389132511,-4.229195831749534,-64,64,-64,-4,430972,0.9988874776336649,0
------------OX----XOOX-----XOX-----XOO----XO-------------------- X;,816595,75002071,-63.18726173929549,-5.981846570209222,-64,64,-64,-4,812781,0.9953293860481635,0
------------OX----XXOX----XOOX----XOO----X---------------------- X;,258147,23636902,-61.95247281587623,-6.836542745025121,-64,64,-64,-4,256134,0.9922021173982266,0
------------OX----XXXX-----XO-----OOOO-------O--------O--------- X;,769882,68839551,11.450619705357445,63.8485040564658,-64,64,4,64,769823,0.9999233648792932,0
------------OX----XXXX-----XO-----OOOO-------O-------O---------- X;,639680,57146740,14.575142258629315,63.77121529514758,-64,64,4,64,638566,0.998258504252126,0
------------OX---O-OXX----OXO------OOO----XO-------------------- X;,620553,55521389,9.846822108667592,63.87242830185335,-64,64,4,64,617871,0.9956780484503338,0
------------OX---OOOO-----XXO-----OOO--------O--------O--------- X;,752202,67329365,10.278947676289082,63.921982393027406,-64,64,4,64,752170,0.9999574582359526,0
------------OXX-----OX----XXOX----XXO-----XO-------------------- X;,239474,21875149,-60.89524541286319,-11.12216775098758,-64,64,-64,-4,237641,0.9923457243792646,0
------------X-------X-----OOXX----XOX-----XOOOO----------------- X;,515741,47315919,-62.957257615741234,-6.887358189478827,-64,64,-64,-4,514680,0.9979427658456473,0
------------X-------X-----OOXX---XXOXX----OOO------------------- X;,427420,39116948,-62.22645407327687,-8.572071966683824,-64,64,-64,-4,426034,0.9967572879135277,0
------------X-------X-----OXXX---OOOX----XOOO------------------- X;,566113,51823253,-62.181115784304545,-9.020955180326188,-64,64,-64,-4,563815,0.995940739746305,0
------------X-------X-----XOXX---OOOOX----XOO------------------- X;,899753,82549714,-63.10801186547864,-6.515262522047718,-64,64,-64,-4,896772,0.9966868685072459,0
------------X-------X-----XOXX---XOOXX---O-OO------------------- X;,695768,63870567,-63.18564665233239,-6.979077796046958,-64,64,-64,-4,693123,0.9961984454588311,0
------------X-------X----OOOXX---XOXX-----OOO------------------- X;,2395064,219983206,-63.088681972590294,-6.905233012562504,-64,64,-64,-4,2385744,0.9961086634845666,0
------------X-------X----XXXXX----OOOO----OOO------------------- X;,944659,86661093,-62.89092042737115,-7.250599422648808,-64,64,-64,-4,941999,0.9971841691022898,0
------------X-------X----XXXXX----XOOO------OOO----------------- X;,499396,45779224,-62.686190918629705,-7.641316710586389,-64,64,-64,-4,497360,0.9959230750746902,0
------------X-------XO----XXOX----XOX----X-OOO------------------ X;,598486,54852483,-63.268746470259956,-6.534353351623931,-64,64,-64,-4,597310,0.9980350417553627,0
------------X-------XO---XXXXX----XOX-----OOO------------------- X;,1268173,116474022,-63.4892179537019,-5.3846186600724035,-64,64,-64,-4,1265886,0.9981966182847293,0
------------X-------XO--X-XOOX---XOOO-----XO-------------------- X;,779229,71492654,-63.20032493657192,-6.040255175307901,-64,64,-64,-4,777061,0.997217762685937,0
------------X-------XOO---OXXO----XXXO------OO------------------ X;,6420551,591766104,-63.509583211783536,-5.6676954984081584,-64,64,-64,-4,6391896,0.99553698740186,0
------------X-------XOO---XXX-----OOOO------OOO----------------- X;,1579199,141616014,5.382875749034795,63.9621580307485,-64,64,4,64,1578958,0.9998473909874563,0
------------X-------XX----OOX-----XOOX----XOOO------------------ X;,507518,46582792,-63.22197045227953,-5.57692929117785,-64,64,-64,-4,505822,0.9966582466040613,0
------------X-------XX----OOX-----XOX-----XOOOO----------------- X;,536231,49192411,-63.08876211931052,-5.985506246375163,-64,64,-64,-4,534273,0.9963485885747001,0
------------X-------XX----OXXO----OXO-O---O-O-----O------------- X;,341781,30545099,7.395926046210878,63.945640629525926,-64,64,4,64,341734,0.9998624850415909,0
------------X-------XX----OXXO---OOOO-O---X-O------------------- X;,1214504,108831611,5.417999446687701,63.97066786111861,-64,64,4,64,1214041,0.9996187744132584,0
------------X-------XX----XOOO----XOOX----XOO------------------- X;,477012,43840255,-63.53549596236573,-4.905721449355572,-64,64,-64,-4,475636,0.9971153765523718,0
------------X-------XX----XOX-----XOOO----XOO------O------------ X;,391191,35894567,-63.3332515318604,-5.295310986193445,-64,64,-64,-4,390069,0.9971318358551193,0
------------X-------XX----XOX-----XOOOO---XOO------------------- X;,243396,22345714,-63.35520715213068,-5.3486006343571795,-64,64,-64,-4,242615,0.996791237325182,0
------------X-------XX----XOX----OOOO-----X-OOO----------------- X;,876955,81046733,-63.86041244989766,-3.9717089246312525,-64,64,-64,-4,875615,0.9984719854496525,0
------------X-------XX----XOX-O--XXXOO------OO------------------ X;,439226,40284315,-63.20481255663371,-5.929737765979246,-64,64,-64,-4,437967,0.9971335940950672,0
------------X------OOX----XOOXX---OOO------XO------------------- X;,640876,58862648,-63.4952549323114,-5.2869681498449,-64,64,-64,-4,639463,0.9977952053127283,0
------------X------OX-----OOXX----XOXX---XO-O------------------- X;,863376,79187513,-63.072583671540556,-6.757654834046812,-64,64,-64,-4,860902,0.9971345045495821,0
------------X------OXO----OOXO---OXOO-O----O-------------------- X;,1323261,118736247,6.558170308049584,63.9621941551969,-64,64,4,64,1323143,0.9999108263600303,0
------------X------OXO----OXOO---OOOOO----O--------------------- X;,203399,18183985,8.739816813258669,63.680362243668846,-64,64,4,64,203317,0.9995968515086111,0
------------X------OXO----OXOO---OOOOOO------------------------- X;,569137,50866875,7.542054022142296,63.917334490641096,-64,64,4,64,569104,0.9999420174755814,0
------------X------OXO----OXXO---OXOX-O-----O------------------- X;,1088662,97482195,5.670930003986545,63.91565058760203,-64,64,4,64,1085962,0.997519891389614,0
------------X------OXX----OOXX----XOO-----XOO------------------- X;,1045515,96052828,-63.41532450514818,-5.437837811987394,-64,64,-64,-4,1040247,0.9949613348445503,0
------------X------OXX----XOX-----XOO----X--OOO----------------- X;,1103733,101775885,-63.78505943013392,-4.548640839768313,-64,64,-64,-4,1102008,0.9984371220213585,0
------------X------OXX---OOOX-----OXXX---XO--------------------- X;,496355,45489661,-62.548726214100796,-7.379849099938552,-64,64,-64,-4,493885,0.9950237229402343,0
------------X------OXX---XXOX-----XOOX------OO------------------ X;,499274,45854316,-63.65851215965582,-4.991888221697906,-64,64,-64,-4,498493,0.9984357286780405,0
------------X------OXX---XXOX-----XOX-------OOO----------------- X;,692772,63653158,-63.60570577332802,-5.148467316808416,-64,64,-64,-4,691493,0.9981537937445508,0
------------X------X------XXOX----XOOO----OOOO------------------ X;,1244601,114351368,-63.31146367390031,-6.408975245882013,-64,64,-64,-4,1239871,0.9961995852486057,0
------------X------X------XXXXX----XOOO----OO-------O----------- X;,823927,75609453,-63.04100727370265,-7.460323548081322,-64,64,-64,-4,821458,0.9970033752990253,0
------------X------X-----OXXXX----OXXO---OOO-------------------- X;,2385057,219084315,-63.07551266070371,-6.6421108594050375,-64,64,-64,-4,2201088,0.9228659943976182,0
------------X------X-XOO--XXXOO----XOO----X--------------------- X;,22772,2075241,-56.80590198489373,-17.589056736342876,-64,64,-64,-6,22661,0.995125592833304,0
------------X------X-XX--XXOXX-----OO-----OOO------------------- X;,100878,9237925,-63.033803207835206,-5.898094728285652,-64,64,-64,-4,100760,0.9988302702274034,0
------------X------XOO----XXOO----XOOX----OO-------------------- X;,2525416,232912364,-63.724234343965506,-4.492554493992277,-64,64,-64,-4,2519424,0.9976273215977091,0
------------X------XOO--OOOOO----OOOOO-------------------------- X;,1284385,115057047,6.189486797183088,63.93578249512412,-64,64,4,64,1283225,0.9990968440148398,0
------------X------XOX----XOOX----OOOO-----XO------------------- X;,1007679,92604015,-63.47701003990358,-5.365980634706092,-64,64,-64,-4,999782,0.9921631789488518,0
------------X------XOX----XOOX----OOOX----XO-------------------- X;,308861,28309729,-63.22636396307724,-5.950378973065554,-64,64,-64,-4,307786,0.9965194699233636,0
------------X------XX------OX-X---OXOX----X-OO------O----------- X;,312878,28665171,-63.14180287524211,-5.965823739604574,-64,64,-64,-4,312075,0.9974335044330378,0
------------X------XX------OXO---XXOXX----OOO------------------- X;,868389,79655785,-63.4641664046873,-5.380247792176087,-64,64,-64,-4,866688,0.9980412004297613,0
------------X------XX------OXX---XOXX----OOOO------------------- X;,642091,58874872,-62.64897498952641,-7.981770496705296,-64,64,-64,-4,640002,0.9967465670753834,0
------------X------XX------XXOX---OOOOO---XO-------------------- X;,948417,87083202,-63.266905801983725,-5.680886150290432,-64,64,-64,-4,939243,0.9903270396882384,0
------------X------XX-----OOOO----XOOO-----OOO------------------ X;,5134366,468718171,-31.881010235733097,27.09283151999682,-64,64,-64,-2,5113361,0.9959089398769001,0
------------X------XX-----OOOOX---XXOOO----O-------------------- X;,2076704,191915042,-63.62616964189408,-4.3251551496987535,-64,64,-64,-4,2068972,0.9962767924557375,0
------------X------XX-----OOX-X---OOXX---XO-X------------------- X;,197659,18089572,-62.27036967707011,-8.68158292817428,-64,64,-64,-4,197012,0.9967266858579675,0
------------X------XX-----OXXX----OOX----XOOO------------------- X;,434542,39773976,-62.40492518559771,-8.242229749943618,-64,64,-64,-4,432923,0.9962742381633997,0
------------X------XX-----XOOO---XXOOX-----OO------------------- X;,319151,29288206,-63.30161271623777,-5.68950434120526,-64,64,-64,-4,318215,0.9970672189653174,0
------------X------XX-----XOX----XOXOX---O--OO------------------ X;,482979,44346245,-63.39893038827775,-6.0804838305599205,-64,64,-64,-4,481890,0.9977452435820191,0
------------X------XX-----XXO-----XOOO----OOOO------------------ X;,2454148,225965550,-63.52264207374616,-5.273062178809102,-64,64,-64,-4,2446439,0.9968587876525784,0
------------X------XX-----XXOO----XOOO----OO-O------------------ X;,2145004,197292287,-63.61060865154564,-5.17317450223869,-64,64,-64,-4,2138719,0.9970699355339198,0
------------X------XX-----XXX-----OXXO------OO-----O-O---------- X;,1235388,113686365,-63.15143744313527,-6.871986776624024,-64,64,-64,-4,1223223,0.9901528912374088,0
------------X------XX-----XXX-O---OXXO------OOO----------------- X;,1482008,136427647,-63.33619116765902,-6.477677583386864,-64,64,-64,-4,1477120,0.9967017721901636,0
------------X------XX----O-XXO----OXOO-----OOO------------------ X;,2436044,219460978,4.004738830661515,63.97428535773574,-64,64,4,64,2412558,0.9903589590335806,0
------------X------XX----XOOXX----OOO-----OX-O------------------ X;,379060,34824649,-63.42584551258376,-5.475552682952567,-64,64,-64,-4,378044,0.9973196855379096,0
------------X------XX----XXOOO----XOO------OO------O------------ X;,919149,84745950,-63.77378966848683,-4.49924984958913,-64,64,-64,-4,917150,0.9978251621880675,0
------------X------XX----XXOXX----XOOX------OO------------------ X;,250040,22907145,-63.37452807550792,-5.460074388097905,-64,64,-64,-4,249538,0.9979923212286034,0
------------X------XXO----XXX-----XXXO------OO-----O------------ X;,942066,86474873,-63.250139586823,-6.26656094159008,-64,64,-64,-4,933580,0.9909921385550482,0
------------X------XXO---X-OOO----XOXX----OX-------------------- X;,294261,26981615,-63.347718521992384,-5.6092210656526005,-64,64,-64,-4,293735,0.9982124712415169,0
------------X------XXX----XOOOO----OOX----XO-------------------- X;,505988,46454023,-63.000867609508525,-6.3270176367819,-64,64,-64,-4,500745,0.9896380941840518,0
------------X------XXX----XOXX---XOOO----O--O------------------- X;,479104,43895498,-63.04537845645204,-7.559083205316591,-64,64,-64,-4,477608,0.996877504675394,0
------------X------XXX---XXOXX----OOO----O--O------------------- X;,435543,39939522,-63.28505107417637,-6.923176356869471,-64,64,-64,-4,433334,0.9949281701232714,0
------------X-----O-X-----OOXX----OOO-----XOOO------------------ X;,1623143,149272861,-63.68090611856133,-5.285979731915179,-64,64,-64,-4,1620496,0.9983692133102259,0
------------X-----O-X-----OOXX---XOOO---X-XO-------------------- X;,472197,43239662,-62.208529490869275,-9.3394303648689,-64,64,-64,-4,469355,0.9939813255908021,0
------------X-----O-X-----OOXX---XXOX------OO------O------------ X;,1516184,139288741,-63.29473203780016,-6.600902001340207,-64,64,-64,-4,1504254,0.9921315618684804,0
------------X-----O-X-----OOXX---XXOXX-----OO------------------- X;,880222,80770445,-63.11682734582867,-6.750551565400547,-64,64,-64,-4,873743,0.992639356889512,0
------------X-----O-X-----OXXX----OOX----XOO-------O------------ X;,713132,65283283,-62.49005794158725,-9.71432217317411,-64,64,-64,-4,710914,0.9968897763667877,0
------------X-----O-X-----XOXX---OXOO----XXO-------------------- X;,932376,85489757,-62.889883480484265,-6.862947995229392,-64,64,-64,-4,928413,0.9957495688434709,0
------------X-----O-X----OOXXX----OOO----XXO-------------------- X;,263208,24072471,-61.51377237773928,-9.416229749855628,-64,64,-64,-4,261266,0.9926218048083645,0
------------X-----O-XOO---XOX------XOO------OOO----------------- X;,391780,35118385,6.25042625963551,63.89239879524223,-64,64,4,64,390856,0.9976415335137067,0
------------X-----O-XX----OOXO----XXO-O---X-O------------------- X;,1761373,158311304,4.899514185808457,63.889831398573726,-64,64,4,64,1752514,0.994970400931546,0
------------X-----O-XX----OOXX----XOO-----XOO------------------- X;,991360,91246392,-63.58347724338283,-5.006397272433828,-64,64,-64,-4,988255,0.9968679389928986,0
------------X-----O-XX----XOX-----XOOOO--X--O------------------- X;,469096,43147867,-63.76893855415523,-4.5746926002353465,-64,64,-64,-4,468389,0.9984928458140765,0
------------X-----O-XX--X-OOX----XOOO-----XO-------------------- X;,323475,29628379,-62.35831517118788,-7.356599428085633,-64,64,-64,-4,321509,0.9939222505603215,0
------------X-----O-XX--XXOOX-----OOO-----X-O------------------- X;,151828,13920341,-62.33587348842111,-6.701352846642253,-64,64,-64,-4,150455,0.9909568722501778,0
------------X-----OOOO----OXOX---OXOO------O-------------------- X;,1030754,92204293,10.975062915108746,63.8261990736878,-64,64,4,64,1028867,0.9981693013075865,0
------------X-----OOOO---XOOO----OOOOO-------------------------- X;,617436,55214151,12.173431740293731,63.76926677420818,-64,64,4,64,617036,0.9993521595760533,0
------------X-----OOOO---XXOXX----XXO-----X--------------------- X;,504258,46133721,-62.01241031376795,-8.302654593481908,-64,64,-64,-4,501100,0.9937373328732514,0
------------X-----OOOOO---OOXOO--O-XO--------------------------- X;,161425,14420490,9.591482112436116,63.72588508595323,-64,64,4,64,161337,0.9994548551959114,0
------------X-----OOOOO---OXXO---O-XOO-------------------------- X;,256480,22894519,14.416087024329382,63.61738147223955,-64,64,4,64,256298,0.9992903930131004,0
------------X-----OOOOX---XOOX-----XXO-----X-------------------- X;,339284,31002603,-60.592226571250045,-11.278848987868571,-64,64,-64,-4,335749,0.9895809999882105,0
------------X-----OOX-----OOOOO--OXOO------O-------------------- X;,2707085,242872101,5.717801620562339,63.956868365788296,-64,64,4,64,2704217,0.9989405578325025,0
------------X-----OOX-----OOXX----OXXX---XO--------------------- X;,618291,56616181,-62.597021467237916,-8.126915966753518,-64,64,-64,-4,616251,0.9967005827353139,0
------------X-----OOX-----OOXX----XOO----XXO-------------------- X;,889369,81481122,-62.75550081012493,-7.088633626762345,-64,64,-64,-4,884232,0.9942239947648277,0
------------X-----OOX-----OOXX----XOOX---X--O------------------- X;,1010549,92688065,-63.21122577925464,-6.6867900517441505,-64,64,-64,-4,1006115,0.9956122859950384,0
------------X-----OOX-----OXOX---OXOOO-----O-------------------- X;,1228970,110022185,11.046491777667478,63.86263212283457,-64,64,4,64,1228285,0.9994426226840363,0
------------X-----OOX----XOOX-----OOXX----OX-------------------- X;,234598,21437295,-60.71472476321196,-11.009364956222985,-64,64,-64,-4,232962,0.9930263685112405,0
------------X-----OOX----XOOXX----OOX-----OX-------------------- X;,321479,29393182,-61.062554630318,-10.657172008124947,-64,64,-64,-4,320080,0.9956482382986136,0
------------X-----OOX-O---OXXO---OXOO------O-------------------- X;,428207,38252410,9.923441232861677,63.85208789207089,-64,64,4,64,428088,0.9997220970231687,0
------------X-----OOXO-----XOX----XOXX---XO--------------------- X;,1307700,119875457,-63.17288063011394,-6.565697025311616,-64,64,-64,-4,1302838,0.9962820218704596,0
------------X-----OOXX----OOOOO--O-XOO-------------------------- X;,1201202,107639261,6.447689064786772,63.948269316900905,-64,64,4,64,1199393,0.9984940085014844,0
------------X-----OOXX---XXOXX----XOO-------O------------------- X;,616237,56486020,-63.014194214239005,-6.865439757755539,-64,64,-64,-4,614154,0.9966198069898432,0
------------X-----OOXX--XXXOX-----XOO----X---------------------- X;,133775,12224694,-61.25991403475986,-7.309758923565688,-64,64,-64,-4,132982,0.9940721360493365,0
------------X-----OX-X----XOXXX----OOO----XO-------------------- X;,319490,29280757,-63.274634573852076,-5.421562490218786,-64,64,-64,-4,318627,0.997298819994366,0
------------X-----OX-XO---XXXOX----XOO-----X-------------------- X;,338930,31053427,-62.10488891511522,-8.12620895170094,-64,64,-64,-4,337522,0.9958457498598531,0
------------X-----OXX------OXO----XXOO-----OOO------------------ X;,1047884,93927107,7.290855667230343,63.88046482244218,-64,64,4,64,1047133,0.9992833176191258,0
------------X-----OXX-----XOOO----XOOX---X--O------------------- X;,1512864,139213864,-63.53130948981534,-5.134915630221884,-64,64,-64,-4,1499631,0.991253014150644,0
------------X-----X-X-----XXXX----XOOO------OOO----------------- X;,477148,43714272,-62.89689362629624,-8.042919597273801,-64,64,-64,-4,475583,0.9967200952325065,0
------------X-----X-XX----XOOO----XOOO------OO------------------ X;,214780,19694587,-63.28681907067697,-5.86732004842164,-64,64,-64,-4,214219,0.9973880249557687,0
------------X-----X-XX---OXOX-----OOO----OX-O------------------- X;,501955,45998307,-62.55056728192766,-8.104794254465041,-64,64,-64,-4,500081,0.9962665976033708,0
------------X-----XOOO----XXOX----OOO------XO------------------- X;,2352592,217009732,-63.650129304188745,-4.426882774403722,-64,64,-64,-4,2341941,0.9954726531417263,0
------------X-----XOXX----XOX-----XOX-------OOO----------------- X;,399399,36644759,-63.41582227296513,-5.901967706478985,-64,64,-64,-4,397533,0.9953279802903863,0
------------X-----XXO-----XOOO----OOOX----XO-------------------- X;,1337871,123081355,-63.54669545868025,-4.97058759775793,-64,64,-64,-4,1333548,0.9967687467625802,0
------------X-----XXO-----XXOX----XOOX------OO------------------ X;,758333,69606783,-63.36062257609784,-5.5106305541233205,-64,64,-64,-4,755540,0.9963169214579874,0
------------X-----XXOO----XXOO----OOO-O-----O------------------- X;,1194660,106857515,10.087866840774781,63.869858369745366,-64,64,4,64,1194322,0.9997170743140308,0
------------X-----XXOO----XXOO----OOOO------O------------------- X;,2591160,232055486,6.678230213495114,63.952853934145324,-64,64,4,64,2589995,0.9995503944179441,0
------------X-----XXOO----XXOOO---OOO-------O------------------- X;,875012,78271806,12.078121214337632,63.854254570223034,-64,64,4,64,874681,0.9996217194735615,0
------------X-----XXOOO---XXOO----OOO-------O------------------- X;,1063261,95067315,11.049522177527438,63.8479489043612,-64,64,4,64,1063106,0.9998542220583657,0
------------X-----XXX-----OOXO----OOXX----X-O------------------- X;,1863645,171583715,-63.598002301940554,-4.740895932433484,-64,64,-64,-4,1858228,0.9970933305431023,0
------------X-----XXX-----XOOO----XOO------OO------O------------ X;,1377410,126769119,-63.675793699769855,-4.6618675630349715,-64,64,-64,-4,1373715,0.9973174290879259,0
------------X-----XXX-----XXOO----XOOO------OO------------------ X;,832813,76538752,-63.30705812709456,-5.661168833819837,-64,64,-64,-4,829483,0.9960015033386846,0
------------X-----XXX-----XXXO-----XXO-----OOO------------------ X;,1334899,122501785,-63.29370311911238,-6.121593468869181,-64,64,-64,-4,1322383,0.9906240097565434,0
------------X-----XXXX----XXOX-----OOO-----O--O----------------- X;,792986,72940830,-63.379258902427026,-5.664297982562113,-64,64,-64,-4,788006,0.9937199395701816,0
------------X----O-XOO---OOXO----OOOOO-------------------------- X;,143868,12848850,13.300706202908222,63.626087802708035,-64,64,4,64,143843,0.999826229599355,0
------------X----O-XXX---OOOX----XXOO----X---------------------- X;,358848,32841426,-60.96650392366684,-9.079130996968075,-64,64,-64,-4,355691,0.9912024032459426,0
------------X----OO-X----XOXXX----OOO-----XO-------------------- X;,351548,32135705,-60.934162617907084,-12.691504431827232,-64,64,-64,-4,349039,0.9928629945270632,0
------------X----OOOO-----XXXO----XXXX-----O-------------------- X;,4663247,429206151,-63.46884349038342,-6.396575604937933,-64,64,-64,-4,4614070,0.9894543437223033,0
------------X----OOOX----XOOXX----XOX------X-------------------- X;,137726,12591846,-59.962977215631035,-10.941122228192208,-64,64,-64,-4,137081,0.9953167884059655,0
------------X----OOOX----XOXXX----XOO----X---------------------- X;,585896,53645831,-61.607094091784205,-10.164728893865123,-64,64,-64,-4,582319,0.99389482092385,0
------------X----OXXXO----OXOOO----OO-------O------------------- X;,543465,48561630,10.617362663648994,63.857523483573,-64,64,4,64,543345,0.9997791946123485,0
------------X----OXXXO----OXOOO----OO------O-------------------- X;,566906,50634629,11.902918649652676,63.83583168990979,-64,64,4,64,566795,0.9998042003436196,0
------------X----OXXXO----OXOOO----OOO-------------------------- X;,382329,34216877,11.311574586285634,63.755726089310514,-64,64,4,64,380926,0.996330385610299,0
------------X----OXXXX---OOOX-----XOO----X---------------------- X;,668469,61223894,-61.74928231526069,-8.42213924654696,-64,64,-64,-4,663140,0.9920280521609828,0
------------X---O--XOO---OXXO----OOOOO-------------------------- X;,615413,54979088,9.58898983284396,63.82344701850627,-64,64,4,64,552593,0.8979222083381404,0
------------X---X--OXX---XOOOO----XOO----X---------------------- X;,481046,44164264,-63.007982604574195,-5.896533803420047,-64,64,-64,-4,478936,0.9956137250907398,0
------------X-O---XOXO----OOO------OOO-----O-------O------------ X;,204542,18284052,15.65170478434747,63.62379853526415,-64,64,6,64,204538,0.9999804441141673,0
------------X-O---XOXO----OOOO-----OO------O-------O------------ X;,686179,61323893,12.904138715991017,63.82818040190679,-64,64,4,64,686115,0.9999067298766066,0
------------X-X----OOX----XOOX----OOO------XO------------------- X;,751915,68950344,-62.91354873888671,-7.046877639094845,-64,64,-64,-4,749101,0.9962575557077595,0
------------X-X---OX-X----XOXO-----XOO----XO-------------------- X;,399279,36553492,-62.68549310131512,-7.865545145124086,-64,64,-64,-4,398534,0.9981341367815487,0
------------XO-----X-OO---XXXOX----XOO-----X-------------------- X;,43599,3980796,-59.23649624991399,-13.046813000298172,-64,64,-64,-4,43284,0.9927750636482489,0
------------XO-----XO-----XOOO----XOOX----X-O------------------- X;,908082,83406561,-63.52219843582408,-5.7125336698668185,-64,64,-64,-4,905200,0.9968262778031058,0
------------XO-----XXO-----XO-----OOOO----OO------O------------- X;,250550,22387427,7.169906206346039,63.75651965675514,-64,64,4,64,250490,0.99976052684095,0
------------XO----OOOO----OOXOO--O-XO--------------------------- X;,212953,19011233,11.042784088507792,63.626875413823704,-64,64,4,64,212893,0.9997182476884571,0
------------XO----OOOO----XXXO-----XOO-------O------------------ X;,627890,56325782,7.716150918154454,63.80367580308653,-64,64,4,64,627535,0.9994346143432767,0
------------XO----OOXO-----OXO-----XOO-------OO----------------- X;,499890,44701685,7.48939566704675,63.833615395386985,-64,64,4,64,499524,0.9992678389245634,0
------------XO----OOXO----OXXO---O-XOO-------------------------- X;,345259,30839086,12.252595877297912,63.64845232130082,-64,64,4,64,343092,0.9937235524635128,0
------------XO----OXX------OX-----OXOO----OO------O------------- X;,134403,12009728,9.548164847510844,63.701569161402645,-64,64,4,64,134304,0.9992634092988996,0
------------XO----XXX-----OOOO----OOOO----O--------------------- X;,676286,60494597,7.420727325421494,63.881133130066274,-64,64,4,64,675942,0.9994913394628899,0
------------XO----XXXO----OOOO-----OO------O-------O------------ X;,933922,83442202,9.142477637318748,63.8799717749448,-64,64,4,64,933786,0.9998543775604387,0
------------XO----XXXO----OXO-----OOOO----O--------------------- X;,397695,35523027,10.536999459384704,63.692653918203646,-64,64,4,64,397591,0.9997384930662945,0
------------XO---XXXO-----OOOOO---OOO--------------------------- X;,980590,87563683,15.287943992902232,63.84944880123191,-64,64,4,64,980146,0.9995472113727449,0
------------XOX---OX-O----XOXO-----XOO-----X-------------------- X;,291645,26634407,-60.062264053901146,-13.018927120300365,-64,64,-64,-4,290773,0.9970100636047249,0
------------XX-----XX----XXOO-----XOO-----OOO------------------- X;,691014,63428739,-63.210101387236726,-6.198602343802007,-64,64,-64,-4,689455,0.997743895203281,0
------------XX-----XX----XXOXX----OOO----O--O------------------- X;,406496,37275068,-63.229315909627644,-7.2658033535385345,-64,64,-64,-4,405884,0.9984944501298906,0
------------XX-----XXX----XOOO----XOO-----XO-------------------- X;,482330,44267904,-63.358831090746996,-5.513227458379118,-64,64,-64,-4,480689,0.9965977650156532,0
------------XX----XXX-----XXOO-----OOO-----O-O------------------ X;,957646,87940956,-63.3616837537044,-5.913067041474616,-64,64,-64,-4,953840,0.9960256712814547,0
-----------O--------OO-----XOO-----OOOOO----OO------O----------- X;,82295,7340686,11.207825505802296,63.12123458290297,-64,64,4,64,82274,0.9997448204629686,0
-----------O--------OXX---OXOO----XXOO------O-------O----------- X;,2174760,195278648,5.393933123655024,63.97332395298792,-64,64,4,64,2174018,0.9996588129264838,0
-----------O-------O-X----OOX----OXOX-----OOO------O------------ X;,404864,36208934,6.420284342396459,63.926469135314576,-64,64,4,64,404802,0.9998468621561808,0
-----------O-------OO-----XOXO----OOOO-----OOO------------------ X;,331901,29673303,6.415521495867743,63.93584231442509,-64,64,4,64,331631,0.9991865044094473,0
-----------O-------OO-----XXX-----XOOOO----OOO------------------ X;,385683,34497136,6.952940627406445,63.923136358097196,-64,64,4,64,385535,0.999616265171138,0
-----------O-------OO-----XXX-O---XOOO-----OOO------------------ X;,462612,41406234,6.340594277710046,63.94089863643831,-64,64,4,64,462284,0.9992909825080197,0
-----------O-------OO-----XXXO----XOOO-----OOO------------------ X;,375320,33613030,6.381589044015773,63.89194287541298,-64,64,4,64,374191,0.9969919002451242,0
-----------O-------OOX----OXXOO--O-XXO----X--------------------- X;,873579,78172975,7.7970933367216935,63.936432766813304,-64,64,4,64,873378,0.9997699120514573,0
-----------O-------OOX----XOXOO----OOO----XO-------------------- X;,886710,79259545,9.121669993571743,63.88598076033878,-64,64,4,64,886617,0.9998951179077714,0
-----------O-------OOX----XOXOO---OOOO----X--------------------- X;,1380318,123577280,6.706460395358171,63.86526003428195,-64,64,4,64,1371972,0.9939535672214663,0
-----------O-------OOX----XOXOO---OOOOO------------------------- X;,411389,36744029,9.363750610735824,63.726482720733905,-64,64,4,64,410626,0.9981453077257778,0
-----------O-------OOX----XXOXX---XXOO----X--------------------- X;,825503,75731693,-62.96999284072862,-6.509829764398191,-64,64,-64,-4,820468,0.9939006884287519,0
-----------O-------OXX-----OX-----XOOOO----OOO------------------ X;,851244,76146973,6.741598178665576,63.9404953221403,-64,64,4,64,851072,0.9997979427755144,0
-----------O-------OXX-----OX-O---XOOO-----OOO------------------ X;,963000,86177766,6.42953790238837,63.94056178608515,-64,64,4,64,962784,0.9997757009345795,0
-----------O-------OXX----OOOX---XOXX-----OX-------------------- X;,1104835,101497256,-63.05612150230577,-6.0791032145071435,-64,64,-64,-4,1097149,0.9930433051089077,0
-----------O-------OXX----OOXX---XOXX-----OX-------------------- X;,1459847,134013009,-63.15847414146825,-6.152135806012548,-64,64,-64,-4,1452451,0.9949337156565037,0
-----------O-------OXX----XOX-----OOOO------OOO----------------- X;,1047822,93697067,8.304141352252577,63.898956120409764,-64,64,4,64,1047580,0.9997690447423322,0
-----------O-------OXX---OOOO-----XOO-------OO--------O--------- X;,1299481,116398985,7.254540081771107,63.94031694191758,-64,64,4,64,1299436,0.9999653707903386,0
-----------O-------OXX---OOOO-----XOO-------OOO----------------- X;,1636411,146319665,7.752952650648279,63.94562918484415,-64,64,4,64,1636305,0.9999352240971248,0
-----------O-------OXX---X-OOX---OOOX-----OX-------------------- X;,491057,45007798,-63.05585095009337,-7.166982651708458,-64,64,-64,-4,487986,0.9937461435230533,0
-----------O-------OXX---XXOO-----OOO-----OOO------------------- X;,1486216,132911768,8.062598572482061,63.940049763964325,-64,64,4,64,1484805,0.9990506090635547,0
-----------O-------OXXX----XOX----XOX----XOX-------------------- X;,75376,6904424,-62.772487263850564,-5.921792082360433,-64,64,-64,-4,75235,0.9981293780513691,0
-----------O-------OXXX---OOXX----XXO----XX--------------------- X;,1022661,93898767,-63.33551587476202,-5.262316642562882,-64,64,-64,-4,1019022,0.996441636084685,0
-----------O-------XO------XXO----OXXO----OOOO------------------ X;,313373,27975817,9.71844415441024,63.67028429379685,-64,64,4,64,311593,0.9943198680167086,0
-----------O------OO------XOX----XXOO----O-OOO------------------ X;,1146556,102504129,7.780730291411846,63.83144739550445,-64,64,4,64,1146205,0.9996938658033275,0
-----------O------OO-----XXOX-----OOO------OOO------O----------- X;,619896,55472613,7.429985029746925,63.88738110908927,-64,64,4,64,619694,0.9996741388878134,0
-----------O------OO-----XXOX-----OOO----OOOO------------------- X;,465091,41690442,8.675368906300058,63.81307314052519,-64,64,4,64,463755,0.9971274438765747,0
-----------O------OOO-----XOXO-----OOO-----OOO------------------ X;,518863,46382758,6.635890398814331,63.929576786165136,-64,64,4,64,518798,0.9998747260837639,0
-----------O------OOO-----XXXO----XOO------OOO------------------ X;,331863,29649646,6.906030500537873,63.86210574845644,-64,64,4,64,331350,0.9984541813941296,0
-----------O------OOO----OXXXO----XOOOO------------------------- X;,77799,6944426,6.841347575161635,63.84246584146326,-64,64,4,64,77796,0.9999614390930475,0
-----------O------OOOO---OOXXX---OXXX--------------------------- X;,772974,69146951,11.087838659515068,63.76686537968936,-64,64,4,64,771884,0.99858986201347,0
-----------O------OOOO---OXOXX----XXO--------O------------------ X;,876795,78654467,5.567706248324865,63.87000724228582,-64,64,4,64,872121,0.9946692214257609,0
-----------O------OOOO---OXXOX----XXO-------O------------------- X;,1100298,98575419,6.469488265906145,63.91777409392728,-64,64,4,64,1099794,0.9995419422738203,0
-----------O------OOOOO--OXXXO----OOO--------------------------- X;,448,39842,17.069196428571427,56.140625,-64,64,6,64,446,0.9955357142857143,0
-----------O------OOOX----XOXX----XXOO----X--------------------- X;,2707048,249315564,-63.416786846779225,-5.201683900691823,-64,64,-64,-4,2692557,0.9946469364414668,0
-----------O------OOX----OOOOOO---XOOO-------------------------- X;,1482001,132663141,5.736768733624336,63.967848199832524,-64,64,4,64,1481868,0.9999102564708121,0
-----------O------OOX----OXXX-----OOO------OOO------------------ X;,82840,7392622,9.73959439884114,63.52151134717528,-64,64,4,64,82806,0.999589570255915,0
-----------O------OOX----OXXX-----OOOOO----O-------------------- X;,121897,10877729,18.480069238783564,63.30263255043192,-64,64,6,64,121842,0.9995487993962116,0
-----------O------OOX----OXXXX---OXOOO-------------------------- X;,301269,26915031,13.214479418725459,63.66948806548301,-64,64,4,64,301075,0.9993560572113294,0
-----------O------OOX-O--OXXXO----XOOO-------------------------- X;,312772,27954836,7.57723197728697,63.87152942079214,-64,64,4,64,312645,0.9995939534229407,0
-----------O------OOXX----OOXX----XXO-----X-O------------------- X;,1720281,158413896,-63.52384755746299,-4.7021701687108095,-64,64,-64,-4,1715273,0.9970888476940686,0
-----------O------OOXX--XXOOX-----OXO-----X--------------------- X;,1400326,128758391,-63.09201428810149,-5.70348047526076,-64,64,-64,-4,1394110,0.9955610336450227,0
-----------O------OX-X---OOXOO-----XO-----O-O-------O----------- X;,616372,55080825,9.407247571271894,63.914279039281475,-64,64,4,64,616282,0.9998539842822192,0
-----------O------OXO----OOOXX----OXO--------O--------O--------- X;,408787,36524210,6.994040906388902,63.92297944895508,-64,64,4,64,408753,0.9999168271006661,0
-----------O------OXOX---O-XXXX----XO-------O-------O----------- X;,634341,56753254,9.31954894922447,63.874301046282675,-64,64,4,64,633687,0.9989690087823426,0
-----------O------OXOX---OXXXO----OOO-O------------------------- X;,29087,2594963,20.889572661326365,63.287207343486784,-64,64,8,64,29076,0.9996218241826246,0
-----------O------OXX----OOXO-----OOO-----OOO------------------- X;,205004,18304460,8.07343271350803,63.73310764668007,-64,64,4,64,204945,0.9997122007375466,0
-----------O------OXXO---OXXX------OOOO----O-------------------- X;,70292,6272463,17.561813577647527,63.53449894724862,-64,64,4,64,70284,0.9998861890400046,0
-----------O------OXXX-----OXO-----XOO------OO------O----------- X;,612951,54783342,8.440810113695875,63.84981670639252,-64,64,4,64,612688,0.9995709281818612,0
-----------O------OXXX---O-OXOO----XO-----XO-------------------- X;,214378,19181437,7.0602627135247085,63.9131020906996,-64,64,4,64,214287,0.9995755161443804,0
-----------O------XO-O----XXX------OOOO---OO-----O-------------- X;,154750,13833465,10.730313408723749,63.703056542810984,-64,64,4,64,154727,0.9998513731825525,0
-----------O------XO-O----XXX------OOOO--OOO-------------------- X;,133314,11894908,11.958796525496197,63.58993804101595,-64,64,4,64,133281,0.9997524641072956,0
-----------O------XO-O---XXXX----O-OOOO----O-------------------- X;,175925,15714428,7.548711098479465,63.90094074179338,-64,64,4,64,175856,0.9996077874094074,0
-----------O------XO-OO---XXXO-----OOO-----O--O----------------- X;,46642,4163124,16.784507525406287,62.954011406028904,-64,64,4,64,46630,0.9997427211526092,0
-----------O------XO-X----XOOO----XOO-----O-O----O-------------- X;,745342,66616332,10.363764553721648,63.89205089744037,-64,64,4,64,745196,0.999804116767873,0
-----------O------XOO-----OOOO-----OOO-----OOO------------------ X;,426331,38070477,9.16223310057209,63.858293204106666,-64,64,4,64,425999,0.9992212623524914,0
-----------O------XOO-----XXXO----XOOOO----O-------------------- X;,417067,37278984,7.366624547135112,63.94186545567019,-64,64,4,64,417013,0.9998705244001563,0
-----------O------XOO-----XXXO---OXOOOO------------------------- X;,232107,20744851,7.374861594006212,63.89459602683245,-64,64,4,64,232061,0.9998018155419699,0
-----------O------XOO-X---OOOX----OXXX----X--------------------- X;,1060550,97312498,-62.99770873603319,-6.981996134081373,-64,64,-64,-4,1055276,0.995027108575739,0
-----------O------XOOO----XOXO-----OOOO----O-------------------- X;,87134,7783587,14.25017788693277,63.53794156127344,-64,64,4,64,87124,0.9998852342369224,0
-----------O------XOOO----XXXXO----OOO-O------------------------ X;,660834,59015808,15.686325158814467,63.70450218965731,-64,64,4,64,660633,0.9996958388944879,0
-----------O------XOOO-O--XXXXO----OOO-------------------------- X;,449809,40208116,12.889106265103633,63.78251213292753,-64,64,4,64,449670,0.9996909799492674,0
-----------O------XOOX---XXXXO-----OO------O-------O------------ X;,527336,47137889,12.849488751005051,63.810022452478115,-64,64,4,64,527218,0.9997762337485019,0
-----------O------XOX------OO-----XOXXX--XOX-------------------- X;,45577,4174547,-62.696469710599644,-5.589420102244553,-64,64,-64,-4,45485,0.9979814380060118,0
-----------O------XOX-----OOO-----OXXXX---XX-------------------- X;,686140,62832019,-62.364304660856384,-8.475678432972863,-64,64,-64,-4,683237,0.9957690850263795,0
-----------O------XOX-----OXX----OOOOOO----O-------------------- X;,255924,22846330,13.377127584751722,63.620707710101435,-64,64,4,64,255882,0.9998358887794814,0
-----------O------XOX-----XOX-----XOXX----XOO------------------- X;,1674029,153841593,-63.36267591541126,-5.489101443284436,-64,64,-64,-4,1658085,0.9904756727631361,0
-----------O------XOX----XXOX----O-OOOO----O-------------------- X;,332644,29703049,10.162477002441047,63.81083981674102,-64,64,4,64,332621,0.9999308570123014,0
-----------O------XOX---OOOOO----OXOOO-------------------------- X;,263714,23622034,11.268120008797409,63.665360959220976,-64,64,4,64,263469,0.9990709632404802,0
-----------O------XOX-O---XXXO---OXOOO-------------------------- X;,460730,41236687,9.775825320686737,63.87706031732251,-64,64,4,64,459012,0.9962711349380331,0
-----------O------XOXX-----OX-----OOOO----XO-------O------------ X;,3826582,342557400,8.565534725245664,63.950582791640166,-64,64,4,64,3826234,0.9999090572213009,0
-----------O------XOXX-----OX-----XOOO---X---O-------O---------- X;,2249275,201746864,6.469453045981483,63.98395705282813,-64,64,4,64,2246501,0.9987667137188649,0
-----------O------XOXX----XOX------OOO----OO-----O-------------- X;,1241239,111023281,9.025782303005304,63.919212174287146,-64,64,4,64,1241188,0.9999589120225839,0
-----------O------XOXX----XOX------OOO---OOO-------------------- X;,757604,67710258,11.29942027761205,63.762118468223505,-64,64,4,64,753660,0.9947941140754273,0
-----------O------XOXX----XXX-----OOOO-------O--------O--------- X;,655070,58653562,10.016549376402521,63.84656754240005,-64,64,4,64,655017,0.9999190926160563,0
-----------O------XOXX----XXX-----OOOO-------O-------O---------- X;,617571,55253889,9.734535786168715,63.844608959941446,-64,64,4,64,617192,0.9993863053802721,0
-----------O------XOXX---XXOO------OOO-----O-------O------------ X;,1723777,154231129,9.103681044589875,63.92591037007687,-64,64,4,64,1723466,0.9998195822313443,0
-----------O------XOXX---XXOX------OO------O-O-----O------------ X;,990843,88629699,11.698040961080615,63.90101559984781,-64,64,4,64,990579,0.9997335602108508,0
-----------O------XOXX---XXOX------OOO-----O-------O------------ X;,1498904,134233309,7.799169926826535,63.95162665520941,-64,64,4,64,1498768,0.9999092670377823,0
-----------O------XOXX---XXXO------OOO-----O-------O------------ X;,1068246,95521918,11.436760821009393,63.91291893440275,-64,64,4,64,1067191,0.9990123997655971,0
-----------O------XOXXX---XOOX----XOO----X---------------------- X;,531695,48784023,-62.969792832356895,-5.89586134908171,-64,64,-64,-4,529969,0.9967537780118301,0
-----------O------XXOO----XXXO-----OOOO----O-------------------- X;,127745,11396766,19.40313123801323,63.17725938392892,-64,64,8,64,126758,0.9922736702023562,0
-----------O------XXOOO----XXOX----XO-------O-------O----------- X;,1263880,113046230,10.139278254264646,63.89930610500997,-64,64,4,64,1263354,0.9995838212488527,0
-----------O------XXOOO---XXXO----OOO-O------------------------- X;,37510,3346250,16.679685417222075,62.841668888296454,-64,64,4,64,37467,0.9988536390295921,0
-----------O------XXOX-----XXOX----XO-O-----O-------O----------- X;,1218789,109084670,8.196772369950828,63.92400489338187,-64,64,4,64,1218395,0.9996767282934126,0
-----------O------XXXO----OXXO----OOOO----O--------------------- X;,160090,14304968,11.051458554563059,63.59611468548941,-64,64,4,64,158922,0.9927041039415329,0
-----------O------XXXX-----OXOO----XO----OOO-------------------- X;,203765,18208944,6.84333914067676,63.92389762716855,-64,64,4,64,203636,0.9993669177729247,0
-----------O------XXXX-----OXOO---OOO-----XO-------------------- X;,919157,82331934,7.534894473958203,63.94218071559048,-64,64,4,64,918358,0.999130725218869,0
-----------O------XXXX----OOOO----OOO-----O--O------------------ X;,380734,34074908,8.91652965062222,63.859019683033296,-64,64,4,64,380538,0.9994852048937053,0
-----------O------XXXX----OOOO----OOO-----O-O------------------- X;,328971,29399455,12.10306075611528,63.71584729353043,-64,64,4,64,326460,0.9923671083469363,0
-----------O------XXXX----OOOO----OOO-----OO-------------------- X;,533214,47742911,9.99595096902932,63.81969528181931,-64,64,4,64,532873,0.9993604819078269,0
-----------O------XXXX----OOOO----OOOO----O--------------------- X;,543510,48638857,8.558350352339424,63.91081120862542,-64,64,4,64,543365,0.9997332155802101,0
-----------O------XXXXO----OOOOO--OOO--------------------------- X;,187654,16729307,20.64281603376427,63.27891225340254,-64,64,10,64,187456,0.9989448666162192,0
-----------O-----OOOO----XXOX-----OOO--------O--------O--------- X;,262210,23451705,10.666690820334846,63.70323404904466,-64,64,4,64,262173,0.9998588917280042,0
-----------O-----OOOOO----OXX------OOOO----O-------------------- X;,62431,5573638,9.997341064535247,63.63149717287886,-64,64,4,64,62422,0.9998558408482965,0
-----------O-----OOOOOO---OXXO----OOO--------------------------- X;,167,14895,23.34131736526946,48.89820359281437,-64,64,22,64,167,1.0,0
-----------O-----OOOOX-----XXOO----XXO----X--------------------- X;,1186336,106357735,7.801201345993041,63.95731731988239,-64,64,4,64,1185525,0.9993163825425512,0
-----------O-----OOOOX-----XXXX----XO-------O-------O----------- X;,215534,19291949,9.086942199374576,63.90080915308025,-64,64,4,64,214730,0.9962697300657901,0
-----------O-----OOOX-----OXX-----XOO------OOO------------------ X;,548516,49049915,6.785180377600653,63.8818411860365,-64,64,4,64,548343,0.9996846035484835,0
-----------O-----OOOX-----OXX-----XOOOO----O-------------------- X;,766014,68471482,6.36626615179357,63.929093985227425,-64,64,4,64,765764,0.9996736352077116,0
-----------O-----OOOX-----OXXX---OXOOO-------------------------- X;,826680,73995627,6.226060869985968,63.83752600764504,-64,64,4,64,821902,0.994220254512024,0
-----------O-----OOOX----OOXO----OXOOO-------------------------- X;,33980,3026486,23.221365509123014,61.509829311359624,-64,64,12,64,33967,0.9996174220129488,0
-----------O-----OOOX----OOXXX----XOOO-------------------------- X;,300132,26783555,19.21806071994989,63.39929431050338,-64,64,4,64,299570,0.9981274905708155,0
-----------O-----OX-OX----OXOO----XOO------O-------O------------ X;,385828,34470884,11.719613402863452,63.67441191411717,-64,64,4,64,385720,0.9997200825238189,0
-----------O-----OXOO----XXXXO-----OOOO------------------------- X;,188647,16822706,20.565914114722204,63.553621313882545,-64,64,8,64,188627,0.9998939818815036,0
-----------O-----OXOX----XXOX------OOOO----O-------------------- X;,201718,17988042,19.052984860052153,63.27781358133632,-64,64,6,64,201662,0.9997223847152956,0
-----------O-----OXOX---XXXOO----O-OOO-------------------------- X;,7010,622139,35.2,61.29272467902996,-64,64,36,64,7008,0.9997146932952924,0
-----------O-----OXOX-O--XXXXO-----OOO-------------------------- X;,96883,8632450,24.686405251695344,62.91882992888329,-64,64,12,64,96707,0.998183375824448,0
-----------O-----OXXX----OXXO----OOOO-------O------------------- X;,46886,4178384,22.571620526383143,63.09314080962334,-64,64,10,64,46876,0.9997867167171437,0
-----------O-----OXXX---OOOOO-----XOO-------O------------------- X;,324226,28949170,13.89845971637068,63.46760592919753,-64,64,4,64,324109,0.9996391405994584,0
-----------O-----XXO------XOX-----OOO-----OOO-----O------------- X;,528108,47226245,9.956041188544768,63.77372620751816,-64,64,4,64,526610,0.9971634589894491,0
-----------O-----XXO------XOX----OOOO------OOO------------------ X;,393909,35179541,11.938488331061235,63.73372022472196,-64,64,4,64,393790,0.9996978997687284,0
-----------O-----XXOX-----OOOX-----OO-X----XO------------------- X;,670964,61682289,-63.385838882563,-5.7200594964856535,-64,64,-64,-4,665049,0.9911843258356633,0
-----------O-----XXOXX----OOO------OOX-----XO------------------- X;,2213040,204107473,-63.53326103459494,-5.027280121461881,-64,64,-64,-4,2205644,0.9966579908180603,0
-----------O----X-OOXX---XOOX-----XOO----X---------------------- X;,531838,48784096,-62.014308868490026,-6.780147338099195,-64,64,-64,-4,525078,0.9872893625502502,0
-----------O----XXOOX----OXOO----O-OOO-------------------------- X;,8656,769758,37.09750462107209,59.25854898336414,-64,64,64,64,8651,0.9994223659889094,0
-----------O--O----OOO----XOXO----OOOO-------O------------------ X;,98984,8837631,20.306584902610524,63.113179907863895,-64,64,8,64,98969,0.9998484603572294,0
-----------O--O---OXXO---OXXOX----OOO--------------------------- X;,92169,8217500,29.379574477318837,63.15377187557639,-64,64,18,64,92146,0.999750458397075,0
-----------O--O---OXXO---OXXXX----OOO--------------------------- X;,41944,3740308,32.353971962616825,62.52596318901392,-64,64,22,64,41937,0.9998331108144193,0
-----------O--O---XOXO-----OXX----OOOO----X--------------------- X;,1589553,142222697,10.447368536940889,63.918895437899835,-64,64,4,64,1589503,0.9999685446160022,0
-----------O--O---XXOO----XXOO----OOO-O------------------------- X;,62185,5552763,28.431245477205113,62.785092868054996,-64,64,16,64,62171,0.999774865321219,0
-----------O--O---XXOO----XXXO----OOO-O------------------------- X;,37631,3358639,31.50354760702612,62.12069836039436,-64,64,22,64,37627,0.9998937046583933,0
-----------O--O---XXOXX----XOO-----XO-------O-------O----------- X;,644551,57569209,18.24891280907174,63.79793530690357,-64,64,6,64,644531,0.9999689706477842,0
-----------O--O---XXXO----XXOO-----OOOO------------------------- X;,148454,13234146,21.131064168025112,63.454827758093415,-64,64,10,64,148218,0.998410281972867,0
-----------O--O---XXXO----XXXO----OOOO-------------------------- X;,206967,18459552,25.635637565408977,63.111138490677256,-64,64,12,64,206941,0.9998743761082685,0
-----------O--O---XXXOO---XXOO----OOO--------------------------- X;,222372,19840901,25.64595362725523,63.15197956577267,-64,64,14,64,221617,0.9966047883726369,0
-----------O--O---XXXOO---XXXO----OOO--------------------------- X;,142888,12739115,32.93404624601086,62.86877834387772,-64,64,22,64,142867,0.9998530317451431,0
-----------O--X----OXX----OOX-----OOXX---XO--------------------- X;,1186668,108905451,-63.3029061203302,-6.476039633663333,-64,64,-64,-4,1183985,0.9977390474842163,0
-----------O--X--XXOOX-----OO-----XXO----X-X-------------------- X;,96919,8860509,-60.38332009203562,-12.432268182709272,-64,64,-64,-4,96690,0.997637202199775,0
-----------O-O-----XXO-----XXO-----XOO------OO------O----------- X;,540793,48373252,11.476383754967243,63.835804087700836,-64,64,4,64,540552,0.9995543581370321,0
-----------O-O----XOOX-----OXOO----XO-----XO-------------------- X;,441300,39501425,9.297507364604577,63.9004260140494,-64,64,4,64,441183,0.9997348742352141,0
-----------O-O----XXOO----XXXO----OOO-O------------------------- X;,21071,1876329,20.646623321152294,62.431446063309764,-64,64,10,64,21058,0.999383038299084,0
-----------O-O----XXOOO---XOXO----OOO--------------------------- X;,17099,1523943,22.75086262354524,61.57968302239897,-64,64,12,64,17095,0.9997660681911222,0
-----------O-O----XXXO----XXXO-----OOOO------------------------- X;,210276,18772628,14.774876828549145,63.606992714337345,-64,64,4,64,209874,0.9980882269017862,0
-----------O-X-----OOO----OOO----XXXXX----X--------------------- X;,475369,43585522,-62.61583107017917,-7.426140535036993,-64,64,-64,-4,473230,0.9955003376324497,0
-----------O-X-----OOX-----XOO---XXXOO----X--------------------- X;,332769,30546208,-62.91389221952766,-6.056294306260499,-64,64,-64,-4,331364,0.9957778519032723,0
-----------O-X-----OOX----OOOO---XXXO-----X--------------------- X;,428597,39311943,-62.91367181758155,-6.149574075413501,-64,64,-64,-4,426421,0.9949229695961475,0
-----------O-X----OOOO----XXXX----XXO-----X--------------------- X;,1916684,176093133,-62.91868873533665,-6.33665643371573,-64,64,-64,-4,1899784,0.9911826884348176,0
-----------O-X----OOOX----XOOO----XXO-----X--------------------- X;,479996,44043181,-62.51987933232777,-6.320694339119493,-64,64,-64,-4,476694,0.9931207760064668,0
-----------O-X----OOX------OO----XXXOX----X-O------------------- X;,529607,48676326,-63.5272116871567,-4.98011166770832,-64,64,-64,-4,528268,0.9974717101548884,0
-----------O-X----OOX-----XOO-----XXOX----X-O------------------- X;,1253760,115345006,-63.36683416283818,-4.892247320061256,-64,64,-64,-4,1246909,0.9945356368044921,0
-----------O-X----OOX-----XOX-----XOOX----X-O------------------- X;,1570974,144788159,-63.5685536488828,-4.853785613256489,-64,64,-64,-4,1565718,0.9966543049089291,0
-----------O-X----OOX----OOOO-----XXXX----X--------------------- X;,876640,80474184,-62.4335131867129,-7.112503422157328,-64,64,-64,-4,872210,0.9949466143456835,0
-----------O-X----OOXX----XOOO----XXO-----X--------------------- X;,649742,59573949,-62.1336561281247,-6.756494116126093,-64,64,-64,-4,644230,0.9915166327557707,0
-----------OO------XOX-----XOO-----XOO------OO------O----------- X;,332367,29702503,13.199394043331619,63.541515854462084,-64,64,4,64,330953,0.9957456666877277,0
-----------OO-----OOO----OXXOX----XOOO-------------------------- X;,557244,49745066,16.554347826086957,63.667059672244115,-64,64,4,64,557066,0.9996805708091967,0
-----------OO-----OOXX---OXOO-----XOOO-------------------------- X;,336258,30029680,13.666868892338622,63.56742144424817,-64,64,4,64,336153,0.999687739771247,0
-----------OO-----OXOX----XXXO-----XOO-------O------------------ X;,294077,26304950,11.340791697412582,63.530952777673875,-64,64,4,64,292187,0.9935731118040513,0
-----------OO-----OXOX---OXXOX----OOO--------------------------- X;,138235,12322985,24.043339241147322,63.36715737693059,-64,64,12,64,138180,0.9996021268130357,0
-----------OO-----XOO-----XXOX---OXOOO-------------------------- X;,763667,68253772,12.546163445585576,63.870329607014575,-64,64,4,64,763365,0.9996045396750154,0
-----------OO-----XOOOO---XXXO-----OOO-------------------------- X;,45210,4036213,18.21988498119885,62.75330679053307,-64,64,4,64,45189,0.999535500995355,0
-----------OO-----XOOX-----OXX----OOOO----X--------------------- X;,4037062,362974967,5.0297065043836335,63.99121861393261,-64,64,4,64,4034970,0.9994818013694117,0
-----------OO-----XOOX----OOOO-----XOO-------O------------------ X;,1308388,117095850,8.78552157311134,63.87274952078435,-64,64,4,64,1305097,0.997484691085519,0
-----------OO-----XOOX----XXXO-----OOOO------------------------- X;,218814,19533645,19.2116135165026,63.364629319878986,-64,64,6,64,218627,0.9991453928907656,0
-----------OO-----XOXO----XXXXO----OOO-------------------------- X;,57665,5137759,20.389178878002255,63.523072921182695,-64,64,8,64,57651,0.9997572184167173,0
-----------OO-----XOXX----XOO------OOOO----O-------------------- X;,157411,14049648,21.081766839674483,63.224196530102724,-64,64,10,64,157371,0.9997458881526704,0
-----------OO-----XXOO----XXO------OOOO----O-------------------- X;,185032,16507494,18.63348501880756,63.429293311427216,-64,64,6,64,184988,0.9997622032945652,0
-----------OO-----XXOO----XXXXO---OOO--------------------------- X;,900800,80655825,6.679885657193606,63.862878552397866,-64,64,4,64,895852,0.9945071047957371,0
-----------OO-----XXOOO---XXXO----OOO--------------------------- X;,22470,2002478,18.418024032042723,62.899643969737426,-64,64,6,64,22461,0.9995994659546061,0
-----------OO-----XXOX----XOXO----OOO-O------------------------- X;,245805,21942595,14.197648542543886,63.700620410487986,-64,64,4,64,245278,0.9978560240841318,0
-----------OO-----XXOX----XXOO-----OOOO------------------------- X;,183645,16398097,19.709232486590977,63.25726265348907,-64,64,6,64,183480,0.9991015274034142,0
-----------OO-----XXOX----XXXO----OOO-O------------------------- X;,366630,32715763,15.316700760985189,63.73074762021657,-64,64,4,64,366569,0.9998336197256089,0
-----------OO-----XXOXO---XXOO----OOO--------------------------- X;,188755,16829585,23.568085613626128,63.243771025933086,-64,64,12,64,188606,0.9992106169372996,0
-----------OO-----XXXO----XOOOO---OOO--------------------------- X;,152787,13623808,19.207923448984534,63.014320590102564,-64,64,8,64,152683,0.9993193138159661,0
-----------OO-----XXXO----XXOOO----OOO-------------------------- X;,71893,6413911,14.893995242930465,63.403919714019445,-64,64,4,64,71863,0.9995827131987816,0
-----------OO-----XXXXO---XOXO----OOO--------------------------- X;,119472,10645406,21.00998560332128,63.4818283781974,-64,64,10,64,119408,0.9994643096290344,0
-----------OO-----XXXXO---XXOO-----OOO-------------------------- X;,155006,13822450,18.051559294478924,63.33825787388875,-64,64,4,64,154787,0.9985871514651046,0
-----------OO----OXOO----XXXOX-----OOO-------------------------- X;,276066,24617112,21.10322169336318,63.422072982547654,-64,64,10,64,275920,0.999471140959046,0
-----------OO----OXOXX---XXOO------OOO-------------------------- X;,455566,40697086,14.10661901897859,63.69780009921724,-64,64,4,64,455395,0.999624642752093,0
-----------OO-O---XOXO----XXOX-----OOO-------------------------- X;,267494,23874018,21.68361907182965,63.327999880371145,-64,64,10,64,267479,0.9999439239758648,0
-----------OO-O---XXOO----XXOX----OOO--------------------------- X;,133017,11866956,27.74902456077043,62.876083508123024,-64,64,14,64,133000,0.9998721967868769,0
-----------OO-O---XXXO----XOOX----OOO--------------------------- X;,140753,12539626,31.103010237792446,62.80640554730628,-64,64,20,64,140702,0.9996376631403949,0
-----------OO-O---XXXO----XXOX-----OOO-------------------------- X;,104550,9314187,24.604294595887136,62.95733142037303,-64,64,12,64,104513,0.9996461023433764,0
-----------OOO-----OOO----XOXO----OOOO-------------------------- X;,7174,638836,18.3574017284639,61.473654864789516,-64,64,4,64,7170,0.9994424310008364,0
-----------OOO-----OXX----OOOO-----XOO-------O------------------ X;,190458,16991834,14.000152264541263,63.27818731688876,-64,64,4,64,190406,0.99972697392601,0
-----------OOO-----XXO-----XXOO----XOO-------O------------------ X;,55827,4978603,14.88260160854067,63.2874236480556,-64,64,4,64,55776,0.9990864635391478,0
-----------OOO----OXO-----XXXO-----XOO-------O------------------ X;,346021,30894576,12.737781810930551,63.68058008039974,-64,64,4,64,345792,0.9993381904566486,0
-----------OOO----OXX------XXO----XXOO-------O------------------ X;,165874,14841306,8.352725562776566,63.674222602698435,-64,64,4,64,165519,0.997859821310151,0
-----------OOO----OXXX-----OXO-----XOO-------O------------------ X;,39789,3547733,16.11540878132147,63.11020633843525,-64,64,4,64,39785,0.9998994697026816,0
-----------OOO----XOXO----XXXO-----OOO-------------------------- X;,58083,5179610,13.734362894478592,63.246853640480005,-64,64,4,64,58065,0.9996900986519291,0
-----------OOO----XXX-O---XXXO-----OOO-------------------------- X;,275842,24647465,11.053896795991909,63.82834738727242,-64,64,4,64,275739,0.9996265978349925,0
-----------OOO----XXXO-----OOOO---OOO--------------------------- X;,29587,2637124,21.365261770372122,61.200594855848856,-64,64,12,64,29568,0.9993578260722614,0
-----------OOO----XXXO----XXOO-----OOO-------------------------- X;,110545,9869551,11.586258989551766,63.59955674159844,-64,64,4,64,109447,0.9900673933692161,0
-----------OOOO----XXX-----XXO-----XOO-------O------------------ X;,25899,2306960,25.25676667052782,62.23217112629831,-64,64,14,64,25891,0.9996911077647785,0
-----------OOX-----OXX----OOOO-----XOO-------O------------------ X;,766790,68557766,10.70713624329999,63.76238996335372,-64,64,4,64,766601,0.9997535179123358,0
-----------OOX-----XOX-----XOO---XXXO-----X--------------------- X;,439494,40281359,-62.41732537873099,-6.791055167988642,-64,64,-64,-4,435654,0.9912626793539844,0
-----------OOX-----XOX----XXOO----XXO-----X--------------------- X;,347763,31861800,-61.95644735063822,-6.700856617869066,-64,64,-64,-4,344535,0.9907178164439575,0
-----------OOX-----XXO-----XXOO----XOO-------O------------------ X;,190177,16981797,14.371070108372727,63.4567639619933,-64,64,4,64,185164,0.9736403455728085,0
-----------OOX----OXXX-----OXO-----XOO-------O------------------ X;,149904,13393647,15.828456879069272,63.58213923577756,-64,64,4,64,148977,0.9938160422670509,0
-----------OX-------X-----XXXO----OXOO------OO------O----------- X;,283984,25467511,6.352952983266663,63.87925023945011,-64,64,4,64,279633,0.9846787142937631,0
-----------OX-------X-----XXXO----OXOO------OO-----O------------ X;,396610,35577128,6.904245984720506,63.88668717379794,-64,64,4,64,396142,0.9988199994957263,0
-----------OX-------X-----XXXO----OXOO-----OOO------------------ X;,336083,30186499,7.054272307733506,63.7325035779852,-64,64,4,64,334243,0.9945251619391638,0
-----------OX-------XX----OOXO-----XO------OOO----O------------- X;,246375,22032191,6.170703196347032,63.91414307458143,-64,64,4,64,246327,0.9998051750380518,0
-----------OX-------XX----OOXOO----XO------O-O----O------------- X;,35259,3145605,10.331716724807851,63.662894580107206,-64,64,4,64,35253,0.9998298306815281,0
-----------OX------OO------OOO----XOXXX--X--X------------------- X;,604904,55532398,-63.014359303294405,-6.736992977398066,-64,64,-64,-4,602724,0.9963961223599117,0
-----------OX------OO------OOO---XXXOX-----XO------------------- X;,1583151,145799245,-63.38145445380763,-5.337675938681781,-64,64,-64,-4,1576317,0.9956832923707214,0
-----------OX------OO------OOO---XXXOX----X-O------------------- X;,1065892,98038715,-63.41070014598102,-5.227523989297227,-64,64,-64,-4,1056621,0.991302120665133,0
-----------OX------OO------OXO----XOOO-----OOO------------------ X;,1479273,132749903,4.897096073544234,63.925479610592504,-64,64,4,64,1473073,0.995808752001828,0
-----------OX------OO----X-OOO----XXOX-----XO------------------- X;,1798645,165693431,-63.48728737466259,-5.160988410720292,-64,64,-64,-4,1792678,0.9966825026617259,0
-----------OX------OOO---XXOO----OOOOO-------------------------- X;,705719,63089824,9.903688295199647,63.78794250969579,-64,64,4,64,704445,0.998194748901475,0
-----------OX------OOOO---OOXO-----XOO-------O------------------ X;,745240,66598385,11.621571574257958,63.66425044281037,-64,64,4,64,742539,0.9963756642155547,0
-----------OX------OX------OX-X---XOOX---X--XO------------------ X;,401864,36864905,-63.48707522943085,-5.607061095295921,-64,64,-64,-4,401197,0.9983402345071964,0
-----------OX------OX-----OOOO----XOOO-----O-O------------------ X;,1003881,89976182,6.390182700937661,63.953336102585865,-64,64,4,64,1002387,0.9985117757981274,0
-----------OX------OX-----OOX-----XXXXX--X--X------------------- X;,178117,16310353,-62.97942363727213,-6.4945513342353625,-64,64,-64,-4,177413,0.9960475417843327,0
-----------OX------XO-----XOO-----XOOX----XOO------------------- X;,1327357,122135252,-63.393765204086016,-5.179958368396746,-64,64,-64,-4,1316653,0.9919358544837599,0
-----------OX------XO-----XXOO----OXOX-----XO------------------- X;,6453975,596631947,-63.68789962774879,-4.430102378766574,-64,64,-64,-4,6432504,0.9966732130198831,0
-----------OX------XOO----XXOX----XOO-----XO-------------------- X;,2267282,208273316,-63.04096887815455,-5.965729891561791,-64,64,-64,-4,2252154,0.9933276936878607,0
-----------OX------XX------XXO----OXOO-----O-O------O----------- X;,121142,10852012,6.5350580310709745,63.83888329398557,-64,64,4,64,120135,0.9916874411847254,0
-----------OX------XX------XXO----OXOO-----O-O----O------------- X;,250035,22384195,5.7956046153538505,63.9154998300238,-64,64,4,64,249753,0.9988721578978943,0
-----------OX------XX-----OXOO----OOOO----O--O------------------ X;,172366,15416575,10.255404198043697,63.65934697098036,-64,64,4,64,172250,0.9993270134481278,0
-----------OX------XX-----OXOO----XOOO------OO------------------ X;,470531,42061391,11.12808295308917,63.75890642699418,-64,64,4,64,468479,0.9956389695896763,0
-----------OX------XX-----OXOO---OOOOO-------O------------------ X;,989063,88566023,5.952052599278307,63.927576908649904,-64,64,4,64,988560,0.9994914378558292,0
-----------OX------XXX----OXXO-----XO------OO-----O------------- X;,433027,38817090,5.227971927847455,63.967805702646714,-64,64,4,64,432961,0.9998475845617016,0
-----------OX------XXX----XOX----OOOO-----XO-------------------- X;,1520595,139752738,-63.3015964145614,-5.6234756789283145,-64,64,-64,-4,1513367,0.9952465975489858,0
-----------OX-----OO-X----XOXX-----XOO-----XO------------------- X;,320937,29418596,-62.7335115614591,-6.3778218154965,-64,64,-64,-4,317063,0.9879290951183566,0
-----------OX-----OO-X----XOXX-----XOO----XO-------------------- X;,678277,62262049,-63.28552051742872,-5.516140161025658,-64,64,-64,-4,675439,0.9958158687379934,0
-----------OX-----OOO-----XOX-----XXXX----XO-------------------- X;,432561,39616684,-62.03515804707313,-9.206650622686743,-64,64,-64,-4,430171,0.994474767720622,0
-----------OX-----OOO-----XXXO----XXXX----X--------------------- X;,558183,51100971,-61.78162358939631,-8.471723431204461,-64,64,-64,-4,553352,0.9913451323311531,0
-----------OX-----OOOX----OOXOO--O-XO--------------------------- X;,1247248,111699789,8.9270185239824,63.847087347504264,-64,64,4,64,1239313,0.9936379934062832,0
-----------OX-----OOX------OXO----XOOO-----O-O------------------ X;,626581,56062705,5.902371760394905,63.93772233757487,-64,64,4,64,626521,0.9999042422288579,0
-----------OX-----OOX-----XOXX---XXOO----X---------------------- X;,423254,38753667,-61.77982251792068,-8.233072812070294,-64,64,-64,-4,420724,0.9940225018546783,0
-----------OX-----XOO-----OOOO----OXXX----X--------------------- X;,879333,80689763,-62.61291797305458,-7.328953877541273,-64,64,-64,-4,853370,0.9704742117036436,0
-----------OX-----XOOO----XOOX----OOO-------O------------------- X;,1508603,134782892,13.29800815721565,63.845534577354016,-64,64,4,64,1487692,0.9861388317536157,0
-----------OX-----XOXX----XOXX----XOO-------O------------------- X;,993777,91366110,-63.22181334444247,-5.33387470227224,-64,64,-64,-4,989085,0.9952786188450728,0
-----------OX-----XOXX--XXXOX-----OOO--------------------------- X;,794119,72825643,-62.317545607144524,-6.363994565046297,-64,64,-64,-4,774436,0.9752140422279281,0
-----------OX-----XXO-----XXO-----OOO-------OO--------O--------- X;,441287,39460587,11.700700451180298,63.75619721405797,-64,64,4,64,441204,0.9998119137885322,0
-----------OX-----XXO-----XXO-----OOO-------OOO----------------- X;,351467,31358760,16.379244708607068,63.5764780192735,-64,64,6,64,351168,0.9991492800177542,0
-----------OX-----XXO-----XXO-----OOOO-------O--------O--------- X;,328494,29356727,15.007172124909435,63.63729626720732,-64,64,4,64,328456,0.9998843205659769,0
-----------OX-----XXO-----XXO-----OOOO-------O-------O---------- X;,392788,35065961,15.212491216635947,63.59631658808314,-64,64,4,64,392611,0.999549375235496,0
-----------OX-----XXX-----XOX-----XOOX------OO------------------ X;,986020,90475868,-63.389934281251904,-5.637061114379018,-64,64,-64,-4,982625,0.9965568649723129,0
-----------OX-----XXXOO---XXOO-----OOO-------------------------- X;,283699,25344724,12.073190247410107,63.64751373815206,-64,64,4,64,246980,0.8705705695120532,0
-----------OX----OXOOO----OOOO-----OOO-------------------------- X;,244651,21849715,14.716175286428422,63.64724035462761,-64,64,4,64,244600,0.9997915397852452,0
-----------OX----OXXX-O---OXXO-----OOO-------------------------- X;,51035,4543716,21.956108552953854,63.22621730185167,-64,64,10,64,51011,0.9995297344959342,0
-----------OX----XXOO-----OOOOO---OOO--------------------------- X;,863390,77197022,12.768853009648016,63.829242868228725,-64,64,4,64,862889,0.9994197292069632,0
-----------OX----XXOX----XXOXX----OOO--------------------------- X;,329361,30141967,-61.47323149978291,-8.988966513946703,-64,64,-64,-4,326570,0.9915260155270357,0
-----------OXX----OOX-----XOXX----XOO-----O--------------------- X;,1556034,143234453,-63.28255359458726,-5.630756782949473,-64,64,-64,-4,1549075,0.9955277326845043,0
-----------X--------X-----OOOX--XXOOX-----OOO------------------- X;,741462,68123225,-63.20559651067755,-6.040433629774689,-64,64,-64,-4,738348,0.9958001893556244,0
-----------X--------X-----XOOX---OOOOX----XOO------------------- X;,1699563,156245680,-63.33051378501415,-6.448841260959435,-64,64,-64,-4,1693683,0.9965402871208657,0
-----------X--------X-----XOXX---OOOOX----XOO------------------- X;,665132,60938942,-62.794709922241,-7.639576805806968,-64,64,-64,-4,662318,0.9957692608384501,0
-----------X--------X-----XOXX---XOOXX---O-OO------------------- X;,630170,57816645,-62.844416586000605,-8.02121014964216,-64,64,-64,-4,626179,0.9936667883269594,0
-----------X--------X----O-XOX---OOOX----XOOO------------------- X;,446471,41013649,-63.38927500330369,-5.922801256968538,-64,64,-64,-4,443751,0.9939077790046834,0
-----------X--------X----XXXXX----XOOO------OOO----------------- X;,671046,61569516,-63.09772355397394,-6.738472474316217,-64,64,-64,-4,669127,0.9971402854647818,0
-----------X--------X----XXXXXO---XOOO------OO------------------ X;,812604,74542592,-63.04806769348908,-6.605443733971282,-64,64,-64,-4,809982,0.9967733360899036,0
-----------X--------XO----XOOX---XOOO---X-XO-------------------- X;,638101,58625800,-63.27053710932909,-5.697585491951901,-64,64,-64,-4,636882,0.9980896441159002,0
-----------X--------XO--X-XOOX---XOOO-----XO-------------------- X;,688578,63196604,-63.41178631905173,-5.8900502194377395,-64,64,-64,-4,687400,0.9982892279451275,0
-----------X--------XX---XXXOX-----XOOO----X-O------------------ X;,129628,11867439,-62.437282068688866,-7.1973030518097945,-64,64,-64,-4,129125,0.9961196655043664,0
-----------X--------XX-X---OOOX----XOOO---XO-------------------- X;,577910,53061986,-62.510262843695386,-6.02198266166012,-64,64,-64,-4,567685,0.9823069336055787,0
-----------X-------OX-----OOXX---OXOO----XXO-------------------- X;,1160336,106486710,-62.946136291556925,-6.58816928889563,-64,64,-64,-4,1155451,0.9957900125480895,0
-----------X-------OX----XXOXX----XOOX------OO------------------ X;,909670,83558423,-63.579780579770684,-5.129298536832038,-64,64,-64,-4,907805,0.9979498059735948,0
-----------X-------OXX----OOOX----XXOO----X-O------------------- X;,882086,81076279,-63.56417628213122,-4.863809197742624,-64,64,-64,-4,879981,0.9976136113712268,0
-----------X-------OXX----OOXX----XXOX------OO------------------ X;,1648223,151859563,-63.64917247241423,-4.490324428187205,-64,64,-64,-4,1643625,0.9972103289421395,0
-----------X-------OXX---XXOOX----XOOO------O------------------- X;,1109956,101990422,-63.54998396332827,-5.275625340103572,-64,64,-64,-4,1107598,0.9978755914648869,0
-----------X-------OXX---XXXOX----XOOO------O------------------- X;,1154124,106002229,-63.44856445234654,-5.553255109502965,-64,64,-64,-4,1150274,0.9966641366092378,0
-----------X-------X------OOOX----XOXXX---XOO------------------- X;,907484,83234779,-63.23560525585024,-6.107618426330381,-64,64,-64,-4,905124,0.9973994031850699,0
-----------X-------X------XXOX----XOOO----OOOO------------------ X;,1346640,123796167,-63.42420542981049,-6.084013544822669,-64,64,-64,-4,1342983,0.9972843521653895,0
-----------X-------X-----OXXXX----OXXO---OOO-------------------- X;,2233475,205254107,-62.86100269759008,-7.678496513280874,-64,64,-64,-4,2218385,0.9932437121525873,0
-----------X-------X-OO---XXXOX----XOO------O-------O----------- X;,627112,57414661,-62.631016469147454,-10.996208013879498,-64,64,-64,-4,624569,0.995944902983837,0
-----------X-------X-OX---XXOX-----OOO----OOO------------------- X;,2242230,206959198,-63.81988377641901,-4.313710011907788,-64,64,-64,-4,2232656,0.9957301436516325,0
-----------X-------XO-----XXOXX---XXOO-----O-O------------------ X;,1244618,114132326,-63.106466401739326,-6.862582736229108,-64,64,-64,-4,1240876,0.9969934550199339,0
-----------X-------XOO----XXOXX----OOO----OX-------------------- X;,948434,87148373,-63.66257008922076,-5.041879561466586,-64,64,-64,-4,946427,0.997883880164566,0
-----------X-------XOO----XXOXX----XOO-----XO------------------- X;,520736,47605184,-61.0658087783445,-11.236689992625822,-64,64,-64,-4,517623,0.994021922816936,0
-----------X-------XOO----XXOXX---XOOO-----O-------------------- X;,1439168,132150975,-63.152621514652914,-6.75461655623249,-64,64,-64,-4,1433609,0.9961373515809134,0
-----------X-------XOO----XXXO-----OOOO-----OO------------------ X;,433040,38677206,12.325568076852022,63.767439497506004,-64,64,4,64,432939,0.9997667651949012,0
-----------X-------XOO----XXXO-----XOO-----OOO------------------ X;,5321182,490832790,-63.58349817766053,-5.312812829931395,-64,64,-64,-4,5304182,0.9968052210956138,0
-----------X-------XOO----XXXOO----OOOO-----O------------------- X;,598488,53543593,9.1704060900135,63.85869056689524,-64,64,4,64,598365,0.9997944820948791,0
-----------X-------XOX-----XOX----XXOO----XO-O------------------ X;,844312,77369221,-63.166141189512885,-6.737280768246809,-64,64,-64,-4,843198,0.998680582533471,1
-----------X-------XOX-----XOX----XXOO----XOO------------------- X;,831971,76271250,-63.21495941565271,-5.959141604695356,-64,64,-64,-4,829168,0.99663089218254,0
-----------X-------XOX----XXOO-----XOO-----OOO------------------ X;,1396362,128248715,-63.204836568167856,-6.860183820527915,-64,64,-64,-4,1390810,0.9960239536739041,0
-----------X-------XOX----XXOO----XXOO-----O-O------------------ X;,2015138,185468491,-63.50333178174398,-5.713907930871236,-64,64,-64,-4,2009908,0.9974046442476893,0
-----------X-------XX------OOX----OOO----XXOO------O------------ X;,607778,55718877,-62.62813724748181,-8.1478105492466,-64,64,-64,-4,604471,0.9945588685342346,0
-----------X-------XX------XO-----XXOXX--XOOO------------------- X;,305884,28011968,-62.99384734082201,-6.6787017300676075,-64,64,-64,-4,305132,0.997541551699337,0
-----------X-------XX-----OOOO----XXOX---X-X--X----------------- X;,298064,27346121,-63.4472931987761,-5.503495893499383,-64,64,-64,-4,297218,0.9971616833968544,0
-----------X-------XX-----OOOX---XOOO-----OOO------------------- X;,647224,59372816,-63.113370332373336,-6.643897630495779,-64,64,-64,-4,644229,0.9953725448994475,0
-----------X-------XX-----OOXX----XOOO-----OOO------------------ X;,3381607,311963958,-63.74082440685745,-4.411487792638233,-64,64,-64,-4,3292618,0.9736844050772311,0
-----------X-------XX-----OXX-----OOOOO---OOO------------------- X;,2839295,255580388,5.0118684391724,63.961471773803005,-64,64,4,64,2838142,0.9995939132777679,0
-----------X-------XX-----XXXX----OOO-----OOOO------------------ X;,964707,88467195,-63.12154571284338,-7.235375093163002,-64,64,-64,-4,962308,0.9975132345883257,0
-----------X-------XX-----XXXX----OOOO-----OOO------------------ X;,1668428,153228046,-63.491017892291424,-6.183892862023414,-64,64,-64,-4,1663984,0.9973364148767583,0
-----------X-------XX----X-XOX---OOOXO----OX-------------------- X;,256318,23517391,-63.46910088249752,-5.445364742234256,-64,64,-64,-4,255887,0.998318494994499,0
-----------X-------XX----XOOOX----OOO-----OX-O------------------ X;,458822,42179145,-63.56285661977848,-5.194805392941054,-64,64,-64,-4,456556,0.995061265588834,0
-----------X-------XX-X----OOX----OOOX----XOO------------------- X;,623822,57202229,-63.440087076121074,-5.280705072921442,-64,64,-64,-4,622323,0.9975970709593441,0
-----------X-------XXO-----XOO----XOXO-----OOO------------------ X;,1894810,174473817,-63.39035101144706,-6.022037565771766,-64,64,-64,-4,1886026,0.9953641789941999,0
-----------X-------XXO---XXXOO----XOOO-----O-------------------- X;,1590963,146281886,-63.57729500937482,-5.334753856626459,-64,64,-64,-4,1587191,0.9976291089107666,0
-----------X-------XXX-----XX-----OXOO----XOOO------------------ X;,1280663,117513411,-63.378742885521014,-5.461495334838283,-64,64,-64,-4,1276514,0.9967602718279516,0
-----------X-------XXX-----XXOO----XOO----XOO------------------- X;,1352404,124185938,-63.39852218715709,-5.651732026820388,-64,64,-64,-4,1348892,0.9974031428478473,0
-----------X-------XXX----XXOO-----XOO-----OOO------------------ X;,812873,74514684,-62.94529649773089,-6.716188137630356,-64,64,-64,-4,810645,0.9972591044357483,0
-----------X-------XXX----XXOX----OOOO-----XO------------------- X;,749473,68730646,-63.32070268041677,-5.8209074909970075,-64,64,-64,-4,747190,0.9969538595786639,0
-----------X-------XXX----XXOX----XOOX----OO-------------------- X;,293292,26857583,-63.06093585914379,-6.2674740531620365,-64,64,-64,-4,292596,0.9976269383413118,0
-----------X-------XXX----XXX-----OOOO-----OOO------------------ X;,1233770,113342346,-63.4914497839954,-5.351623073992721,-64,64,-64,-4,1229834,0.9968097781596246,0
-----------X------O-X------OOX---OXOX----XOOO------------------- X;,631681,57999055,-63.097851605478084,-6.815630041112524,-64,64,-64,-4,629045,0.9958270076193522,0
-----------X------O-X-----OOOX---OXOXX---X--O------------------- X;,485650,44525179,-62.870732008648204,-7.341070729949553,-64,64,-64,-4,481769,0.9920086482034387,0
-----------X------O-X-----OOXX----OOOX----XOO------------------- X;,1595237,146691841,-63.58158442914752,-5.005332749929948,-64,64,-64,-4,1591374,0.9975784162478679,0
-----------X------O-X-----OOXX---XXOXX-----OO------------------- X;,680634,62411403,-62.96534701469512,-6.928528401460991,-64,64,-64,-4,674917,0.9916004783775128,0
-----------X------O-X-----OXXX---OOOO----XO-O------------------- X;,807411,74171933,-63.178981955905975,-6.876117615439968,-64,64,-64,-4,803595,0.9952737824973898,0
-----------X------O-XX----OOXX----XOO-----XOO------------------- X;,744888,68542439,-63.57128991204047,-4.820033347295164,-64,64,-64,-4,743163,0.9976842156136224,0
-----------X------OOOO----OOXX----XXXX---X---------------------- X;,339380,31040889,-61.21349814367376,-11.134624904237139,-64,64,-64,-4,337797,0.99533561199835,0
-----------X------OOOOO---XOXO-----OOO-----O-------------------- X;,151642,13530982,16.521326545416176,63.57119399638623,-64,64,4,64,151560,0.9994592527136281,0
-----------X------OOOX----XOOX-----XOO-----XO------------------- X;,828129,76143480,-63.482062577207174,-4.955079462257692,-64,64,-64,-4,824681,0.9958363974694764,0
-----------X------OOOX----XXOX-----XOO----XO-------------------- X;,1286996,118340463,-63.62088149458118,-4.890921183904223,-64,64,-64,-4,1283111,0.9969813425993554,0
-----------X------OOX-----OOXX----OXXX---XO--------------------- X;,300003,27444870,-61.96860364729686,-9.755279113875527,-64,64,-64,-4,298466,0.9948767178994876,0
-----------X------OOX-----OOXX----XOO----XXO-------------------- X;,290773,26615974,-62.26209104696791,-7.766027107056019,-64,64,-64,-4,289201,0.9945937208750468,0
-----------X------OOX-----OOXX----XOOX---X--O------------------- X;,648207,59546500,-63.42902961553948,-5.541256111087971,-64,64,-64,-4,646555,0.997451431410028,0
-----------X------OOXX----XOOOO----OOO-----O-------------------- X;,1099739,98269225,9.548941157856547,63.83493992665532,-64,64,4,64,1099362,0.9996571913881385,0
-----------X------OX-------OOX----XXOXX---XOO------------------- X;,1313489,120710760,-63.54471487770358,-5.166534321947119,-64,64,-64,-4,1309960,0.997313262615827,0
-----------X------OX------OXXXX---OOOX----XO-------------------- X;,1049548,96253185,-63.39535685838094,-5.711651110763872,-64,64,-64,-4,1046817,0.9973979274887856,0
-----------X------OX-X---OOOXX-----XOO----XO-------------------- X;,924426,84896651,-63.50053763091908,-5.339179123045003,-64,64,-64,-4,921557,0.996896452501336,0
-----------X------OX-XX--XXOXX-----XO------XO------------------- X;,72398,6625886,-62.630846155971156,-6.470979861322136,-64,64,-64,-4,72178,0.9969612420232603,0
-----------X------OXO-----OOXO---O-XOOO------O------------------ X;,1365745,122122154,5.947224408656082,63.94887625435202,-64,64,4,64,1365418,0.9997605702382216,0
-----------X------OXX------OO-----XXOXX--XX-O------------------- X;,65825,6025300,-62.97927838966958,-5.909077098366882,-64,64,-64,-4,65662,0.9975237371819218,0
-----------X------OXX-X---OOOX----XXO------XO------------------- X;,670581,61547561,-63.05814062730677,-6.265034350809223,-64,64,-64,-4,664249,0.9905574419794179,0
-----------X------OXXO-----XOX----XOXX---XO--------------------- X;,204567,18737248,-62.5620505751172,-7.357643217136684,-64,64,-64,-4,203715,0.9958351053689012,0
-----------X------X-X-----XXOX----XOOO-----OO------O------------ X;,410808,37675285,-63.574034585499795,-4.966042530817316,-64,64,-64,-4,409834,0.997629062725166,0
-----------X------X-X----OOOOX----XOX-------OOO----------------- X;,460048,42325121,-63.78972628943067,-4.637994296247348,-64,64,-64,-4,459707,0.9992587729976002,0
-----------X------X-X----XXXXX----OOOOO-----O------------------- X;,1209835,111183484,-63.60660503291771,-5.025453057648357,-64,64,-64,-4,1206903,0.9975765290308183,0
-----------X------XOX-----XOOX----XOO------OO------O------------ X;,1000897,92183244,-63.61460070316926,-4.658630208702793,-64,64,-64,-4,997381,0.9964871510255301,0
-----------X------XOX-----XOOX----XOOX------OO------------------ X;,779679,71517094,-63.398194641640984,-5.754425859873102,-64,64,-64,-4,777794,0.9975823383725867,0
-----------X------XOX----XXXOX----XOOO---X---------------------- X;,222915,20423633,-63.054720409124556,-6.451207859498015,-64,64,-64,-4,222285,0.9971738106453132,0
-----------X------XOXX----XOOX----XOOO------O------------------- X;,694351,63718931,-63.16745277244506,-5.981559758681128,-64,64,-64,-4,690296,0.9941600141715069,0
-----------X------XX-------XOOO--OOOO-----O-O----O-------------- X;,137984,12327032,16.45709647495362,63.75302933673469,-64,64,8,64,137964,0.9998550556586271,0
-----------X------XX-------XOX----XOOO---XOOO------------------- X;,366962,33657410,-63.39607643298216,-5.788258729786736,-64,64,-64,-4,365964,0.9972803723546307,0
-----------X------XX------OOOOO---OOO-----O-O----O-------------- X;,529265,47266511,15.485509149480883,63.89201628673727,-64,64,6,64,529225,0.9999244234929572,0
-----------X------XX-----O-XOX---OOOOO---X-O-------------------- X;,159459,14644851,-63.17988950137653,-5.479703246602575,-64,64,-64,-4,158652,0.994939137960228,0
-----------X------XX-----X-XOX----XOOO----OOO------------------- X;,267646,24535468,-63.379250950882884,-5.540904777205712,-64,64,-64,-4,266773,0.9967382288545318,0
-----------X------XX-X-----XOOO---XXOOO----O-------------------- X;,367938,33736022,-62.655933880164596,-6.6442036430050715,-64,64,-64,-4,366150,0.9951404856252956,0
-----------X------XX-X---XXOOO-----OO-----OOO------------------- X;,394955,36256655,-63.518231190895165,-5.173680545884975,-64,64,-64,-4,394245,0.9982023268473623,0
-----------X------XXO-----XOOO----OOOX----XO-------------------- X;,1584670,145927833,-63.66823881312828,-4.654998201518297,-64,64,-64,-4,1578289,0.9959732941243288,0
-----------X------XXO-----XXOO----XXOX-----OO------------------- X;,1352244,124373212,-63.50551675585175,-5.116255646170366,-64,64,-64,-4,1345847,0.9952693448815451,0
-----------X------XXO----XXOOX-----OOO-----XO------------------- X;,246788,22676496,-63.5386323484124,-5.109802745676451,-64,64,-64,-4,245240,0.9937274097606043,0
-----------X------XXOO----XOOO----OOO----O-O-------------------- X;,705687,63144995,7.99269931286817,63.86687015631576,-64,64,4,64,705574,0.9998398723513399,0
-----------X------XXOO----XXOO----OOO-O-----O------------------- X;,977205,87517452,7.3030438853669395,63.87892509759979,-64,64,4,64,977072,0.9998638975445275,0
-----------X------XXOO----XXOO---OOOO------O-------------------- X;,372096,33291052,11.934049277605778,63.74071744926041,-64,64,4,64,371565,0.9985729489164087,0
-----------X------XXOO----XXXO----OOO-O----O-------------------- X;,606186,54243781,10.002326018746722,63.880277670549965,-64,64,4,64,605979,0.999658520652077,0
-----------X------XXOO----XXXO----OOOOO------------------------- X;,509709,45572332,14.667459275782848,63.64449126854735,-64,64,4,64,507072,0.994826459803535,0
-----------X------XXOO---OOOOO----OOO------O-------------------- X;,277569,24772478,11.71681275646776,63.607549834455575,-64,64,4,64,277488,0.9997081806685905,0
-----------X------XXOO---OOOOO----OOOO-------------------------- X;,392845,35089863,10.879094808384986,63.76567857551961,-64,64,4,64,392636,0.9994679835558553,0
-----------X------XXOO---OOXOO-----OO-O-----O------------------- X;,295839,26402826,13.576110654781823,63.54610784920176,-64,64,4,64,295740,0.99966535852271,0
-----------X------XXOO---OOXOO-----OO-O----O-------------------- X;,151809,13551812,13.874783444986793,63.49102490629673,-64,64,4,64,151765,0.9997101621116008,0
-----------X------XXOO---OOXOO-----OOOO------------------------- X;,655120,58516698,10.299883990719257,63.82803455855416,-64,64,4,64,655053,0.999897728660398,0
-----------X------XXX-----XOOOO---XOOO-----O-------------------- X;,1495988,137824858,-63.731090088957934,-4.471912876306495,-64,64,-64,-4,1491651,0.997100912574165,0
-----------X------XXX-----XXOO----XOO-----OOO------------------- X;,2148220,198066246,-63.667582929122716,-4.6570234892143265,-64,64,-64,-4,2141606,0.9969211719470072,0
-----------X------XXX-----XXOX----XOOOO-----O------------------- X;,777800,71395056,-63.24676137824633,-6.027234507585497,-64,64,-64,-4,774020,0.9951401388531756,0
-----------X------XXXX--XXOOOO----OOO--------------------------- X;,1081609,99343791,-62.86368641533123,-6.193431267676212,-64,64,-64,-4,1075417,0.9942751955651257,0
-----------X-----OOOOO----OXOO----OOOO-------------------------- X;,264961,23674844,11.859435916984008,63.72109857677167,-64,64,4,64,264861,0.9996225859654817,0
-----------X-----OOX-------OXX----OXO----OOO-O------------------ X;,381994,34137333,6.346042084430645,63.93044916935868,-64,64,4,64,381902,0.9997591585208144,0
-----------X-----OOX--O----XXO----OXO----OOO-------------------- X;,237969,21286214,5.978850186368812,63.935205846139624,-64,64,4,64,237923,0.9998066975110204,0
-----------X-----OX-X----XOXXX----OOO-----XO-------------------- X;,101121,9244223,-60.485962361922844,-10.391936393034088,-64,64,-64,-4,100753,0.9963607954826396,0
-----------X-----OX-X----XOXXX----XOO-----X-O------------------- X;,70411,6448580,-61.76987970629589,-7.024768857138799,-64,64,-64,-4,70235,0.9975003905639743,0
-----------X-----OX-XO---XOXXX----XOX------X-------------------- X;,51251,4683709,-60.16618212327565,-8.984624690249946,-64,64,-64,-4,51105,0.9971512750970712,0
-----------X-----XXXX-----OOXX----OOO----XO--------------------- X;,355565,32608308,-61.8563413159338,-6.929652806097338,-64,64,-64,-4,349446,0.982790769620182,0
-----------X----XXX-XO---XOXOX----OOO--------------------------- X;,165468,15159426,-63.1994101578553,-6.071192012957188,-64,64,-64,-4,165079,0.9976490922716175,0
-----------X--O---OXXOO---OOOO----OOO--------------------------- X;,54265,4836912,26.753929788998434,61.77267115083387,-64,64,16,64,54251,0.9997420068183912,0
-----------X-O-----XO-----OOO-----XXXXX--X-X-------------------- X;,337481,30934433,-62.55076285776088,-8.632000023705038,-64,64,-64,-4,336850,0.998130265111221,0
-----------X-O----OOOO----XOXO-----OOO-----O-------------------- X;,113360,10121425,14.536891319689484,63.10806280875088,-64,64,4,64,113101,0.9977152434721243,0
-----------X-O----OXO------XX-----OXOO----OO------O------------- X;,36853,3290642,10.248745013974439,63.42623395653,-64,64,4,64,36842,0.9997015168371639,1
-----------X-O----OXOO----XXOO-----OOO----O--------------------- X;,287825,25762941,9.248835229740294,63.698337531486146,-64,64,4,64,286810,0.9964735516372796,0
-----------X-O----OXOOO--OOOXO-----XO--------------------------- X;,66274,5909951,13.586021667622296,63.121254187162386,-64,64,4,64,66235,0.9994115339348765,0
-----------X-OX----X-O----XXXO-----XOO------O-------O----------- X;,681437,62385066,-62.73084232291466,-9.713424718646039,-64,64,-64,-4,679881,0.9977165900882987,0
-----------X-X-----XXX----OOOX----OOO----XO--------------------- X;,391778,36018438,-63.28741021701065,-5.449073199618151,-64,64,-64,-4,390373,0.9964137853580344,0
-----------X-X----OOXO----XOXO-----OO-O------O------------------ X;,255011,22778311,12.599134939277128,63.63043162843956,-64,64,4,64,254594,0.9983647764214093,0
-----------X-X----OOXO----XXOO-----OOOO------------------------- X;,745817,66658617,15.06451716707986,63.80164705282931,-64,64,4,64,745446,0.9995025589387209,0
-----------X-X----OOXO----XXXO-----OO-O----O-------------------- X;,540703,48390641,12.757966943035271,63.82582119943851,-64,64,4,64,540514,0.999650455055733,0
-----------X-X----XXX-----XXOO-----OOO-----O-O------------------ X;,718301,65953530,-63.32369160003954,-6.036571019670027,-64,64,-64,-4,715560,0.9961840509758444,0
-----------XO------OO-----OXO----OOOO---O-O-O------------------- X;,107701,9621477,12.536197435492706,63.66615908858785,-64,64,4,64,107676,0.9997678758785898,0
-----------XO------OOX----XOOX-----OOX----XO-------------------- X;,645143,59225478,-62.74278570797482,-5.906425397160009,-64,64,-64,-4,639009,0.9904920304490632,0
-----------XO------OOXX---OOOX----XOO----X---------------------- X;,477280,43732704,-62.28967063359035,-8.350347804223937,-64,64,-64,-4,474385,0.9939343781428093,0
-----------XO------OXX----OOOX----OXO-X---X--------------------- X;,875484,80211059,-62.71015118494456,-7.109322386245779,-64,64,-64,-4,870757,0.994600700869462,0
-----------XO------X-X----OXOO----OXO-----O-O-----O------------- X;,1153748,103540481,5.6710832868182655,63.97686583205345,-64,64,4,64,1153493,0.9997789811986673,0
-----------XO------X-X----OXOO----XOO-----O-O----O-------------- X;,622579,55630938,10.514885661096825,63.88436326956097,-64,64,4,64,622557,0.999964663119058,0
-----------XO------X-X----OXOO---OOOO-----X-O------------------- X;,1008556,90128391,10.064741075359226,63.900647063722786,-64,64,4,64,1008331,0.9997769087685761,0
-----------XO------XO------XO-----XOOX---XOX--X----------------- X;,458987,42149830,-63.59721081424964,-5.018863279352138,-64,64,-64,-4,458269,0.998435685542292,0
-----------XO------XO-----OXO-----OOOO----O-O-------O----------- X;,56836,5073341,13.812548384826519,63.2259835315645,-64,64,4,64,56811,0.9995601379407418,0
-----------XO------XO-----XXO---OOOOO-----O-O------------------- X;,302047,26959695,11.422752088251166,63.68547941214447,-64,64,4,64,301349,0.9976891013650193,0
-----------XO------XO---O-XXO----OOOO-----O-O------------------- X;,307060,27402483,10.984498143685274,63.74444082589722,-64,64,4,64,307010,0.9998371653748453,0
-----------XO------XOO---XXXOX----XOO----X---------------------- X;,438341,40139686,-61.76071369093925,-7.421470955260858,-64,64,-64,-4,423123,0.9652827364996658,0
-----------XO------XOX----XXOX-----XOX----XO-------------------- X;,214010,19604542,-63.121938227185645,-5.573393766646419,-64,64,-64,-4,213231,0.9963599831783562,0
-----------XO------XXO----OXX-----OOOOO---O--------------------- X;,817428,73151928,6.388585906036984,63.92168729233645,-64,64,4,64,817363,0.9999204822932417,0
-----------XO-----OOO------OO-----XOOX---X-X--X----------------- X;,158856,14566808,-63.1846011482097,-7.026760084604925,-64,64,-64,-4,158428,0.9973057360124893,0
-----------XO-----OOOXO--OOOOO-----XO--------------------------- X;,476205,42565541,14.026286998246553,63.75033861467225,-64,64,4,64,476054,0.9996829096712551,0
-----------XO-----X-O----XXXOX-----OO------OO------O------------ X;,452881,41723496,-63.8166913604236,-4.264539691442123,-64,64,-64,-4,452008,0.9980723412993701,0
-----------XO-----XO------OXOO---OOOO-------O-------O----------- X;,61570,5500043,17.296085756050026,63.28880948513886,-64,64,6,64,61551,0.9996914081533215,0
-----------XO-----XXO-----OXO-----OOO-----OOO------------------- X;,99123,8852525,14.071053136002744,62.808177718592056,-64,64,4,64,98245,0.9911423181300001,0
-----------XO-----XXO-----OXOO----OOO-----O-O------------------- X;,172637,15408918,17.01063503188772,63.22191071438915,-64,64,4,64,172555,0.9995250149156901,0
-----------XO-----XXO-----OXOO----OOO-----OO-------------------- X;,162086,14477882,14.216212381081649,63.38778796441395,-64,64,4,64,160745,0.9917266142665006,0
-----------XO-----XXO-----OXOO----OOOO----O--------------------- X;,171484,15302619,16.190134356558048,63.36175386624991,-64,64,4,64,171292,0.9988803620162814,0
-----------XO-----XXX-----OXXO-----XX------OOO------------------ X;,374567,33528133,8.049721411656659,63.82904527093951,-64,64,4,64,372716,0.9950582939767785,0
-----------XO-----XXX----OOXO-----OOO------OO------------------- X;,62775,5591072,24.27874153723616,63.03279968140183,-64,64,12,64,62753,0.9996495420151335,0
-----------XO-----XXX----OOXO-----OOO-----O-O------------------- X;,476074,42509679,14.922028928275857,63.80605116011376,-64,64,4,64,475989,0.9998214563282178,0
-----------XO-----XXX----OOXO----OOOO-------O------------------- X;,57821,5150397,25.316649660158074,63.074350149599624,-64,64,12,64,57791,0.9994811573649712,0
-----------XO----O-XXO----OOOOO---OOO--------------------------- X;,82098,7318946,18.483495334843724,63.15747034032498,-64,64,4,64,81967,0.9984043460254818,0
-----------XO----OXO-----OOXO----OOOO-------O------------------- X;,76076,6787483,18.29818865345181,63.133695252116304,-64,64,6,64,76064,0.9998422630001578,0
-----------XO-O----OXO-----OOX-----OOO----XO-------------------- X;,466758,41722017,15.81726290711675,63.82380591227145,-64,64,4,64,466735,0.9999507239297452,0
-----------XO-O----OXO-----OOX----OOOO----X--------------------- X;,286479,25592472,15.846072486988575,63.72670597146737,-64,64,4,64,284972,0.9947395795154269,0
-----------XO-O----XXO-----OOO----OOOO-------O------------------ X;,56859,5072087,28.983573400868817,62.50199616595438,-64,64,16,64,56853,0.9998944758085792,0
-----------XOO----XXO-----OOO----OOOO-------O------------------- X;,242769,21668256,13.920611774979507,63.53487883543615,-64,64,4,64,242704,0.9997322557657691,0
-----------XOO----XXO-----OXO-----OOO-----O-O------------------- X;,57435,5125520,11.622756159136415,63.48169234787151,-64,64,4,64,57412,0.9995995473143554,0
-----------XOO----XXO-----OXX-----OOOO----O--------------------- X;,61318,5467440,17.063309305587268,62.933331158876676,-64,64,4,64,61289,0.9995270556769628,0
-----------XOX---O-OOO----OXOO-----OOO-------------------------- X;,925984,82891502,10.156308316342399,63.916546074230226,-64,64,4,64,925767,0.9997656546981374,0
-----------XX------XXO---OOOOO-----OO-O----O-------------------- X;,345771,30914772,9.775825618689826,63.85930861755324,-64,64,4,64,345624,0.9995748631319573,0
-----------XX-----OOOO----XOXO-----OO-O----O-------------------- X;,429999,38503112,11.398598601392097,63.86984620894467,-64,64,4,64,429816,0.9995744176149247,0
-----------XX-----OOOO----XOXO-----OOOO------------------------- X;,289177,25788637,20.720154092476236,63.476846360533514,-64,64,6,64,289108,0.9997613918119352,0
-----------XX-----OOOOO---OXXO---O-XO--------------------------- X;,420806,37639860,11.251469798434433,63.80270718573404,-64,64,4,64,420656,0.9996435412042604,0
-----------XX-----OXOO----OOOO----OOOO-------------------------- X;,1492533,133998785,7.105427484685431,63.92836540297601,-64,64,4,64,1488607,0.9973695723980642,0
-----------XX-----OXOO---OOOOO-----OOO-------------------------- X;,531780,47548327,14.02819963142653,63.75096092369025,-64,64,4,64,530648,0.997871300161721,0
-----------XX-----OXX-----OOOOO--OOOO--------------------------- X;,980203,87704278,7.208761858512982,63.90329962262919,-64,64,4,64,979830,0.9996194665798819,0
-----------XX-----OXX-O---OXXO---OOOO--------------------------- X;,480882,42939996,13.923245203605042,63.805998145075094,-64,64,4,64,480631,0.9994780424303675,0
-----------XX-----XOX----XXOOX----OOOO-------------------------- X;,347925,31914282,-63.066229790903215,-6.208521951570022,-64,64,-64,-4,346599,0.996188833800388,0
-----------XX----O-XXO----OXXO-----OO-O----O-------------------- X;,382703,34185649,15.470367360590327,63.78333067679114,-64,64,4,64,382572,0.9996576980060256,0
-----------XX----OOXOO----OOOO-----OOO-------------------------- X;,579269,51738213,15.115276322399438,63.80616432089409,-64,64,4,64,578974,0.9994907374639416,0
-----------XXO-----XOO----XOXX----OXX------X-------------------- X;,284576,26004229,-60.264843135050036,-11.841230462161251,-64,64,-64,-4,281171,0.9880348307657708,0
-----------XXX----X-X----X-OO-----XOOO-----O-------O------------ X;,226575,20808495,-63.75804479752841,-4.70649895178197,-64,64,-64,-4,226363,0.9990643274853801,0
----------O--------O-X----OXOO----XXO----XO-O-----O------------- X;,1524726,137299036,4.476557755295049,63.99450786567554,-64,64,4,64,1523493,0.9991913301143943,0
----------O--------OOOO----XXOO----XOOO------O------------------ X;,292018,26092654,7.686142635043045,63.805368162236576,-64,64,4,64,291842,0.999397297426871,0
----------O--------OOOO----XXXO----XOO-O-----O------------------ X;,129446,11561555,11.628740942168935,63.49569704741746,-64,64,4,64,129369,0.9994051573629158,0
----------O--------OOOOO---XXXO----XOO-------O------------------ X;,230806,20642357,7.753827890089513,63.79129658674385,-64,64,4,64,230728,0.9996620538460872,0
----------O--------OXX-----XO-----XXOOO----OOO------------------ X;,1016726,90983889,6.695707594769879,63.937349885809944,-64,64,4,64,1016224,0.9995062583232848,0
----------O--------OXX-----XO-O---XXOO-----OOO------------------ X;,952742,85408694,5.684072917956803,63.93412802206684,-64,64,4,64,952285,0.9995203318421986,0
----------O--------OXX-----XXO----OXOO-----O-O------O----------- X;,206180,18413805,6.37698127849452,63.89447085071297,-64,64,4,64,206131,0.9997623435832768,0
----------O--------OXX-----XXO----OXOO-----O-O----O------------- X;,189682,16944504,6.5146244767558334,63.877684756592615,-64,64,4,64,189389,0.9984553094125959,0
----------O--------OXX----XOO-----OOOO------OOO----------------- X;,631967,56489505,7.8014089343272675,63.90000269001388,-64,64,4,64,631885,0.9998702463894475,0
----------O--------OXX----XXOXO---OOOO------O------------------- X;,513358,45848316,13.58452580850011,63.81815614054909,-64,64,4,64,513292,0.9998714347492393,0
----------O--------OXX----XXOXO---OOOOO------------------------- X;,544663,48689217,10.216776245127722,63.8344297299431,-64,64,4,64,544320,0.9993702527985194,0
----------O--------OXX---OOXO-----XOO-------OO--------O--------- X;,1137017,101860843,6.505927352009689,63.946310389378525,-64,64,4,64,1136754,0.9997686929922771,0
----------O--------OXX---OOXO-----XOO-------OOO----------------- X;,929812,83145684,8.372845263343558,63.918082365037236,-64,64,4,64,929494,0.9996579953797111,0
----------O--------OXX---XXOO-----OOO-----OOO------------------- X;,1177265,105307250,8.223102699901892,63.939694970970855,-64,64,4,64,1176763,0.999573587934747,0
----------O-------O--X----OXX-----XXX----OOOO------O------------ X;,317716,28478867,6.896177718465548,63.954991250047215,-64,64,4,64,317047,0.9978943458938171,0
----------O-------O--X----OXX----OXXX-----OOO------O------------ X;,686768,61455365,6.953674312140344,63.882485788505,-64,64,4,64,683728,0.9955734687696572,0
----------O-------O-OX----OXXX----OXO----OX-O------------------- X;,1498563,134552225,4.8978855076496615,63.9702675162806,-64,64,4,64,1495406,0.9978933151292272,0
----------O-------O-X----XOXOX----OOO-X----XO------------------- X;,380545,34937225,-63.41901746179821,-5.951511647768332,-64,64,-64,-4,379656,0.9976638768082619,0
----------O-------O-XO---XXXOXX----OO------XO------------------- X;,833392,76494685,-63.35116007833049,-6.158295256013977,-64,64,-64,-4,831589,0.9978365523067176,0
----------O-------OO-X----OOXO-----XO-----OOOO------------------ X;,781118,69995845,5.059765617998817,63.97463379412586,-64,64,4,64,780643,0.9993918972549602,0
----------O-------OO-X----OXOO----OOO-----O-O----O-------------- X;,87772,7846267,11.079581187622477,63.74412113202388,-64,64,4,64,87768,0.99995442738003,0
----------O-------OO-X---OOXOO-----XO-----O-O-------O----------- X;,158507,14153229,6.74018182162302,63.905139836095564,-64,64,4,64,158493,0.9999116758250425,0
----------O-------OOX-----OXOO----OOO-----OOO------------------- X;,79375,7091466,9.167811023622047,63.31994960629921,-64,64,4,64,79313,0.9992188976377953,0
----------O-------OOX----XOXOO----OOO-----OO-------------------- X;,229444,20477440,14.596912536392322,63.42834852948868,-64,64,4,64,229376,0.9997036313871794,0
----------O-------OOXX-----OX-----OOOO----XO-------O------------ X;,1414981,126815830,5.8306365951203585,63.96883350377143,-64,64,4,64,1414942,0.9999724377924509,0
----------O-------OOXX-----XX-----OXOO----OO------O------------- X;,104018,9285859,9.470966563479397,63.66277951892942,-64,64,4,64,103804,0.9979426637697322,0
----------O-------OOXX-----XX-----OXOO----XO--------O----------- X;,463876,41503759,5.63388707326958,63.94562124360821,-64,64,4,64,463849,0.999941794789987,0
----------O-------OOXX----OXXO---O-XOO-------O------------------ X;,355157,31731794,8.864499362253877,63.79138521836821,-64,64,4,64,355005,0.9995720202614619,0
----------O-------OOXX----OXXX----OOOO----X--------------------- X;,1802891,161777373,6.25915487957952,63.95610383545095,-64,64,4,64,1802696,0.9998918403830293,0
----------O-------OOXX----XOXO-----OOO-----O-O------------------ X;,474554,42358176,9.540128204587887,63.70446777395196,-64,64,4,64,474409,0.9996944499466868,0
----------O-------OOXX----XXO------XOO------OOO----------------- X;,571576,51120584,6.639759192128431,63.90071836466192,-64,64,4,64,571097,0.9991619662127171,0
----------O-------OOXX---OOOOO-----XOO-------O------------------ X;,700999,62646496,8.41215608010853,63.85747911195308,-64,64,4,64,700811,0.9997318113149948,0
----------O-------OX-X----OXOO-----OO-----OO-----O-O------------ X;,580748,51991742,9.492952192689428,63.91490801518042,-64,64,4,64,580734,0.9999758931584783,0
----------O-------OX-X----OXOO-----OO-----XOO------O------------ X;,1641200,146966207,7.88930112113088,63.94626066292956,-64,64,4,64,1641123,0.9999530831099196,0
----------O-------OX-X----OXOO-----XO----OOO-------O------------ X;,464108,41484862,8.507989519680764,63.907133684401046,-64,64,4,64,464050,0.9998750290880571,0
----------O-------OX-X----OXOO----OOO-----XO-------O------------ X;,2213936,198411644,7.043870283513164,63.954761113239044,-64,64,4,64,2212650,0.9994191340671095,0
----------O-------OX-X----OXOO---O-XO-----OO-------O------------ X;,827945,74048172,7.303000803193449,63.953159932121096,-64,64,4,64,827850,0.9998852580787371,0
----------O-------OXXX----OOX------OX-----XOO------O------------ X;,3806380,341906774,5.449708121627373,63.97235693756272,-64,64,4,64,3804956,0.9996258912667679,0
----------O-------OXXX----OOX------XO-----XO-O-----O------------ X;,1718144,154499972,4.440482287864114,63.97728711912389,-64,64,4,64,1717650,0.999712480444014,0
----------O-------XOX------XOOO---XOO-----OO-----O-------------- X;,924678,82709317,8.107978128602605,63.90896398530083,-64,64,4,64,924644,0.9999632304434625,0
----------O-------XOX------XOOO---XOO----OOO-------------------- X;,867585,77700555,6.409147230530726,63.84638969092366,-64,64,4,64,862944,0.9946506682342364,0
----------O-------XOX----XXXO----O-OOOO----O-------------------- X;,169465,15124364,19.492201929601983,63.55381937273183,-64,64,6,64,169435,0.9998229722951641,0
----------O-------XOX-O---XXXO-----OOOO----O-------------------- X;,257667,23014589,14.348488553054912,63.560137697105176,-64,64,4,64,257622,0.9998253559827219,0
----------O-------XOXO----XXOX-----OOOO----O-------------------- X;,2327979,208629162,7.4610058767712255,63.90895493473094,-64,64,4,64,2327029,0.9995919207174979,0
----------O-------XOXX-----OO-----OOOO----XO-------O------------ X;,1938738,173631990,7.250039974457611,63.95253200793506,-64,64,4,64,1938573,0.9999148930902474,0
----------O-------XOXX-----XO-----OXOO----OO------O------------- X;,340111,30390528,7.6160224162111785,63.89323779589605,-64,64,4,64,340036,0.9997794837567735,0
----------O-------XOXX-----XO-----XOOO---X---O-------O---------- X;,1577935,141631601,5.503811627221654,63.983083587093255,-64,64,4,64,1577626,0.9998041744431805,0
----------O-------XOXX----XXO------OOO----OO-----O-------------- X;,475867,42553004,10.650469563974807,63.8231249487777,-64,64,4,64,475837,0.999936957175009,0
----------O-------XOXX----XXO------OOO---OOO-------------------- X;,352607,31476396,12.942136713111198,63.707844710967166,-64,64,4,64,352550,0.9998383469414958,0
----------O-------XOXX----XXO------XXO------OOO----------------- X;,741266,66277277,7.43638046261396,63.91951337306716,-64,64,4,64,740925,0.9995399762028745,0
----------O-------XOXX---XXOO------OOO-----O-------O------------ X;,1076164,96210163,11.552450184172672,63.89390371727729,-64,64,4,64,1075838,0.9996970721934575,0
----------O-------XOXX---XXXO------OOO-----O-------O------------ X;,831879,74336803,13.285736266933052,63.81589510012874,-64,64,4,64,828405,0.9958239118910323,0
----------O------OO-XX----OXOO----XOO------O-------O------------ X;,1200560,107443312,7.862320083960818,63.89586276404344,-64,64,4,64,1200199,0.9996993069900713,0
----------O------OOOXX-----XXX----OOOO----X--------------------- X;,1159773,103944138,5.737214954995504,63.95462646569631,-64,64,4,64,1159728,0.9999611993036568,0
----------O------OXOX----XXXO------OOOO----O-------------------- X;,129592,11560032,19.88518581393913,63.146050682140874,-64,64,6,64,129507,0.9993440953145256,0
----------O------OXOX---XXXXO----O-OOO-------------------------- X;,14456,1284853,29.589997232982846,62.252421140011066,-64,64,16,64,14452,0.9997232982844494,0
----------O------XOX------OXX-----OXO-----OOO-----O------------- X;,305356,27284996,12.868409332058318,63.65194723535807,-64,64,4,64,305313,0.999859180759507,0
----------O------XOX------OXX----OOOO------OOO------------------ X;,173745,15494373,17.93224553224553,63.17723099945322,-64,64,4,64,173615,0.9992517770295548,0
----------O------XOX-----OOXXX-----XXX-----X-O------------------ X;,99493,9115564,-60.016845406209484,-11.773471500507574,-64,64,-64,-4,95135,0.956197923472003,0
----------O------XOX-X----OOXXX----OO------XO------------------- X;,770575,70770436,-63.42382506569769,-5.68307562534471,-64,64,-64,-4,767839,0.9964494046653473,0
----------O------XOXXX----OOXX----XOO-------O------------------- X;,1713786,157574501,-63.29899765781725,-6.231876091880784,-64,64,-64,-4,1707160,0.9961337063087223,0
----------O------XOXXX---OOOX-----XOO----X---------------------- X;,565808,51897850,-62.2432079433306,-7.530860291830444,-64,64,-64,-4,562516,0.9941817719084919,0
----------O-----XXXOX----OXXO----O-OOO-------------------------- X;,28215,2510645,26.490342016657806,62.010313662945244,-64,64,14,64,28214,0.9999645578592947,0
----------O---O----OXO----XXOO----OOOO-------O------------------ X;,255145,22772366,19.05116698347998,63.36487095573106,-64,64,8,64,255121,0.9999059358404044,0
----------O---O---O-XO----OXX-----XOX------OO------O------------ X;,758512,67853910,6.571455692197355,63.9231732655515,-64,64,4,64,758475,0.9999512202839244,0
----------O---O---XOXO-----XOX----OOOO----X--------------------- X;,1936878,173402725,8.164348503106545,63.96152726191325,-64,64,4,64,1936772,0.9999452727533691,0
----------O---O---XOXXX----XOO-----XO-------O-------O----------- X;,1683654,150399163,12.28998357144639,63.945253597235535,-64,64,4,64,1683589,0.9999613934929623,0
----------O---X----O-X-----XO-----XXXOX--X---XO----------------- X;,387738,35654494,-63.51524225121087,-6.601661431172596,-64,64,-64,-4,387314,0.9989064780857176,0
----------O--O-----OOX-----XX-----OXOO----OO------O------------- X;,169202,15110427,7.158077327691162,63.840409687828746,-64,64,4,64,169156,0.9997281356012341,0
----------O--O----OOXO----XXXO-----XOO-------O------------------ X;,171891,15379007,7.380549301592288,63.7673176606105,-64,64,4,64,171686,0.9988073837490037,0
----------O--O----OXO-----OXO-----OOO-----OOO------------------- X;,28083,2505552,12.637040202257593,63.056154969198445,-64,64,4,64,28075,0.9997151301499128,0
----------O--O----OXO-----OXX-----OXX-----OO--------O----------- X;,349648,31265126,7.690503020180295,63.84657998901753,-64,64,4,64,349538,0.9996853978858737,0
----------O--O----OXOX----OOX------XX-----XO-------O------------ X;,2016057,180995171,5.125497443772671,63.96583876348734,-64,64,4,64,2015889,0.9999166690227509,0
----------O--X----OOX------OO-X---XOOX---X--X------------------- X;,79024,7248012,-62.906484106094354,-7.963226361611662,-64,64,-64,-4,78790,0.9970388742660458,0
----------O-O-----OOOX----XXOO-----XOO-------O------------------ X;,788518,70487108,10.14222630301401,63.76433511980703,-64,64,4,64,787987,0.9993265848084635,0
----------O-O-----OOXX----OOOO-----XOO-------O------------------ X;,220211,19668625,10.610559872122646,63.58333598230788,-64,64,4,64,220006,0.9990690746602122,0
----------O-O-----OOXX----XXOO-----XOO-------O------------------ X;,560068,50070265,8.315686666619053,63.817550725983274,-64,64,4,64,559942,0.9997750273181114,0
----------O-O-----XOO-----XXOX-----OOOO----O-------------------- X;,504908,45063929,15.601794782415807,63.629312666862084,-64,64,4,64,504752,0.999691032821821,0
----------O-O-----XOOX-----XOX----OOOO----X--------------------- X;,1541351,138139095,8.085485395604247,63.94550559865988,-64,64,4,64,1540915,0.9997171312699055,0
----------O-O-----XOXO----XXOXO----OOO-------------------------- X;,78072,6955695,27.084076237319398,63.295291525771084,-64,64,14,64,78032,0.999487652423404,0
----------O-O-----XOXX----XXO------OOOO----O-------------------- X;,118212,10548722,25.144909146279566,63.05735458329104,-64,64,14,64,118173,0.9996700842554055,0
----------O-O-----XOXX---OXXO-----XOOO-------------------------- X;,177134,15792537,18.168572944776272,63.62694908938995,-64,64,4,64,177096,0.999785473144625,0
----------O-O-----XXXX-----XOO-----OOO----O--O------------------ X;,128902,11502280,15.125444135855146,63.467533475043055,-64,64,4,64,128769,0.9989682084063862,0
----------O-O-----XXXX-----XOO----OOOO-------O------------------ X;,399703,35677502,13.606262650017639,63.688673840326445,-64,64,4,64,399531,0.9995696804877622,0
----------O-O----OXOXX---XXXO------OOO-------------------------- X;,107981,9613158,29.528694862985155,62.94527740991471,-64,64,18,64,107956,0.9997684777877589,0
----------O-O-O---XOXO----XXOX-----OOO-------------------------- X;,97439,8685169,31.47057133180759,62.642299284680675,-64,64,20,64,97417,0.9997742177156991,0
----------O-X------OOO---XXXO----OOOOO-------------------------- X;,209774,18715923,17.23911447557848,63.64456987043199,-64,64,4,64,209713,0.9997092108650262,0
----------O-X-----OOXO----OXOO----OOOO-------------------------- X;,10299,919405,11.613846004466453,60.58986309350422,-64,64,4,64,10293,0.9994174191669094,0
----------O-X-----XOO-----XXOX----XOOX------O------------------- X;,3009536,277545583,-63.43281788288959,-5.177490151305716,-64,64,-64,-4,2990584,0.9937026837359646,0
----------O-X----OOOOO---XXXO------OOO-------------------------- X;,168328,15000967,23.90127608003422,62.98122712798821,-64,64,12,64,168271,0.999661375409914,0
----------O-X----OOOXO----OXOO-----OOO-------------------------- X;,3003,267582,17.44988344988345,58.05794205794206,-64,64,6,64,2996,0.9976689976689976,0
----------O-X----OOXX----XOXO-----OOOO-------------------------- X;,89738,7988369,23.533530945641758,62.63932782098999,-64,64,12,64,89645,0.9989636497358978,0
----------O-X----OXXX----OXXO----O-OOO-------------------------- X;,30814,2740823,25.878821314986695,62.67780878821315,-64,64,12,64,30790,0.9992211332511196,0
----------O-X----OXXX---OOOOO------OOO-------------------------- X;,188004,16778642,16.782568455990297,63.56953043552265,-64,64,4,64,187716,0.9984681176996234,0
----------O-X----XOOX-----OOOOO---OOO--------------------------- X;,1315347,117760046,12.59568691759665,63.884860040734495,-64,64,4,64,1314845,0.999618351659296,0
----------O-X----XOXX-----OOXX----XOO----X---------------------- X;,233491,21348588,-60.94446895169407,-11.004685405433186,-64,64,-64,-4,232018,0.9936914056644581,0
----------O-XO-----OXO----XXOO----OOOO-------------------------- X;,261127,23319946,9.474853232335224,63.741773160186426,-64,64,4,64,259545,0.993941645253076,0
----------O-XO-----OXX----OOOO-----XOO-------O------------------ X;,225218,20094590,17.957654361551917,63.448121375733734,-64,64,4,64,224615,0.997322594108819,0
----------O-XO----OOX-----OXO-----OOOO----O--------------------- X;,168715,15074411,8.315389858637348,63.69498266307086,-64,64,4,64,168573,0.9991583439528199,0
----------O-XO----XXO------OOO----OOOO-------O------------------ X;,183587,16409416,10.644223174843535,63.62079559010169,-64,64,4,64,182701,0.9951739502252338,0
----------O-XO----XXX------XOO-----OOO----O--O------------------ X;,643046,57513742,8.005190919467658,63.86499566127462,-64,64,4,64,642907,0.9997838412804061,0
----------OO-------OOX-----XOO-----XOO------OO------O----------- X;,988175,88366472,7.950635261972828,63.871248513674196,-64,64,4,64,987780,0.999600273230956,0
----------OO-------OXX-----XOO-----XOO------OO------O----------- X;,550212,49151264,9.160887076254244,63.81020406679607,-64,64,4,64,549994,0.9996037890849345,0
----------OO------OOOX----XXXO-----XOO-------O------------------ X;,261632,23367706,9.165908604452055,63.66074104085127,-64,64,4,64,261575,0.9997821367416829,0
----------OO------XOO-----XXXO-----OOOO----O-------------------- X;,153340,13686863,19.789937394026346,63.30811921220816,-64,64,10,64,153006,0.9978218338333116,0
----------OO------XOXO----XXO------OOOO----O-------------------- X;,68121,6078152,17.733077905491697,63.01030519223147,-64,64,4,64,67895,0.996682374010951,0
----------OO------XOXX----XXOO-----OOOO------------------------- X;,202116,18020221,22.681465099249937,63.291174375111325,-64,64,12,64,201358,0.9962496784025016,0
----------OOO------OXX-----OXX-----OOO----XO-------------------- X;,671291,59949986,11.993399285853675,63.771006910564864,-64,64,4,64,671184,0.9998406056389851,0
----------OOO------OXX-----OXX----OOOO----X--------------------- X;,204702,18305345,12.297539838399233,63.75484851149476,-64,64,4,64,204649,0.9997410870436049,0
----------OOO------XO------XO-----OOOO------OO-------O---------- X;,31622,2824540,16.968945670735565,63.19625577129846,-64,64,6,64,31599,0.9992726582758839,0
----------OOO------XOX-----XOO----OOOO-------O------------------ X;,16555,1476221,17.598489882210814,61.99365750528541,-64,64,6,64,16544,0.9993355481727575,0
----------OOO-----OOX-----OXO----OOOO-------O------------------- X;,22961,2047507,19.653760724707112,61.425721876224905,-64,64,10,64,22937,0.9989547493576064,0
----------OOO-----OXX-----OXO-----OOO-----O-O------------------- X;,297,26620,-0.5858585858585859,30.65993265993266,-64,64,10,64,297,1.0,0
----------OOO-----OXX----OOOO-----XOO-------O------------------- X;,76175,6791018,22.008191663931736,62.11817525434854,-64,64,10,64,76165,0.9998687233344273,0
----------OOO-----OXXX----OXO-----OOOO-------------------------- X;,3471,309300,24.649956784788245,60.42350907519447,-64,64,16,64,3470,0.9997118985883031,0
----------OOO-----XOO-----OXO-----OOOO----O--------------------- X;,6473,576891,30.487254750502085,60.148308357793915,-64,64,20,64,6472,0.999845512127298,0
----------OOO-----XOX-----OXO-----OOOO----O--------------------- X;,800,71213,33.225,56.4525,-64,64,64,64,800,1.0,0
----------OOO-----XOX-----OXO----OOOO-------O------------------- X;,727,65060,11.909215955983495,31.061898211829437,-64,64,20,64,727,1.0,0
----------OOO-----XOXX----OXO----O-OOO-------------------------- X;,65208,5819473,23.9366028708134,62.68516132989817,-64,64,14,64,65190,0.999723960250276,0
----------OOO-----XOXX----XXOX-----OOO-------------------------- X;,305544,27257146,19.405758254130337,63.50747191893802,-64,64,6,64,304798,0.9975584531196816,0
----------OOO-----XXO-----OXO-----OOO-----O-O------------------- X;,88,7912,-2.590909090909091,9.545454545454545,-64,64,4,64,88,1.0,0
----------OOO-----XXOX-----XOO-----XO-------O-------O----------- X;,121584,10858381,20.96936274509804,62.79476740360574,-64,64,8,64,121387,0.9983797210159231,0
----------OOO-----XXOX-----XOO-----XOO-------O------------------ X;,284282,25386698,11.459638668645923,63.453236574950225,-64,64,4,64,284018,0.9990713446507341,0
----------OOO-----XXOX----XXOO-----OOO-------------------------- X;,137568,12276342,19.31675244242847,63.07624592928588,-64,64,6,64,137469,0.9992803558967202,0
----------OOO-----XXXO----XXO-O----OOO-------------------------- X;,4054,361370,28.750370004933398,55.8347311297484,-64,64,28,64,4054,1.0,0
----------OOO----OXXX-----OXO-----XOO-------O------------------- X;,12338,1099540,19.22896741773383,61.3711298427622,-64,64,4,64,12337,0.9999189495866428,0
----------OOO----OXXXX----OXO------OOO-------------------------- X;,14678,1310293,26.606826543125766,61.38240904755416,-64,64,16,64,14667,0.9992505790979698,0
----------OOO-O---XXXO----XXO------OOO-------------------------- X;,48039,4294215,25.89779137783884,62.17731426549262,-64,64,14,64,48030,0.9998126522200712,0
----------OOOO-----OXO-----XXO-----XOO-------O------------------ X;,43141,3846503,11.163139472891217,62.92369207946037,-64,64,4,64,43119,0.999490044273429,0
----------OOOO-----OXX-----XOO-----XOO-------O------------------ X;,210237,18759428,12.52842268487469,63.47694268848966,-64,64,4,64,210224,0.9999381650232833,0
----------OOOX-----OOO----XXOO-----OOO-------------------------- X;,953507,85337557,14.825668820470117,63.69945789595671,-64,64,4,64,952720,0.9991746258810895,0
----------OOOX-----OXX-----XOO-----XOO-------O------------------ X;,282214,25202250,11.509315625730828,63.50579347587292,-64,64,4,64,282163,0.9998192860736888,0
----------OOX------OOOO----XXO-----XOO-------O------------------ X;,186433,16633326,15.08698030928001,63.12950496961375,-64,64,4,64,185730,0.9962292083483074,0
----------OOX------OXX----OOOO-----XOO-------O------------------ X;,753874,67440559,7.670375951418937,63.85020441081666,-64,64,4,64,753419,0.9993964508657945,0
----------OOX-----OOXX-----OXO-----XOO-------O------------------ X;,260985,23308443,9.177006341360615,63.66782382129241,-64,64,4,64,260887,0.999624499492308,0
----------OOX-----OXX-----OXO-----OOO-----O-O------------------- X;,10096,900295,16.25376386687797,62.954833597464344,-64,64,4,64,10089,0.9993066561014263,0
----------OOX-----OXX----OOOO-----XOO-------O------------------- X;,677908,60594663,10.601469520937945,63.742308690854806,-64,64,4,64,677767,0.9997920071750149,0
----------OOX-----XOX-O---XXOO-----OOO-------------------------- X;,49256,4391114,23.085410914406367,62.34044583401007,-64,64,8,64,49184,0.998538249147312,0
----------OOX-----XXX-----XXO----OOOO-------O------------------- X;,389481,34753947,16.480819346771728,63.65026792064311,-64,64,6,64,389422,0.9998485163589494,0
----------OOX----OXOX----XXOO------OOO-------------------------- X;,392853,35027973,18.31081855045017,63.47651666144843,-64,64,6,64,392467,0.9990174441839569,0
----------OOX----OXXX-----OXO-----XOO-------O------------------- X;,55574,4946362,25.81764854068449,62.52636124806564,-64,64,12,64,55563,0.9998020657141828,0
----------OX-------OXO----OXOO----OOOO----O--------------------- X;,121496,10864485,9.589698426285638,63.50811549351419,-64,64,4,64,120118,0.9886580628168828,0
----------OX-------X-X----OXOO----OXO-----O-O-----O------------- X;,1205940,108145327,6.275423321226595,63.979287526742624,-64,64,4,64,1199959,0.9950403834353284,0
----------OX-------X-X----OXOO----XOO-----O-O----O-------------- X;,580916,51849704,11.878722569183841,63.92225381982937,-64,64,4,64,580882,0.999941471744624,0
----------OX-------X-X----OXOO---OOOO-----X-O------------------- X;,959809,85710401,11.327599553661198,63.89307872712175,-64,64,4,64,959682,0.999867682007566,0
----------OX------OOOO----OXOO----OOOO-------------------------- X;,286057,25601626,8.37723600541151,63.816298849529986,-64,64,4,64,285982,0.9997378144915174,0
----------OX------OOX----XOXXX----XXX------X-------------------- X;,36597,3339345,-58.70798152854059,-14.319916933081947,-64,64,-64,-4,36345,0.9931141896876793,0
----------OX------OX------OXO----OOOO-----O-O-----O------------- X;,20766,1852037,30.557497832996244,62.34792449195801,-64,64,20,64,20750,0.9992295097755948,0
----------OX------OX------OXOO----OOO-----O-O-------O----------- X;,29161,2602215,19.80792839751723,62.37594732690923,-64,64,6,64,29144,0.9994170295943212,0
----------OX------OXOO----OXO-----OOO----O--O------------------- X;,114032,10171317,13.653053528834011,63.25926932790796,-64,64,4,64,114000,0.9997193770169777,0
----------OX------OXOO----OXO-----OOOO---O---------------------- X;,169756,15157543,9.270629609557247,63.59464761186644,-64,64,4,64,169712,0.9997408044487381,0
----------OX------OXX-----OOOOO---OOOO-------------------------- X;,484527,43300535,9.934449473403959,63.808933248301955,-64,64,4,64,484463,0.9998679124176775,0
----------OX------OXX----OOXO-----OOOO----O--------------------- X;,238079,21244484,11.63032858840973,63.617324501531,-64,64,4,64,238004,0.9996849785155347,0
----------OX------OXX----XOXO----OOOOO-------------------------- X;,178057,15874786,23.6137809802479,63.25176207618909,-64,64,10,64,177837,0.9987644406004819,0
----------OX------OXX-O---OXXO----OOOO-------------------------- X;,642379,57466452,7.10343426544143,63.91742102403721,-64,64,4,64,642285,0.9998536689399872,0
----------OX------XOXX-----XOX-----XOX----XO-------------------- X;,157152,14389893,-62.63854103034005,-7.473172469965384,-64,64,-64,-4,156729,0.9973083384239463,0
----------OX------XX------XXOO---OOOO-------O-------O----------- X;,149405,13331740,21.293370369130887,63.536441216826745,-64,64,10,64,149389,0.9998929085371976,0
----------OX------XX-----OOXO-----OOO-----OOO------------------- X;,273348,24392468,15.32522645126359,63.54468296823097,-64,64,4,64,273138,0.9992317485403223,0
----------OX------XX-O-----XO------OOOO---OO-----O-------------- X;,300327,26855271,7.875036210530522,63.887136354706705,-64,64,4,64,300305,0.9999267465129675,0
----------OX------XXX------XOOO----OO-----O-O----O-------------- X;,121379,10835497,16.721203832623434,63.788884403397624,-64,64,4,64,121366,0.999892897453431,0
----------OX------XXX-----OXOO----OOO-----O-O------------------- X;,58600,5225442,20.216006825938567,63.262901023890784,-64,64,6,64,58577,0.9996075085324232,0
----------OX------XXX-----OXOO----OOO-----OO-------------------- X;,169980,15176562,14.812189669372867,63.27929168137428,-64,64,4,64,169831,0.9991234262854454,0
----------OX------XXX-----OXOO----OOOO----O--------------------- X;,53516,4775580,17.01265042230361,63.37609313102624,-64,64,4,64,53493,0.9995702219896854,0
----------OX------XXX----OXXO-----OOOO-----O-------------------- X;,100319,8950202,20.9578245397183,63.13272660213918,-64,64,6,64,100023,0.9970494123745253,0
----------OX------XXX----OXXO----OOOOO-------------------------- X;,30165,2684343,24.34715730150837,62.26427979446378,-64,64,10,64,30104,0.9979777888281121,0
----------OX------XXX---OOOOO----O-OOO-------------------------- X;,483050,43169275,13.041825897940171,63.683987164889764,-64,64,4,64,482935,0.9997619294068937,0
----------OX------XXXX-----XOO-----OO-----O-O-------O----------- X;,564609,50630692,9.393805270550063,63.88532418009631,-64,64,4,64,563115,0.9973539210320771,0
----------OX------XXXX-----XOO----OOO-------O-------O----------- X;,2709643,243056464,6.842696620920173,63.956880297515205,-64,64,4,64,2709056,0.9997833662958552,0
----------OX-----OO-X----XOXXX----XOO----X---------------------- X;,116407,10662008,-61.80209953009699,-8.833291812348055,-64,64,-64,-4,115994,0.9964521033958439,0
----------OX-----OXX------XXO---OOOOO-------O------------------- X;,58418,5198892,28.195436338114966,63.416669519668595,-64,64,16,64,58408,0.9998288198842823,0
----------OX-----OXX----O-OXO-----OOO-----O-O------------------- X;,11785,1049643,21.727619855748834,61.234280865507,-64,64,8,64,11784,0.9999151463725074,0
----------OX-----OXXX----OOXO-----XOOO-------------------------- X;,241831,21594714,15.78677671597107,63.27576696122499,-64,64,4,64,241785,0.9998097845189409,0
----------OX-----OXXX----OOXO----O-OOO-------------------------- X;,16632,1480491,31.58724146224146,60.27940115440116,-64,64,24,64,16629,0.9998196248196248,0
----------OX-----XXXO-----OOO-----OOO-----O-O------------------- X;,527746,47138161,16.363314928014614,63.692526328953704,-64,64,4,64,527630,0.9997801972918791,0
----------OX--O----XXO-----XOO----OOOO-------O------------------ X;,113439,10116766,23.7992313049304,63.012253281499305,-64,64,12,64,113418,0.9998148784809457,0
----------OX-O----XXO-----OOO-----OOOO----O--------------------- X;,181631,16234683,10.560807351168027,63.650940643392374,-64,64,4,64,181235,0.9978197554382237,0
----------OX-X-----OXO----OXOO---O-OOO-------------------------- X;,629701,56341104,7.091583148192555,63.93171203475936,-64,64,4,64,629547,0.9997554394863594,0
----------OX-X----OOXO----XOOO-----OOO-------------------------- X;,288072,25737938,15.630380599294622,63.46749770890611,-64,64,4,64,286118,0.9932169735343942,0
----------OX-X---O-OXO----OXOO-----OOO-------------------------- X;,83940,7487258,16.73161782225399,63.41034071956159,-64,64,4,64,83801,0.9983440552775792,0
----------OXO-----OXXX----OXO-----OOOO-------------------------- X;,2359,209987,24.13734633319203,55.50317931326833,-64,64,16,64,2359,1.0,0
----------OXO-----XOXX----OXO----O-OOO-------------------------- X;,63361,5644974,24.690803491106518,63.187102476286675,-64,64,14,64,63343,0.9997159135745963,0
----------OXO-----XXXO----XXO-O----OOO-------------------------- X;,17496,1558242,27.223308184727937,61.674611339734795,-64,64,16,64,17493,0.9998285322359396,0
----------OXO-----XXXX---OOOO------OOO-------------------------- X;,41568,3702401,30.225028868360276,62.284305234795994,-64,64,20,64,41558,0.9997594303310239,0
----------OXO----OXXXX----OXO------OOO-------------------------- X;,8242,732782,34.47197282213055,61.83038097549139,-64,64,30,64,8241,0.9998786702256733,0
----------OXO-O---XXXO----XXO------OOO-------------------------- X;,105329,9396870,31.765344776842085,63.073911268501554,-64,64,20,64,105324,0.9999525296926772,0
----------OXX------OXO----XXOO-----OOOO------------------------- X;,161711,14428559,17.806679817699475,63.238097593855706,-64,64,6,64,161537,0.9989240064064906,0
----------OXX-----OOOO----XOOO-----OOO-------------------------- X;,1581463,142040069,6.351879240930708,63.85577784620949,-64,64,4,64,1573163,0.9947516951076314,0
----------X--------X-------OXXX----OOOO---XXXO------------------ X;,371891,34145207,-63.25413629262338,-5.735029887789702,-64,64,-64,-4,370741,0.9969076960722362,0
----------X--------X-------OXXX---OOOX----XOOO------------------ X;,730578,67058807,-63.16779454076088,-6.136246916824761,-64,64,-64,-4,728915,0.9977237201229712,0
----------X--------X------OOXX----XOOO----XOOO------------------ X;,2507092,231057266,-63.63902760648592,-4.910377042406102,-64,64,-64,-4,2500906,0.9975325995216769,0
----------X--------X------OOXX----XOOXX---XOO------------------- X;,359437,32926567,-62.82377718487523,-6.7902080197642425,-64,64,-64,-4,358054,0.9961523159830513,0
----------X--------X------XXXX-----OO-----XOOO-----OO----------- X;,92067,8427451,-60.89786785710407,-9.915648386501134,-64,64,-64,-4,91764,0.9967089185050018,0
----------X--------X------XXXXX---XXOOO----OO------------------- X;,610224,55949011,-63.06092189097774,-6.561144759956999,-64,64,-64,-4,608496,0.9971682529694014,0
----------X--------X-----OXXXX----OXXO---OOO-------------------- X;,1981340,181909773,-62.723517922214256,-8.238008115719664,-64,64,-64,-4,1966813,0.9926680933105878,0
----------X--------X-O----XXXXO----XXO-----OOO------------------ X;,2394912,220358463,-63.14512516535054,-6.967445985489237,-64,64,-64,-4,2385299,0.9959860738098101,0
----------X--------X-X-----OXX---OOOOO----XO-O------------------ X;,2359796,218084749,-63.779398303921184,-4.211330555692102,-64,64,-64,-4,2354346,0.9976904783294828,0
----------X--------X-XO---XOOO----XXOX-----OO------------------- X;,956884,88034038,-63.56471108305709,-5.497772979796924,-64,64,-64,-4,950358,0.9931799465765966,0
----------X--------X-XO---XOXO----OOOX----XO-------------------- X;,812141,74738616,-63.721151868948866,-4.764246602498827,-64,64,-64,-4,810005,0.9973699148300603,0
----------X--------X-XX--XXOXX-----OO-----OOO------------------- X;,121393,11121128,-63.06997932335472,-5.918067763380096,-64,64,-64,-4,121170,0.998162991276268,0
----------X--------X-XXX--XOOO-----OOOO----O-------------------- X;,603819,55687373,-63.672729741859726,-4.544457859060413,-64,64,-64,-4,601928,0.9968682668150555,0
----------X--------XO------OOX----XXOXX---XOO------------------- X;,665719,61124681,-63.476358643812176,-5.2539915489868845,-64,64,-64,-4,663827,0.9971579600401972,0
----------X--------XO-----XXOX----XOOO-----OOO------------------ X;,2446251,225346501,-63.669560482550644,-5.176674838354691,-64,64,-64,-4,2439469,0.9972275943883109,0
----------X--------XO-----XXOXX---XXOX-----OO------------------- X;,663331,60886541,-63.463809169177985,-5.438844257241106,-64,64,-64,-4,661672,0.9974989861773383,0
----------X--------XOO----XXOO----XOOX----OO-------------------- X;,2176813,201129957,-63.75081231139285,-4.3857781995973015,-64,64,-64,-4,2171605,0.9976075115317669,0
----------X--------XOO----XXOOO---XXXX-------O------------------ X;,565624,51816065,-62.402756955150416,-8.578810305078992,-64,64,-64,-4,563616,0.9964499384750294,0
----------X--------XOO----XXOX-----XOX-----XOO------------------ X;,859485,78797767,-62.909577246839675,-7.203055318010204,-64,64,-64,-4,857697,0.997919684462207,0
----------X--------XOOO----XX-----OXOO----OO------O------------- X;,170056,15208794,8.983840617208449,63.83225525709178,-64,64,4,64,169572,0.9971538787223032,0
----------X--------XOOO----XXO-----OOOO---O------O-------------- X;,264446,23660639,9.479477851810955,63.80433812574212,-64,64,4,64,264427,0.9999281516831413,0
----------X--------XOX----XOOOO----XOX----XO-------------------- X;,249153,22847779,-63.500527788146236,-5.607923645310311,-64,64,-64,-4,248585,0.9977202762960912,0
----------X--------XOX----XOOOO---XXOX-----O-------------------- X;,532152,48864328,-63.06833761782348,-7.015146048497422,-64,64,-64,-4,527469,0.9911998827402697,0
----------X--------XOX----XOOX----XXOX-----OO------------------- X;,215647,19754680,-63.33113375099121,-5.798091325174939,-64,64,-64,-4,215352,0.9986320236312122,0
----------X--------XOX---XXOXX---OOOO-------O------------------- X;,1194291,109705506,-63.18815012421596,-5.767834639966306,-64,64,-64,-4,1183245,0.9907509978723779,0
----------X--------XX------OX-----OOOXX---XOOO------------------ X;,459403,42168235,-63.38537841502994,-5.507732861996983,-64,64,-64,-4,458461,0.9979495127371828,0
----------X--------XX------OX-----XOOXX--XXOO------------------- X;,65616,6006308,-63.092645086564254,-5.935610217020239,-64,64,-64,-4,65445,0.9973939283101683,0
----------X--------XX------OX----OOOXXX--XOX-------------------- X;,71948,6581667,-60.8338244287541,-9.37485406126647,-64,64,-64,-4,71771,0.9975398899204981,0
----------X--------XX-----OOX-----OOXXX---XXO------------------- X;,415107,38008479,-62.3973915159224,-8.268118822375918,-64,64,-64,-4,413548,0.9962443418203017,0
----------X--------XX-----OOX-----XOOX----XOOO------------------ X;,961141,88252870,-63.38964314288955,-5.773763682955987,-64,64,-64,-4,958505,0.9972574263297477,0
----------X--------XX-----OXX-----XXOX-----OOO----O------------- X;,1305054,120064355,-63.55491190402849,-5.85253943514981,-64,64,-64,-4,1301165,0.9970200466800607,0
----------X--------XX-----XOX----XXOOOO-----OO------------------ X;,418220,38390362,-63.438302807135,-5.856035101142939,-64,64,-64,-4,417282,0.9977571613026637,0
----------X--------XX----XXXX-----XOOO------OO-------O---------- X;,411624,37751052,-62.66655734359512,-7.419584377976017,-64,64,-64,-4,410689,0.9977285095135366,0
----------X--------XXXX---OOOO----XOOO-----O-------------------- X;,2550755,235258156,-63.591127332887716,-4.812339091759107,-64,64,-64,-4,2537528,0.9948144764981348,0
----------X-------OOO-----XOXXX----XOX----XO-------------------- X;,283177,25963761,-63.11617822068883,-6.2693862849030815,-64,64,-64,-4,282313,0.9969489047486201,0
----------X-------OOO-----XOXXX---XXOX-----O-------------------- X;,939400,86329240,-63.4394975516287,-6.081060251224185,-64,64,-64,-4,935658,0.9960166063444752,0
----------X-------OOOO-----OX-X---OOXX----X-X------------------- X;,219183,20061342,-62.710333374394914,-7.992047740928813,-64,64,-64,-4,218189,0.9954649767545841,0
----------X-------OOOX----XOXX-----OOX----XO-------------------- X;,429246,39424456,-62.95697572021638,-5.865242774539541,-64,64,-64,-4,427003,0.9947745581787599,0
----------X-------OXOO-----XOX----XOXX---XO--------------------- X;,1214334,111471143,-63.38640769343525,-5.7363937763415995,-64,64,-64,-4,1210099,0.9965124916209215,0
----------X-------OXOO-----XX-----OXOO----OO------O------------- X;,86928,7763273,11.990704951224002,63.83761273697773,-64,64,4,64,86892,0.9995858641634456,0
----------X-------OXX------OOO----XOOX---XX---X----------------- X;,480283,44119906,-63.59022076567357,-5.022959380198758,-64,64,-64,-4,479292,0.9979366331933465,0
----------X-------OXX------OXX----XOOO-----OOO------------------ X;,2939132,270973401,-63.764556678638456,-4.553791731708546,-64,64,-64,-4,2922494,0.9943391450264908,0
----------X-------OXX-----XOOO----XXOX-----OO------------------- X;,1387604,127948439,-63.728524852911924,-4.589800836549909,-64,64,-64,-4,1384369,0.9976686432152112,0
----------X-------OXXX----XOOX----XOOO-----O-------------------- X;,1857303,171006822,-63.61617194394237,-4.935854300563775,-64,64,-64,-4,1851874,0.9970769443650283,0
----------X-------X-OX----XOXX----OXO----OX-O------------------- X;,2377730,218941439,-63.601731903958814,-5.221767820568357,-64,64,-64,-4,2369459,0.9965214721604219,0
----------X-------X-X-----XOOX----XOXXX---XO-------------------- X;,228837,20975337,-63.165676879176004,-6.2339656611474545,-64,64,-64,-4,228223,0.9973168674646146,0
----------X-------X-XX----XOXO----XOOO----XO-------------------- X;,352834,32344631,-63.329506226724185,-5.468971244267843,-64,64,-64,-4,351685,0.9967435111128746,0
----------X-------XOO-----XXOX-----XOX-----XOO------------------ X;,1139040,104512087,-63.33056609074308,-6.019836002247507,-64,64,-64,-4,1135998,0.9973293299620734,0
----------X-------XOO-----XXOX----XOX-----OOO------------------- X;,3094070,285321237,-63.666199859731684,-4.803179953911838,-64,64,-64,-4,3085287,0.9971613441195577,0
----------X-------XOX-----XOOXX---XOOO----X--------------------- X;,282430,25865785,-62.85245901639344,-6.386106291824523,-64,64,-64,-4,280698,0.9938675069928832,0
----------X-------XX------XOX----OOXXX---OX-O------------------- X;,131081,12009588,-62.23001045155286,-8.31151730609318,-64,64,-64,-4,130633,0.9965822659271748,0
----------X-------XX------XOX----X-OOOO---OOO------------------- X;,661664,60844370,-63.55980225613,-5.411016769840886,-64,64,-64,-4,660206,0.9977964646708903,0
----------X-------XX------XOX----XOOOX--X---OO------------------ X;,338886,31119103,-63.35852469562035,-5.709386047225321,-64,64,-64,-4,335973,0.9914041890193163,0
----------X-------XX------XOX---XXXXOX------OO------------------ X;,119462,10943719,-62.74324889923155,-6.496509350253637,-64,64,-64,-4,118997,0.9961075488439839,0
----------X-------XX------XOXX---X-OOO-----OO------O------------ X;,709063,65160226,-63.48759278089535,-5.180367611904725,-64,64,-64,-4,707639,0.9979917158277897,0
----------X-------XX------XOXXX---OOOX----XO-------------------- X;,139515,12775029,-63.176138766440886,-5.450331505572877,-64,64,-64,-4,138913,0.9956850517865462,0
----------X-------XX------XOXXX--X-OO------OO-------O----------- X;,165652,15167901,-62.162642165503584,-7.170755559848357,-64,64,-64,-4,165193,0.9972291309492188,0
----------X-------XX-----XXOXX-----OOO----OOO------------------- X;,727998,66856683,-63.40899837636917,-5.7836834716578895,-64,64,-64,-4,726543,0.9980013681356268,0
----------X-------XX-O----XOOX---X-OO-----OOO------------------- X;,944937,87078808,-63.786012189172396,-4.473505641116815,-64,64,-64,-4,943147,0.9981056938187414,0
----------X-------XX-X----XOXX----OOOO----XO-------------------- X;,275687,25263305,-63.48423393195907,-5.283520804390486,-64,64,-64,-4,275061,0.9977293089627004,0
----------X-------XX-X---XXOOO-----OO-----OOO------------------- X;,546704,50234611,-63.63078375135357,-4.9652279844303315,-64,64,-64,-4,545541,0.997872706254207,0
----------X-------XXO-----XOXO----OOOX----XO-------------------- X;,1249932,115011863,-63.548387432276314,-5.131659162258427,-64,64,-64,-4,1245841,0.9967270219499941,0
----------X-------XXO-----XXOO----XXOX-----OO------------------- X;,1589338,146339218,-63.637440242415394,-4.820763110175432,-64,64,-64,-4,1583851,0.9965476191974268,0
----------X-------XXO-----XXOX-----XOX-----XOO------------------ X;,650752,59655563,-63.349938225314716,-5.803622578186467,-64,64,-64,-4,649390,0.9979070367820614,0
----------X-------XXOO----XXOX----XOOX------O------------------- X;,1250453,115003936,-63.477529343365966,-5.294832352755361,-64,64,-64,-4,1245314,0.9958902893591363,0
----------X-------XXOOO---XOXO----OOOO-------------------------- X;,1552740,139127191,6.860973504901014,63.9620309903783,-64,64,4,64,1547492,0.9966201682187616,0
----------X-------XXOOO---XXOO-----OOO----O--------------------- X;,1588898,142397191,6.8628149824595415,63.968896052484176,-64,64,4,64,1588029,0.9994530800592611,0
----------X-------XXOX-----OOOO----XOX----XO-------------------- X;,452724,41632921,-63.46927929599491,-5.38664616852652,-64,64,-64,-4,449547,0.9929824793914173,0
----------X-------XXOX-----OOOO---XXOX-----O-------------------- X;,1135460,104490495,-63.57850915047646,-5.285901749070861,-64,64,-64,-4,1127244,0.9927641660648547,0
----------X-------XXX-----XOX-----XOOOO-----OO------------------ X;,318400,29192132,-62.63913002512563,-7.588815954773869,-64,64,-64,-4,316882,0.9952324120603016,0
----------X-------XXXX-----OOOO----XOX----XO-------------------- X;,689420,63287258,-63.26084244727452,-5.437756374923849,-64,64,-64,-4,685242,0.9939398334832178,0
----------X-------XXXX----XXXX----OOO------X-O------------------ X;,465974,42813179,-63.315704309682516,-5.394794559353097,-64,64,-64,-4,462177,0.9918514766918326,0
----------X-------XXXX---OXOX-----OOO----X-O-------------------- X;,547552,50251645,-62.82569874642043,-5.793789448308106,-64,64,-64,-4,544498,0.9944224475483607,0
----------X------OOOO-----XXXO----XXXX-----O-------------------- X;,8209309,749784340,-42.12878757517837,14.689514915323567,-64,64,-64,-4,8177508,0.9961262269455322,0
----------X------OX-X-----OOX-----XOXXX---XO-------------------- X;,137212,12565194,-62.21251785558115,-7.728376526834388,-64,64,-64,-4,136796,0.9969681952015859,0
----------X------OXOOO---OOXO----O-OOO-------------------------- X;,9263,825950,24.672028500485805,58.33801144337688,-64,64,14,64,9253,0.9989204361437979,0
----------X------OXOOO--OOOOO------OOO-------------------------- X;,69306,6198024,12.486610105907136,63.57246125876547,-64,64,4,64,68963,0.9950509335411075,0
----------X------XXX-O----XOOX-----OO-----XO-O------------------ X;,613999,56426205,-63.71745719455569,-4.670198159931856,-64,64,-64,-4,613172,0.9986530922688799,0
----------X------XXXO------OOX-----XOX-----XOO------------------ X;,815623,74908125,-63.38158438396171,-5.525484200421028,-64,64,-64,-4,814197,0.9982516432224202,0
----------X------XXXO-----XOXX----OOO------X-O------------------ X;,973248,89541844,-63.55809207930558,-5.2008306207667525,-64,64,-64,-4,970686,0.997367577431446,0
----------X---X----X-XO---XXXO-----XO------XOO------------------ X;,241115,22052863,-60.30369740580221,-12.245194201936835,-64,64,-64,-4,240574,0.9977562573875537,0
----------X---X---OX-X----XOXX-----XO------OOO------------------ X;,824855,75892057,-63.753771268889686,-4.9001109285874485,-64,64,-64,-4,824087,0.9990689272660044,0
----------X--X-----X-X----XXOOO----XO------OOO------------------ X;,717451,66018049,-63.58870919407737,-5.540148386440328,-64,64,-64,-4,716142,0.9981754851550838,0
----------X--X-----XX-----XXOO----XOOX----OO-------------------- X;,942407,86558440,-63.53263929491186,-5.376611166937427,-64,64,-64,-4,940112,0.9975647464418239,0
----------X--X-----XX----XXOXX----OOO----O--O------------------- X;,279460,25628070,-62.70609031704001,-8.240399341587347,-64,64,-64,-4,278926,0.9980891719745223,0
----------X--X-----XXX----XOX----OOOO-----XO-------------------- X;,314069,28786334,-63.021641741146055,-6.008826085987474,-64,64,-64,-4,313047,0.9967459379945172,0
----------X--X----OX-X----XOOX-----XO------XOO------------------ X;,178649,16399674,-63.29025631265778,-5.493739119726391,-64,64,-64,-4,178349,0.998320729475116,0
----------X--X----OXX-----XOOX----XOOO-----O-------------------- X;,1151761,105952484,-63.59045756888799,-5.457146925447207,-64,64,-64,-4,1148408,0.9970888057504986,0
----------X--X----X-X----OOOO-----XOOX----X-O------------------- X;,392645,36087561,-63.44100650715023,-5.606153140877892,-64,64,-64,-4,391326,0.9966407314495282,0
----------X--X----X-X-O-XXXXXO-----OO-----O--------------------- X;,542495,49864636,-63.60865630097973,-5.020201107844312,-64,64,-64,-4,541637,0.9984184186029365,0
----------X--X----XXX------XOO----XOOX----OO-------------------- X;,959492,88198628,-63.61828446719723,-4.878259537338509,-64,64,-64,-4,957414,0.9978342706348776,0
----------X--X----XXX-----XXOO-----OOO-----O-O------------------ X;,759373,69806763,-63.41174495274391,-5.628033917455585,-64,64,-64,-4,755489,0.994885254018776,0
----------X--X----XXX----OOOXX----XOO-----O--------------------- X;,654503,59953838,-62.04084778832183,-9.025576658930516,-64,64,-64,-4,650485,0.9938609907059249,0
----------X--X---OX-X----OOXXX----XOO-----O--------------------- X;,350734,32119357,-62.218957956742145,-9.124133959068695,-64,64,-64,-4,349256,0.9957859802585435,0
----------X-O------XOO-----XO-----XOOX---X-X--X----------------- X;,339266,31215528,-63.59490193535456,-4.826313276308266,-64,64,-64,-4,338353,0.9973088962642882,0
----------X-O------XOO-----XOXX---XOOO-----O-------------------- X;,3380097,311666493,-63.44383312076547,-5.205323989222794,-64,64,-64,-4,3355160,0.9926224010731053,0
----------X-O------XOX----XOOX-----XOX----XO-------------------- X;,162013,14844843,-63.049625647324596,-5.914642652132853,-64,64,-64,-4,161293,0.9955559121798868,0
----------X-O------XOX----XOOX----XXOX-----O-------------------- X;,338273,31049165,-63.113783837314834,-5.64291267703896,-64,64,-64,-4,336792,0.9956218793696215,0
----------X-O-----XXO-----XOOO----OOOO-------O------------------ X;,1374241,122902146,8.32179435775821,63.93718787316053,-64,64,4,64,1373863,0.9997249390754606,0
----------X-O-----XXO-----XXOO-----OOO----O--O------------------ X;,188696,16841478,22.22405880357824,63.628073727053035,-64,64,8,64,188607,0.9995283418832408,0
----------X-OX----X-O----XOOOX--X--OO-----O--------------------- X;,228186,21047565,-63.60704425337225,-4.762312324156609,-64,64,-64,-4,227590,0.9973880956763342,0
----------X-X------XXX---OOOX-----OOO----XO--------------------- X;,174449,15979751,-61.8819425734742,-8.183176745065893,-64,64,-64,-4,173521,0.9946803936967251,0
----------X-X-----OOOOO---OOOO----OOO--------------------------- X;,878574,78688325,10.279146662660175,63.860700407706126,-64,64,4,64,878117,0.9994798389207966,0
----------X-X-----OXOO----OXXO---O-XO-O------------------------- X;,755720,67580780,12.673869951834012,63.83337347165617,-64,64,4,64,754222,0.9980177843645794,0
----------X-X-----OXOO----OXXO---O-XOO-------------------------- X;,793712,70978576,15.104648789485354,63.71732693974641,-64,64,4,64,789961,0.995274104461064,0
----------X-X-----OXOOO---OXXO---O-XO--------------------------- X;,696139,62329796,11.585548288488361,63.8806675103679,-64,64,4,64,694890,0.9982058180909272,0
----------X-X----OX-X-----OOXX----XOO-----XO-------------------- X;,388330,35580103,-62.3387659979914,-8.662912986377565,-64,64,-64,-4,386239,0.9946154044240723,0
----------X-XO-----XOX--XXXOX-----OOO--------------------------- X;,129640,11856887,-61.519955260722,-9.797539339709965,-64,64,-64,-4,128862,0.9939987658130207,0
----------X-XO----OXO-----OOOOO---OOO--------------------------- X;,1154458,103222133,8.58677838431541,63.896475229068535,-64,64,4,64,1154266,0.9998336881896093,0
----------XO-------OO-----XOXX----XOOO----XO-------------------- X;,1896426,174785484,-63.60799630462776,-4.714169706595459,-64,64,-64,-4,1884069,0.9934840589614359,0
----------XO-------X-------OOOX---OOOX----XOX------------------- X;,1385198,127700100,-63.674934558092055,-4.525888717714002,-64,64,-64,-4,1378643,0.9952678245276126,0
----------XO-------X-O-----OX-----OOOX----XO-O--------O--------- X;,720296,64638037,5.0518023146039965,63.99441479613937,-64,64,4,64,720293,0.9999958350455924,0
----------XO-------XO------OX----XXOOX----XOO------------------- X;,555484,50990375,-63.38979160515874,-5.584637901361695,-64,64,-64,-4,553843,0.9970458195015518,0
----------XO-------XO-----XOOO----XXOX----X-O------------------- X;,669536,61547178,-63.4516500979783,-4.942243583616116,-64,64,-64,-4,667607,0.9971189002533097,0
----------XO------OXXX---O-OX-----OOOO----X--------------------- X;,918197,82164253,11.01429105083114,63.89031874423463,-64,64,4,64,916083,0.99769766183074,0
----------XO------XOOX----XOXX----XOO-------O------------------- X;,1989842,183342455,-63.5524775333921,-5.075219540043883,-64,64,-64,-4,1981240,0.9956770437049776,0
----------XO------XOXX-----OXX----XXOX-----O-------------------- X;,1132281,104132900,-63.42894387523945,-5.323065564113502,-64,64,-64,-4,1128083,0.9962924397742257,0
----------XO------XXO----OXXXO-----OOOO------------------------- X;,303828,27174110,9.672867543478548,63.937569940887606,-64,64,4,64,303780,0.9998420158774043,0
----------XO------XXOX-----OOO----OOOO----X--------------------- X;,1489574,133566730,7.943053517314346,63.94442840704792,-64,64,4,64,1488994,0.9996106269309212,0
----------XO------XXX-----XOX-----XOOX------OO------------------ X;,1477214,135895087,-63.55150573985895,-5.2142330088937685,-64,64,-64,-4,1473947,0.9977884043882606,0
----------XO------XXX----OOOOOO----OOO-------------------------- X;,149997,13381972,20.672733454669093,63.360480542944195,-64,64,8,64,149948,0.9996733267998693,0
----------XO------XXX-O--OXXXO-----OOO-------------------------- X;,384990,34472620,10.457749551936415,63.90645211563937,-64,64,4,64,384911,0.9997947998649316,0
----------XO------XXXO---OXXOO-----OOO-------------------------- X;,73762,6579934,18.621648003036793,62.82714676933923,-64,64,4,64,73723,0.9994712724709199,0
----------XO-----XXOXX-----OXX-----XO------X-O------------------ X;,555992,51116800,-63.18893797033051,-5.7209744025093885,-64,64,-64,-4,551554,0.9920178707607303,0
----------XO-O----XXOX-----OX-----OOOO----X--------------------- X;,640144,57290953,12.98207903221775,63.86513971856332,-64,64,4,64,639071,0.9983238146417056,0
----------XOO-----XXO-----OXO-----OOO-----O-O------------------- X;,19857,1770642,21.785667522787932,62.38626177166742,-64,64,8,64,19849,0.9995971194037367,0
----------XOO-----XXO----OXXOX-----OOO-------------------------- X;,259379,23161914,18.53062506987844,63.4733536639435,-64,64,4,64,259283,0.9996298852258664,0
----------XOO-----XXOX-----OO-----OOOO----X--------------------- X;,775812,69447715,12.612430588854,63.885112630379524,-64,64,4,64,775618,0.9997499394183127,0
----------XOO-----XXX-----OXX-----OOOO----O--------------------- X;,44748,3989509,19.651805667292393,63.11998301600072,-64,64,6,64,44719,0.9993519263430768,0
----------XOX-----XOX-----XOXX----XOO----X---------------------- X;,149916,13723298,-61.94094693028096,-7.17164945702927,-64,64,-64,-4,149183,0.9951105952666827,0
----------XOX-----XOX----XXOXX----OOO--------------------------- X;,269039,24615289,-61.01741383219533,-8.901133292942658,-64,64,-64,-4,266331,0.9899345448057717,0
----------XX-------XX-----XXOOO---XOOO-----O-------------------- X;,1457622,134177335,-63.673766586947785,-4.897316999880627,-64,64,-64,-4,1454551,0.9978931437642955,0
----------XX------OXOOO----XO------OOO----O------O-------------- X;,236346,21115320,12.898644360386891,63.681809719648314,-64,64,4,64,236318,0.9998815296218256,0
----------XX------XXXO----XOOX----XOO----X---------------------- X;,250224,22918917,-62.49559994245156,-6.205739657267089,-64,64,-64,-4,249151,0.9957118421893983,0
----------XX-----OX-X-----OOXX----XOO-----XO-------------------- X;,440273,40343798,-62.78571704374331,-7.131411646864559,-64,64,-64,-4,433712,0.985097882450207,0
----------XX-----XXXX------OOX-----OO-----OX-O------------------ X;,615478,56643027,-63.73142825576219,-4.596934415202493,-64,64,-64,-4,610915,0.992586250036557,0
----------XXX-----OOO------OXO----OXXX----X--------------------- X;,146441,13371521,-60.112038295286155,-11.064121386770099,-64,64,-64,-4,145180,0.9913890235658046,0
---------O--------O------XXXX-----OOOOO---OO------O------------- X;,351735,31435595,12.166921119592875,63.78001620538189,-64,64,4,64,351229,0.9985614169758483,0
---------O--------O------XXXX-----OOOOO---OO-----O-------------- X;,430400,38459463,20.925341542750928,63.720638940520445,-64,64,8,64,430341,0.9998629182156133,0
---------O--------O------XXXX-----OOOOO--OOO-------------------- X;,556193,49679068,9.711787095486638,63.7859016564394,-64,64,4,64,556116,0.9998615588473785,0
---------O--------O--X-----OXO-----XOO-----OOO------OO---------- X;,670983,59995364,6.262771187943659,63.960909590854016,-64,64,4,64,670958,0.9999627412318941,0
---------O--------O--X----XOOO----XXO------OO------OO----------- X;,1192328,106656152,8.130736676484995,63.92451154380338,-64,64,4,64,1192294,0.9999714843566535,0
---------O--------O--X----XOOO----XXO------OOO-----O------------ X;,1009504,90197183,8.736233833645038,63.915630844454306,-64,64,4,64,1009449,0.9999455177988398,0
---------O--------O--X----XOOO----XXOO-----OO------O------------ X;,1542250,137947401,7.892444804668504,63.940909061436216,-64,64,4,64,1542207,0.9999721186578051,0
---------O--------O--X----XOOX----XOOOO-----O-------O----------- X;,2228943,199483736,7.057805874802541,63.96848057577067,-64,64,4,64,2228896,0.9999789137721332,0
---------O--------O--X----XOXO-----XO-----OOOOO----------------- X;,396087,35390702,8.255171212385157,63.89252866163242,-64,64,4,64,396064,0.9999419319492939,0
---------O--------O--X----XOXX----XOOO-----O-O-----O------------ X;,1222592,109436585,5.990839135214364,63.96551915929435,-64,64,4,64,1222552,0.9999672826257656,0
---------O--------O--X---XOOX-----OOOO----XO-------O------------ X;,1985927,177944663,6.728086178394271,63.97723884110544,-64,64,4,64,1985859,0.9999657590636514,0
---------O--------O--X---XXOX------XOO---OOO-------O------------ X;,246775,22023973,15.043189139904772,63.87704183973255,-64,64,4,64,246764,0.9999554249822713,0
---------O--------O--X---XXOX----O-XOO----OO-------O------------ X;,462776,41394724,11.22661935796152,63.89144207996957,-64,64,4,64,462751,0.9999459781838298,0
---------O--------O-OX----OXXX----OXO-----O-O-----O------------- X;,151607,13552646,16.004557837039187,63.72289538082015,-64,64,6,64,151588,0.9998746759714261,0
---------O--------O-OX----XOXX----OXO----OX-O------------------- X;,1664055,148971121,7.24804588790635,63.97970680055647,-64,64,4,64,1664023,0.9999807698663806,0
---------O--------O-OX----XXXX---OOOO-----X-O------------------- X;,1820909,162823945,10.562732679117957,63.95096020723715,-64,64,4,64,1820855,0.9999703444817946,0
---------O--------O-X-----XXX-----XOOOO---OO-----O-------------- X;,1139606,101966336,9.160135169523501,63.981080303192506,-64,64,4,64,1139555,0.9999552476908686,0
---------O--------O-X-----XXX-----XOOOO--OOO-------------------- X;,2202515,197474171,5.469100550961061,63.981070730505806,-64,64,4,64,2202199,0.999856527651344,0
---------O--------OO-X-----OXX----XXOX-----O-O--------O--------- X;,769353,68997039,6.030147409576618,63.96353039502023,-64,64,4,64,768409,0.9987729949710991,0
---------O--------OOOO----OXOO----OOOO----O--------------------- X;,28512,2544525,21.0130120650954,63.36802048260382,-64,64,8,64,28509,0.9998947811447811,0
---------O--------OOOO----XOXX----XOO------OO------------------- X;,957411,85530365,10.775226104567421,63.83839751162249,-64,64,4,64,957246,0.999827660221159,0
---------O--------OOOO----XOXX----XOOO-----O-------------------- X;,840539,75161432,9.194242028032013,63.880247079552525,-64,64,4,64,839223,0.9984343379664715,0
---------O--------OOOO----XXXO----XOOOO------------------------- X;,199475,17815807,12.971795964406567,63.54860007519739,-64,64,4,64,199454,0.9998947236495801,0
---------O--------OOOOO---XXXO----XOOO-------------------------- X;,251514,22463178,13.002480975214104,63.64971333603696,-64,64,4,64,251471,0.9998290353618486,0
---------O--------OOOX----XXOO-----XO-----O-O-------O----------- X;,773128,69069020,10.983318415579308,63.861742169472585,-64,64,4,64,768772,0.9943657453875684,0
---------O--------OX-O----XXO------OOOO---OO-----O-------------- X;,6151,549773,28.311168915623476,60.34433425459275,-64,64,16,64,6149,0.9996748496179483,0
---------O--------OX-O----XXX------XOOO--OOO-------------------- X;,121664,10864852,10.361462716991058,63.75743851920042,-64,64,4,64,121659,0.9999589032088374,0
---------O--------OX-X----XOOO----XOO-----O-O----O-------------- X;,793197,70895300,15.033430534911252,63.848466396115974,-64,64,6,64,793142,0.9999306603529766,0
---------O--------OX-X---OOOOO-----XO-----O-O-------O----------- X;,52323,4670726,23.87313418573094,63.05001624524588,-64,64,10,64,52322,0.9999808879460276,0
---------O--------OXX-----OOOOO---OOOO----O--------------------- X;,326838,29202610,11.98106707298417,63.63961350883312,-64,64,4,64,326800,0.9998837344494826,0
---------O--------OXX-----OXOO----OOO-----O-O-------O----------- X;,155182,13858481,11.482059774973902,63.69067933136575,-64,64,4,64,155167,0.9999033393048162,0
---------O--------OXX-----OXX-----OOOOO---OO-------------------- X;,198636,17726273,20.788517690650234,63.36860387845103,-64,64,10,64,198613,0.9998842103143438,0
---------O--------OXX-----XXOO---OOOO-------O-------O----------- X;,67117,6000209,23.55656540071815,63.07665718074407,-64,64,12,64,67100,0.9997467109674151,0
---------O--------OXX-----XXX----OOOOOO----O-------------------- X;,175881,15721976,17.194728253762488,63.65237859689222,-64,64,4,64,175871,0.9999431433753504,0
---------O--------OXX----OOOO----XOOO-----O-O------------------- X;,276983,24692964,29.382301440882653,63.19493254098627,-64,64,16,64,276929,0.9998050421867046,0
---------O--------OXX----OOXO-----OOO-----OOO------------------- X;,144115,12858104,17.47548832529577,63.58806508690976,-64,64,6,64,144101,0.9999028553585678,0
---------O--------OXX----OXOO----OOOO----O--O------------------- X;,42241,3775408,23.014275230226556,62.266565658956935,-64,64,10,64,42239,0.9999526526360645,0
---------O--------OXX----OXOO----XOOO------OO------------------- X;,254235,22658488,24.488252994276948,63.28877219894979,-64,64,12,64,254201,0.9998662654630558,0
---------O--------OXX----OXOO---OOOOO-------O------------------- X;,57379,5122155,28.194199968629636,62.53638090590634,-64,64,14,64,57369,0.9998257202112271,0
---------O--------OXX----OXXX-----OOOOO----O-------------------- X;,209870,18745878,18.55396197646162,63.41884023443084,-64,64,6,64,209856,0.9999332920379282,0
---------O--------OXX----XXOOO----OOO-----OO-------------------- X;,182981,16330927,18.65807925413021,63.174056322787614,-64,64,4,64,182960,0.9998852339860422,0
---------O--------OXX----XXOX----O-OOOO----O-------------------- X;,91132,8131491,28.673528508098144,63.11012597111882,-64,64,16,64,91128,0.9999561076241057,0
---------O--------OXX---OOXOO----OXOOO-------------------------- X;,76224,6803669,21.42838213685978,62.78803264063812,-64,64,8,64,76222,0.9999737615449202,0
---------O--------OXX-O----OXO----OXO----OOO-------------------- X;,41292,3685281,18.481642933255838,62.74435726048629,-64,64,6,64,41235,0.9986195873292647,0
---------O--------OXX-O---OXXO----OOOO----O--------------------- X;,395833,35357707,11.83264912223084,63.70508017269909,-64,64,4,64,395765,0.9998282103816508,0
---------O--------OXXX-----OX-----OOOO----XO-------O------------ X;,1828493,163442687,11.980275560256452,63.91966280428746,-64,64,4,64,1828420,0.9999600764126524,0
---------O--------OXXX-----OX-----OXOO----OO------O------------- X;,246244,22011083,14.820462630561558,63.798858043241665,-64,64,6,64,246223,0.9999147187342636,0
---------O--------OXXX-----OX-----XOOO---X---O-------O---------- X;,1485143,132812680,9.759334286327983,63.97531079498742,-64,64,4,64,1485032,0.9999252597224645,0
---------O--------OXXX-----XOO----XOO-----O-O-------O----------- X;,1074285,96036158,7.7194906379592005,63.98311900473338,-64,64,4,64,1074255,0.9999720744495176,0
---------O--------OXXX-----XOO---OOOO-------O-------O----------- X;,312149,27899516,12.562157815658548,63.890702837427,-64,64,4,64,312141,0.9999743712137473,0
---------O--------OXXX-----XX-----OXOO----OO------O------------- X;,380431,34001993,12.450980598321378,63.86850440684382,-64,64,4,64,380417,0.9999631996340992,0
---------O--------OXXX-----XX-----OXOO----XO--------O----------- X;,897866,80404832,6.284576985875398,63.93606841109921,-64,64,4,64,894452,0.9961976508744067,0
---------O--------OXXX----OOOO----XOO-------O-------O----------- X;,1696731,151764110,9.885570547128566,63.92245205633657,-64,64,4,64,1696669,0.9999634591458516,0
---------O--------OXXX----XOO------XOO------OOO----------------- X;,811997,72544391,8.892584578514453,63.92515243282919,-64,64,4,64,811926,0.9999125612533051,0
---------O--------OXXX----XOX------OOO----OO-----O-------------- X;,583104,52138191,15.410528825046647,63.82614593623093,-64,64,4,64,583073,0.9999468362419054,0
---------O--------OXXX----XOX------OOO---OOO-------------------- X;,459473,41009099,16.56597667327569,63.72049935469549,-64,64,6,64,459422,0.9998890032711389,0
---------O--------OXXX----XXX-----OOOO-------O--------O--------- X;,353263,31621738,17.16142647262804,63.726019990771746,-64,64,4,64,353239,0.9999320619481803,0
---------O--------OXXX----XXX-----OOOO-------O-------O---------- X;,660467,59064402,7.896409661648501,63.98002019782972,-64,64,4,64,660442,0.9999621479952822,0
---------O--------OXXX---XXOO------OOO-----O-------O------------ X;,884970,79065374,17.197928743347234,63.772653310281704,-64,64,6,64,884927,0.9999514107822864,0
---------O--------OXXX---XXOX------OO------O-O-----O------------ X;,948677,84747248,13.395254654640093,63.90763768911864,-64,64,4,64,948606,0.9999251589318598,0
---------O--------OXXX---XXOX------OOO-----O-------O------------ X;,990475,88497967,14.758936873722204,63.862873873646485,-64,64,4,64,990437,0.9999616345692723,0
---------O-------OO-------XOX----XXOO----O-OOO------------------ X;,93227,8317100,17.672916644319777,63.23291535713903,-64,64,8,64,93208,0.9997961963808768,0
---------O-------OO--X---XXOX-----XOOO-----O-------O------------ X;,452571,40436524,16.028534749243764,63.78001241794105,-64,64,4,64,452552,0.9999580176370116,0
---------O-------OO--X---XXOXO-----OO-----O-O-------O----------- X;,66839,5962860,25.708224240338723,63.32314965813372,-64,64,12,64,66834,0.9999251933751253,0
---------O-------OO-OX----OXXX----XOO-----X-O------------------- X;,1324102,118714100,5.988709329039605,63.97560610889494,-64,64,4,64,1324060,0.9999682803892751,0
---------O-------OO-XX----OOOO----XOO------O-------O------------ X;,1570852,140693195,5.619675819236949,63.982638084300746,-64,64,4,64,1570822,0.9999809020837099,0
---------O-------OOOOO----OXXX----XOOO-------------------------- X;,122294,10910584,25.236871800742474,62.975468951870084,-64,64,12,64,122275,0.9998446366951772,0
---------O-------OOXX-----OXOO----XOO-------O-------O----------- X;,64710,5776170,27.855231030752588,61.81653531138927,-64,64,14,64,64704,0.9999072786277237,0
---------O-------OOXX-----OXX-----XOOOO----O-------------------- X;,207212,18523864,15.356567187228539,63.53212651776924,-64,64,4,64,207209,0.9999855220740111,0
---------O-------OOXX----OXOO----OXOOO-------------------------- X;,35658,3180673,30.60911997307757,60.83162263727635,-64,64,20,64,35651,0.9998036906164115,0
---------O-------OOXX----OXXO----OOOO-------O------------------- X;,757,67258,33.712021136063406,39.18361955085865,-64,64,64,64,757,1.0,0
---------O-------OOXX----OXXO----OOOOO-------------------------- X;,867,77080,35.976931949250286,41.05882352941177,-64,64,64,64,867,1.0,0
---------O-------OOXX----OXXO---O-XOOO-------------------------- X;,8461,752366,39.10152464247725,52.524051530551944,-64,64,64,64,8452,0.9989362959461057,0
---------O-------OOXX----XOXO-----OOO-----O-O------------------- X;,19476,1735094,38.49424933251181,58.364448552064076,-64,64,64,64,19468,0.9995892380365579,0
---------O-------OOXX----XOXO-----OOOO----O--------------------- X;,36339,3240559,33.655714246401935,60.66416247007348,-64,64,28,64,36337,0.9999449627122375,0
---------O-------OOXX----XXOX------OOOO----O-------------------- X;,114695,10229752,28.67669907145037,63.02114303151838,-64,64,16,64,114688,0.9999389685688129,0
---------O-------OOXX---OOOOO-----XOO-------O------------------- X;,16376,1457929,37.46372740595994,57.53431851489985,-64,64,64,64,16372,0.9997557401074744,0
---------O-------OOXX---OOOOO-----XOOO-------------------------- X;,19385,1727197,35.52798555584214,58.478101624967756,-64,64,64,64,19377,0.9995873097755997,0
---------O-------OOXX---OOXOO-----XOOO-------------------------- X;,19086,1700486,35.64356072513885,58.880069160641305,-64,64,62,64,19081,0.9997380278738343,0
---------O-------OOXX---XXXOO----O-OOO-------------------------- X;,4286,380893,40.87167522165189,51.939804013065796,-64,64,64,64,4286,1.0,0
---------O-------OXX-X---OOOOO-----OO-------O-------O----------- X;,19673,1755153,29.07218014537691,62.22147105169522,-64,64,16,64,19670,0.9998475067351192,0
---------O-------OXXX----OOOO----OOOO-------O------------------- X;,104837,9351230,32.21326440092715,62.30157291795835,-64,64,22,64,104790,0.9995516849967092,0
---------O-------OXXX----OOOO----OOOOO-------------------------- X;,215563,19241194,23.764945746719057,63.25533138803969,-64,64,10,64,215510,0.9997541322026507,0
---------O-------XOX------XOX----OOOO------OOO------------------ X;,231208,20618127,19.112928618386906,63.272135912252175,-64,64,8,64,231183,0.9998918722535552,0
---------O-------XXXX----OXOO-----OOOO-----O-------------------- X;,267753,23888372,23.623391708029416,63.42143692134169,-64,64,10,64,267739,0.9999477130041493,0
---------O-------XXXX----OXOO-----OOOO---O---------------------- X;,53847,4794642,31.18281427006147,62.3976637509982,-64,64,18,64,53843,0.9999257154530429,0
---------O-------XXXX----OXOO----OOOOO-------------------------- X;,13551,1205379,39.369197845177474,59.452438934395985,-64,64,64,64,13551,1.0,0
---------O-------XXXX---OOOOO----O-OOO-------------------------- X;,7030,624714,33.0728307254623,59.7724039829303,-64,64,28,64,7027,0.9995732574679943,0
---------O-------XXXXX----OOOO-----OO------O-------O------------ X;,1092898,97836762,10.024757113655621,63.886751554124906,-64,64,4,64,1092849,0.9999551650748744,0
---------O------XOOXX----OXOO----O-OOO-------------------------- X;,9938,884987,37.59589454618636,58.952908029784666,-64,64,64,64,9937,0.9998993761320185,0
---------O----O---O--O---XXOXX-----OOO-----O-------O------------ X;,527323,47159273,11.178059747062047,63.9567437794293,-64,64,4,64,527307,0.9999696580653603,0
---------O----O---O-XO---XXOX------OOO-----O-------O------------ X;,378486,33817823,13.266295186611922,63.9345471166701,-64,64,4,64,378451,0.9999075263021617,0
---------O----O---OXXO-----OXX----OOOO----X--------------------- X;,707755,63287629,15.43081716130582,63.86184202160352,-64,64,4,64,707719,0.9999491349407634,0
---------O----O---OXXXX----OOO-----XO-------O-------O----------- X;,1310174,117184163,10.363441802386554,63.96788365514809,-64,64,4,64,1310103,0.9999458087246427,0
---------O----O--XXX-O----OOOO-----OO-------O-------O----------- X;,130358,11658141,18.213143803985947,63.62994983046687,-64,64,8,64,130351,0.9999463017229476,0
---------O---O----OX-O-----OXO-----XOO------OO------O----------- X;,134638,12011822,12.336918254876037,63.535970528379806,-64,64,4,64,134630,0.9999405814108944,0
---------O---O----OX-O-----XXOO----XXO------O-------O----------- X;,666735,59597446,8.660802267767554,63.88957231883732,-64,64,4,64,666682,0.9999205081479149,0
---------O---O----OXO------OXOO----OOX----XO-------------------- X;,435484,38936545,7.224180452094681,63.949874163000246,-64,64,4,64,435474,0.9999770370438409,0
---------O---O----OXXX-----OXOO----XO-----XO-------------------- X;,860276,76927346,8.4835122681558,63.94552213475675,-64,64,4,64,860232,0.9999488536237208,0
---------O---O---XXX-O----OOOO-----OO-------O-------O----------- X;,70325,6271843,19.809427657305367,63.13248489157483,-64,64,8,64,70318,0.999900462140064,0
---------O--O-----OOOOO---XXXO-----OOO-------------------------- X;,47254,4216077,28.437888855969867,62.717018665086556,-64,64,18,64,47230,0.9994921064883396,0
---------O--O-----OXO------OOOO----OOX----XO-------------------- X;,1704173,152526873,6.925908343812512,63.89916751409628,-64,64,4,64,1694067,0.9940698508895517,0
---------O--O-----OXOX-----OXX----OOOO----X--------------------- X;,679672,60698548,15.18291470003178,63.82351781447522,-64,64,4,64,679631,0.9999396767852728,0
---------O--O-----OXOX-----OXXX----XO-------O-------O----------- X;,676463,60453301,9.851402072249332,63.92620291131961,-64,64,4,64,676418,0.9999334775146608,0
---------O--O-----OXOX-----XOO----XXO-------O-------O----------- X;,891582,79781022,7.596305219261941,63.978338503917755,-64,64,4,64,891560,0.999975324759809,0
---------O--O-----OXXX----OOOO-----XOO-------O------------------ X;,607693,54244558,13.132616304614336,63.69555515696248,-64,64,4,64,604546,0.9948213983047361,0
---------O--O-----OXXX----XOO------OOOO----O-------------------- X;,164382,14680999,24.049506636979718,63.408840383983645,-64,64,12,64,164369,0.9999209159153679,0
---------O--O-----OXXX---OXOO-----XOOO-------------------------- X;,773498,69134446,10.746689713483422,63.84627109572358,-64,64,4,64,772429,0.9986179666915752,0
---------O--O----OOXXX---XXOO------OOO-------------------------- X;,176801,15770868,29.985446914893014,63.08803117629425,-64,64,18,64,176782,0.9998925345444879,0
---------O--O----XXO-X----OOOO-----OO-------O-------O----------- X;,192072,17152980,14.798830646840768,63.72199487692115,-64,64,4,64,192056,0.9999166979049523,0
---------O--O-O---OXXO----XXOX-----OOO-------------------------- X;,93191,8308467,35.071283707654175,62.71247223444324,-64,64,28,64,93176,0.9998390402506679,0
---------O--OO----OXXO----XXXO-----OOO-------------------------- X;,12548,1119036,24.537695250239082,59.729279566464776,-64,64,14,64,12547,0.9999203060248645,0
---------O--X-----OXOO----XOOX----OOO-------O------------------- X;,431056,38470912,19.84877834898482,63.48171699268772,-64,64,8,64,430981,0.9998260086856464,0
---------O--X----XOXX-----OOOOO---OOO--------------------------- X;,3003701,268350141,13.850457818537864,63.93373774553459,-64,64,4,64,3003495,0.9999314179407338,0
---------O-O------OOO-----XXXO----XOOOO------------------------- X;,198750,17762990,11.642213836477987,63.75523018867924,-64,64,4,64,198734,0.9999194968553459,0
---------O-O------OOOOO---XXXO----OOO--------------------------- X;,4158,371920,29.796777296777297,61.81553631553631,-64,64,18,64,4155,0.9992784992784993,0
---------O-O------OOX-----XOX-----XOOOO----O-------------------- X;,343865,30698381,23.50963604903087,63.390054236400914,-64,64,12,64,343838,0.9999214808136914,0
---------O-O------OOX-----XOXX---OXOOO-------------------------- X;,659110,58809437,17.118895176829362,63.743725630016236,-64,64,4,64,659067,0.9999347605103852,0
---------O-O------OOX-O---XXXO----XOOO-------------------------- X;,429854,38406553,14.707579782903032,63.7342725669646,-64,64,4,64,429828,0.9999395143467317,0
---------O-O------OXOX-----OXXX----XO-------O-------O----------- X;,470102,41989186,9.986298718150529,63.94607340534608,-64,64,4,64,470054,0.9998978944994916,0
---------O-O------OXOX-----XOO----XXO-------O-------O----------- X;,734793,65668845,8.260990510252547,63.968151574661164,-64,64,4,64,734764,0.99996053310252,0
---------O-O------OXOX----XOXO----OOO-O------------------------- X;,20167,1796898,27.813259284970496,62.194376952447065,-64,64,16,64,20161,0.9997024842564586,0
---------O-O------OXOX----XXXO----OOO-O------------------------- X;,30713,2743992,23.922117670042002,63.5412366099046,-64,64,14,64,30712,0.9999674404975092,0
---------O-O------OXXO----XOX------OOOO----O-------------------- X;,23898,2132267,33.80504644740146,61.92530755711775,-64,64,26,64,23892,0.9997489329651017,0
---------O-O------OXXX-----OXOO----XO-----XO-------------------- X;,274078,24481064,15.56968089376017,63.79924328110976,-64,64,4,64,274069,0.9999671626325353,0
---------O-O------OXXX----XOXO-----OOOO------------------------- X;,395963,35367038,18.035308854615202,63.5816098978945,-64,64,6,64,395947,0.9999595921841182,0
---------O-O------OXXXO---XOXO----OOO--------------------------- X;,41378,3689098,27.270554400889363,62.26712262554981,-64,64,14,64,41370,0.9998066605442506,0
---------O-O-----OOOX-----OXXX----XOOO-------------------------- X;,118183,10533236,31.878645828926327,62.33300897760253,-64,64,20,64,118183,1.0,0
---------O-O-----OOOX----XXOXX-----OOO-------------------------- X;,118674,10573781,35.64946829128537,61.98738561100157,-64,64,36,64,118667,0.9999410148811029,0
---------O-O-----OOXX----OOOO-----XOO-------O------------------- X;,14843,1321609,35.16997911473422,57.92077073367918,-64,64,64,64,14839,0.999730512699589,0
---------O-O-----XXO-X----OOOO-----OO-------O-------O----------- X;,110111,9839105,23.74022577217535,63.14598904741579,-64,64,12,64,110097,0.9998728555730126,0
---------O-O-----XXOX-----XOO----OOOO-------O------------------- X;,65018,5797341,29.91534651942539,62.497523762650346,-64,64,18,64,65015,0.9999538589313729,0
---------O-O-----XXOX-----XOO----OOOOO-------------------------- X;,34860,3105838,40.01199082042456,61.98892713711991,-64,64,64,64,34858,0.999942627653471,0
---------O-O-----XXOX----XXOO----O-OOO-------------------------- X;,54695,4874373,31.386324161257885,61.921437060060335,-64,64,20,64,54687,0.9998537343450041,0
---------O-O-----XXXX-----XOO-----OOO----O--O------------------- X;,641821,57288858,16.238745693892845,63.7235553214993,-64,64,4,64,641796,0.9999610483296745,0
---------O-O-----XXXX-----XOO----OOOO-------O------------------- X;,110128,9808465,34.27813090222287,63.25352317303501,-64,64,24,64,110124,0.999963678628505,0
---------O-O--O---OXXO----XXOX----OOO--------------------------- X;,131890,11782873,30.171536886799604,63.138782318598835,-64,64,18,64,131878,0.9999090150883312,0
---------O-OO-----OOO-----XXOX----XOOO-------------------------- X;,1881609,168475306,6.552270423876586,63.9423583751991,-64,64,4,64,1881574,0.9999813988984959,0
---------O-OO-----OXOX----XXOX----OOO--------------------------- X;,97234,8679062,31.19114712960487,62.490322315239524,-64,64,20,64,97212,0.9997737416952918,0
---------O-OX-----OXX-----XOO-----OOOO---O---------------------- X;,103825,9261822,32.33363833373465,62.48394895256441,-64,64,22,64,103799,0.9997495786178666,0
---------O-OX-----OXX-----XOO----OOOOO-------------------------- X;,84361,7526616,34.831640212894584,61.83015848555612,-64,64,32,64,84348,0.9998459003568,0
---------O-OX-----OXX----OOOO-----XOOO-------------------------- X;,108210,9626263,29.937325570649662,62.79079567507624,-64,64,18,64,108186,0.9997782090379818,0
---------O-OX-----OXX-O---XOXO-----OOO-------------------------- X;,75693,6745336,29.989893385121476,62.56479463094342,-64,64,18,64,75684,0.999881098648488,0
---------O-OX----OOXX-----OOO-----XOOO-------------------------- X;,100149,8908315,31.663401531717742,62.8291645448282,-64,64,20,64,100138,0.9998901636561524,0
---------O-X------OX-X-----OXOO----OO-----XOO------------------- X;,1725255,154288341,8.656740018142246,63.96490489811651,-64,64,4,64,1725186,0.9999600059121695,0
---------O-X------OX-X-----OXOO---OOO-----X-O------------------- X;,1258640,112480824,10.453549863344563,63.95851395156677,-64,64,4,64,1258595,0.9999642471238798,0
---------O-X------OX-X----OOXOO----OO-----X-O------------------- X;,1382132,123466874,11.179532056272484,63.962834953535555,-64,64,4,64,1382076,0.9999594828858603,0
---------O-X------OXOO----XOOO----OOOO-------------------------- X;,49945,4456174,22.64995495044549,62.7921113224547,-64,64,12,64,49943,0.9999599559515467,0
---------O-X------OXOX-----XOO-----OO-----O-O-------O----------- X;,503043,44952860,11.181992394288361,63.871500050691495,-64,64,4,64,503005,0.9999244597380343,0
---------O-XO-----OXX-----OOO----OOOO-------O------------------- X;,60906,5434403,25.194726299543557,62.96781926247004,-64,64,12,64,60899,0.9998850687945359,0
---------O-XO-----OXX----OOOO-----XOO-------O------------------- X;,264272,23570966,22.33660016952231,63.45441060725313,-64,64,10,64,264228,0.9998335048737664,0
---------OO-------OOXX-----OXX----OOOO----X--------------------- X;,980315,87537999,13.363488266526575,63.886387538699296,-64,64,4,64,980230,0.999913293176173,0
---------OO-------OOXX-----XOO----XXO-------O-------O----------- X;,1126322,100708042,11.252357673915629,63.87928141330809,-64,64,4,64,1125002,0.9988280438453657,0
---------OO------XOO-X----OOOO-----OO-------O-------O----------- X;,75031,6710210,22.679705721635056,62.9394916767736,-64,64,10,64,75027,0.9999466887020032,0
---------OO------XOOX-----OXO----OOOO-------O------------------- X;,1962,174468,41.24159021406728,51.106014271151885,-64,64,64,64,1961,0.9994903160040775,0
---------OO------XOOX-----OXO----OOOOO-------------------------- X;,1968,175193,41.9994918699187,53.66006097560975,-64,64,64,64,1967,0.9994918699186992,0
---------OO------XXOX----XXOO----O-OOO-------------------------- X;,53224,4749647,21.946227265895086,62.79024500225462,-64,64,8,64,53221,0.9999436344506237,0
---------OO-O-----OOXX----XXOX-----OOO-------------------------- X;,92594,8255266,35.020724884981746,61.907607404367454,-64,64,32,64,92571,0.9997516037756227,0
---------OO-O-----OXXX-----OOO-----XOO-------O------------------ X;,96327,8588172,16.095290001764823,63.4396482813749,-64,64,4,64,96286,0.9995743664808413,0
---------OO-X----OOXX----XXOO------OOO-------------------------- X;,184016,16406132,25.0232153725763,63.193211459873055,-64,64,12,64,183302,0.9961199026171638,0
---------OOO------OXXX-----OX-----OOOO----X--------------------- X;,593162,53044344,10.791443147066063,63.90101860874432,-64,64,4,64,593129,0.9999443659573607,0
---------OOO-----OXOX----XXOO------OOO-------------------------- X;,5186,461495,37.367527959892016,45.00154261473197,-64,64,64,64,5186,1.0,0
---------OOOO-----OXXX----XOO------OOO-------------------------- X;,39304,3508357,35.812232851618155,61.0872684714024,-64,64,36,64,39290,0.9996438021575412,0
---------OOOX-----OOX-----XOO-----XOOO-------------------------- X;,167168,14897829,27.75466596477795,62.91086810872894,-64,64,16,64,167142,0.9998444678407351,0
---------OOOX-----OXX-----XOO-----XOO-------O------------------- X;,143144,12760816,27.482458223886436,62.8393016822221,-64,64,14,64,143122,0.9998463086123065,0
---------OOX------OOOX-----XOO-----XO-------O-------O----------- X;,429798,38373110,19.513015416544516,63.634309605907895,-64,64,8,64,429280,0.9987947826653452,0
---------OOX------OXX-----OOO-----OOOO----O--------------------- X;,13072,1165285,31.83812729498164,60.41080171358629,-64,64,22,64,13072,1.0,0
---------OOX------OXX-----OXO-----OOO-----O-O------------------- X;,3595,320566,34.90069541029207,51.23949930458971,-64,64,64,64,3595,1.0,0
---------OOX------OXX-----OXO-----OOOO----O--------------------- X;,12686,1131018,31.821693205107994,59.79189657890588,-64,64,22,64,12686,1.0,0
---------OOX------OXX-----XXO----OOOO-------O------------------- X;,15397,1375002,36.83347405338702,60.626940313047996,-64,64,62,64,15396,0.9999350522829122,0
---------OOX------OXX-----XXO----OOOOO-------------------------- X;,2682,238498,41.40641312453393,50.93214019388516,-64,64,64,64,2681,0.9996271439224459,0
---------OOX------OXX----OOOO-----XOO-------O------------------- X;,117845,10503202,31.910399253256397,62.310450167593025,-64,64,20,64,117841,0.9999660571089143,0
---------OOX------OXX----OOOO-----XOOO-------------------------- X;,87485,7790266,35.880790992741616,61.94112133508602,-64,64,38,64,87473,0.999862833628622,0
---------OOX------OXX----OXOO-----XOOO-------------------------- X;,71249,6346301,36.20850818958863,61.29764628275485,-64,64,54,64,71243,0.9999157882917655,0
---------OOX------OXX----XXOO----O-OOO-------------------------- X;,76711,6834705,32.64191576175516,61.81955651731825,-64,64,22,64,76703,0.9998957124793054,0
---------OOX------OXXX-----OOO-----XO-------O-------O----------- X;,1089320,97398123,11.329758932177873,63.89477931186428,-64,64,4,64,1089252,0.9999375757353212,0
---------OOX-----OOXX-----OXO-----XOO-------O------------------- X;,33599,2990993,39.10738414833775,59.549778267210336,-64,64,64,64,33597,0.9999404744188816,0
---------OOX-----OOXX-----OXO-----XOOO-------------------------- X;,33414,2974442,39.114293409947926,59.585054168911235,-64,64,64,64,33412,0.9999401448494643,0
---------OOX-----OXXX----OOOO------OOO-------------------------- X;,4346,386851,34.74459272894616,45.2604693971468,-64,64,64,64,4346,1.0,0
---------OOX-----OXXX---O-XOO------OOO-------------------------- X;,20140,1793308,40.83028798411122,59.674379344587884,-64,64,64,64,20140,1.0,0
---------OOX-----XOX------OOO-----OOO-----O-O------------------- X;,3093,275304,42.23149046233431,57.834464920788875,-64,64,64,64,3093,1.0,0
---------OOX-----XOXX-----OOO-----OOOO-------------------------- X;,16299,1449846,42.83121663905761,58.37032946806553,-64,64,64,64,16299,1.0,0
---------OOX-----XXX------XOO-----OOO----O--O------------------- X;,684,60805,36.409356725146196,42.42397660818713,-64,64,64,64,684,1.0,0
---------OOX-----XXX------XOO----OOOO-------O------------------- X;,653,58067,35.068912710566615,39.08116385911179,-64,64,64,64,653,1.0,0
---------OOX-O---XXXO-----XOO------OOO-------------------------- X;,5019,446572,35.89519824666268,54.77106993424985,-64,64,64,64,5018,0.9998007571229328,0
---------OOXO-----OXXX----XOO------OOO-------------------------- X;,55412,4933467,33.715061719483145,61.90743882191583,-64,64,26,64,55392,0.9996390673500325,0
---------OX-------OXOOO---XOXO-----XOO-------------------------- X;,413838,36995366,13.16723452172106,63.554588993760845,-64,64,4,64,411581,0.9945461750733379,0
---------OX-------XXX----OXOO-----OOOO-----O-------------------- X;,205021,18291057,26.250057311202266,63.61248359924105,-64,64,12,64,205013,0.9999609796069671,0
---------OX-------XXX----OXOO-----OOOO---O---------------------- X;,337408,30113606,18.598551308801213,63.5530218607739,-64,64,6,64,337396,0.9999644347496206,0
---------OX-------XXX----OXOO----OOOOO-------------------------- X;,76576,6819745,31.595382365231927,62.70996134559131,-64,64,20,64,76576,1.0,0
---------OX------OXX-----OXOO----OOOO-------O------------------- X;,705,62588,40.64113475177305,45.43829787234043,-64,64,64,64,705,1.0,0
---------OX------OXXX----OOOO-----XOOO-------------------------- X;,141954,12654556,27.34750693886752,62.84425940797723,-64,64,14,64,141935,0.9998661538244783,0
---------OX------OXXX----OXOO----O-OOO-------------------------- X;,21919,1955702,29.627993977827455,60.469638213422144,-64,64,18,64,21912,0.9996806423650714,0
---------OX------OXXX---OOOOO------OOO-------------------------- X;,11597,1033080,34.57342416142106,56.947313960507024,-64,64,62,64,11596,0.9999137708027939,0
---------OX-O-----XOO-----OXO----OOOO-------O------------------- X;,8603,769249,31.394862257352088,63.57084737882134,-64,64,18,64,8603,1.0,0
---------OX-O-----XOO-----OXO----OOOOO-------------------------- X;,6128,547551,35.68113577023499,62.8322454308094,-64,64,34,64,6128,1.0,0
---------OX-O-----XXO-----XOO-----OOO----O--O------------------- X;,436579,38999955,13.929637018729714,63.75737037283058,-64,64,4,64,436553,0.999940446059018,0
---------OX-O-----XXO-----XOO-----OOOO---O---------------------- X;,197696,17651379,21.32675420848171,63.420787471673684,-64,64,10,64,197673,0.9998836597604402,0
---------OXO------OXX----OOOO-----XOO-------O------------------- X;,81397,7246065,35.84709510178508,61.52637075076477,-64,64,48,64,81395,0.9999754290698675,0
---------OXO------XXX-----XOO-----OOO----O--O------------------- X;,24627,2192087,32.73788930848256,62.77646485564624,-64,64,22,64,24627,1.0,0
---------OXO------XXX-----XOO----OOOO-------O------------------- X;,12315,1097409,35.140885099472186,61.060820138043034,-64,64,34,64,12315,1.0,0
---------OXO-----OXXX-----OOO-----XOO-------O------------------- X;,13823,1230354,37.02076249728713,59.91116255516169,-64,64,64,64,13823,1.0,0
---------OXXO-----XO------OOO----OOOO-------O------------------- X;,7168,639011,34.125279017857146,60.813895089285715,-64,64,30,64,7168,1.0,0
---------OXXO-----XX------XOO-----OOO----O--O------------------- X;,5734,509564,42.15190094175096,59.69009417509592,-64,64,64,64,5729,0.9991280083711196,0
---------X--------XOOO-----XOX----OOXX----OX-------------------- X;,1086204,99688485,-63.14303574650802,-6.751604670945789,-64,64,-64,-4,1082685,0.9967602770750246,0
---------X--------XOOO----OXOX----OOX-----OX-------------------- X;,711071,65194229,-62.94329820791454,-8.475924345107591,-64,64,-64,-4,709414,0.9976697123072098,0
---------X--------XXXX-----XOO----XXOX-----OO------------------- X;,356166,32647279,-63.079547177439736,-5.883868757826407,-64,64,-64,-4,355735,0.9987898901074218,0
---------X-------OOOOO-----XXX----XXXX---X---------------------- X;,410225,37509049,-62.236560424157474,-10.11720153574258,-64,64,-64,-4,409385,0.9979523432262782,0
---------X-------OX-X-----OXX-----XOXXX---XO-------------------- X;,37477,3423314,-57.58878778984444,-12.120420524588415,-64,64,-64,-4,37422,0.9985324332257117,0
---------X-------OXO------OXXO---OXXXX-----O-------------------- X;,2808430,257105163,-62.1172747762985,-11.078406796679996,-64,64,-64,-4,2792528,0.994337761667551,0
---------XO-------OOX-----OXXX----OOXO-----X-------------------- X;,2411120,221212625,-63.09418610438303,-7.410940973489499,-64,64,-64,-4,2404286,0.9971656325690965,0
---------XO-------X-XO----OXOXX----OO------XO------------------- X;,1063470,97440596,-63.101840202356435,-7.129671734980771,-64,64,-64,-4,1060566,0.9972693164828345,0
---------XO-------XO-X----OOXXX----OO------XO------------------- X;,908384,83295733,-63.043901037446716,-7.1055621851551765,-64,64,-64,-4,906679,0.9981230404762743,0
---------XO------XO------OOXXX-----XXX-----X-O------------------ X;,18526,1690492,-54.72217424160639,-17.532494872071684,-64,64,-64,-6,18450,0.9958976573464321,0
---------XOX------O-XO----OXOX----OOX------X-------------------- X;,78992,7210309,-58.78953564917966,-13.814398926473567,-64,64,-64,-4,78803,0.9976073526433057,0
---------XX-------XOO------XOX-----XOX-----XOO------------------ X;,645598,59278426,-63.28272702207875,-5.69580450992723,-64,64,-64,-4,644809,0.9987778772548862,0
--------O--------O---X----OXX-----OXO-----OOO-----O-O----------- X;,622811,55713484,6.388731091775836,63.86858292483595,-64,64,4,64,619027,0.9939243205402603,0
--------O--------OO--X---XOXX-----OOO-----O-O-----O------------- X;,612035,54834907,8.416103654202782,63.960466313201046,-64,64,4,64,611999,0.9999411798344866,0
--------O--------OXX------OXX-----OOO-----OOO-----O------------- X;,167011,14905532,20.276652436067085,63.206615133134946,-64,64,6,64,166977,0.9997964205950506,0
--------O--------OXX------OXX----OOOO------OOO------------------ X;,81982,7306690,23.383023102632286,62.7245858847064,-64,64,10,64,81960,0.9997316484106267,0
--------O-------XOXXX----OOXO----O-OOO-------------------------- X;,4152,369747,38.85163776493256,54.89547206165703,-64,64,64,64,4152,1.0,0
--------O---X----OXXX-----OOOOO---OOO--------------------------- X;,1092952,97658556,12.44465630695584,63.85234850203852,-64,64,4,64,1092792,0.99985360747773,0
--------O-OX-----OXX------OXO-----OOO-----O-O------------------- X;,14379,1280748,20.057375339036096,61.394464149106334,-64,64,6,64,14374,0.9996522706725085,0
--------OO-------OXX-X----OOOO-----OO-------O-------O----------- X;,18590,1659248,37.26551909628833,61.93458848843464,-64,64,64,64,18590,1.0,0
--------OO-------OXXX-----OXO----OOOO-------O------------------- X;,1358,121119,38.52577319587629,46.19734904270987,-64,64,64,64,1358,1.0,0
--------OO-------OXXX-----OXO----OOOOO-------------------------- X;,1372,122011,40.932944606414,46.53061224489796,-64,64,64,64,1372,1.0,0
--------OO-------OXXX----OOOO-----XOOO-------------------------- X;,10982,977999,41.54188672372974,55.803405572755416,-64,64,64,64,10980,0.9998178838098707,0
--------OO-------OXXX----XOOO----O-OOO-------------------------- X;,4064,361626,43.878937007874015,53.153543307086615,-64,64,64,64,4064,1.0,0
--------OO-O-----OXXX-----OOO-----XOO-------O------------------- X;,2015,179392,32.016873449131516,39.65657568238213,-64,64,64,64,2015,1.0,0
--------OOOX-----OXXX-----OOO------OOO-------------------------- X;,496,44183,35.229838709677416,46.67741935483871,-64,64,64,64,496,1.0,0
------O------O---OOOO-----XOX-----OOO--------O--------O--------- X;,433626,38776377,7.827358138119024,63.93749913519946,-64,64,4,64,433602,0.9999446527652862,0
------X------X-----OOO----OXXO----XXX------XO------------------- X;,4033627,370451309,-63.32393253020172,-7.156450013846099,-64,64,-64,-4,4025542,0.9979956004856175,0
-----O------O------OXO----OXXO---OXXX-O------------------------- X;,877449,78536423,8.107647282064256,63.92228722125161,-64,64,4,64,877198,0.9997139434884534,0
-----O------O-----OOOO---XXXOX----OOO--------------------------- X;,1162306,104016353,12.139991534071061,63.78627056902399,-64,64,4,64,1161745,0.9995173388075085,0
-----O------O-----OOX-----OXXX---OXOO------O-------------------- X;,1379514,123633633,5.546298189072384,63.96053827652347,-64,64,4,64,1376321,0.9976854167482171,0
-----O------O-----OOX----XOXXX---OOOO--------------------------- X;,1453494,130458475,8.56756959437053,63.90090843168255,-64,64,4,64,1452548,0.9993491545200737,0
-----O------O-----OOX----XXXOX----OOOO-------------------------- X;,2124220,190609438,5.703425728031936,63.96565280432347,-64,64,4,64,2123044,0.9994463850260331,0
-----O------O-----OOX-O--XXXXO----OOO--------------------------- X;,2188158,196101923,9.748734780578003,63.90825982401636,-64,64,4,64,2187511,0.9997043175127207,0
-----O------O-----OOXX----OOXOO--O-XO--------------------------- X;,491680,44029890,6.295409616010414,63.943294419134396,-64,64,4,64,491567,0.9997701757240481,0
-----O------O-----OOXX----OXXX---O-XOO-------------------------- X;,842342,75396012,6.935901332237974,63.92736323251126,-64,64,4,64,841682,0.9992164702697954,0
-----O------O----OOOX----XOXXX----OOO--------------------------- X;,5099683,458788649,5.192853359708829,63.963487534421255,-64,64,4,64,5088364,0.9977804502750465,0
-----O------O----OXOXO----OXOO-----OOO-------------------------- X;,32020,2854817,22.22526545908807,63.09597126795752,-64,64,12,64,32012,0.9997501561524047,0
-----O------O----OXXXO----OXXO-----OOO-------------------------- X;,14807,1318634,24.50611197406632,62.21949078138718,-64,64,14,64,14799,0.9994597149996624,0
-----O------O----XXOX-----OOOOO---OOO--------------------------- X;,1142543,102370088,10.462415856558572,63.92704344606724,-64,64,4,64,1142095,0.9996078922193739,0
-----O------O----XXXX-----XXXX---OOOO--------------------------- X;,521035,46933523,4.860379820933335,63.998264991795175,-64,64,4,64,521018,0.9999673726333164,0
-----O------O----XXXX-O---XXXO---O-XO--------------------------- X;,124431,11212362,5.140439279600742,63.944467214761595,-64,64,4,64,124290,0.9988668418641656,0
-----O------OO-----OXX----OOXO-----XOO-------O------------------ X;,186345,16656915,11.576548874399634,63.74673857629666,-64,64,4,64,186008,0.9981915264697201,0
-----O------OO----OOO----XXOXX----OOO--------------------------- X;,1785761,160151997,9.051708487305971,63.89377077895642,-64,64,4,64,1773454,0.9931082602879109,0
-----O------OO----XOX-----OXX-----OOOO----O--------------------- X;,67000,5988649,10.330223880597014,63.54759701492537,-64,64,4,64,66886,0.9982985074626866,0
-----O-----OO------OXX----OOXO-----XOO-------O------------------ X;,112463,10043115,15.737611481109342,62.992619794954784,-64,64,4,64,112013,0.9959986840116305,0
-----O-----OOO-----XXO-----XXO-----XOO-------O------------------ X;,66317,5915629,14.292172444471252,63.380219249966075,-64,64,4,64,66147,0.9974365547295565,0
-----O-----X-O---O-XXO----OXOO-----OOO-------------------------- X;,1016061,91116976,5.648114630912908,63.93863655823814,-64,64,4,64,1014407,0.9983721449794845,0
-----O-----XO-----OOX-O---OXXO---O-XO--------------------------- X;,687640,61624505,9.205545052643826,63.92867925077075,-64,64,4,64,687320,0.9995346402187191,0
-----O----OOO------OXX-----XXO-----XOO-------O------------------ X;,270239,24152511,8.97051128815604,63.652381780572014,-64,64,4,64,270046,0.9992858173690696,0
-----O----OX-O-----OXO----XXOO-----OOO-------------------------- X;,691036,61929874,6.581684601091694,63.886473353052516,-64,64,4,64,690728,0.9995542923957652,0
-----O----X-O-----OOOO----OXXX---O-XO--------------------------- X;,842652,75565985,10.192612134071954,63.82209856500667,-64,64,4,64,841799,0.9989877197229698,0
-----O---O--O----XOXX-----XOXX---O-XO--------------------------- X;,364994,32601903,12.215450116988224,63.905938179805695,-64,64,4,64,364973,0.9999424648076407,0
-----X------X------XOX----XOOO----XOO-----XO-------------------- X;,423221,38883313,-63.197719394831545,-5.589656467897387,-64,64,-64,-4,421142,0.9950876728706751,0
-----X------X-----OOOX-----OOO---XXXO-----X--------------------- X;,372540,34122672,-62.36241745852794,-7.260533097117088,-64,64,-64,-4,370066,0.9933591023782681,0
-----X------XO-----XXO-----XOO-----OOO----O--O------------------ X;,950911,85444730,6.053711651248119,63.89931444688304,-64,64,4,64,950256,0.9993111868513457,0
-----X------XO-----XXO----OOOO-----XOO-------O------------------ X;,1107086,99281770,6.30983229848449,63.903403168317546,-64,64,4,64,1106102,0.9991111801612521,0
-----X------XO----OOOO-----OXO-----XOO-------O------------------ X;,927593,83226044,6.11672791838662,63.90746803824522,-64,64,4,64,927004,0.9993650232375622,0
-----X-----OOO-----XOO-----XXO-----XOO-------O------------------ X;,91430,8156947,14.672897298479711,63.42464180247184,-64,64,4,64,88870,0.9720004374931641,0
-----X----O-XO-----OXO-----XOO-----XOO-------O------------------ X;,199719,17842386,12.495966833400928,63.64340898963043,-64,64,4,64,199606,0.9994342050581067,0
-----X----OOX------OX-----OXO-----OOOO----O--------------------- X;,8806,784951,19.122075857369975,61.000567794685445,-64,64,10,64,8805,0.9998864410629117,0
----O-------O-----OOO-----OXOX---OXOO------O-------------------- X;,213637,19098714,12.274840032391394,63.645492119810704,-64,64,4,64,210710,0.9862991897470944,0
----O-------O-----OOOOO---OXXO---O-XO--------------------------- X;,69082,6166244,9.921035870414869,63.614762166700444,-64,64,4,64,69073,0.9998697200428476,0
----O-------O-----OOOX----OOOOO--O-XO--------------------------- X;,729414,65261292,7.965624460183106,63.78053889834854,-64,64,4,64,729313,0.9998615326823999,0
----O-------O-----OOOX----OXOX---O-XOO-------------------------- X;,408732,36554746,8.490825284049206,63.808206844582756,-64,64,4,64,407935,0.9980500670365912,0
----O-------O-----OOOX----OXXO---O-XO-O------------------------- X;,367313,32858637,8.99717134977526,63.89563124637571,-64,64,4,64,367273,0.9998911010500581,0
----O-------O-----XXOO----XXOX----OOO-------O------------------- X;,549977,49130172,12.696294572318479,63.77302323551712,-64,64,4,64,549821,0.9997163517747106,0
----O-------O----OXXOO----OXOO-----OOO-------------------------- X;,176422,15751040,11.656114316808562,63.668391697180624,-64,64,4,64,176379,0.9997562662253007,0
----O-------O----XXXO-----OOOOO---OOO--------------------------- X;,606968,54207491,14.289784634445308,63.85848347853594,-64,64,4,64,606914,0.9999110332010913,0
----O-------OO-----XOO----XXOO----OOOO-------------------------- X;,624360,55889951,5.988380101223653,63.902026074700494,-64,64,4,64,624231,0.9997933884297521,0
----O-------OO-----XOX----OOOO-----XOO-------O------------------ X;,326484,29231045,10.39659217603313,63.72477977481285,-64,64,4,64,326294,0.9994180419254849,0
----O-------OO----XXO-----OXO-----OOOO----O--------------------- X;,97029,8663322,12.954312628183327,63.632810809139535,-64,64,4,64,96958,0.9992682600047409,0
----O------O------OOXXO---XOXO-----OO------O-------------------- X;,26763,2383055,22.03187236109554,62.76011657885887,-64,64,10,64,26758,0.9998131749056534,0
----O------O------OXO-----XXXO-----XOOO------O------------------ X;,307470,27471327,7.414791686993853,63.85407356815299,-64,64,4,64,307261,0.9993202588870459,0
----O------O------OXXXO--OOOOO-----XO--------------------------- X;,172272,15375772,12.041991734002043,63.634287638153616,-64,64,4,64,172028,0.9985836351815733,0
----O------O------OXXXO--OOOXO-----XO--------------------------- X;,124580,11120978,12.017410499277572,63.63783111253813,-64,64,4,64,124332,0.9980093112859207,0
----O------O-O----OXOO----XXXO-----XOO-------------------------- X;,81638,7288710,14.86584678703545,62.90176143462603,-64,64,4,64,81551,0.9989343198020529,0
----O------O-O----OXXOO---XXXO-----XO--------------------------- X;,41325,3680897,13.733865698729582,63.381875378100425,-64,64,4,64,41298,0.9993466424682396,0
----O------OO------OXX----OOOO-----XOO-------O------------------ X;,399411,35707660,9.033429224533124,63.77659854135214,-64,64,4,64,398736,0.9983100114919219,0
----O------OO------XXO-----XXOO----XOO-------O------------------ X;,128325,11490058,9.565236703682057,63.550477303721024,-64,64,4,64,128229,0.9992518994739918,0
----O------OO-----OXOO----XOOO-----OOO-------------------------- X;,213048,19041361,15.006383537982051,63.72716007660246,-64,64,4,64,212487,0.997366790582404,0
----O------OO-----OXOXO---XXOO-----XO--------------------------- X;,237120,21199945,10.84227395411606,63.70148448043185,-64,64,4,64,237069,0.9997849190283401,0
----O------OO-----OXX----OOXO-----XOO-------O------------------- X;,113118,10096356,10.34204989480012,63.40051981117064,-64,64,4,64,113098,0.9998231934793755,0
----O------OO-----OXXX-----OXO-----XOO-------O------------------ X;,193351,17277633,11.86567951549255,63.5307652921371,-64,64,4,64,192610,0.9961675915821485,0
----O------OO-----XXO-O---XXOO-----OOO-------------------------- X;,27540,2452876,26.54960058097313,62.28235294117647,-64,64,14,64,27518,0.99920116194626,0
----O------OOO-----XXO-----XXO-----XOO-------O------------------ X;,129547,11591122,9.212000277891422,63.4267794699993,-64,64,4,64,129500,0.9996371973106286,0
----O------XO------XOO----XXOO-----OO-O----O-------------------- X;,180617,16159453,12.21528981214393,63.741347713670365,-64,64,4,64,179970,0.9964178344231163,0
----O------XO------XOO----XXOO-----OOOO------------------------- X;,145070,12962179,17.36465154752878,63.50261253188116,-64,64,4,64,144955,0.9992072792445027,0
----O-----OO------OXX----OXXO-----XOOO-------------------------- X;,183122,16328626,20.303573573901552,63.2369731654307,-64,64,6,64,183020,0.999442994287961,0
----O-----OOO------OOX-----XOO-----XOO-------O------------------ X;,377579,33757327,9.88828563029194,63.62691516212501,-64,64,4,64,376306,0.9966285201242654,0
----O-----OOO------OXX-----XOO-----XOO-------O------------------ X;,491138,43880404,9.556652101853247,63.765371443463955,-64,64,4,64,491057,0.9998350769030293,0
----O-----X-O-----OXO-O---OOOO----OOO--------------------------- X;,199881,17866654,15.743652473221568,63.69598411054577,-64,64,4,64,199778,0.9994846933925686,0
----O-----X-O-----OXOO----OXXX---O-XO--------------------------- X;,353909,31681485,11.118637841931118,63.78975386328124,-64,64,4,64,353578,0.99906473132924,0
----O----O-O------OX-X-----OXOO----XO-----X-O------------------- X;,541649,48369867,12.245651704332511,63.909504125365316,-64,64,4,64,541615,0.9999372287219214,0
----O----O-O------OXOX-----XOO-----XO-------O-------O----------- X;,98072,8753209,16.24624765478424,63.713047556896974,-64,64,6,64,98059,0.9998674443266172,0
----O----OOO------OXX-----XXO-----XOOO-------------------------- X;,8043,714912,38.326495088897175,50.768121347755816,-64,64,64,64,8043,1.0,0
----OX------OO-----XOO-----XOO-----XOO-------O------------------ X;,37787,3363755,20.93172255008336,63.03032789054437,-64,64,8,64,37780,0.9998147511048774,0
----OX------XO-----XO------OOO----OOOO-------O------------------ X;,33,2940,25.151515151515152,34.78787878787879,-64,64,64,64,33,1.0,0
----OX------XO-----XO------XOO-----OOO----O--O------------------ X;,12482,1113524,22.0323666079154,63.05479891043102,-64,64,8,64,12473,0.999278961704855,0
----OX------XO-----XO-----OOOO-----XOO-------O------------------ X;,45793,4080160,22.853645753717817,63.25401262201647,-64,64,10,64,45788,0.9998908130063546,0
----OX------XO----OOO------OOO-----XOO-------O------------------ X;,1503,133802,33.712574850299404,61.65003326679973,-64,64,28,64,1503,1.0,0
----OX-----OOO-----XO------XOO-----XOO-------O------------------ X;,37807,3366901,25.649562250376913,62.67635623032772,-64,64,14,64,37805,0.9999470997434338,0
----OX----O-XO-----OO------XOO-----XOO-------O------------------ X;,41287,3681052,23.027175624288517,63.13457020369608,-64,64,10,64,41279,0.999806234407925,0
----X-------XX----O-X----X-OO-----XOOO-----O------O------------- X;,409190,37740031,-63.804012805787046,-4.361939441335321,-64,64,-64,-4,407085,0.9948556905105208,0
----X------OXO----OXX------OXO-----XOO-------O------------------ X;,51768,4617754,15.411663575954258,63.50457811775614,-64,64,4,64,51704,0.9987637150363159,0
----X------X------XOX-----XOX-----XOOX------OO------------------ X;,517291,47407263,-63.2859879642213,-5.993137325025953,-64,64,-64,-4,516063,0.9976260944033436,0
---O--------O-------XOO---XXX------XXO------OOO----------------- X;,1976937,177501276,4.938048101684576,63.96078175480554,-64,64,4,64,1976611,0.9998350984376335,0
---O--------O------OXO----OXXO---OXXX-O------------------------- X;,442154,39524243,9.852696119451593,63.77055731713385,-64,64,4,64,440569,0.9964152761255128,0
---O--------O-----OOXO----OOXOO--O-XO--------------------------- X;,34833,3106331,10.666810208710132,63.25309333103666,-64,64,4,64,34823,0.999712915913071,0
---O--------O-----XXOO----XXOX----OOO-------O------------------- X;,573953,51284242,11.60864217104885,63.69474329779616,-64,64,4,64,573813,0.9997560775882346,0
---O--------O----OXXXO----OXOO-----OOO-------------------------- X;,18913,1685010,19.331835245598267,62.25331782371914,-64,64,8,64,18911,0.9998942526304658,0
---O--------O----OXXXO----OXXO-----OOO-------------------------- X;,17053,1519865,21.274555796634022,62.16577728258957,-64,64,10,64,17051,0.9998827185832405,0
---O--------OO-----XXO----XXXO----OOOO-------------------------- X;,411151,36785205,8.88007812214977,63.84987267451618,-64,64,4,64,411048,0.9997494837663048,0
---O-------O------OOXXO--OOOXO-----XO--------------------------- X;,488957,43684935,9.035567544794327,63.87892595872439,-64,64,4,64,488913,0.9999100125368897,0
---O-------O------XOOO----XXXO-----OO-O----O-------------------- X;,46833,4175962,13.43067922191617,63.43793906006449,-64,64,4,64,46816,0.9996370080925843,0
---O-------OO------OXO----XOXO-----OO-O----O-------------------- X;,9169,817004,14.542807285418258,62.96640855055077,-64,64,4,64,9160,0.999018431671938,0
---O-------OO------OXO----XOXO-----OOOO------------------------- X;,24147,2149229,25.835466103449704,62.369693957841555,-64,64,14,64,24138,0.9996272828922848,0
---O-------OO------OXX-----OXX----OOOO----X--------------------- X;,247496,22120487,14.100842033810647,63.79161683421146,-64,64,4,64,247224,0.9989009923392701,0
---O-------OO-----OXX----OOOO-----XOO-------O------------------- X;,136427,12167494,18.571016001231428,62.99427532673151,-64,64,4,64,136287,0.9989738101695412,0
---O-------OO-----XOX-----OOO----OOOO-------O------------------- X;,98600,8818646,9.899553752535496,63.73799188640974,-64,64,4,64,98570,0.9996957403651116,0
---O-------OO-----XOX-----OXO----OOOO-------O------------------- X;,85040,7592120,14.440722013170273,63.678610065851366,-64,64,4,64,85013,0.9996825023518344,0
---O-------OO-----XXO-----OXO-----OOO-----O-O------------------- X;,103905,9278257,15.530080361869015,63.439998075164816,-64,64,4,64,103845,0.9994225494442038,0
---O-------OO-----XXX-----OXX-----OOOO----O--------------------- X;,62190,5542810,21.4832448946776,63.129747547837276,-64,64,8,64,62156,0.9994532883100177,0
---O-------OO----OXXX-----OXO-----XOO-------O------------------- X;,89149,7963502,16.26441126653131,63.358265375943645,-64,64,4,64,89110,0.9995625301461598,0
---O------OO------OOX-----OXO-----OOOO----O--------------------- X;,245487,21911125,9.086562628570963,63.59630856216419,-64,64,4,64,245406,0.9996700436275648,0
---O------OO------OOX----OOOO-----XOOO-------------------------- X;,143978,12828668,21.049764547361402,62.89676895081193,-64,64,8,64,143920,0.9995971606773257,0
---O------OO------OXX-----OXO-----OOO-----O-O------------------- X;,148192,13222549,10.217211455409199,63.58850005398402,-64,64,4,64,147872,0.9978406391708055,0
---O------OO------OXX----OOOO-----XOO-------O------------------- X;,256127,22855530,14.196265914956252,63.51076223904548,-64,64,4,64,255937,0.9992581805120117,0
---O------OO------XOX-----OOO-----OOOO----O--------------------- X;,120150,10751187,9.970378693300042,63.77156054931336,-64,64,4,64,120125,0.9997919267582189,0
---O------OO------XOX-----OXO----OOOOO-------------------------- X;,118671,10583209,15.890006825593447,62.945007626126014,-64,64,4,64,118520,0.9987275745548617,0
---O------OO------XOX----XXOO----O-OOO-------------------------- X;,54849,4890802,21.000601651807692,62.97394665353972,-64,64,6,64,54742,0.998049189593247,0
---O------OO------XXX-----XXO----OOOO-------O------------------- X;,187189,16688385,20.83104242236456,63.28784276853875,-64,64,10,64,187154,0.9998130232011496,0
---O------OO-----OOOX-----OXO-----XOOO-------------------------- X;,111544,9940021,17.822841210643332,62.83160905113677,-64,64,6,64,111440,0.9990676325037653,0
---O------OO-----OXXX-----OXO-----XOO-------O------------------- X;,108931,9717403,16.92199649319294,62.72214521118873,-64,64,4,64,108884,0.9995685342097291,0
---O------OO-X-----OXO----XXOO-----OOO-------------------------- X;,156830,14043064,13.049684371612575,63.45787158069247,-64,64,4,64,156735,0.9993942485493846,0
---O------OOO-----XOXX----XOO------OOO-------------------------- X;,353053,31490200,20.35115974088876,63.34553169070933,-64,64,8,64,349266,0.9892735651587722,0
---O------X-O-----OXOO----OXXX---O-XO--------------------------- X;,431512,38653556,11.100133947607482,63.71598240605128,-64,64,4,64,430910,0.998604905541445,0
---O-----O-O------OO-X-----OXOO----XO-----X-O------------------- X;,1163984,104663160,4.835288113925965,63.99516144551815,-64,64,4,64,1163966,0.9999845358699089,0
---O-----OO------OXXX----XXOO------OOO-------------------------- X;,7535,670102,38.702322495023225,53.636098208360984,-64,64,64,64,7533,0.9997345719973457,0
---O-----OOO-----XXOX-----XOO------OOO-------------------------- X;,12145,1078602,37.30020584602717,58.52787155207904,-64,64,64,64,12139,0.999505969534788,0
---O-X------OO-----XXO-----XXO-----XOO-------O------------------ X;,1141574,102374866,7.880313496978733,63.87282208599705,-64,64,4,64,1140901,0.9994104630974426,0
---X--------X------XOX-----OOX----OOO-X---XO-------------------- X;,494158,45369038,-63.172307237766056,-5.629023510699008,-64,64,-64,-4,488295,0.9881353737063854,0
---X-------X-------X-------XX-X--XXXOX-----OOO------------------ X;,64310,5878401,-60.781900171046495,-8.310900326543306,-64,64,-64,-4,64078,0.996392473954284,0
---X-------X-------XX-----OOOX---XXOO-----XO-------------------- X;,355968,32622938,-62.82802386731392,-6.8365021574973035,-64,64,-64,-4,354308,0.995336659475009,0
---X-------X-------XXX-----XOX----OXO-----OOO------------------- X;,919891,84337197,-63.37895141924424,-5.7063684719167815,-64,64,-64,-4,916819,0.9966604739039734,0
---X-------X-------XXX----OOX----XXOO-----XO-------------------- X;,227819,20836783,-62.29133215403456,-7.412643370394918,-64,64,-64,-4,226501,0.994214705533779,0
---X-------X------OOO------OO----XXXOX----X-O------------------- X;,656734,60383292,-63.60696415900502,-4.761556429239235,-64,64,-64,-4,655293,0.9978058087444841,0
---X-------X------OOO-----OOO----OXXXX----X--------------------- X;,1224810,112214808,-62.245002898408735,-7.965028045166189,-64,64,-64,-4,1218323,0.9947036683240665,0
---X-------X------OOO-----OOX----XXXXX----X--------------------- X;,122350,11175954,-59.840833673886394,-9.433543114017164,-64,64,-64,-4,121723,0.9948753575807111,0
---X-------X------OOO-----XOO-----XXOX----X-O------------------- X;,1140270,104861972,-63.40419198961649,-4.9307707823585645,-64,64,-64,-4,1136384,0.9965920352197286,0
---X-------X------OOX-----XXOX----XXOO----X--------------------- X;,980555,89984138,-62.61817236157074,-6.508401874448654,-64,64,-64,-4,974953,0.9942869089444243,0
---X-------X------OX-----O-OX-----OXO-----O--O----O---O--------- X;,53764,4804783,11.575943010192693,63.828379584852314,-64,64,4,64,53760,0.9999256007737519,0
---X-------X-----OOX-------OX-----OXO-----O--O----O---O--------- X;,235045,21059496,5.533655257503883,63.93381692867323,-64,64,4,64,235025,0.9999149099108682,0
---X-------XX------XO-----OOOO----OXXX----X--------------------- X;,219439,20091334,-61.8268676032975,-6.826799247171196,-64,64,-64,-4,218531,0.995862175821071,0
---X------OXO------OX-----OXO-----OOOO----O--------------------- X;,800,71213,33.225,56.4525,-64,64,64,64,800,1.0,0
---X------OXO------XO-----OXO-----OOO-----O-O------------------- X;,31386,2800965,20.934397502070986,62.93994137513541,-64,64,6,64,31194,0.9938826228254636,0
---X------OXO-----OX------OXO-----OOO-----O-O------------------- X;,85039,7579606,20.16627664953727,63.48442479333012,-64,64,6,64,85014,0.9997060172391491,0
---X------OXO-----XO------OXO----OOOO-------O------------------- X;,727,65060,11.909215955983495,31.061898211829437,-64,64,20,64,727,1.0,0
--O--------O-------XOO----XXXXO----OOO-O------------------------ X;,657995,58880430,10.963300632983533,63.78740719914285,-64,64,4,64,645069,0.9803554738257889,0
--O--------O-------XOO-O--XXXXO----OOO-------------------------- X;,762401,68294557,10.067341202333155,63.79450053187234,-64,64,4,64,759100,0.995670257515402,0
--O--------O------OOXXO---XOXO-----OO------O-------------------- X;,41423,3691768,19.969195857373922,63.400815971803105,-64,64,8,64,41414,0.9997827294015402,0
--O--------O------OXO-----XXXO-----XOOO------O------------------ X;,410293,36675060,6.492730804571368,63.89468501777998,-64,64,4,64,410212,0.9998025801073867,0
--O--------O------OXOXO--OOOXO-----XO--------------------------- X;,165359,14794080,7.6503849200829706,63.87343900241293,-64,64,4,64,165145,0.9987058460682515,0
--O--------O------OXXXO--OOOOO-----XO--------------------------- X;,262047,23438831,7.743290325781253,63.927264956286464,-64,64,4,64,261579,0.9982140608364148,0
--O--------O------XXOO----XXOO----OOOO-------------------------- X;,401178,35809654,9.654310555414305,63.81566536549861,-64,64,4,64,400404,0.9980706818419753,0
--O--------O-O----OXOO----XXXO-----XOO-------------------------- X;,170096,15218701,13.250617298466748,63.53399844793528,-64,64,4,64,170045,0.9997001693161509,0
--O--------O-O----OXXOO---XXXO-----XO--------------------------- X;,273883,24519405,5.723998933851316,63.88363644329878,-64,64,4,64,273820,0.9997699747702486,0
--O--------O-X---O-XOO----OXOO-----OOO-------------------------- X;,1674653,150303781,8.873301513806144,63.847801902841965,-64,64,4,64,1670164,0.9973194446849586,0
--O--------OO-----OXOXO---XXOO-----XO--------------------------- X;,200639,17944510,13.536510847841148,63.53897298132467,-64,64,4,64,200579,0.9997009554473457,0
--O--------OX------XOO----XXXO-----OO-O----O-------------------- X;,331550,29750768,8.818063640476549,63.82053687226663,-64,64,4,64,330209,0.9959553611823254,0
--O--------OX------XOO----XXXO-----OOOO------------------------- X;,359589,32171023,15.549735948541251,63.638548453929346,-64,64,4,64,357430,0.9939959231233436,0
--O--------OX-----OXO-O---OXXO---O-XO--------------------------- X;,23202,2069052,15.155676234807345,63.32704077234721,-64,64,4,64,23177,0.9989225066804586,0
--O--------OX-----OXOO----XOOO-----OOO-------------------------- X;,135234,12163122,7.067475634825562,63.76706301669699,-64,64,4,64,134717,0.9961769969090614,0
--O-------O-X-----OXOO----OXXX---O-XO--------------------------- X;,1340183,120217030,7.337949369601017,63.886468489751024,-64,64,4,64,1339734,0.9996649711270774,0
--O-------OO------XXOX-----XOO-----XO-------O-------O----------- X;,1951786,174735213,5.596932245645783,63.959680005902285,-64,64,4,64,1951681,0.9999462031185796,0
--O-------OO-X-----OOO----XXOO-----OOO-------------------------- X;,2188295,196934362,5.205620814378317,63.96724481845455,-64,64,4,64,2173887,0.9934158785721303,0
--O------O-O------OXOX-----XOO-----XO-------O-------O----------- X;,159762,14261272,14.46974875126751,63.731600756124735,-64,64,4,64,159704,0.9996369599779672,0
--X--------X------XOX-----XOX-----XOOX------OO------------------ X;,534941,49057491,-63.376650882994575,-5.7889094311335265,-64,64,-64,-4,533430,0.9971753894354705,0
--X--------XOO----OXX------OXO-----XOO-------O------------------ X;,66229,5910621,15.729589756753084,63.55936221292787,-64,64,4,64,66002,0.9965724984523396,0
--X-------OX------OOX-----OXO-----OOOO----O--------------------- X;,152314,13601928,14.267624775135575,63.57824625444805,-64,64,4,64,152276,0.9997505153826963,0
--X-------XOO-----XO------OXO----OOOO-------O------------------- X;,4791,427087,29.026299311208515,62.83969943644333,-64,64,16,64,4775,0.9966604049259027,0
--X-------XX-----OOOOO----OXO------OOO-------------------------- X;,74702,6653371,23.070654065486867,63.061337045862224,-64,64,12,64,74690,0.9998393617306096,0
--X-------XXO----OXOO-----OXO------OOO-------------------------- X;,8242,732782,34.47197282213055,61.83038097549139,-64,64,30,64,8241,0.9998786702256733,0
--X------OXX-----OOXX-----OOO------OOO-------------------------- X;,19492,1732070,37.99522881182023,58.849117586702235,-64,64,64,64,19486,0.9996921814077571,0
--XO------OO-----OXOX-----OOO------OOO-------------------------- X;,16625,1480291,24.966496240601504,62.871218045112784,-64,64,12,64,16616,0.9994586466165414,0
-O--------OO------XOX----OXXOX-----OOO-------------------------- X;,270649,24157119,18.58828224009695,63.46399949750415,-64,64,4,64,270613,0.9998669863919689,0
-O--------OO------XOXX-----OO-----OOOO----X--------------------- X;,2484656,222504321,10.269678378012891,63.945770360162534,-64,64,4,64,2483698,0.9996144335473401,0
-O-------OO------OXOX----XXOO------OOO-------------------------- X;,962,85864,21.55925155925156,33.66735966735967,-64,64,64,64,962,1.0,0
-OX-------OX-----OXOX-----OXO------OOO-------------------------- X;,749,66517,38.06675567423231,50.120160213618156,-64,64,64,64,749,1.0,0
O--------O-X-----XO-X----XOOXX----OOO--------------------------- X;,70538,6424965,-55.720717910913265,-19.925572032096174,-64,64,-64,-10,70507,0.9995605205704726,0
