game,ply,side_to_move,chosen_idx,n_legal,n_empties,i_move_bits,log2_m_bits,p_chosen,total_raw_count,chosen_raw_count,in_book,chosen_in_book,a1_minus_energy,e_minus_energy,d4_a1_occupation_energy,d4_a2_occupation_energy,d4_b1_occupation_energy,d4_b2_occupation_energy,d4_e_occupation_energy
0,0,1,19,4,60,4.0,2.0,0.25,246196,61549,1,1,0.0,0.0,4.0,0.0,0.0,0.0,0.0
0,1,-1,34,3,59,2.2346638063499955,1.584962500721156,0.6374122693007538,61549,39233,1,1,1.1249999999999998,2.5000000000000004,4.125,0.125,0.125,0.125,0.5
0,2,1,45,5,58,3.163512262897709,2.321928094887362,0.5580304806565064,39233,21895,1,1,0.0,5.000000000000001,4.5,0.5,0.0,0.0,1.0
0,3,-1,37,4,57,2.103144733480561,2.0,0.9310014155897529,21895,20387,1,1,1.2500000000000002,3.5,4.75,0.5,0.0,0.25,1.5
0,4,1,44,6,56,2.6054103945613796,2.584962500721156,0.985926569808353,24153,23818,1,1,0.37499999999999994,5.999999999999999,5.375,0.125,0.125,0.375,2.0
0,5,-1,20,6,55,2.6477749628479907,2.584962500721156,0.9573959032907992,23818,22808,1,1,1.2500000000000002,3.5,6.25,0.5,0.0,0.75,1.5
0,6,1,18,11,54,4.404483371249184,3.4594316186372973,0.5194109189142085,22940,11920,1,1,0.37499999999999994,5.999999999999999,7.375,0.125,0.125,0.375,2.0
0,7,-1,21,7,53,3.46353247264359,2.807354922057604,0.6345573440643864,11921,7568,1,1,2.125,3.5,8.125,0.125,0.125,1.125,1.5
0,8,1,26,11,52,3.6702456951008102,3.4594316186372973,0.8640495323409301,7580,6558,1,1,0.37499999999999994,2.0000000000000004,9.375,0.125,0.125,0.375,2.0
0,9,-1,25,7,51,2.8445289407221797,2.807354922057604,0.9745620715917745,6558,6397,1,1,1.2500000000000002,5.5,10.75,0.0,0.0,0.75,1.5
0,10,1,33,11,50,4.060695931687555,3.4594316186372973,0.6591760299625468,6397,4223,1,1,0.875,5.999999999999999,10.875,0.125,0.125,0.875,2.0
0,11,-1,10,12,49,3.887434430938583,3.584962500721156,0.81086186540732,4223,3433,1,1,0.7499999999999999,8.5,11.25,0.0,0.5,0.75,2.5
0,12,1,16,13,48,4.8208795793392705,3.700439718141092,0.4599535693557748,3433,1584,1,1,0.37499999999999994,11.0,11.375,0.125,0.625,0.875,3.0
0,13,-1,17,12,47,3.9282912300642128,3.584962500721156,0.7882205513784462,1584,1257,1,1,1.0,11.5,11.5,0.25,0.75,1.0,3.5
0,14,1,11,11,46,3.698992370791292,3.4594316186372973,0.8470031545741324,1257,1073,1,1,1.375,14.0,11.875,0.125,0.625,1.375,4.0
0,15,-1,12,9,45,4.5840738680839515,3.169925001442312,0.3752310536044362,1073,405,1,1,3.5,8.5,12.5,0.25,0.25,1.5,4.5
0,16,1,5,14,44,4.473767236398502,3.807354922057604,0.630071599045346,405,263,1,1,2.3749999999999996,9.0,13.375,0.125,0.125,1.375,5.0
0,17,-1,13,11,43,5.674820652235983,3.4594316186372973,0.21532846715328466,263,58,1,1,3.2499999999999996,9.499999999999998,13.75,0.5,0.0,1.25,5.5
0,18,1,3,13,42,4.068827124121115,3.700439718141092,0.7746478873239436,58,54,1,1,3.375,10.000000000000002,14.375,0.625,0.125,0.875,6.0
0,19,-1,40,9,41,3.4192844703790293,3.169925001442312,0.8412698412698413,54,52,1,1,4.0,10.5,14.5,0.75,0.25,1.0,6.5
0,20,1,6,13,40,5.400879436282184,3.700439718141092,0.3076923076923077,52,19,1,1,3.1250000000000004,11.0,15.125,0.375,0.375,1.125,7.0
0,21,-1,43,7,39,3.1858665453113337,2.807354922057604,0.7692307692307693,19,19,1,1,1.7500000000000002,11.5,15.25,0.5,0.5,1.25,7.5
0,22,1,51,15,38,4.994353436858859,3.9068905956085187,0.47058823529411764,19,15,1,1,1.875,12.999999999999998,16.875,0.625,0.625,0.875,7.0
0,23,-1,52,6,37,3.807354922057604,2.584962500721156,0.42857142857142855,15,8,1,1,2.9999999999999996,10.5,18.0,0.75,0.75,1.0,6.5
0,24,1,4,18,36,5.870364719583405,4.169925001442312,0.3076923076923077,8,7,1,1,0.875,16.0,19.375,0.625,1.125,0.875,6.0
0,25,-1,38,10,35,6.78135971352466,3.321928094887362,0.09090909090909091,12,1,1,1,1.7500000000000002,14.500000000000002,19.75,0.5,1.5,0.75,6.5
0,26,1,22,17,34,8.257387842692651,4.087462841250339,0.05555555555555555,1,0,1,0,1.375,17.999999999999996,21.375,0.625,1.125,0.875,6.0
0,27,-1,24,7,33,5.614709844115208,2.807354922057604,0.14285714285714285,0,0,0,0,1.2500000000000002,18.5,22.25,0.5,1.0,0.75,6.5
0,28,1,29,13,32,7.507794640198696,3.700439718141092,0.07142857142857142,1,0,1,0,0.875,17.0,22.875,0.625,0.625,0.875,7.0
0,29,-1,30,9,31,6.339850002884624,3.169925001442312,0.1111111111111111,0,0,0,0,5.25,12.500000000000002,24.75,0.5,0.5,0.75,6.5
0,30,1,47,13,30,7.400879436282184,3.700439718141092,0.07692307692307693,0,0,0,0,1.1249999999999998,17.999999999999996,26.625,0.375,0.375,0.625,6.0
0,31,-1,39,12,29,7.169925001442312,3.584962500721156,0.08333333333333333,0,0,0,0,1.4999999999999998,17.5,27.5,0.75,0.75,0.5,5.5
0,32,1,31,12,28,7.169925001442312,3.584962500721156,0.08333333333333333,0,0,0,0,1.875,15.000000000000002,28.375,1.125,0.625,0.875,5.0
0,33,-1,2,10,27,6.643856189774724,3.321928094887362,0.1,0,0,0,0,2.5000000000000004,19.500000000000004,29.5,0.75,0.75,0.5,5.5
0,34,1,1,10,26,6.643856189774724,3.321928094887362,0.1,0,0,0,0,2.625,22.0,30.625,0.375,0.375,0.625,6.0
0,35,-1,58,10,25,6.643856189774724,3.321928094887362,0.1,0,0,0,0,4.499999999999999,22.5,31.0,0.25,0.75,0.5,6.5
0,36,1,61,8,24,6.0,3.0,0.125,0,0,0,0,5.375,25.999999999999996,32.375,0.625,0.625,0.375,6.0
0,37,-1,59,11,23,6.918863237274595,3.4594316186372973,0.09090909090909091,0,0,0,0,4.499999999999999,27.5,34.0,0.25,0.75,0.5,5.5
0,38,1,53,6,22,5.169925001442312,2.584962500721156,0.16666666666666666,0,0,0,0,5.375,27.0,35.375,0.625,0.625,0.375,5.0
0,39,-1,46,9,21,6.339850002884624,3.169925001442312,0.1111111111111111,0,0,0,0,9.499999999999998,22.5,36.5,0.75,0.75,0.5,4.5
0,40,1,60,6,20,5.169925001442312,2.584962500721156,0.16666666666666666,0,0,0,0,7.375,20.000000000000004,37.875,0.625,0.625,0.875,4.0
0,41,-1,62,8,19,6.0,3.0,0.125,0,0,0,0,6.499999999999999,21.5,39.5,0.25,0.75,1.0,3.5
0,42,1,42,5,18,4.643856189774724,2.321928094887362,0.2,0,0,0,0,4.125000000000001,28.999999999999996,40.125,0.375,1.375,1.125,3.0
0,43,-1,23,7,17,5.614709844115208,2.807354922057604,0.14285714285714285,0,0,0,0,5.875000000000001,28.5,41.875,0.375,1.375,0.875,2.5
0,44,1,15,7,16,5.614709844115208,2.807354922057604,0.14285714285714285,0,0,0,0,4.750000000000001,28.000000000000004,43.75,0.25,1.25,0.75,2.0
0,45,-1,54,7,15,5.614709844115208,2.807354922057604,0.14285714285714285,0,0,0,0,5.125000000000001,30.500000000000004,44.625,0.625,0.625,0.625,2.5
0,46,1,50,6,14,5.169925001442312,2.584962500721156,0.16666666666666666,0,0,0,0,3.375,30.999999999999996,44.875,0.625,0.625,0.875,3.0
0,47,-1,41,6,13,5.169925001442312,2.584962500721156,0.16666666666666666,0,0,0,0,2.0000000000000004,28.5,46.5,0.75,0.75,0.5,2.5
0,48,1,32,8,12,6.0,3.0,0.125,0,0,0,0,5.375,30.0,48.375,0.625,0.625,0.375,2.0
0,49,-1,8,3,11,3.169925001442312,1.584962500721156,0.3333333333333333,0,0,0,0,5.749999999999999,29.5,50.25,0.5,0.5,0.25,1.5
0,50,1,48,7,10,5.614709844115208,2.807354922057604,0.14285714285714285,0,0,0,0,2.875,36.0,51.375,0.125,0.125,0.375,2.0
0,51,-1,56,4,9,4.0,2.0,0.25,0,0,0,0,2.75,33.5,52.75,0.5,0.0,0.25,1.5
0,52,1,57,6,8,5.169925001442312,2.584962500721156,0.16666666666666666,0,0,0,0,2.5000000000000004,36.0,53.0,0.5,0.0,0.5,2.0
0,53,-1,49,3,7,3.169925001442312,1.584962500721156,0.3333333333333333,0,0,0,0,3.6250000000000004,37.5,54.625,0.125,0.125,0.625,1.5
0,54,1,55,4,6,4.0,2.0,0.25,0,0,0,0,8.375,37.99999999999999,55.375,0.125,0.125,0.375,2.0
0,55,-1,9,2,5,2.0,1.0,0.5,0,0,0,0,8.75,43.5,57.25,0.0,0.0,0.25,1.5
0,56,1,63,3,4,3.169925001442312,1.584962500721156,0.3333333333333333,0,0,0,0,13.5,39.0,58.5,0.0,0.0,0.5,1.0
0,57,-1,14,1,3,0.0,0.0,1.0,0,0,0,0,13.75,33.5,59.25,0.0,0.0,0.25,1.5
0,58,1,7,2,2,2.0,1.0,0.5,0,0,0,0,22.0,27.0,61.0,0.0,0.0,0.0,1.0
0,60,1,0,1,1,0.0,0.0,1.0,0,0,0,0,20.25,32.5,62.25,0.0,0.0,0.25,0.5
1,0,1,19,4,60,4.0,2.0,0.25,246196,61549,1,1,0.0,0.0,4.0,0.0,0.0,0.0,0.0
1,1,-1,34,3,59,2.2346638063499955,1.584962500721156,0.6374122693007538,61549,39233,1,1,1.1249999999999998,2.5000000000000004,4.125,0.125,0.125,0.125,0.5
1,2,1,43,5,58,4.496253552987338,2.321928094887362,0.2215454406442734,39233,8692,1,1,0.0,5.000000000000001,4.5,0.5,0.0,0.0,1.0
1,3,-1,20,4,57,2.0405471857299635,2.0,0.9722861085556578,8692,8454,1,1,1.1249999999999998,3.5,5.125,0.125,0.125,0.125,1.5
1,4,1,29,5,56,2.609976286759761,2.321928094887362,0.819009339165386,8454,6927,1,1,1.0,5.000000000000001,6.0,0.0,0.5,0.5,1.0
1,5,-1,42,11,55,3.5937986443852172,3.4594316186372973,0.9110694724704526,6927,6320,1,1,0.12500000000000003,8.5,7.125,0.125,0.125,1.125,0.5
1,6,1,37,9,54,3.5423896769832375,3.169925001442312,0.7724617085109743,6324,4891,1,1,1.375,7.000000000000001,7.375,0.125,0.125,1.375,1.0
1,7,-1,21,9,53,6.075344209834163,3.169925001442312,0.13346938775510203,4891,653,1,1,0.7499999999999999,9.499999999999998,8.75,0.0,0.0,0.75,1.5
1,8,1,26,9,52,3.4870838521818026,3.169925001442312,0.8026490066225166,746,605,1,1,2.5000000000000004,7.000000000000001,9.5,0.0,0.0,1.5,1.0
1,9,-1,18,8,51,4.121306296222134,3.0,0.4596774193548387,612,284,1,1,3.1250000000000004,6.499999999999999,11.125,0.125,0.125,1.125,0.5
1,10,1,12,10,50,3.812253721470443,3.321928094887362,0.711864406779661,285,209,1,1,3.375,9.0,12.375,0.125,0.125,0.375,1.0
1,11,-1,13,10,49,3.549820694600899,3.321928094887362,0.8538812785388128,209,186,1,1,3.5,7.5,12.5,0.25,0.25,0.5,1.5
1,12,1,30,10,48,6.300123724569014,3.321928094887362,0.12690355329949238,187,24,1,1,2.625,11.999999999999998,12.625,0.375,0.375,0.625,2.0
1,13,-1,5,12,47,4.667424660913129,3.584962500721156,0.4722222222222222,24,16,1,1,1.0,14.500000000000002,13.0,0.25,0.25,1.0,2.5
1,14,1,33,10,46,6.022367813028454,3.321928094887362,0.15384615384615385,16,3,1,1,0.6250000000000001,15.000000000000002,13.125,0.375,0.375,1.125,3.0
1,15,-1,22,12,45,6.491853096329675,3.584962500721156,0.13333333333333333,3,1,1,1,1.7500000000000002,10.5,13.75,0.5,0.5,1.75,2.5
1,16,1,25,14,44,7.714245517666123,3.807354922057604,0.06666666666666667,1,0,1,0,4.125000000000001,9.0,14.125,0.375,0.375,2.125,3.0
1,17,-1,41,11,43,6.918863237274595,3.4594316186372973,0.09090909090909091,0,0,0,0,8.5,5.5,15.0,0.25,0.75,1.5,3.5
1,18,1,50,11,42,6.918863237274595,3.4594316186372973,0.09090909090909091,0,0,0,0,5.125000000000001,9.0,15.625,0.375,0.875,2.125,3.0
1,19,-1,31,15,41,7.813781191217037,3.9068905956085187,0.06666666666666667,0,0,0,0,3.5,10.5,16.5,0.25,0.75,3.0,2.5
1,20,1,10,12,40,7.169925001442312,3.584962500721156,0.08333333333333333,0,0,0,0,1.1249999999999998,17.0,16.625,0.375,0.875,3.125,3.0
1,21,-1,11,11,39,6.918863237274595,3.4594316186372973,0.09090909090909091,0,0,0,0,2.75,15.5,17.75,0.5,1.0,2.25,3.5
1,22,1,3,10,38,6.643856189774724,3.321928094887362,0.1,0,0,0,0,1.875,16.0,18.875,0.625,0.625,1.875,4.0
1,23,-1,45,10,37,6.643856189774724,3.321928094887362,0.1,0,0,0,0,5.749999999999999,14.500000000000002,19.25,1.0,0.5,1.75,4.5
1,24,1,46,13,36,7.400879436282184,3.700439718141092,0.07692307692307693,0,0,0,0,4.499999999999999,17.999999999999996,21.0,1.0,0.5,1.5,4.0
1,25,-1,47,10,35,6.643856189774724,3.321928094887362,0.1,0,0,0,0,5.375,16.500000000000004,22.375,0.875,0.375,0.875,4.5
1,26,1,53,14,34,7.614709844115208,3.807354922057604,0.07142857142857142,0,0,0,0,6.25,17.0,22.75,1.25,0.25,0.75,5.0
1,27,-1,60,12,33,7.169925001442312,3.584962500721156,0.08333333333333333,0,0,0,0,6.875,14.500000000000002,24.375,1.375,0.375,0.375,4.5
1,28,1,38,13,32,7.400879436282184,3.700439718141092,0.07692307692307693,0,0,0,0,8.000000000000002,17.999999999999996,25.0,2.0,0.5,0.5,4.0
1,29,-1,52,11,31,6.918863237274595,3.4594316186372973,0.09090909090909091,0,0,0,0,13.375,13.5,26.375,1.875,0.875,0.375,3.5
1,30,1,4,13,30,7.400879436282184,3.700439718141092,0.07692307692307693,0,0,0,0,11.999999999999998,19.000000000000004,28.0,2.0,0.5,0.5,3.0
1,31,-1,2,12,29,7.169925001442312,3.584962500721156,0.08333333333333333,0,0,0,0,11.875,19.500000000000004,28.875,1.375,0.875,0.375,3.5
1,32,1,39,12,28,7.169925001442312,3.584962500721156,0.08333333333333333,0,0,0,0,9.499999999999998,20.000000000000004,29.5,1.0,1.0,0.5,4.0
1,33,-1,51,12,27,7.169925001442312,3.584962500721156,0.08333333333333333,0,0,0,0,10.625000000000002,14.500000000000002,30.625,0.625,0.625,0.625,4.5
1,34,1,59,13,26,7.400879436282184,3.700439718141092,0.07692307692307693,0,0,0,0,5.000000000000001,17.999999999999996,32.5,0.5,0.5,0.5,4.0
1,35,-1,61,14,25,7.614709844115208,3.807354922057604,0.07142857142857142,0,0,0,0,8.875,19.500000000000004,33.875,0.375,0.875,0.375,3.5
1,36,1,62,12,24,7.169925001442312,3.584962500721156,0.08333333333333333,0,0,0,0,8.25,17.0,34.75,0.25,1.25,0.75,3.0
1,37,-1,16,13,23,7.400879436282184,3.700439718141092,0.07692307692307693,0,0,0,0,6.374999999999999,21.5,34.875,0.375,1.375,0.875,3.5
1,38,1,24,11,22,6.918863237274595,3.4594316186372973,0.09090909090909091,0,0,0,0,7.5,21.0,36.0,0.5,1.0,1.5,3.0
1,39,-1,1,11,21,6.918863237274595,3.4594316186372973,0.09090909090909091,0,0,0,0,8.125,18.5,37.625,0.625,0.625,1.625,2.5
1,40,1,23,11,20,6.918863237274595,3.4594316186372973,0.09090909090909091,0,0,0,0,10.000000000000002,17.999999999999996,38.0,1.0,1.0,2.0,2.0
1,41,-1,15,11,19,6.918863237274595,3.4594316186372973,0.09090909090909091,0,0,0,0,8.375,20.500000000000004,39.375,0.875,0.875,1.375,2.5
1,42,1,44,9,18,6.339850002884624,3.169925001442312,0.1111111111111111,0,0,0,0,11.0,21.0,40.0,1.5,0.5,1.0,3.0
1,43,-1,58,8,17,6.0,3.0,0.125,0,0,0,0,10.375000000000002,26.500000000000004,41.875,1.375,0.375,0.875,2.5
1,44,1,57,9,16,6.339850002884624,3.169925001442312,0.1111111111111111,0,0,0,0,10.5,25.999999999999996,43.5,1.5,0.5,0.5,2.0
1,45,-1,14,7,15,5.614709844115208,2.807354922057604,0.14285714285714285,0,0,0,0,6.374999999999999,30.500000000000004,44.375,0.875,0.875,0.375,2.5
1,46,1,32,8,14,6.0,3.0,0.125,0,0,0,0,5.625,28.999999999999996,44.625,0.875,0.875,0.625,3.0
1,47,-1,9,6,13,5.169925001442312,2.584962500721156,0.16666666666666666,0,0,0,0,4.499999999999999,32.5,46.5,0.75,0.75,0.5,2.5
1,48,1,0,5,12,4.643856189774724,2.321928094887362,0.2,0,0,0,0,6.25,35.0,47.25,0.75,0.75,0.25,3.0
1,49,-1,8,6,11,5.169925001442312,2.584962500721156,0.16666666666666666,0,0,0,0,3.5,31.5,47.5,0.75,0.75,0.5,3.5
1,50,1,6,3,10,3.169925001442312,1.584962500721156,0.3333333333333333,0,0,0,0,4.625,32.00000000000001,48.625,0.375,0.375,0.625,4.0
1,51,-1,17,6,9,5.169925001442312,2.584962500721156,0.16666666666666666,0,0,0,0,6.499999999999999,15.5,50.0,0.25,0.75,0.5,3.5
1,52,1,49,3,8,3.169925001442312,1.584962500721156,0.3333333333333333,0,0,0,0,6.374999999999999,19.000000000000004,51.875,0.125,0.625,0.375,3.0
1,53,-1,40,3,7,3.169925001442312,1.584962500721156,0.3333333333333333,0,0,0,0,10.625000000000002,18.5,53.125,0.125,0.625,0.625,2.5
1,54,1,54,3,6,3.169925001442312,1.584962500721156,0.3333333333333333,0,0,0,0,8.5,17.999999999999996,55.0,0.0,0.5,0.5,2.0
1,55,-1,7,5,5,4.643856189774724,2.321928094887362,0.2,0,0,0,0,8.75,23.500000000000004,56.75,0.0,0.5,0.25,1.5
1,56,1,48,1,4,0.0,0.0,1.0,0,0,0,0,4.499999999999999,23.999999999999996,57.5,0.0,0.5,0.0,2.0
1,57,-1,56,3,3,3.169925001442312,1.584962500721156,0.3333333333333333,0,0,0,0,11.125,33.5,59.125,0.125,0.125,0.125,1.5
1,59,-1,63,2,2,2.0,1.0,0.5,0,0,0,0,12.375,30.999999999999996,60.375,0.125,0.125,0.375,1.0
1,60,1,55,1,1,0.0,0.0,1.0,0,0,0,0,16.125,40.5,62.125,0.125,0.125,0.125,0.5
2,0,1,26,4,60,4.0,2.0,0.25,246196,61549,1,1,0.0,0.0,4.0,0.0,0.0,0.0,0.0
2,1,-1,20,3,59,2.2346638063499955,1.584962500721156,0.6374122693007538,61549,39233,1,1,1.1249999999999998,2.5000000000000004,4.125,0.125,0.125,0.125,0.5
2,2,1,45,5,58,3.163512262897709,2.321928094887362,0.5580304806565064,39233,21895,1,1,0.0,5.000000000000001,4.5,0.5,0.0,0.0,1.0
2,3,-1,34,4,57,6.478998157071245,2.0,0.044842230238823694,21895,981,1,1,1.2500000000000002,3.5,4.75,0.5,0.0,0.25,1.5
2,4,1,18,7,56,3.1391733098632923,2.807354922057604,0.7945344129554656,981,784,1,1,0.37499999999999994,5.999999999999999,5.375,0.125,0.125,0.375,2.0
2,5,-1,25,5,55,4.473339798678348,2.321928094887362,0.22509225092250923,808,182,1,1,2.125,3.5,6.125,0.125,0.125,1.125,1.5
2,6,1,42,7,54,5.067590694538724,2.807354922057604,0.2087378640776699,199,42,1,1,2.25,5.999999999999999,6.25,0.25,0.25,1.25,2.0
2,7,-1,11,7,53,3.667177264009344,2.807354922057604,0.5510204081632653,42,26,1,1,2.5000000000000004,6.499999999999999,7.5,0.25,0.25,0.5,2.5
2,8,1,10,9,52,4.051280504943693,3.169925001442312,0.5428571428571428,26,18,1,1,0.875,9.0,7.875,0.125,0.125,0.875,3.0
2,9,-1,44,6,51,3.0824621601919726,2.584962500721156,0.7083333333333334,18,16,1,1,2.9999999999999996,7.5,8.0,0.25,0.25,1.0,3.5
2,10,1,29,12,50,8.39231742277876,3.584962500721156,0.03571428571428571,16,0,1,0,3.875,5.999999999999999,8.875,0.125,0.125,0.875,4.0
2,11,-1,43,10,49,6.643856189774724,3.321928094887362,0.1,0,0,0,0,4.0,5.5,10.0,0.25,0.25,1.0,3.5
2,12,1,33,13,48,7.400879436282184,3.700439718141092,0.07692307692307693,0,0,0,0,4.375,7.000000000000001,11.375,0.125,0.125,1.375,3.0
2,13,-1,19,10,47,6.643856189774724,3.321928094887362,0.1,0,0,0,0,3.5,5.5,12.0,0.25,0.25,1.0,3.5
2,14,1,37,13,46,7.400879436282184,3.700439718141092,0.07692307692307693,0,0,0,0,3.6250000000000004,5.000000000000001,13.625,0.375,0.375,0.625,3.0
2,15,-1,17,10,45,6.643856189774724,3.321928094887362,0.1,0,0,0,0,3.5,4.499999999999999,15.5,0.25,0.25,0.5,2.5
2,16,1,16,9,44,6.339850002884624,3.169925001442312,0.1111111111111111,0,0,0,0,0.875,11.0,15.875,0.125,0.125,0.875,3.0
2,17,-1,3,16,43,8.0,4.0,0.0625,0,0,0,0,1.0,11.5,16.0,0.25,0.25,1.0,3.5
2,18,1,12,10,42,6.643856189774724,3.321928094887362,0.1,0,0,0,0,1.6249999999999998,11.999999999999998,16.125,0.375,0.375,1.125,4.0
2,19,-1,24,13,41,7.400879436282184,3.700439718141092,0.07692307692307693,0,0,0,0,3.5,14.500000000000002,17.0,0.25,0.25,1.0,4.5
2,20,1,32,7,40,5.614709844115208,2.807354922057604,0.14285714285714285,0,0,0,0,1.875,17.0,17.375,0.125,0.125,1.375,5.0
2,21,-1,40,13,39,7.400879436282184,3.700439718141092,0.07692307692307693,0,0,0,0,1.4999999999999998,17.5,18.0,0.25,0.25,1.0,5.5
2,22,1,48,8,38,6.0,3.0,0.125,0,0,0,0,1.875,17.999999999999996,18.375,0.125,0.625,0.875,6.0
2,23,-1,51,13,37,7.400879436282184,3.700439718141092,0.07692307692307693,0,0,0,0,2.5000000000000004,18.5,18.5,0.25,0.75,1.0,6.5
2,24,1,59,11,36,6.918863237274595,3.4594316186372973,0.09090909090909091,0,0,0,0,3.1250000000000004,20.000000000000004,19.625,0.375,0.875,1.125,6.0
2,25,-1,52,11,35,6.918863237274595,3.4594316186372973,0.09090909090909091,0,0,0,0,8.000000000000002,12.500000000000002,20.5,0.25,0.75,1.0,6.5
2,26,1,50,11,34,6.918863237274595,3.4594316186372973,0.09090909090909091,0,0,0,0,6.374999999999999,16.0,21.875,0.125,1.125,0.875,6.0
2,27,-1,5,11,33,6.918863237274595,3.4594316186372973,0.09090909090909091,0,0,0,0,6.499999999999999,14.500000000000002,22.5,0.25,1.25,0.5,6.5
2,28,1,8,10,32,6.643856189774724,3.321928094887362,0.1,0,0,0,0,7.125,15.000000000000002,23.125,0.375,0.875,0.625,7.0
2,29,-1,60,10,31,6.643856189774724,3.321928094887362,0.1,0,0,0,0,8.000000000000002,13.5,23.5,0.25,1.25,0.5,7.5
2,30,1,61,9,30,6.339850002884624,3.169925001442312,0.1111111111111111,0,0,0,0,10.125,11.0,24.625,0.375,1.375,0.625,7.0
2,31,-1,58,10,29,6.643856189774724,3.321928094887362,0.1,0,0,0,0,9.0,15.5,25.5,0.25,1.25,0.5,7.5
2,32,1,53,8,28,6.0,3.0,0.125,0,0,0,0,8.625,15.000000000000002,26.625,0.375,1.375,0.625,7.0
2,33,-1,62,9,27,6.339850002884624,3.169925001442312,0.1111111111111111,0,0,0,0,10.000000000000002,18.5,27.5,0.25,1.75,1.0,6.5
2,34,1,41,7,26,5.614709844115208,2.807354922057604,0.14285714285714285,0,0,0,0,8.625,17.0,28.125,0.375,1.375,1.125,7.0
2,35,-1,30,6,25,5.169925001442312,2.584962500721156,0.16666666666666666,0,0,0,0,9.249999999999998,15.5,29.25,0.5,1.0,0.75,7.5
2,36,1,38,9,24,6.339850002884624,3.169925001442312,0.1111111111111111,0,0,0,0,5.375,17.0,30.875,0.625,0.625,0.875,7.0
2,37,-1,31,6,23,5.169925001442312,2.584962500721156,0.16666666666666666,0,0,0,0,6.75,14.500000000000002,32.75,0.5,0.5,0.75,6.5
2,38,1,23,11,22,6.918863237274595,3.4594316186372973,0.09090909090909091,0,0,0,0,9.125,14.0,34.125,0.875,0.375,0.625,6.0
2,39,-1,21,5,21,4.643856189774724,2.321928094887362,0.2,0,0,0,0,7.5,11.5,35.5,0.75,0.25,1.0,5.5
2,40,1,2,12,20,7.169925001442312,3.584962500721156,0.08333333333333333,0,0,0,0,6.75,19.000000000000004,37.25,0.75,0.25,0.75,5.0
2,41,-1,39,8,19,6.0,3.0,0.125,0,0,0,0,6.875,20.500000000000004,38.875,0.875,0.375,0.375,4.5
2,42,1,54,9,18,6.339850002884624,3.169925001442312,0.1111111111111111,0,0,0,0,9.0,23.999999999999996,40.5,0.5,0.5,0.5,4.0
2,43,-1,15,7,17,5.614709844115208,2.807354922057604,0.14285714285714285,0,0,0,0,10.25,22.5,40.75,0.5,0.5,0.75,4.5
2,44,1,46,8,16,6.0,3.0,0.125,0,0,0,0,10.125,25.999999999999996,41.625,0.875,0.875,0.625,4.0
2,45,-1,49,5,15,4.643856189774724,2.321928094887362,0.2,0,0,0,0,10.5,23.500000000000004,43.0,0.75,0.75,1.0,3.5
2,46,1,47,5,14,4.643856189774724,2.321928094887362,0.2,0,0,0,0,5.25,22.0,43.75,0.75,0.75,0.75,4.0
2,47,-1,22,4,13,4.0,2.0,0.25,0,0,0,0,5.125000000000001,17.5,45.625,0.625,0.625,0.625,3.5
2,48,1,7,5,12,4.643856189774724,2.321928094887362,0.2,0,0,0,0,3.2499999999999996,25.0,47.25,0.75,0.75,0.25,3.0
2,49,-1,63,4,11,4.0,2.0,0.25,0,0,0,0,3.5,17.5,47.5,0.75,0.75,0.5,3.5
2,50,1,55,5,10,4.643856189774724,2.321928094887362,0.2,0,0,0,0,5.25,20.000000000000004,48.25,0.75,0.75,0.25,4.0
2,51,-1,9,2,9,2.0,1.0,0.5,0,0,0,0,4.875000000000001,19.500000000000004,49.375,0.375,1.375,0.375,3.5
2,52,1,0,6,8,5.169925001442312,2.584962500721156,0.16666666666666666,0,0,0,0,15.625,17.0,50.625,0.375,1.375,0.625,3.0
2,53,-1,1,2,7,2.0,1.0,0.5,0,0,0,0,7.875,16.500000000000004,51.875,0.375,1.375,0.875,2.5
2,54,1,4,4,6,4.0,2.0,0.25,0,0,0,0,6.75,16.0,53.25,0.75,0.75,1.25,2.0
2,55,-1,13,1,5,0.0,0.0,1.0,0,0,0,0,6.625000000000001,27.5,55.125,0.625,0.625,1.125,1.5
2,56,1,57,3,4,3.169925001442312,1.584962500721156,0.3333333333333333,0,0,0,0,14.500000000000002,21.0,57.0,0.5,0.5,1.0,1.0
2,57,-1,56,1,3,0.0,0.0,1.0,0,0,0,0,10.625000000000002,23.500000000000004,58.625,0.125,0.125,0.625,1.5
2,58,1,6,2,2,2.0,1.0,0.5,0,0,0,0,6.374999999999999,25.0,60.375,0.125,0.125,0.375,1.0
2,59,-1,14,1,1,0.0,0.0,1.0,0,0,0,0,9.249999999999998,24.5,62.25,0.0,0.0,0.25,0.5
3,0,1,44,4,60,4.0,2.0,0.25,246196,61549,1,1,0.0,0.0,4.0,0.0,0.0,0.0,0.0
3,1,-1,29,3,59,2.2346638063499955,1.584962500721156,0.6374122693007538,61549,39233,1,1,1.1249999999999998,2.5000000000000004,4.125,0.125,0.125,0.125,0.5
3,2,1,18,5,58,3.163512262897709,2.321928094887362,0.5580304806565064,39233,21895,1,1,0.0,5.000000000000001,4.5,0.5,0.0,0.0,1.0
3,3,-1,26,4,57,2.103144733480561,2.0,0.9310014155897529,21895,20387,1,1,1.2500000000000002,3.5,4.75,0.5,0.0,0.25,1.5
3,4,1,19,6,56,2.6054103945613796,2.584962500721156,0.985926569808353,24153,23818,1,1,0.37499999999999994,5.999999999999999,5.375,0.125,0.125,0.375,2.0
3,5,-1,43,6,55,2.6477749628479907,2.584962500721156,0.9573959032907992,23818,22808,1,1,1.2500000000000002,3.5,6.25,0.5,0.0,0.75,1.5
3,6,1,45,11,54,4.404483371249184,3.4594316186372973,0.5194109189142085,22940,11920,1,1,0.37499999999999994,5.999999999999999,7.375,0.125,0.125,0.375,2.0
3,7,-1,11,7,53,6.794830612663409,2.807354922057604,0.06304493628437291,11921,751,1,1,2.125,3.5,8.125,0.125,0.125,1.125,1.5
3,8,1,42,7,52,3.1688378159794923,2.807354922057604,0.7783641160949868,751,589,1,1,3.2499999999999996,5.999999999999999,8.25,0.25,0.25,1.25,2.0
3,9,-1,37,11,51,3.491033616023126,3.4594316186372973,0.9783333333333334,589,586,1,1,3.5,6.499999999999999,9.5,0.25,0.25,0.5,2.5
3,10,1,34,8,50,3.029443777892482,3.0,0.9797979797979798,586,581,1,1,6.875,4.0,10.875,0.125,0.125,0.875,2.0
3,11,-1,41,11,49,5.302562770020431,3.4594316186372973,0.27871621621621623,581,164,1,1,6.499999999999999,7.5,12.5,0.25,0.25,0.5,1.5
3,12,1,25,9,48,3.4246441390641023,3.169925001442312,0.838150289017341,164,144,1,1,6.625000000000001,5.999999999999999,12.625,0.375,0.375,0.625,2.0
3,13,-1,52,12,47,3.7998133730449846,3.584962500721156,0.8616352201257862,147,136,1,1,6.499999999999999,8.5,13.0,0.25,0.25,1.0,2.5
3,14,1,53,13,46,4.125192372253148,3.700439718141092,0.7449664429530202,136,110,1,1,6.625000000000001,5.999999999999999,13.625,0.375,0.375,1.625,2.0
3,15,-1,51,13,45,3.9131690421268206,3.700439718141092,0.8629032258064516,111,106,1,1,3.5,10.5,14.0,0.75,0.25,1.5,2.5
3,16,1,59,12,44,4.238786859587116,3.584962500721156,0.635593220338983,106,74,1,1,7.875,7.000000000000001,14.875,0.625,0.625,0.875,3.0
3,17,-1,60,12,43,3.8017738897943043,3.584962500721156,0.8604651162790697,74,73,1,1,7.5,9.499999999999998,15.0,0.75,0.75,1.0,3.5
3,18,1,61,11,42,3.642295675787108,3.4594316186372973,0.8809523809523809,73,73,1,1,7.875,8.000000000000002,15.375,0.625,1.125,0.875,4.0
3,19,-1,50,10,41,3.487514160605337,3.321928094887362,0.891566265060241,73,73,1,1,7.000000000000001,10.5,15.5,0.75,1.25,1.0,4.5
3,20,1,58,12,40,4.801773889794305,3.584962500721156,0.43023255813953487,74,36,1,1,8.125,11.0,16.125,0.375,1.375,1.125,5.0
3,21,-1,17,11,39,6.692092375427572,3.4594316186372973,0.10638297872340426,36,4,1,1,8.5,11.5,16.5,0.25,1.75,1.0,5.5
3,22,1,40,13,38,5.948367231584678,3.700439718141092,0.21052631578947367,6,3,1,1,8.375,11.999999999999998,17.375,0.125,1.625,0.875,6.0
3,23,-1,24,10,37,6.228818690495881,3.321928094887362,0.13333333333333333,5,1,1,1,9.499999999999998,12.500000000000002,18.0,0.25,1.25,1.0,6.5
3,24,1,20,10,36,5.78135971352466,3.321928094887362,0.18181818181818182,1,1,1,1,9.625,12.999999999999998,18.625,0.375,0.875,1.125,7.0
3,25,-1,46,7,35,5.807354922057604,2.807354922057604,0.125,1,0,1,0,4.0,18.5,20.5,0.25,0.75,1.0,6.5
3,26,1,47,14,34,4.932885804141463,3.807354922057604,0.4583333333333333,10,10,1,1,5.125000000000001,14.0,21.625,0.375,0.875,1.125,6.0
3,27,-1,21,7,33,3.8948177633079437,2.807354922057604,0.47058823529411764,10,7,1,1,5.000000000000001,18.5,22.5,0.25,0.75,1.0,6.5
3,28,1,12,11,32,5.044394119358453,3.4594316186372973,0.3333333333333333,7,5,1,1,4.25,20.000000000000004,24.25,0.25,0.75,0.75,6.0
3,29,-1,5,9,31,4.977279923499916,3.169925001442312,0.2857142857142857,5,3,1,1,4.375,21.5,25.375,0.375,1.375,0.375,5.5
3,30,1,2,12,30,6.491853096329675,3.584962500721156,0.13333333333333333,3,1,1,1,4.499999999999999,21.0,26.5,0.5,1.5,0.5,5.0
3,31,-1,4,9,29,6.491853096329674,3.169925001442312,0.1,1,0,1,0,4.375,18.5,27.875,0.375,1.875,0.375,4.5
3,32,1,3,10,28,6.643856189774724,3.321928094887362,0.1,0,0,0,0,5.25,22.0,28.75,0.75,2.25,0.25,4.0
3,33,-1,1,8,27,6.0,3.0,0.125,0,0,0,0,4.875000000000001,17.5,29.875,0.375,2.875,0.375,3.5
3,34,1,10,11,26,6.918863237274595,3.4594316186372973,0.09090909090909091,0,0,0,0,3.5,22.0,30.0,0.5,3.0,0.5,4.0
3,35,-1,33,7,25,5.614709844115208,2.807354922057604,0.14285714285714285,0,0,0,0,6.875,21.5,31.375,0.375,2.875,0.875,3.5
3,36,1,16,10,24,6.643856189774724,3.321928094887362,0.1,0,0,0,0,4.750000000000001,17.999999999999996,32.75,0.25,2.25,0.75,4.0
3,37,-1,8,8,23,6.0,3.0,0.125,0,0,0,0,6.875,17.5,34.375,0.375,1.875,0.875,3.5
3,38,1,38,8,22,6.0,3.0,0.125,0,0,0,0,3.7500000000000004,22.0,34.75,0.25,1.75,1.25,4.0
3,39,-1,30,8,21,6.0,3.0,0.125,0,0,0,0,5.875000000000001,21.5,36.375,0.375,1.375,1.375,3.5
3,40,1,31,6,20,5.169925001442312,2.584962500721156,0.16666666666666666,0,0,0,0,4.25,19.000000000000004,38.25,0.25,1.25,1.25,3.0
3,41,-1,23,8,19,6.0,3.0,0.125,0,0,0,0,4.625,21.5,39.625,0.125,0.625,1.125,3.5
3,42,1,14,7,18,5.614709844115208,2.807354922057604,0.14285714285714285,0,0,0,0,4.0,21.0,41.5,0.0,0.5,1.0,3.0
3,43,-1,13,10,17,6.643856189774724,3.321928094887362,0.1,0,0,0,0,5.25,23.500000000000004,41.75,0.0,0.5,1.25,3.5
3,44,1,15,6,16,5.169925001442312,2.584962500721156,0.16666666666666666,0,0,0,0,2.875,25.0,43.375,0.125,0.625,0.875,3.0
3,45,-1,7,10,15,6.643856189774724,3.321928094887362,0.1,0,0,0,0,2.9999999999999996,23.500000000000004,44.0,0.25,0.75,0.5,3.5
3,46,1,32,5,14,4.643856189774724,2.321928094887362,0.2,0,0,0,0,3.2499999999999996,23.999999999999996,44.25,0.25,0.75,0.75,4.0
3,47,-1,39,8,13,6.0,3.0,0.125,0,0,0,0,3.875,25.499999999999996,45.875,0.375,0.375,0.875,3.5
3,48,1,22,5,12,4.643856189774724,2.321928094887362,0.2,0,0,0,0,4.25,30.999999999999996,47.75,0.25,0.25,0.75,3.0
3,49,-1,55,7,11,5.614709844115208,2.807354922057604,0.14285714285714285,0,0,0,0,8.625,26.500000000000004,49.625,0.125,0.125,0.625,2.5
3,50,1,6,5,10,4.643856189774724,2.321928094887362,0.2,0,0,0,0,8.5,22.0,50.5,0.0,0.5,1.0,2.0
3,51,-1,54,6,9,5.169925001442312,2.584962500721156,0.16666666666666666,0,0,0,0,9.125,20.500000000000004,51.625,0.125,0.125,0.625,2.5
3,52,1,0,5,8,4.643856189774724,2.321928094887362,0.2,0,0,0,0,5.875000000000001,25.0,52.375,0.125,0.125,0.375,3.0
3,53,-1,9,3,7,3.169925001442312,1.584962500721156,0.3333333333333333,0,0,0,0,7.625000000000001,23.500000000000004,53.125,0.125,0.125,0.125,3.5
3,54,1,49,3,6,3.169925001442312,1.584962500721156,0.3333333333333333,0,0,0,0,6.875,19.000000000000004,54.375,0.125,0.125,0.375,3.0
3,55,-1,56,3,5,3.169925001442312,1.584962500721156,0.3333333333333333,0,0,0,0,4.625,14.500000000000002,56.125,0.125,0.125,0.125,2.5
3,56,1,63,4,4,4.0,2.0,0.25,0,0,0,0,16.875,14.0,57.375,0.125,0.125,0.375,2.0
3,57,-1,62,2,3,2.0,1.0,0.5,0,0,0,0,4.625,13.5,59.125,0.125,0.125,0.125,1.5
3,58,1,57,2,2,2.0,1.0,0.5,0,0,0,0,5.5,17.0,60.5,0.0,0.0,0.5,1.0
3,59,-1,48,1,1,0.0,0.0,1.0,0,0,0,0,4.625,18.5,62.125,0.125,0.125,0.125,0.5
4,0,1,26,4,60,4.0,2.0,0.25,246196,61549,1,1,0.0,0.0,4.0,0.0,0.0,0.0,0.0
4,1,-1,20,3,59,2.2346638063499955,1.584962500721156,0.6374122693007538,61549,39233,1,1,1.1249999999999998,2.5000000000000004,4.125,0.125,0.125,0.125,0.5
4,2,1,45,5,58,3.163512262897709,2.321928094887362,0.5580304806565064,39233,21895,1,1,0.0,5.000000000000001,4.5,0.5,0.0,0.0,1.0
4,3,-1,44,4,57,2.103144733480561,2.0,0.9310014155897529,21895,20387,1,1,1.2500000000000002,3.5,4.75,0.5,0.0,0.25,1.5
4,4,1,37,6,56,2.6054103945613796,2.584962500721156,0.985926569808353,24153,23818,1,1,0.37499999999999994,5.999999999999999,5.375,0.125,0.125,0.375,2.0
4,5,-1,34,6,55,2.6477749628479907,2.584962500721156,0.9573959032907992,23818,22808,1,1,1.2500000000000002,3.5,6.25,0.5,0.0,0.75,1.5
4,6,1,18,11,54,4.404483371249184,3.4594316186372973,0.5194109189142085,22940,11920,1,1,0.37499999999999994,5.999999999999999,7.375,0.125,0.125,0.375,2.0
4,7,-1,42,7,53,3.46353247264359,2.807354922057604,0.6345573440643864,11921,7568,1,1,2.125,3.5,8.125,0.125,0.125,1.125,1.5
4,8,1,43,11,52,7.8181243943012895,3.4594316186372973,0.048741931234356474,7580,369,1,1,0.37499999999999994,2.0000000000000004,9.375,0.125,0.125,0.375,2.0
4,9,-1,38,5,51,2.5496870259736255,2.321928094887362,0.8539603960396039,399,344,1,1,1.7500000000000002,5.5,10.75,0.5,0.0,0.25,1.5
4,10,1,30,8,50,3.5525410230287786,3.0,0.6818181818181818,344,239,1,1,1.375,8.000000000000002,10.875,0.625,0.125,0.375,2.0
4,11,-1,19,12,49,3.7556061547516233,3.584962500721156,0.8884462151394422,239,222,1,1,1.7500000000000002,6.499999999999999,11.25,0.5,0.5,0.25,2.5
4,12,1,21,12,48,6.584962500721156,3.584962500721156,0.125,228,29,1,1,4.375,5.999999999999999,12.875,0.125,0.625,0.375,2.0
4,13,-1,51,15,47,5.459431618637297,3.9068905956085187,0.3409090909090909,29,14,1,1,8.125,3.5,14.625,0.125,0.625,0.125,1.5
4,14,1,29,10,46,4.0,3.321928094887362,0.625,14,14,1,1,6.25,5.999999999999999,15.25,0.25,0.25,0.25,2.0
4,15,-1,53,13,45,4.647972298246957,3.700439718141092,0.5185185185185185,14,13,1,1,3.1250000000000004,11.5,17.125,0.125,0.125,0.125,1.5
4,16,1,46,13,44,4.941447817644887,3.700439718141092,0.4230769230769231,13,10,1,1,1.7500000000000002,14.0,17.25,0.25,0.25,0.25,2.0
4,17,-1,23,12,43,6.459431618637297,3.584962500721156,0.13636363636363635,10,2,1,1,1.6249999999999998,14.500000000000002,17.625,0.125,0.125,0.625,2.5
4,18,1,31,12,42,6.39231742277876,3.584962500721156,0.14285714285714285,2,1,1,1,1.2500000000000002,17.0,17.75,0.25,0.25,0.75,3.0
4,19,-1,39,12,41,6.491853096329675,3.584962500721156,0.13333333333333333,3,1,1,1,1.375,17.5,17.875,0.375,0.375,0.875,3.5
4,20,1,52,11,40,6.044394119358453,3.4594316186372973,0.16666666666666666,1,1,1,1,2.25,17.999999999999996,18.25,0.25,0.75,0.75,4.0
4,21,-1,61,10,39,6.78135971352466,3.321928094887362,0.09090909090909091,1,0,1,0,3.6250000000000004,14.500000000000002,19.125,0.125,0.625,0.625,4.5
4,22,1,60,11,38,6.918863237274595,3.4594316186372973,0.09090909090909091,0,0,0,0,4.499999999999999,15.000000000000002,19.5,0.5,0.5,0.5,5.0
4,23,-1,59,9,37,6.339850002884624,3.169925001442312,0.1111111111111111,0,0,0,0,3.6250000000000004,15.5,20.125,0.625,0.125,0.625,5.5
4,24,1,33,9,36,6.339850002884624,3.169925001442312,0.1111111111111111,0,0,0,0,5.000000000000001,17.999999999999996,21.0,0.5,0.0,0.5,6.0
4,25,-1,22,11,35,6.918863237274595,3.4594316186372973,0.09090909090909091,0,0,0,0,9.125,13.5,22.125,0.625,0.125,0.625,5.5
4,26,1,50,8,34,6.0,3.0,0.125,0,0,0,0,6.25,20.000000000000004,22.75,0.75,0.25,0.25,6.0
4,27,-1,13,12,33,7.169925001442312,3.584962500721156,0.08333333333333333,0,0,0,0,6.625000000000001,18.5,23.625,0.625,0.125,0.125,6.5
4,28,1,58,8,32,6.0,3.0,0.125,0,0,0,0,6.25,22.0,24.75,0.75,0.25,0.25,6.0
4,29,-1,12,11,31,6.918863237274595,3.4594316186372973,0.09090909090909091,0,0,0,0,4.875000000000001,22.5,25.375,0.375,0.375,0.375,6.5
4,30,1,62,9,30,6.339850002884624,3.169925001442312,0.1111111111111111,0,0,0,0,3.7500000000000004,23.999999999999996,26.75,0.25,0.25,0.75,6.0
4,31,-1,10,11,29,6.918863237274595,3.4594316186372973,0.09090909090909091,0,0,0,0,0.875,24.5,26.875,0.375,0.375,0.875,6.5
4,32,1,2,9,28,6.339850002884624,3.169925001442312,0.1111111111111111,0,0,0,0,1.7500000000000002,28.000000000000004,28.25,0.25,0.75,0.75,6.0
4,33,-1,17,10,27,6.643856189774724,3.321928094887362,0.1,0,0,0,0,1.6249999999999998,25.499999999999996,29.125,0.625,1.125,0.625,5.5
4,34,1,24,12,26,7.169925001442312,3.584962500721156,0.08333333333333333,0,0,0,0,2.75,22.999999999999996,30.75,0.75,0.75,0.75,5.0
4,35,-1,25,9,25,6.339850002884624,3.169925001442312,0.1111111111111111,0,0,0,0,2.875,26.500000000000004,31.875,0.875,0.875,0.875,4.5
4,36,1,16,8,24,6.0,3.0,0.125,0,0,0,0,8.5,20.000000000000004,33.5,1.0,1.0,0.5,4.0
4,37,-1,49,7,23,5.614709844115208,2.807354922057604,0.14285714285714285,0,0,0,0,4.125000000000001,26.500000000000004,34.625,0.625,0.625,0.625,4.5
4,38,1,41,10,22,6.643856189774724,3.321928094887362,0.1,0,0,0,0,10.375000000000002,22.999999999999996,34.875,0.625,0.625,0.875,5.0
4,39,-1,32,8,21,6.0,3.0,0.125,0,0,0,0,7.749999999999999,26.500000000000004,36.75,0.5,0.5,0.75,4.5
4,40,1,11,12,20,7.169925001442312,3.584962500721156,0.08333333333333333,0,0,0,0,10.125,20.000000000000004,38.125,0.375,0.875,0.625,4.0
4,41,-1,40,8,19,6.0,3.0,0.125,0,0,0,0,4.0,21.5,40.0,0.25,0.75,0.5,3.5
4,42,1,56,12,18,7.169925001442312,3.584962500721156,0.08333333333333333,0,0,0,0,9.875,17.0,41.375,0.625,0.625,0.375,3.0
4,43,-1,3,6,17,5.169925001442312,2.584962500721156,0.16666666666666666,0,0,0,0,7.125,19.500000000000004,41.625,0.625,0.625,0.625,3.5
4,44,1,4,7,16,5.614709844115208,2.807354922057604,0.14285714285714285,0,0,0,0,16.249999999999996,17.0,43.25,0.75,0.25,0.75,3.0
4,45,-1,5,5,15,4.643856189774724,2.321928094887362,0.2,0,0,0,0,5.125000000000001,20.500000000000004,45.125,0.625,0.125,0.625,2.5
4,46,1,6,8,14,6.0,3.0,0.125,0,0,0,0,6.25,23.999999999999996,46.75,0.25,0.25,0.75,2.0
4,47,-1,14,5,13,4.643856189774724,2.321928094887362,0.2,0,0,0,0,8.125,20.500000000000004,47.125,0.125,0.625,0.625,2.5
4,48,1,7,7,12,5.614709844115208,2.807354922057604,0.14285714285714285,0,0,0,0,7.375,23.999999999999996,47.875,0.125,0.625,1.375,2.0
4,49,-1,15,5,11,4.643856189774724,2.321928094887362,0.2,0,0,0,0,8.125,19.500000000000004,48.625,0.125,0.625,2.125,1.5
4,50,1,47,5,10,4.643856189774724,2.321928094887362,0.2,0,0,0,0,6.75,22.0,49.25,0.25,0.25,2.25,2.0
4,51,-1,54,6,9,5.169925001442312,2.584962500721156,0.16666666666666666,0,0,0,0,13.625,27.5,51.125,0.125,0.125,2.125,1.5
4,52,1,48,2,8,2.0,1.0,0.5,0,0,0,0,14.875,23.999999999999996,52.375,0.125,0.125,1.375,2.0
4,53,-1,57,4,7,4.0,2.0,0.25,0,0,0,0,21.750000000000004,21.5,53.25,0.5,0.0,1.75,1.5
4,54,1,63,3,6,3.169925001442312,1.584962500721156,0.3333333333333333,0,0,0,0,22.875000000000004,17.0,54.375,0.125,0.125,2.375,1.0
4,55,-1,55,4,5,4.0,2.0,0.25,0,0,0,0,24.124999999999996,17.5,55.625,0.125,0.125,1.625,1.5
4,56,1,9,1,4,0.0,0.0,1.0,0,0,0,0,33.0,16.0,57.0,0.0,0.0,1.0,2.0
4,57,-1,0,3,3,3.169925001442312,1.584962500721156,0.3333333333333333,0,0,0,0,34.74999999999999,15.5,58.75,0.0,0.0,0.75,1.5
4,58,1,8,2,2,2.0,1.0,0.5,0,0,0,0,32.5,15.000000000000002,60.5,0.0,0.0,0.5,1.0
4,59,-1,1,1,1,0.0,0.0,1.0,0,0,0,0,30.125,18.5,62.125,0.125,0.125,0.125,0.5
5,0,1,19,4,60,4.0,2.0,0.25,246196,61549,1,1,0.0,0.0,4.0,0.0,0.0,0.0,0.0
5,1,-1,34,3,59,2.2346638063499955,1.584962500721156,0.6374122693007538,61549,39233,1,1,1.1249999999999998,2.5000000000000004,4.125,0.125,0.125,0.125,0.5
5,2,1,44,5,58,4.598542054586208,2.321928094887362,0.20638156888730314,39233,8097,1,1,0.0,5.000000000000001,4.5,0.5,0.0,0.0,1.0
5,3,-1,37,5,57,2.8396590424910313,2.321928094887362,0.698469513700321,8097,5658,1,1,1.1249999999999998,2.5000000000000004,5.125,1.125,0.125,0.125,0.5
5,4,1,26,7,56,8.03782947958374,2.807354922057604,0.026636077302951356,25710,684,1,1,0.0,5.000000000000001,6.0,0.5,0.0,0.5,1.0
5,5,-1,20,5,55,2.519067086880468,2.321928094887362,0.872278664731495,684,600,1,1,1.1249999999999998,4.499999999999999,7.125,0.125,0.125,1.125,0.5
5,6,1,29,8,54,3.1269912054369766,3.0,0.9157392686804452,621,575,1,1,1.0,5.000000000000001,8.5,0.0,0.0,0.5,1.0
5,7,-1,21,7,53,3.0092366902715777,2.807354922057604,0.8694158075601375,575,505,1,1,1.1249999999999998,6.499999999999999,10.125,0.125,0.125,0.125,0.5
5,8,1,42,11,52,3.997718657985834,3.4594316186372973,0.688588007736944,506,355,1,1,1.375,5.000000000000001,10.375,0.125,0.125,0.375,1.0
5,9,-1,18,8,51,3.5486783833963798,3.0,0.6836461126005362,365,254,1,1,1.1249999999999998,8.5,11.125,0.125,0.125,1.125,0.5
5,10,1,11,8,50,3.0445655524334443,3.0,0.9695817490494296,255,254,1,1,0.37499999999999994,9.0,12.375,0.125,0.125,0.375,1.0
5,11,-1,25,10,49,5.196397212803504,3.321928094887362,0.2727272727272727,254,71,1,1,1.4999999999999998,9.499999999999998,12.5,0.25,0.25,0.5,1.5
5,12,1,33,12,48,4.259562213926989,3.584962500721156,0.6265060240963856,71,51,1,1,1.375,8.000000000000002,12.875,0.125,0.125,0.875,2.0
5,13,-1,43,11,47,5.7131882108830805,3.4594316186372973,0.20967741935483872,51,12,1,1,1.4999999999999998,10.5,13.5,0.25,0.25,0.5,2.5
5,14,1,51,11,46,4.98299357469431,3.4594316186372973,0.34782608695652173,12,7,1,1,4.875000000000001,5.999999999999999,15.375,0.125,0.125,0.375,2.0
5,15,-1,52,9,45,4.8479969065549495,3.169925001442312,0.3125,7,4,1,1,0.7499999999999999,12.500000000000002,16.25,0.0,0.0,0.25,2.5
5,16,1,10,14,44,6.39231742277876,3.807354922057604,0.16666666666666666,4,2,1,1,2.3749999999999996,14.0,17.375,0.125,0.125,0.375,2.0
5,17,-1,32,12,43,7.39231742277876,3.584962500721156,0.07142857142857142,2,0,1,0,2.5000000000000004,14.500000000000002,17.5,0.25,0.25,0.5,2.5
5,18,1,40,11,42,6.918863237274595,3.4594316186372973,0.09090909090909091,0,0,0,0,2.625,15.000000000000002,17.625,0.375,0.375,0.625,3.0
5,19,-1,48,12,41,7.169925001442312,3.584962500721156,0.08333333333333333,0,0,0,0,2.75,15.5,17.75,0.5,0.5,0.75,3.5
5,20,1,41,11,40,6.918863237274595,3.4594316186372973,0.09090909090909091,0,0,0,0,2.875,16.0,17.875,0.625,0.625,0.875,4.0
5,21,-1,59,11,39,6.918863237274595,3.4594316186372973,0.09090909090909091,0,0,0,0,1.7500000000000002,18.5,18.25,1.0,0.5,0.75,4.5
5,22,1,16,13,38,7.400879436282184,3.700439718141092,0.07692307692307693,0,0,0,0,2.125,19.000000000000004,18.625,0.875,0.375,1.125,5.0
5,23,-1,50,10,37,6.643856189774724,3.321928094887362,0.1,0,0,0,0,2.0000000000000004,19.500000000000004,19.0,0.75,0.75,1.0,5.5
5,24,1,58,12,36,7.169925001442312,3.584962500721156,0.08333333333333333,0,0,0,0,1.6249999999999998,20.000000000000004,19.625,0.375,0.875,1.125,6.0
5,25,-1,57,10,35,6.643856189774724,3.321928094887362,0.1,0,0,0,0,1.7500000000000002,20.500000000000004,20.25,0.5,0.5,1.25,6.5
5,26,1,13,11,34,6.918863237274595,3.4594316186372973,0.09090909090909091,0,0,0,0,2.125,21.0,20.625,0.375,0.375,1.625,7.0
5,27,-1,5,11,33,6.918863237274595,3.4594316186372973,0.09090909090909091,0,0,0,0,1.4999999999999998,24.5,21.5,0.25,0.75,2.0,6.5
5,28,1,45,11,32,6.918863237274595,3.4594316186372973,0.09090909090909091,0,0,0,0,2.3749999999999996,22.0,22.375,0.625,0.625,2.375,6.0
5,29,-1,38,11,31,6.918863237274595,3.4594316186372973,0.09090909090909091,0,0,0,0,6.125,15.5,24.125,0.625,0.625,2.125,5.5
5,30,1,30,11,30,6.918863237274595,3.4594316186372973,0.09090909090909091,0,0,0,0,5.000000000000001,19.000000000000004,25.5,0.5,0.5,2.5,5.0
5,31,-1,3,11,29,6.918863237274595,3.4594316186372973,0.09090909090909091,0,0,0,0,14.125,12.500000000000002,27.125,0.625,0.625,2.125,4.5
5,32,1,61,14,28,7.614709844115208,3.807354922057604,0.07142857142857142,0,0,0,0,4.750000000000001,19.000000000000004,27.75,0.75,0.75,1.75,5.0
5,33,-1,46,12,27,7.169925001442312,3.584962500721156,0.08333333333333333,0,0,0,0,6.875,19.500000000000004,28.875,0.375,0.875,1.375,5.5
5,34,1,22,14,26,7.614709844115208,3.807354922057604,0.07142857142857142,0,0,0,0,5.999999999999999,20.000000000000004,30.0,0.5,0.5,1.0,6.0
5,35,-1,12,13,25,7.400879436282184,3.700439718141092,0.07692307692307693,0,0,0,0,6.374999999999999,19.500000000000004,31.375,0.375,0.375,1.375,5.5
5,36,1,53,12,24,7.169925001442312,3.584962500721156,0.08333333333333333,0,0,0,0,4.750000000000001,21.0,33.25,0.25,0.25,1.25,5.0
5,37,-1,2,14,23,7.614709844115208,3.807354922057604,0.07142857142857142,0,0,0,0,8.875,16.500000000000004,34.875,0.375,0.375,0.875,4.5
5,38,1,31,11,22,6.918863237274595,3.4594316186372973,0.09090909090909091,0,0,0,0,4.25,28.000000000000004,36.25,0.25,0.75,0.75,4.0
5,39,-1,47,10,21,6.643856189774724,3.321928094887362,0.1,0,0,0,0,4.125000000000001,27.5,37.125,0.625,0.625,1.125,3.5
5,40,1,39,9,20,6.339850002884624,3.169925001442312,0.1111111111111111,0,0,0,0,4.750000000000001,28.999999999999996,38.75,0.75,0.25,1.25,3.0
5,41,-1,23,9,19,6.339850002884624,3.169925001442312,0.1111111111111111,0,0,0,0,3.875,27.5,39.875,0.375,0.375,0.875,3.5
5,42,1,17,8,18,6.0,3.0,0.125,0,0,0,0,13.25,19.000000000000004,41.75,0.25,0.25,0.75,3.0
5,43,-1,55,5,17,4.643856189774724,2.321928094887362,0.2,0,0,0,0,7.625000000000001,24.5,43.625,0.125,0.125,0.625,2.5
5,44,1,4,7,16,5.614709844115208,2.807354922057604,0.14285714285714285,0,0,0,0,9.75,27.0,44.25,0.25,0.25,0.25,3.0
5,45,-1,60,4,15,4.0,2.0,0.25,0,0,0,0,10.125,22.5,45.625,0.125,0.125,0.625,2.5
5,46,1,54,9,14,6.339850002884624,3.169925001442312,0.1111111111111111,0,0,0,0,13.75,20.000000000000004,47.25,0.25,0.25,0.25,2.0
5,47,-1,63,4,13,4.0,2.0,0.25,0,0,0,0,10.000000000000002,20.500000000000004,47.5,0.25,0.25,0.5,2.5
5,48,1,62,8,12,6.0,3.0,0.125,0,0,0,0,10.25,21.0,47.75,0.25,0.25,0.75,3.0
5,49,-1,24,2,11,2.0,1.0,0.5,0,0,0,0,9.625,21.5,48.625,0.125,0.125,0.625,3.5
5,50,1,56,8,10,6.0,3.0,0.125,0,0,0,0,11.0,21.0,50.5,0.0,0.0,0.5,3.0
5,51,-1,9,1,9,0.0,0.0,1.0,0,0,0,0,4.750000000000001,29.5,51.25,0.0,0.0,0.25,3.5
5,52,1,0,7,8,5.614709844115208,2.807354922057604,0.14285714285714285,0,0,0,0,7.5,28.999999999999996,52.0,0.0,0.0,1.0,3.0
5,53,-1,1,2,7,2.0,1.0,0.5,0,0,0,0,8.75,28.5,53.25,0.0,0.0,1.25,2.5
5,54,1,15,5,6,4.643856189774724,2.321928094887362,0.2,0,0,0,0,7.375,32.00000000000001,54.375,0.125,0.125,1.375,2.0
5,55,-1,14,2,5,2.0,1.0,0.5,0,0,0,0,5.749999999999999,35.5,55.75,0.5,0.0,1.25,1.5
5,56,1,8,4,4,4.0,2.0,0.25,0,0,0,0,7.5,34.0,57.0,0.5,0.0,0.5,2.0
5,57,-1,7,1,3,0.0,0.0,1.0,0,0,0,0,6.625000000000001,31.5,58.625,0.125,0.125,0.625,1.5
5,58,1,6,2,2,2.0,1.0,0.5,0,0,0,0,5.375,35.0,60.375,0.125,0.125,0.375,1.0
5,60,1,49,1,1,0.0,0.0,1.0,0,0,0,0,10.749999999999998,38.5,62.25,0.0,0.0,0.25,0.5
6,0,1,26,4,60,4.0,2.0,0.25,246196,61549,1,1,0.0,0.0,4.0,0.0,0.0,0.0,0.0
6,1,-1,20,3,59,2.2346638063499955,1.584962500721156,0.6374122693007538,61549,39233,1,1,1.1249999999999998,2.5000000000000004,4.125,0.125,0.125,0.125,0.5
6,2,1,45,5,58,3.163512262897709,2.321928094887362,0.5580304806565064,39233,21895,1,1,0.0,5.000000000000001,4.5,0.5,0.0,0.0,1.0
6,3,-1,44,4,57,2.103144733480561,2.0,0.9310014155897529,21895,20387,1,1,1.2500000000000002,3.5,4.75,0.5,0.0,0.25,1.5
6,4,1,37,6,56,2.6054103945613796,2.584962500721156,0.985926569808353,24153,23818,1,1,0.37499999999999994,5.999999999999999,5.375,0.125,0.125,0.375,2.0
6,5,-1,34,6,55,2.6477749628479907,2.584962500721156,0.9573959032907992,23818,22808,1,1,1.2500000000000002,3.5,6.25,0.5,0.0,0.75,1.5
6,6,1,29,11,54,4.9007946638892435,3.4594316186372973,0.36821924970589515,22940,8450,1,1,0.37499999999999994,5.999999999999999,7.375,0.125,0.125,0.375,2.0
6,7,-1,18,5,53,8.62605014778356,2.321928094887362,0.012655233589591957,8450,106,1,1,4.25,3.5,8.75,0.0,0.5,0.25,1.5
6,8,1,43,12,52,4.075288127304237,3.584962500721156,0.711864406779661,106,83,1,1,4.499999999999999,7.000000000000001,9.5,0.0,0.5,1.0,1.0
6,9,-1,30,5,51,3.6683785089087935,2.321928094887362,0.39325842696629215,84,34,1,1,4.125000000000001,8.5,11.125,0.125,0.125,1.125,0.5
6,10,1,19,9,50,3.738208761016838,3.169925001442312,0.6744186046511628,34,28,1,1,0.25,11.0,11.25,0.25,0.25,1.25,1.0
6,11,-1,12,7,49,4.129283016944966,2.807354922057604,0.4,28,13,1,1,4.125000000000001,6.499999999999999,13.125,0.125,0.125,1.125,0.5
6,12,1,22,13,48,5.400879436282184,3.700439718141092,0.3076923076923077,13,7,1,1,5.000000000000001,9.0,13.5,0.0,0.0,1.5,1.0
6,13,-1,46,7,47,4.029747343394052,2.807354922057604,0.42857142857142855,7,5,1,1,4.625,11.5,13.625,0.125,0.125,1.625,1.5
6,14,1,31,13,46,7.870364719583405,3.700439718141092,0.05555555555555555,5,0,1,0,2.0000000000000004,11.999999999999998,14.0,0.0,0.5,1.5,2.0
6,15,-1,38,8,45,6.0,3.0,0.125,0,0,0,0,1.6249999999999998,12.500000000000002,14.125,0.125,0.625,1.625,2.5
6,16,1,21,12,44,7.169925001442312,3.584962500721156,0.08333333333333333,0,0,0,0,3.2499999999999996,11.0,14.75,0.25,0.75,1.25,3.0
6,17,-1,23,8,43,6.0,3.0,0.125,0,0,0,0,4.499999999999999,13.5,16.0,0.25,0.75,0.5,3.5
6,18,1,39,16,42,8.0,4.0,0.0625,0,0,0,0,5.125000000000001,14.0,16.125,0.375,0.875,0.625,4.0
6,19,-1,50,7,41,5.614709844115208,2.807354922057604,0.14285714285714285,0,0,0,0,5.5,14.500000000000002,16.5,0.25,1.25,0.5,4.5
6,20,1,47,18,40,8.339850002884624,4.169925001442312,0.05555555555555555,0,0,0,0,5.125000000000001,12.999999999999998,17.125,0.375,0.875,0.625,5.0
6,21,-1,42,6,39,5.169925001442312,2.584962500721156,0.16666666666666666,0,0,0,0,4.0,13.5,17.5,0.25,1.25,0.5,5.5
6,22,1,15,13,38,7.400879436282184,3.700439718141092,0.07692307692307693,0,0,0,0,4.750000000000001,12.999999999999998,19.25,0.25,1.25,0.25,5.0
6,23,-1,52,4,37,4.0,2.0,0.25,0,0,0,0,5.375,13.5,19.375,0.375,1.375,0.375,5.5
6,24,1,13,13,36,7.400879436282184,3.700439718141092,0.07692307692307693,0,0,0,0,7.749999999999999,11.999999999999998,20.25,0.25,1.25,0.25,6.0
6,25,-1,54,4,35,4.0,2.0,0.25,0,0,0,0,3.1250000000000004,19.500000000000004,21.125,0.625,1.125,0.625,5.5
6,26,1,4,18,34,8.339850002884624,4.169925001442312,0.05555555555555555,0,0,0,0,4.375,17.999999999999996,21.375,0.625,1.125,0.875,6.0
6,27,-1,5,4,33,4.0,2.0,0.25,0,0,0,0,5.5,18.5,22.0,0.75,0.75,1.0,6.5
6,28,1,6,16,32,8.0,4.0,0.0625,0,0,0,0,11.125,11.0,22.625,0.875,0.375,1.125,7.0
6,29,-1,11,3,31,3.169925001442312,1.584962500721156,0.3333333333333333,0,0,0,0,12.999999999999998,13.5,23.0,0.75,0.25,1.5,7.5
6,30,1,53,16,30,8.0,4.0,0.0625,0,0,0,0,16.625,11.0,24.125,0.875,0.375,1.625,7.0
6,31,-1,62,3,29,3.169925001442312,1.584962500721156,0.3333333333333333,0,0,0,0,7.249999999999999,19.500000000000004,25.25,0.5,0.5,1.25,7.5
6,32,1,60,15,28,7.813781191217037,3.9068905956085187,0.06666666666666667,0,0,0,0,5.875000000000001,20.000000000000004,25.875,0.625,0.625,0.875,8.0
6,33,-1,61,4,27,4.0,2.0,0.25,0,0,0,0,6.75,26.500000000000004,26.75,0.5,0.5,0.75,8.5
6,34,1,59,14,26,7.614709844115208,3.807354922057604,0.07142857142857142,0,0,0,0,5.125000000000001,25.0,27.625,0.375,0.375,0.625,9.0
6,35,-1,51,4,25,4.0,2.0,0.25,0,0,0,0,7.249999999999999,26.500000000000004,28.75,0.5,0.5,0.75,8.5
6,36,1,58,12,24,7.169925001442312,3.584962500721156,0.08333333333333333,0,0,0,0,5.125000000000001,25.999999999999996,30.125,0.375,0.875,0.625,8.0
6,37,-1,57,3,23,3.169925001442312,1.584962500721156,0.3333333333333333,0,0,0,0,6.25,23.500000000000004,31.25,0.5,1.0,0.75,7.5
6,38,1,3,11,22,6.918863237274595,3.4594316186372973,0.09090909090909091,0,0,0,0,2.125,28.999999999999996,32.125,0.375,1.375,1.125,7.0
6,39,-1,14,1,21,0.0,0.0,1.0,0,0,0,0,4.499999999999999,30.500000000000004,33.5,0.25,1.75,1.0,6.5
6,40,1,17,8,20,6.0,3.0,0.125,0,0,0,0,4.25,27.0,34.25,0.25,1.75,0.75,7.0
6,41,-1,8,6,19,5.169925001442312,2.584962500721156,0.16666666666666666,0,0,0,0,5.125000000000001,26.500000000000004,35.625,0.625,1.625,0.625,6.5
6,42,1,25,7,18,5.614709844115208,2.807354922057604,0.14285714285714285,0,0,0,0,3.7500000000000004,27.0,36.75,0.75,1.25,0.25,7.0
6,43,-1,2,6,17,5.169925001442312,2.584962500721156,0.16666666666666666,0,0,0,0,4.375,26.500000000000004,38.375,0.875,0.875,0.375,6.5
6,44,1,1,9,16,6.339850002884624,3.169925001442312,0.1111111111111111,0,0,0,0,4.25,20.000000000000004,39.75,0.75,1.25,0.25,6.0
6,45,-1,16,6,15,5.169925001442312,2.584962500721156,0.16666666666666666,0,0,0,0,4.625,23.500000000000004,41.125,0.625,1.625,0.125,5.5
6,46,1,55,8,14,6.0,3.0,0.125,0,0,0,0,5.25,22.999999999999996,42.75,0.75,1.25,0.25,5.0
6,47,-1,10,1,13,0.0,0.0,1.0,0,0,0,0,1.375,28.5,44.375,0.875,0.875,0.375,4.5
6,48,1,32,6,12,5.169925001442312,2.584962500721156,0.16666666666666666,0,0,0,0,6.499999999999999,32.00000000000001,46.0,0.5,1.0,0.5,4.0
6,49,-1,33,2,11,2.0,1.0,0.5,0,0,0,0,7.125,29.5,47.625,0.625,0.625,0.625,3.5
6,50,1,41,5,10,4.643856189774724,2.321928094887362,0.2,0,0,0,0,5.999999999999999,27.0,49.5,0.5,0.5,0.5,3.0
6,51,-1,48,2,9,2.0,1.0,0.5,0,0,0,0,2.3749999999999996,36.5,51.375,0.375,0.375,0.375,2.5
6,52,1,24,5,8,4.643856189774724,2.321928094887362,0.2,0,0,0,0,4.25,36.0,53.25,0.25,0.25,0.25,2.0
6,53,-1,40,3,7,3.169925001442312,1.584962500721156,0.3333333333333333,0,0,0,0,9.625,33.5,55.125,0.125,0.125,0.125,1.5
6,54,1,7,2,6,2.0,1.0,0.5,0,0,0,0,4.499999999999999,42.99999999999999,57.0,0.0,0.0,0.0,1.0
6,55,-1,9,2,5,2.0,1.0,0.5,0,0,0,0,8.75,41.50000000000001,57.25,0.0,0.0,0.25,1.5
6,56,1,0,2,4,2.0,1.0,0.5,0,0,0,0,5.999999999999999,42.99999999999999,58.5,0.0,0.0,0.5,1.0
6,57,-1,49,1,3,0.0,0.0,1.0,0,0,0,0,8.75,41.50000000000001,59.25,0.0,0.0,0.25,1.5
6,58,1,56,1,2,0.0,0.0,1.0,0,0,0,0,4.499999999999999,45.00000000000001,61.0,0.0,0.0,0.0,1.0
6,60,1,63,1,1,0.0,0.0,1.0,0,0,0,0,20.75,26.500000000000004,62.25,0.0,0.0,0.25,0.5
7,0,1,19,4,60,4.0,2.0,0.25,246196,61549,1,1,0.0,0.0,4.0,0.0,0.0,0.0,0.0
7,1,-1,34,3,59,2.2346638063499955,1.584962500721156,0.6374122693007538,61549,39233,1,1,1.1249999999999998,2.5000000000000004,4.125,0.125,0.125,0.125,0.5
7,2,1,43,5,58,4.496253552987338,2.321928094887362,0.2215454406442734,39233,8692,1,1,0.0,5.000000000000001,4.5,0.5,0.0,0.0,1.0
7,3,-1,20,4,57,2.0405471857299635,2.0,0.9722861085556578,8692,8454,1,1,1.1249999999999998,3.5,5.125,0.125,0.125,0.125,1.5
7,4,1,33,5,56,7.9087678828491885,2.321928094887362,0.02080624187256177,8454,175,1,1,1.0,5.000000000000001,6.0,0.0,0.5,0.5,1.0
7,5,-1,11,8,55,6.930737337562887,3.0,0.06557377049180328,175,11,1,1,1.6249999999999998,5.5,6.125,0.125,0.625,0.625,1.5
7,6,1,37,5,54,4.409390936137702,2.321928094887362,0.23529411764705882,12,3,1,1,1.0,5.999999999999999,6.5,0.5,0.5,0.5,2.0
7,7,-1,45,6,53,4.754887502163468,2.584962500721156,0.2222222222222222,3,1,1,1,0.12500000000000003,8.5,7.625,0.625,0.125,0.125,2.5
7,8,1,53,6,52,5.39231742277876,2.584962500721156,0.14285714285714285,1,0,1,0,1.375,7.000000000000001,7.875,0.625,0.125,0.375,3.0
7,9,-1,51,8,51,6.0,3.0,0.125,0,0,0,0,1.4999999999999998,7.5,8.0,0.75,0.25,0.5,3.5
7,10,1,52,4,50,4.0,2.0,0.25,0,0,0,0,4.625,4.0,8.625,0.375,0.375,0.625,4.0
7,11,-1,50,6,49,5.169925001442312,2.584962500721156,0.16666666666666666,0,0,0,0,4.499999999999999,7.5,9.5,0.75,0.75,0.5,3.5
7,12,1,10,4,48,4.0,2.0,0.25,0,0,0,0,4.375,5.999999999999999,9.875,0.625,1.125,0.375,4.0
7,13,-1,29,10,47,6.643856189774724,3.321928094887362,0.1,0,0,0,0,1.4999999999999998,7.5,10.5,0.75,1.75,0.5,3.5
7,14,1,21,7,46,5.614709844115208,2.807354922057604,0.14285714285714285,0,0,0,0,4.375,7.000000000000001,11.875,0.625,1.625,0.875,3.0
7,15,-1,12,14,45,7.614709844115208,3.807354922057604,0.07142857142857142,0,0,0,0,7.125,7.5,12.625,0.625,1.625,0.625,3.5
7,16,1,26,10,44,6.643856189774724,3.321928094887362,0.1,0,0,0,0,5.749999999999999,5.000000000000001,13.75,0.25,2.25,0.75,3.0
7,17,-1,30,13,43,7.400879436282184,3.700439718141092,0.07692307692307693,0,0,0,0,2.3749999999999996,8.5,15.375,0.375,2.375,0.375,2.5
7,18,1,44,14,42,7.614709844115208,3.807354922057604,0.07142857142857142,0,0,0,0,1.7500000000000002,10.000000000000002,16.75,0.75,1.75,0.75,2.0
7,19,-1,42,12,41,7.169925001442312,3.584962500721156,0.08333333333333333,0,0,0,0,6.625000000000001,5.5,18.625,0.625,1.625,0.625,1.5
7,20,1,22,14,40,7.614709844115208,3.807354922057604,0.07142857142857142,0,0,0,0,2.875,5.000000000000001,19.875,0.625,1.625,0.875,1.0
7,21,-1,18,16,39,8.0,4.0,0.0625,0,0,0,0,5.749999999999999,9.499999999999998,20.75,1.0,1.0,0.75,1.5
7,22,1,5,18,38,8.339850002884624,4.169925001442312,0.05555555555555555,0,0,0,0,1.4999999999999998,15.000000000000002,22.5,1.0,1.0,0.5,1.0
7,23,-1,4,18,37,8.339850002884624,4.169925001442312,0.05555555555555555,0,0,0,0,1.1249999999999998,17.5,22.625,1.125,1.125,0.625,1.5
7,24,1,3,16,36,8.0,4.0,0.0625,0,0,0,0,1.2500000000000002,14.0,22.75,1.25,1.25,0.75,2.0
7,25,-1,38,14,35,7.614709844115208,3.807354922057604,0.07142857142857142,0,0,0,0,1.6249999999999998,14.500000000000002,23.125,1.125,1.625,0.625,2.5
7,26,1,13,15,34,7.813781191217037,3.9068905956085187,0.06666666666666667,0,0,0,0,4.25,12.999999999999998,24.75,0.75,1.25,0.25,3.0
7,27,-1,46,15,33,7.813781191217037,3.9068905956085187,0.06666666666666667,0,0,0,0,3.375,16.500000000000004,25.875,0.375,1.875,0.375,2.5
7,28,1,47,14,32,7.614709844115208,3.807354922057604,0.07142857142857142,0,0,0,0,5.25,17.0,27.25,0.25,1.25,0.25,3.0
7,29,-1,39,16,31,8.0,4.0,0.0625,0,0,0,0,5.125000000000001,19.500000000000004,27.625,0.625,1.125,0.125,3.5
7,30,1,31,12,30,7.169925001442312,3.584962500721156,0.08333333333333333,0,0,0,0,3.7500000000000004,20.000000000000004,28.25,0.75,0.75,0.25,4.0
7,31,-1,24,13,29,7.400879436282184,3.700439718141092,0.07692307692307693,0,0,0,0,7.625000000000001,20.500000000000004,29.125,0.625,0.625,0.125,4.5
7,32,1,59,12,28,7.169925001442312,3.584962500721156,0.08333333333333333,0,0,0,0,4.750000000000001,23.999999999999996,30.25,0.75,0.75,0.25,4.0
7,33,-1,15,11,27,6.918863237274595,3.4594316186372973,0.09090909090909091,0,0,0,0,6.125,21.5,31.625,1.125,0.625,0.125,3.5
7,34,1,23,13,26,7.400879436282184,3.700439718141092,0.07692307692307693,0,0,0,0,6.25,20.000000000000004,31.75,1.25,0.75,0.25,4.0
7,35,-1,55,10,25,6.643856189774724,3.321928094887362,0.1,0,0,0,0,7.375,20.500000000000004,32.375,0.875,0.875,0.375,4.5
7,36,1,17,10,24,6.643856189774724,3.321928094887362,0.1,0,0,0,0,4.750000000000001,19.000000000000004,32.75,0.75,1.25,0.25,5.0
7,37,-1,25,13,23,7.400879436282184,3.700439718141092,0.07692307692307693,0,0,0,0,5.875000000000001,20.500000000000004,34.375,0.875,0.875,0.375,4.5
7,38,1,40,8,22,6.0,3.0,0.125,0,0,0,0,6.25,17.999999999999996,36.25,0.75,0.75,0.25,4.0
7,39,-1,32,14,21,7.614709844115208,3.807354922057604,0.07142857142857142,0,0,0,0,8.125,19.500000000000004,37.125,0.625,1.125,0.625,3.5
7,40,1,16,6,20,5.169925001442312,2.584962500721156,0.16666666666666666,0,0,0,0,5.749999999999999,21.0,38.75,0.25,1.25,0.75,3.0
7,41,-1,41,12,19,7.169925001442312,3.584962500721156,0.08333333333333333,0,0,0,0,9.875,26.500000000000004,39.875,0.375,1.875,0.375,2.5
7,42,1,58,5,18,4.643856189774724,2.321928094887362,0.2,0,0,0,0,8.75,25.999999999999996,41.75,0.25,1.75,0.25,2.0
7,43,-1,61,12,17,7.169925001442312,3.584962500721156,0.08333333333333333,0,0,0,0,14.125,23.500000000000004,43.125,0.625,1.125,0.625,1.5
7,44,1,54,4,16,4.0,2.0,0.25,0,0,0,0,9.249999999999998,28.000000000000004,44.75,0.25,0.75,0.25,2.0
7,45,-1,62,10,15,6.643856189774724,3.321928094887362,0.1,0,0,0,0,16.500000000000004,22.5,45.0,0.25,0.75,0.5,2.5
7,46,1,48,3,14,3.169925001442312,1.584962500721156,0.3333333333333333,0,0,0,0,14.625000000000002,25.0,45.625,0.375,0.375,0.625,3.0
7,47,-1,2,8,13,6.0,3.0,0.125,0,0,0,0,16.500000000000004,24.5,46.5,0.75,0.75,0.5,2.5
7,48,1,1,2,12,2.0,1.0,0.5,0,0,0,0,13.375,28.000000000000004,48.375,0.625,0.625,0.375,2.0
7,49,-1,8,7,11,5.614709844115208,2.807354922057604,0.14285714285714285,0,0,0,0,13.5,31.5,49.5,1.25,0.25,0.5,1.5
7,50,1,0,3,10,3.169925001442312,1.584962500721156,0.3333333333333333,0,0,0,0,10.875,28.999999999999996,50.875,0.625,0.625,0.875,1.0
7,51,-1,9,6,9,5.169925001442312,2.584962500721156,0.16666666666666666,0,0,0,0,10.625000000000002,31.5,51.125,0.625,0.625,1.125,1.5
7,52,1,60,1,8,0.0,0.0,1.0,0,0,0,0,8.875,30.999999999999996,51.875,0.625,0.625,1.875,1.0
7,53,-1,63,5,7,4.643856189774724,2.321928094887362,0.2,0,0,0,0,11.250000000000002,32.5,53.75,0.5,0.5,1.75,0.5
7,55,-1,57,4,6,4.0,2.0,0.25,0,0,0,0,11.999999999999998,32.00000000000001,54.5,0.5,0.5,2.5,0.0
7,56,1,49,1,5,0.0,0.0,1.0,0,0,0,0,9.625,38.5,56.125,0.125,0.125,2.125,0.5
7,57,-1,56,3,4,3.169925001442312,1.584962500721156,0.3333333333333333,0,0,0,0,10.375000000000002,36.99999999999999,57.375,0.125,0.125,1.375,1.0
7,59,-1,14,2,3,2.0,1.0,0.5,0,0,0,0,13.625,39.5,58.625,0.125,0.125,0.625,1.5
7,60,1,6,1,2,0.0,0.0,1.0,0,0,0,0,15.375000000000002,41.0,60.375,0.125,0.125,0.375,1.0
8,0,1,26,4,60,4.0,2.0,0.25,246196,61549,1,1,0.0,0.0,4.0,0.0,0.0,0.0,0.0
8,1,-1,20,3,59,2.2346638063499955,1.584962500721156,0.6374122693007538,61549,39233,1,1,1.1249999999999998,2.5000000000000004,4.125,0.125,0.125,0.125,0.5
8,2,1,45,5,58,3.163512262897709,2.321928094887362,0.5580304806565064,39233,21895,1,1,0.0,5.000000000000001,4.5,0.5,0.0,0.0,1.0
8,3,-1,44,4,57,2.103144733480561,2.0,0.9310014155897529,21895,20387,1,1,1.2500000000000002,3.5,4.75,0.5,0.0,0.25,1.5
8,4,1,21,6,56,10.27487089991564,2.584962500721156,0.004842915683596175,24153,116,1,1,0.37499999999999994,5.999999999999999,5.375,0.125,0.125,0.375,2.0
8,5,-1,34,6,55,2.8574883555322477,2.584962500721156,0.8278688524590164,116,100,1,1,2.125,4.499999999999999,6.125,0.125,0.125,0.125,2.5
8,6,1,19,7,54,3.482732718000979,2.807354922057604,0.6261682242990654,100,66,1,1,2.5000000000000004,5.000000000000001,7.0,0.0,0.0,0.0,3.0
8,7,-1,29,10,53,4.360402242701998,3.321928094887362,0.4868421052631579,66,36,1,1,2.125,6.499999999999999,8.125,0.125,0.125,0.125,2.5
8,8,1,38,9,52,3.7865963618908065,3.169925001442312,0.6521739130434783,37,29,1,1,5.000000000000001,4.0,9.5,0.5,0.0,0.0,2.0
8,9,-1,10,12,51,5.772589503896928,3.584962500721156,0.21951219512195122,29,8,1,1,5.625,6.499999999999999,9.625,0.625,0.125,0.125,2.5
8,10,1,18,7,50,5.714245517666123,2.807354922057604,0.13333333333333333,8,1,1,1,5.25,5.000000000000001,9.75,0.75,0.25,0.25,3.0
8,11,-1,37,9,49,5.491853096329674,3.169925001442312,0.2,1,1,1,1,2.9999999999999996,6.499999999999999,11.0,0.75,0.25,0.5,2.5
8,12,1,52,9,48,5.491853096329674,3.169925001442312,0.2,1,1,1,1,3.6250000000000004,10.000000000000002,12.625,0.375,0.375,0.625,2.0
8,13,-1,11,7,47,4.807354922057604,2.807354922057604,0.25,1,1,1,1,5.000000000000001,8.5,13.0,0.25,0.25,1.0,2.5
8,14,1,12,9,46,5.491853096329674,3.169925001442312,0.2,1,1,1,1,2.625,14.0,13.625,0.375,0.375,1.625,2.0
8,15,-1,30,11,45,6.044394119358453,3.4594316186372973,0.16666666666666666,1,1,1,1,4.0,12.500000000000002,14.5,0.25,0.75,1.0,2.5
8,16,1,31,14,44,7.714245517666123,3.807354922057604,0.06666666666666667,1,0,1,0,3.6250000000000004,9.0,15.625,0.375,0.375,0.625,3.0
8,17,-1,53,9,43,6.339850002884624,3.169925001442312,0.1111111111111111,0,0,0,0,5.749999999999999,11.5,15.75,0.5,0.5,0.75,3.5
8,18,1,41,14,42,7.614709844115208,3.807354922057604,0.07142857142857142,0,0,0,0,3.1250000000000004,15.000000000000002,16.125,0.875,0.875,1.125,3.0
8,19,-1,33,14,41,7.614709844115208,3.807354922057604,0.07142857142857142,0,0,0,0,3.7500000000000004,13.5,16.75,1.5,0.5,0.75,3.5
8,20,1,3,15,40,7.813781191217037,3.9068905956085187,0.06666666666666667,0,0,0,0,2.125,17.0,18.125,1.875,0.375,0.625,3.0
8,21,-1,17,13,39,7.400879436282184,3.700439718141092,0.07692307692307693,0,0,0,0,4.0,15.5,18.5,2.25,0.25,0.5,3.5
8,22,1,2,14,38,7.614709844115208,3.807354922057604,0.07142857142857142,0,0,0,0,4.375,14.0,19.375,1.625,0.125,0.875,4.0
8,23,-1,13,14,37,7.614709844115208,3.807354922057604,0.07142857142857142,0,0,0,0,4.0,16.500000000000004,19.5,1.75,0.25,1.0,4.5
8,24,1,16,13,36,7.400879436282184,3.700439718141092,0.07692307692307693,0,0,0,0,6.125,17.0,20.625,1.375,0.375,0.625,5.0
8,25,-1,43,14,35,7.614709844115208,3.807354922057604,0.07142857142857142,0,0,0,0,6.499999999999999,17.5,21.0,1.25,0.25,1.0,5.5
8,26,1,42,11,34,6.918863237274595,3.4594316186372973,0.09090909090909091,0,0,0,0,8.875,15.000000000000002,22.875,1.125,0.125,0.875,5.0
8,27,-1,25,16,33,8.0,4.0,0.0625,0,0,0,0,3.6250000000000004,18.5,24.625,1.125,0.125,0.625,4.5
8,28,1,51,10,32,6.643856189774724,3.321928094887362,0.1,0,0,0,0,6.75,16.0,26.25,0.75,0.25,0.75,4.0
8,29,-1,5,13,31,7.400879436282184,3.700439718141092,0.07692307692307693,0,0,0,0,3.1250000000000004,17.5,28.125,0.625,0.125,0.625,3.5
8,30,1,24,10,30,6.643856189774724,3.321928094887362,0.1,0,0,0,0,1.7500000000000002,22.0,28.75,0.75,0.25,0.25,4.0
8,31,-1,46,14,29,7.614709844115208,3.807354922057604,0.07142857142857142,0,0,0,0,6.875,18.5,29.375,0.375,0.375,0.375,4.5
8,32,1,4,8,28,6.0,3.0,0.125,0,0,0,0,6.25,23.999999999999996,30.75,0.25,0.25,0.75,4.0
8,33,-1,23,15,27,7.813781191217037,3.9068905956085187,0.06666666666666667,0,0,0,0,14.125,16.500000000000004,31.625,0.125,0.125,0.625,4.5
8,34,1,47,9,26,6.339850002884624,3.169925001442312,0.1111111111111111,0,0,0,0,10.5,19.000000000000004,32.5,0.0,0.0,0.5,5.0
8,35,-1,1,14,25,7.614709844115208,3.807354922057604,0.07142857142857142,0,0,0,0,12.125,14.500000000000002,33.625,0.125,0.125,0.625,4.5
8,36,1,39,10,24,6.643856189774724,3.321928094887362,0.1,0,0,0,0,9.75,12.999999999999998,33.75,0.25,0.25,0.75,5.0
8,37,-1,22,11,23,6.918863237274595,3.4594316186372973,0.09090909090909091,0,0,0,0,16.375000000000004,8.5,34.875,0.375,0.375,0.875,4.5
8,38,1,61,8,22,6.0,3.0,0.125,0,0,0,0,14.0,14.0,36.5,0.5,0.5,0.5,4.0
8,39,-1,40,10,21,6.643856189774724,3.321928094887362,0.1,0,0,0,0,13.875,17.5,37.875,0.375,0.375,0.875,3.5
8,40,1,9,5,20,4.643856189774724,2.321928094887362,0.2,0,0,0,0,11.999999999999998,17.0,39.5,0.5,0.5,0.5,3.0
8,41,-1,32,11,19,6.918863237274595,3.4594316186372973,0.09090909090909091,0,0,0,0,13.25,15.5,39.75,0.5,0.5,0.75,3.5
8,42,1,15,4,18,4.0,2.0,0.25,0,0,0,0,8.125,22.999999999999996,41.125,0.375,0.875,0.625,3.0
8,43,-1,58,11,17,6.918863237274595,3.4594316186372973,0.09090909090909091,0,0,0,0,8.5,25.499999999999996,41.5,0.75,0.75,0.5,3.5
8,44,1,50,6,16,5.169925001442312,2.584962500721156,0.16666666666666666,0,0,0,0,9.375,25.0,43.375,0.625,0.625,0.375,3.0
8,45,-1,60,9,15,6.339850002884624,3.169925001442312,0.1111111111111111,0,0,0,0,11.250000000000002,24.5,45.25,0.5,0.5,0.25,2.5
8,46,1,59,5,14,4.643856189774724,2.321928094887362,0.2,0,0,0,0,12.375,22.0,46.875,0.625,0.125,0.375,2.0
8,47,-1,62,7,13,5.614709844115208,2.807354922057604,0.14285714285714285,0,0,0,0,12.750000000000002,25.499999999999996,48.75,0.5,0.0,0.25,1.5
8,48,1,49,5,12,4.643856189774724,2.321928094887362,0.2,0,0,0,0,10.875,21.0,49.375,1.125,0.125,0.375,1.0
8,49,-1,56,7,11,5.614709844115208,2.807354922057604,0.14285714285714285,0,0,0,0,10.625000000000002,23.500000000000004,50.125,1.125,0.125,0.125,1.5
8,50,1,57,5,10,4.643856189774724,2.321928094887362,0.2,0,0,0,0,6.875,22.0,50.375,1.125,0.125,0.375,2.0
8,51,-1,48,5,9,4.643856189774724,2.321928094887362,0.2,0,0,0,0,7.749999999999999,22.5,51.25,0.5,0.5,0.25,2.5
8,52,1,63,3,8,3.169925001442312,1.584962500721156,0.3333333333333333,0,0,0,0,4.875000000000001,23.999999999999996,52.375,1.125,0.125,0.375,2.0
8,53,-1,54,4,7,4.0,2.0,0.25,0,0,0,0,4.625,34.5,53.125,1.125,0.125,0.125,2.5
8,54,1,14,1,6,0.0,0.0,1.0,0,0,0,0,11.875,34.0,54.375,1.125,0.125,0.375,2.0
8,55,-1,55,5,5,4.643856189774724,2.321928094887362,0.2,0,0,0,0,12.125,37.5,56.125,1.125,0.125,0.125,1.5
8,57,-1,6,4,4,4.0,2.0,0.25,0,0,0,0,11.5,40.00000000000001,57.5,0.5,0.0,0.0,2.0
8,59,-1,7,3,3,3.169925001442312,1.584962500721156,0.3333333333333333,0,0,0,0,18.625,31.5,59.125,0.125,0.125,0.125,1.5
8,61,-1,0,2,2,2.0,1.0,0.5,0,0,0,0,19.874999999999996,28.999999999999996,60.375,0.125,0.125,0.375,1.0
8,62,1,8,1,1,0.0,0.0,1.0,0,0,0,0,23.625,28.5,62.125,0.125,0.125,0.125,0.5
9,0,1,19,4,60,4.0,2.0,0.25,246196,61549,1,1,0.0,0.0,4.0,0.0,0.0,0.0,0.0
9,1,-1,34,3,59,2.2346638063499955,1.584962500721156,0.6374122693007538,61549,39233,1,1,1.1249999999999998,2.5000000000000004,4.125,0.125,0.125,0.125,0.5
9,2,1,45,5,58,3.163512262897709,2.321928094887362,0.5580304806565064,39233,21895,1,1,0.0,5.000000000000001,4.5,0.5,0.0,0.0,1.0
9,3,-1,37,4,57,2.103144733480561,2.0,0.9310014155897529,21895,20387,1,1,1.2500000000000002,3.5,4.75,0.5,0.0,0.25,1.5
9,4,1,44,6,56,2.6054103945613796,2.584962500721156,0.985926569808353,24153,23818,1,1,0.37499999999999994,5.999999999999999,5.375,0.125,0.125,0.375,2.0
9,5,-1,20,6,55,2.6477749628479907,2.584962500721156,0.9573959032907992,23818,22808,1,1,1.2500000000000002,3.5,6.25,0.5,0.0,0.75,1.5
9,6,1,18,11,54,4.404483371249184,3.4594316186372973,0.5194109189142085,22940,11920,1,1,0.37499999999999994,5.999999999999999,7.375,0.125,0.125,0.375,2.0
9,7,-1,21,7,53,3.46353247264359,2.807354922057604,0.6345573440643864,11921,7568,1,1,2.125,3.5,8.125,0.125,0.125,1.125,1.5
9,8,1,12,11,52,7.140052489188651,3.4594316186372973,0.07798708997497036,7580,591,1,1,0.37499999999999994,2.0000000000000004,9.375,0.125,0.125,0.375,2.0
9,9,-1,13,7,51,3.709428501368347,2.807354922057604,0.5351170568561873,591,319,1,1,1.4999999999999998,4.499999999999999,9.5,0.25,0.25,0.5,2.5
9,10,1,26,10,50,3.6124095060659798,3.321928094887362,0.817629179331307,319,268,1,1,0.6250000000000001,7.000000000000001,9.625,0.375,0.375,0.625,3.0
9,11,-1,53,9,49,3.450777153326759,3.169925001442312,0.8231046931407943,268,227,1,1,4.499999999999999,4.499999999999999,11.0,0.25,0.25,1.0,2.5
9,12,1,22,11,48,4.830687425888228,3.4594316186372973,0.3865546218487395,227,91,1,1,4.875000000000001,7.000000000000001,11.375,0.125,0.625,0.875,3.0
9,13,-1,29,8,47,3.3814291066360243,3.0,0.7676767676767676,91,75,1,1,5.000000000000001,7.5,12.0,0.25,0.25,1.0,3.5
9,14,1,30,11,46,3.695871814459378,3.4594316186372973,0.8488372093023255,75,72,1,1,4.625,7.000000000000001,13.625,0.375,0.375,0.625,3.0
9,15,-1,43,7,45,3.4387103282632117,2.807354922057604,0.6455696202531646,72,50,1,1,8.000000000000002,7.5,14.0,0.25,0.25,1.0,3.5
9,16,1,42,13,44,4.0630097975258,3.700439718141092,0.7777777777777778,50,48,1,1,5.375,11.0,15.875,0.125,0.125,0.875,3.0
9,17,-1,25,9,43,4.144834020479482,3.169925001442312,0.5087719298245614,48,28,1,1,7.625000000000001,8.5,17.625,0.125,0.125,0.625,2.5
9,18,1,41,15,42,4.873723731673319,3.9068905956085187,0.5116279069767442,28,21,1,1,5.749999999999999,11.0,18.25,0.25,0.25,0.25,3.0
9,19,-1,17,9,41,4.491853096329674,3.169925001442312,0.4,21,11,1,1,7.125,8.5,19.125,0.625,0.125,0.625,2.5
9,20,1,33,14,40,4.866248611111173,3.807354922057604,0.48,11,11,1,1,2.75,12.999999999999998,20.25,0.25,0.25,0.25,3.0
9,21,-1,38,12,39,4.938599455335856,3.584962500721156,0.391304347826087,11,8,1,1,4.625,10.5,21.125,0.125,0.625,0.625,2.5
9,22,1,24,18,38,6.548436624696041,4.169925001442312,0.19230769230769232,8,4,1,1,1.7500000000000002,14.0,22.25,0.25,1.25,0.25,2.0
9,23,-1,32,13,37,6.787902559391432,3.700439718141092,0.11764705882352941,4,1,1,1,2.875,16.500000000000004,22.375,0.375,1.375,0.375,2.5
9,24,1,16,17,36,7.257387842692651,4.087462841250339,0.1111111111111111,1,1,1,1,1.2500000000000002,21.0,22.75,0.25,1.75,0.25,3.0
9,25,-1,51,15,35,6.906890595608519,3.9068905956085187,0.125,1,1,1,1,1.375,21.5,22.875,0.375,1.875,0.375,3.5
9,26,1,40,16,34,7.087462841250339,4.0,0.11764705882352941,1,1,1,1,0.25,25.0,24.25,0.75,1.25,0.75,3.0
9,27,-1,23,10,33,5.78135971352466,3.321928094887362,0.18181818181818182,1,1,1,1,1.6249999999999998,23.500000000000004,24.625,0.625,1.625,0.625,3.5
9,28,1,31,16,32,8.087462841250339,4.0,0.058823529411764705,1,0,1,0,0.7499999999999999,27.0,25.25,0.75,2.25,0.75,3.0
9,29,-1,39,9,31,6.339850002884624,3.169925001442312,0.1111111111111111,0,0,0,0,1.875,24.5,25.875,0.875,2.875,0.875,2.5
9,30,1,5,15,30,7.813781191217037,3.9068905956085187,0.06666666666666667,0,0,0,0,0.7499999999999999,28.000000000000004,26.75,0.75,3.75,0.75,2.0
9,31,-1,11,10,29,6.643856189774724,3.321928094887362,0.1,0,0,0,0,2.125,28.5,27.625,0.625,3.125,1.125,2.5
9,32,1,4,11,28,6.918863237274595,3.4594316186372973,0.09090909090909091,0,0,0,0,7.249999999999999,21.0,29.25,0.25,2.75,0.75,3.0
9,33,-1,2,9,27,6.339850002884624,3.169925001442312,0.1111111111111111,0,0,0,0,8.375,21.5,30.375,0.375,1.875,0.875,3.5
9,34,1,50,10,26,6.643856189774724,3.321928094887362,0.1,0,0,0,0,7.000000000000001,22.0,31.5,0.5,1.5,0.5,4.0
9,35,-1,49,7,25,5.614709844115208,2.807354922057604,0.14285714285714285,0,0,0,0,3.375,23.500000000000004,32.875,0.375,1.375,0.875,3.5
9,36,1,3,13,24,7.400879436282184,3.700439718141092,0.07692307692307693,0,0,0,0,1.1249999999999998,28.000000000000004,33.125,0.375,1.375,1.125,4.0
9,37,-1,6,7,23,5.614709844115208,2.807354922057604,0.14285714285714285,0,0,0,0,7.000000000000001,26.500000000000004,34.5,0.25,0.75,1.0,4.5
9,38,1,52,12,22,7.169925001442312,3.584962500721156,0.08333333333333333,0,0,0,0,6.625000000000001,25.0,34.625,0.375,0.875,1.125,5.0
9,39,-1,15,8,21,6.0,3.0,0.125,0,0,0,0,9.0,22.5,36.5,0.25,0.75,1.0,4.5
9,40,1,47,12,20,7.169925001442312,3.584962500721156,0.08333333333333333,0,0,0,0,4.875000000000001,27.0,36.875,0.125,0.625,1.375,5.0
9,41,-1,55,10,19,6.643856189774724,3.321928094887362,0.1,0,0,0,0,9.249999999999998,24.5,38.25,0.0,1.0,1.25,4.5
9,42,1,46,11,18,6.918863237274595,3.4594316186372973,0.09090909090909091,0,0,0,0,10.375000000000002,27.0,38.875,0.125,1.125,0.875,5.0
9,43,-1,60,9,17,6.339850002884624,3.169925001442312,0.1111111111111111,0,0,0,0,13.5,22.5,40.5,0.25,1.25,0.5,4.5
9,44,1,56,7,16,5.614709844115208,2.807354922057604,0.14285714285714285,0,0,0,0,9.125,25.999999999999996,42.125,0.375,0.875,0.625,4.0
9,45,-1,48,5,15,4.643856189774724,2.321928094887362,0.2,0,0,0,0,12.375,24.5,42.375,0.375,0.875,0.875,4.5
9,46,1,57,6,14,5.169925001442312,2.584962500721156,0.16666666666666666,0,0,0,0,11.250000000000002,20.000000000000004,43.25,0.25,1.25,1.25,4.0
9,47,-1,58,5,13,4.643856189774724,2.321928094887362,0.2,0,0,0,0,10.875,29.5,44.375,0.375,0.875,1.875,3.5
9,48,1,59,5,12,4.643856189774724,2.321928094887362,0.2,0,0,0,0,8.5,28.999999999999996,46.0,0.5,0.5,2.0,3.0
9,49,-1,61,6,11,5.169925001442312,2.584962500721156,0.16666666666666666,0,0,0,0,12.875,30.500000000000004,47.875,0.375,0.375,1.875,2.5
9,50,1,62,3,10,3.169925001442312,1.584962500721156,0.3333333333333333,0,0,0,0,9.249999999999998,30.0,49.75,0.25,0.25,1.75,2.0
9,51,-1,9,5,9,4.643856189774724,2.321928094887362,0.2,0,0,0,0,9.125,32.5,51.125,0.125,0.125,1.125,2.5
9,52,1,10,4,8,4.0,2.0,0.25,0,0,0,0,7.875,35.0,51.875,0.125,0.125,0.875,3.0
9,53,-1,1,4,7,4.0,2.0,0.25,0,0,0,0,9.75,32.5,53.75,0.0,0.0,0.75,2.5
9,54,1,0,4,6,4.0,2.0,0.25,0,0,0,0,7.375,44.0,55.375,0.125,0.125,0.375,2.0
9,55,-1,8,3,5,3.169925001442312,1.584962500721156,0.3333333333333333,0,0,0,0,9.125,44.5,56.125,0.125,0.125,0.125,2.5
9,56,1,7,3,4,3.169925001442312,1.584962500721156,0.3333333333333333,0,0,0,0,12.999999999999998,36.0,58.0,0.0,0.0,0.0,2.0
9,57,-1,14,2,3,2.0,1.0,0.5,0,0,0,0,8.25,23.500000000000004,59.25,0.0,0.0,0.25,1.5
9,58,1,63,2,2,2.0,1.0,0.5,0,0,0,0,7.5,22.999999999999996,60.5,0.0,0.0,0.5,1.0
9,59,-1,54,1,1,0.0,0.0,1.0,0,0,0,0,15.249999999999998,34.5,62.25,0.0,0.0,0.25,0.5
10,0,1,19,4,60,4.0,2.0,0.25,246196,61549,1,1,0.0,0.0,4.0,0.0,0.0,0.0,0.0
10,1,-1,18,3,59,3.090070792267306,1.584962500721156,0.35230374317650115,61549,21684,1,1,1.1249999999999998,2.5000000000000004,4.125,0.125,0.125,0.125,0.5
10,2,1,26,4,58,2.0238777851547174,2.0,0.9835853928439691,21684,21331,1,1,0.37499999999999994,1.0,4.375,0.125,0.125,0.375,1.0
10,3,-1,34,2,57,2.0,1.0,0.5,42662,21331,1,1,1.7500000000000002,3.5,4.75,0.0,0.0,0.75,1.5
10,4,1,45,9,56,7.189951911135342,3.169925001442312,0.06163839431749147,21390,1318,1,1,0.37499999999999994,5.999999999999999,5.375,0.125,0.125,0.375,2.0
10,5,-1,20,7,55,4.384715700045422,2.807354922057604,0.3350943396226415,1318,443,1,1,1.1249999999999998,5.5,6.125,0.125,0.125,1.125,1.5
10,6,1,42,6,54,2.698566609228016,2.584962500721156,0.9242761692650334,443,414,1,1,2.0000000000000004,8.000000000000002,7.0,0.0,0.0,1.0,2.0
10,7,-1,29,6,53,4.216254052497785,2.584962500721156,0.3227990970654628,437,142,1,1,3.2499999999999996,6.499999999999999,8.25,0.0,0.0,0.25,2.5
10,8,1,33,8,52,3.286304185156641,3.0,0.82,142,122,1,1,3.375,8.000000000000002,9.375,0.125,0.125,0.375,2.0
10,9,-1,41,7,51,3.326729081151184,2.807354922057604,0.6976744186046512,122,89,1,1,1.4999999999999998,10.5,9.5,0.25,0.25,0.5,2.5
10,10,1,11,9,50,4.740240726199067,3.169925001442312,0.336734693877551,89,32,1,1,3.6250000000000004,9.0,9.625,0.375,0.375,0.625,3.0
10,11,-1,37,13,49,8.192292814470767,3.700439718141092,0.044444444444444446,32,1,1,1,2.9999999999999996,7.5,10.0,0.75,0.25,0.5,3.5
10,12,1,43,13,48,6.507794640198696,3.700439718141092,0.14285714285714285,1,1,1,1,3.875,7.000000000000001,11.375,0.625,0.625,0.375,3.0
10,13,-1,25,13,47,7.507794640198696,3.700439718141092,0.07142857142857142,1,0,1,0,2.0000000000000004,10.5,13.0,0.75,0.25,0.5,2.5
10,14,1,10,14,46,7.614709844115208,3.807354922057604,0.07142857142857142,0,0,0,0,1.6249999999999998,11.0,13.625,0.375,0.375,0.625,3.0
10,15,-1,51,13,45,7.400879436282184,3.700439718141092,0.07692307692307693,0,0,0,0,2.5000000000000004,13.5,14.0,0.75,0.25,0.5,3.5
10,16,1,50,14,44,7.614709844115208,3.807354922057604,0.07142857142857142,0,0,0,0,0.875,14.0,14.875,0.625,0.125,0.375,4.0
10,17,-1,44,14,43,7.614709844115208,3.807354922057604,0.07142857142857142,0,0,0,0,2.9999999999999996,14.500000000000002,15.5,0.25,0.25,0.5,4.5
10,18,1,52,15,42,7.813781191217037,3.9068905956085187,0.06666666666666667,0,0,0,0,1.375,14.0,17.375,0.125,0.125,0.375,4.0
10,19,-1,61,14,41,7.614709844115208,3.807354922057604,0.07142857142857142,0,0,0,0,0.5000000000000001,15.5,18.5,0.25,0.25,0.5,3.5
10,20,1,53,13,40,7.400879436282184,3.700439718141092,0.07692307692307693,0,0,0,0,2.625,14.0,18.625,0.375,0.375,0.625,4.0
10,21,-1,17,13,39,7.400879436282184,3.700439718141092,0.07692307692307693,0,0,0,0,1.4999999999999998,9.499999999999998,19.5,0.75,0.75,0.5,3.5
10,22,1,16,15,38,7.813781191217037,3.9068905956085187,0.06666666666666667,0,0,0,0,2.625,14.0,20.625,0.375,0.375,0.625,4.0
10,23,-1,24,13,37,7.400879436282184,3.700439718141092,0.07692307692307693,0,0,0,0,1.4999999999999998,18.5,21.0,0.25,0.25,1.0,4.5
10,24,1,40,13,36,7.400879436282184,3.700439718141092,0.07692307692307693,0,0,0,0,2.125,15.000000000000002,21.125,0.375,0.375,1.125,5.0
10,25,-1,8,13,35,7.400879436282184,3.700439718141092,0.07692307692307693,0,0,0,0,3.2499999999999996,15.5,21.75,0.5,0.5,0.75,5.5
10,26,1,30,9,34,6.339850002884624,3.169925001442312,0.1111111111111111,0,0,0,0,3.375,16.0,21.875,0.625,0.625,0.875,6.0
10,27,-1,38,15,33,7.813781191217037,3.9068905956085187,0.06666666666666667,0,0,0,0,3.2499999999999996,19.500000000000004,23.25,1.0,0.5,0.75,5.5
10,28,1,13,10,32,6.643856189774724,3.321928094887362,0.1,0,0,0,0,3.375,17.0,24.875,0.625,0.625,0.875,5.0
10,29,-1,21,16,31,8.0,4.0,0.0625,0,0,0,0,2.75,16.500000000000004,26.25,0.5,1.0,0.75,4.5
10,30,1,22,9,30,6.339850002884624,3.169925001442312,0.1111111111111111,0,0,0,0,2.9999999999999996,20.000000000000004,28.0,0.5,1.0,0.5,4.0
10,31,-1,4,17,29,8.174925682500678,4.087462841250339,0.058823529411764705,0,0,0,0,4.625,15.5,29.625,0.625,0.625,0.625,3.5
10,32,1,32,10,28,6.643856189774724,3.321928094887362,0.1,0,0,0,0,5.000000000000001,17.999999999999996,30.0,1.0,0.5,0.5,4.0
10,33,-1,48,17,27,8.174925682500678,4.087462841250339,0.058823529411764705,0,0,0,0,4.625,16.500000000000004,30.625,0.625,0.625,0.625,4.5
10,34,1,47,10,26,6.643856189774724,3.321928094887362,0.1,0,0,0,0,4.499999999999999,22.999999999999996,31.0,0.5,1.0,0.5,5.0
10,35,-1,5,16,25,8.0,4.0,0.0625,0,0,0,0,4.875000000000001,26.500000000000004,31.875,0.375,1.375,0.875,4.5
10,36,1,46,7,24,5.614709844115208,2.807354922057604,0.14285714285714285,0,0,0,0,4.499999999999999,28.999999999999996,33.0,0.5,1.0,0.5,5.0
10,37,-1,23,13,23,7.400879436282184,3.700439718141092,0.07692307692307693,0,0,0,0,5.875000000000001,28.5,34.875,0.375,0.875,0.375,4.5
10,38,1,12,7,22,5.614709844115208,2.807354922057604,0.14285714285714285,0,0,0,0,6.25,25.999999999999996,36.25,0.25,1.25,0.25,4.0
10,39,-1,2,11,21,6.918863237274595,3.4594316186372973,0.09090909090909091,0,0,0,0,12.125,19.500000000000004,38.125,0.125,1.125,0.125,3.5
10,40,1,9,6,20,5.169925001442312,2.584962500721156,0.16666666666666666,0,0,0,0,13.75,21.0,39.75,0.25,0.75,0.25,3.0
10,41,-1,39,10,19,6.643856189774724,3.321928094887362,0.1,0,0,0,0,23.500000000000004,11.5,40.0,0.25,0.75,0.5,3.5
10,42,1,31,5,18,4.643856189774724,2.321928094887362,0.2,0,0,0,0,15.375000000000002,15.000000000000002,40.875,0.625,1.125,0.375,3.0
10,43,-1,55,12,17,7.169925001442312,3.584962500721156,0.08333333333333333,0,0,0,0,17.0,16.500000000000004,42.0,0.25,1.75,0.5,2.5
10,44,1,6,5,16,4.643856189774724,2.321928094887362,0.2,0,0,0,0,23.124999999999996,11.999999999999998,42.625,0.375,2.375,0.625,2.0
10,45,-1,3,12,15,7.169925001442312,3.584962500721156,0.08333333333333333,0,0,0,0,22.999999999999996,10.5,43.5,0.75,1.75,0.5,2.5
10,46,1,14,5,14,4.643856189774724,2.321928094887362,0.2,0,0,0,0,14.375,19.000000000000004,44.875,0.625,1.125,0.375,3.0
10,47,-1,62,11,13,6.918863237274595,3.4594316186372973,0.09090909090909091,0,0,0,0,19.124999999999996,17.5,45.625,0.625,1.125,0.125,3.5
10,48,1,49,3,12,3.169925001442312,1.584962500721156,0.3333333333333333,0,0,0,0,20.75,14.0,46.75,0.25,0.75,0.25,4.0
10,49,-1,0,10,11,6.643856189774724,3.321928094887362,0.1,0,0,0,0,21.5,11.5,48.0,0.25,0.75,0.5,3.5
10,50,1,1,2,10,2.0,1.0,0.5,0,0,0,0,16.75,14.0,48.25,0.25,0.75,0.75,4.0
10,51,-1,56,8,9,6.0,3.0,0.125,0,0,0,0,10.625000000000002,23.500000000000004,49.625,0.125,0.625,1.125,3.5
10,52,1,57,2,8,2.0,1.0,0.5,0,0,0,0,8.375,28.000000000000004,50.375,0.125,0.625,0.875,4.0
10,53,-1,58,6,7,5.169925001442312,2.584962500721156,0.16666666666666666,0,0,0,0,10.000000000000002,25.499999999999996,52.0,0.25,0.75,0.5,3.5
10,54,1,60,3,6,3.169925001442312,1.584962500721156,0.3333333333333333,0,0,0,0,6.875,30.999999999999996,53.875,0.125,0.625,0.375,3.0
10,55,-1,59,4,5,4.0,2.0,0.25,0,0,0,0,9.0,30.500000000000004,55.5,0.25,0.25,0.5,2.5
10,56,1,54,1,4,0.0,0.0,1.0,0,0,0,0,8.875,32.00000000000001,57.375,0.125,0.125,0.375,2.0
10,57,-1,63,3,3,3.169925001442312,1.584962500721156,0.3333333333333333,0,0,0,0,14.625000000000002,27.5,59.125,0.125,0.125,0.125,1.5
10,59,-1,7,2,2,2.0,1.0,0.5,0,0,0,0,11.875,27.0,60.375,0.125,0.125,0.375,1.0
10,60,1,15,1,1,0.0,0.0,1.0,0,0,0,0,37.625,12.500000000000002,62.125,0.125,0.125,0.125,0.5
11,0,1,37,4,60,4.0,2.0,0.25,246196,61549,1,1,0.0,0.0,4.0,0.0,0.0,0.0,0.0
11,1,-1,29,3,59,8.18841892558943,1.584962500721156,0.010283987522744996,61549,632,1,1,1.1249999999999998,2.5000000000000004,4.125,0.125,0.125,0.125,0.5
11,2,1,20,5,58,2.5656152945870385,2.321928094887362,0.8445839874411303,632,537,1,1,0.0,5.000000000000001,4.5,0.0,0.5,0.0,1.0
11,3,-1,13,4,57,4.909559782384504,2.0,0.133086876155268,537,71,1,1,1.1249999999999998,3.5,5.125,0.125,0.125,0.125,1.5
11,4,1,12,7,56,3.5691951848628394,2.807354922057604,0.5897435897435898,71,45,1,1,1.2500000000000002,4.0,5.25,0.25,0.25,0.25,2.0
11,5,-1,45,3,55,2.7930706960513563,1.584962500721156,0.43283582089552236,64,28,1,1,1.375,4.499999999999999,5.375,0.375,0.375,0.375,2.5
11,6,1,19,9,54,4.017921907997263,3.169925001442312,0.5555555555555556,36,24,1,1,0.6250000000000001,2.9999999999999996,5.625,0.375,0.375,0.625,3.0
11,7,-1,26,6,53,3.68449817427207,2.584962500721156,0.4666666666666667,24,13,1,1,1.4999999999999998,5.5,6.5,0.25,0.25,0.5,3.5
11,8,1,21,9,52,4.307428525192247,3.169925001442312,0.45454545454545453,13,9,1,1,1.6249999999999998,5.000000000000001,7.625,0.375,0.375,0.625,3.0
11,9,-1,4,7,51,3.6374299206152916,2.807354922057604,0.5625,9,8,1,1,0.37499999999999994,3.5,8.375,0.375,0.375,0.375,3.5
11,10,1,46,7,50,6.714245517666123,2.807354922057604,0.06666666666666667,8,0,1,0,2.5000000000000004,5.999999999999999,8.5,0.5,0.5,0.5,4.0
11,11,-1,38,9,49,6.339850002884624,3.169925001442312,0.1111111111111111,0,0,0,0,0.37499999999999994,6.499999999999999,8.875,0.875,0.375,0.375,4.5
11,12,1,44,9,48,6.339850002884624,3.169925001442312,0.1111111111111111,0,0,0,0,1.7500000000000002,5.000000000000001,9.25,1.25,0.25,0.25,5.0
11,13,-1,30,12,47,7.169925001442312,3.584962500721156,0.08333333333333333,0,0,0,0,3.1250000000000004,6.499999999999999,10.625,1.125,0.125,0.625,4.5
11,14,1,39,10,46,6.643856189774724,3.321928094887362,0.1,0,0,0,0,2.75,7.000000000000001,11.25,0.75,0.25,0.75,5.0
11,15,-1,11,9,45,6.339850002884624,3.169925001442312,0.1111111111111111,0,0,0,0,1.1249999999999998,9.499999999999998,11.625,1.125,0.125,0.625,5.5
11,16,1,23,11,44,6.918863237274595,3.4594316186372973,0.09090909090909091,0,0,0,0,2.0000000000000004,11.999999999999998,12.5,1.0,0.0,0.5,6.0
11,17,-1,31,8,43,6.0,3.0,0.125,0,0,0,0,1.6249999999999998,12.500000000000002,12.625,1.125,0.125,0.625,6.5
11,18,1,22,9,42,6.339850002884624,3.169925001442312,0.1111111111111111,0,0,0,0,2.25,12.999999999999998,13.25,0.75,0.25,0.75,7.0
11,19,-1,42,8,41,6.0,3.0,0.125,0,0,0,0,1.375,13.5,13.875,0.375,0.375,0.875,7.5
11,20,1,5,8,40,6.0,3.0,0.125,0,0,0,0,1.6249999999999998,12.999999999999998,15.125,0.375,0.375,1.125,7.0
11,21,-1,6,8,39,6.0,3.0,0.125,0,0,0,0,2.9999999999999996,15.5,15.5,0.25,0.25,1.5,7.5
11,22,1,3,8,38,6.0,3.0,0.125,0,0,0,0,1.6249999999999998,16.0,15.625,0.375,0.375,1.625,8.0
11,23,-1,2,8,37,6.0,3.0,0.125,0,0,0,0,2.0000000000000004,16.500000000000004,16.5,0.25,0.25,1.5,8.5
11,24,1,34,8,36,6.0,3.0,0.125,0,0,0,0,2.625,17.0,17.125,0.375,0.375,1.125,9.0
11,25,-1,41,9,35,6.339850002884624,3.169925001442312,0.1111111111111111,0,0,0,0,1.7500000000000002,18.5,18.75,0.5,0.5,0.75,8.5
11,26,1,18,7,34,5.614709844115208,2.807354922057604,0.14285714285714285,0,0,0,0,1.6249999999999998,22.0,19.625,0.375,0.875,1.125,8.0
11,27,-1,10,9,33,6.339850002884624,3.169925001442312,0.1111111111111111,0,0,0,0,4.375,17.5,21.375,0.375,0.875,0.875,7.5
11,28,1,25,8,32,6.0,3.0,0.125,0,0,0,0,2.5000000000000004,22.0,22.5,0.5,0.5,0.5,8.0
11,29,-1,24,12,31,7.169925001442312,3.584962500721156,0.08333333333333333,0,0,0,0,4.125000000000001,19.500000000000004,23.625,0.625,0.625,0.625,7.5
11,30,1,33,7,30,5.614709844115208,2.807354922057604,0.14285714285714285,0,0,0,0,1.7500000000000002,27.0,24.75,0.75,0.75,0.75,7.0
11,31,-1,43,9,29,6.339850002884624,3.169925001442312,0.1111111111111111,0,0,0,0,8.125,20.500000000000004,26.125,0.625,1.125,0.625,6.5
11,32,1,17,9,28,6.339850002884624,3.169925001442312,0.1111111111111111,0,0,0,0,5.000000000000001,22.0,28.0,0.5,1.0,0.5,6.0
11,33,-1,16,12,27,7.169925001442312,3.584962500721156,0.08333333333333333,0,0,0,0,7.375,17.5,29.375,0.375,1.375,0.375,5.5
11,34,1,51,9,26,6.339850002884624,3.169925001442312,0.1111111111111111,0,0,0,0,6.25,20.000000000000004,30.25,0.25,1.25,0.25,6.0
11,35,-1,40,13,25,7.400879436282184,3.700439718141092,0.07692307692307693,0,0,0,0,12.375,15.5,31.875,0.375,0.875,0.375,5.5
11,36,1,32,4,24,4.0,2.0,0.25,0,0,0,0,8.000000000000002,25.0,33.0,0.5,1.0,0.5,5.0
11,37,-1,50,12,23,7.169925001442312,3.584962500721156,0.08333333333333333,0,0,0,0,9.875,20.500000000000004,34.375,0.375,1.375,0.375,4.5
11,38,1,1,7,22,5.614709844115208,2.807354922057604,0.14285714285714285,0,0,0,0,5.5,23.999999999999996,36.0,0.5,1.0,0.5,4.0
11,39,-1,0,10,21,6.643856189774724,3.321928094887362,0.1,0,0,0,0,9.875,20.500000000000004,36.375,0.375,1.375,0.375,4.5
11,40,1,14,7,20,5.614709844115208,2.807354922057604,0.14285714285714285,0,0,0,0,10.625000000000002,21.0,36.625,0.375,1.375,0.625,5.0
11,41,-1,8,11,19,6.918863237274595,3.4594316186372973,0.09090909090909091,0,0,0,0,16.875,21.5,36.875,0.375,1.375,0.875,5.5
11,42,1,9,6,18,5.169925001442312,2.584962500721156,0.16666666666666666,0,0,0,0,16.500000000000004,23.999999999999996,37.5,0.5,1.0,1.0,6.0
11,43,-1,60,9,17,6.339850002884624,3.169925001442312,0.1111111111111111,0,0,0,0,18.249999999999996,22.5,38.25,0.5,1.0,0.75,6.5
11,44,1,57,5,16,4.643856189774724,2.321928094887362,0.2,0,0,0,0,15.875000000000002,23.999999999999996,39.875,0.625,0.625,0.875,6.0
11,45,-1,58,10,15,6.643856189774724,3.321928094887362,0.1,0,0,0,0,17.25,23.500000000000004,40.75,1.0,1.0,0.75,5.5
11,46,1,49,3,14,3.169925001442312,1.584962500721156,0.3333333333333333,0,0,0,0,16.125,25.0,42.125,0.875,0.875,1.125,5.0
11,47,-1,53,8,13,6.0,3.0,0.125,0,0,0,0,22.375000000000004,20.500000000000004,43.375,0.875,0.875,1.375,4.5
11,48,1,59,5,12,4.643856189774724,2.321928094887362,0.2,0,0,0,0,11.250000000000002,23.999999999999996,45.25,0.75,0.75,1.25,4.0
11,49,-1,52,8,11,6.0,3.0,0.125,0,0,0,0,13.625,27.5,47.125,0.625,0.625,1.125,3.5
11,50,1,61,4,10,4.0,2.0,0.25,0,0,0,0,13.5,30.999999999999996,49.0,0.5,0.5,1.0,3.0
11,51,-1,56,7,9,5.614709844115208,2.807354922057604,0.14285714285714285,0,0,0,0,14.125,32.5,50.625,0.625,0.625,0.625,2.5
11,52,1,54,3,8,3.169925001442312,1.584962500721156,0.3333333333333333,0,0,0,0,13.875,33.0,51.375,0.625,0.625,0.375,3.0
11,53,-1,48,7,7,5.614709844115208,2.807354922057604,0.14285714285714285,0,0,0,0,16.125,28.5,53.125,0.625,0.625,0.125,2.5
11,55,-1,55,6,6,5.169925001442312,2.584962500721156,0.16666666666666666,0,0,0,0,15.249999999999998,33.0,54.25,0.25,0.25,0.25,3.0
11,56,1,47,3,5,3.169925001442312,1.584962500721156,0.3333333333333333,0,0,0,0,7.625000000000001,40.5,55.625,0.625,0.125,0.125,2.5
11,57,-1,62,4,4,4.0,2.0,0.25,0,0,0,0,8.000000000000002,37.99999999999999,57.5,0.5,0.0,0.0,2.0
11,58,1,63,3,3,3.169925001442312,1.584962500721156,0.3333333333333333,0,0,0,0,16.125,31.5,59.125,0.125,0.125,0.125,1.5
11,59,-1,15,1,2,0.0,0.0,1.0,0,0,0,0,11.375,33.0,60.375,0.125,0.125,0.375,1.0
11,60,1,7,1,1,0.0,0.0,1.0,0,0,0,0,15.249999999999998,30.500000000000004,62.25,0.0,0.0,0.25,0.5
12,0,1,44,4,60,4.0,2.0,0.25,246196,61549,1,1,0.0,0.0,4.0,0.0,0.0,0.0,0.0
12,1,-1,29,3,59,2.2346638063499955,1.584962500721156,0.6374122693007538,61549,39233,1,1,1.1249999999999998,2.5000000000000004,4.125,0.125,0.125,0.125,0.5
12,2,1,20,5,58,4.496253552987338,2.321928094887362,0.2215454406442734,39233,8692,1,1,0.0,5.000000000000001,4.5,0.5,0.0,0.0,1.0
12,3,-1,43,4,57,2.0405471857299635,2.0,0.9722861085556578,8692,8454,1,1,1.1249999999999998,3.5,5.125,0.125,0.125,0.125,1.5
12,4,1,34,5,56,2.609976286759761,2.321928094887362,0.819009339165386,8454,6927,1,1,1.0,5.000000000000001,6.0,0.0,0.5,0.5,1.0
12,5,-1,21,11,55,3.5937986443852172,3.4594316186372973,0.9110694724704526,6927,6320,1,1,0.12500000000000003,8.5,7.125,0.125,0.125,1.125,0.5
12,6,1,26,9,54,3.5423896769832375,3.169925001442312,0.7724617085109743,6324,4891,1,1,1.375,7.000000000000001,7.375,0.125,0.125,1.375,1.0
12,7,-1,45,9,53,3.6878669908428314,3.169925001442312,0.6983673469387756,4891,3421,1,1,0.7499999999999999,9.499999999999998,8.75,0.0,0.0,0.75,1.5
12,8,1,37,9,52,3.19410125948436,3.169925001442312,0.9833819241982508,3421,3372,1,1,1.0,10.000000000000002,9.5,0.0,0.0,0.5,2.0
12,9,-1,30,9,51,3.2461506638940425,3.169925001442312,0.9485359361135759,3372,3206,1,1,2.125,7.5,11.125,0.125,0.125,0.125,1.5
12,10,1,50,9,50,4.276529573523081,3.169925001442312,0.4643856920684292,3206,1492,1,1,2.25,10.000000000000002,11.25,0.25,0.25,0.25,2.0
12,11,-1,19,9,49,3.2158217091434063,3.169925001442312,0.9686875416389074,1492,1453,1,1,2.3749999999999996,8.5,11.375,0.375,0.375,0.375,2.5
12,12,1,52,11,48,5.81526012014295,3.4594316186372973,0.1953551912568306,1453,285,1,1,2.75,10.000000000000002,13.25,0.25,0.25,0.25,2.0
12,13,-1,18,9,47,3.209726009500287,3.169925001442312,0.9727891156462585,285,285,1,1,2.125,12.500000000000002,13.625,0.625,0.125,0.125,2.5
12,14,1,46,10,46,4.100234484434468,3.321928094887362,0.5830508474576271,285,171,1,1,3.375,11.999999999999998,14.875,0.625,0.125,0.375,2.0
12,15,-1,53,10,45,4.9637929868429955,3.321928094887362,0.32044198895027626,171,57,1,1,1.7500000000000002,14.500000000000002,15.25,1.0,0.0,0.25,2.5
12,16,1,11,12,44,5.606024116248985,3.584962500721156,0.2463768115942029,57,16,1,1,3.375,12.999999999999998,15.875,0.625,0.125,0.375,3.0
12,17,-1,10,15,43,5.401655287358096,3.9068905956085187,0.3548387096774194,16,10,1,1,2.9999999999999996,12.500000000000002,16.5,1.25,0.25,0.5,2.5
12,18,1,12,14,42,7.39231742277876,3.807354922057604,0.08333333333333333,10,1,1,1,2.3749999999999996,14.0,17.375,1.125,0.625,0.875,2.0
12,19,-1,4,14,41,7.714245517666123,3.807354922057604,0.06666666666666667,1,0,1,0,8.75,6.499999999999999,18.25,0.5,1.0,0.75,2.5
12,20,1,3,14,40,7.614709844115208,3.807354922057604,0.07142857142857142,0,0,0,0,8.375,9.0,18.375,0.625,1.125,0.875,3.0
12,21,-1,2,13,39,7.400879436282184,3.700439718141092,0.07692307692307693,0,0,0,0,8.75,7.5,18.75,0.5,1.5,0.75,3.5
12,22,1,13,13,38,7.400879436282184,3.700439718141092,0.07692307692307693,0,0,0,0,7.375,11.999999999999998,18.875,0.625,1.625,0.875,4.0
12,23,-1,5,14,37,4.07605807797809,3.807354922057604,0.8300653594771242,139,126,1,1,9.0,9.499999999999998,20.0,0.75,2.25,0.5,3.5
12,24,1,38,13,36,4.280221979756568,3.700439718141092,0.6690647482014388,126,92,1,1,9.375,11.999999999999998,20.375,0.625,2.625,0.375,4.0
12,25,-1,47,11,35,3.8421513976434127,3.4594316186372973,0.7669902912621359,92,78,1,1,13.5,10.5,21.5,0.25,2.25,0.5,4.5
12,26,1,61,13,34,4.375344344175047,3.700439718141092,0.6263736263736264,78,56,1,1,8.125,15.000000000000002,22.125,0.375,1.875,0.625,5.0
12,27,-1,51,10,33,3.6384017596826164,3.321928094887362,0.803030303030303,56,52,1,1,7.5,18.5,23.0,0.25,2.25,1.0,4.5
12,28,1,42,8,32,3.202816882999687,3.0,0.8688524590163934,53,52,1,1,3.875,23.999999999999996,24.375,0.125,2.625,0.875,4.0
12,29,-1,60,10,31,3.5482039507110383,3.321928094887362,0.8548387096774194,52,52,1,1,2.625,27.5,26.125,0.125,2.625,0.625,3.5
12,30,1,59,8,30,3.1789701410453195,3.0,0.8833333333333333,52,52,1,1,5.25,22.999999999999996,26.75,0.25,3.25,0.75,3.0
12,31,-1,17,10,29,3.7842713089445628,3.321928094887362,0.7258064516129032,52,44,1,1,2.125,26.500000000000004,27.625,0.125,4.125,0.625,2.5
12,32,1,31,10,28,3.650550842348733,3.321928094887362,0.7962962962962963,44,42,1,1,6.499999999999999,23.999999999999996,29.0,0.5,3.5,1.0,2.0
12,33,-1,33,9,27,3.484798338795724,3.169925001442312,0.803921568627451,42,40,1,1,7.125,24.5,30.125,0.625,2.625,1.125,2.5
12,34,1,32,11,26,4.177660650221918,3.4594316186372973,0.6078431372549019,40,30,1,1,9.249999999999998,22.0,31.75,0.75,2.25,1.25,2.0
12,35,-1,55,8,25,6.247927513443585,3.0,0.10526315789473684,30,3,1,1,2.625,31.5,33.125,1.125,1.625,1.625,1.5
12,36,1,23,9,24,5.169925001442312,3.169925001442312,0.25,3,2,1,1,4.750000000000001,28.000000000000004,33.25,1.25,1.75,1.75,2.0
12,37,-1,57,9,23,5.6293566200796095,3.169925001442312,0.18181818181818182,2,1,1,1,4.375,30.500000000000004,34.375,1.375,1.375,1.375,2.5
12,38,1,39,11,22,7.044394119358453,3.4594316186372973,0.08333333333333333,1,0,1,0,7.749999999999999,25.0,34.75,1.75,1.25,1.25,3.0
12,39,-1,15,7,21,5.614709844115208,2.807354922057604,0.14285714285714285,0,0,0,0,6.875,27.5,36.375,1.375,0.875,0.875,3.5
12,40,1,58,9,20,6.339850002884624,3.169925001442312,0.1111111111111111,0,0,0,0,7.5,30.0,37.0,1.0,1.0,1.0,4.0
12,41,-1,62,6,19,5.169925001442312,2.584962500721156,0.16666666666666666,0,0,0,0,6.374999999999999,33.5,38.375,0.875,1.375,0.875,3.5
12,42,1,22,7,18,5.614709844115208,2.807354922057604,0.14285714285714285,0,0,0,0,19.250000000000004,20.000000000000004,39.25,0.75,1.25,0.75,4.0
12,43,-1,25,6,17,5.169925001442312,2.584962500721156,0.16666666666666666,0,0,0,0,13.875,22.5,40.875,0.375,0.875,0.375,4.5
12,44,1,16,6,16,5.169925001442312,2.584962500721156,0.16666666666666666,0,0,0,0,13.25,22.0,42.75,0.25,0.75,0.25,4.0
12,45,-1,40,8,15,6.0,3.0,0.125,0,0,0,0,13.875,21.5,44.375,0.375,0.375,0.375,3.5
12,46,1,24,8,14,6.0,3.0,0.125,0,0,0,0,14.749999999999998,22.999999999999996,46.25,0.25,0.25,0.25,3.0
12,47,-1,8,4,13,4.0,2.0,0.25,0,0,0,0,16.125,18.5,48.125,0.125,0.125,0.125,2.5
12,48,1,41,6,12,5.169925001442312,2.584962500721156,0.16666666666666666,0,0,0,0,26.249999999999996,16.0,49.25,0.25,0.25,0.25,2.0
12,49,-1,48,3,11,3.169925001442312,1.584962500721156,0.3333333333333333,0,0,0,0,26.625000000000004,13.5,51.125,0.125,0.125,0.125,1.5
12,50,1,9,5,10,4.643856189774724,2.321928094887362,0.2,0,0,0,0,27.5,17.0,52.5,0.0,0.5,0.0,1.0
12,51,-1,54,5,9,4.643856189774724,2.321928094887362,0.2,0,0,0,0,30.25,19.500000000000004,52.75,0.0,0.5,0.25,1.5
12,52,1,14,3,8,3.169925001442312,1.584962500721156,0.3333333333333333,0,0,0,0,28.000000000000004,21.0,53.5,0.0,0.5,1.0,1.0
12,53,-1,7,5,7,4.643856189774724,2.321928094887362,0.2,0,0,0,0,29.749999999999996,19.500000000000004,54.75,0.0,0.5,0.25,1.5
12,54,1,6,3,6,3.169925001442312,1.584962500721156,0.3333333333333333,0,0,0,0,32.00000000000001,20.000000000000004,55.0,0.0,0.5,0.5,2.0
12,55,-1,49,3,5,3.169925001442312,1.584962500721156,0.3333333333333333,0,0,0,0,30.624999999999996,21.5,56.625,0.125,0.125,0.625,1.5
12,56,1,63,3,4,3.169925001442312,1.584962500721156,0.3333333333333333,0,0,0,0,27.374999999999996,25.0,58.375,0.125,0.125,0.375,1.0
12,57,-1,1,1,3,0.0,0.0,1.0,0,0,0,0,23.124999999999996,21.5,59.125,0.125,0.125,0.125,1.5
12,58,1,56,2,2,2.0,1.0,0.5,0,0,0,0,22.999999999999996,25.0,61.0,0.0,0.0,0.0,1.0
12,60,1,0,1,1,0.0,0.0,1.0,0,0,0,0,16.249999999999996,32.5,62.25,0.0,0.0,0.25,0.5
13,0,1,19,4,60,4.0,2.0,0.25,246196,61549,1,1,0.0,0.0,4.0,0.0,0.0,0.0,0.0
13,1,-1,18,3,59,3.090070792267306,1.584962500721156,0.35230374317650115,61549,21684,1,1,1.1249999999999998,2.5000000000000004,4.125,0.125,0.125,0.125,0.5
13,2,1,26,4,58,2.0238777851547174,2.0,0.9835853928439691,21684,21331,1,1,0.37499999999999994,1.0,4.375,0.125,0.125,0.375,1.0
13,3,-1,20,2,57,2.0,1.0,0.5,42662,21331,1,1,1.7500000000000002,3.5,4.75,0.0,0.0,0.75,1.5
13,4,1,10,9,56,6.461763195998925,3.169925001442312,0.10210757512033272,21390,2184,1,1,0.37499999999999994,5.999999999999999,5.375,0.125,0.125,0.375,2.0
13,5,-1,43,8,55,3.8983597381241624,3.0,0.5364963503649635,2184,1175,1,1,0.5000000000000001,6.499999999999999,5.5,0.25,0.25,0.5,2.5
13,6,1,21,6,54,5.251596939010282,2.584962500721156,0.15749364944961897,1175,185,1,1,4.875000000000001,2.0000000000000004,6.375,0.625,0.625,0.375,2.0
13,7,-1,12,8,53,3.5263678468103077,3.0,0.694300518134715,185,133,1,1,5.625,4.499999999999999,7.125,0.625,0.625,0.125,2.5
13,8,1,29,8,52,4.306661338234052,3.0,0.40425531914893614,133,56,1,1,5.25,2.9999999999999996,7.25,0.75,0.75,0.25,3.0
13,9,-1,11,9,51,3.6687308584137535,3.169925001442312,0.7076923076923077,56,45,1,1,1.375,7.5,8.375,0.375,0.375,0.375,3.5
13,10,1,3,9,50,4.465380884968484,3.169925001442312,0.4074074074074074,45,21,1,1,2.75,5.999999999999999,8.75,0.25,0.75,0.25,4.0
13,11,-1,5,13,49,6.202940058670276,3.700439718141092,0.17647058823529413,21,5,1,1,2.3749999999999996,6.499999999999999,8.875,0.375,0.875,0.375,4.5
13,12,1,2,8,48,4.115477217419936,3.0,0.46153846153846156,5,5,1,1,2.9999999999999996,7.000000000000001,9.0,0.5,1.0,0.5,5.0
13,13,-1,25,10,47,6.228818690495881,3.321928094887362,0.13333333333333333,5,1,1,1,2.3749999999999996,9.499999999999998,9.375,0.375,1.375,0.375,5.5
13,14,1,34,10,46,6.78135971352466,3.321928094887362,0.09090909090909091,1,0,1,0,2.5000000000000004,10.000000000000002,10.0,0.5,1.0,0.5,6.0
13,15,-1,37,9,45,6.339850002884624,3.169925001442312,0.1111111111111111,0,0,0,0,1.875,11.5,11.375,0.375,0.875,0.875,5.5
13,16,1,4,13,44,7.400879436282184,3.700439718141092,0.07692307692307693,0,0,0,0,2.5000000000000004,11.0,13.0,0.5,1.0,0.5,5.0
13,17,-1,1,8,43,6.0,3.0,0.125,0,0,0,0,2.875,11.5,13.375,0.375,1.375,0.375,5.5
13,18,1,42,11,42,6.918863237274595,3.4594316186372973,0.09090909090909091,0,0,0,0,3.5,11.999999999999998,13.5,0.5,1.5,0.5,6.0
13,19,-1,17,9,41,6.339850002884624,3.169925001442312,0.1111111111111111,0,0,0,0,4.750000000000001,11.5,14.75,0.5,1.5,0.75,5.5
13,20,1,44,12,40,7.169925001442312,3.584962500721156,0.08333333333333333,0,0,0,0,3.1250000000000004,11.999999999999998,15.125,0.375,1.375,1.125,6.0
13,21,-1,45,10,39,6.643856189774724,3.321928094887362,0.1,0,0,0,0,8.000000000000002,9.499999999999998,17.0,0.25,1.25,1.0,5.5
13,22,1,30,9,38,6.339850002884624,3.169925001442312,0.1111111111111111,0,0,0,0,3.7500000000000004,9.0,18.75,0.25,1.25,0.75,5.0
13,23,-1,46,12,37,7.169925001442312,3.584962500721156,0.08333333333333333,0,0,0,0,6.625000000000001,7.5,19.625,0.125,1.125,0.625,5.5
13,24,1,38,8,36,6.0,3.0,0.125,0,0,0,0,5.749999999999999,11.0,20.25,0.25,1.25,1.25,5.0
13,25,-1,33,13,35,7.400879436282184,3.700439718141092,0.07692307692307693,0,0,0,0,7.875,12.500000000000002,21.375,0.375,1.375,1.375,4.5
13,26,1,40,11,34,6.918863237274595,3.4594316186372973,0.09090909090909091,0,0,0,0,4.750000000000001,16.0,22.75,0.25,1.75,1.25,4.0
13,27,-1,39,12,33,7.169925001442312,3.584962500721156,0.08333333333333333,0,0,0,0,11.875,10.5,23.375,0.375,1.375,1.375,4.5
13,28,1,14,15,32,7.813781191217037,3.9068905956085187,0.06666666666666667,0,0,0,0,11.5,15.000000000000002,24.0,0.5,1.0,1.5,5.0
13,29,-1,31,11,31,6.918863237274595,3.4594316186372973,0.09090909090909091,0,0,0,0,11.75,11.5,24.25,0.5,1.0,1.75,5.5
13,30,1,53,11,30,6.918863237274595,3.4594316186372973,0.09090909090909091,0,0,0,0,13.124999999999998,10.000000000000002,25.125,0.375,0.875,1.625,6.0
13,31,-1,13,11,29,6.918863237274595,3.4594316186372973,0.09090909090909091,0,0,0,0,13.5,13.5,26.0,0.25,0.75,2.5,5.5
13,32,1,47,9,28,6.339850002884624,3.169925001442312,0.1111111111111111,0,0,0,0,10.625000000000002,16.0,27.125,0.375,0.875,1.625,6.0
13,33,-1,32,13,27,7.400879436282184,3.700439718141092,0.07692307692307693,0,0,0,0,9.0,20.500000000000004,28.0,0.25,0.75,1.5,6.5
13,34,1,24,6,26,5.169925001442312,2.584962500721156,0.16666666666666666,0,0,0,0,8.125,20.000000000000004,29.125,0.375,0.875,1.625,6.0
13,35,-1,16,15,25,7.813781191217037,3.9068905956085187,0.06666666666666667,0,0,0,0,3.5,27.5,30.5,0.25,1.25,1.5,5.5
13,36,1,8,4,24,4.0,2.0,0.25,0,0,0,0,4.125000000000001,27.0,31.625,0.375,1.375,1.625,5.0
13,37,-1,22,15,23,7.813781191217037,3.9068905956085187,0.06666666666666667,0,0,0,0,4.0,23.500000000000004,32.0,0.25,1.25,2.0,5.5
13,38,1,15,3,22,3.169925001442312,1.584962500721156,0.3333333333333333,0,0,0,0,2.3749999999999996,23.999999999999996,33.375,0.125,1.125,1.375,6.0
13,39,-1,23,14,21,7.614709844115208,3.807354922057604,0.07142857142857142,0,0,0,0,2.5000000000000004,28.5,34.0,0.25,1.25,1.0,6.5
13,40,1,9,3,20,3.169925001442312,1.584962500721156,0.3333333333333333,0,0,0,0,1.875,30.0,35.375,0.125,1.625,0.875,6.0
13,41,-1,50,11,19,6.918863237274595,3.4594316186372973,0.09090909090909091,0,0,0,0,4.125000000000001,24.5,36.125,0.125,1.625,0.625,6.5
13,42,1,57,8,18,6.0,3.0,0.125,0,0,0,0,1.7500000000000002,20.000000000000004,37.75,0.25,1.75,0.25,6.0
13,43,-1,52,10,17,6.643856189774724,3.321928094887362,0.1,0,0,0,0,6.125,24.5,38.625,0.125,1.625,0.125,6.5
13,44,1,54,5,16,4.643856189774724,2.321928094887362,0.2,0,0,0,0,7.749999999999999,28.000000000000004,40.25,0.25,1.25,0.25,6.0
13,45,-1,41,7,15,5.614709844115208,2.807354922057604,0.14285714285714285,0,0,0,0,5.999999999999999,23.500000000000004,41.5,0.25,1.25,0.5,5.5
13,46,1,61,7,14,5.614709844115208,2.807354922057604,0.14285714285714285,0,0,0,0,6.875,22.999999999999996,43.375,0.125,1.125,0.375,5.0
13,47,-1,59,7,13,5.614709844115208,2.807354922057604,0.14285714285714285,0,0,0,0,4.0,24.5,45.0,0.25,0.75,0.5,4.5
13,48,1,51,6,12,5.169925001442312,2.584962500721156,0.16666666666666666,0,0,0,0,5.125000000000001,25.999999999999996,46.625,0.375,0.375,0.625,4.0
13,49,-1,0,8,11,6.0,3.0,0.125,0,0,0,0,3.5,29.5,48.5,0.25,0.25,0.5,3.5
13,50,1,58,5,10,4.643856189774724,2.321928094887362,0.2,0,0,0,0,8.75,30.0,48.75,0.25,0.25,0.75,4.0
13,51,-1,49,8,9,6.0,3.0,0.125,0,0,0,0,10.625000000000002,33.5,50.625,0.125,0.125,0.625,3.5
13,52,1,48,3,8,3.169925001442312,1.584962500721156,0.3333333333333333,0,0,0,0,14.375,30.999999999999996,52.375,0.125,0.125,0.375,3.0
13,53,-1,56,6,7,5.169925001442312,2.584962500721156,0.16666666666666666,0,0,0,0,16.500000000000004,30.500000000000004,53.5,0.25,0.25,0.5,2.5
13,54,1,6,1,6,0.0,0.0,1.0,0,0,0,0,24.75,25.0,54.25,0.25,0.25,0.25,3.0
13,55,-1,7,5,5,4.643856189774724,2.321928094887362,0.2,0,0,0,0,25.125000000000004,26.500000000000004,55.625,0.125,0.125,0.625,2.5
13,57,-1,62,4,4,4.0,2.0,0.25,0,0,0,0,31.375,20.000000000000004,56.875,0.125,0.125,0.875,2.0
13,58,1,63,2,3,2.0,1.0,0.5,0,0,0,0,30.0,21.5,58.5,0.25,0.25,0.5,1.5
13,59,-1,55,2,2,2.0,1.0,0.5,0,0,0,0,18.750000000000004,27.0,60.25,0.25,0.25,0.25,1.0
13,61,-1,60,1,1,0.0,0.0,1.0,0,0,0,0,25.625,22.5,62.125,0.125,0.125,0.125,0.5
14,0,1,19,4,60,4.0,2.0,0.25,246196,61549,1,1,0.0,0.0,4.0,0.0,0.0,0.0,0.0
14,1,-1,34,3,59,2.2346638063499955,1.584962500721156,0.6374122693007538,61549,39233,1,1,1.1249999999999998,2.5000000000000004,4.125,0.125,0.125,0.125,0.5
14,2,1,43,5,58,4.496253552987338,2.321928094887362,0.2215454406442734,39233,8692,1,1,0.0,5.000000000000001,4.5,0.5,0.0,0.0,1.0
14,3,-1,20,4,57,2.0405471857299635,2.0,0.9722861085556578,8692,8454,1,1,1.1249999999999998,3.5,5.125,0.125,0.125,0.125,1.5
14,4,1,29,5,56,2.609976286759761,2.321928094887362,0.819009339165386,8454,6927,1,1,1.0,5.000000000000001,6.0,0.0,0.5,0.5,1.0
14,5,-1,42,11,55,3.5937986443852172,3.4594316186372973,0.9110694724704526,6927,6320,1,1,0.12500000000000003,8.5,7.125,0.125,0.125,1.125,0.5
14,6,1,37,9,54,3.5423896769832375,3.169925001442312,0.7724617085109743,6324,4891,1,1,1.375,7.000000000000001,7.375,0.125,0.125,1.375,1.0
14,7,-1,18,9,53,3.6878669908428314,3.169925001442312,0.6983673469387756,4891,3421,1,1,0.7499999999999999,9.499999999999998,8.75,0.0,0.0,0.75,1.5
14,8,1,26,9,52,3.19410125948436,3.169925001442312,0.9833819241982508,3421,3372,1,1,1.0,10.000000000000002,9.5,0.0,0.0,0.5,2.0
14,9,-1,33,9,51,3.2461506638940425,3.169925001442312,0.9485359361135759,3372,3206,1,1,2.125,7.5,11.125,0.125,0.125,0.125,1.5
14,10,1,12,9,50,4.9287443204393115,3.169925001442312,0.2954898911353033,3206,949,1,1,2.25,10.000000000000002,11.25,0.25,0.25,0.25,2.0
14,11,-1,44,10,49,3.7334596506646704,3.321928094887362,0.7518248175182481,949,720,1,1,2.125,8.5,11.625,0.125,0.125,0.625,2.5
14,12,1,11,12,48,3.898538515174738,3.584962500721156,0.8046448087431693,720,588,1,1,2.5000000000000004,10.000000000000002,13.5,0.0,0.0,0.5,2.0
14,13,-1,45,9,47,3.194295429597065,3.169925001442312,0.983249581239531,588,586,1,1,2.125,12.500000000000002,14.125,0.125,0.125,0.125,2.5
14,14,1,52,10,46,5.575312330687437,3.321928094887362,0.20973154362416108,586,124,1,1,3.375,11.999999999999998,15.375,0.125,0.125,0.375,2.0
14,15,-1,53,11,45,4.10998246098603,3.4594316186372973,0.6370370370370371,124,85,1,1,3.2499999999999996,11.5,16.25,0.5,0.5,0.25,1.5
14,16,1,51,12,44,3.877744249949002,3.584962500721156,0.8163265306122449,86,79,1,1,2.875,14.0,16.375,0.625,0.625,0.375,2.0
14,17,-1,59,10,43,3.6683785089087935,3.321928094887362,0.7865168539325843,79,69,1,1,9.499999999999998,5.5,17.5,0.25,1.25,0.5,1.5
14,18,1,60,13,42,3.9919025323014035,3.700439718141092,0.8170731707317073,69,66,1,1,8.625,8.000000000000002,17.625,0.375,1.375,0.625,2.0
14,19,-1,61,9,41,3.3543495725797396,3.169925001442312,0.88,66,65,1,1,9.499999999999998,6.499999999999999,18.0,0.25,1.75,0.5,2.5
14,20,1,50,12,40,3.8226540584404867,3.584962500721156,0.8481012658227848,67,66,1,1,7.625000000000001,11.0,18.125,0.375,1.875,0.625,3.0
14,21,-1,41,10,39,4.4405725913859815,3.321928094887362,0.4605263157894737,66,34,1,1,9.0,9.499999999999998,18.5,0.25,2.25,0.5,3.5
14,22,1,17,12,38,4.250543461650597,3.584962500721156,0.6304347826086957,34,28,1,1,10.125,10.000000000000002,19.125,0.375,1.875,0.625,4.0
14,23,-1,21,10,37,4.177538185552187,3.321928094887362,0.5526315789473685,28,20,1,1,10.000000000000002,10.5,20.0,0.25,1.75,0.5,4.5
14,24,1,25,14,36,4.502500340529183,3.807354922057604,0.6176470588235294,20,20,1,1,2.75,10.000000000000002,21.75,0.25,1.75,0.25,4.0
14,25,-1,58,11,35,4.24370292758186,3.4594316186372973,0.5806451612903226,20,17,1,1,4.625,12.500000000000002,23.125,0.125,1.125,0.125,4.5
14,26,1,32,11,34,4.459431618637297,3.4594316186372973,0.5,17,13,1,1,2.9999999999999996,17.0,23.5,0.0,1.5,0.0,5.0
14,27,-1,13,9,33,3.8220016980220053,3.169925001442312,0.6363636363636364,13,13,1,1,3.1250000000000004,17.5,24.125,0.125,1.125,0.125,5.5
14,28,1,40,10,32,4.260527550223219,3.321928094887362,0.5217391304347826,13,11,1,1,4.750000000000001,19.000000000000004,25.25,0.25,1.25,0.25,5.0
14,29,-1,4,10,31,4.129283016944966,3.321928094887362,0.5714285714285714,11,11,1,1,2.3749999999999996,21.5,25.875,0.375,0.875,0.375,5.5
14,30,1,30,10,30,4.254813899028825,3.321928094887362,0.5238095238095238,11,10,1,1,2.25,19.000000000000004,26.75,0.25,1.25,0.75,5.0
14,31,-1,22,13,29,5.416646752140501,3.700439718141092,0.30434782608695654,10,6,1,1,1.875,20.500000000000004,28.375,0.375,0.875,0.875,4.5
14,32,1,3,9,28,5.491853096329674,3.169925001442312,0.2,6,2,1,1,3.2499999999999996,20.000000000000004,29.75,0.25,0.75,1.25,4.0
14,33,-1,24,12,27,7.39231742277876,3.584962500721156,0.07142857142857142,2,0,1,0,4.875000000000001,21.5,30.875,0.375,1.375,0.875,3.5
14,34,1,5,10,26,6.643856189774724,3.321928094887362,0.1,0,0,0,0,9.75,20.000000000000004,32.25,0.25,0.75,0.75,4.0
14,35,-1,48,12,25,7.169925001442312,3.584962500721156,0.08333333333333333,0,0,0,0,8.625,25.499999999999996,33.125,0.125,1.125,1.125,3.5
14,36,1,38,8,24,6.0,3.0,0.125,0,0,0,0,10.25,23.999999999999996,33.25,0.25,1.25,1.25,4.0
14,37,-1,16,10,23,6.643856189774724,3.321928094887362,0.1,0,0,0,0,6.125,29.5,35.125,0.125,1.125,1.125,3.5
14,38,1,31,4,22,4.0,2.0,0.25,0,0,0,0,16.249999999999996,22.0,36.25,0.25,0.75,0.75,4.0
14,39,-1,15,6,21,5.169925001442312,2.584962500721156,0.16666666666666666,0,0,0,0,14.375,25.499999999999996,37.875,0.375,0.375,0.875,3.5
14,40,1,14,1,20,0.0,0.0,1.0,0,0,0,0,19.75,21.0,38.25,0.75,0.75,1.25,3.0
14,41,-1,2,7,19,5.614709844115208,2.807354922057604,0.14285714285714285,0,0,0,0,18.5,23.500000000000004,38.5,0.75,0.75,1.5,3.5
14,42,1,1,4,18,4.0,2.0,0.25,0,0,0,0,19.874999999999996,21.0,39.875,0.625,1.125,1.375,3.0
14,43,-1,7,5,17,4.643856189774724,2.321928094887362,0.2,0,0,0,0,17.999999999999996,23.500000000000004,40.5,1.25,0.75,1.0,3.5
14,44,1,6,4,16,4.0,2.0,0.25,0,0,0,0,18.249999999999996,23.999999999999996,40.75,1.25,0.75,1.25,4.0
14,45,-1,0,4,15,4.0,2.0,0.25,0,0,0,0,18.125000000000004,24.5,41.625,0.625,0.625,1.625,4.5
14,46,1,49,3,14,3.169925001442312,1.584962500721156,0.3333333333333333,0,0,0,0,27.874999999999996,17.0,42.375,0.625,0.625,1.375,5.0
14,47,-1,56,6,13,5.169925001442312,2.584962500721156,0.16666666666666666,0,0,0,0,20.625,16.500000000000004,43.125,0.625,0.625,2.125,4.5
14,48,1,57,2,12,2.0,1.0,0.5,0,0,0,0,29.875000000000004,16.0,44.375,0.625,0.625,2.375,4.0
14,49,-1,39,4,11,4.0,2.0,0.25,0,0,0,0,19.500000000000004,21.5,45.5,0.25,0.75,3.0,3.5
14,50,1,46,6,10,5.169925001442312,2.584962500721156,0.16666666666666666,0,0,0,0,24.875,17.0,47.375,0.125,0.625,2.875,3.0
14,51,-1,47,4,9,4.0,2.0,0.25,0,0,0,0,16.500000000000004,26.500000000000004,49.0,0.25,0.75,2.5,2.5
14,52,1,55,5,8,4.643856189774724,2.321928094887362,0.2,0,0,0,0,30.125,14.0,50.625,0.375,0.375,2.625,2.0
14,53,-1,23,1,7,0.0,0.0,1.0,0,0,0,0,23.999999999999996,18.5,52.0,0.25,0.25,2.0,2.5
14,54,1,54,4,6,4.0,2.0,0.25,0,0,0,0,28.875,14.0,53.875,0.125,0.125,1.875,2.0
14,55,-1,63,2,5,2.0,1.0,0.5,0,0,0,0,20.125000000000004,16.500000000000004,55.125,0.125,0.125,1.125,2.5
14,56,1,62,4,4,4.0,2.0,0.25,0,0,0,0,40.87499999999999,5.999999999999999,56.875,0.125,0.125,0.875,2.0
14,58,1,9,3,3,3.169925001442312,1.584962500721156,0.3333333333333333,0,0,0,0,28.000000000000004,15.5,58.5,0.25,0.25,0.5,1.5
14,59,-1,10,2,2,2.0,1.0,0.5,0,0,0,0,26.750000000000004,27.0,60.25,0.25,0.25,0.25,1.0
14,60,1,8,1,1,0.0,0.0,1.0,0,0,0,0,25.625,26.500000000000004,62.125,0.125,0.125,0.125,0.5
15,0,1,44,4,60,4.0,2.0,0.25,246196,61549,1,1,0.0,0.0,4.0,0.0,0.0,0.0,0.0
15,1,-1,29,3,59,2.2346638063499955,1.584962500721156,0.6374122693007538,61549,39233,1,1,1.1249999999999998,2.5000000000000004,4.125,0.125,0.125,0.125,0.5
15,2,1,18,5,58,3.163512262897709,2.321928094887362,0.5580304806565064,39233,21895,1,1,0.0,5.000000000000001,4.5,0.5,0.0,0.0,1.0
15,3,-1,26,4,57,2.103144733480561,2.0,0.9310014155897529,21895,20387,1,1,1.2500000000000002,3.5,4.75,0.5,0.0,0.25,1.5
15,4,1,19,6,56,2.6054103945613796,2.584962500721156,0.985926569808353,24153,23818,1,1,0.37499999999999994,5.999999999999999,5.375,0.125,0.125,0.375,2.0
15,5,-1,43,6,55,2.6477749628479907,2.584962500721156,0.9573959032907992,23818,22808,1,1,1.2500000000000002,3.5,6.25,0.5,0.0,0.75,1.5
15,6,1,45,11,54,4.404483371249184,3.4594316186372973,0.5194109189142085,22940,11920,1,1,0.37499999999999994,5.999999999999999,7.375,0.125,0.125,0.375,2.0
15,7,-1,42,7,53,3.46353247264359,2.807354922057604,0.6345573440643864,11921,7568,1,1,2.125,3.5,8.125,0.125,0.125,1.125,1.5
15,8,1,51,11,52,7.140052489188651,3.4594316186372973,0.07798708997497036,7580,591,1,1,0.37499999999999994,2.0000000000000004,9.375,0.125,0.125,0.375,2.0
15,9,-1,50,7,51,3.709428501368347,2.807354922057604,0.5351170568561873,591,319,1,1,1.4999999999999998,4.499999999999999,9.5,0.25,0.25,0.5,2.5
15,10,1,37,10,50,3.6124095060659798,3.321928094887362,0.817629179331307,319,268,1,1,0.6250000000000001,7.000000000000001,9.625,0.375,0.375,0.625,3.0
15,11,-1,10,9,49,3.450777153326759,3.169925001442312,0.8231046931407943,268,227,1,1,4.499999999999999,4.499999999999999,11.0,0.25,0.25,1.0,2.5
15,12,1,41,11,48,4.830687425888228,3.4594316186372973,0.3865546218487395,227,91,1,1,4.875000000000001,7.000000000000001,11.375,0.125,0.625,0.875,3.0
15,13,-1,34,8,47,3.3814291066360243,3.0,0.7676767676767676,91,75,1,1,5.000000000000001,7.5,12.0,0.25,0.25,1.0,3.5
15,14,1,33,11,46,3.695871814459378,3.4594316186372973,0.8488372093023255,75,72,1,1,4.625,7.000000000000001,13.625,0.375,0.375,0.625,3.0
15,15,-1,52,7,45,5.6517040515974095,2.807354922057604,0.13924050632911392,72,10,1,1,8.000000000000002,7.5,14.0,0.25,0.25,1.0,3.5
15,16,1,17,12,44,8.044394119358454,3.584962500721156,0.045454545454545456,10,0,1,0,7.625000000000001,8.000000000000002,14.625,0.375,0.375,0.625,4.0
15,17,-1,38,9,43,6.339850002884624,3.169925001442312,0.1111111111111111,0,0,0,0,9.499999999999998,6.499999999999999,15.5,0.25,0.25,0.5,4.5
15,18,1,60,15,42,7.813781191217037,3.9068905956085187,0.06666666666666667,0,0,0,0,7.875,9.0,16.375,0.125,0.125,0.375,5.0
15,19,-1,59,8,41,6.0,3.0,0.125,0,0,0,0,8.000000000000002,9.499999999999998,16.5,0.25,0.25,0.5,5.5
15,20,1,58,14,40,7.614709844115208,3.807354922057604,0.07142857142857142,0,0,0,0,7.375,10.000000000000002,16.875,0.125,0.625,0.375,6.0
15,21,-1,25,9,39,6.339850002884624,3.169925001442312,0.1111111111111111,0,0,0,0,8.5,10.5,17.0,0.25,0.75,0.5,6.5
15,22,1,46,12,38,7.169925001442312,3.584962500721156,0.08333333333333333,0,0,0,0,1.6249999999999998,14.0,18.125,0.375,0.875,0.625,6.0
15,23,-1,53,14,37,7.614709844115208,3.807354922057604,0.07142857142857142,0,0,0,0,4.25,11.5,19.25,0.5,1.0,0.75,5.5
15,24,1,20,12,36,7.169925001442312,3.584962500721156,0.08333333333333333,0,0,0,0,5.625,11.0,20.625,0.375,0.875,1.125,5.0
15,25,-1,32,14,35,7.614709844115208,3.807354922057604,0.07142857142857142,0,0,0,0,2.9999999999999996,14.500000000000002,22.5,0.25,0.75,1.0,4.5
15,26,1,40,12,34,7.169925001442312,3.584962500721156,0.08333333333333333,0,0,0,0,5.125000000000001,12.999999999999998,23.125,0.375,0.375,1.125,5.0
15,27,-1,48,14,33,7.614709844115208,3.807354922057604,0.07142857142857142,0,0,0,0,2.9999999999999996,15.5,23.5,0.25,0.25,1.5,5.5
15,28,1,22,12,32,7.169925001442312,3.584962500721156,0.08333333333333333,0,0,0,0,2.125,16.0,23.625,0.375,0.375,1.625,6.0
15,29,-1,30,15,31,7.813781191217037,3.9068905956085187,0.06666666666666667,0,0,0,0,1.7500000000000002,19.500000000000004,25.25,0.5,0.5,1.25,5.5
15,30,1,21,11,30,6.918863237274595,3.4594316186372973,0.09090909090909091,0,0,0,0,4.125000000000001,17.0,26.625,0.375,0.875,1.125,5.0
15,31,-1,39,14,29,7.614709844115208,3.807354922057604,0.07142857142857142,0,0,0,0,4.875000000000001,16.500000000000004,28.375,0.375,0.875,0.875,4.5
15,32,1,2,12,28,7.169925001442312,3.584962500721156,0.08333333333333333,0,0,0,0,4.750000000000001,19.000000000000004,29.25,0.25,0.75,0.75,5.0
15,33,-1,8,10,27,6.643856189774724,3.321928094887362,0.1,0,0,0,0,4.875000000000001,21.5,29.875,0.375,0.875,0.375,5.5
15,34,1,31,11,26,6.918863237274595,3.4594316186372973,0.09090909090909091,0,0,0,0,5.25,20.000000000000004,30.25,0.25,1.25,0.25,6.0
15,35,-1,61,13,25,7.400879436282184,3.700439718141092,0.07692307692307693,0,0,0,0,8.375,21.5,31.375,0.375,1.375,0.375,5.5
15,36,1,49,8,24,6.0,3.0,0.125,0,0,0,0,6.75,22.999999999999996,32.25,0.75,1.75,0.25,5.0
15,37,-1,11,11,23,6.918863237274595,3.4594316186372973,0.09090909090909091,0,0,0,0,7.000000000000001,21.5,32.5,0.75,1.75,0.5,5.5
15,38,1,3,9,22,6.339850002884624,3.169925001442312,0.1111111111111111,0,0,0,0,5.125000000000001,21.0,34.125,0.875,1.375,0.625,5.0
15,39,-1,54,9,21,6.339850002884624,3.169925001442312,0.1111111111111111,0,0,0,0,8.000000000000002,22.5,35.5,1.25,1.25,0.5,4.5
15,40,1,16,6,20,5.169925001442312,2.584962500721156,0.16666666666666666,0,0,0,0,2.75,21.0,36.25,1.25,1.25,0.25,5.0
15,41,-1,24,10,19,6.643856189774724,3.321928094887362,0.1,0,0,0,0,4.875000000000001,25.499999999999996,37.375,0.875,0.875,0.375,5.5
15,42,1,47,4,18,4.0,2.0,0.25,0,0,0,0,4.499999999999999,25.0,39.0,0.5,1.0,0.5,5.0
15,43,-1,55,10,17,6.643856189774724,3.321928094887362,0.1,0,0,0,0,10.375000000000002,20.500000000000004,40.375,0.375,0.875,0.875,4.5
15,44,1,63,2,16,2.0,1.0,0.5,0,0,0,0,9.0,22.0,41.0,0.5,1.5,1.0,4.0
15,45,-1,62,10,15,6.643856189774724,3.321928094887362,0.1,0,0,0,0,9.249999999999998,24.5,41.25,0.5,1.5,1.25,4.5
15,47,-1,12,9,14,6.339850002884624,3.169925001442312,0.1111111111111111,0,0,0,0,8.625,25.0,42.125,0.375,0.875,1.625,5.0
15,48,1,5,3,13,3.169925001442312,1.584962500721156,0.3333333333333333,0,0,0,0,9.0,32.5,44.0,0.25,0.75,1.5,4.5
15,49,-1,9,9,12,6.339850002884624,3.169925001442312,0.1111111111111111,0,0,0,0,10.625000000000002,30.0,45.625,0.375,0.875,1.125,4.0
15,50,1,13,3,11,3.169925001442312,1.584962500721156,0.3333333333333333,0,0,0,0,6.875,29.5,46.875,0.375,0.875,1.375,3.5
15,51,-1,4,8,10,6.0,3.0,0.125,0,0,0,0,10.25,27.0,48.75,0.25,0.75,1.25,3.0
15,52,1,0,2,9,2.0,1.0,0.5,0,0,0,0,5.125000000000001,30.500000000000004,50.625,0.125,0.625,1.125,2.5
15,53,-1,56,7,8,5.614709844115208,2.807354922057604,0.14285714285714285,0,0,0,0,8.875,30.0,51.375,0.125,0.625,1.875,2.0
15,54,1,57,1,7,0.0,0.0,1.0,0,0,0,0,6.125,30.500000000000004,52.625,0.125,0.625,1.125,2.5
15,55,-1,6,5,6,4.643856189774724,2.321928094887362,0.2,0,0,0,0,5.749999999999999,30.999999999999996,53.75,0.25,0.25,0.75,3.0
15,56,1,7,2,5,2.0,1.0,0.5,0,0,0,0,5.625,36.5,55.125,0.625,0.125,0.625,2.5
15,57,-1,1,4,4,4.0,2.0,0.25,0,0,0,0,7.375,32.00000000000001,56.875,0.625,0.125,0.375,2.0
15,59,-1,15,3,3,3.169925001442312,1.584962500721156,0.3333333333333333,0,0,0,0,6.499999999999999,29.5,58.5,0.25,0.25,0.5,1.5
15,60,1,23,2,2,2.0,1.0,0.5,0,0,0,0,7.875,33.0,60.375,0.125,0.125,0.375,1.0
15,61,-1,14,1,1,0.0,0.0,1.0,0,0,0,0,6.25,34.5,62.25,0.0,0.0,0.25,0.5
16,0,1,19,4,60,4.0,2.0,0.25,246196,61549,1,1,0.0,0.0,4.0,0.0,0.0,0.0,0.0
16,1,-1,20,3,59,8.18841892558943,1.584962500721156,0.010283987522744996,61549,632,1,1,1.1249999999999998,2.5000000000000004,4.125,0.125,0.125,0.125,0.5
16,2,1,29,5,58,2.5656152945870385,2.321928094887362,0.8445839874411303,632,537,1,1,0.0,5.000000000000001,4.5,0.0,0.5,0.0,1.0
16,3,-1,22,4,57,4.909559782384504,2.0,0.133086876155268,537,71,1,1,1.1249999999999998,3.5,5.125,0.125,0.125,0.125,1.5
16,4,1,30,7,56,3.5691951848628394,2.807354922057604,0.5897435897435898,71,45,1,1,1.2500000000000002,4.0,5.25,0.25,0.25,0.25,2.0
16,5,-1,18,3,55,2.7930706960513563,1.584962500721156,0.43283582089552236,64,28,1,1,1.375,4.499999999999999,5.375,0.375,0.375,0.375,2.5
16,6,1,26,9,54,5.076815597050831,3.169925001442312,0.26666666666666666,36,11,1,1,0.6250000000000001,2.9999999999999996,5.625,0.375,0.375,0.625,3.0
16,7,-1,43,5,53,5.409390936137702,2.321928094887362,0.11764705882352941,12,1,1,1,1.4999999999999998,5.5,6.5,0.25,0.25,0.5,3.5
16,8,1,11,8,52,6.169925001442312,3.0,0.1111111111111111,1,0,1,0,1.6249999999999998,5.000000000000001,7.625,0.375,0.375,0.625,3.0
16,9,-1,37,12,51,7.169925001442312,3.584962500721156,0.08333333333333333,0,0,0,0,2.0000000000000004,7.5,8.0,0.75,0.25,0.5,3.5
16,10,1,34,11,50,6.918863237274595,3.4594316186372973,0.09090909090909091,0,0,0,0,4.875000000000001,7.000000000000001,9.375,1.125,0.125,0.375,3.0
16,11,-1,12,11,49,6.918863237274595,3.4594316186372973,0.09090909090909091,0,0,0,0,2.0000000000000004,8.5,11.0,0.75,0.25,0.5,2.5
16,12,1,44,13,48,7.400879436282184,3.700439718141092,0.07692307692307693,0,0,0,0,1.6249999999999998,7.000000000000001,11.625,0.375,0.375,0.625,3.0
16,13,-1,45,13,47,7.400879436282184,3.700439718141092,0.07692307692307693,0,0,0,0,1.0,8.5,13.5,0.25,0.25,0.5,2.5
16,14,1,21,13,46,7.400879436282184,3.700439718141092,0.07692307692307693,0,0,0,0,1.2500000000000002,5.999999999999999,14.25,0.25,0.25,1.25,2.0
16,15,-1,46,14,45,7.714245517666123,3.807354922057604,0.06666666666666667,1,0,1,0,1.4999999999999998,4.499999999999999,15.5,0.25,0.25,0.5,2.5
16,16,1,38,16,44,8.0,4.0,0.0625,0,0,0,0,1.375,9.0,15.875,0.125,0.625,0.375,3.0
16,17,-1,13,15,43,7.813781191217037,3.9068905956085187,0.06666666666666667,0,0,0,0,2.25,5.5,16.75,0.0,0.5,0.25,3.5
16,18,1,4,14,42,7.614709844115208,3.807354922057604,0.07142857142857142,0,0,0,0,6.875,10.000000000000002,17.375,0.125,0.125,0.375,4.0
16,19,-1,23,13,41,7.400879436282184,3.700439718141092,0.07692307692307693,0,0,0,0,10.000000000000002,10.5,17.5,0.25,0.25,0.5,4.5
16,20,1,39,15,40,7.813781191217037,3.9068905956085187,0.06666666666666667,0,0,0,0,8.625,11.0,17.625,0.375,0.375,0.625,5.0
16,21,-1,47,11,39,6.918863237274595,3.4594316186372973,0.09090909090909091,0,0,0,0,8.5,11.5,18.0,0.75,0.25,0.5,5.5
16,22,1,5,15,38,7.813781191217037,3.9068905956085187,0.06666666666666667,0,0,0,0,7.375,11.999999999999998,18.375,0.625,0.625,0.375,6.0
16,23,-1,31,7,37,5.614709844115208,2.807354922057604,0.14285714285714285,0,0,0,0,5.999999999999999,12.500000000000002,19.0,0.75,0.25,0.5,6.5
16,24,1,25,11,36,6.918863237274595,3.4594316186372973,0.09090909090909091,0,0,0,0,5.125000000000001,12.999999999999998,19.625,0.375,0.375,0.625,7.0
16,25,-1,24,7,35,5.614709844115208,2.807354922057604,0.14285714285714285,0,0,0,0,5.25,16.500000000000004,20.75,0.5,0.5,0.75,6.5
16,26,1,16,10,34,6.643856189774724,3.321928094887362,0.1,0,0,0,0,3.1250000000000004,16.0,21.625,0.875,0.875,0.625,6.0
16,27,-1,8,11,33,6.918863237274595,3.4594316186372973,0.09090909090909091,0,0,0,0,2.9999999999999996,19.500000000000004,22.5,1.25,1.25,0.5,5.5
16,28,1,50,8,32,6.0,3.0,0.125,0,0,0,0,3.6250000000000004,17.999999999999996,22.625,1.375,1.375,0.625,6.0
16,29,-1,17,13,31,7.400879436282184,3.700439718141092,0.07692307692307693,0,0,0,0,2.0000000000000004,15.5,23.5,1.75,1.25,1.0,5.5
16,30,1,33,7,30,5.614709844115208,2.807354922057604,0.14285714285714285,0,0,0,0,2.125,12.999999999999998,24.625,2.375,1.375,0.625,5.0
16,31,-1,10,11,29,6.918863237274595,3.4594316186372973,0.09090909090909091,0,0,0,0,2.5000000000000004,18.5,26.0,2.25,1.75,0.5,4.5
16,32,1,52,6,28,5.169925001442312,2.584962500721156,0.16666666666666666,0,0,0,0,2.3749999999999996,17.0,27.375,1.625,1.625,0.375,5.0
16,33,-1,3,14,27,7.614709844115208,3.807354922057604,0.07142857142857142,0,0,0,0,3.5,18.5,29.0,1.75,1.25,0.5,4.5
16,34,1,2,6,26,5.169925001442312,2.584962500721156,0.16666666666666666,0,0,0,0,5.125000000000001,21.0,30.125,1.375,0.875,0.625,5.0
16,35,-1,53,14,25,7.614709844115208,3.807354922057604,0.07142857142857142,0,0,0,0,1.2500000000000002,21.5,31.25,1.0,0.5,0.75,5.5
16,36,1,61,5,24,4.643856189774724,2.321928094887362,0.2,0,0,0,0,2.3749999999999996,17.0,32.875,0.625,0.625,0.875,5.0
16,37,-1,51,14,23,7.614709844115208,3.807354922057604,0.07142857142857142,0,0,0,0,4.25,12.500000000000002,34.25,0.5,0.5,1.25,4.5
16,38,1,58,6,22,5.169925001442312,2.584962500721156,0.16666666666666666,0,0,0,0,3.6250000000000004,14.0,36.125,0.375,0.375,1.125,4.0
16,39,-1,42,13,21,7.400879436282184,3.700439718141092,0.07692307692307693,0,0,0,0,4.750000000000001,17.5,37.75,0.5,0.5,0.75,3.5
16,40,1,41,7,20,5.614709844115208,2.807354922057604,0.14285714285714285,0,0,0,0,2.5000000000000004,19.000000000000004,39.5,0.5,0.5,0.5,3.0
16,41,-1,59,10,19,6.643856189774724,3.321928094887362,0.1,0,0,0,0,7.375,14.500000000000002,41.375,0.375,0.375,0.375,2.5
16,42,1,54,5,18,4.643856189774724,2.321928094887362,0.2,0,0,0,0,3.2499999999999996,20.000000000000004,42.75,0.75,0.25,0.25,2.0
16,43,-1,60,10,17,6.643856189774724,3.321928094887362,0.1,0,0,0,0,6.499999999999999,18.5,43.0,0.75,0.25,0.5,2.5
16,44,1,9,5,16,4.643856189774724,2.321928094887362,0.2,0,0,0,0,6.625000000000001,22.0,44.625,0.375,0.375,0.625,2.0
16,45,-1,55,8,15,6.0,3.0,0.125,0,0,0,0,7.875,23.500000000000004,45.375,0.375,0.375,1.375,1.5
16,46,1,63,3,14,3.169925001442312,1.584962500721156,0.3333333333333333,0,0,0,0,7.249999999999999,25.0,45.75,0.75,0.75,1.75,1.0
16,47,-1,62,7,13,5.614709844115208,2.807354922057604,0.14285714285714285,0,0,0,0,8.5,23.500000000000004,46.0,0.75,0.75,2.0,1.5
16,48,1,15,1,12,0.0,0.0,1.0,0,0,0,0,8.125,28.000000000000004,46.625,0.375,0.375,2.625,2.0
16,49,-1,0,7,11,5.614709844115208,2.807354922057604,0.14285714285714285,0,0,0,0,8.5,32.5,47.5,0.25,0.75,2.0,2.5
16,50,1,1,1,10,0.0,0.0,1.0,0,0,0,0,9.249999999999998,32.00000000000001,48.25,0.25,0.75,2.75,2.0
16,51,-1,40,7,9,5.614709844115208,2.807354922057604,0.14285714285714285,0,0,0,0,8.375,35.5,49.375,0.375,0.375,3.375,1.5
16,52,1,49,3,8,3.169925001442312,1.584962500721156,0.3333333333333333,0,0,0,0,8.75,39.0,51.25,0.25,0.25,3.25,1.0
16,53,-1,48,5,7,4.643856189774724,2.321928094887362,0.2,0,0,0,0,4.0,37.5,52.5,0.25,0.25,2.5,1.5
16,54,1,56,2,6,2.0,1.0,0.5,0,0,0,0,1.375,45.00000000000001,53.875,0.625,0.625,1.875,1.0
16,55,-1,57,4,5,4.0,2.0,0.25,0,0,0,0,1.6249999999999998,45.5,55.125,0.625,0.625,1.125,1.5
16,56,1,32,1,4,0.0,0.0,1.0,0,0,0,0,1.2500000000000002,47.99999999999999,56.75,0.25,0.25,0.75,2.0
16,57,-1,6,2,3,2.0,1.0,0.5,0,0,0,0,2.125,43.5,58.625,0.125,0.125,0.625,1.5
16,58,1,14,1,2,0.0,0.0,1.0,0,0,0,0,3.5,28.999999999999996,60.5,0.0,0.0,0.5,1.0
16,59,-1,7,1,1,0.0,0.0,1.0,0,0,0,0,2.25,34.5,62.25,0.0,0.0,0.25,0.5
17,0,1,26,4,60,4.0,2.0,0.25,246196,61549,1,1,0.0,0.0,4.0,0.0,0.0,0.0,0.0
17,1,-1,20,3,59,2.2346638063499955,1.584962500721156,0.6374122693007538,61549,39233,1,1,1.1249999999999998,2.5000000000000004,4.125,0.125,0.125,0.125,0.5
17,2,1,45,5,58,3.163512262897709,2.321928094887362,0.5580304806565064,39233,21895,1,1,0.0,5.000000000000001,4.5,0.5,0.0,0.0,1.0
17,3,-1,42,4,57,8.6838677511601,2.0,0.009726471528380291,21895,212,1,1,1.2500000000000002,3.5,4.75,0.5,0.0,0.25,1.5
17,4,1,34,6,56,4.013296822613458,2.584962500721156,0.37155963302752293,212,80,1,1,0.0,2.0000000000000004,5.5,0.5,0.0,0.0,2.0
17,5,-1,25,4,55,3.807354922057604,2.0,0.2857142857142857,80,23,1,1,1.1249999999999998,4.499999999999999,6.125,0.125,0.125,0.125,2.5
17,6,1,19,9,54,4.639410284743533,3.169925001442312,0.3611111111111111,27,12,1,1,0.25,7.000000000000001,6.25,0.25,0.25,0.25,3.0
17,7,-1,43,6,53,5.39231742277876,2.584962500721156,0.14285714285714285,15,2,1,1,1.1249999999999998,5.5,7.125,0.125,0.125,0.125,3.5
17,8,1,37,12,52,5.807354922057604,3.584962500721156,0.21428571428571427,2,2,1,1,2.25,5.000000000000001,8.25,0.25,0.25,0.25,3.0
17,9,-1,18,7,51,5.977279923499917,2.807354922057604,0.1111111111111111,2,0,1,0,4.625,4.499999999999999,9.625,0.625,0.125,0.125,2.5
17,10,1,13,12,50,7.169925001442312,3.584962500721156,0.08333333333333333,0,0,0,0,6.374999999999999,5.999999999999999,10.875,0.625,0.125,0.375,2.0
17,11,-1,44,7,49,5.614709844115208,2.807354922057604,0.14285714285714285,0,0,0,0,5.000000000000001,8.5,11.0,0.75,0.25,0.5,2.5
17,12,1,52,11,48,6.918863237274595,3.4594316186372973,0.09090909090909091,0,0,0,0,2.625,10.000000000000002,12.625,0.375,0.375,0.625,2.0
17,13,-1,29,8,47,5.169925001442312,3.0,0.2222222222222222,1,1,1,1,1.4999999999999998,12.500000000000002,13.0,0.25,0.25,1.0,2.5
17,14,1,21,8,46,4.7369655941662066,3.0,0.3,2,2,1,1,4.875000000000001,10.000000000000002,14.875,0.125,0.125,0.875,2.0
17,15,-1,12,11,45,6.159871336778389,3.4594316186372973,0.15384615384615385,2,1,1,1,4.125000000000001,13.5,16.625,0.125,0.125,0.625,1.5
17,16,1,4,12,44,7.285402218862249,3.584962500721156,0.07692307692307693,1,0,1,0,4.750000000000001,11.999999999999998,17.25,0.25,0.25,0.25,2.0
17,17,-1,30,10,43,6.643856189774724,3.321928094887362,0.1,0,0,0,0,0.37499999999999994,18.5,17.375,0.375,0.375,0.375,2.5
17,18,1,38,12,42,7.169925001442312,3.584962500721156,0.08333333333333333,0,0,0,0,1.7500000000000002,15.000000000000002,18.25,0.25,0.25,0.25,3.0
17,19,-1,51,12,41,7.169925001442312,3.584962500721156,0.08333333333333333,0,0,0,0,1.375,18.5,19.375,0.375,0.375,0.375,2.5
17,20,1,31,11,40,6.918863237274595,3.4594316186372973,0.09090909090909091,0,0,0,0,3.2499999999999996,16.0,20.75,0.75,0.25,0.25,2.0
17,21,-1,60,11,39,6.918863237274595,3.4594316186372973,0.09090909090909091,0,0,0,0,4.125000000000001,16.500000000000004,21.125,0.625,0.125,0.625,2.5
17,22,1,50,9,38,6.339850002884624,3.169925001442312,0.1111111111111111,0,0,0,0,3.2499999999999996,17.0,21.75,0.75,0.25,0.25,3.0
17,23,-1,39,11,37,6.918863237274595,3.4594316186372973,0.09090909090909091,0,0,0,0,2.125,14.500000000000002,22.125,1.125,0.625,0.625,2.5
17,24,1,61,15,36,7.813781191217037,3.9068905956085187,0.06666666666666667,0,0,0,0,2.5000000000000004,12.999999999999998,23.0,1.0,0.5,0.5,3.0
17,25,-1,23,14,35,7.614709844115208,3.807354922057604,0.07142857142857142,0,0,0,0,2.125,13.5,23.125,1.125,0.625,0.625,3.5
17,26,1,47,11,34,6.918863237274595,3.4594316186372973,0.09090909090909091,0,0,0,0,2.9999999999999996,14.0,23.5,1.5,0.5,0.5,4.0
17,27,-1,55,13,33,7.400879436282184,3.700439718141092,0.07692307692307693,0,0,0,0,2.625,16.500000000000004,24.125,1.125,0.625,0.625,4.5
17,28,1,59,11,32,6.918863237274595,3.4594316186372973,0.09090909090909091,0,0,0,0,2.75,17.0,24.25,1.25,0.75,0.75,5.0
17,29,-1,53,10,31,6.643856189774724,3.321928094887362,0.1,0,0,0,0,2.875,14.500000000000002,25.375,1.375,0.875,0.875,4.5
17,30,1,46,12,30,7.169925001442312,3.584962500721156,0.08333333333333333,0,0,0,0,3.5,12.999999999999998,26.0,1.0,1.5,0.5,5.0
17,31,-1,22,9,29,6.339850002884624,3.169925001442312,0.1111111111111111,0,0,0,0,3.875,17.5,26.875,1.375,0.875,0.375,5.5
17,32,1,11,10,28,6.643856189774724,3.321928094887362,0.1,0,0,0,0,4.499999999999999,17.999999999999996,28.0,1.0,0.5,0.5,6.0
17,33,-1,10,9,27,6.339850002884624,3.169925001442312,0.1111111111111111,0,0,0,0,5.125000000000001,13.5,29.625,0.625,0.625,0.625,5.5
17,34,1,1,12,26,7.169925001442312,3.584962500721156,0.08333333333333333,0,0,0,0,4.0,17.0,31.0,0.5,1.0,0.5,5.0
17,35,-1,3,8,25,6.0,3.0,0.125,0,0,0,0,10.375000000000002,13.5,31.375,0.375,0.875,0.875,5.5
17,36,1,2,12,24,7.169925001442312,3.584962500721156,0.08333333333333333,0,0,0,0,9.249999999999998,17.0,32.75,0.25,1.25,0.75,5.0
17,37,-1,5,8,23,6.0,3.0,0.125,0,0,0,0,9.625,14.500000000000002,33.625,0.625,1.125,1.125,4.5
17,38,1,6,11,22,6.918863237274595,3.4594316186372973,0.09090909090909091,0,0,0,0,8.25,17.0,34.75,0.25,1.25,0.75,5.0
17,39,-1,54,6,21,5.169925001442312,2.584962500721156,0.16666666666666666,0,0,0,0,9.875,15.5,35.375,0.375,1.375,0.375,5.5
17,40,1,24,9,20,6.339850002884624,3.169925001442312,0.1111111111111111,0,0,0,0,7.625000000000001,11.999999999999998,35.625,0.375,1.375,0.625,6.0
17,41,-1,33,8,19,6.0,3.0,0.125,0,0,0,0,11.75,15.5,37.25,0.5,1.0,0.75,5.5
17,42,1,40,9,18,6.339850002884624,3.169925001442312,0.1111111111111111,0,0,0,0,7.625000000000001,19.000000000000004,39.125,0.375,0.875,0.625,5.0
17,43,-1,16,5,17,4.643856189774724,2.321928094887362,0.2,0,0,0,0,14.0,16.500000000000004,40.5,0.75,0.75,0.5,4.5
17,44,1,63,9,16,6.339850002884624,3.169925001442312,0.1111111111111111,0,0,0,0,12.125,14.0,42.125,0.375,0.875,0.625,4.0
17,45,-1,62,6,15,5.169925001442312,2.584962500721156,0.16666666666666666,0,0,0,0,12.375,14.500000000000002,42.375,0.375,0.875,0.875,4.5
17,46,1,32,8,14,6.0,3.0,0.125,0,0,0,0,12.25,16.0,43.25,0.25,1.25,1.25,4.0
17,47,-1,48,6,13,5.169925001442312,2.584962500721156,0.16666666666666666,0,0,0,0,13.625,17.5,45.125,0.125,1.125,1.125,3.5
17,48,1,41,4,12,4.0,2.0,0.25,0,0,0,0,11.75,11.999999999999998,46.25,0.25,0.75,0.75,4.0
17,49,-1,58,5,11,4.643856189774724,2.321928094887362,0.2,0,0,0,0,16.875,13.5,47.875,0.375,0.375,0.875,3.5
17,50,1,57,3,10,3.169925001442312,1.584962500721156,0.3333333333333333,0,0,0,0,13.25,27.0,49.75,0.25,0.25,0.75,3.0
17,51,-1,49,3,9,3.169925001442312,1.584962500721156,0.3333333333333333,0,0,0,0,9.625,16.500000000000004,51.125,0.125,0.625,0.625,2.5
17,52,1,14,2,8,2.0,1.0,0.5,0,0,0,0,4.375,17.0,51.875,0.125,0.625,0.375,3.0
17,53,-1,7,3,7,3.169925001442312,1.584962500721156,0.3333333333333333,0,0,0,0,10.625000000000002,12.500000000000002,53.125,0.125,0.625,0.625,2.5
17,54,1,15,1,6,0.0,0.0,1.0,0,0,0,0,10.375000000000002,11.0,53.875,0.125,0.625,0.375,3.0
17,55,-1,17,2,5,2.0,1.0,0.5,0,0,0,0,17.0,22.5,55.5,0.25,0.25,0.5,2.5
17,56,1,56,3,4,3.169925001442312,1.584962500721156,0.3333333333333333,0,0,0,0,9.875,30.0,57.375,0.125,0.125,0.375,2.0
17,57,-1,0,1,3,0.0,0.0,1.0,0,0,0,0,16.125,29.5,58.625,0.125,0.125,0.625,1.5
17,58,1,8,2,2,2.0,1.0,0.5,0,0,0,0,8.875,42.99999999999999,60.375,0.125,0.125,0.375,1.0
17,59,-1,9,1,1,0.0,0.0,1.0,0,0,0,0,15.750000000000002,32.5,62.25,0.0,0.0,0.25,0.5
18,0,1,19,4,60,4.0,2.0,0.25,246196,61549,1,1,0.0,0.0,4.0,0.0,0.0,0.0,0.0
18,1,-1,34,3,59,2.2346638063499955,1.584962500721156,0.6374122693007538,61549,39233,1,1,1.1249999999999998,2.5000000000000004,4.125,0.125,0.125,0.125,0.5
18,2,1,43,5,58,4.496253552987338,2.321928094887362,0.2215454406442734,39233,8692,1,1,0.0,5.000000000000001,4.5,0.5,0.0,0.0,1.0
18,3,-1,18,4,57,7.6598714703252115,2.0,0.019779208831646734,8692,171,1,1,1.1249999999999998,3.5,5.125,0.125,0.125,0.125,1.5
18,4,1,26,7,56,3.143537000625208,2.807354922057604,0.7921348314606742,171,140,1,1,0.37499999999999994,2.0000000000000004,5.375,0.125,0.125,0.375,2.0
18,5,-1,20,3,55,2.422905742612183,1.584962500721156,0.5594405594405595,140,79,1,1,1.7500000000000002,4.499999999999999,6.25,0.0,0.0,0.25,2.5
18,6,1,42,9,54,4.06495544184077,3.169925001442312,0.5377358490566038,97,56,1,1,1.375,5.999999999999999,7.375,0.125,0.125,0.375,2.0
18,7,-1,25,6,53,3.3527890585921227,2.584962500721156,0.5873015873015873,57,36,1,1,1.1249999999999998,6.499999999999999,8.125,0.125,0.125,0.125,2.5
18,8,1,17,8,52,4.552541023028779,3.0,0.3409090909090909,36,14,1,1,1.2500000000000002,7.000000000000001,8.25,0.25,0.25,0.25,3.0
18,9,-1,16,8,51,5.146841388329271,3.0,0.22580645161290322,23,6,1,1,1.375,7.5,8.375,0.375,0.375,0.375,3.5
18,10,1,11,9,50,5.076815597050831,3.169925001442312,0.26666666666666666,6,3,1,1,1.4999999999999998,8.000000000000002,8.5,0.5,0.5,0.5,4.0
18,11,-1,10,9,49,5.285402218862249,3.169925001442312,0.23076923076923078,4,2,1,1,1.375,10.5,8.875,0.375,0.375,0.875,4.5
18,12,1,12,11,48,5.574908836057233,3.4594316186372973,0.23076923076923078,2,2,1,1,0.7499999999999999,11.0,9.25,0.25,0.25,1.25,5.0
18,13,-1,41,9,47,6.6293566200796095,3.169925001442312,0.09090909090909091,2,0,1,0,1.875,11.5,9.875,0.375,0.375,0.875,5.5
18,14,1,33,12,46,7.169925001442312,3.584962500721156,0.08333333333333333,0,0,0,0,2.5000000000000004,10.000000000000002,10.5,0.5,0.5,0.5,6.0
18,15,-1,50,10,45,6.643856189774724,3.321928094887362,0.1,0,0,0,0,3.875,10.5,11.375,0.375,0.375,0.375,6.5
18,16,1,29,10,44,6.643856189774724,3.321928094887362,0.1,0,0,0,0,5.749999999999999,9.0,12.25,0.25,0.25,0.25,7.0
18,17,-1,44,11,43,6.918863237274595,3.4594316186372973,0.09090909090909091,0,0,0,0,4.625,12.500000000000002,13.625,0.125,0.125,0.625,6.5
18,18,1,24,10,42,6.643856189774724,3.321928094887362,0.1,0,0,0,0,7.749999999999999,11.999999999999998,15.25,0.25,0.25,0.25,6.0
18,19,-1,37,7,41,5.614709844115208,2.807354922057604,0.14285714285714285,0,0,0,0,5.375,16.500000000000004,15.375,0.375,0.375,0.375,6.5
18,20,1,51,13,40,7.400879436282184,3.700439718141092,0.07692307692307693,0,0,0,0,6.75,14.0,17.25,0.25,0.25,0.25,6.0
18,21,-1,58,13,39,7.400879436282184,3.700439718141092,0.07692307692307693,0,0,0,0,5.375,13.5,18.375,0.375,0.375,0.375,5.5
18,22,1,53,15,38,7.813781191217037,3.9068905956085187,0.06666666666666667,0,0,0,0,3.7500000000000004,16.0,18.75,0.75,0.25,0.25,6.0
18,23,-1,52,13,37,7.400879436282184,3.700439718141092,0.07692307692307693,0,0,0,0,3.375,19.500000000000004,19.875,0.875,0.375,0.375,5.5
18,24,1,40,14,36,7.614709844115208,3.807354922057604,0.07142857142857142,0,0,0,0,2.75,21.0,21.25,0.75,0.75,0.25,5.0
18,25,-1,32,12,35,7.169925001442312,3.584962500721156,0.08333333333333333,0,0,0,0,1.375,21.5,21.875,0.375,0.875,0.375,5.5
18,26,1,21,11,34,6.918863237274595,3.4594316186372973,0.09090909090909091,0,0,0,0,2.75,22.0,22.25,0.25,1.25,0.25,6.0
18,27,-1,48,9,33,6.339850002884624,3.169925001442312,0.1111111111111111,0,0,0,0,4.0,19.500000000000004,23.5,0.25,1.25,0.5,5.5
18,28,1,46,11,32,6.918863237274595,3.4594316186372973,0.09090909090909091,0,0,0,0,5.125000000000001,20.000000000000004,23.625,0.375,1.375,0.625,6.0
18,29,-1,38,10,31,6.643856189774724,3.321928094887362,0.1,0,0,0,0,4.0,19.500000000000004,25.0,0.25,1.25,1.0,5.5
18,30,1,47,12,30,7.169925001442312,3.584962500721156,0.08333333333333333,0,0,0,0,5.125000000000001,21.0,26.625,0.375,0.875,1.125,5.0
18,31,-1,30,10,29,6.643856189774724,3.321928094887362,0.1,0,0,0,0,3.5,24.5,27.5,0.75,1.25,1.0,4.5
18,32,1,39,10,28,6.643856189774724,3.321928094887362,0.1,0,0,0,0,7.875,20.000000000000004,29.375,0.625,1.125,0.875,4.0
18,33,-1,3,13,27,7.400879436282184,3.700439718141092,0.07692307692307693,0,0,0,0,7.000000000000001,23.500000000000004,30.0,0.75,1.75,1.0,3.5
18,34,1,45,8,26,6.0,3.0,0.125,0,0,0,0,7.875,22.0,30.875,0.625,1.125,1.375,4.0
18,35,-1,23,11,25,6.918863237274595,3.4594316186372973,0.09090909090909091,0,0,0,0,4.625,27.5,32.625,0.625,1.125,1.125,3.5
18,36,1,61,11,24,6.918863237274595,3.4594316186372973,0.09090909090909091,0,0,0,0,6.75,21.0,33.75,0.25,1.75,1.25,3.0
18,37,-1,60,10,23,6.643856189774724,3.321928094887362,0.1,0,0,0,0,4.625,23.500000000000004,35.125,0.125,1.125,1.125,3.5
18,38,1,1,9,22,6.339850002884624,3.169925001442312,0.1111111111111111,0,0,0,0,6.75,21.0,36.25,0.25,0.75,1.75,3.0
18,39,-1,31,9,21,6.339850002884624,3.169925001442312,0.1111111111111111,0,0,0,0,5.125000000000001,21.5,36.625,0.625,0.625,1.625,3.5
18,40,1,15,7,20,5.614709844115208,2.807354922057604,0.14285714285714285,0,0,0,0,7.5,17.0,38.0,1.0,1.0,1.0,3.0
18,41,-1,22,8,19,6.0,3.0,0.125,0,0,0,0,5.625,22.5,38.625,1.625,1.125,1.125,2.5
18,42,1,13,7,18,5.614709844115208,2.807354922057604,0.14285714285714285,0,0,0,0,8.25,22.0,40.25,1.75,1.25,0.75,2.0
18,43,-1,4,9,17,6.339850002884624,3.169925001442312,0.1111111111111111,0,0,0,0,6.125,25.499999999999996,42.125,1.625,1.125,0.625,1.5
18,44,1,59,5,16,4.643856189774724,2.321928094887362,0.2,0,0,0,0,10.25,23.999999999999996,43.75,1.25,0.75,0.25,2.0
18,45,-1,62,7,15,5.614709844115208,2.807354922057604,0.14285714285714285,0,0,0,0,2.625,35.5,45.625,1.125,0.625,0.125,1.5
18,46,1,9,6,14,5.169925001442312,2.584962500721156,0.16666666666666666,0,0,0,0,4.499999999999999,35.0,46.5,2.0,0.5,0.0,1.0
18,47,-1,54,7,13,5.614709844115208,2.807354922057604,0.14285714285714285,0,0,0,0,11.75,33.5,46.75,2.0,0.5,0.25,1.5
18,48,1,2,6,12,5.169925001442312,2.584962500721156,0.16666666666666666,0,0,0,0,13.5,30.999999999999996,47.5,2.0,0.5,1.0,1.0
18,49,-1,5,5,11,4.643856189774724,2.321928094887362,0.2,0,0,0,0,11.125,28.5,49.125,2.125,0.125,1.125,0.5
18,50,1,14,7,10,5.614709844115208,2.807354922057604,0.14285714285714285,0,0,0,0,11.0,25.999999999999996,51.0,2.0,0.0,1.0,0.0
18,51,-1,0,2,9,2.0,1.0,0.5,0,0,0,0,10.25,24.5,52.25,2.0,0.0,0.25,0.5
18,52,1,49,4,8,4.0,2.0,0.25,0,0,0,0,7.5,17.0,52.5,2.0,0.0,0.5,1.0
18,53,-1,57,2,7,2.0,1.0,0.5,0,0,0,0,6.75,14.500000000000002,54.25,2.0,0.0,0.25,0.5
18,54,1,56,3,6,3.169925001442312,1.584962500721156,0.3333333333333333,0,0,0,0,11.375,21.0,55.375,1.125,0.125,0.375,1.0
18,55,-1,6,1,5,0.0,0.0,1.0,0,0,0,0,10.125,19.500000000000004,56.125,1.125,0.125,0.125,1.5
18,56,1,63,4,4,4.0,2.0,0.25,0,0,0,0,19.500000000000004,15.000000000000002,57.5,0.5,0.5,0.5,1.0
18,58,1,55,3,3,3.169925001442312,1.584962500721156,0.3333333333333333,0,0,0,0,13.75,28.5,58.75,0.5,0.5,0.75,0.5
18,60,1,7,2,2,2.0,1.0,0.5,0,0,0,0,5.375,33.0,60.375,0.125,0.125,0.375,1.0
18,62,1,8,1,1,0.0,0.0,1.0,0,0,0,0,7.125,30.500000000000004,62.125,0.125,0.125,0.125,0.5
19,0,1,26,4,60,4.0,2.0,0.25,246196,61549,1,1,0.0,0.0,4.0,0.0,0.0,0.0,0.0
19,1,-1,18,3,59,3.090070792267306,1.584962500721156,0.35230374317650115,61549,21684,1,1,1.1249999999999998,2.5000000000000004,4.125,0.125,0.125,0.125,0.5
19,2,1,19,4,58,2.0238777851547174,2.0,0.9835853928439691,21684,21331,1,1,0.37499999999999994,1.0,4.375,0.125,0.125,0.375,1.0
19,3,-1,34,2,57,2.0,1.0,0.5,42662,21331,1,1,1.7500000000000002,3.5,4.75,0.0,0.0,0.75,1.5
19,4,1,25,9,56,4.875260881868467,3.169925001442312,0.3066498434506285,21390,6561,1,1,0.37499999999999994,5.999999999999999,5.375,0.125,0.125,0.375,2.0
19,5,-1,17,6,55,6.034760059912073,2.584962500721156,0.09151819704583523,6561,600,1,1,0.5000000000000001,6.499999999999999,5.5,0.25,0.25,0.5,2.5
19,6,1,16,9,54,7.804518269888069,3.169925001442312,0.040257648953301126,612,24,1,1,0.6250000000000001,7.000000000000001,5.625,0.375,0.375,0.625,3.0
19,7,-1,20,9,53,8.214319120800766,3.169925001442312,0.030303030303030304,24,0,1,0,0.7499999999999999,7.5,5.75,0.5,0.5,0.75,3.5
19,8,1,33,8,52,6.0,3.0,0.125,0,0,0,0,5.125000000000001,4.0,6.625,0.375,0.375,0.625,4.0
19,9,-1,32,6,51,5.169925001442312,2.584962500721156,0.16666666666666666,0,0,0,0,5.000000000000001,4.499999999999999,7.0,0.25,0.75,0.5,4.5
19,10,1,41,9,50,6.339850002884624,3.169925001442312,0.1111111111111111,0,0,0,0,4.625,5.000000000000001,7.125,0.375,0.875,0.625,5.0
19,11,-1,11,7,49,5.614709844115208,2.807354922057604,0.14285714285714285,0,0,0,0,5.5,5.5,7.5,0.25,1.25,0.5,5.5
19,12,1,10,10,48,6.643856189774724,3.321928094887362,0.1,0,0,0,0,5.625,5.999999999999999,8.125,0.375,0.875,0.625,6.0
19,13,-1,40,8,47,6.0,3.0,0.125,0,0,0,0,6.25,6.499999999999999,8.75,0.5,0.5,0.75,6.5
19,14,1,42,9,46,6.339850002884624,3.169925001442312,0.1111111111111111,0,0,0,0,8.625,7.000000000000001,9.125,0.375,0.875,0.625,7.0
19,15,-1,50,8,45,6.0,3.0,0.125,0,0,0,0,7.375,7.5,9.875,0.375,0.875,0.375,7.5
19,16,1,4,12,44,7.169925001442312,3.584962500721156,0.08333333333333333,0,0,0,0,6.25,8.000000000000002,10.75,0.25,0.75,0.25,8.0
19,17,-1,51,8,43,6.0,3.0,0.125,0,0,0,0,5.125000000000001,8.5,11.125,0.125,0.625,0.625,8.5
19,18,1,12,12,42,7.169925001442312,3.584962500721156,0.08333333333333333,0,0,0,0,4.499999999999999,9.0,12.0,0.0,0.5,0.5,9.0
19,19,-1,43,7,41,5.614709844115208,2.807354922057604,0.14285714285714285,0,0,0,0,4.625,10.5,13.125,0.125,0.625,0.625,8.5
19,20,1,21,10,40,6.643856189774724,3.321928094887362,0.1,0,0,0,0,4.25,10.000000000000002,14.25,0.25,0.75,0.75,8.0
19,21,-1,2,8,39,6.0,3.0,0.125,0,0,0,0,4.499999999999999,13.5,15.5,0.25,0.75,1.0,7.5
19,22,1,3,9,38,6.339850002884624,3.169925001442312,0.1111111111111111,0,0,0,0,5.125000000000001,14.0,16.125,0.375,0.375,1.125,8.0
19,23,-1,5,8,37,6.0,3.0,0.125,0,0,0,0,4.750000000000001,14.500000000000002,16.75,0.5,0.5,0.75,8.5
19,24,1,37,8,36,6.0,3.0,0.125,0,0,0,0,8.125,12.999999999999998,17.625,0.375,0.375,0.625,9.0
19,25,-1,29,9,35,6.339850002884624,3.169925001442312,0.1111111111111111,0,0,0,0,4.0,16.500000000000004,19.0,0.75,0.25,0.5,8.5
19,26,1,44,6,34,5.169925001442312,2.584962500721156,0.16666666666666666,0,0,0,0,10.125,11.999999999999998,20.625,0.375,0.375,0.625,8.0
19,27,-1,1,11,33,6.918863237274595,3.4594316186372973,0.09090909090909091,0,0,0,0,5.999999999999999,11.5,22.5,0.25,0.25,0.5,7.5
19,28,1,52,6,32,5.169925001442312,2.584962500721156,0.16666666666666666,0,0,0,0,7.125,14.0,22.625,0.375,0.375,0.625,8.0
19,29,-1,46,11,31,6.918863237274595,3.4594316186372973,0.09090909090909091,0,0,0,0,4.499999999999999,19.500000000000004,24.0,0.25,0.75,0.5,7.5
19,30,1,45,10,30,6.643856189774724,3.321928094887362,0.1,0,0,0,0,4.625,22.999999999999996,25.125,0.375,0.875,0.625,7.0
19,31,-1,38,9,29,6.339850002884624,3.169925001442312,0.1111111111111111,0,0,0,0,6.374999999999999,20.500000000000004,26.875,0.375,0.875,0.375,6.5
19,32,1,30,12,28,7.169925001442312,3.584962500721156,0.08333333333333333,0,0,0,0,5.000000000000001,25.999999999999996,28.5,0.5,0.5,0.5,6.0
19,33,-1,23,10,27,6.643856189774724,3.321928094887362,0.1,0,0,0,0,6.374999999999999,23.500000000000004,30.375,0.375,0.375,0.375,5.5
19,34,1,58,12,26,7.169925001442312,3.584962500721156,0.08333333333333333,0,0,0,0,6.499999999999999,21.0,31.5,0.5,0.5,0.5,5.0
19,35,-1,60,11,25,6.918863237274595,3.4594316186372973,0.09090909090909091,0,0,0,0,5.875000000000001,20.500000000000004,32.875,0.375,0.375,0.875,4.5
19,36,1,61,12,24,7.169925001442312,3.584962500721156,0.08333333333333333,0,0,0,0,9.249999999999998,17.999999999999996,33.75,0.75,0.75,0.75,4.0
19,37,-1,59,11,23,6.918863237274595,3.4594316186372973,0.09090909090909091,0,0,0,0,6.374999999999999,21.5,35.375,0.875,0.875,0.375,3.5
19,38,1,53,12,22,7.169925001442312,3.584962500721156,0.08333333333333333,0,0,0,0,10.000000000000002,17.0,36.5,0.5,1.5,0.5,3.0
19,39,-1,22,6,21,5.169925001442312,2.584962500721156,0.16666666666666666,0,0,0,0,12.375,20.500000000000004,37.875,0.375,1.375,0.875,2.5
19,40,1,14,12,20,7.169925001442312,3.584962500721156,0.08333333333333333,0,0,0,0,10.5,23.999999999999996,39.5,0.5,1.5,0.5,2.0
19,41,-1,13,7,19,5.614709844115208,2.807354922057604,0.14285714285714285,0,0,0,0,11.75,22.5,39.75,0.5,1.5,0.75,2.5
19,42,1,47,12,18,7.169925001442312,3.584962500721156,0.08333333333333333,0,0,0,0,11.624999999999998,23.999999999999996,41.625,0.375,1.375,0.625,2.0
19,43,-1,49,11,17,6.918863237274595,3.4594316186372973,0.09090909090909091,0,0,0,0,10.000000000000002,21.5,43.5,0.25,1.25,0.5,1.5
19,44,1,31,8,16,6.0,3.0,0.125,0,0,0,0,10.749999999999998,21.0,44.25,0.25,1.25,1.25,1.0
19,45,-1,39,11,15,6.918863237274595,3.4594316186372973,0.09090909090909091,0,0,0,0,6.125,22.5,45.625,0.625,0.625,1.625,0.5
19,46,1,15,9,14,6.339850002884624,3.169925001442312,0.1111111111111111,0,0,0,0,16.75,22.999999999999996,47.25,0.25,0.25,1.25,1.0
19,47,-1,57,8,13,6.0,3.0,0.125,0,0,0,0,9.625,29.5,47.625,0.625,0.125,1.125,1.5
19,48,1,56,7,12,5.614709844115208,2.807354922057604,0.14285714285714285,0,0,0,0,9.249999999999998,28.000000000000004,48.25,0.25,0.25,1.25,2.0
19,49,-1,48,7,11,5.614709844115208,2.807354922057604,0.14285714285714285,0,0,0,0,10.000000000000002,32.5,48.5,0.25,0.25,1.5,2.5
19,50,1,24,6,10,5.169925001442312,2.584962500721156,0.16666666666666666,0,0,0,0,8.875,36.0,49.375,0.625,0.125,1.875,2.0
19,51,-1,9,5,9,4.643856189774724,2.321928094887362,0.2,0,0,0,0,10.25,31.5,51.25,0.5,0.0,1.75,1.5
19,52,1,55,6,8,5.169925001442312,2.584962500721156,0.16666666666666666,0,0,0,0,19.000000000000004,25.999999999999996,52.5,0.5,0.0,1.0,2.0
19,53,-1,54,3,7,3.169925001442312,1.584962500721156,0.3333333333333333,0,0,0,0,18.625,26.500000000000004,53.625,0.125,0.125,0.625,2.5
19,54,1,63,5,6,4.643856189774724,2.321928094887362,0.2,0,0,0,0,22.875000000000004,22.0,55.375,0.125,0.125,0.375,2.0
19,55,-1,62,3,5,3.169925001442312,1.584962500721156,0.3333333333333333,0,0,0,0,24.625,24.5,56.125,0.125,0.125,0.125,2.5
19,56,1,0,3,4,3.169925001442312,1.584962500721156,0.3333333333333333,0,0,0,0,25.0,22.0,57.5,0.5,0.0,0.0,2.0
19,57,-1,8,3,3,3.169925001442312,1.584962500721156,0.3333333333333333,0,0,0,0,26.249999999999996,21.5,58.75,0.5,0.0,0.25,1.5
19,58,1,6,1,2,0.0,0.0,1.0,0,0,0,0,26.874999999999996,21.0,60.375,0.125,0.125,0.375,1.0
19,59,-1,7,1,1,0.0,0.0,1.0,0,0,0,0,40.74999999999999,14.500000000000002,62.25,0.0,0.0,0.25,0.5
20,0,1,19,4,60,4.0,2.0,0.25,246196,61549,1,1,0.0,0.0,4.0,0.0,0.0,0.0,0.0
20,1,-1,34,3,59,2.2346638063499955,1.584962500721156,0.6374122693007538,61549,39233,1,1,1.1249999999999998,2.5000000000000004,4.125,0.125,0.125,0.125,0.5
20,2,1,43,5,58,4.496253552987338,2.321928094887362,0.2215454406442734,39233,8692,1,1,0.0,5.000000000000001,4.5,0.5,0.0,0.0,1.0
20,3,-1,20,4,57,2.0405471857299635,2.0,0.9722861085556578,8692,8454,1,1,1.1249999999999998,3.5,5.125,0.125,0.125,0.125,1.5
20,4,1,29,5,56,2.609976286759761,2.321928094887362,0.819009339165386,8454,6927,1,1,1.0,5.000000000000001,6.0,0.0,0.5,0.5,1.0
20,5,-1,42,11,55,3.5937986443852172,3.4594316186372973,0.9110694724704526,6927,6320,1,1,0.12500000000000003,8.5,7.125,0.125,0.125,1.125,0.5
20,6,1,37,9,54,3.5423896769832375,3.169925001442312,0.7724617085109743,6324,4891,1,1,1.375,7.000000000000001,7.375,0.125,0.125,1.375,1.0
20,7,-1,18,9,53,3.6878669908428314,3.169925001442312,0.6983673469387756,4891,3421,1,1,0.7499999999999999,9.499999999999998,8.75,0.0,0.0,0.75,1.5
20,8,1,26,9,52,3.19410125948436,3.169925001442312,0.9833819241982508,3421,3372,1,1,1.0,10.000000000000002,9.5,0.0,0.0,0.5,2.0
20,9,-1,33,9,51,3.2461506638940425,3.169925001442312,0.9485359361135759,3372,3206,1,1,2.125,7.5,11.125,0.125,0.125,0.125,1.5
20,10,1,13,9,50,4.276529573523081,3.169925001442312,0.4643856920684292,3206,1492,1,1,2.25,10.000000000000002,11.25,0.25,0.25,0.25,2.0
20,11,-1,44,9,49,3.2158217091434063,3.169925001442312,0.9686875416389074,1492,1453,1,1,2.3749999999999996,8.5,11.375,0.375,0.375,0.375,2.5
20,12,1,52,11,48,4.220243954757871,3.4594316186372973,0.5901639344262295,1453,863,1,1,2.75,10.000000000000002,13.25,0.25,0.25,0.25,2.0
20,13,-1,53,9,47,3.3363385378115287,3.169925001442312,0.8910550458715596,863,776,1,1,2.125,12.500000000000002,13.625,0.625,0.125,0.125,2.5
20,14,1,11,11,46,4.105236854339257,3.4594316186372973,0.639135959339263,776,502,1,1,2.5000000000000004,11.0,14.0,0.5,0.5,0.0,3.0
20,15,-1,45,12,45,3.768880774242968,3.584962500721156,0.8803088803088803,506,455,1,1,2.125,12.500000000000002,14.625,1.125,0.625,0.125,2.5
20,16,1,51,11,44,3.542258049766918,3.4594316186372973,0.944206008583691,455,439,1,1,3.375,11.999999999999998,15.875,1.125,0.625,0.375,2.0
20,17,-1,59,11,43,4.169925001442312,3.4594316186372973,0.6111111111111112,439,274,1,1,5.749999999999999,8.5,16.75,0.5,1.0,0.25,2.5
20,18,1,60,13,42,3.7778838035664406,3.700439718141092,0.9477351916376306,274,271,1,1,5.375,11.0,16.875,0.625,1.125,0.375,3.0
20,19,-1,61,10,41,3.411960295749835,3.321928094887362,0.9395017793594306,271,263,1,1,5.749999999999999,9.499999999999998,17.25,0.5,1.5,0.25,3.5
20,20,1,50,12,40,3.6525257845337906,3.584962500721156,0.954248366013072,294,291,1,1,4.375,14.0,17.375,0.625,1.625,0.375,4.0
20,21,-1,58,10,39,3.678449129599265,3.321928094887362,0.7810457516339869,296,238,1,1,9.0,9.499999999999998,18.0,0.75,2.25,0.5,3.5
20,22,1,32,12,38,6.596550474996368,3.584962500721156,0.124,238,30,1,1,9.375,11.999999999999998,18.375,0.625,2.625,0.375,4.0
20,23,-1,25,9,37,3.6479722982469562,3.169925001442312,0.717948717948718,30,27,1,1,11.999999999999998,10.5,19.0,0.75,2.25,0.5,4.5
20,24,1,41,9,36,3.5324950808270206,3.169925001442312,0.7777777777777778,27,27,1,1,7.625000000000001,15.000000000000002,20.125,0.375,1.875,0.625,5.0
20,25,-1,24,9,35,3.6394102847435326,3.169925001442312,0.7222222222222222,27,25,1,1,9.499999999999998,11.5,21.0,0.25,1.25,1.0,5.5
20,26,1,16,10,34,4.129283016944966,3.321928094887362,0.5714285714285714,25,19,1,1,12.875,11.999999999999998,21.875,0.125,1.125,0.875,6.0
20,27,-1,40,10,33,4.37255416795733,3.321928094887362,0.4827586206896552,19,13,1,1,11.0,12.500000000000002,22.5,0.25,0.75,1.0,6.5
20,28,1,17,9,32,4.169925001442312,3.169925001442312,0.5,13,10,1,1,11.875,12.999999999999998,23.375,0.125,0.625,0.875,7.0
20,29,-1,8,10,31,5.058893689053568,3.321928094887362,0.3,10,5,1,1,12.999999999999998,13.5,24.5,0.25,0.25,0.5,7.5
20,30,1,57,6,30,3.4594316186372973,2.584962500721156,0.5454545454545454,5,5,1,1,8.625,20.000000000000004,24.625,0.375,0.375,0.625,8.0
20,31,-1,56,11,29,4.874469117916141,3.4594316186372973,0.375,5,5,1,1,7.5,18.5,25.0,0.75,0.25,0.5,8.5
20,32,1,48,5,28,3.0588936890535683,2.321928094887362,0.6,5,5,1,1,8.25,19.000000000000004,25.25,0.75,0.25,0.75,9.0
20,33,-1,49,10,27,4.643856189774724,3.321928094887362,0.4,5,5,1,1,7.875,19.500000000000004,25.875,0.375,0.375,0.875,9.5
20,34,1,0,4,26,2.584962500721156,2.0,0.6666666666666666,5,5,1,1,9.125,22.0,26.125,0.375,0.375,1.125,10.0
20,35,-1,38,9,25,4.39231742277876,3.169925001442312,0.42857142857142855,5,5,1,1,4.875000000000001,22.5,26.875,0.375,0.375,0.875,10.5
20,36,1,39,7,24,3.807354922057604,2.807354922057604,0.5,5,5,1,1,2.75,23.999999999999996,28.25,0.25,0.25,1.25,10.0
20,37,-1,30,9,23,4.977279923499916,3.169925001442312,0.2857142857142857,5,3,1,1,7.875,19.500000000000004,29.375,0.375,0.375,1.375,9.5
20,38,1,22,8,22,4.874469117916141,3.0,0.2727272727272727,3,2,1,1,2.0000000000000004,22.999999999999996,31.0,0.5,0.5,1.0,9.0
20,39,-1,23,9,21,6.6293566200796095,3.169925001442312,0.09090909090909091,2,0,1,0,1.875,24.5,32.375,0.375,0.375,1.375,8.5
20,40,1,31,7,20,5.614709844115208,2.807354922057604,0.14285714285714285,0,0,0,0,2.0000000000000004,23.999999999999996,33.5,0.5,0.5,1.5,8.0
20,41,-1,47,8,19,6.0,3.0,0.125,0,0,0,0,2.3749999999999996,25.499999999999996,34.875,0.375,0.875,1.375,7.5
20,42,1,21,6,18,5.169925001442312,2.584962500721156,0.16666666666666666,0,0,0,0,2.75,30.999999999999996,36.25,0.25,1.25,1.25,7.0
20,43,-1,12,10,17,6.643856189774724,3.321928094887362,0.1,0,0,0,0,3.5,30.500000000000004,38.0,0.25,1.25,1.0,6.5
20,44,1,46,7,16,5.614709844115208,2.807354922057604,0.14285714285714285,0,0,0,0,4.875000000000001,25.999999999999996,39.875,0.125,1.125,0.875,6.0
20,45,-1,15,11,15,6.918863237274595,3.4594316186372973,0.09090909090909091,0,0,0,0,2.9999999999999996,27.5,41.5,0.25,1.25,0.5,5.5
20,46,1,5,7,14,5.614709844115208,2.807354922057604,0.14285714285714285,0,0,0,0,4.375,28.999999999999996,42.375,0.125,1.625,0.875,5.0
20,47,-1,10,8,13,6.0,3.0,0.125,0,0,0,0,4.0,34.5,44.0,0.25,1.25,1.0,4.5
20,48,1,1,6,12,5.169925001442312,2.584962500721156,0.16666666666666666,0,0,0,0,7.375,34.0,45.875,0.125,1.125,0.875,4.0
20,49,-1,2,5,11,4.643856189774724,2.321928094887362,0.2,0,0,0,0,2.9999999999999996,34.5,47.0,0.25,0.75,0.5,4.5
20,50,1,9,6,10,5.169925001442312,2.584962500721156,0.16666666666666666,0,0,0,0,4.375,30.0,48.875,0.125,0.625,0.375,4.0
20,51,-1,3,4,9,4.0,2.0,0.25,0,0,0,0,5.625,30.500000000000004,49.625,0.125,0.625,0.125,4.5
20,52,1,4,4,8,4.0,2.0,0.25,0,0,0,0,4.25,30.0,51.25,0.25,0.25,0.25,4.0
20,53,-1,55,3,7,3.169925001442312,1.584962500721156,0.3333333333333333,0,0,0,0,1.1249999999999998,41.50000000000001,53.125,0.125,0.125,0.125,3.5
20,54,1,54,3,6,3.169925001442312,1.584962500721156,0.3333333333333333,0,0,0,0,4.0,41.0,54.5,0.0,0.5,0.0,3.0
20,55,-1,63,3,5,3.169925001442312,1.584962500721156,0.3333333333333333,0,0,0,0,11.75,30.500000000000004,55.75,0.0,0.5,0.25,2.5
20,56,1,62,2,4,2.0,1.0,0.5,0,0,0,0,14.0,34.0,57.0,0.0,0.5,0.5,2.0
20,57,-1,6,1,3,0.0,0.0,1.0,0,0,0,0,16.125,31.5,58.625,0.125,0.125,0.625,1.5
20,58,1,7,2,2,2.0,1.0,0.5,0,0,0,0,17.0,30.999999999999996,60.5,0.0,0.0,0.5,1.0
20,60,1,14,1,1,0.0,0.0,1.0,0,0,0,0,17.25,34.5,62.25,0.0,0.0,0.25,0.5
21,0,1,26,4,60,4.0,2.0,0.25,246196,61549,1,1,0.0,0.0,4.0,0.0,0.0,0.0,0.0
21,1,-1,20,3,59,2.2346638063499955,1.584962500721156,0.6374122693007538,61549,39233,1,1,1.1249999999999998,2.5000000000000004,4.125,0.125,0.125,0.125,0.5
21,2,1,45,5,58,3.163512262897709,2.321928094887362,0.5580304806565064,39233,21895,1,1,0.0,5.000000000000001,4.5,0.5,0.0,0.0,1.0
21,3,-1,44,4,57,2.103144733480561,2.0,0.9310014155897529,21895,20387,1,1,1.2500000000000002,3.5,4.75,0.5,0.0,0.25,1.5
21,4,1,37,6,56,2.6054103945613796,2.584962500721156,0.985926569808353,24153,23818,1,1,0.37499999999999994,5.999999999999999,5.375,0.125,0.125,0.375,2.0
21,5,-1,34,6,55,2.6477749628479907,2.584962500721156,0.9573959032907992,23818,22808,1,1,1.2500000000000002,3.5,6.25,0.5,0.0,0.75,1.5
21,6,1,29,11,54,4.9007946638892435,3.4594316186372973,0.36821924970589515,22940,8450,1,1,0.37499999999999994,5.999999999999999,7.375,0.125,0.125,0.375,2.0
21,7,-1,38,5,53,5.217770014680026,2.321928094887362,0.13435836782968658,8450,1135,1,1,4.25,3.5,8.75,0.0,0.5,0.25,1.5
21,8,1,46,11,52,4.355036406699301,3.4594316186372973,0.537521815008726,1135,615,1,1,2.3749999999999996,8.000000000000002,8.875,0.125,0.625,0.375,2.0
21,9,-1,30,10,51,6.426724284898972,3.321928094887362,0.11624203821656051,618,72,1,1,1.0,6.499999999999999,9.0,0.25,0.75,0.5,2.5
21,10,1,21,10,50,3.5727361983878967,3.321928094887362,0.8404255319148937,84,78,1,1,2.875,9.0,9.375,0.125,1.125,0.375,3.0
21,11,-1,19,10,49,4.459431618637297,3.321928094887362,0.45454545454545453,78,39,1,1,1.6249999999999998,9.499999999999998,10.125,0.125,1.125,0.125,3.5
21,12,1,43,15,48,5.263034405833794,3.9068905956085187,0.390625,49,24,1,1,2.75,7.000000000000001,11.75,0.25,0.75,0.25,3.0
21,13,-1,12,12,47,6.169925001442312,3.584962500721156,0.16666666666666666,24,5,1,1,2.125,12.500000000000002,13.625,0.125,0.625,0.125,2.5
21,14,1,39,15,46,6.643856189774725,3.9068905956085187,0.15,5,2,1,1,1.7500000000000002,12.999999999999998,14.25,0.25,0.25,0.25,3.0
21,15,-1,52,10,45,5.321928094887362,3.321928094887362,0.25,2,2,1,1,0.875,13.5,14.375,0.375,0.375,0.375,3.5
21,16,1,23,15,44,7.994353436858858,3.9068905956085187,0.058823529411764705,2,0,1,0,5.25,5.999999999999999,15.25,0.25,0.25,0.25,4.0
21,17,-1,22,10,43,6.643856189774724,3.321928094887362,0.1,0,0,0,0,4.875000000000001,6.499999999999999,15.375,0.375,0.375,0.375,4.5
21,18,1,13,12,42,7.169925001442312,3.584962500721156,0.08333333333333333,0,0,0,0,6.25,5.000000000000001,15.75,0.25,0.75,0.25,5.0
21,19,-1,4,11,41,6.918863237274595,3.4594316186372973,0.09090909090909091,0,0,0,0,5.875000000000001,7.5,16.375,0.375,0.375,0.375,5.5
21,20,1,11,13,40,7.400879436282184,3.700439718141092,0.07692307692307693,0,0,0,0,5.749999999999999,8.000000000000002,16.75,0.75,0.25,0.25,6.0
21,21,-1,3,12,39,7.169925001442312,3.584962500721156,0.08333333333333333,0,0,0,0,5.375,11.5,17.875,0.875,0.375,0.375,5.5
21,22,1,6,15,38,7.813781191217037,3.9068905956085187,0.06666666666666667,0,0,0,0,5.5,10.000000000000002,18.5,0.5,0.5,0.5,6.0
21,23,-1,18,9,37,6.339850002884624,3.169925001442312,0.1111111111111111,0,0,0,0,5.625,10.5,18.625,0.625,0.625,0.625,6.5
21,24,1,31,15,36,7.813781191217037,3.9068905956085187,0.06666666666666667,0,0,0,0,5.375,14.0,19.875,0.625,0.625,0.875,6.0
21,25,-1,47,5,35,4.643856189774724,2.321928094887362,0.2,0,0,0,0,6.25,14.500000000000002,20.75,0.5,0.5,0.75,6.5
21,26,1,55,12,34,7.169925001442312,3.584962500721156,0.08333333333333333,0,0,0,0,10.125,9.0,21.125,0.375,0.875,0.625,7.0
21,27,-1,5,4,33,4.0,2.0,0.25,0,0,0,0,11.999999999999998,9.499999999999998,21.5,0.75,0.75,0.5,7.5
21,28,1,2,11,32,6.918863237274595,3.4594316186372973,0.09090909090909091,0,0,0,0,12.625,10.000000000000002,22.125,0.875,0.375,0.625,8.0
21,29,-1,10,2,31,2.0,1.0,0.5,0,0,0,0,11.5,16.500000000000004,23.0,0.75,0.25,0.5,8.5
21,30,1,53,11,30,6.918863237274595,3.4594316186372973,0.09090909090909091,0,0,0,0,11.375,15.000000000000002,23.875,0.625,0.125,0.375,9.0
21,31,-1,61,4,29,4.0,2.0,0.25,0,0,0,0,9.499999999999998,18.5,25.0,0.75,0.25,0.5,8.5
21,32,1,59,10,28,6.643856189774724,3.321928094887362,0.1,0,0,0,0,14.625000000000002,11.999999999999998,26.125,0.875,0.375,0.625,8.0
21,33,-1,51,4,27,4.0,2.0,0.25,0,0,0,0,13.75,15.5,27.25,1.0,0.5,0.75,7.5
21,34,1,58,10,26,6.643856189774724,3.321928094887362,0.1,0,0,0,0,14.125,12.999999999999998,28.625,0.875,0.875,0.625,7.0
21,35,-1,50,3,25,3.169925001442312,1.584962500721156,0.3333333333333333,0,0,0,0,10.5,18.5,30.0,0.75,1.25,0.5,6.5
21,36,1,57,10,24,6.643856189774724,3.321928094887362,0.1,0,0,0,0,11.375,16.0,31.375,0.625,1.625,0.375,6.0
21,37,-1,54,2,23,2.0,1.0,0.5,0,0,0,0,8.5,19.500000000000004,32.0,1.25,1.75,0.5,5.5
21,38,1,41,8,22,6.0,3.0,0.125,0,0,0,0,13.75,16.0,32.25,1.25,1.75,0.75,6.0
21,39,-1,48,7,21,5.614709844115208,2.807354922057604,0.14285714285714285,0,0,0,0,12.375,15.5,33.875,1.375,1.375,0.875,5.5
21,40,1,25,8,20,6.0,3.0,0.125,0,0,0,0,12.750000000000002,20.000000000000004,34.75,0.75,1.25,1.25,6.0
21,41,-1,14,8,19,6.0,3.0,0.125,0,0,0,0,8.375,23.500000000000004,36.375,0.875,0.875,1.375,5.5
21,42,1,63,10,18,6.643856189774724,3.321928094887362,0.1,0,0,0,0,13.124999999999998,23.999999999999996,37.125,0.875,0.875,1.125,6.0
21,43,-1,24,7,17,5.614709844115208,2.807354922057604,0.14285714285714285,0,0,0,0,13.375,20.500000000000004,37.375,0.875,0.875,1.375,6.5
21,44,1,1,9,16,6.339850002884624,3.169925001442312,0.1111111111111111,0,0,0,0,12.25,23.999999999999996,38.75,1.25,0.75,1.25,6.0
21,45,-1,33,6,15,5.169925001442312,2.584962500721156,0.16666666666666666,0,0,0,0,10.375000000000002,26.500000000000004,39.875,0.875,0.875,0.875,6.5
21,46,1,17,9,14,6.339850002884624,3.169925001442312,0.1111111111111111,0,0,0,0,11.250000000000002,23.999999999999996,41.75,0.75,0.75,0.75,6.0
21,47,-1,42,6,13,5.169925001442312,2.584962500721156,0.16666666666666666,0,0,0,0,12.125,21.5,43.625,0.625,0.625,0.625,5.5
21,48,1,40,6,12,5.169925001442312,2.584962500721156,0.16666666666666666,0,0,0,0,12.875,22.999999999999996,45.375,0.625,0.625,0.375,5.0
21,49,-1,32,6,11,5.169925001442312,2.584962500721156,0.16666666666666666,0,0,0,0,11.5,24.5,47.0,0.75,0.25,0.5,4.5
21,50,1,62,5,10,4.643856189774724,2.321928094887362,0.2,0,0,0,0,11.125,25.999999999999996,48.625,0.375,0.375,0.625,4.0
21,51,-1,49,4,9,4.0,2.0,0.25,0,0,0,0,13.5,23.500000000000004,50.0,0.25,0.75,0.5,3.5
21,52,1,16,3,8,3.169925001442312,1.584962500721156,0.3333333333333333,0,0,0,0,10.749999999999998,17.0,51.25,0.25,0.75,0.75,3.0
21,53,-1,8,2,7,2.0,1.0,0.5,0,0,0,0,10.625000000000002,20.500000000000004,53.125,0.125,0.625,0.625,2.5
21,54,1,60,3,6,3.169925001442312,1.584962500721156,0.3333333333333333,0,0,0,0,7.249999999999999,28.000000000000004,54.75,0.25,0.25,0.75,2.0
21,55,-1,9,1,5,0.0,0.0,1.0,0,0,0,0,8.125,23.500000000000004,56.625,0.125,0.125,0.625,1.5
21,56,1,15,2,4,2.0,1.0,0.5,0,0,0,0,12.875,30.999999999999996,58.375,0.125,0.125,0.375,1.0
21,58,1,0,1,3,0.0,0.0,1.0,0,0,0,0,13.75,32.5,60.25,0.0,0.0,0.25,0.5
21,60,1,56,1,2,0.0,0.0,1.0,0,0,0,0,11.5,25.999999999999996,61.0,0.0,0.0,1.0,0.0
21,62,1,7,1,1,0.0,0.0,1.0,0,0,0,0,30.750000000000004,14.500000000000002,62.25,0.0,0.0,0.25,0.5
22,0,1,44,4,60,4.0,2.0,0.25,246196,61549,1,1,0.0,0.0,4.0,0.0,0.0,0.0,0.0
22,1,-1,29,3,59,2.2346638063499955,1.584962500721156,0.6374122693007538,61549,39233,1,1,1.1249999999999998,2.5000000000000004,4.125,0.125,0.125,0.125,0.5
22,2,1,20,5,58,4.496253552987338,2.321928094887362,0.2215454406442734,39233,8692,1,1,0.0,5.000000000000001,4.5,0.5,0.0,0.0,1.0
22,3,-1,43,4,57,2.0405471857299635,2.0,0.9722861085556578,8692,8454,1,1,1.1249999999999998,3.5,5.125,0.125,0.125,0.125,1.5
22,4,1,34,5,56,2.609976286759761,2.321928094887362,0.819009339165386,8454,6927,1,1,1.0,5.000000000000001,6.0,0.0,0.5,0.5,1.0
22,5,-1,21,11,55,3.5937986443852172,3.4594316186372973,0.9110694724704526,6927,6320,1,1,0.12500000000000003,8.5,7.125,0.125,0.125,1.125,0.5
22,6,1,26,9,54,3.5423896769832375,3.169925001442312,0.7724617085109743,6324,4891,1,1,1.375,7.000000000000001,7.375,0.125,0.125,1.375,1.0
22,7,-1,42,9,53,6.075344209834163,3.169925001442312,0.13346938775510203,4891,653,1,1,0.7499999999999999,9.499999999999998,8.75,0.0,0.0,0.75,1.5
22,8,1,37,9,52,3.4870838521818026,3.169925001442312,0.8026490066225166,746,605,1,1,2.5000000000000004,7.000000000000001,9.5,0.0,0.0,1.5,1.0
22,9,-1,45,8,51,4.121306296222134,3.0,0.4596774193548387,612,284,1,1,3.1250000000000004,6.499999999999999,11.125,0.125,0.125,1.125,0.5
22,10,1,51,10,50,3.812253721470443,3.321928094887362,0.711864406779661,285,209,1,1,3.375,9.0,12.375,0.125,0.125,0.375,1.0
22,11,-1,50,10,49,3.549820694600899,3.321928094887362,0.8538812785388128,209,186,1,1,3.5,7.5,12.5,0.25,0.25,0.5,1.5
22,12,1,52,10,48,3.754155355463721,3.321928094887362,0.7411167512690355,187,145,1,1,2.625,11.999999999999998,12.625,0.375,0.375,0.625,2.0
22,13,-1,60,9,47,3.4825152317503383,3.169925001442312,0.8051948051948052,145,123,1,1,8.000000000000002,6.499999999999999,13.0,0.25,0.75,0.5,2.5
22,14,1,59,11,46,3.692630794930328,3.4594316186372973,0.8507462686567164,123,113,1,1,7.625000000000001,7.000000000000001,13.125,0.375,0.875,0.625,3.0
22,15,-1,58,8,45,3.1115083152169905,3.0,0.9256198347107438,113,111,1,1,8.000000000000002,7.5,13.5,0.25,1.25,0.5,3.5
22,16,1,53,10,44,3.485903829998488,3.321928094887362,0.8925619834710744,111,107,1,1,7.125,8.000000000000002,13.625,0.375,1.375,0.625,4.0
22,17,-1,61,9,43,3.341405469386666,3.169925001442312,0.8879310344827587,107,102,1,1,8.000000000000002,8.5,14.0,0.25,1.75,0.5,4.5
22,18,1,41,10,42,5.129283016944966,3.321928094887362,0.2857142857142857,102,31,1,1,8.875,9.0,14.375,0.125,2.125,0.375,5.0
22,19,-1,40,10,41,4.772589503896928,3.321928094887362,0.36585365853658536,31,14,1,1,6.499999999999999,11.5,15.0,0.25,1.75,0.5,5.5
22,20,1,30,10,40,4.584962500721156,3.321928094887362,0.4166666666666667,14,9,1,1,9.125,11.999999999999998,15.625,0.375,1.375,0.625,6.0
22,21,-1,22,10,39,4.399930606888636,3.321928094887362,0.47368421052631576,9,8,1,1,9.249999999999998,10.5,16.25,0.5,1.0,0.75,6.5
22,22,1,12,9,38,5.257387842692651,3.169925001442312,0.23529411764705882,8,3,1,1,7.125,14.0,17.125,0.875,0.875,1.125,6.0
22,23,-1,38,12,37,7.491853096329675,3.584962500721156,0.06666666666666667,3,0,1,0,5.5,17.5,18.0,0.75,1.25,1.5,5.5
22,24,1,46,9,36,6.339850002884624,3.169925001442312,0.1111111111111111,0,0,0,0,5.125000000000001,17.999999999999996,19.125,0.875,0.875,1.125,6.0
22,25,-1,47,13,35,7.400879436282184,3.700439718141092,0.07692307692307693,0,0,0,0,4.25,16.500000000000004,20.25,0.5,1.0,0.75,6.5
22,26,1,23,8,34,6.0,3.0,0.125,0,0,0,0,7.125,17.0,21.125,0.375,0.875,0.625,7.0
22,27,-1,31,11,33,6.918863237274595,3.4594316186372973,0.09090909090909091,0,0,0,0,4.25,20.500000000000004,22.25,0.5,1.0,0.75,6.5
22,28,1,39,7,32,5.614709844115208,2.807354922057604,0.14285714285714285,0,0,0,0,4.875000000000001,21.0,22.875,0.625,0.625,0.875,7.0
22,29,-1,15,10,31,6.643856189774724,3.321928094887362,0.1,0,0,0,0,4.750000000000001,21.5,23.75,0.5,0.5,0.75,7.5
22,30,1,62,6,30,5.169925001442312,2.584962500721156,0.16666666666666666,0,0,0,0,10.875,17.999999999999996,23.875,0.625,0.625,0.875,8.0
22,31,-1,63,11,29,6.918863237274595,3.4594316186372973,0.09090909090909091,0,0,0,0,9.75,18.5,24.25,1.0,0.5,0.75,8.5
22,32,1,55,5,28,4.643856189774724,2.321928094887362,0.2,0,0,0,0,10.5,19.000000000000004,24.5,1.0,0.5,1.0,9.0
22,33,-1,54,11,27,6.918863237274595,3.4594316186372973,0.09090909090909091,0,0,0,0,9.125,19.500000000000004,25.125,0.625,0.625,1.125,9.5
22,34,1,7,3,26,3.169925001442312,1.584962500721156,0.3333333333333333,0,0,0,0,12.375,20.000000000000004,25.375,0.625,0.625,1.375,10.0
22,35,-1,33,10,25,6.643856189774724,3.321928094887362,0.1,0,0,0,0,7.125,22.5,26.125,0.625,0.625,1.125,10.5
22,36,1,13,5,24,4.643856189774724,2.321928094887362,0.2,0,0,0,0,5.999999999999999,22.0,27.5,0.5,0.5,1.5,10.0
22,37,-1,17,10,23,6.643856189774724,3.321928094887362,0.1,0,0,0,0,3.375,25.499999999999996,28.875,0.375,0.375,1.875,9.5
22,38,1,25,6,22,5.169925001442312,2.584962500721156,0.16666666666666666,0,0,0,0,4.0,27.0,30.5,0.5,0.5,1.5,9.0
22,39,-1,16,10,21,6.643856189774724,3.321928094887362,0.1,0,0,0,0,3.1250000000000004,26.500000000000004,32.125,0.625,0.625,1.125,8.5
22,40,1,32,6,20,5.169925001442312,2.584962500721156,0.16666666666666666,0,0,0,0,5.5,25.999999999999996,33.5,0.5,1.0,1.0,8.0
22,41,-1,24,9,19,6.339850002884624,3.169925001442312,0.1111111111111111,0,0,0,0,8.625,25.499999999999996,34.625,0.625,1.125,1.125,7.5
22,42,1,49,4,18,4.0,2.0,0.25,0,0,0,0,11.0,27.0,36.0,0.5,1.5,1.0,7.0
22,43,-1,11,9,17,6.339850002884624,3.169925001442312,0.1111111111111111,0,0,0,0,7.749999999999999,21.5,36.75,0.5,1.5,0.75,7.5
22,44,1,19,6,16,5.169925001442312,2.584962500721156,0.16666666666666666,0,0,0,0,7.125,21.0,38.625,0.375,1.375,0.625,7.0
22,45,-1,4,8,15,6.0,3.0,0.125,0,0,0,0,9.0,22.5,40.5,0.25,1.25,0.5,6.5
22,46,1,48,7,14,5.614709844115208,2.807354922057604,0.14285714285714285,0,0,0,0,7.625000000000001,25.999999999999996,42.125,0.375,0.875,0.625,6.0
22,47,-1,10,7,13,5.614709844115208,2.807354922057604,0.14285714285714285,0,0,0,0,9.0,23.500000000000004,43.0,0.75,1.25,0.5,5.5
22,48,1,18,7,12,5.614709844115208,2.807354922057604,0.14285714285714285,0,0,0,0,8.875,22.999999999999996,44.875,0.625,1.125,0.375,5.0
22,49,-1,9,5,11,4.643856189774724,2.321928094887362,0.2,0,0,0,0,9.625,28.5,46.625,0.625,1.125,0.125,4.5
22,50,1,0,6,10,5.169925001442312,2.584962500721156,0.16666666666666666,0,0,0,0,8.875,25.999999999999996,47.875,0.625,1.125,0.375,4.0
22,51,-1,8,7,9,5.614709844115208,2.807354922057604,0.14285714285714285,0,0,0,0,15.124999999999998,25.499999999999996,49.125,0.625,1.125,0.625,3.5
22,52,1,1,4,8,4.0,2.0,0.25,0,0,0,0,12.750000000000002,28.999999999999996,50.25,0.25,1.75,0.75,3.0
22,53,-1,2,6,7,5.169925001442312,2.584962500721156,0.16666666666666666,0,0,0,0,15.124999999999998,32.5,51.625,0.625,1.125,1.125,2.5
22,54,1,57,3,6,3.169925001442312,1.584962500721156,0.3333333333333333,0,0,0,0,5.749999999999999,42.0,53.25,0.75,0.75,1.25,2.0
22,55,-1,6,4,5,4.0,2.0,0.25,0,0,0,0,7.375,38.5,54.875,0.375,0.375,0.875,2.5
22,56,1,3,2,4,2.0,1.0,0.5,0,0,0,0,4.750000000000001,46.0,56.75,0.25,0.25,0.75,2.0
22,57,-1,56,3,3,3.169925001442312,1.584962500721156,0.3333333333333333,0,0,0,0,4.625,47.5,58.625,0.125,0.125,0.625,1.5
22,58,1,14,2,2,2.0,1.0,0.5,0,0,0,0,4.375,49.0,60.375,0.125,0.125,0.375,1.0
22,59,-1,5,1,1,0.0,0.0,1.0,0,0,0,0,6.625000000000001,48.5,62.125,0.125,0.125,0.125,0.5
23,0,1,44,4,60,4.0,2.0,0.25,246196,61549,1,1,0.0,0.0,4.0,0.0,0.0,0.0,0.0
23,1,-1,29,3,59,2.2346638063499955,1.584962500721156,0.6374122693007538,61549,39233,1,1,1.1249999999999998,2.5000000000000004,4.125,0.125,0.125,0.125,0.5
23,2,1,18,5,58,3.163512262897709,2.321928094887362,0.5580304806565064,39233,21895,1,1,0.0,5.000000000000001,4.5,0.5,0.0,0.0,1.0
23,3,-1,26,4,57,2.103144733480561,2.0,0.9310014155897529,21895,20387,1,1,1.2500000000000002,3.5,4.75,0.5,0.0,0.25,1.5
23,4,1,19,6,56,2.6054103945613796,2.584962500721156,0.985926569808353,24153,23818,1,1,0.37499999999999994,5.999999999999999,5.375,0.125,0.125,0.375,2.0
23,5,-1,43,6,55,2.6477749628479907,2.584962500721156,0.9573959032907992,23818,22808,1,1,1.2500000000000002,3.5,6.25,0.5,0.0,0.75,1.5
23,6,1,45,11,54,4.404483371249184,3.4594316186372973,0.5194109189142085,22940,11920,1,1,0.37499999999999994,5.999999999999999,7.375,0.125,0.125,0.375,2.0
23,7,-1,11,7,53,6.794830612663409,2.807354922057604,0.06304493628437291,11921,751,1,1,2.125,3.5,8.125,0.125,0.125,1.125,1.5
23,8,1,42,7,52,3.1688378159794923,2.807354922057604,0.7783641160949868,751,589,1,1,3.2499999999999996,5.999999999999999,8.25,0.25,0.25,1.25,2.0
23,9,-1,37,11,51,3.491033616023126,3.4594316186372973,0.9783333333333334,589,586,1,1,3.5,6.499999999999999,9.5,0.25,0.25,0.5,2.5
23,10,1,34,8,50,3.029443777892482,3.0,0.9797979797979798,586,581,1,1,6.875,4.0,10.875,0.125,0.125,0.875,2.0
23,11,-1,52,11,49,4.017833293087318,3.4594316186372973,0.6790540540540541,581,401,1,1,6.499999999999999,7.5,12.5,0.25,0.25,0.5,1.5
23,12,1,53,11,48,3.736541209682814,3.4594316186372973,0.8252427184466019,401,339,1,1,6.875,5.000000000000001,12.875,0.625,0.625,0.875,1.0
23,13,-1,51,11,47,3.8553602949684365,3.4594316186372973,0.76,339,265,1,1,4.0,9.499999999999998,13.0,0.75,0.75,1.0,1.5
23,14,1,59,10,46,3.536472654401125,3.321928094887362,0.8618181818181818,265,236,1,1,8.625,5.999999999999999,13.625,0.375,1.375,0.625,2.0
23,15,-1,60,11,45,3.5623087992776,3.4594316186372973,0.9311740890688259,236,229,1,1,7.749999999999999,8.5,13.75,0.5,1.5,0.75,2.5
23,16,1,61,9,44,3.2192527138058806,3.169925001442312,0.9663865546218487,229,229,1,1,8.625,7.000000000000001,14.125,0.375,1.875,0.625,3.0
23,17,-1,50,10,43,3.409013711651074,3.321928094887362,0.9414225941422594,229,224,1,1,7.249999999999999,9.499999999999998,14.25,0.5,2.0,0.75,3.5
23,18,1,58,10,42,3.5269568972855905,3.321928094887362,0.8675213675213675,224,202,1,1,8.125,10.000000000000002,14.625,0.375,2.375,0.625,4.0
23,19,-1,46,10,41,3.6404576133128597,3.321928094887362,0.8018867924528302,202,169,1,1,9.0,10.5,15.0,0.25,2.75,0.5,4.5
23,20,1,47,11,40,3.9970884045800967,3.4594316186372973,0.6888888888888889,169,123,1,1,6.625000000000001,12.999999999999998,15.625,0.375,2.375,0.625,5.0
23,21,-1,17,10,39,5.7922480296673955,3.321928094887362,0.18045112781954886,123,23,1,1,9.249999999999998,13.5,16.25,0.5,2.0,0.75,5.5
23,22,1,20,9,38,3.710493382805015,3.169925001442312,0.6875,23,21,1,1,6.625000000000001,15.000000000000002,17.125,0.875,1.875,1.125,5.0
23,23,-1,21,7,37,3.222392421336448,2.807354922057604,0.75,21,20,1,1,3.5,16.500000000000004,19.0,0.75,1.75,1.0,4.5
23,24,1,25,11,36,4.828665428303016,3.4594316186372973,0.3870967741935484,20,11,1,1,2.75,17.999999999999996,20.75,0.75,1.75,0.75,4.0
23,25,-1,24,9,35,3.9068905956085183,3.169925001442312,0.6,11,11,1,1,2.125,20.500000000000004,21.625,0.625,1.125,1.125,4.5
23,26,1,38,11,34,4.7489382358322825,3.4594316186372973,0.4090909090909091,11,8,1,1,3.7500000000000004,21.0,22.25,0.75,0.75,1.25,5.0
23,27,-1,30,9,33,4.257387842692651,3.169925001442312,0.47058823529411764,8,7,1,1,2.875,24.5,23.375,0.875,0.375,1.875,4.5
23,28,1,23,11,32,4.6293566200796095,3.4594316186372973,0.4444444444444444,7,7,1,1,5.25,21.0,24.75,0.75,0.25,1.25,5.0
23,29,-1,33,9,31,4.8479969065549495,3.169925001442312,0.3125,7,4,1,1,4.125000000000001,25.499999999999996,25.625,0.625,0.125,1.125,5.5
23,30,1,22,11,30,5.044394119358453,3.4594316186372973,0.3333333333333333,4,4,1,1,4.25,25.0,27.25,0.75,0.25,0.75,5.0
23,31,-1,54,6,29,3.584962500721156,2.584962500721156,0.5,4,4,1,1,4.375,27.5,28.375,0.375,0.375,0.375,5.5
23,32,1,13,11,28,5.044394119358453,3.4594316186372973,0.3333333333333333,4,4,1,1,8.625,23.999999999999996,28.625,0.375,0.375,0.625,6.0
23,33,-1,5,11,27,5.366322214245816,3.4594316186372973,0.26666666666666666,4,3,1,1,8.5,21.5,30.0,0.75,0.25,0.5,5.5
23,34,1,12,11,26,5.266786540694902,3.4594316186372973,0.2857142857142857,3,3,1,1,9.125,22.999999999999996,31.125,0.875,0.375,0.625,5.0
23,35,-1,39,9,25,6.754887502163468,3.169925001442312,0.08333333333333333,3,0,1,0,2.9999999999999996,22.5,33.0,0.75,0.25,0.5,4.5
23,36,1,31,16,24,8.0,4.0,0.0625,0,0,0,0,2.3749999999999996,20.000000000000004,33.875,1.125,0.125,0.875,4.0
23,37,-1,62,6,23,5.169925001442312,2.584962500721156,0.16666666666666666,0,0,0,0,5.000000000000001,26.500000000000004,35.0,0.75,0.25,0.5,4.5
23,38,1,41,13,22,7.400879436282184,3.700439718141092,0.07692307692307693,0,0,0,0,6.125,25.0,35.125,0.875,0.375,0.625,5.0
23,39,-1,4,8,21,6.0,3.0,0.125,0,0,0,0,5.749999999999999,24.5,36.75,0.5,0.5,0.75,4.5
23,40,1,32,9,20,6.339850002884624,3.169925001442312,0.1111111111111111,0,0,0,0,6.125,30.0,38.125,0.875,0.375,0.625,4.0
23,41,-1,57,7,19,5.614709844115208,2.807354922057604,0.14285714285714285,0,0,0,0,7.249999999999999,27.5,39.75,0.5,0.5,0.75,3.5
23,42,1,2,9,18,6.339850002884624,3.169925001442312,0.1111111111111111,0,0,0,0,8.125,20.000000000000004,40.125,0.375,0.875,0.625,4.0
23,43,-1,10,8,17,6.0,3.0,0.125,0,0,0,0,5.5,19.500000000000004,41.5,0.25,1.25,0.5,3.5
23,44,1,63,8,16,6.0,3.0,0.125,0,0,0,0,4.375,21.0,43.375,0.125,1.125,0.375,3.0
23,45,-1,48,6,15,5.169925001442312,2.584962500721156,0.16666666666666666,0,0,0,0,4.625,21.5,43.625,0.125,1.125,0.625,3.5
23,46,1,40,7,14,5.614709844115208,2.807354922057604,0.14285714285714285,0,0,0,0,13.75,22.0,44.25,0.25,0.75,0.75,4.0
23,47,-1,55,4,13,4.0,2.0,0.25,0,0,0,0,12.375,19.500000000000004,45.875,0.375,0.375,0.875,3.5
23,48,1,56,6,12,5.169925001442312,2.584962500721156,0.16666666666666666,0,0,0,0,14.749999999999998,17.999999999999996,46.75,0.25,0.25,0.75,4.0
23,49,-1,49,3,11,3.169925001442312,1.584962500721156,0.3333333333333333,0,0,0,0,17.999999999999996,20.500000000000004,47.5,0.25,0.25,0.5,4.5
23,50,1,3,5,10,4.643856189774724,2.321928094887362,0.2,0,0,0,0,19.75,27.0,48.25,0.25,0.25,0.25,5.0
23,51,-1,14,3,9,3.169925001442312,1.584962500721156,0.3333333333333333,0,0,0,0,14.625000000000002,30.500000000000004,50.125,0.125,0.125,0.125,4.5
23,52,1,7,7,8,5.614709844115208,2.807354922057604,0.14285714285714285,0,0,0,0,18.375000000000004,22.0,51.375,0.125,0.125,0.375,4.0
23,53,-1,15,3,7,3.169925001442312,1.584962500721156,0.3333333333333333,0,0,0,0,17.625,23.500000000000004,52.625,0.125,0.125,0.625,3.5
23,54,1,6,5,6,4.643856189774724,2.321928094887362,0.2,0,0,0,0,14.25,25.0,53.75,0.25,0.25,0.75,3.0
23,56,1,8,4,5,4.0,2.0,0.25,0,0,0,0,8.125,30.500000000000004,55.125,0.125,0.125,1.125,2.5
23,57,-1,16,2,4,2.0,1.0,0.5,0,0,0,0,8.75,32.00000000000001,56.75,0.25,0.25,0.75,2.0
23,58,1,9,2,3,2.0,1.0,0.5,0,0,0,0,8.625,33.5,58.625,0.125,0.125,0.625,1.5
23,59,-1,1,2,2,2.0,1.0,0.5,0,0,0,0,20.875000000000004,22.999999999999996,60.375,0.125,0.125,0.375,1.0
23,60,1,0,1,1,0.0,0.0,1.0,0,0,0,0,17.25,22.5,62.25,0.0,0.0,0.25,0.5
24,0,1,19,4,60,4.0,2.0,0.25,246196,61549,1,1,0.0,0.0,4.0,0.0,0.0,0.0,0.0
24,1,-1,18,3,59,3.090070792267306,1.584962500721156,0.35230374317650115,61549,21684,1,1,1.1249999999999998,2.5000000000000004,4.125,0.125,0.125,0.125,0.5
24,2,1,26,4,58,2.0238777851547174,2.0,0.9835853928439691,21684,21331,1,1,0.37499999999999994,1.0,4.375,0.125,0.125,0.375,1.0
24,3,-1,34,2,57,2.0,1.0,0.5,42662,21331,1,1,1.7500000000000002,3.5,4.75,0.0,0.0,0.75,1.5
24,4,1,25,9,56,4.875260881868467,3.169925001442312,0.3066498434506285,21390,6561,1,1,0.37499999999999994,5.999999999999999,5.375,0.125,0.125,0.375,2.0
24,5,-1,17,6,55,6.034760059912073,2.584962500721156,0.09151819704583523,6561,600,1,1,0.5000000000000001,6.499999999999999,5.5,0.25,0.25,0.5,2.5
24,6,1,33,9,54,3.4912724181005075,3.169925001442312,0.8003220611916264,612,496,1,1,0.6250000000000001,7.000000000000001,5.625,0.375,0.375,0.625,3.0
24,7,-1,11,6,53,3.3865810532296154,2.584962500721156,0.5737051792828686,496,287,1,1,1.0,7.5,6.0,0.25,0.75,0.5,3.5
24,8,1,42,9,52,5.140009423538024,3.169925001442312,0.25523809523809526,516,133,1,1,1.6249999999999998,5.999999999999999,6.625,0.375,0.375,0.625,4.0
24,9,-1,43,10,51,7.159871336778389,3.321928094887362,0.06993006993006994,133,9,1,1,0.37499999999999994,4.499999999999999,7.375,0.375,0.375,0.375,4.5
24,10,1,20,9,50,4.017921907997263,3.169925001442312,0.5555555555555556,9,9,1,1,1.2500000000000002,7.000000000000001,8.25,0.25,0.25,0.25,5.0
24,11,-1,37,10,49,5.247927513443585,3.321928094887362,0.2631578947368421,9,4,1,1,0.37499999999999994,10.5,9.375,0.375,0.375,0.375,4.5
24,12,1,29,15,48,7.154818109052105,3.9068905956085187,0.10526315789473684,4,1,1,1,1.2500000000000002,10.000000000000002,10.75,0.75,0.25,0.25,4.0
24,13,-1,12,10,47,5.78135971352466,3.321928094887362,0.18181818181818182,1,1,1,1,0.37499999999999994,11.5,12.375,0.375,0.375,0.375,3.5
24,14,1,10,15,46,6.906890595608519,3.9068905956085187,0.125,1,1,1,1,1.2500000000000002,8.000000000000002,13.25,0.25,0.25,0.25,4.0
24,15,-1,24,13,45,7.507794640198696,3.700439718141092,0.07142857142857142,1,0,1,0,2.125,8.5,13.625,0.125,0.125,0.625,4.5
24,16,1,32,14,44,7.614709844115208,3.807354922057604,0.07142857142857142,0,0,0,0,6.75,5.000000000000001,13.75,0.25,0.25,0.75,5.0
24,17,-1,16,14,43,7.614709844115208,3.807354922057604,0.07142857142857142,0,0,0,0,6.125,5.5,14.125,0.125,0.625,0.625,5.5
24,18,1,8,12,42,7.169925001442312,3.584962500721156,0.08333333333333333,0,0,0,0,8.75,8.000000000000002,14.25,0.25,0.75,0.75,6.0
24,19,-1,3,12,41,7.169925001442312,3.584962500721156,0.08333333333333333,0,0,0,0,9.375,8.5,14.375,0.375,0.875,0.875,6.5
24,20,1,5,10,40,6.643856189774724,3.321928094887362,0.1,0,0,0,0,9.499999999999998,9.0,15.0,0.5,0.5,1.0,7.0
24,21,-1,4,10,39,6.643856189774724,3.321928094887362,0.1,0,0,0,0,6.374999999999999,11.5,15.375,0.875,0.375,0.875,7.5
24,22,1,2,11,38,6.918863237274595,3.4594316186372973,0.09090909090909091,0,0,0,0,6.75,11.999999999999998,16.25,0.75,0.25,0.75,8.0
24,23,-1,40,10,37,6.643856189774724,3.321928094887362,0.1,0,0,0,0,8.375,14.500000000000002,16.875,0.375,0.375,0.875,8.5
24,24,1,48,11,36,6.918863237274595,3.4594316186372973,0.09090909090909091,0,0,0,0,9.249999999999998,12.999999999999998,17.75,0.25,0.25,0.75,9.0
24,25,-1,13,10,35,6.643856189774724,3.321928094887362,0.1,0,0,0,0,11.125,13.5,18.125,0.125,0.625,0.625,9.5
24,26,1,51,10,34,6.643856189774724,3.321928094887362,0.1,0,0,0,0,13.25,11.999999999999998,18.75,0.25,0.75,0.25,10.0
24,27,-1,52,11,33,6.918863237274595,3.4594316186372973,0.09090909090909091,0,0,0,0,5.875000000000001,19.500000000000004,19.875,0.375,0.875,0.375,9.5
24,28,1,41,12,32,7.169925001442312,3.584962500721156,0.08333333333333333,0,0,0,0,7.249999999999999,19.000000000000004,21.25,0.25,1.25,0.25,9.0
24,29,-1,9,11,31,6.918863237274595,3.4594316186372973,0.09090909090909091,0,0,0,0,6.125,17.5,22.125,0.125,1.125,0.125,9.5
24,30,1,6,12,30,7.169925001442312,3.584962500721156,0.08333333333333333,0,0,0,0,8.375,14.0,22.375,0.125,1.125,0.375,10.0
24,31,-1,21,10,29,6.643856189774724,3.321928094887362,0.1,0,0,0,0,7.5,18.5,23.0,0.25,0.75,0.5,10.5
24,32,1,22,10,28,6.643856189774724,3.321928094887362,0.1,0,0,0,0,10.749999999999998,20.000000000000004,24.25,0.25,0.75,0.75,10.0
24,33,-1,44,8,27,6.0,3.0,0.125,0,0,0,0,10.875,19.500000000000004,25.375,0.375,0.875,0.875,9.5
24,34,1,46,10,26,6.643856189774724,3.321928094887362,0.1,0,0,0,0,12.25,19.000000000000004,27.25,0.25,0.75,0.75,9.0
24,35,-1,45,11,25,6.918863237274595,3.4594316186372973,0.09090909090909091,0,0,0,0,11.624999999999998,22.5,28.625,0.125,1.125,0.625,8.5
24,36,1,50,9,24,6.339850002884624,3.169925001442312,0.1111111111111111,0,0,0,0,10.875,22.0,30.375,0.125,1.125,0.375,8.0
24,37,-1,38,9,23,6.339850002884624,3.169925001442312,0.1111111111111111,0,0,0,0,12.999999999999998,15.5,32.0,0.25,0.75,0.5,7.5
24,38,1,47,9,22,6.339850002884624,3.169925001442312,0.1111111111111111,0,0,0,0,14.125,19.000000000000004,33.625,0.375,0.375,0.625,7.0
24,39,-1,59,9,21,6.339850002884624,3.169925001442312,0.1111111111111111,0,0,0,0,12.25,18.5,34.75,0.5,0.5,0.75,6.5
24,40,1,61,6,20,5.169925001442312,2.584962500721156,0.16666666666666666,0,0,0,0,11.875,20.000000000000004,35.875,0.625,0.625,0.875,6.0
24,41,-1,60,9,19,6.339850002884624,3.169925001442312,0.1111111111111111,0,0,0,0,12.750000000000002,15.5,37.25,0.5,0.5,1.25,5.5
24,42,1,58,5,18,4.643856189774724,2.321928094887362,0.2,0,0,0,0,13.124999999999998,19.000000000000004,38.625,0.375,0.875,1.125,5.0
24,43,-1,31,6,17,5.169925001442312,2.584962500721156,0.16666666666666666,0,0,0,0,18.750000000000004,14.500000000000002,40.25,0.5,1.0,0.75,4.5
24,44,1,39,6,16,5.169925001442312,2.584962500721156,0.16666666666666666,0,0,0,0,19.375,14.0,41.875,0.625,0.625,0.875,4.0
24,45,-1,55,4,15,4.0,2.0,0.25,0,0,0,0,20.25,17.5,43.75,0.5,0.5,0.75,3.5
24,46,1,30,5,14,4.643856189774724,2.321928094887362,0.2,0,0,0,0,9.125,19.000000000000004,44.625,0.875,0.875,0.625,3.0
24,47,-1,53,4,13,4.0,2.0,0.25,0,0,0,0,10.000000000000002,26.500000000000004,46.5,0.75,0.75,0.5,2.5
24,48,1,62,4,12,4.0,2.0,0.25,0,0,0,0,7.875,23.999999999999996,48.375,0.625,0.625,0.375,2.0
24,49,-1,49,4,11,4.0,2.0,0.25,0,0,0,0,15.000000000000002,28.5,49.5,0.25,0.25,0.5,2.5
24,50,1,0,5,10,4.643856189774724,2.321928094887362,0.2,0,0,0,0,12.25,30.999999999999996,50.25,0.25,0.25,0.25,3.0
24,51,-1,1,5,9,4.643856189774724,2.321928094887362,0.2,0,0,0,0,11.5,31.5,50.5,0.25,0.25,0.5,3.5
24,52,1,57,3,8,3.169925001442312,1.584962500721156,0.3333333333333333,0,0,0,0,12.375,30.999999999999996,51.875,0.125,0.125,0.875,3.0
24,53,-1,23,4,7,4.0,2.0,0.25,0,0,0,0,12.500000000000002,28.5,53.5,0.25,0.25,0.5,2.5
24,54,1,14,3,6,3.169925001442312,1.584962500721156,0.3333333333333333,0,0,0,0,9.875,25.999999999999996,55.375,0.125,0.125,0.375,2.0
24,55,-1,15,3,5,3.169925001442312,1.584962500721156,0.3333333333333333,0,0,0,0,7.125,31.5,56.625,0.125,0.125,0.625,1.5
24,56,1,54,1,4,0.0,0.0,1.0,0,0,0,0,9.0,33.0,58.5,0.0,0.0,0.5,1.0
24,57,-1,7,2,3,2.0,1.0,0.5,0,0,0,0,6.25,34.5,60.25,0.0,0.0,0.25,0.5
24,59,-1,63,1,2,0.0,0.0,1.0,0,0,0,0,1.4999999999999998,45.00000000000001,61.0,0.0,0.0,0.0,1.0
24,61,-1,56,1,1,0.0,0.0,1.0,0,0,0,0,12.750000000000002,44.5,62.25,0.0,0.0,0.25,0.5
25,0,1,19,4,60,4.0,2.0,0.25,246196,61549,1,1,0.0,0.0,4.0,0.0,0.0,0.0,0.0
25,1,-1,34,3,59,2.2346638063499955,1.584962500721156,0.6374122693007538,61549,39233,1,1,1.1249999999999998,2.5000000000000004,4.125,0.125,0.125,0.125,0.5
25,2,1,45,5,58,3.163512262897709,2.321928094887362,0.5580304806565064,39233,21895,1,1,0.0,5.000000000000001,4.5,0.5,0.0,0.0,1.0
25,3,-1,37,4,57,2.103144733480561,2.0,0.9310014155897529,21895,20387,1,1,1.2500000000000002,3.5,4.75,0.5,0.0,0.25,1.5
25,4,1,44,6,56,2.6054103945613796,2.584962500721156,0.985926569808353,24153,23818,1,1,0.37499999999999994,5.999999999999999,5.375,0.125,0.125,0.375,2.0
25,5,-1,20,6,55,2.6477749628479907,2.584962500721156,0.9573959032907992,23818,22808,1,1,1.2500000000000002,3.5,6.25,0.5,0.0,0.75,1.5
25,6,1,18,11,54,4.404483371249184,3.4594316186372973,0.5194109189142085,22940,11920,1,1,0.37499999999999994,5.999999999999999,7.375,0.125,0.125,0.375,2.0
25,7,-1,11,7,53,4.56233313978943,2.807354922057604,0.2962776659959759,11921,3533,1,1,2.125,3.5,8.125,0.125,0.125,1.125,1.5
25,8,1,12,11,52,11.66563200647116,3.4594316186372973,0.003386004514672686,3533,11,1,1,2.25,8.000000000000002,8.25,0.25,0.25,1.25,2.0
25,9,-1,29,10,51,4.260527550223219,3.321928094887362,0.5217391304347826,13,11,1,1,1.1249999999999998,8.5,8.625,0.125,0.625,1.125,2.5
25,10,1,26,8,50,4.247927513443585,3.0,0.42105263157894735,11,7,1,1,4.0,5.999999999999999,10.0,0.5,0.5,1.0,2.0
25,11,-1,43,12,49,4.722466024471091,3.584962500721156,0.45454545454545453,10,9,1,1,1.1249999999999998,7.5,11.625,0.125,0.625,1.125,1.5
25,12,1,3,8,48,3.917537839808027,3.0,0.5294117647058824,9,8,1,1,5.5,2.9999999999999996,13.5,0.0,0.5,1.0,1.0
25,13,-1,25,11,47,5.707359132080883,3.4594316186372973,0.21052631578947367,8,3,1,1,6.125,3.5,13.625,0.125,0.625,1.125,1.5
25,14,1,33,9,46,4.754887502163468,3.169925001442312,0.3333333333333333,3,3,1,1,7.249999999999999,2.0000000000000004,14.25,0.25,0.25,1.25,2.0
25,15,-1,10,12,45,5.906890595608518,3.584962500721156,0.2,3,2,1,1,6.125,4.499999999999999,15.125,0.125,0.125,1.125,2.5
25,16,1,51,8,44,5.321928094887362,3.0,0.2,2,1,1,1,9.249999999999998,7.000000000000001,15.25,0.25,0.25,1.25,3.0
25,17,-1,42,13,43,6.507794640198696,3.700439718141092,0.14285714285714285,1,1,1,1,1.875,10.5,16.375,0.375,0.375,1.375,2.5
25,18,1,41,13,42,7.507794640198696,3.700439718141092,0.07142857142857142,1,0,1,0,3.1250000000000004,9.0,17.625,0.375,0.375,0.625,3.0
25,19,-1,40,14,41,7.614709844115208,3.807354922057604,0.07142857142857142,0,0,0,0,2.5000000000000004,11.5,18.0,0.75,0.25,0.5,3.5
25,20,1,22,13,40,7.400879436282184,3.700439718141092,0.07692307692307693,0,0,0,0,1.6249999999999998,11.999999999999998,18.125,0.875,0.375,0.625,4.0
25,21,-1,21,17,39,8.174925682500678,4.087462841250339,0.058823529411764705,0,0,0,0,1.2500000000000002,7.5,18.75,1.5,0.5,0.75,3.5
25,22,1,46,12,38,7.169925001442312,3.584962500721156,0.08333333333333333,0,0,0,0,0.5000000000000001,11.0,20.5,1.5,0.5,0.5,3.0
25,23,-1,38,17,37,8.174925682500678,4.087462841250339,0.058823529411764705,0,0,0,0,2.3749999999999996,15.5,21.375,0.875,0.875,0.375,3.5
25,24,1,31,13,36,7.400879436282184,3.700439718141092,0.07692307692307693,0,0,0,0,0.7499999999999999,15.000000000000002,22.75,1.25,0.75,0.25,3.0
25,25,-1,5,18,35,8.339850002884624,4.169925001442312,0.05555555555555555,0,0,0,0,1.6249999999999998,17.5,23.125,1.625,0.625,0.125,3.5
25,26,1,2,11,34,6.918863237274595,3.4594316186372973,0.09090909090909091,0,0,0,0,2.0000000000000004,22.0,23.5,1.5,0.5,0.5,4.0
25,27,-1,4,18,33,8.339850002884624,4.169925001442312,0.05555555555555555,0,0,0,0,3.6250000000000004,22.5,24.125,1.625,0.625,0.125,4.5
25,28,1,16,9,32,6.339850002884624,3.169925001442312,0.1111111111111111,0,0,0,0,2.75,25.0,24.75,1.25,0.75,0.25,5.0
25,29,-1,32,19,31,8.49585502688717,4.247927513443585,0.05263157894736842,0,0,0,0,2.125,23.500000000000004,25.625,1.125,0.625,0.125,5.5
25,30,1,6,7,30,5.614709844115208,2.807354922057604,0.14285714285714285,0,0,0,0,2.5000000000000004,27.0,26.5,1.5,0.5,0.5,5.0
25,31,-1,17,17,29,8.174925682500678,4.087462841250339,0.058823529411764705,0,0,0,0,3.6250000000000004,27.5,26.625,1.625,0.625,0.625,5.5
25,32,1,8,6,28,5.169925001442312,2.584962500721156,0.16666666666666666,0,0,0,0,3.2499999999999996,27.0,27.75,1.25,1.25,0.75,5.0
25,33,-1,23,16,27,8.0,4.0,0.0625,0,0,0,0,6.125,25.499999999999996,28.125,1.625,1.125,0.625,5.5
25,34,1,15,6,26,5.169925001442312,2.584962500721156,0.16666666666666666,0,0,0,0,3.7500000000000004,27.0,29.25,1.75,1.25,0.75,5.0
25,35,-1,39,15,25,7.813781191217037,3.9068905956085187,0.06666666666666667,0,0,0,0,10.875,23.500000000000004,29.875,1.375,1.375,0.875,5.5
25,36,1,47,6,24,5.169925001442312,2.584962500721156,0.16666666666666666,0,0,0,0,11.999999999999998,22.0,31.0,1.0,1.5,0.5,6.0
25,37,-1,30,13,23,7.400879436282184,3.700439718141092,0.07692307692307693,0,0,0,0,12.375,23.500000000000004,32.375,0.875,1.875,0.375,5.5
25,38,1,9,4,22,4.0,2.0,0.25,0,0,0,0,9.0,27.0,34.0,0.5,2.0,0.5,5.0
25,39,-1,48,12,21,7.169925001442312,3.584962500721156,0.08333333333333333,0,0,0,0,11.250000000000002,23.500000000000004,34.25,0.5,2.0,0.75,5.5
25,40,1,13,4,20,4.0,2.0,0.25,0,0,0,0,9.125,27.0,35.125,0.375,2.375,1.125,5.0
25,41,-1,50,12,19,7.169925001442312,3.584962500721156,0.08333333333333333,0,0,0,0,10.000000000000002,27.5,36.5,0.25,1.75,1.0,5.5
25,42,1,58,4,18,4.0,2.0,0.25,0,0,0,0,6.125,30.999999999999996,38.125,0.375,1.375,1.125,5.0
25,43,-1,60,9,17,6.339850002884624,3.169925001442312,0.1111111111111111,0,0,0,0,14.25,22.5,39.75,0.5,1.0,1.25,4.5
25,44,1,52,4,16,4.0,2.0,0.25,0,0,0,0,10.625000000000002,28.000000000000004,41.125,0.875,0.875,1.125,4.0
25,45,-1,61,7,15,5.614709844115208,2.807354922057604,0.14285714285714285,0,0,0,0,11.0,25.499999999999996,43.0,0.75,0.75,1.0,3.5
25,46,1,53,4,14,4.0,2.0,0.25,0,0,0,0,7.375,28.999999999999996,44.875,0.625,0.625,0.875,3.0
25,47,-1,0,7,13,5.614709844115208,2.807354922057604,0.14285714285714285,0,0,0,0,9.249999999999998,26.500000000000004,46.75,0.5,0.5,0.75,2.5
25,48,1,24,3,12,3.169925001442312,1.584962500721156,0.3333333333333333,0,0,0,0,8.5,28.999999999999996,47.0,0.5,0.5,1.0,3.0
25,49,-1,1,7,11,5.614709844115208,2.807354922057604,0.14285714285714285,0,0,0,0,14.125,26.500000000000004,48.625,0.125,0.625,1.125,2.5
25,50,1,56,2,10,2.0,1.0,0.5,0,0,0,0,11.250000000000002,28.999999999999996,49.75,0.25,0.25,0.75,3.0
25,51,-1,7,7,9,5.614709844115208,2.807354922057604,0.14285714285714285,0,0,0,0,16.500000000000004,23.500000000000004,50.5,0.25,0.25,0.5,3.5
25,52,1,49,1,8,0.0,0.0,1.0,0,0,0,0,8.75,22.999999999999996,51.75,0.25,0.25,0.75,3.0
25,53,-1,54,5,7,4.643856189774724,2.321928094887362,0.2,0,0,0,0,11.0,21.5,52.5,0.25,0.25,0.5,3.5
25,54,1,62,2,6,2.0,1.0,0.5,0,0,0,0,6.25,21.0,53.75,0.25,0.25,0.75,3.0
25,55,-1,59,5,5,4.643856189774724,2.321928094887362,0.2,0,0,0,0,15.124999999999998,18.5,55.125,0.625,0.125,0.625,2.5
25,57,-1,55,4,4,4.0,2.0,0.25,0,0,0,0,9.0,22.0,57.0,0.5,0.0,0.5,2.0
25,59,-1,63,3,3,3.169925001442312,1.584962500721156,0.3333333333333333,0,0,0,0,7.125,33.5,58.625,0.125,0.125,0.625,1.5
25,61,-1,14,2,2,2.0,1.0,0.5,0,0,0,0,8.875,30.999999999999996,60.375,0.125,0.125,0.375,1.0
25,63,-1,57,1,1,0.0,0.0,1.0,0,0,0,0,10.625000000000002,38.5,62.125,0.125,0.125,0.125,0.5
26,0,1,19,4,60,4.0,2.0,0.25,246196,61549,1,1,0.0,0.0,4.0,0.0,0.0,0.0,0.0
26,1,-1,34,3,59,2.2346638063499955,1.584962500721156,0.6374122693007538,61549,39233,1,1,1.1249999999999998,2.5000000000000004,4.125,0.125,0.125,0.125,0.5
26,2,1,45,5,58,3.163512262897709,2.321928094887362,0.5580304806565064,39233,21895,1,1,0.0,5.000000000000001,4.5,0.5,0.0,0.0,1.0
26,3,-1,37,4,57,2.103144733480561,2.0,0.9310014155897529,21895,20387,1,1,1.2500000000000002,3.5,4.75,0.5,0.0,0.25,1.5
26,4,1,44,6,56,2.6054103945613796,2.584962500721156,0.985926569808353,24153,23818,1,1,0.37499999999999994,5.999999999999999,5.375,0.125,0.125,0.375,2.0
26,5,-1,20,6,55,2.6477749628479907,2.584962500721156,0.9573959032907992,23818,22808,1,1,1.2500000000000002,3.5,6.25,0.5,0.0,0.75,1.5
26,6,1,18,11,54,4.404483371249184,3.4594316186372973,0.5194109189142085,22940,11920,1,1,0.37499999999999994,5.999999999999999,7.375,0.125,0.125,0.375,2.0
26,7,-1,21,7,53,3.46353247264359,2.807354922057604,0.6345573440643864,11921,7568,1,1,2.125,3.5,8.125,0.125,0.125,1.125,1.5
26,8,1,26,11,52,3.6702456951008102,3.4594316186372973,0.8640495323409301,7580,6558,1,1,0.37499999999999994,2.0000000000000004,9.375,0.125,0.125,0.375,2.0
26,9,-1,25,7,51,2.8445289407221797,2.807354922057604,0.9745620715917745,6558,6397,1,1,1.2500000000000002,5.5,10.75,0.0,0.0,0.75,1.5
26,10,1,33,11,50,4.060695931687555,3.4594316186372973,0.6591760299625468,6397,4223,1,1,0.875,5.999999999999999,10.875,0.125,0.125,0.875,2.0
26,11,-1,53,12,49,10.240791332161956,3.584962500721156,0.009917355371900827,4223,41,1,1,0.7499999999999999,8.5,11.25,0.0,0.5,0.75,2.5
26,12,1,29,14,48,4.303312416720015,3.807354922057604,0.7090909090909091,41,38,1,1,0.875,11.0,11.375,0.125,0.625,0.875,3.0
26,13,-1,30,12,47,4.528378972354789,3.584962500721156,0.52,38,25,1,1,5.5,6.499999999999999,13.0,0.25,0.75,0.5,2.5
26,14,1,12,12,46,5.794415866350105,3.584962500721156,0.21621621621621623,25,7,1,1,0.6250000000000001,11.999999999999998,13.625,0.375,1.375,0.625,2.0
26,15,-1,13,13,45,5.437405312307298,3.700439718141092,0.3,7,5,1,1,1.4999999999999998,10.5,14.5,0.25,0.75,1.0,2.5
26,16,1,38,14,44,6.470319934780034,3.807354922057604,0.15789473684210525,5,2,1,1,1.875,11.0,14.875,0.125,1.125,0.875,3.0
26,17,-1,52,16,43,6.584962500721156,4.0,0.16666666666666666,2,2,1,1,2.0000000000000004,14.500000000000002,16.0,0.25,1.75,0.5,2.5
26,18,1,51,16,42,6.584962500721156,4.0,0.16666666666666666,2,2,1,1,1.875,17.0,17.375,0.125,1.125,0.375,3.0
26,19,-1,43,18,41,6.906890595608518,4.169925001442312,0.15,2,2,1,1,2.0000000000000004,14.500000000000002,19.0,0.25,0.75,0.5,2.5
26,20,1,42,13,40,7.60733031374961,3.700439718141092,0.06666666666666667,2,0,1,0,6.875,11.999999999999998,20.875,0.125,0.625,0.375,2.0
26,21,-1,58,16,39,8.0,4.0,0.0625,0,0,0,0,4.625,13.5,22.625,0.125,0.625,0.125,1.5
26,22,1,11,18,38,8.339850002884624,4.169925001442312,0.05555555555555555,0,0,0,0,4.750000000000001,16.0,22.75,0.25,0.75,0.25,2.0
26,23,-1,22,13,37,7.400879436282184,3.700439718141092,0.07692307692307693,0,0,0,0,6.625000000000001,17.5,24.625,0.125,0.625,0.125,1.5
26,24,1,31,16,36,8.0,4.0,0.0625,0,0,0,0,5.749999999999999,20.000000000000004,25.25,0.25,0.25,0.25,2.0
26,25,-1,23,12,35,7.169925001442312,3.584962500721156,0.08333333333333333,0,0,0,0,3.875,20.500000000000004,25.375,0.375,0.375,0.375,2.5
26,26,1,50,17,34,8.174925682500678,4.087462841250339,0.058823529411764705,0,0,0,0,2.25,25.0,25.75,0.25,0.25,0.75,3.0
26,27,-1,39,12,33,7.169925001442312,3.584962500721156,0.08333333333333333,0,0,0,0,4.125000000000001,22.5,26.625,0.125,0.625,1.125,2.5
26,28,1,47,15,32,7.813781191217037,3.9068905956085187,0.06666666666666667,0,0,0,0,5.000000000000001,21.0,27.0,0.0,1.0,1.0,3.0
26,29,-1,55,12,31,7.169925001442312,3.584962500721156,0.08333333333333333,0,0,0,0,4.125000000000001,23.500000000000004,27.625,0.125,1.125,0.625,3.5
26,30,1,46,14,30,7.614709844115208,3.807354922057604,0.07142857142857142,0,0,0,0,5.25,23.999999999999996,27.75,0.25,1.25,0.75,4.0
26,31,-1,32,11,29,6.918863237274595,3.4594316186372973,0.09090909090909091,0,0,0,0,11.875,18.5,28.875,0.375,0.875,0.375,4.5
26,32,1,41,13,28,7.400879436282184,3.700439718141092,0.07692307692307693,0,0,0,0,9.499999999999998,17.999999999999996,29.5,0.5,1.5,0.5,4.0
26,33,-1,59,12,27,7.169925001442312,3.584962500721156,0.08333333333333333,0,0,0,0,12.875,17.5,30.875,0.375,1.375,0.875,3.5
26,34,1,16,12,26,7.169925001442312,3.584962500721156,0.08333333333333333,0,0,0,0,15.750000000000002,14.0,31.75,0.25,0.75,1.25,4.0
26,35,-1,24,9,25,6.339850002884624,3.169925001442312,0.1111111111111111,0,0,0,0,14.625000000000002,13.5,32.625,0.625,1.125,1.125,3.5
26,36,1,17,11,24,6.918863237274595,3.4594316186372973,0.09090909090909091,0,0,0,0,10.25,19.000000000000004,33.75,0.75,1.75,0.75,3.0
26,37,-1,8,9,23,6.339850002884624,3.169925001442312,0.1111111111111111,0,0,0,0,10.875,18.5,35.375,0.875,1.875,0.375,2.5
26,38,1,6,9,22,6.339850002884624,3.169925001442312,0.1111111111111111,0,0,0,0,11.75,20.000000000000004,35.75,1.25,2.25,0.75,2.0
26,39,-1,10,8,21,6.0,3.0,0.125,0,0,0,0,9.375,22.5,36.375,1.875,1.875,0.375,2.5
26,40,1,1,10,20,6.643856189774724,3.321928094887362,0.1,0,0,0,0,8.75,22.0,38.25,1.75,1.75,0.25,2.0
26,41,-1,54,6,19,5.169925001442312,2.584962500721156,0.16666666666666666,0,0,0,0,6.625000000000001,28.5,39.125,1.125,1.625,0.625,2.5
26,42,1,48,7,18,5.614709844115208,2.807354922057604,0.14285714285714285,0,0,0,0,11.875,21.0,39.375,1.125,1.625,0.875,3.0
26,43,-1,4,6,17,5.169925001442312,2.584962500721156,0.16666666666666666,0,0,0,0,10.5,23.500000000000004,40.5,0.75,1.75,0.5,3.5
26,44,1,3,9,16,6.339850002884624,3.169925001442312,0.1111111111111111,0,0,0,0,21.875000000000004,17.0,41.875,1.125,1.125,0.875,3.0
26,45,-1,49,4,15,4.0,2.0,0.25,0,0,0,0,17.0,19.500000000000004,43.5,0.75,0.75,0.5,3.5
26,46,1,57,6,14,5.169925001442312,2.584962500721156,0.16666666666666666,0,0,0,0,23.25,16.0,44.25,0.75,0.75,0.25,4.0
26,47,-1,9,3,13,3.169925001442312,1.584962500721156,0.3333333333333333,0,0,0,0,21.125,17.5,45.625,1.125,0.625,0.125,3.5
26,48,1,5,6,12,5.169925001442312,2.584962500721156,0.16666666666666666,0,0,0,0,28.375,12.999999999999998,46.875,1.125,0.625,0.375,3.0
26,49,-1,14,2,11,2.0,1.0,0.5,0,0,0,0,17.0,16.500000000000004,48.0,1.75,0.25,0.5,2.5
26,50,1,60,6,10,5.169925001442312,2.584962500721156,0.16666666666666666,0,0,0,0,27.749999999999996,14.0,49.75,1.75,0.25,0.25,2.0
26,51,-1,61,1,9,0.0,0.0,1.0,0,0,0,0,19.624999999999996,13.5,51.625,1.625,0.125,0.125,1.5
26,52,1,56,8,8,6.0,3.0,0.125,0,0,0,0,18.5,16.0,53.0,1.0,0.0,0.0,2.0
26,54,1,7,7,7,5.614709844115208,2.807354922057604,0.14285714285714285,0,0,0,0,13.75,18.5,53.25,1.0,0.0,0.25,2.5
26,55,-1,15,1,6,0.0,0.0,1.0,0,0,0,0,12.500000000000002,14.0,54.0,1.0,0.0,1.0,2.0
26,56,1,63,5,5,4.643856189774724,2.321928094887362,0.2,0,0,0,0,13.124999999999998,17.5,55.625,0.625,0.125,1.125,1.5
26,57,-1,62,1,4,0.0,0.0,1.0,0,0,0,0,19.375,28.000000000000004,56.875,0.625,0.125,0.375,2.0
26,58,1,2,3,3,3.169925001442312,1.584962500721156,0.3333333333333333,0,0,0,0,19.250000000000004,27.5,58.75,0.5,0.0,0.25,1.5
26,60,1,0,2,2,2.0,1.0,0.5,0,0,0,0,21.875000000000004,27.0,60.375,0.125,0.125,0.375,1.0
26,62,1,40,1,1,0.0,0.0,1.0,0,0,0,0,22.624999999999996,28.5,62.125,0.125,0.125,0.125,0.5
27,0,1,26,4,60,4.0,2.0,0.25,246196,61549,1,1,0.0,0.0,4.0,0.0,0.0,0.0,0.0
27,1,-1,20,3,59,2.2346638063499955,1.584962500721156,0.6374122693007538,61549,39233,1,1,1.1249999999999998,2.5000000000000004,4.125,0.125,0.125,0.125,0.5
27,2,1,45,5,58,3.163512262897709,2.321928094887362,0.5580304806565064,39233,21895,1,1,0.0,5.000000000000001,4.5,0.5,0.0,0.0,1.0
27,3,-1,44,4,57,2.103144733480561,2.0,0.9310014155897529,21895,20387,1,1,1.2500000000000002,3.5,4.75,0.5,0.0,0.25,1.5
27,4,1,37,6,56,2.6054103945613796,2.584962500721156,0.985926569808353,24153,23818,1,1,0.37499999999999994,5.999999999999999,5.375,0.125,0.125,0.375,2.0
27,5,-1,34,6,55,2.6477749628479907,2.584962500721156,0.9573959032907992,23818,22808,1,1,1.2500000000000002,3.5,6.25,0.5,0.0,0.75,1.5
27,6,1,29,11,54,4.9007946638892435,3.4594316186372973,0.36821924970589515,22940,8450,1,1,0.37499999999999994,5.999999999999999,7.375,0.125,0.125,0.375,2.0
27,7,-1,46,5,53,2.5857476223215765,2.321928094887362,0.8328799526907156,8450,7041,1,1,4.25,3.5,8.75,0.0,0.5,0.25,1.5
27,8,1,53,11,52,3.5845905858313936,3.4594316186372973,0.9169030062393647,7041,6465,1,1,4.375,4.0,8.875,0.125,0.625,0.375,2.0
27,9,-1,43,6,51,4.018323269813981,2.584962500721156,0.3702673466233967,6465,2395,1,1,4.750000000000001,4.499999999999999,9.25,0.0,0.5,0.75,2.5
27,10,1,52,12,50,3.6018433707705184,3.584962500721156,0.9883672621520565,2395,2378,1,1,4.375,4.0,10.875,0.125,0.125,0.875,2.0
27,11,-1,38,8,49,6.991559637199347,3.0,0.06286672254819782,2378,149,1,1,4.499999999999999,4.499999999999999,11.0,0.25,0.25,1.0,2.5
27,12,1,21,13,48,4.123840690354562,3.700439718141092,0.7456647398843931,160,128,1,1,1.375,9.0,11.375,0.125,0.125,1.375,3.0
27,13,-1,61,10,47,5.004187796963434,3.321928094887362,0.3115942028985507,128,42,1,1,1.1249999999999998,9.499999999999998,12.125,0.125,0.125,1.125,3.5
27,14,1,19,15,46,6.932425687715656,3.9068905956085187,0.12280701754385964,42,6,1,1,1.7500000000000002,10.000000000000002,12.25,0.25,0.25,1.25,4.0
27,15,-1,17,11,45,6.546894459887637,3.4594316186372973,0.11764705882352941,6,1,1,1,3.6250000000000004,11.5,14.125,0.125,0.125,1.125,3.5
27,16,1,25,13,44,6.507794640198696,3.700439718141092,0.14285714285714285,1,1,1,1,2.25,12.999999999999998,14.75,0.25,0.25,1.75,3.0
27,17,-1,18,12,43,6.285402218862249,3.584962500721156,0.15384615384615385,1,1,1,1,3.375,12.500000000000002,15.375,0.375,0.375,2.375,2.5
27,18,1,42,15,42,7.906890595608519,3.9068905956085187,0.0625,1,0,1,0,2.125,14.0,16.625,0.375,0.375,2.625,2.0
27,19,-1,51,16,41,8.0,4.0,0.0625,0,0,0,0,3.375,9.499999999999998,18.375,0.375,0.375,2.375,1.5
27,20,1,41,15,40,7.813781191217037,3.9068905956085187,0.06666666666666667,0,0,0,0,3.2499999999999996,14.0,19.25,0.75,0.25,1.75,2.0
27,21,-1,33,17,39,8.174925682500678,4.087462841250339,0.058823529411764705,0,0,0,0,3.6250000000000004,14.500000000000002,20.125,0.625,0.625,1.125,2.5
27,22,1,32,15,38,7.813781191217037,3.9068905956085187,0.06666666666666667,0,0,0,0,3.7500000000000004,17.0,21.25,0.25,0.75,0.75,3.0
27,23,-1,30,13,37,7.400879436282184,3.700439718141092,0.07692307692307693,0,0,0,0,7.375,11.5,21.375,0.375,0.875,0.875,3.5
27,24,1,31,14,36,7.614709844115208,3.807354922057604,0.07142857142857142,0,0,0,0,2.75,19.000000000000004,22.75,0.25,1.25,0.75,3.0
27,25,-1,39,15,35,7.813781191217037,3.9068905956085187,0.06666666666666667,0,0,0,0,1.6249999999999998,20.500000000000004,23.125,0.625,1.625,1.125,2.5
27,26,1,22,13,34,7.400879436282184,3.700439718141092,0.07692307692307693,0,0,0,0,2.75,19.000000000000004,23.75,0.25,2.25,0.75,3.0
27,27,-1,10,14,33,7.614709844115208,3.807354922057604,0.07142857142857142,0,0,0,0,2.3749999999999996,16.500000000000004,24.875,0.375,2.875,0.375,2.5
27,28,1,12,13,32,7.400879436282184,3.700439718141092,0.07692307692307693,0,0,0,0,2.75,16.0,26.25,0.75,2.25,0.75,2.0
27,29,-1,13,14,31,7.614709844115208,3.807354922057604,0.07142857142857142,0,0,0,0,1.875,21.5,27.875,0.875,1.875,0.875,1.5
27,30,1,47,18,30,8.339850002884624,4.169925001442312,0.05555555555555555,0,0,0,0,2.9999999999999996,20.000000000000004,29.5,0.5,1.5,0.5,2.0
27,31,-1,23,13,29,7.400879436282184,3.700439718141092,0.07692307692307693,0,0,0,0,3.875,22.5,29.875,0.375,1.375,0.875,2.5
27,32,1,24,16,28,8.0,4.0,0.0625,0,0,0,0,4.0,25.0,30.5,0.5,1.5,0.5,3.0
27,33,-1,16,10,27,6.643856189774724,3.321928094887362,0.1,0,0,0,0,3.875,26.500000000000004,31.375,0.375,2.375,0.375,2.5
27,34,1,11,15,26,7.813781191217037,3.9068905956085187,0.06666666666666667,0,0,0,0,6.75,23.999999999999996,32.25,0.25,2.75,0.75,2.0
27,35,-1,55,9,25,6.339850002884624,3.169925001442312,0.1111111111111111,0,0,0,0,3.1250000000000004,27.5,34.125,0.125,2.625,0.625,1.5
27,36,1,5,14,24,7.614709844115208,3.807354922057604,0.07142857142857142,0,0,0,0,3.7500000000000004,28.000000000000004,34.25,0.25,2.75,0.75,2.0
27,37,-1,40,12,23,7.169925001442312,3.584962500721156,0.08333333333333333,0,0,0,0,2.875,30.500000000000004,35.375,0.375,2.375,0.375,2.5
27,38,1,2,12,22,7.169925001442312,3.584962500721156,0.08333333333333333,0,0,0,0,6.75,23.999999999999996,36.75,0.25,2.75,0.25,2.0
27,39,-1,62,9,21,6.339850002884624,3.169925001442312,0.1111111111111111,0,0,0,0,4.875000000000001,23.500000000000004,38.375,0.375,2.375,0.375,1.5
27,40,1,50,10,20,6.643856189774724,3.321928094887362,0.1,0,0,0,0,6.25,25.999999999999996,38.75,0.25,2.25,0.75,2.0
27,41,-1,3,10,19,6.643856189774724,3.321928094887362,0.1,0,0,0,0,10.625000000000002,19.500000000000004,40.625,0.125,2.125,0.625,1.5
27,42,1,4,10,18,6.643856189774724,3.321928094887362,0.1,0,0,0,0,8.75,14.0,41.75,0.25,1.25,0.75,2.0
27,43,-1,58,8,17,6.0,3.0,0.125,0,0,0,0,6.125,18.5,43.125,0.125,0.625,0.625,2.5
27,44,1,60,10,16,6.643856189774724,3.321928094887362,0.1,0,0,0,0,9.499999999999998,22.0,45.0,0.0,0.5,0.5,2.0
27,45,-1,59,5,15,4.643856189774724,2.321928094887362,0.2,0,0,0,0,11.624999999999998,21.5,46.625,0.125,0.125,0.625,1.5
27,46,1,14,8,14,6.0,3.0,0.125,0,0,0,0,11.5,28.999999999999996,48.5,0.0,0.0,0.5,1.0
27,47,-1,6,2,13,2.0,1.0,0.5,0,0,0,0,10.749999999999998,27.5,48.75,0.0,0.0,0.75,1.5
27,48,1,7,8,12,6.0,3.0,0.125,0,0,0,0,16.375000000000004,23.999999999999996,49.375,0.125,0.125,0.375,2.0
27,49,-1,15,1,11,0.0,0.0,1.0,0,0,0,0,15.625,24.5,49.625,0.125,0.125,0.625,2.5
27,50,1,63,8,10,6.0,3.0,0.125,0,0,0,0,16.0,25.0,50.5,0.0,0.0,0.5,3.0
27,51,-1,49,1,9,0.0,0.0,1.0,0,0,0,0,12.750000000000002,33.5,51.25,0.0,0.0,0.25,3.5
27,52,1,56,7,8,5.614709844115208,2.807354922057604,0.14285714285714285,0,0,0,0,17.5,33.0,52.0,0.0,0.0,1.0,3.0
27,53,-1,57,2,7,2.0,1.0,0.5,0,0,0,0,14.749999999999998,32.5,53.25,0.0,0.0,1.25,2.5
27,54,1,54,5,6,4.643856189774724,2.321928094887362,0.2,0,0,0,0,13.375,36.0,54.375,0.125,0.125,1.375,2.0
27,56,1,48,4,5,4.0,2.0,0.25,0,0,0,0,10.625000000000002,38.5,55.625,0.125,0.125,0.625,2.5
27,58,1,1,3,4,3.169925001442312,1.584962500721156,0.3333333333333333,0,0,0,0,20.000000000000004,30.0,57.0,0.0,0.0,1.0,2.0
27,60,1,9,2,3,2.0,1.0,0.5,0,0,0,0,23.625,27.5,58.625,0.125,0.125,0.625,1.5
27,61,-1,8,1,2,0.0,0.0,1.0,0,0,0,0,31.874999999999996,22.999999999999996,60.375,0.125,0.125,0.375,1.0
27,62,1,0,1,1,0.0,0.0,1.0,0,0,0,0,27.749999999999996,26.500000000000004,62.25,0.0,0.0,0.25,0.5
28,0,1,44,4,60,4.0,2.0,0.25,246196,61549,1,1,0.0,0.0,4.0,0.0,0.0,0.0,0.0
28,1,-1,29,3,59,2.2346638063499955,1.584962500721156,0.6374122693007538,61549,39233,1,1,1.1249999999999998,2.5000000000000004,4.125,0.125,0.125,0.125,0.5
28,2,1,18,5,58,3.163512262897709,2.321928094887362,0.5580304806565064,39233,21895,1,1,0.0,5.000000000000001,4.5,0.5,0.0,0.0,1.0
28,3,-1,26,4,57,2.103144733480561,2.0,0.9310014155897529,21895,20387,1,1,1.2500000000000002,3.5,4.75,0.5,0.0,0.25,1.5
28,4,1,19,6,56,2.6054103945613796,2.584962500721156,0.985926569808353,24153,23818,1,1,0.37499999999999994,5.999999999999999,5.375,0.125,0.125,0.375,2.0
28,5,-1,43,6,55,2.6477749628479907,2.584962500721156,0.9573959032907992,23818,22808,1,1,1.2500000000000002,3.5,6.25,0.5,0.0,0.75,1.5
28,6,1,45,11,54,4.404483371249184,3.4594316186372973,0.5194109189142085,22940,11920,1,1,0.37499999999999994,5.999999999999999,7.375,0.125,0.125,0.375,2.0
28,7,-1,42,7,53,3.46353247264359,2.807354922057604,0.6345573440643864,11921,7568,1,1,2.125,3.5,8.125,0.125,0.125,1.125,1.5
28,8,1,51,11,52,7.140052489188651,3.4594316186372973,0.07798708997497036,7580,591,1,1,0.37499999999999994,2.0000000000000004,9.375,0.125,0.125,0.375,2.0
28,9,-1,50,7,51,3.709428501368347,2.807354922057604,0.5351170568561873,591,319,1,1,1.4999999999999998,4.499999999999999,9.5,0.25,0.25,0.5,2.5
28,10,1,37,10,50,3.6124095060659798,3.321928094887362,0.817629179331307,319,268,1,1,0.6250000000000001,7.000000000000001,9.625,0.375,0.375,0.625,3.0
28,11,-1,59,9,49,7.824235548854203,3.169925001442312,0.039711191335740074,268,10,1,1,4.499999999999999,4.499999999999999,11.0,0.25,0.25,1.0,2.5
28,12,1,34,11,48,4.398031073973154,3.4594316186372973,0.5217391304347826,12,11,1,1,4.625,5.000000000000001,11.125,0.375,0.375,1.125,3.0
28,13,-1,46,7,47,5.977279923499917,2.807354922057604,0.1111111111111111,11,1,1,1,5.749999999999999,4.499999999999999,12.75,0.5,0.5,0.75,2.5
28,14,1,52,10,46,5.78135971352466,3.321928094887362,0.18181818181818182,1,1,1,1,5.125000000000001,9.0,13.125,0.875,0.375,0.625,3.0
28,15,-1,30,7,45,5.807354922057604,2.807354922057604,0.125,1,0,1,0,8.000000000000002,7.5,13.5,0.75,0.75,0.5,3.5
28,16,1,41,11,44,6.918863237274595,3.4594316186372973,0.09090909090909091,0,0,0,0,5.125000000000001,11.999999999999998,14.125,0.875,0.375,0.625,4.0
28,17,-1,60,11,43,6.918863237274595,3.4594316186372973,0.09090909090909091,0,0,0,0,4.750000000000001,12.500000000000002,14.75,0.5,0.5,0.75,4.5
28,18,1,38,10,42,6.643856189774724,3.321928094887362,0.1,0,0,0,0,6.125,12.999999999999998,15.125,0.375,0.875,0.625,5.0
28,19,-1,31,11,41,6.918863237274595,3.4594316186372973,0.09090909090909091,0,0,0,0,6.499999999999999,11.5,16.0,0.25,0.75,0.5,5.5
28,20,1,61,11,40,6.918863237274595,3.4594316186372973,0.09090909090909091,0,0,0,0,8.625,11.999999999999998,16.625,0.375,0.375,0.625,6.0
28,21,-1,53,11,39,6.918863237274595,3.4594316186372973,0.09090909090909091,0,0,0,0,7.249999999999999,12.500000000000002,16.75,0.5,0.5,0.75,6.5
28,22,1,58,10,38,6.643856189774724,3.321928094887362,0.1,0,0,0,0,9.125,12.999999999999998,17.625,0.375,0.375,0.625,7.0
28,23,-1,20,9,37,6.339850002884624,3.169925001442312,0.1111111111111111,0,0,0,0,8.5,11.5,18.0,0.25,0.75,0.5,7.5
28,24,1,62,10,36,6.643856189774724,3.321928094887362,0.1,0,0,0,0,1.875,19.000000000000004,19.875,0.125,0.625,0.375,7.0
28,25,-1,33,10,35,6.643856189774724,3.321928094887362,0.1,0,0,0,0,4.0,17.5,20.0,0.25,0.75,0.5,7.5
28,26,1,47,13,34,7.400879436282184,3.700439718141092,0.07692307692307693,0,0,0,0,4.125000000000001,12.999999999999998,21.125,0.375,0.875,0.625,7.0
28,27,-1,11,11,33,6.918863237274595,3.4594316186372973,0.09090909090909091,0,0,0,0,8.25,11.5,21.75,0.5,0.5,0.75,7.5
28,28,1,3,14,32,7.614709844115208,3.807354922057604,0.07142857142857142,0,0,0,0,11.624999999999998,11.0,23.125,0.875,0.375,0.625,7.0
28,29,-1,25,11,31,6.918863237274595,3.4594316186372973,0.09090909090909091,0,0,0,0,7.000000000000001,14.500000000000002,24.0,1.25,0.75,0.5,6.5
28,30,1,39,11,30,6.918863237274595,3.4594316186372973,0.09090909090909091,0,0,0,0,8.125,14.0,25.625,0.875,0.875,0.625,6.0
28,31,-1,55,11,29,6.918863237274595,3.4594316186372973,0.09090909090909091,0,0,0,0,7.749999999999999,16.500000000000004,26.75,0.5,0.5,0.75,6.5
28,32,1,12,11,28,6.918863237274595,3.4594316186372973,0.09090909090909091,0,0,0,0,4.625,15.000000000000002,27.125,0.375,0.375,1.125,7.0
28,33,-1,10,11,27,6.918863237274595,3.4594316186372973,0.09090909090909091,0,0,0,0,4.0,12.500000000000002,29.0,0.25,0.25,1.0,6.5
28,34,1,21,11,26,6.918863237274595,3.4594316186372973,0.09090909090909091,0,0,0,0,1.1249999999999998,20.000000000000004,30.125,0.375,0.375,1.125,6.0
28,35,-1,5,9,25,6.339850002884624,3.169925001442312,0.1111111111111111,0,0,0,0,2.875,21.5,31.875,0.375,0.375,0.875,5.5
28,36,1,22,12,24,7.169925001442312,3.584962500721156,0.08333333333333333,0,0,0,0,3.2499999999999996,25.0,32.75,0.75,0.75,0.75,5.0
28,37,-1,4,9,23,6.339850002884624,3.169925001442312,0.1111111111111111,0,0,0,0,3.1250000000000004,26.500000000000004,34.125,1.125,0.625,0.625,4.5
28,38,1,6,9,22,6.339850002884624,3.169925001442312,0.1111111111111111,0,0,0,0,3.5,25.999999999999996,35.5,1.0,1.0,0.5,4.0
28,39,-1,48,7,21,5.614709844115208,2.807354922057604,0.14285714285714285,0,0,0,0,4.625,22.5,36.125,1.125,1.125,0.125,4.5
28,40,1,40,9,20,6.339850002884624,3.169925001442312,0.1111111111111111,0,0,0,0,4.0,25.0,37.0,1.0,1.0,0.0,5.0
28,41,-1,32,6,19,5.169925001442312,2.584962500721156,0.16666666666666666,0,0,0,0,9.125,15.5,38.125,0.625,0.625,0.125,5.5
28,42,1,2,7,18,5.614709844115208,2.807354922057604,0.14285714285714285,0,0,0,0,7.249999999999999,17.0,39.75,0.75,0.25,0.25,5.0
28,43,-1,9,6,17,5.169925001442312,2.584962500721156,0.16666666666666666,0,0,0,0,12.625,14.500000000000002,41.125,0.625,0.625,0.125,4.5
28,44,1,24,6,16,5.169925001442312,2.584962500721156,0.16666666666666666,0,0,0,0,9.875,17.0,41.375,0.625,0.625,0.375,5.0
28,45,-1,16,7,15,5.614709844115208,2.807354922057604,0.14285714285714285,0,0,0,0,14.25,14.500000000000002,43.25,0.5,0.5,0.25,4.5
28,46,1,17,4,14,4.0,2.0,0.25,0,0,0,0,10.875,14.0,44.875,0.625,0.125,0.375,4.0
28,47,-1,1,6,13,5.169925001442312,2.584962500721156,0.16666666666666666,0,0,0,0,17.5,11.5,46.5,0.25,0.25,0.5,3.5
28,48,1,0,3,12,3.169925001442312,1.584962500721156,0.3333333333333333,0,0,0,0,10.625000000000002,21.0,47.625,0.375,0.375,0.625,3.0
28,49,-1,13,6,11,5.169925001442312,2.584962500721156,0.16666666666666666,0,0,0,0,10.875,19.500000000000004,47.875,0.375,0.375,0.875,3.5
28,50,1,15,4,10,4.0,2.0,0.25,0,0,0,0,2.75,25.0,49.75,0.25,0.25,0.75,3.0
28,51,-1,49,5,9,4.643856189774724,2.321928094887362,0.2,0,0,0,0,3.1250000000000004,26.500000000000004,51.125,0.625,0.125,0.625,2.5
28,52,1,14,3,8,3.169925001442312,1.584962500721156,0.3333333333333333,0,0,0,0,1.875,19.000000000000004,51.875,0.625,0.125,0.375,3.0
28,53,-1,8,4,7,4.0,2.0,0.25,0,0,0,0,6.125,24.5,53.125,0.625,0.125,0.625,2.5
28,54,1,56,3,6,3.169925001442312,1.584962500721156,0.3333333333333333,0,0,0,0,4.750000000000001,20.000000000000004,54.75,0.25,0.25,0.75,2.0
28,55,-1,57,3,5,3.169925001442312,1.584962500721156,0.3333333333333333,0,0,0,0,19.500000000000004,24.5,55.5,0.25,0.25,0.5,2.5
28,56,1,54,1,4,0.0,0.0,1.0,0,0,0,0,13.875,34.0,57.375,0.125,0.125,0.375,2.0
28,57,-1,63,3,3,3.169925001442312,1.584962500721156,0.3333333333333333,0,0,0,0,15.124999999999998,35.5,59.125,0.125,0.125,0.125,1.5
28,59,-1,23,2,2,2.0,1.0,0.5,0,0,0,0,2.875,49.0,60.375,0.125,0.125,0.375,1.0
28,61,-1,7,1,1,0.0,0.0,1.0,0,0,0,0,1.7500000000000002,48.5,62.25,0.0,0.0,0.25,0.5
29,0,1,26,4,60,4.0,2.0,0.25,246196,61549,1,1,0.0,0.0,4.0,0.0,0.0,0.0,0.0
29,1,-1,20,3,59,2.2346638063499955,1.584962500721156,0.6374122693007538,61549,39233,1,1,1.1249999999999998,2.5000000000000004,4.125,0.125,0.125,0.125,0.5
29,2,1,37,5,58,4.598542054586208,2.321928094887362,0.20638156888730314,39233,8097,1,1,0.0,5.000000000000001,4.5,0.5,0.0,0.0,1.0
29,3,-1,44,5,57,2.8396590424910313,2.321928094887362,0.698469513700321,8097,5658,1,1,1.1249999999999998,2.5000000000000004,5.125,1.125,0.125,0.125,0.5
29,4,1,29,7,56,7.287864655989317,2.807354922057604,0.04479527161021892,25710,1151,1,1,0.0,5.000000000000001,6.0,0.5,0.0,0.5,1.0
29,5,-1,34,6,55,2.845256270992873,2.584962500721156,0.8349178910976663,1151,965,1,1,1.1249999999999998,3.5,7.125,0.125,0.125,0.125,1.5
29,6,1,42,8,54,8.92629599478111,3.0,0.01644398766700925,965,15,1,1,1.0,5.000000000000001,8.5,0.0,0.5,0.0,1.0
29,7,-1,43,8,53,3.7162070339994084,3.0,0.6086956521739131,15,13,1,1,0.7499999999999999,1.4999999999999998,8.75,0.0,0.5,0.25,1.5
29,8,1,45,8,52,5.137503523749935,3.0,0.22727272727272727,14,4,1,1,1.375,2.9999999999999996,10.375,0.125,0.125,0.375,1.0
29,9,-1,25,14,51,7.977279923499916,3.807354922057604,0.05555555555555555,4,0,1,0,5.125000000000001,5.5,11.125,0.125,0.125,0.125,1.5
29,10,1,19,8,50,6.0,3.0,0.125,0,0,0,0,3.2499999999999996,8.000000000000002,11.25,0.25,0.25,0.25,2.0
29,11,-1,18,11,49,6.918863237274595,3.4594316186372973,0.09090909090909091,0,0,0,0,4.125000000000001,7.5,13.125,0.125,0.125,0.125,1.5
29,12,1,13,8,48,6.0,3.0,0.125,0,0,0,0,0.875,9.0,14.375,0.125,0.125,0.375,1.0
29,13,-1,33,12,47,7.169925001442312,3.584962500721156,0.08333333333333333,0,0,0,0,3.5,9.499999999999998,14.5,0.25,0.25,0.5,1.5
29,14,1,41,8,46,6.0,3.0,0.125,0,0,0,0,1.375,14.0,14.875,0.125,0.625,0.375,2.0
29,15,-1,21,12,45,7.169925001442312,3.584962500721156,0.08333333333333333,0,0,0,0,3.2499999999999996,12.500000000000002,15.25,0.0,0.5,0.75,2.5
29,16,1,12,9,44,6.339850002884624,3.169925001442312,0.1111111111111111,0,0,0,0,2.5000000000000004,14.0,17.0,0.0,0.5,0.5,2.0
29,17,-1,50,11,43,6.918863237274595,3.4594316186372973,0.09090909090909091,0,0,0,0,3.6250000000000004,12.500000000000002,17.625,0.125,0.125,0.625,2.5
29,18,1,32,14,42,7.614709844115208,3.807354922057604,0.07142857142857142,0,0,0,0,2.75,14.0,18.25,0.25,0.25,1.25,2.0
29,19,-1,51,12,41,7.169925001442312,3.584962500721156,0.08333333333333333,0,0,0,0,7.375,10.5,18.375,0.375,0.375,1.375,2.5
29,20,1,60,15,40,7.813781191217037,3.9068905956085187,0.06666666666666667,0,0,0,0,1.7500000000000002,17.999999999999996,19.25,0.75,0.25,1.75,2.0
29,21,-1,59,14,39,7.614709844115208,3.807354922057604,0.07142857142857142,0,0,0,0,1.6249999999999998,18.5,19.625,1.125,0.125,1.625,2.5
29,22,1,52,12,38,7.169925001442312,3.584962500721156,0.08333333333333333,0,0,0,0,0.7499999999999999,21.0,20.25,0.75,0.25,1.75,3.0
29,23,-1,61,14,37,7.614709844115208,3.807354922057604,0.07142857142857142,0,0,0,0,2.3749999999999996,19.500000000000004,21.375,0.375,0.375,1.375,3.5
29,24,1,57,10,36,6.643856189774724,3.321928094887362,0.1,0,0,0,0,0.5000000000000001,23.999999999999996,21.5,0.5,0.5,1.5,4.0
29,25,-1,40,14,35,7.614709844115208,3.807354922057604,0.07142857142857142,0,0,0,0,2.125,20.500000000000004,21.625,0.625,0.625,1.625,4.5
29,26,1,48,12,34,7.169925001442312,3.584962500721156,0.08333333333333333,0,0,0,0,3.5,21.0,22.0,1.0,0.5,1.5,5.0
29,27,-1,38,11,33,6.918863237274595,3.4594316186372973,0.09090909090909091,0,0,0,0,3.375,21.5,22.375,0.875,0.375,1.875,5.5
29,28,1,46,13,32,7.400879436282184,3.700439718141092,0.07692307692307693,0,0,0,0,5.749999999999999,15.000000000000002,23.75,1.25,0.25,1.75,5.0
29,29,-1,22,12,31,7.169925001442312,3.584962500721156,0.08333333333333333,0,0,0,0,6.125,19.500000000000004,24.625,1.625,0.125,1.125,5.5
29,30,1,47,15,30,7.813781191217037,3.9068905956085187,0.06666666666666667,0,0,0,0,4.750000000000001,19.000000000000004,25.75,1.25,0.25,1.75,5.0
29,31,-1,39,12,29,7.169925001442312,3.584962500721156,0.08333333333333333,0,0,0,0,3.875,23.500000000000004,26.375,0.875,0.375,1.875,5.5
29,32,1,23,13,28,7.400879436282184,3.700439718141092,0.07692307692307693,0,0,0,0,5.25,20.000000000000004,27.25,0.75,0.25,1.75,6.0
29,33,-1,11,12,27,7.169925001442312,3.584962500721156,0.08333333333333333,0,0,0,0,8.625,15.5,28.125,1.125,0.625,1.625,5.5
29,34,1,2,12,26,7.169925001442312,3.584962500721156,0.08333333333333333,0,0,0,0,11.75,15.000000000000002,29.75,0.75,0.75,1.75,5.0
29,35,-1,3,13,25,7.400879436282184,3.700439718141092,0.07692307692307693,0,0,0,0,7.375,20.500000000000004,30.875,1.375,0.375,1.875,4.5
29,36,1,31,10,24,6.643856189774724,3.321928094887362,0.1,0,0,0,0,9.0,17.999999999999996,32.0,1.5,0.5,2.0,4.0
29,37,-1,4,12,23,7.169925001442312,3.584962500721156,0.08333333333333333,0,0,0,0,7.875,17.5,33.375,1.875,0.375,1.875,3.5
29,38,1,53,9,22,6.339850002884624,3.169925001442312,0.1111111111111111,0,0,0,0,13.5,15.000000000000002,35.0,1.5,0.5,2.0,3.0
29,39,-1,54,11,21,6.918863237274595,3.4594316186372973,0.09090909090909091,0,0,0,0,11.875,19.500000000000004,36.375,1.375,0.375,1.375,3.5
29,40,1,30,8,20,6.0,3.0,0.125,0,0,0,0,11.125,17.999999999999996,36.625,1.375,0.375,1.625,4.0
29,41,-1,5,9,19,6.339850002884624,3.169925001442312,0.1111111111111111,0,0,0,0,10.5,21.5,38.5,1.25,0.25,1.5,3.5
29,42,1,10,8,18,6.0,3.0,0.125,0,0,0,0,10.375000000000002,22.0,39.875,0.625,0.125,1.375,4.0
29,43,-1,17,7,17,5.614709844115208,2.807354922057604,0.14285714285714285,0,0,0,0,7.5,25.499999999999996,41.5,0.75,0.25,1.0,3.5
29,44,1,6,9,16,6.339850002884624,3.169925001442312,0.1111111111111111,0,0,0,0,3.875,30.999999999999996,43.375,0.625,0.125,0.875,3.0
29,45,-1,58,6,15,5.169925001442312,2.584962500721156,0.16666666666666666,0,0,0,0,8.000000000000002,32.5,44.0,0.75,0.25,1.5,2.5
29,46,1,62,10,14,6.643856189774724,3.321928094887362,0.1,0,0,0,0,8.125,32.00000000000001,45.625,0.375,0.375,1.625,2.0
29,47,-1,63,5,13,4.643856189774724,2.321928094887362,0.2,0,0,0,0,19.000000000000004,24.5,46.5,0.25,0.75,1.0,2.5
29,48,1,1,8,12,6.0,3.0,0.125,0,0,0,0,19.250000000000004,25.0,46.75,0.25,0.75,1.25,3.0
29,49,-1,56,5,11,4.643856189774724,2.321928094887362,0.2,0,0,0,0,22.375000000000004,20.500000000000004,47.875,0.375,1.375,0.875,2.5
29,50,1,49,7,10,5.614709844115208,2.807354922057604,0.14285714285714285,0,0,0,0,10.125,33.0,48.625,0.375,1.375,0.625,3.0
29,51,-1,24,4,9,4.0,2.0,0.25,0,0,0,0,10.375000000000002,31.5,49.375,0.375,1.375,0.375,3.5
29,52,1,8,5,8,4.643856189774724,2.321928094887362,0.2,0,0,0,0,8.25,36.99999999999999,51.25,0.25,1.25,0.25,3.0
29,53,-1,16,4,7,4.0,2.0,0.25,0,0,0,0,13.124999999999998,33.5,52.625,0.125,0.625,0.125,3.5
29,54,1,14,3,6,3.169925001442312,1.584962500721156,0.3333333333333333,0,0,0,0,9.499999999999998,36.99999999999999,54.5,0.0,0.5,0.0,3.0
29,55,-1,7,4,5,4.0,2.0,0.25,0,0,0,0,8.75,34.5,55.75,0.0,0.5,0.25,2.5
29,56,1,9,3,4,3.169925001442312,1.584962500721156,0.3333333333333333,0,0,0,0,16.0,34.0,57.0,0.0,0.5,0.5,2.0
29,57,-1,0,3,3,3.169925001442312,1.584962500721156,0.3333333333333333,0,0,0,0,17.25,31.5,58.75,0.0,0.5,0.25,1.5
29,58,1,55,2,2,2.0,1.0,0.5,0,0,0,0,36.5,12.999999999999998,60.5,0.0,0.5,0.0,1.0
29,59,-1,15,1,1,0.0,0.0,1.0,0,0,0,0,32.125,16.500000000000004,62.125,0.125,0.125,0.125,0.5
30,0,1,26,4,60,4.0,2.0,0.25,246196,61549,1,1,0.0,0.0,4.0,0.0,0.0,0.0,0.0
30,1,-1,20,3,59,2.2346638063499955,1.584962500721156,0.6374122693007538,61549,39233,1,1,1.1249999999999998,2.5000000000000004,4.125,0.125,0.125,0.125,0.5
30,2,1,45,5,58,3.163512262897709,2.321928094887362,0.5580304806565064,39233,21895,1,1,0.0,5.000000000000001,4.5,0.5,0.0,0.0,1.0
30,3,-1,44,4,57,2.103144733480561,2.0,0.9310014155897529,21895,20387,1,1,1.2500000000000002,3.5,4.75,0.5,0.0,0.25,1.5
30,4,1,37,6,56,2.6054103945613796,2.584962500721156,0.985926569808353,24153,23818,1,1,0.37499999999999994,5.999999999999999,5.375,0.125,0.125,0.375,2.0
30,5,-1,34,6,55,2.6477749628479907,2.584962500721156,0.9573959032907992,23818,22808,1,1,1.2500000000000002,3.5,6.25,0.5,0.0,0.75,1.5
30,6,1,29,11,54,4.9007946638892435,3.4594316186372973,0.36821924970589515,22940,8450,1,1,0.37499999999999994,5.999999999999999,7.375,0.125,0.125,0.375,2.0
30,7,-1,46,5,53,2.5857476223215765,2.321928094887362,0.8328799526907156,8450,7041,1,1,4.25,3.5,8.75,0.0,0.5,0.25,1.5
30,8,1,53,11,52,3.5845905858313936,3.4594316186372973,0.9169030062393647,7041,6465,1,1,4.375,4.0,8.875,0.125,0.625,0.375,2.0
30,9,-1,38,6,51,4.138172522157883,2.584962500721156,0.34075104311543813,6465,2204,1,1,4.750000000000001,4.499999999999999,9.25,0.0,0.5,0.75,2.5
30,10,1,21,11,50,5.83781298185384,3.4594316186372973,0.19232505643340858,2204,425,1,1,0.875,9.0,9.375,0.125,0.625,0.875,3.0
30,11,-1,52,10,49,3.4321636570954857,3.321928094887362,0.9264367816091954,425,402,1,1,1.6249999999999998,9.499999999999998,10.125,0.125,0.625,0.625,3.5
30,12,1,43,14,48,6.358047520694014,3.807354922057604,0.17067307692307693,402,70,1,1,0.5000000000000001,10.000000000000002,10.5,0.0,0.5,1.0,4.0
30,13,-1,19,11,47,4.7992816215219225,3.4594316186372973,0.3950617283950617,70,31,1,1,4.625,7.5,12.125,0.125,0.125,1.125,3.5
30,14,1,51,14,46,6.977279923499917,3.807354922057604,0.1111111111111111,31,4,1,1,2.0000000000000004,11.0,14.0,0.0,0.0,1.0,3.0
30,15,-1,30,14,45,5.977279923499917,3.807354922057604,0.2222222222222222,4,3,1,1,1.6249999999999998,11.5,14.625,0.125,0.125,0.625,3.5
30,16,1,22,14,44,5.655351828612554,3.807354922057604,0.2777777777777778,4,4,1,1,2.9999999999999996,10.000000000000002,15.5,0.0,0.0,0.5,4.0
30,17,-1,33,14,43,7.977279923499916,3.807354922057604,0.05555555555555555,4,0,1,0,1.6249999999999998,12.500000000000002,16.125,0.125,0.125,0.125,4.5
30,18,1,12,13,42,7.400879436282184,3.700439718141092,0.07692307692307693,0,0,0,0,3.2499999999999996,10.000000000000002,17.25,0.25,0.25,0.25,4.0
30,19,-1,18,14,41,7.614709844115208,3.807354922057604,0.07142857142857142,0,0,0,0,4.625,5.5,18.625,0.125,0.125,0.625,3.5
30,20,1,11,13,40,7.400879436282184,3.700439718141092,0.07692307692307693,0,0,0,0,0.875,5.000000000000001,19.875,0.125,0.125,0.875,3.0
30,21,-1,13,16,39,8.0,4.0,0.0625,0,0,0,0,1.4999999999999998,8.5,21.5,0.25,0.25,0.5,2.5
30,22,1,5,13,38,7.400879436282184,3.700439718141092,0.07692307692307693,0,0,0,0,4.375,7.000000000000001,22.375,0.125,0.125,0.375,3.0
30,23,-1,10,16,37,8.0,4.0,0.0625,0,0,0,0,1.0,13.5,22.5,0.25,0.25,0.5,3.5
30,24,1,41,11,36,6.918863237274595,3.4594316186372973,0.09090909090909091,0,0,0,0,3.6250000000000004,12.999999999999998,23.625,0.375,0.375,0.625,3.0
30,25,-1,61,15,35,7.813781191217037,3.9068905956085187,0.06666666666666667,0,0,0,0,1.0,10.5,25.0,0.75,0.25,0.5,2.5
30,26,1,39,12,34,7.169925001442312,3.584962500721156,0.08333333333333333,0,0,0,0,0.37499999999999994,7.000000000000001,25.375,0.625,0.625,0.375,3.0
30,27,-1,3,12,33,7.169925001442312,3.584962500721156,0.08333333333333333,0,0,0,0,5.000000000000001,9.499999999999998,25.5,0.75,0.75,0.5,3.5
30,28,1,1,12,32,7.169925001442312,3.584962500721156,0.08333333333333333,0,0,0,0,2.875,11.999999999999998,25.875,0.625,0.625,0.875,4.0
30,29,-1,17,15,31,7.813781191217037,3.9068905956085187,0.06666666666666667,0,0,0,0,8.000000000000002,14.500000000000002,26.0,0.75,0.75,1.0,4.5
30,30,1,47,12,30,7.169925001442312,3.584962500721156,0.08333333333333333,0,0,0,0,7.625000000000001,11.999999999999998,27.625,0.375,0.875,1.125,4.0
30,31,-1,42,10,29,6.643856189774724,3.321928094887362,0.1,0,0,0,0,10.25,14.500000000000002,28.25,0.5,0.5,1.25,4.5
30,32,1,32,12,28,7.169925001442312,3.584962500721156,0.08333333333333333,0,0,0,0,7.5,17.999999999999996,30.0,0.5,0.5,1.0,4.0
30,33,-1,60,11,27,6.918863237274595,3.4594316186372973,0.09090909090909091,0,0,0,0,12.125,14.500000000000002,30.625,0.625,0.625,0.625,4.5
30,34,1,59,11,26,6.918863237274595,3.4594316186372973,0.09090909090909091,0,0,0,0,10.000000000000002,16.0,31.5,1.0,0.5,1.0,4.0
30,35,-1,58,11,25,6.918863237274595,3.4594316186372973,0.09090909090909091,0,0,0,0,12.125,14.500000000000002,32.625,0.625,0.625,0.625,4.5
30,36,1,50,9,24,6.339850002884624,3.169925001442312,0.1111111111111111,0,0,0,0,11.999999999999998,16.0,33.5,1.0,1.0,0.5,4.0
30,37,-1,25,10,23,6.643856189774724,3.321928094887362,0.1,0,0,0,0,13.375,13.5,35.375,0.875,0.875,0.375,3.5
30,38,1,16,8,22,6.0,3.0,0.125,0,0,0,0,6.75,17.0,37.25,0.75,0.75,0.25,3.0
30,39,-1,4,14,21,7.614709844115208,3.807354922057604,0.07142857142857142,0,0,0,0,11.375,12.500000000000002,38.375,1.375,0.375,0.375,2.5
30,40,1,2,5,20,4.643856189774724,2.321928094887362,0.2,0,0,0,0,7.249999999999999,17.999999999999996,39.75,1.25,0.75,0.25,2.0
30,41,-1,57,14,19,7.614709844115208,3.807354922057604,0.07142857142857142,0,0,0,0,10.125,29.5,41.125,0.625,1.125,0.625,1.5
30,42,1,24,4,18,4.0,2.0,0.25,0,0,0,0,7.5,32.00000000000001,41.5,0.5,1.5,0.5,2.0
30,43,-1,48,12,17,7.169925001442312,3.584962500721156,0.08333333333333333,0,0,0,0,10.125,27.5,43.125,0.625,1.125,0.625,1.5
30,44,1,40,4,16,4.0,2.0,0.25,0,0,0,0,8.75,30.0,43.75,0.75,0.75,0.75,2.0
30,45,-1,8,10,15,6.643856189774724,3.321928094887362,0.1,0,0,0,0,10.875,28.5,45.375,0.375,0.375,0.375,2.5
30,46,1,9,3,14,3.169925001442312,1.584962500721156,0.3333333333333333,0,0,0,0,8.25,35.0,46.25,0.25,0.25,0.25,3.0
30,47,-1,0,9,13,6.339850002884624,3.169925001442312,0.1111111111111111,0,0,0,0,10.000000000000002,33.5,46.5,0.25,0.25,0.5,3.5
30,48,1,49,3,12,3.169925001442312,1.584962500721156,0.3333333333333333,0,0,0,0,10.25,34.0,46.75,0.25,0.25,0.75,4.0
30,49,-1,54,8,11,6.0,3.0,0.125,0,0,0,0,12.500000000000002,32.5,47.5,0.25,0.25,0.5,4.5
30,50,1,62,2,10,2.0,1.0,0.5,0,0,0,0,11.75,30.0,48.75,0.25,0.25,0.75,4.0
30,51,-1,56,8,9,6.0,3.0,0.125,0,0,0,0,13.875,27.5,49.875,0.375,0.375,0.875,3.5
30,53,-1,23,7,8,5.614709844115208,2.807354922057604,0.14285714285714285,0,0,0,0,18.625,28.000000000000004,50.625,0.375,0.375,0.625,4.0
30,54,1,15,3,7,3.169925001442312,1.584962500721156,0.3333333333333333,0,0,0,0,16.500000000000004,27.5,52.5,0.25,0.25,0.5,3.5
30,55,-1,31,6,6,5.169925001442312,2.584962500721156,0.16666666666666666,0,0,0,0,19.874999999999996,27.0,53.875,0.625,0.125,0.375,3.0
30,57,-1,6,5,5,4.643856189774724,2.321928094887362,0.2,0,0,0,0,20.75,28.5,55.75,0.5,0.0,0.25,2.5
30,58,1,14,1,4,0.0,0.0,1.0,0,0,0,0,26.375000000000004,23.999999999999996,57.375,0.125,0.125,0.375,2.0
30,59,-1,7,3,3,3.169925001442312,1.584962500721156,0.3333333333333333,0,0,0,0,29.124999999999996,25.499999999999996,59.125,0.125,0.125,0.125,1.5
30,61,-1,55,2,2,2.0,1.0,0.5,0,0,0,0,33.37500000000001,21.0,60.375,0.125,0.125,0.375,1.0
30,63,-1,63,1,1,0.0,0.0,1.0,0,0,0,0,38.75,18.5,62.25,0.0,0.0,0.25,0.5
31,0,1,19,4,60,4.0,2.0,0.25,246196,61549,1,1,0.0,0.0,4.0,0.0,0.0,0.0,0.0
31,1,-1,34,3,59,2.2346638063499955,1.584962500721156,0.6374122693007538,61549,39233,1,1,1.1249999999999998,2.5000000000000004,4.125,0.125,0.125,0.125,0.5
31,2,1,43,5,58,4.496253552987338,2.321928094887362,0.2215454406442734,39233,8692,1,1,0.0,5.000000000000001,4.5,0.5,0.0,0.0,1.0
31,3,-1,20,4,57,2.0405471857299635,2.0,0.9722861085556578,8692,8454,1,1,1.1249999999999998,3.5,5.125,0.125,0.125,0.125,1.5
31,4,1,29,5,56,2.609976286759761,2.321928094887362,0.819009339165386,8454,6927,1,1,1.0,5.000000000000001,6.0,0.0,0.5,0.5,1.0
31,5,-1,42,11,55,3.5937986443852172,3.4594316186372973,0.9110694724704526,6927,6320,1,1,0.12500000000000003,8.5,7.125,0.125,0.125,1.125,0.5
31,6,1,37,9,54,3.5423896769832375,3.169925001442312,0.7724617085109743,6324,4891,1,1,1.375,7.000000000000001,7.375,0.125,0.125,1.375,1.0
31,7,-1,21,9,53,6.075344209834163,3.169925001442312,0.13346938775510203,4891,653,1,1,0.7499999999999999,9.499999999999998,8.75,0.0,0.0,0.75,1.5
31,8,1,12,9,52,5.9100788732395655,3.169925001442312,0.14966887417218544,746,112,1,1,2.5000000000000004,7.000000000000001,9.5,0.0,0.0,1.5,1.0
31,9,-1,11,10,51,5.14359085362885,3.321928094887362,0.28289473684210525,142,42,1,1,3.1250000000000004,7.5,9.625,0.125,0.125,1.625,1.5
31,10,1,26,13,50,5.159871336778389,3.700439718141092,0.36363636363636365,42,19,1,1,1.4999999999999998,8.000000000000002,10.0,0.0,0.5,1.5,2.0
31,11,-1,18,9,49,6.977279923499916,3.169925001442312,0.07142857142857142,19,1,1,1,5.125000000000001,5.5,11.625,0.125,0.625,1.125,1.5
31,12,1,13,11,48,7.044394119358453,3.4594316186372973,0.08333333333333333,1,0,1,0,3.375,10.000000000000002,12.875,0.125,0.625,0.375,2.0
31,13,-1,5,11,47,6.044394119358453,3.4594316186372973,0.16666666666666666,1,1,1,1,1.4999999999999998,10.5,13.0,0.25,0.75,0.5,2.5
31,14,1,33,10,46,5.78135971352466,3.321928094887362,0.18181818181818182,1,1,1,1,2.125,11.0,13.125,0.375,0.875,0.625,3.0
31,15,-1,22,10,45,6.78135971352466,3.321928094887362,0.09090909090909091,1,0,1,0,5.749999999999999,7.5,13.75,0.5,0.5,0.75,3.5
31,16,1,31,14,44,7.614709844115208,3.807354922057604,0.07142857142857142,0,0,0,0,6.625000000000001,8.000000000000002,14.125,0.375,0.375,1.125,4.0
31,17,-1,23,12,43,7.169925001442312,3.584962500721156,0.08333333333333333,0,0,0,0,7.249999999999999,8.5,14.25,0.5,0.5,1.25,4.5
31,18,1,15,13,42,7.400879436282184,3.700439718141092,0.07692307692307693,0,0,0,0,7.125,9.0,14.625,0.375,0.375,1.625,5.0
31,19,-1,30,11,41,6.918863237274595,3.4594316186372973,0.09090909090909091,0,0,0,0,7.249999999999999,9.499999999999998,14.75,0.5,0.5,1.75,5.5
31,20,1,41,12,40,7.169925001442312,3.584962500721156,0.08333333333333333,0,0,0,0,3.6250000000000004,17.0,15.625,0.875,0.375,2.125,5.0
31,21,-1,45,10,39,6.643856189774724,3.321928094887362,0.1,0,0,0,0,2.25,18.5,16.25,1.0,0.5,2.75,4.5
31,22,1,3,8,38,6.0,3.0,0.125,0,0,0,0,5.000000000000001,14.0,18.0,1.0,0.5,2.5,4.0
31,23,-1,44,11,37,6.918863237274595,3.4594316186372973,0.09090909090909091,0,0,0,0,2.875,16.500000000000004,18.375,1.375,0.375,2.375,4.5
31,24,1,17,11,36,6.918863237274595,3.4594316186372973,0.09090909090909091,0,0,0,0,4.25,16.0,20.25,1.25,0.25,2.25,4.0
31,25,-1,51,13,35,7.400879436282184,3.700439718141092,0.07692307692307693,0,0,0,0,4.125000000000001,18.5,21.125,1.125,0.625,1.625,4.5
31,26,1,52,12,34,7.169925001442312,3.584962500721156,0.08333333333333333,0,0,0,0,5.749999999999999,16.0,22.25,0.75,0.75,2.25,4.0
31,27,-1,59,16,33,8.0,4.0,0.0625,0,0,0,0,4.125000000000001,17.5,23.625,1.125,1.125,1.625,3.5
31,28,1,61,10,32,6.643856189774724,3.321928094887362,0.1,0,0,0,0,4.25,20.000000000000004,24.25,0.75,1.25,1.75,4.0
31,29,-1,60,15,31,7.813781191217037,3.9068905956085187,0.06666666666666667,0,0,0,0,3.875,18.5,24.875,0.875,1.375,1.375,4.5
31,30,1,58,8,30,6.0,3.0,0.125,0,0,0,0,4.25,22.0,25.75,1.25,1.75,1.25,4.0
31,31,-1,46,17,29,8.174925682500678,4.087462841250339,0.058823529411764705,0,0,0,0,6.625000000000001,21.5,26.625,1.125,2.125,1.625,3.5
31,32,1,53,8,28,6.0,3.0,0.125,0,0,0,0,5.25,21.0,27.75,1.25,2.75,1.25,3.0
31,33,-1,54,16,27,8.0,4.0,0.0625,0,0,0,0,13.625,15.5,29.125,1.125,2.125,1.125,3.5
31,34,1,63,7,26,5.614709844115208,2.807354922057604,0.14285714285714285,0,0,0,0,10.875,17.999999999999996,29.375,1.125,2.125,1.375,4.0
31,35,-1,39,14,25,7.614709844115208,3.807354922057604,0.07142857142857142,0,0,0,0,13.124999999999998,14.500000000000002,29.625,1.125,2.125,1.625,4.5
31,36,1,55,6,24,5.169925001442312,2.584962500721156,0.16666666666666666,0,0,0,0,7.749999999999999,19.000000000000004,30.75,0.75,1.75,1.75,5.0
31,37,-1,7,14,23,7.614709844115208,3.807354922057604,0.07142857142857142,0,0,0,0,10.625000000000002,17.5,31.125,0.625,2.125,1.625,5.5
31,38,1,4,4,22,4.0,2.0,0.25,0,0,0,0,8.375,17.999999999999996,31.875,0.625,2.125,1.375,6.0
31,39,-1,2,11,21,6.918863237274595,3.4594316186372973,0.09090909090909091,0,0,0,0,13.75,15.5,33.25,0.5,2.5,1.25,5.5
31,40,1,38,3,20,3.169925001442312,1.584962500721156,0.3333333333333333,0,0,0,0,13.875,21.0,34.375,0.625,3.125,0.875,5.0
31,41,-1,10,10,19,6.643856189774724,3.321928094887362,0.1,0,0,0,0,17.999999999999996,19.500000000000004,36.0,0.25,2.75,0.5,5.5
31,42,1,25,4,18,4.0,2.0,0.25,0,0,0,0,15.625,22.999999999999996,37.625,0.375,2.375,0.625,5.0
31,43,-1,16,10,17,6.643856189774724,3.321928094887362,0.1,0,0,0,0,22.0,18.5,39.5,0.25,2.25,0.5,4.5
31,44,1,8,4,16,4.0,2.0,0.25,0,0,0,0,13.375,27.0,40.875,0.125,1.625,0.375,5.0
31,45,-1,24,11,15,6.918863237274595,3.4594316186372973,0.09090909090909091,0,0,0,0,15.5,24.5,41.5,0.25,2.25,0.5,4.5
31,46,1,1,4,14,4.0,2.0,0.25,0,0,0,0,6.125,34.0,43.125,0.375,1.875,0.625,4.0
31,47,-1,0,10,13,6.643856189774724,3.321928094887362,0.1,0,0,0,0,8.000000000000002,32.5,44.0,0.25,1.25,1.0,4.5
31,48,1,9,3,12,3.169925001442312,1.584962500721156,0.3333333333333333,0,0,0,0,8.25,36.0,45.25,0.25,1.25,1.25,4.0
31,49,-1,40,9,11,6.339850002884624,3.169925001442312,0.1111111111111111,0,0,0,0,16.500000000000004,27.5,46.0,0.25,1.25,2.0,3.5
31,50,1,32,2,10,2.0,1.0,0.5,0,0,0,0,14.625000000000002,25.0,47.625,0.375,0.875,2.125,3.0
31,51,-1,14,7,9,5.614709844115208,2.807354922057604,0.14285714285714285,0,0,0,0,16.500000000000004,28.5,49.5,0.25,0.75,2.0,2.5
31,52,1,6,2,8,2.0,1.0,0.5,0,0,0,0,5.749999999999999,39.0,50.75,0.25,0.75,1.25,3.0
31,53,-1,62,4,7,4.0,2.0,0.25,0,0,0,0,11.375,33.5,51.875,0.375,0.375,0.875,3.5
31,54,1,48,1,6,0.0,0.0,1.0,0,0,0,0,8.25,33.0,53.25,0.25,0.25,1.25,3.0
31,55,-1,56,5,5,4.643856189774724,2.321928094887362,0.2,0,0,0,0,6.875,36.5,54.875,0.375,0.375,0.875,2.5
31,57,-1,49,4,4,4.0,2.0,0.25,0,0,0,0,11.125,30.0,56.625,0.375,0.375,0.625,2.0
31,58,1,50,1,3,0.0,0.0,1.0,0,0,0,0,6.875,37.5,58.375,0.375,0.375,0.375,1.5
31,59,-1,57,2,2,2.0,1.0,0.5,0,0,0,0,7.749999999999999,39.0,60.25,0.25,0.25,0.25,1.0
31,61,-1,47,1,1,0.0,0.0,1.0,0,0,0,0,18.625,38.5,62.125,0.125,0.125,0.125,0.5
32,0,1,26,4,60,4.0,2.0,0.25,246196,61549,1,1,0.0,0.0,4.0,0.0,0.0,0.0,0.0
32,1,-1,20,3,59,2.2346638063499955,1.584962500721156,0.6374122693007538,61549,39233,1,1,1.1249999999999998,2.5000000000000004,4.125,0.125,0.125,0.125,0.5
32,2,1,45,5,58,3.163512262897709,2.321928094887362,0.5580304806565064,39233,21895,1,1,0.0,5.000000000000001,4.5,0.5,0.0,0.0,1.0
32,3,-1,44,4,57,2.103144733480561,2.0,0.9310014155897529,21895,20387,1,1,1.2500000000000002,3.5,4.75,0.5,0.0,0.25,1.5
32,4,1,37,6,56,2.6054103945613796,2.584962500721156,0.985926569808353,24153,23818,1,1,0.37499999999999994,5.999999999999999,5.375,0.125,0.125,0.375,2.0
32,5,-1,34,6,55,2.6477749628479907,2.584962500721156,0.9573959032907992,23818,22808,1,1,1.2500000000000002,3.5,6.25,0.5,0.0,0.75,1.5
32,6,1,29,11,54,4.9007946638892435,3.4594316186372973,0.36821924970589515,22940,8450,1,1,0.37499999999999994,5.999999999999999,7.375,0.125,0.125,0.375,2.0
32,7,-1,30,5,53,8.01878897995363,2.321928094887362,0.01927853341218214,8450,162,1,1,4.25,3.5,8.75,0.0,0.5,0.25,1.5
32,8,1,38,12,52,3.74035618336698,3.584962500721156,0.897887323943662,272,254,1,1,4.875000000000001,5.999999999999999,8.875,0.125,0.625,0.375,2.0
32,9,-1,46,6,51,2.8129144473995047,2.584962500721156,0.8538461538461538,254,221,1,1,4.25,4.499999999999999,9.25,0.0,1.0,0.25,2.5
32,10,1,53,15,50,5.313800214003962,3.9068905956085187,0.3771186440677966,221,88,1,1,4.875000000000001,5.000000000000001,9.375,0.125,1.125,0.375,3.0
32,11,-1,43,7,49,3.6223230282250833,2.807354922057604,0.5684210526315789,88,53,1,1,5.25,5.5,9.75,0.0,1.0,0.75,3.5
32,12,1,47,15,48,5.186998514801254,3.9068905956085187,0.4117647058823529,53,27,1,1,4.875000000000001,5.000000000000001,11.375,0.125,0.625,0.875,3.0
32,13,-1,21,11,47,4.1837971760238695,3.4594316186372973,0.6052631578947368,27,22,1,1,4.499999999999999,5.5,11.5,0.25,0.75,1.0,3.5
32,14,1,39,15,46,4.592782005180456,3.9068905956085187,0.6216216216216216,22,22,1,1,8.25,5.999999999999999,12.25,0.25,0.75,0.75,4.0
32,15,-1,42,10,45,4.0740005814437765,3.321928094887362,0.59375,22,18,1,1,8.875,6.499999999999999,12.375,0.375,0.875,0.875,4.5
32,16,1,19,12,44,4.321928094887363,3.584962500721156,0.6,18,17,1,1,6.125,5.999999999999999,13.625,0.375,0.875,1.125,4.0
32,17,-1,31,8,43,3.5563933485243853,3.0,0.68,17,16,1,1,4.499999999999999,7.5,15.5,0.25,0.75,1.0,3.5
32,18,1,23,13,42,4.5584207132686645,3.700439718141092,0.5517241379310345,16,15,1,1,4.875000000000001,8.000000000000002,15.875,0.125,1.125,0.875,4.0
32,19,-1,61,8,41,7.523561956057013,3.0,0.043478260869565216,15,0,1,0,5.25,8.5,16.25,0.0,1.5,0.75,4.5
32,20,1,52,14,40,7.614709844115208,3.807354922057604,0.07142857142857142,0,0,0,0,4.375,9.0,16.875,0.125,1.125,0.875,5.0
32,21,-1,60,6,39,5.169925001442312,2.584962500721156,0.16666666666666666,0,0,0,0,2.9999999999999996,7.5,17.5,0.25,0.75,1.0,5.5
32,22,1,33,10,38,6.643856189774724,3.321928094887362,0.1,0,0,0,0,2.125,10.000000000000002,18.125,0.375,0.375,1.125,6.0
32,23,-1,41,8,37,6.0,3.0,0.125,0,0,0,0,2.0000000000000004,11.5,19.0,0.75,0.75,1.0,5.5
32,24,1,18,12,36,7.169925001442312,3.584962500721156,0.08333333333333333,0,0,0,0,1.6249999999999998,11.999999999999998,19.625,0.875,0.875,0.625,6.0
32,25,-1,11,7,35,5.614709844115208,2.807354922057604,0.14285714285714285,0,0,0,0,2.3749999999999996,9.499999999999998,21.375,0.875,0.875,0.375,5.5
32,26,1,51,12,34,7.169925001442312,3.584962500721156,0.08333333333333333,0,0,0,0,3.5,7.000000000000001,22.5,1.5,0.5,0.5,5.0
32,27,-1,50,12,33,7.169925001442312,3.584962500721156,0.08333333333333333,0,0,0,0,3.375,11.5,23.875,0.875,0.375,0.375,5.5
32,28,1,59,12,32,7.169925001442312,3.584962500721156,0.08333333333333333,0,0,0,0,2.25,10.000000000000002,24.75,0.75,0.25,0.25,6.0
32,29,-1,54,10,31,6.643856189774724,3.321928094887362,0.1,0,0,0,0,3.1250000000000004,12.500000000000002,25.625,0.625,0.125,0.125,6.5
32,30,1,63,15,30,7.813781191217037,3.9068905956085187,0.06666666666666667,0,0,0,0,7.375,12.999999999999998,25.875,0.625,0.125,0.375,7.0
32,31,-1,58,8,29,6.0,3.0,0.125,0,0,0,0,2.625,11.5,26.125,0.625,0.125,0.625,7.5
32,32,1,25,13,28,7.400879436282184,3.700439718141092,0.07692307692307693,0,0,0,0,2.0000000000000004,11.999999999999998,27.0,0.5,0.0,0.5,8.0
32,33,-1,16,7,27,5.614709844115208,2.807354922057604,0.14285714285714285,0,0,0,0,2.625,15.5,28.625,0.125,0.125,0.625,7.5
32,34,1,24,15,26,7.813781191217037,3.9068905956085187,0.06666666666666667,0,0,0,0,1.7500000000000002,12.999999999999998,29.75,0.25,0.25,0.75,7.0
32,35,-1,40,5,25,4.643856189774724,2.321928094887362,0.2,0,0,0,0,1.875,10.5,30.875,0.375,0.375,0.875,6.5
32,36,1,32,14,24,7.614709844115208,3.807354922057604,0.07142857142857142,0,0,0,0,3.7500000000000004,16.0,32.25,0.25,0.75,0.75,6.0
32,37,-1,10,3,23,3.169925001442312,1.584962500721156,0.3333333333333333,0,0,0,0,3.6250000000000004,17.5,33.625,0.125,1.125,0.625,5.5
32,38,1,17,15,22,7.813781191217037,3.9068905956085187,0.06666666666666667,0,0,0,0,5.25,19.000000000000004,34.75,0.25,1.25,0.75,5.0
32,39,-1,9,3,21,3.169925001442312,1.584962500721156,0.3333333333333333,0,0,0,0,4.125000000000001,16.500000000000004,36.125,0.125,1.125,1.125,4.5
32,40,1,22,14,20,7.614709844115208,3.807354922057604,0.07142857142857142,0,0,0,0,6.374999999999999,23.999999999999996,36.875,0.125,1.125,1.875,4.0
32,41,-1,15,2,19,2.0,1.0,0.5,0,0,0,0,5.999999999999999,23.500000000000004,38.5,0.25,1.25,1.5,3.5
32,42,1,62,13,18,7.400879436282184,3.700439718141092,0.07692307692307693,0,0,0,0,6.625000000000001,25.999999999999996,38.625,0.375,1.375,1.625,4.0
32,43,-1,55,1,17,0.0,0.0,1.0,0,0,0,0,4.499999999999999,28.5,39.0,0.75,1.25,1.5,4.5
32,44,1,57,12,16,7.169925001442312,3.584962500721156,0.08333333333333333,0,0,0,0,15.124999999999998,25.0,39.625,0.375,1.375,1.625,5.0
32,46,1,7,11,15,6.918863237274595,3.4594316186372973,0.09090909090909091,0,0,0,0,11.0,25.499999999999996,40.5,0.25,1.25,1.5,5.5
32,48,1,49,11,14,6.918863237274595,3.4594316186372973,0.09090909090909091,0,0,0,0,17.75,25.999999999999996,41.25,0.25,1.25,1.25,6.0
32,49,-1,56,1,13,0.0,0.0,1.0,0,0,0,0,10.000000000000002,34.5,42.5,0.25,1.25,0.5,6.5
32,50,1,48,10,12,6.643856189774724,3.321928094887362,0.1,0,0,0,0,11.250000000000002,32.00000000000001,43.75,0.25,1.25,0.75,6.0
32,52,1,1,9,11,6.339850002884624,3.169925001442312,0.1111111111111111,0,0,0,0,12.875,31.5,44.875,0.375,1.375,0.875,5.5
32,53,-1,0,3,10,3.169925001442312,1.584962500721156,0.3333333333333333,0,0,0,0,21.25,21.0,46.25,0.75,1.25,0.75,5.0
32,54,1,8,7,9,5.614709844115208,2.807354922057604,0.14285714285714285,0,0,0,0,19.000000000000004,24.5,48.0,0.75,1.25,0.5,4.5
32,55,-1,2,1,8,0.0,0.0,1.0,0,0,0,0,25.125000000000004,20.000000000000004,49.625,0.375,1.375,0.625,4.0
32,56,1,14,5,7,4.643856189774724,2.321928094887362,0.2,0,0,0,0,18.750000000000004,25.499999999999996,51.25,0.5,1.0,0.75,3.5
32,57,-1,13,1,6,0.0,0.0,1.0,0,0,0,0,21.5,25.0,53.0,0.5,1.0,0.5,3.0
32,58,1,5,5,5,4.643856189774724,2.321928094887362,0.2,0,0,0,0,21.375,24.5,54.875,0.375,0.875,0.375,2.5
32,59,-1,6,1,4,0.0,0.0,1.0,0,0,0,0,25.75,22.0,56.75,0.25,0.75,0.25,2.0
32,60,1,3,3,3,3.169925001442312,1.584962500721156,0.3333333333333333,0,0,0,0,22.125,25.499999999999996,58.625,0.125,0.625,0.125,1.5
32,61,-1,4,1,2,0.0,0.0,1.0,0,0,0,0,29.250000000000004,21.0,60.25,0.25,0.25,0.25,1.0
32,62,1,12,1,1,0.0,0.0,1.0,0,0,0,0,19.624999999999996,28.5,62.125,0.125,0.125,0.125,0.5
33,0,1,44,4,60,4.0,2.0,0.25,246196,61549,1,1,0.0,0.0,4.0,0.0,0.0,0.0,0.0
33,1,-1,29,3,59,2.2346638063499955,1.584962500721156,0.6374122693007538,61549,39233,1,1,1.1249999999999998,2.5000000000000004,4.125,0.125,0.125,0.125,0.5
33,2,1,18,5,58,3.163512262897709,2.321928094887362,0.5580304806565064,39233,21895,1,1,0.0,5.000000000000001,4.5,0.5,0.0,0.0,1.0
33,3,-1,26,4,57,2.103144733480561,2.0,0.9310014155897529,21895,20387,1,1,1.2500000000000002,3.5,4.75,0.5,0.0,0.25,1.5
33,4,1,19,6,56,2.6054103945613796,2.584962500721156,0.985926569808353,24153,23818,1,1,0.37499999999999994,5.999999999999999,5.375,0.125,0.125,0.375,2.0
33,5,-1,43,6,55,2.6477749628479907,2.584962500721156,0.9573959032907992,23818,22808,1,1,1.2500000000000002,3.5,6.25,0.5,0.0,0.75,1.5
33,6,1,45,11,54,4.404483371249184,3.4594316186372973,0.5194109189142085,22940,11920,1,1,0.37499999999999994,5.999999999999999,7.375,0.125,0.125,0.375,2.0
33,7,-1,42,7,53,3.46353247264359,2.807354922057604,0.6345573440643864,11921,7568,1,1,2.125,3.5,8.125,0.125,0.125,1.125,1.5
33,8,1,51,11,52,7.140052489188651,3.4594316186372973,0.07798708997497036,7580,591,1,1,0.37499999999999994,2.0000000000000004,9.375,0.125,0.125,0.375,2.0
33,9,-1,52,7,51,4.167170451601429,2.807354922057604,0.3896321070234114,591,232,1,1,1.4999999999999998,4.499999999999999,9.5,0.25,0.25,0.5,2.5
33,10,1,34,13,50,3.743306367752952,3.700439718141092,0.9707241910631741,636,629,1,1,0.37499999999999994,9.0,9.875,0.125,0.625,0.375,3.0
33,11,-1,58,11,49,4.535441113514996,3.4594316186372973,0.47433903576982894,632,304,1,1,0.7499999999999999,10.5,11.25,0.5,0.5,0.25,2.5
33,12,1,37,10,48,3.962924630522846,3.321928094887362,0.6412698412698413,305,201,1,1,1.375,11.0,11.375,0.625,0.625,0.375,3.0
33,13,-1,50,11,47,3.9489473338754175,3.4594316186372973,0.7122641509433962,201,150,1,1,5.999999999999999,6.499999999999999,13.0,0.25,0.75,0.5,2.5
33,14,1,53,8,46,3.094327382548153,3.0,0.9367088607594937,150,147,1,1,2.125,9.0,13.125,0.375,0.875,0.625,3.0
33,15,-1,46,12,45,3.904652123412519,3.584962500721156,0.8012422360248447,149,128,1,1,2.9999999999999996,7.5,13.5,0.25,1.25,0.5,3.5
33,16,1,59,9,44,4.290677160902923,3.169925001442312,0.45985401459854014,128,62,1,1,2.125,11.999999999999998,14.125,0.375,0.875,0.625,4.0
33,17,-1,21,13,43,7.626439136697315,3.700439718141092,0.06578947368421052,63,4,1,1,2.75,12.500000000000002,14.25,0.5,1.0,0.75,4.5
33,18,1,61,13,42,5.465974464504069,3.700439718141092,0.29411764705882354,4,4,1,1,3.5,11.999999999999998,16.0,0.5,1.0,0.5,4.0
33,19,-1,38,11,41,5.366322214245816,3.4594316186372973,0.26666666666666666,4,3,1,1,3.875,12.500000000000002,16.375,0.375,1.375,0.375,4.5
33,20,1,33,13,40,7.700439718141093,3.700439718141092,0.0625,3,0,1,0,2.5000000000000004,15.000000000000002,17.0,0.5,1.0,0.5,5.0
33,21,-1,41,11,39,6.918863237274595,3.4594316186372973,0.09090909090909091,0,0,0,0,1.875,17.5,17.875,0.375,0.875,0.375,5.5
33,22,1,20,11,38,6.918863237274595,3.4594316186372973,0.09090909090909091,0,0,0,0,3.2499999999999996,16.0,18.75,0.25,0.75,0.25,6.0
33,23,-1,24,11,37,6.918863237274595,3.4594316186372973,0.09090909090909091,0,0,0,0,3.6250000000000004,15.5,20.625,0.125,0.625,0.125,5.5
33,24,1,40,14,36,7.614709844115208,3.807354922057604,0.07142857142857142,0,0,0,0,2.9999999999999996,16.0,21.0,0.5,0.5,0.0,6.0
33,25,-1,25,10,35,6.643856189774724,3.321928094887362,0.1,0,0,0,0,3.6250000000000004,16.500000000000004,21.625,0.625,0.125,0.125,6.5
33,26,1,32,14,34,7.614709844115208,3.807354922057604,0.07142857142857142,0,0,0,0,1.7500000000000002,14.0,22.75,0.75,0.25,0.25,6.0
33,27,-1,11,11,33,6.918863237274595,3.4594316186372973,0.09090909090909091,0,0,0,0,2.875,16.500000000000004,23.375,0.375,0.375,0.375,6.5
33,28,1,16,15,32,7.813781191217037,3.9068905956085187,0.06666666666666667,0,0,0,0,2.25,22.0,24.75,0.25,0.25,0.75,6.0
33,29,-1,17,8,31,6.0,3.0,0.125,0,0,0,0,3.6250000000000004,22.5,25.625,0.125,0.125,0.625,6.5
33,30,1,30,16,30,8.0,4.0,0.0625,0,0,0,0,4.750000000000001,20.000000000000004,26.75,0.25,0.25,0.75,6.0
33,31,-1,23,8,29,6.0,3.0,0.125,0,0,0,0,6.875,17.5,28.375,0.375,0.375,0.375,5.5
33,32,1,60,18,28,8.339850002884624,4.169925001442312,0.05555555555555555,0,0,0,0,3.5,21.0,29.5,0.5,0.5,0.5,5.0
33,33,-1,22,5,27,4.643856189774724,2.321928094887362,0.2,0,0,0,0,4.375,21.5,30.375,0.375,0.375,0.375,5.5
33,34,1,57,15,26,7.813781191217037,3.9068905956085187,0.06666666666666667,0,0,0,0,5.749999999999999,25.0,31.75,0.25,0.75,0.25,5.0
33,35,-1,49,4,25,4.0,2.0,0.25,0,0,0,0,6.875,25.499999999999996,31.875,0.375,0.875,0.375,5.5
33,36,1,8,16,24,8.0,4.0,0.0625,0,0,0,0,12.625,17.999999999999996,32.125,0.375,0.875,0.625,6.0
33,37,-1,9,3,23,3.169925001442312,1.584962500721156,0.3333333333333333,0,0,0,0,11.5,20.500000000000004,32.5,0.75,0.75,0.5,6.5
33,38,1,0,17,22,8.174925682500678,4.087462841250339,0.058823529411764705,0,0,0,0,13.75,19.000000000000004,33.25,0.75,0.75,0.25,7.0
33,39,-1,10,4,21,4.0,2.0,0.25,0,0,0,0,10.000000000000002,21.5,33.5,0.75,0.75,0.5,7.5
33,40,1,2,15,20,7.813781191217037,3.9068905956085187,0.06666666666666667,0,0,0,0,20.125000000000004,17.0,35.125,0.875,0.375,0.625,7.0
33,41,-1,62,4,19,4.0,2.0,0.25,0,0,0,0,8.000000000000002,22.5,36.5,1.25,0.25,0.5,6.5
33,42,1,63,14,18,7.614709844115208,3.807354922057604,0.07142857142857142,0,0,0,0,8.625,25.0,37.125,0.875,0.375,0.625,7.0
33,43,-1,3,2,17,2.0,1.0,0.5,0,0,0,0,10.375000000000002,24.5,37.875,0.875,0.375,1.375,6.5
33,44,1,1,13,16,7.400879436282184,3.700439718141092,0.07692307692307693,0,0,0,0,11.5,23.999999999999996,39.0,1.0,0.5,1.5,6.0
33,45,-1,12,1,15,0.0,0.0,1.0,0,0,0,0,8.875,27.5,39.875,0.875,0.875,1.875,5.5
33,46,1,5,12,14,7.169925001442312,3.584962500721156,0.08333333333333333,0,0,0,0,13.75,25.0,41.75,0.75,0.75,1.75,5.0
33,47,-1,4,2,13,2.0,1.0,0.5,0,0,0,0,8.875,28.5,43.375,0.375,0.875,1.875,4.5
33,48,1,13,10,12,6.643856189774724,3.321928094887362,0.1,0,0,0,0,8.75,32.00000000000001,44.75,0.25,1.25,1.75,4.0
33,49,-1,14,3,11,3.169925001442312,1.584962500721156,0.3333333333333333,0,0,0,0,13.124999999999998,19.500000000000004,46.625,0.125,1.125,1.625,3.5
33,50,1,56,8,10,6.0,3.0,0.125,0,0,0,0,11.375,19.000000000000004,47.875,0.125,1.125,1.875,3.0
33,51,-1,6,2,9,2.0,1.0,0.5,0,0,0,0,12.625,21.5,49.125,0.125,1.125,1.125,3.5
33,52,1,7,6,8,5.169925001442312,2.584962500721156,0.16666666666666666,0,0,0,0,11.250000000000002,25.0,50.25,0.25,1.75,0.75,3.0
33,53,-1,15,2,7,2.0,1.0,0.5,0,0,0,0,22.0,12.500000000000002,52.0,0.25,1.75,0.5,2.5
33,54,1,55,6,6,5.169925001442312,2.584962500721156,0.16666666666666666,0,0,0,0,18.875,15.000000000000002,53.375,0.125,1.125,0.375,3.0
33,55,-1,54,2,5,2.0,1.0,0.5,0,0,0,0,19.500000000000004,16.500000000000004,55.0,0.25,0.75,0.5,2.5
33,56,1,47,4,4,4.0,2.0,0.25,0,0,0,0,16.75,17.999999999999996,56.75,0.25,0.75,0.25,2.0
33,57,-1,39,1,3,0.0,0.0,1.0,0,0,0,0,25.125000000000004,17.5,58.625,0.125,0.625,0.125,1.5
33,58,1,31,2,2,2.0,1.0,0.5,0,0,0,0,20.75,19.000000000000004,60.25,0.25,0.25,0.25,1.0
33,60,1,48,1,1,0.0,0.0,1.0,0,0,0,0,38.12499999999999,14.500000000000002,62.125,0.125,0.125,0.125,0.5
34,0,1,26,4,60,4.0,2.0,0.25,246196,61549,1,1,0.0,0.0,4.0,0.0,0.0,0.0,0.0
34,1,-1,20,3,59,2.2346638063499955,1.584962500721156,0.6374122693007538,61549,39233,1,1,1.1249999999999998,2.5000000000000004,4.125,0.125,0.125,0.125,0.5
34,2,1,21,5,58,8.733269041833328,2.321928094887362,0.011748814924308069,39233,460,1,1,0.0,5.000000000000001,4.5,0.5,0.0,0.0,1.0
34,3,-1,34,3,57,1.7780527862094053,1.584962500721156,0.8747300215982722,460,404,1,1,1.2500000000000002,3.5,4.75,0.5,0.0,0.25,1.5
34,4,1,19,4,56,2.4776684875492476,2.0,0.7181372549019608,404,292,1,1,1.375,4.0,5.375,0.125,0.125,0.375,2.0
34,5,-1,25,8,55,4.3584539709124765,3.0,0.39,292,116,1,1,1.7500000000000002,4.499999999999999,6.25,0.0,0.0,0.25,2.5
34,6,1,33,6,54,5.708344916226438,2.584962500721156,0.11475409836065574,116,13,1,1,1.375,5.000000000000001,6.375,0.125,0.125,0.375,3.0
34,7,-1,18,9,53,4.886132035441721,3.169925001442312,0.30434782608695654,14,6,1,1,1.7500000000000002,5.5,6.75,0.0,0.5,0.25,3.5
34,8,1,43,7,52,4.185866545311334,2.807354922057604,0.38461538461538464,6,4,1,1,1.0,5.999999999999999,7.5,0.0,0.5,0.0,4.0
34,9,-1,29,10,51,5.54432051622381,3.321928094887362,0.21428571428571427,4,2,1,1,1.1249999999999998,5.5,8.625,0.125,0.625,0.125,3.5
34,10,1,44,7,50,4.977279923499917,2.807354922057604,0.2222222222222222,2,1,1,1,1.0,5.000000000000001,10.0,0.0,0.5,0.5,3.0
34,11,-1,37,13,49,7.507794640198696,3.700439718141092,0.07142857142857142,1,0,1,0,1.1249999999999998,4.499999999999999,11.625,0.125,0.625,0.125,2.5
34,12,1,42,10,48,6.643856189774724,3.321928094887362,0.1,0,0,0,0,1.0,4.0,13.5,0.0,0.5,0.0,2.0
34,13,-1,53,12,47,7.169925001442312,3.584962500721156,0.08333333333333333,0,0,0,0,0.25,1.4999999999999998,14.75,0.0,0.5,0.25,1.5
34,14,1,41,11,46,6.918863237274595,3.4594316186372973,0.09090909090909091,0,0,0,0,1.875,5.999999999999999,14.875,0.125,0.625,0.375,2.0
34,15,-1,32,12,45,7.169925001442312,3.584962500721156,0.08333333333333333,0,0,0,0,0.25,10.5,15.25,0.5,0.5,0.25,2.5
34,16,1,52,12,44,7.169925001442312,3.584962500721156,0.08333333333333333,0,0,0,0,1.375,9.0,15.375,0.625,0.625,0.375,3.0
34,17,-1,45,12,43,7.169925001442312,3.584962500721156,0.08333333333333333,0,0,0,0,1.4999999999999998,5.5,16.0,0.75,0.25,0.5,3.5
34,18,1,46,12,42,7.169925001442312,3.584962500721156,0.08333333333333333,0,0,0,0,1.2500000000000002,5.000000000000001,17.75,0.75,0.25,0.25,3.0
34,19,-1,38,14,41,7.614709844115208,3.807354922057604,0.07142857142857142,0,0,0,0,2.875,9.499999999999998,18.375,0.375,0.375,0.375,3.5
34,20,1,61,14,40,7.614709844115208,3.807354922057604,0.07142857142857142,0,0,0,0,2.75,7.000000000000001,19.25,0.25,0.75,0.75,3.0
34,21,-1,51,15,39,7.813781191217037,3.9068905956085187,0.06666666666666667,0,0,0,0,3.875,7.5,19.375,0.375,0.875,0.875,3.5
34,22,1,24,11,38,6.918863237274595,3.4594316186372973,0.09090909090909091,0,0,0,0,5.5,14.0,20.5,0.5,0.5,0.5,4.0
34,23,-1,40,18,37,8.339850002884624,4.169925001442312,0.05555555555555555,0,0,0,0,1.875,20.500000000000004,20.875,0.375,0.875,0.375,4.5
34,24,1,48,12,36,7.169925001442312,3.584962500721156,0.08333333333333333,0,0,0,0,0.7499999999999999,21.0,21.25,0.75,0.75,0.25,5.0
34,25,-1,16,15,35,7.813781191217037,3.9068905956085187,0.06666666666666667,0,0,0,0,2.3749999999999996,23.500000000000004,21.375,0.875,0.875,0.375,5.5
34,26,1,8,13,34,7.400879436282184,3.700439718141092,0.07692307692307693,0,0,0,0,3.5,20.000000000000004,22.0,0.5,1.0,0.5,6.0
34,27,-1,17,14,33,7.614709844115208,3.807354922057604,0.07142857142857142,0,0,0,0,4.875000000000001,20.500000000000004,22.375,0.375,1.375,0.375,6.5
34,28,1,10,11,32,6.918863237274595,3.4594316186372973,0.09090909090909091,0,0,0,0,5.749999999999999,20.000000000000004,23.25,0.25,1.75,0.75,6.0
34,29,-1,60,15,31,7.813781191217037,3.9068905956085187,0.06666666666666667,0,0,0,0,8.375,17.5,24.375,0.375,1.375,1.375,5.5
34,30,1,11,9,30,6.339850002884624,3.169925001442312,0.1111111111111111,0,0,0,0,10.000000000000002,17.999999999999996,25.0,0.5,1.0,1.5,6.0
34,31,-1,12,13,29,7.400879436282184,3.700439718141092,0.07692307692307693,0,0,0,0,8.375,19.500000000000004,26.375,0.375,0.875,1.875,5.5
34,32,1,5,10,28,6.643856189774724,3.321928094887362,0.1,0,0,0,0,16.0,12.999999999999998,28.0,0.5,1.0,1.5,5.0
34,33,-1,22,13,27,7.400879436282184,3.700439718141092,0.07692307692307693,0,0,0,0,9.875,19.500000000000004,28.875,0.375,0.875,1.375,5.5
34,34,1,31,8,26,6.0,3.0,0.125,0,0,0,0,7.749999999999999,19.000000000000004,30.25,0.75,1.25,0.75,5.0
34,35,-1,39,10,25,6.643856189774724,3.321928094887362,0.1,0,0,0,0,9.125,16.500000000000004,31.125,1.125,1.625,0.625,4.5
34,36,1,23,8,24,6.0,3.0,0.125,0,0,0,0,5.749999999999999,23.999999999999996,32.25,0.75,2.25,0.75,4.0
34,37,-1,4,10,23,6.643856189774724,3.321928094887362,0.1,0,0,0,0,6.875,25.499999999999996,33.375,0.875,2.375,0.875,3.5
34,38,1,3,9,22,6.339850002884624,3.169925001442312,0.1111111111111111,0,0,0,0,8.25,22.0,34.75,0.75,1.75,0.75,4.0
34,39,-1,13,8,21,6.0,3.0,0.125,0,0,0,0,9.375,25.499999999999996,36.375,0.875,1.375,0.875,3.5
34,40,1,30,8,20,6.0,3.0,0.125,0,0,0,0,8.000000000000002,23.999999999999996,38.0,0.5,1.0,0.5,4.0
34,41,-1,15,7,19,5.614709844115208,2.807354922057604,0.14285714285714285,0,0,0,0,6.875,29.5,39.875,0.375,0.875,0.375,3.5
34,42,1,50,10,18,6.643856189774724,3.321928094887362,0.1,0,0,0,0,5.000000000000001,35.0,40.5,0.5,1.5,0.5,3.0
34,43,-1,1,8,17,6.0,3.0,0.125,0,0,0,0,6.374999999999999,36.5,42.375,0.375,1.375,0.375,2.5
34,44,1,2,9,16,6.339850002884624,3.169925001442312,0.1111111111111111,0,0,0,0,9.249999999999998,30.999999999999996,43.25,0.75,0.75,0.25,3.0
34,45,-1,6,7,15,5.614709844115208,2.807354922057604,0.14285714285714285,0,0,0,0,9.625,32.5,44.625,1.125,0.625,0.125,2.5
34,46,1,59,7,14,5.614709844115208,2.807354922057604,0.14285714285714285,0,0,0,0,8.75,33.0,45.75,0.75,0.25,0.25,3.0
34,47,-1,57,6,13,5.169925001442312,2.584962500721156,0.16666666666666666,0,0,0,0,9.125,36.5,47.625,0.625,0.125,0.125,2.5
34,48,1,58,7,12,5.614709844115208,2.807354922057604,0.14285714285714285,0,0,0,0,11.5,32.00000000000001,49.0,0.5,0.0,0.5,2.0
34,49,-1,62,5,11,4.643856189774724,2.321928094887362,0.2,0,0,0,0,11.125,35.5,50.625,0.125,0.125,0.625,1.5
34,50,1,55,4,10,4.0,2.0,0.25,0,0,0,0,14.749999999999998,27.0,52.25,0.25,0.25,0.25,1.0
34,51,-1,49,4,9,4.0,2.0,0.25,0,0,0,0,13.625,22.5,54.125,0.125,0.125,0.125,0.5
34,52,1,56,4,8,4.0,2.0,0.25,0,0,0,0,9.375,25.0,54.375,0.125,0.125,0.375,1.0
34,53,-1,9,3,7,3.169925001442312,1.584962500721156,0.3333333333333333,0,0,0,0,9.625,25.499999999999996,54.625,0.125,0.125,0.625,1.5
34,54,1,63,4,6,4.0,2.0,0.25,0,0,0,0,14.875,20.000000000000004,55.375,0.125,0.125,0.375,2.0
34,55,-1,14,3,5,3.169925001442312,1.584962500721156,0.3333333333333333,0,0,0,0,12.625,32.5,56.125,0.125,0.125,0.125,2.5
34,56,1,0,3,4,3.169925001442312,1.584962500721156,0.3333333333333333,0,0,0,0,17.875,32.00000000000001,57.375,0.125,0.125,0.375,2.0
34,57,-1,54,2,3,2.0,1.0,0.5,0,0,0,0,12.125,29.5,58.625,0.125,0.125,0.625,1.5
34,58,1,7,2,2,2.0,1.0,0.5,0,0,0,0,16.375000000000004,28.999999999999996,60.375,0.125,0.125,0.375,1.0
34,60,1,47,1,1,0.0,0.0,1.0,0,0,0,0,35.12499999999999,16.500000000000004,62.125,0.125,0.125,0.125,0.5
