ply,norm_total,E_magn_A1minus,E_magn_A2minus,E_magn_B1minus,E_magn_B2minus,E_magn_Eminus,E_occ_A1plus,E_occ_A2plus,E_occ_B1plus,E_occ_B2plus,E_occ_Eplus,E_fiber_ortho_s,E_fiber_diag_s
0,808.0,0.0,0.0,0.0,4.0,0.0,4.0,0.0,0.0,0.0,0.0,608.0,192.0
1,722.0,1.125,0.125,0.125,1.125,2.5,4.125,0.125,0.125,0.125,0.5,360.0,352.0
2,940.0,0.0,0.0,0.5,0.5,5.0,4.5,0.5,0.0,0.0,1.0,320.0,608.0
3,918.0,1.25,0.0,0.5,1.75,3.5,4.75,0.5,0.0,0.25,1.5,432.0,472.0
4,1384.0,0.375,0.125,1.125,0.375,6.0,5.375,0.125,0.125,0.375,2.0,456.0,912.0
5,1426.0,1.25,0.5,2.0,1.75,3.5,6.25,0.5,0.0,0.75,1.5,560.0,848.0
6,1764.0,0.375,1.125,1.125,1.375,6.0,7.375,0.125,0.125,0.375,2.0,904.0,840.0
7,1758.0,2.125,1.125,1.125,3.125,3.5,8.125,0.125,0.125,1.125,1.5,760.0,976.0
8,1792.0,3.25,0.25,0.25,2.25,6.0,8.25,0.25,0.25,1.25,2.0,704.0,1064.0
9,1818.0,3.5,0.25,1.25,1.5,6.5,9.5,0.25,0.25,0.5,2.5,736.0,1056.0
10,1804.0,6.875,0.125,2.125,0.875,4.0,10.875,0.125,0.125,0.875,2.0,632.0,1144.0
11,2110.0,6.5,0.25,0.25,0.5,7.5,12.5,0.25,0.25,0.5,1.5,584.0,1496.0
12,2400.0,6.625,1.375,1.375,0.625,6.0,12.625,0.375,0.375,0.625,2.0,864.0,1504.0
13,2322.0,6.5,0.75,0.75,0.5,8.5,13.0,0.25,0.25,1.0,2.5,736.0,1552.0
14,2452.0,6.625,2.375,1.375,1.625,6.0,13.625,0.375,0.375,1.625,2.0,920.0,1496.0
15,2470.0,3.5,1.25,1.75,2.0,10.5,14.0,0.75,0.25,1.5,2.5,976.0,1456.0
16,2496.0,7.875,0.625,3.625,0.875,7.0,14.875,0.625,0.625,0.875,3.0,848.0,1608.0
17,2666.0,7.5,0.25,2.25,1.5,9.5,15.0,0.75,0.75,1.0,3.5,1072.0,1552.0
18,2716.0,7.875,1.125,3.625,1.375,8.0,15.375,0.625,1.125,0.875,4.0,976.0,1696.0
19,2766.0,7.0,1.25,1.75,2.5,10.5,15.5,0.75,1.25,1.0,4.5,1272.0,1448.0
20,2648.0,8.125,0.375,2.375,2.125,11.0,16.125,0.375,1.375,1.125,5.0,1064.0,1536.0
21,2890.0,8.5,0.25,3.75,1.0,11.5,16.5,0.25,1.75,1.0,5.5,1008.0,1832.0
22,3044.0,10.625,1.875,2.875,0.625,10.0,17.125,0.375,1.375,1.125,6.0,1400.0,1592.0
23,2878.0,12.0,2.25,1.25,1.0,10.5,18.0,0.25,1.25,1.0,6.5,1240.0,1584.0
24,2312.0,13.625,0.875,1.375,3.125,9.0,19.125,0.375,0.875,0.625,7.0,1152.0,1104.0
25,2594.0,13.25,1.0,1.0,4.25,9.5,19.75,0.5,0.5,0.75,7.5,1448.0,1088.0
26,2372.0,13.625,1.375,1.375,3.625,10.0,20.625,0.375,0.375,0.625,8.0,1200.0,1112.0
27,3222.0,5.5,1.25,2.25,5.5,16.5,21.5,0.25,0.25,0.5,8.5,1576.0,1584.0
28,3456.0,3.125,0.875,5.875,5.125,17.0,21.625,0.375,0.375,0.625,9.0,1608.0,1784.0
29,3490.0,4.25,2.0,6.0,6.25,14.5,22.75,0.5,0.5,0.75,8.5,1816.0,1608.0
30,3548.0,5.875,2.625,6.625,2.875,16.0,23.875,0.625,0.625,0.875,8.0,1744.0,1736.0
31,3494.0,4.75,1.0,6.5,3.25,19.5,25.25,0.5,1.0,0.75,7.5,1616.0,1808.0
32,3032.0,10.125,0.875,9.875,1.125,14.0,25.625,0.375,1.375,0.625,8.0,1352.0,1608.0
33,4378.0,3.5,1.25,13.25,1.5,17.5,27.5,0.25,1.25,0.5,7.5,1648.0,2656.0
34,4372.0,8.375,0.625,9.625,2.375,17.0,28.875,0.125,1.125,0.875,7.0,1704.0,2592.0
35,4494.0,6.5,1.25,7.25,3.5,20.5,30.5,0.25,1.25,0.5,6.5,2096.0,2320.0
36,4768.0,7.125,0.375,8.875,3.625,20.0,32.125,0.375,0.875,0.625,6.0,1888.0,2800.0
37,4410.0,2.875,0.375,6.875,3.375,27.5,33.875,0.375,0.875,0.375,5.5,1840.0,2488.0
38,4316.0,5.75,1.25,7.75,2.25,25.0,35.75,0.25,0.75,0.25,5.0,1856.0,2376.0
39,5102.0,3.0,2.25,6.75,9.5,21.5,36.0,0.25,0.75,0.5,5.5,2376.0,2640.0
40,5056.0,5.125,0.875,9.875,7.125,21.0,36.625,0.375,1.375,0.625,5.0,2472.0,2496.0
41,5098.0,3.0,2.25,15.25,7.0,17.5,37.5,0.75,0.75,0.5,5.5,2512.0,2496.0
42,5468.0,3.375,4.625,11.625,7.375,19.0,39.375,0.625,0.625,0.375,5.0,2776.0,2600.0
43,6238.0,3.0,3.25,13.25,9.0,18.5,40.5,0.75,0.75,0.5,4.5,2920.0,3224.0
44,6072.0,4.625,1.375,10.375,5.625,26.0,41.625,1.375,0.375,0.625,4.0,2792.0,3184.0
45,6002.0,4.5,2.25,8.25,4.5,29.5,43.0,0.75,0.75,1.0,3.5,2784.0,3120.0
46,5860.0,6.25,2.25,8.25,2.25,31.0,43.75,0.75,0.75,1.75,3.0,2504.0,3256.0
47,5838.0,6.0,1.75,9.75,4.0,29.5,44.0,0.75,0.75,2.0,3.5,2392.0,3344.0
48,5696.0,6.75,1.25,11.25,6.75,26.0,45.25,0.75,0.75,1.25,4.0,2184.0,3408.0
49,6634.0,2.5,1.25,11.25,15.5,22.5,46.0,0.75,0.75,1.0,4.5,3264.0,3264.0
50,6868.0,3.125,1.875,8.875,13.125,27.0,47.625,0.375,0.375,0.625,5.0,3424.0,3336.0
51,6686.0,11.375,1.375,8.375,5.375,28.5,49.375,0.375,0.375,0.375,4.5,3040.0,3536.0
52,5736.0,8.25,0.75,5.25,7.75,34.0,50.75,0.25,0.75,0.25,4.0,2832.0,2792.0
53,6354.0,5.125,3.125,13.125,6.125,29.5,52.125,0.125,1.125,0.125,3.5,3000.0,3240.0
54,6116.0,2.375,3.125,13.125,4.375,35.0,53.375,0.125,1.125,0.375,3.0,2720.0,3280.0
55,5694.0,6.0,7.25,9.75,5.5,30.5,55.0,0.25,0.75,0.5,2.5,2648.0,2928.0
56,6744.0,8.125,4.875,10.875,6.125,30.0,56.625,0.375,0.375,0.625,2.0,3264.0,3360.0
57,5682.0,12.0,4.75,8.75,6.0,29.5,58.5,0.25,0.25,0.5,1.5,2736.0,2824.0
58,6876.0,8.375,9.125,10.125,7.375,27.0,60.375,0.125,0.125,0.375,1.0,3200.0,3552.0
59,6876.0,8.375,9.125,10.125,7.375,27.0,60.375,0.125,0.125,0.375,1.0,3200.0,3552.0
60,6094.0,8.75,9.5,9.5,8.75,26.5,62.25,0.0,0.0,0.25,0.5,3048.0,2920.0
61,6240.0,12.0,9.0,11.0,10.0,22.0,64.0,0.0,0.0,0.0,0.0,3296.0,2816.0
62,808.0,0.0,0.0,0.0,4.0,0.0,4.0,0.0,0.0,0.0,0.0,608.0,192.0
63,722.0,1.125,0.125,0.125,1.125,2.5,4.125,0.125,0.125,0.125,0.5,360.0,352.0
64,940.0,0.0,0.0,0.5,0.5,5.0,4.5,0.5,0.0,0.0,1.0,320.0,608.0
65,1238.0,1.125,0.125,1.125,1.125,3.5,5.125,0.125,0.125,0.125,1.5,488.0,736.0
66,1464.0,1.0,0.0,0.5,1.5,5.0,6.0,0.0,0.5,0.5,1.0,704.0,744.0
67,1578.0,0.125,0.125,0.125,0.125,8.5,7.125,0.125,0.125,1.125,0.5,808.0,752.0
68,1556.0,1.375,0.125,0.125,1.375,7.0,7.375,0.125,0.125,1.375,1.0,920.0,616.0
69,1510.0,0.75,0.0,0.0,0.75,9.5,8.75,0.0,0.0,0.75,1.5,880.0,608.0
70,1472.0,1.0,0.5,0.5,0.0,10.0,9.5,0.0,0.0,0.5,2.0,656.0,792.0
71,2210.0,2.125,1.125,1.125,1.125,7.5,11.125,0.125,0.125,0.125,1.5,864.0,1320.0
72,1924.0,2.25,0.25,0.25,1.25,10.0,11.25,0.25,0.25,0.25,2.0,856.0,1040.0
73,1878.0,2.125,1.625,0.625,2.125,8.5,11.625,0.125,0.125,0.625,2.5,928.0,920.0
74,1832.0,1.25,0.75,0.75,0.25,13.0,11.75,0.25,0.25,0.75,3.0,920.0,880.0
75,1778.0,6.375,0.375,2.375,0.375,7.5,12.375,0.375,0.375,0.375,3.5,616.0,1128.0
76,2068.0,6.5,1.5,1.5,0.5,8.0,12.5,0.5,0.5,0.5,4.0,1000.0,1032.0
77,1902.0,6.625,0.625,2.625,0.625,8.5,12.625,0.625,0.625,0.625,4.5,760.0,1104.0
78,2040.0,5.5,2.0,0.5,3.0,9.0,13.0,0.5,1.0,0.5,5.0,960.0,1040.0
79,1586.0,7.375,1.875,0.875,3.375,7.5,13.375,0.875,0.875,0.375,5.5,704.0,840.0
80,2404.0,7.5,1.0,2.5,1.0,10.0,14.0,0.5,1.0,0.5,6.0,808.0,1552.0
81,2222.0,11.875,1.375,1.875,1.375,6.5,14.875,0.375,0.875,0.375,6.5,1072.0,1104.0
82,3384.0,9.125,1.375,1.875,5.625,6.0,16.125,0.375,0.875,0.625,6.0,1952.0,1384.0
83,3090.0,12.0,1.25,1.75,2.5,7.5,18.0,0.25,0.75,0.5,5.5,1648.0,1392.0
84,3116.0,8.875,2.125,1.625,3.375,10.0,18.875,0.125,0.625,0.375,6.0,1568.0,1496.0
85,3246.0,10.0,2.25,0.75,4.5,9.5,20.0,0.25,0.75,0.5,5.5,1496.0,1696.0
86,3248.0,7.125,1.875,3.875,4.125,11.0,20.625,0.375,1.375,0.625,5.0,1288.0,1904.0
87,3674.0,9.0,2.25,4.25,4.0,9.5,21.0,0.25,1.25,1.0,5.5,1368.0,2248.0
88,3684.0,9.875,2.125,2.625,5.375,10.0,21.875,0.125,0.625,1.375,6.0,1704.0,1920.0
89,3582.0,9.0,2.25,1.75,7.5,10.5,22.0,0.25,0.75,1.5,6.5,1904.0,1616.0
90,3272.0,11.625,1.375,0.875,7.125,11.0,22.625,0.375,0.875,1.125,7.0,1576.0,1632.0
91,3490.0,9.75,1.5,1.5,8.75,11.5,23.75,0.5,0.5,0.75,7.5,1792.0,1632.0
92,3388.0,11.625,3.875,1.875,4.625,12.0,24.125,0.375,0.375,1.125,8.0,1712.0,1608.0
93,3230.0,10.5,3.75,1.75,6.5,12.5,25.0,0.25,0.25,1.0,8.5,1552.0,1608.0
94,3560.0,14.75,1.75,0.75,5.75,13.0,25.25,0.25,0.25,1.25,9.0,1656.0,1832.0
95,3114.0,15.0,0.75,0.75,7.0,13.5,25.5,0.25,0.25,1.5,9.5,1448.0,1592.0
96,4868.0,11.75,1.75,0.75,8.75,15.0,27.25,0.25,0.25,1.25,9.0,2448.0,2344.0
97,5006.0,12.875,1.875,0.875,4.875,18.5,28.375,0.375,0.375,1.375,8.5,2344.0,2584.0
98,5016.0,12.25,3.75,2.75,5.25,16.0,29.75,0.25,0.25,1.75,8.0,2176.0,2760.0
99,5330.0,12.875,2.875,0.875,6.875,17.5,31.375,0.375,0.375,1.375,7.5,2528.0,2720.0
100,5756.0,12.25,5.25,0.75,10.75,13.0,32.75,0.75,0.25,1.25,7.0,2992.0,2680.0
101,5318.0,8.875,4.875,1.875,10.875,16.5,34.375,0.375,0.375,1.375,6.5,2752.0,2480.0
102,5488.0,9.75,5.75,1.75,6.75,20.0,36.25,0.25,0.25,1.25,6.0,2568.0,2832.0
103,6066.0,7.625,8.625,0.625,10.625,17.5,38.125,0.125,0.125,1.125,5.5,3192.0,2784.0
104,6076.0,12.25,7.25,1.25,8.25,17.0,39.25,0.25,0.25,1.25,5.0,3224.0,2760.0
105,6070.0,10.625,9.125,0.625,10.125,16.5,40.625,0.125,0.625,1.125,4.5,3104.0,2872.0
106,6080.0,12.25,8.25,1.25,12.25,14.0,42.25,0.25,0.25,1.25,4.0,3360.0,2624.0
107,5962.0,14.375,5.875,0.875,8.375,19.5,42.875,0.375,0.375,1.875,3.5,3200.0,2664.0
108,5868.0,16.25,8.75,1.25,6.75,17.0,44.25,0.75,0.25,1.75,3.0,2896.0,2872.0
109,5382.0,8.125,7.625,2.125,8.625,24.5,46.125,0.625,0.125,1.625,2.5,2552.0,2728.0
110,6672.0,8.25,4.75,2.75,16.25,20.0,47.75,0.25,0.25,1.75,2.0,3872.0,2696.0
111,6778.0,4.625,7.125,2.625,14.125,24.5,48.625,0.125,0.625,1.125,2.5,4048.0,2624.0
112,6844.0,5.875,4.625,4.125,16.375,23.0,49.375,0.125,0.625,0.875,3.0,3880.0,2856.0
113,7206.0,3.0,2.75,4.75,15.0,29.5,50.5,0.25,0.25,0.5,3.5,4216.0,2880.0
114,7192.0,4.75,4.25,2.25,17.75,27.0,51.75,0.25,0.25,0.75,3.0,4016.0,3064.0
115,6586.0,3.0,2.75,0.75,22.0,28.5,53.5,0.25,0.25,0.5,2.5,3624.0,2848.0
116,6596.0,7.75,2.75,0.75,18.75,28.0,54.25,0.25,0.25,1.25,2.0,3504.0,2976.0
117,6974.0,3.0,2.75,0.75,20.0,32.5,55.5,0.25,0.25,0.5,2.5,3840.0,3016.0
118,7096.0,3.875,2.625,1.125,20.375,32.0,56.875,0.625,0.125,0.375,2.0,3664.0,3312.0
119,7250.0,0.625,2.625,1.125,27.125,29.5,58.625,0.625,0.125,0.125,1.5,3616.0,3512.0
120,7356.0,1.75,2.75,0.75,27.75,29.0,60.25,0.25,0.25,0.25,1.0,3440.0,3792.0
121,7046.0,0.625,2.625,0.625,30.625,28.5,62.125,0.125,0.125,0.125,0.5,3040.0,3880.0
122,7392.0,6.5,3.5,1.5,20.5,32.0,64.0,0.0,0.0,0.0,0.0,3072.0,4192.0
123,808.0,0.0,0.0,0.0,4.0,0.0,4.0,0.0,0.0,0.0,0.0,608.0,192.0
124,722.0,1.125,0.125,0.125,1.125,2.5,4.125,0.125,0.125,0.125,0.5,360.0,352.0
125,1196.0,0.375,0.125,0.125,4.375,1.0,4.375,0.125,0.125,0.375,1.0,936.0,248.0
126,1094.0,1.75,0.0,0.0,1.75,3.5,4.75,0.0,0.0,0.75,1.5,608.0,472.0
127,1320.0,0.375,0.125,1.125,0.375,6.0,5.375,0.125,0.125,0.375,2.0,464.0,840.0
128,1714.0,1.25,0.0,2.0,1.25,4.5,6.25,0.0,0.0,0.25,2.5,600.0,1096.0
129,1684.0,1.375,0.125,3.125,1.375,4.0,7.375,0.125,0.125,0.375,2.0,672.0,992.0
130,1750.0,1.25,0.5,2.0,1.75,5.5,8.75,0.0,0.5,0.25,1.5,904.0,824.0
131,1704.0,0.875,0.125,0.625,2.375,8.0,8.875,0.125,0.625,0.375,2.0,784.0,896.0
132,2282.0,1.625,0.125,0.625,4.125,6.5,9.625,0.125,0.625,0.125,2.5,1256.0,1000.0
133,2148.0,1.25,0.25,0.25,2.25,10.0,11.25,0.25,0.25,0.25,2.0,1032.0,1088.0
134,2238.0,0.5,0.25,3.25,1.5,9.5,12.5,0.25,0.25,0.5,1.5,984.0,1224.0
135,1936.0,1.625,0.375,1.375,4.625,8.0,12.625,0.375,0.375,0.625,2.0,1104.0,800.0
136,2498.0,0.5,0.25,0.75,7.0,8.5,13.0,0.75,0.25,0.5,2.5,1096.0,1368.0
137,2348.0,0.625,1.375,1.375,3.625,11.0,13.625,0.375,0.375,0.625,3.0,968.0,1344.0
138,2950.0,1.5,0.75,1.25,8.0,7.5,14.0,0.25,0.75,0.5,3.5,1624.0,1288.0
139,3096.0,3.625,2.375,1.375,4.625,8.0,14.625,0.375,0.375,0.625,4.0,1520.0,1536.0
140,2770.0,3.5,1.25,3.25,2.5,10.5,15.5,0.25,0.25,0.5,4.5,1336.0,1392.0
141,2300.0,4.625,0.375,3.375,2.625,11.0,15.625,0.375,0.375,0.625,5.0,1176.0,1080.0
142,1926.0,2.0,0.25,3.75,2.5,14.5,16.5,0.75,0.25,1.0,4.5,984.0,896.0
143,2272.0,0.875,0.125,4.625,2.375,16.0,18.375,0.625,0.125,0.875,4.0,840.0,1384.0
144,2386.0,1.0,0.75,2.75,1.0,19.5,19.5,1.25,0.25,0.5,3.5,928.0,1408.0
145,2692.0,0.625,0.375,5.375,2.625,17.0,20.625,1.375,0.375,0.625,3.0,968.0,1672.0
146,3702.0,1.0,1.25,1.75,1.5,21.5,21.0,1.25,0.75,0.5,3.5,1208.0,2440.0
147,3016.0,1.625,0.875,4.375,1.125,20.0,21.125,1.375,0.875,0.625,4.0,1104.0,1856.0
148,2794.0,1.5,0.75,4.75,1.5,20.5,22.5,0.75,0.75,0.5,4.5,960.0,1776.0
149,2316.0,5.875,0.625,10.125,1.375,12.0,23.875,0.625,1.125,0.375,4.0,864.0,1392.0
150,2622.0,5.0,1.25,7.25,2.0,15.5,24.5,0.75,1.75,0.5,3.5,1248.0,1312.0
151,2440.0,5.875,0.625,10.125,1.375,14.0,24.875,0.625,2.125,0.375,4.0,1008.0,1368.0
152,2658.0,4.5,0.75,4.75,3.5,19.5,25.5,0.75,2.75,0.5,3.5,1224.0,1368.0
153,2748.0,5.375,1.625,4.125,2.875,20.0,26.375,0.625,2.125,0.875,4.0,1256.0,1424.0
154,2814.0,2.0,1.75,7.75,2.0,21.5,28.0,0.75,1.75,1.0,3.5,1256.0,1488.0
155,2744.0,1.875,1.625,2.625,2.875,27.0,29.875,0.625,1.625,0.875,3.0,1392.0,1280.0
156,3930.0,1.5,1.25,0.75,1.0,32.5,31.0,0.75,2.25,0.5,2.5,2392.0,1464.0
157,3892.0,2.625,2.375,0.875,1.125,31.0,31.125,0.875,2.375,0.625,3.0,2216.0,1600.0
158,3510.0,2.875,2.875,1.375,1.375,30.5,32.875,0.875,2.375,0.375,2.5,1920.0,1512.0
159,3264.0,2.75,2.75,0.75,0.75,33.0,33.75,0.75,1.75,0.75,3.0,1680.0,1504.0
160,3634.0,4.875,1.875,0.375,3.375,30.5,35.375,0.375,1.875,0.875,2.5,2096.0,1456.0
161,4412.0,7.0,3.0,1.0,5.0,26.0,36.5,0.5,2.5,0.5,2.0,2744.0,1584.0
162,4918.0,8.375,3.875,3.375,4.875,22.5,37.875,0.375,1.875,0.375,2.5,2776.0,2056.0
163,4768.0,8.25,1.25,7.25,4.25,23.0,38.25,0.25,2.25,0.25,3.0,2472.0,2208.0
164,4010.0,6.125,1.125,13.125,2.125,22.5,39.625,0.625,1.625,0.625,2.5,2064.0,1856.0
165,4628.0,6.25,4.25,9.25,3.25,23.0,41.25,0.25,1.25,0.25,3.0,2584.0,1952.0
166,4702.0,2.875,4.375,13.875,4.375,21.5,41.875,0.375,0.875,0.375,3.5,2728.0,1880.0
167,5200.0,6.75,3.25,15.75,1.25,21.0,43.75,0.25,0.75,0.25,3.0,2768.0,2336.0
168,5258.0,5.0,3.25,15.75,3.5,21.5,44.0,0.25,0.75,0.5,3.5,2768.0,2392.0
169,5244.0,8.25,3.25,15.75,2.75,20.0,44.25,0.25,0.75,0.75,4.0,3024.0,2120.0
170,5814.0,4.5,1.75,14.25,8.0,22.5,45.0,0.25,0.75,0.5,4.5,3056.0,2656.0
171,5608.0,13.25,1.75,14.25,1.75,21.0,45.75,0.25,0.75,0.25,5.0,2888.0,2616.0
172,5794.0,12.125,2.125,13.625,2.625,22.5,46.625,0.625,1.125,0.125,4.5,2632.0,3056.0
173,5852.0,11.875,1.625,11.125,5.375,24.0,47.875,0.625,1.125,0.375,4.0,2408.0,3336.0
174,5230.0,10.625,1.125,3.625,6.125,33.5,49.125,0.625,1.125,0.625,3.5,2224.0,2896.0
175,4824.0,10.75,1.75,2.25,8.25,33.0,50.25,1.25,0.75,0.75,3.0,2104.0,2608.0
176,5330.0,7.625,1.625,4.125,7.125,36.5,52.125,1.125,0.625,0.625,2.5,2096.0,3120.0
177,4524.0,7.25,1.75,1.75,9.25,38.0,53.75,1.25,0.25,0.75,2.0,2096.0,2312.0
178,6150.0,3.125,1.625,1.625,9.125,43.5,55.625,1.125,0.125,0.625,1.5,2600.0,3432.0
179,6096.0,9.5,2.0,6.5,4.0,38.0,57.0,0.5,0.0,0.5,2.0,2312.0,3664.0
180,6458.0,3.625,2.125,7.125,4.625,43.5,58.625,0.125,0.125,0.625,1.5,2296.0,4040.0
181,6556.0,7.375,1.125,4.125,6.375,43.0,60.375,0.125,0.125,0.375,1.0,2112.0,4320.0
182,7686.0,13.125,1.125,8.125,4.125,36.5,62.125,0.125,0.125,0.125,0.5,3168.0,4392.0
183,8000.0,13.5,1.5,9.5,5.5,34.0,64.0,0.0,0.0,0.0,0.0,3008.0,4864.0
184,808.0,0.0,0.0,0.0,4.0,0.0,4.0,0.0,0.0,0.0,0.0,608.0,192.0
185,722.0,1.125,0.125,0.125,1.125,2.5,4.125,0.125,0.125,0.125,0.5,360.0,352.0
186,1196.0,0.375,0.125,0.125,4.375,1.0,4.375,0.125,0.125,0.375,1.0,936.0,248.0
187,1094.0,1.75,0.0,0.0,1.75,3.5,4.75,0.0,0.0,0.75,1.5,608.0,472.0
188,1320.0,0.375,0.125,1.125,0.375,6.0,5.375,0.125,0.125,0.375,2.0,464.0,840.0
189,1282.0,1.125,0.125,1.125,1.125,5.5,6.125,0.125,0.125,1.125,1.5,576.0,688.0
190,1764.0,0.5,0.5,2.0,0.0,7.0,7.0,0.0,0.5,1.5,1.0,600.0,1144.0
191,1782.0,1.125,1.125,3.125,1.125,4.5,8.125,0.125,0.125,2.125,0.5,704.0,1056.0
192,2064.0,0.375,1.125,3.125,4.375,3.0,9.375,0.125,0.125,1.375,1.0,1088.0,952.0
193,2098.0,1.25,0.5,4.5,1.25,5.5,10.75,0.0,0.0,0.75,1.5,896.0,1176.0
194,2396.0,1.0,0.5,4.5,5.0,3.0,12.5,0.0,0.0,0.5,1.0,1280.0,1088.0
195,2358.0,2.125,0.125,6.125,2.125,4.5,14.125,0.125,0.125,0.125,0.5,992.0,1336.0
196,2304.0,2.0,0.0,8.0,2.0,4.0,16.0,0.0,0.0,0.0,0.0,1024.0,1248.0
197,2306.0,2.625,0.625,4.625,2.625,6.5,16.125,0.125,0.125,0.125,0.5,1000.0,1272.0
198,2548.0,5.0,0.5,8.0,1.5,3.0,16.5,0.0,0.5,0.0,1.0,960.0,1552.0
199,2510.0,4.125,0.125,8.125,1.125,5.5,17.125,0.125,0.125,0.125,1.5,1000.0,1472.0
200,2864.0,4.75,1.75,4.75,0.75,8.0,17.25,0.25,0.25,0.25,2.0,1176.0,1648.0
201,3010.0,1.375,3.375,2.375,1.375,12.5,17.375,0.375,0.375,0.375,2.5,1304.0,1664.0
202,2820.0,2.75,2.25,5.25,2.75,9.0,17.75,0.25,0.25,0.75,3.0,1184.0,1592.0
203,2830.0,2.625,1.625,6.625,2.625,9.5,18.125,0.125,0.125,1.125,3.5,1232.0,1552.0
204,2232.0,4.0,1.0,5.0,2.0,12.0,19.0,0.0,0.0,1.0,4.0,992.0,1192.0
205,2474.0,3.125,1.625,5.625,1.125,13.5,19.625,0.125,0.125,1.625,3.5,968.0,1456.0
206,2468.0,3.75,2.25,4.25,1.75,14.0,19.75,0.25,0.25,1.75,4.0,952.0,1464.0
207,2166.0,0.875,3.375,3.375,1.875,17.5,20.875,0.375,0.375,1.875,3.5,784.0,1328.0
208,2192.0,1.0,2.5,2.5,2.0,20.0,21.0,0.5,0.5,2.0,4.0,912.0,1224.0
209,2354.0,0.875,1.375,4.875,1.375,20.5,21.875,0.375,0.875,1.375,4.5,920.0,1376.0
210,2620.0,3.25,0.75,5.75,4.25,16.0,23.25,0.75,0.75,1.25,4.0,1008.0,1552.0
211,3598.0,1.375,0.875,9.375,3.875,15.5,24.875,0.375,0.875,1.375,3.5,1216.0,2320.0
212,3560.0,1.75,1.25,13.75,2.25,13.0,26.75,0.25,0.75,1.25,3.0,1304.0,2192.0
213,4066.0,0.375,2.875,10.875,5.375,13.5,27.875,0.375,0.375,0.875,3.5,1960.0,2040.0
214,4876.0,1.75,2.25,6.25,6.75,17.0,28.25,0.75,0.75,1.25,3.0,2896.0,1912.0
215,5110.0,0.875,1.375,4.375,8.875,19.5,28.875,1.375,0.375,0.875,3.5,3320.0,1720.0
216,5056.0,1.5,2.5,7.5,7.5,17.0,29.5,1.5,0.5,1.5,3.0,3000.0,1984.0
217,4570.0,1.875,1.875,2.375,7.375,23.5,30.375,1.375,0.875,0.875,3.5,2864.0,1632.0
218,4812.0,2.75,2.25,2.75,9.25,21.0,31.75,1.25,0.75,1.25,3.0,2712.0,2024.0
219,4830.0,4.875,1.375,4.375,8.875,19.5,32.875,1.375,0.375,0.875,3.5,2424.0,2328.0
220,4824.0,5.75,2.75,4.25,7.25,20.0,33.25,1.25,0.75,0.75,4.0,2544.0,2200.0
221,4786.0,6.125,1.125,5.125,9.125,19.5,34.625,1.625,0.625,0.625,3.5,2408.0,2296.0
222,4740.0,3.0,1.5,4.5,9.0,24.0,35.5,1.0,1.0,0.5,4.0,2528.0,2128.0
223,3998.0,3.625,0.625,4.125,4.125,30.5,36.125,1.125,0.625,0.625,4.5,2064.0,1848.0
224,3704.0,4.75,0.75,6.75,3.75,28.0,37.75,0.75,0.75,0.75,4.0,2120.0,1496.0
225,4066.0,3.875,0.375,5.375,3.875,31.5,38.875,0.375,1.375,0.875,3.5,2384.0,1592.0
226,3980.0,4.75,1.25,8.75,4.25,27.0,39.75,0.25,1.75,1.25,3.0,2304.0,1584.0
227,4270.0,5.375,2.375,8.875,5.875,24.5,41.375,0.375,1.875,0.875,2.5,2136.0,2040.0
228,4112.0,5.75,1.75,9.25,3.25,28.0,43.25,0.25,1.75,0.75,2.0,2008.0,2008.0
229,4218.0,7.5,3.25,8.75,7.0,22.5,43.5,0.25,1.75,1.0,2.5,1864.0,2256.0
230,5476.0,9.875,8.125,10.125,2.875,19.0,44.875,0.125,1.125,0.875,3.0,2416.0,2960.0
231,5406.0,7.5,4.75,13.25,4.0,21.5,46.0,0.25,0.75,0.5,3.5,2640.0,2664.0
232,5920.0,6.75,4.75,13.25,7.25,20.0,46.25,0.25,0.75,0.75,4.0,3408.0,2408.0
233,6282.0,3.875,1.375,13.375,10.875,23.5,47.875,0.375,0.375,0.875,3.5,3680.0,2496.0
234,5508.0,4.125,0.875,12.875,7.125,29.0,48.625,0.375,0.375,1.625,3.0,3008.0,2392.0
235,5278.0,3.0,0.75,14.25,6.5,30.5,50.0,0.75,0.25,1.5,2.5,2792.0,2376.0
236,4632.0,11.625,1.375,16.375,6.625,20.0,51.625,0.375,0.375,1.625,2.0,1960.0,2560.0
237,5410.0,8.5,1.25,19.25,6.5,21.5,53.5,0.25,0.25,1.5,1.5,2160.0,3136.0
238,5724.0,13.75,1.25,19.25,5.75,18.0,54.75,0.25,0.25,0.75,2.0,2208.0,3400.0
239,6318.0,13.5,1.25,19.25,7.5,17.5,55.5,0.25,0.25,1.5,1.5,3016.0,3184.0
240,6318.0,13.5,1.25,19.25,7.5,17.5,55.5,0.25,0.25,1.5,1.5,3016.0,3184.0
241,6712.0,9.875,1.625,21.625,7.875,19.0,57.375,0.125,0.125,1.375,1.0,3288.0,3304.0
242,6402.0,14.125,1.125,21.125,8.125,16.5,59.125,0.125,0.125,1.125,0.5,3016.0,3264.0
243,7172.0,17.375,1.125,6.125,4.375,33.0,60.375,0.125,0.125,0.375,1.0,3160.0,3888.0
244,7172.0,17.375,1.125,6.125,4.375,33.0,60.375,0.125,0.125,0.375,1.0,3160.0,3888.0
245,6414.0,15.75,0.5,8.5,3.75,34.5,62.25,0.0,0.0,0.25,0.5,2776.0,3512.0
246,6414.0,15.75,0.5,8.5,3.75,34.5,62.25,0.0,0.0,0.25,0.5,2776.0,3512.0
247,6784.0,20.5,0.5,8.5,4.5,30.0,64.0,0.0,0.0,0.0,0.0,3328.0,3328.0
248,808.0,0.0,0.0,0.0,4.0,0.0,4.0,0.0,0.0,0.0,0.0,608.0,192.0
249,722.0,1.125,0.125,0.125,1.125,2.5,4.125,0.125,0.125,0.125,0.5,360.0,352.0
250,940.0,0.0,0.0,0.5,0.5,5.0,4.5,0.5,0.0,0.0,1.0,320.0,608.0
251,918.0,1.25,0.0,0.5,1.75,3.5,4.75,0.5,0.0,0.25,1.5,432.0,472.0
252,1384.0,0.375,0.125,1.125,0.375,6.0,5.375,0.125,0.125,0.375,2.0,456.0,912.0
253,1426.0,1.25,0.5,2.0,1.75,3.5,6.25,0.5,0.0,0.75,1.5,560.0,848.0
254,1764.0,0.375,1.125,1.125,1.375,6.0,7.375,0.125,0.125,0.375,2.0,904.0,840.0
255,1758.0,2.125,1.125,1.125,3.125,3.5,8.125,0.125,0.125,1.125,1.5,760.0,976.0
256,1800.0,0.375,1.125,1.125,7.375,2.0,9.375,0.125,0.125,0.375,2.0,936.0,840.0
257,1642.0,1.25,0.5,0.5,5.25,5.5,10.75,0.0,0.0,0.75,1.5,848.0,768.0
258,2100.0,0.875,2.125,2.125,2.875,6.0,10.875,0.125,0.125,0.875,2.0,952.0,1120.0
259,2294.0,0.75,2.5,0.0,3.25,8.5,11.25,0.0,0.5,0.75,2.5,1072.0,1192.0
260,2328.0,0.375,1.125,0.625,2.875,11.0,11.375,0.125,0.625,0.875,3.0,1096.0,1200.0
261,1850.0,1.0,0.75,1.25,2.5,11.5,11.5,0.25,0.75,1.0,3.5,904.0,912.0
262,2388.0,2.125,1.375,1.875,3.625,9.0,13.125,0.375,0.875,0.625,3.0,1064.0,1288.0
263,2286.0,2.875,0.375,0.875,2.375,12.5,14.875,0.375,0.875,0.375,2.5,1096.0,1152.0
264,2744.0,3.25,0.75,0.75,2.25,13.0,15.25,0.75,0.75,0.25,3.0,1464.0,1240.0
265,2570.0,2.875,0.375,1.375,2.875,13.5,15.375,0.875,0.875,0.375,3.5,1208.0,1320.0
266,2244.0,3.0,0.5,2.0,2.5,14.0,16.0,0.5,1.0,0.5,4.0,1016.0,1184.0
267,2446.0,1.125,0.625,2.125,0.625,18.5,16.125,0.625,1.125,0.625,4.5,1296.0,1104.0
268,2792.0,4.75,0.75,3.75,1.75,13.0,16.75,0.75,0.75,0.75,5.0,1576.0,1168.0
269,3170.0,3.125,2.125,2.125,2.125,15.5,17.625,0.625,0.625,0.625,5.5,1952.0,1168.0
270,2940.0,5.0,1.0,4.0,2.0,14.0,18.5,0.5,0.5,0.5,6.0,1584.0,1304.0
271,3126.0,2.875,1.875,2.375,3.375,16.5,18.875,0.875,0.375,0.375,6.5,2120.0,952.0
272,3064.0,2.25,1.25,4.25,3.25,17.0,19.25,1.25,0.25,0.25,7.0,1800.0,1208.0
273,3474.0,2.625,1.625,7.625,2.625,14.5,21.125,1.125,0.125,0.125,6.5,1576.0,1840.0
274,4220.0,2.75,1.75,5.25,3.25,17.0,21.75,0.75,0.25,0.25,7.0,1696.0,2464.0
275,3630.0,5.875,1.875,4.375,2.375,16.5,22.875,0.875,0.375,0.375,6.5,1208.0,2360.0
276,4064.0,2.75,1.75,3.75,7.75,16.0,24.25,1.25,0.25,0.25,6.0,1920.0,2080.0
277,3818.0,1.375,1.375,2.375,14.375,13.5,25.375,1.375,0.375,0.375,5.5,1960.0,1792.0
278,3548.0,3.25,1.25,1.75,8.75,19.0,26.75,1.75,0.25,0.25,5.0,1488.0,1992.0
279,3774.0,1.875,1.875,2.875,11.875,16.5,28.375,1.375,0.375,0.375,4.5,1632.0,2072.0
280,3696.0,2.25,1.75,4.75,11.25,16.0,29.25,1.75,0.75,0.25,4.0,1616.0,2008.0
281,3746.0,1.375,3.875,3.375,8.875,19.5,30.875,1.375,0.875,0.375,3.5,1520.0,2152.0
282,3628.0,2.5,3.0,6.0,9.5,17.0,31.5,2.0,1.0,0.5,3.0,1488.0,2064.0
283,3742.0,2.375,1.875,7.875,8.375,18.5,33.375,1.875,0.875,0.375,2.5,1520.0,2144.0
284,4136.0,0.75,1.25,10.25,13.75,14.0,35.25,1.75,0.75,0.25,2.0,2064.0,1992.0
285,4114.0,0.125,0.625,14.625,14.125,11.5,36.125,2.625,0.625,0.125,1.5,1968.0,2064.0
286,4564.0,1.25,1.25,9.25,13.25,17.0,37.25,3.25,0.25,0.25,1.0,2480.0,2000.0
287,4638.0,2.125,2.625,13.125,11.625,13.5,37.625,3.125,0.625,0.125,1.5,2640.0,1912.0
288,4936.0,7.25,5.75,5.25,11.75,14.0,38.75,2.25,0.75,0.25,2.0,2704.0,2144.0
289,5666.0,2.125,3.625,10.625,16.125,12.5,40.125,1.625,0.625,0.125,2.5,3416.0,2160.0
290,5532.0,1.875,3.125,8.125,17.875,15.0,40.375,1.625,0.625,0.375,3.0,3192.0,2248.0
291,5742.0,3.125,3.125,8.125,15.125,17.5,40.625,1.625,0.625,0.625,3.5,3392.0,2256.0
292,5784.0,2.75,3.25,7.75,15.25,19.0,41.25,1.75,1.25,0.75,3.0,3200.0,2488.0
293,5170.0,4.625,3.125,9.125,10.625,21.5,42.125,1.625,0.625,1.125,3.5,3080.0,1992.0
294,4524.0,2.75,3.25,5.75,7.25,31.0,43.75,1.25,0.75,1.25,3.0,2464.0,1960.0
295,4726.0,10.0,2.75,11.25,3.5,23.5,44.5,1.25,0.75,1.0,3.5,2480.0,2144.0
296,5576.0,11.25,2.25,7.75,4.75,26.0,45.25,1.25,0.75,0.75,4.0,2560.0,2912.0
297,4754.0,10.625,0.625,6.625,4.625,30.5,46.625,0.625,0.625,0.625,4.5,1840.0,2808.0
298,6324.0,7.25,1.25,15.75,5.75,24.0,47.75,0.75,1.25,0.25,4.0,2352.0,3864.0
299,6350.0,7.375,1.375,15.375,5.375,25.5,49.375,0.375,1.375,0.375,3.5,2256.0,3984.0
300,7280.0,10.625,1.375,22.375,2.625,19.0,50.625,0.375,1.375,0.625,3.0,2392.0,4776.0
301,7042.0,9.0,1.25,23.75,3.5,19.5,52.0,0.25,0.75,0.5,3.5,2240.0,4688.0
302,5964.0,11.25,1.25,13.75,2.75,29.0,53.25,0.25,0.75,0.75,3.0,2056.0,3792.0
303,6278.0,14.0,1.25,13.75,1.5,28.5,55.0,0.25,0.75,0.5,2.5,2448.0,3712.0
304,6096.0,15.875,1.125,12.625,2.375,28.0,56.875,0.125,0.625,0.375,2.0,2400.0,3576.0
305,6170.0,13.5,0.25,15.25,2.5,29.5,58.5,0.25,0.25,0.5,1.5,2264.0,3784.0
306,6212.0,16.375,0.125,14.125,4.375,27.0,60.375,0.125,0.125,0.375,1.0,2504.0,3584.0
307,7630.0,12.75,0.5,34.5,6.75,8.5,62.25,0.0,0.0,0.25,0.5,2936.0,4568.0
308,8672.0,1.5,0.5,34.5,19.5,8.0,64.0,0.0,0.0,0.0,0.0,3904.0,4640.0
309,808.0,0.0,0.0,0.0,4.0,0.0,4.0,0.0,0.0,0.0,0.0,608.0,192.0
310,722.0,1.125,0.125,0.125,1.125,2.5,4.125,0.125,0.125,0.125,0.5,360.0,352.0
311,940.0,0.0,0.0,0.5,0.5,5.0,4.5,0.5,0.0,0.0,1.0,320.0,608.0
312,918.0,1.25,0.0,0.5,1.75,3.5,4.75,0.5,0.0,0.25,1.5,432.0,472.0
313,1384.0,0.375,0.125,1.125,0.375,6.0,5.375,0.125,0.125,0.375,2.0,456.0,912.0
314,1426.0,1.25,0.5,2.0,1.75,3.5,6.25,0.5,0.0,0.75,1.5,560.0,848.0
315,1764.0,0.375,1.125,1.125,1.375,6.0,7.375,0.125,0.125,0.375,2.0,904.0,840.0
316,1318.0,0.75,0.5,0.0,2.25,7.5,8.75,0.5,0.0,0.25,1.5,648.0,648.0
317,1440.0,1.5,0.5,0.0,4.0,6.0,9.5,0.5,0.0,0.0,2.0,680.0,736.0
318,1378.0,5.125,0.125,0.125,4.125,3.5,11.125,0.125,0.125,0.125,1.5,640.0,712.0
319,1612.0,4.375,0.125,0.125,0.375,9.0,12.375,0.125,0.125,0.375,1.0,512.0,1072.0
320,1742.0,4.5,0.25,0.25,0.5,9.5,12.5,0.25,0.25,0.5,1.5,696.0,1016.0
321,2056.0,0.375,1.625,1.625,0.375,12.0,12.875,0.125,0.125,0.875,2.0,752.0,1272.0
322,2218.0,0.5,1.25,0.25,0.5,14.5,13.5,0.25,0.25,0.5,2.5,1192.0,992.0
323,2068.0,2.25,1.25,0.25,2.25,12.0,15.25,0.25,0.25,0.25,2.0,1128.0,904.0
324,2878.0,3.625,3.125,0.125,2.625,9.5,16.125,0.625,0.625,0.125,1.5,1136.0,1704.0
325,2864.0,1.75,2.25,1.25,2.75,12.0,16.25,0.75,0.75,0.25,2.0,1192.0,1632.0
326,3010.0,2.375,2.375,0.375,5.375,10.5,17.375,0.375,0.375,0.375,2.5,1256.0,1712.0
327,2884.0,0.75,2.25,0.75,6.25,12.0,18.75,0.25,0.75,0.25,2.0,1440.0,1400.0
328,2430.0,1.625,2.625,1.625,6.625,10.5,19.125,0.125,1.125,0.125,2.5,1152.0,1232.0
329,2784.0,3.25,2.25,2.25,3.25,13.0,19.25,0.25,1.25,0.25,3.0,1200.0,1536.0
330,2978.0,10.625,2.625,1.625,3.625,6.5,21.125,0.125,1.125,0.125,2.5,1520.0,1408.0
331,3076.0,10.25,5.25,1.25,2.25,7.0,21.25,0.25,1.25,0.25,3.0,1816.0,1208.0
332,3238.0,10.625,3.125,1.625,4.125,7.5,21.625,0.125,1.625,0.125,3.5,1720.0,1464.0
333,3584.0,4.25,3.25,1.25,5.25,14.0,22.25,0.25,1.25,0.25,4.0,1784.0,1744.0
334,3282.0,2.625,4.125,1.625,4.125,16.5,22.625,0.125,1.625,0.125,4.5,1488.0,1736.0
335,3444.0,4.0,5.0,2.0,5.0,14.0,23.5,0.5,1.5,0.5,4.0,1456.0,1928.0
336,3230.0,5.625,2.125,0.625,4.125,18.5,24.125,0.625,1.125,0.625,4.5,1440.0,1728.0
337,2768.0,4.25,1.25,1.25,4.25,21.0,25.25,0.25,1.25,0.25,5.0,1264.0,1440.0
338,2522.0,4.875,0.875,2.875,2.875,21.5,25.375,0.375,1.375,0.375,5.5,1248.0,1208.0
339,2852.0,4.5,1.0,5.5,3.0,20.0,26.0,0.5,1.0,0.5,6.0,1184.0,1600.0
340,3654.0,8.375,1.375,6.875,2.875,15.5,27.375,0.375,0.875,0.875,5.5,1304.0,2280.0
341,4128.0,5.25,1.25,8.75,4.75,16.0,28.25,0.25,0.75,0.75,6.0,1800.0,2256.0
342,3842.0,6.625,0.625,7.125,4.125,18.5,29.125,0.125,0.625,0.625,6.5,1552.0,2216.0
343,4276.0,4.75,1.25,7.25,6.75,18.0,30.75,0.25,0.25,0.75,6.0,1968.0,2232.0
344,4526.0,4.375,0.375,8.375,10.375,15.5,32.375,0.375,0.375,0.375,5.5,2392.0,2056.0
345,4608.0,3.5,0.5,5.5,11.5,19.0,33.5,0.5,0.5,0.5,5.0,2704.0,1824.0
346,4570.0,3.625,0.625,2.625,13.625,20.5,34.625,0.625,0.625,0.625,4.5,2768.0,1720.0
347,4012.0,5.5,0.5,6.5,5.5,24.0,36.5,0.5,0.5,0.5,4.0,2280.0,1648.0
348,4406.0,6.75,0.5,6.5,6.75,22.5,36.75,0.5,0.5,0.75,4.5,2296.0,2024.0
349,4320.0,6.625,0.875,5.375,5.125,26.0,38.125,0.375,0.875,0.625,4.0,2472.0,1760.0
350,4434.0,6.5,2.75,7.75,4.5,23.5,39.5,0.75,0.75,0.5,3.5,2256.0,2088.0
351,4332.0,6.375,1.125,4.625,5.875,28.0,39.875,0.625,1.125,0.375,4.0,2448.0,1792.0
352,4190.0,4.5,1.75,6.75,10.5,23.5,40.5,0.75,1.75,0.5,3.5,2200.0,1896.0
353,3992.0,4.125,2.375,4.875,7.625,29.0,42.125,0.375,1.875,0.625,3.0,2128.0,1768.0
354,4306.0,5.375,2.375,4.875,8.875,27.5,42.375,0.375,1.875,0.875,3.5,2320.0,1888.0
355,4268.0,5.25,3.25,5.25,8.25,28.0,43.25,0.25,1.25,1.25,4.0,2192.0,1976.0
356,4246.0,4.125,3.125,8.125,6.125,29.5,45.125,0.125,1.125,1.125,3.5,1944.0,2200.0
357,4976.0,6.75,3.75,10.25,6.25,25.0,46.25,0.25,0.75,1.75,3.0,2656.0,2216.0
358,5490.0,12.5,1.75,15.25,6.0,17.5,47.0,0.25,0.75,1.5,3.5,2696.0,2688.0
359,5100.0,10.125,1.875,18.875,6.125,17.0,48.625,0.375,0.375,1.625,3.0,2496.0,2496.0
360,5406.0,7.5,3.75,14.75,7.5,21.5,50.0,0.25,0.25,1.0,3.5,2816.0,2480.0
361,5504.0,8.75,3.25,16.25,9.75,18.0,50.75,0.25,0.25,0.75,4.0,2864.0,2528.0
362,4938.0,6.625,3.125,10.125,9.625,27.5,52.625,0.125,0.125,0.625,3.5,2384.0,2440.0
363,5460.0,8.0,3.5,15.5,8.0,23.0,54.5,0.0,0.0,0.5,3.0,2672.0,2672.0
364,5598.0,15.25,3.5,9.5,2.25,28.5,55.75,0.0,0.0,0.75,2.5,2848.0,2632.0
365,6240.0,15.375,5.125,9.125,2.375,28.0,57.375,0.125,0.125,0.375,2.0,3464.0,2656.0
366,6138.0,17.625,3.125,11.125,3.625,25.5,58.625,0.125,0.125,0.625,1.5,3256.0,2760.0
367,7076.0,17.875,2.625,12.625,3.875,25.0,60.375,0.125,0.125,0.375,1.0,3256.0,3696.0
368,6718.0,20.25,5.0,9.0,6.25,22.5,62.25,0.0,0.0,0.25,0.5,3096.0,3496.0
369,6718.0,20.25,5.0,9.0,6.25,22.5,62.25,0.0,0.0,0.25,0.5,3096.0,3496.0
370,7264.0,36.0,2.0,4.0,2.0,20.0,64.0,0.0,0.0,0.0,0.0,3360.0,3776.0
371,808.0,0.0,0.0,0.0,4.0,0.0,4.0,0.0,0.0,0.0,0.0,608.0,192.0
372,722.0,1.125,0.125,0.125,1.125,2.5,4.125,0.125,0.125,0.125,0.5,360.0,352.0
373,1196.0,0.375,0.125,0.125,4.375,1.0,4.375,0.125,0.125,0.375,1.0,936.0,248.0
374,1094.0,1.75,0.0,0.0,1.75,3.5,4.75,0.0,0.0,0.75,1.5,608.0,472.0
375,1320.0,0.375,0.125,1.125,0.375,6.0,5.375,0.125,0.125,0.375,2.0,464.0,840.0
376,1714.0,1.25,0.0,2.0,1.25,4.5,6.25,0.0,0.0,0.25,2.5,600.0,1096.0
377,1684.0,1.375,0.125,3.125,1.375,4.0,7.375,0.125,0.125,0.375,2.0,672.0,992.0
378,1750.0,1.25,0.5,2.0,1.75,5.5,8.75,0.0,0.5,0.25,1.5,904.0,824.0
379,1504.0,2.375,1.125,0.125,1.375,7.0,10.375,0.125,0.125,0.375,1.0,744.0,736.0
380,1290.0,1.5,0.25,0.25,1.5,9.5,10.5,0.25,0.25,0.5,1.5,512.0,752.0
381,2020.0,1.25,0.25,0.25,5.25,7.0,11.25,0.25,0.25,1.25,1.0,1040.0,952.0
382,1550.0,2.125,0.125,0.125,2.125,10.5,13.125,0.125,0.125,1.125,0.5,680.0,840.0
383,2024.0,5.375,0.125,2.125,1.375,7.0,14.375,0.125,0.125,0.375,1.0,712.0,1280.0
384,2178.0,4.25,0.5,0.5,2.25,9.5,14.75,0.0,0.0,0.75,1.5,720.0,1424.0
385,1764.0,5.375,0.125,0.125,4.375,8.0,15.375,0.125,0.125,0.375,2.0,536.0,1192.0
386,1758.0,6.5,0.25,0.25,3.5,8.5,15.5,0.25,0.25,0.5,2.5,576.0,1144.0
387,1464.0,17.25,0.25,0.25,0.25,2.0,17.25,0.25,0.25,0.25,2.0,464.0,960.0
388,2026.0,12.125,0.125,0.125,2.125,6.5,18.125,0.125,0.125,0.125,2.5,952.0,1032.0
389,2036.0,14.75,0.75,0.75,0.75,5.0,18.25,0.25,0.25,0.25,3.0,776.0,1216.0
390,3326.0,4.875,0.875,0.875,1.875,14.5,19.375,0.375,0.375,0.375,2.5,1248.0,2032.0
391,3384.0,2.75,1.25,1.75,3.25,15.0,19.75,0.25,0.75,0.25,3.0,1624.0,1712.0
392,3538.0,4.875,1.375,0.875,2.375,15.5,19.875,0.375,0.875,0.375,3.5,1360.0,2128.0
393,3540.0,7.75,0.75,2.25,3.25,12.0,20.25,0.25,0.75,0.75,4.0,1320.0,2168.0
394,3110.0,5.875,1.375,0.875,4.375,14.5,20.875,0.375,0.875,0.375,4.5,1312.0,1744.0
395,3056.0,5.5,1.5,0.5,5.5,15.0,21.5,0.5,0.5,0.5,5.0,1592.0,1408.0
396,4130.0,2.875,2.375,1.375,11.875,10.5,22.375,0.875,0.875,0.375,4.5,2640.0,1432.0
397,3500.0,2.25,1.75,2.75,12.25,11.0,23.25,0.75,0.75,0.25,5.0,2320.0,1120.0
398,3606.0,2.125,1.625,5.125,9.625,12.5,24.625,1.125,0.625,0.125,4.5,2128.0,1416.0
399,3744.0,3.75,2.25,2.25,9.75,14.0,26.25,0.75,0.75,0.25,4.0,2216.0,1464.0
400,3794.0,4.625,1.625,5.125,9.125,12.5,26.625,0.625,1.125,0.125,4.5,1944.0,1784.0
401,3788.0,5.75,1.75,2.25,8.25,16.0,27.75,0.75,1.25,0.25,4.0,1928.0,1792.0
402,3870.0,5.875,2.375,5.375,5.875,15.5,28.375,0.875,1.875,0.375,3.5,1912.0,1888.0
403,3824.0,6.5,2.5,4.5,11.5,11.0,29.5,0.5,2.5,0.5,3.0,2080.0,1672.0
404,3810.0,5.625,1.625,5.625,10.625,13.5,29.625,0.625,2.625,0.625,3.5,2120.0,1616.0
405,3884.0,10.5,1.5,4.5,10.5,11.0,31.5,0.5,2.5,0.5,3.0,2128.0,1680.0
406,3894.0,6.875,1.375,4.875,12.375,13.5,32.875,0.375,1.875,0.375,3.5,2080.0,1736.0
407,3840.0,10.25,1.25,7.75,10.75,10.0,33.75,0.75,1.25,0.25,4.0,1952.0,1808.0
408,4698.0,6.875,1.375,8.375,12.875,11.5,35.375,0.875,0.875,0.375,3.5,2728.0,1888.0
409,4372.0,10.25,2.75,9.25,8.75,11.0,36.75,1.25,0.75,0.25,3.0,2552.0,1736.0
410,3406.0,2.625,2.125,9.625,6.125,22.5,38.625,1.125,0.625,0.125,2.5,2064.0,1256.0
411,3400.0,2.0,2.0,11.5,7.5,21.0,39.0,1.0,0.5,0.5,3.0,2088.0,1224.0
412,3874.0,3.625,2.125,4.625,7.125,27.5,40.125,0.625,0.125,0.625,3.5,2456.0,1328.0
413,3676.0,1.5,1.5,2.5,5.5,35.0,41.5,0.5,0.5,0.5,3.0,2400.0,1184.0
414,2982.0,2.625,2.125,2.125,6.625,33.5,42.125,0.625,0.625,0.125,3.5,1808.0,1080.0
415,2704.0,3.0,3.5,1.5,6.0,34.0,43.0,0.5,0.5,0.0,4.0,1632.0,976.0
416,2682.0,7.125,1.625,4.625,2.125,33.5,44.125,0.625,0.625,0.125,3.5,1480.0,1104.0
417,3684.0,6.375,1.625,4.625,5.375,32.0,44.375,0.625,0.625,0.375,4.0,2264.0,1320.0
418,3598.0,7.5,2.25,5.75,6.0,29.5,46.0,0.75,0.25,0.5,3.5,2240.0,1256.0
419,3328.0,6.75,2.75,4.25,7.25,31.0,46.75,0.75,0.25,1.25,3.0,1912.0,1312.0
420,3162.0,6.625,5.125,5.125,7.625,28.5,48.125,0.625,0.625,1.125,2.5,1784.0,1272.0
421,3972.0,5.25,7.75,5.25,3.75,32.0,49.75,0.25,0.75,1.25,2.0,1856.0,2008.0
422,4654.0,8.125,5.625,10.125,3.625,27.5,51.625,0.125,0.625,1.125,1.5,2048.0,2496.0
423,4800.0,5.875,3.125,20.625,4.375,22.0,51.875,0.125,0.625,1.375,2.0,2064.0,2624.0
424,4986.0,3.625,3.125,20.625,2.125,27.5,52.625,0.125,0.625,2.125,1.5,2464.0,2408.0
425,5652.0,2.5,8.0,15.5,5.0,27.0,54.5,0.0,0.5,2.0,1.0,3088.0,2448.0
426,5742.0,2.625,10.625,14.625,6.625,24.5,56.125,0.125,0.125,2.125,0.5,3072.0,2552.0
427,5912.0,6.375,9.125,5.125,6.375,33.0,57.375,0.125,0.125,1.375,1.0,3048.0,2744.0
428,6554.0,11.125,5.625,5.625,7.125,31.5,58.625,0.125,0.125,0.625,1.5,3080.0,3352.0
429,6652.0,6.375,3.125,11.125,6.375,35.0,60.375,0.125,0.125,0.375,1.0,3008.0,3520.0
430,6030.0,15.75,1.5,5.5,7.75,32.5,62.25,0.0,0.0,0.25,0.5,2888.0,3016.0
431,6176.0,16.0,2.0,6.0,8.0,32.0,64.0,0.0,0.0,0.0,0.0,3136.0,2912.0
432,808.0,0.0,0.0,0.0,4.0,0.0,4.0,0.0,0.0,0.0,0.0,608.0,192.0
433,722.0,1.125,0.125,0.125,1.125,2.5,4.125,0.125,0.125,0.125,0.5,360.0,352.0
434,1196.0,0.375,0.125,0.125,4.375,1.0,4.375,0.125,0.125,0.375,1.0,936.0,248.0
435,1094.0,1.75,0.0,0.0,1.75,3.5,4.75,0.0,0.0,0.75,1.5,608.0,472.0
436,1320.0,0.375,0.125,1.125,0.375,6.0,5.375,0.125,0.125,0.375,2.0,464.0,840.0
437,1282.0,1.125,0.125,1.125,1.125,5.5,6.125,0.125,0.125,1.125,1.5,576.0,688.0
438,1764.0,0.5,0.5,2.0,0.0,7.0,7.0,0.0,0.5,1.5,1.0,600.0,1144.0
439,1782.0,1.125,1.125,3.125,1.125,4.5,8.125,0.125,0.125,2.125,0.5,704.0,1056.0
440,2064.0,0.375,1.125,3.125,4.375,3.0,9.375,0.125,0.125,1.375,1.0,1088.0,952.0
441,2098.0,1.25,0.5,4.5,1.25,5.5,10.75,0.0,0.0,0.75,1.5,896.0,1176.0
442,2396.0,1.0,0.5,4.5,5.0,3.0,12.5,0.0,0.0,0.5,1.0,1280.0,1088.0
443,2358.0,2.125,0.125,6.125,2.125,4.5,14.125,0.125,0.125,0.125,0.5,992.0,1336.0
444,2304.0,2.0,0.0,8.0,2.0,4.0,16.0,0.0,0.0,0.0,0.0,1024.0,1248.0
445,2306.0,2.625,0.625,4.625,2.625,6.5,16.125,0.125,0.125,0.125,0.5,1000.0,1272.0
446,2548.0,5.0,0.5,8.0,1.5,3.0,16.5,0.0,0.5,0.0,1.0,960.0,1552.0
447,2510.0,4.125,0.125,8.125,1.125,5.5,17.125,0.125,0.125,0.125,1.5,1000.0,1472.0
448,2864.0,4.75,1.75,4.75,0.75,8.0,17.25,0.25,0.25,0.25,2.0,1176.0,1648.0
449,3010.0,1.375,3.375,2.375,1.375,12.5,17.375,0.375,0.375,0.375,2.5,1304.0,1664.0
450,2820.0,2.75,2.25,5.25,2.75,9.0,17.75,0.25,0.25,0.75,3.0,1184.0,1592.0
451,2830.0,2.625,1.625,6.625,2.625,9.5,18.125,0.125,0.125,1.125,3.5,1232.0,1552.0
452,2232.0,4.0,1.0,5.0,2.0,12.0,19.0,0.0,0.0,1.0,4.0,992.0,1192.0
453,2474.0,3.125,1.625,5.625,1.125,13.5,19.625,0.125,0.125,1.625,3.5,968.0,1456.0
454,2468.0,3.75,2.25,4.25,1.75,14.0,19.75,0.25,0.25,1.75,4.0,952.0,1464.0
455,2166.0,0.875,3.375,3.375,1.875,17.5,20.875,0.375,0.375,1.875,3.5,784.0,1328.0
456,2192.0,1.0,2.5,2.5,2.0,20.0,21.0,0.5,0.5,2.0,4.0,912.0,1224.0
457,2354.0,0.875,1.375,4.875,1.375,20.5,21.875,0.375,0.875,1.375,4.5,920.0,1376.0
458,2620.0,3.25,0.75,5.75,4.25,16.0,23.25,0.75,0.75,1.25,4.0,1008.0,1552.0
459,3598.0,1.375,0.875,9.375,3.875,15.5,24.875,0.375,0.875,1.375,3.5,1216.0,2320.0
460,3824.0,2.5,1.5,4.0,4.0,20.0,25.5,0.5,1.0,1.0,4.0,1328.0,2432.0
461,3826.0,2.375,0.875,4.875,4.375,20.5,25.875,0.375,1.375,0.875,4.5,1240.0,2520.0
462,4556.0,2.0,1.5,3.0,5.5,22.0,27.0,0.5,2.0,0.5,4.0,1800.0,2688.0
463,4486.0,2.875,1.875,2.875,2.875,24.5,28.375,0.375,1.375,0.375,4.5,1736.0,2680.0
464,3664.0,8.75,2.25,1.25,3.75,20.0,29.25,0.75,1.75,0.25,4.0,1464.0,2128.0
465,3746.0,6.875,2.875,2.875,2.875,21.5,30.375,0.375,2.375,0.375,3.5,1848.0,1824.0
466,3772.0,7.25,1.75,4.25,2.75,22.0,31.75,0.25,1.75,0.25,4.0,1848.0,1848.0
467,3438.0,7.625,2.125,8.625,3.125,17.5,32.125,0.625,2.125,0.625,3.5,1344.0,2016.0
468,3008.0,6.75,2.75,9.75,1.75,19.0,33.75,0.75,1.75,0.75,3.0,1248.0,1680.0
469,3306.0,6.375,2.375,8.375,2.375,21.5,34.375,0.375,1.375,1.375,3.5,1600.0,1624.0
470,3164.0,7.0,2.5,11.0,2.5,19.0,36.0,0.5,1.0,1.5,3.0,1376.0,1704.0
471,4238.0,4.25,2.5,11.0,7.75,17.5,36.25,0.5,1.0,1.75,3.5,2424.0,1728.0
472,3904.0,8.625,1.875,12.375,8.125,13.0,38.125,0.375,0.875,1.625,3.0,1624.0,2192.0
473,3738.0,8.5,1.75,8.25,10.0,16.5,40.0,0.25,0.75,1.5,2.5,1496.0,2152.0
474,4068.0,9.75,1.75,8.25,7.25,19.0,40.25,0.25,0.75,1.75,3.0,1992.0,1984.0
475,5158.0,7.625,1.625,12.625,3.625,21.5,41.125,0.125,1.125,1.125,3.5,2240.0,2824.0
476,4512.0,5.25,1.75,21.25,1.75,18.0,41.75,0.25,0.75,1.25,4.0,1680.0,2736.0
477,4338.0,5.0,0.75,22.25,2.5,18.5,42.5,0.25,0.75,1.0,4.5,1608.0,2632.0
478,4220.0,9.75,0.75,22.25,3.25,14.0,43.25,0.25,0.75,1.75,4.0,1480.0,2640.0
479,3846.0,9.875,2.875,16.875,4.875,16.5,44.375,0.375,0.375,1.375,4.5,1544.0,2200.0
480,3640.0,9.75,7.25,13.75,3.25,18.0,45.75,0.25,0.75,1.25,4.0,1648.0,1888.0
481,5098.0,3.5,3.75,16.25,13.0,16.5,47.0,0.25,0.75,0.5,4.5,2728.0,2264.0
482,5212.0,4.375,1.625,6.625,15.375,26.0,47.875,0.125,1.125,0.875,4.0,2704.0,2400.0
483,5918.0,6.75,1.0,7.0,14.75,25.5,49.75,0.0,1.0,0.75,3.5,3168.0,2640.0
484,6112.0,5.375,1.625,7.125,12.875,29.0,50.875,0.125,1.625,0.375,3.0,3512.0,2488.0
485,5418.0,15.625,1.625,7.125,4.125,28.5,52.125,0.125,1.625,0.625,2.5,2912.0,2392.0
486,5348.0,10.25,0.75,6.75,6.25,34.0,53.75,0.25,1.25,0.75,2.0,2600.0,2632.0
487,5214.0,16.0,0.75,18.75,4.0,19.5,55.5,0.25,1.25,0.5,1.5,3000.0,2096.0
488,5128.0,13.375,0.625,20.125,5.875,20.0,56.875,0.125,0.625,0.375,2.0,2760.0,2248.0
489,5042.0,14.5,1.25,19.25,6.5,19.5,58.5,0.25,0.25,0.5,1.5,2584.0,2336.0
490,4972.0,10.375,1.125,20.125,7.375,23.0,60.375,0.125,0.125,0.375,1.0,2360.0,2488.0
491,4972.0,10.375,1.125,20.125,7.375,23.0,60.375,0.125,0.125,0.375,1.0,2360.0,2488.0
492,5742.0,6.25,1.0,23.0,10.25,22.5,62.25,0.0,0.0,0.25,0.5,3392.0,2224.0
493,5696.0,6.5,0.5,22.5,8.5,26.0,64.0,0.0,0.0,0.0,0.0,3168.0,2400.0
494,808.0,0.0,0.0,0.0,4.0,0.0,4.0,0.0,0.0,0.0,0.0,608.0,192.0
495,722.0,1.125,0.125,0.125,1.125,2.5,4.125,0.125,0.125,0.125,0.5,360.0,352.0
496,940.0,0.0,0.0,0.5,0.5,5.0,4.5,0.5,0.0,0.0,1.0,320.0,608.0
497,1238.0,1.125,0.125,1.125,1.125,3.5,5.125,0.125,0.125,0.125,1.5,488.0,736.0
498,1464.0,1.0,0.0,0.5,1.5,5.0,6.0,0.0,0.5,0.5,1.0,704.0,744.0
499,1578.0,0.125,0.125,0.125,0.125,8.5,7.125,0.125,0.125,1.125,0.5,808.0,752.0
500,1556.0,1.375,0.125,0.125,1.375,7.0,7.375,0.125,0.125,1.375,1.0,920.0,616.0
501,1510.0,0.75,0.0,0.0,0.75,9.5,8.75,0.0,0.0,0.75,1.5,880.0,608.0
502,1472.0,1.0,0.5,0.5,0.0,10.0,9.5,0.0,0.0,0.5,2.0,656.0,792.0
503,2210.0,2.125,1.125,1.125,1.125,7.5,11.125,0.125,0.125,0.125,1.5,864.0,1320.0
504,1924.0,2.25,0.25,0.25,1.25,10.0,11.25,0.25,0.25,0.25,2.0,856.0,1040.0
505,1862.0,2.375,1.375,0.375,2.375,8.5,11.375,0.375,0.375,0.375,2.5,1024.0,808.0
506,1712.0,2.75,0.75,0.75,1.75,10.0,13.25,0.25,0.25,0.25,2.0,832.0,848.0
507,1858.0,2.125,0.125,0.625,1.625,12.5,13.625,0.625,0.125,0.125,2.5,840.0,984.0
508,2164.0,2.5,1.0,1.0,2.5,11.0,14.0,0.5,0.5,0.0,3.0,1120.0,1008.0
509,2702.0,2.125,3.125,0.625,4.625,8.5,14.625,0.625,1.125,0.125,2.5,1712.0,952.0
510,2440.0,3.375,3.125,0.625,4.875,8.0,15.875,0.625,1.125,0.375,2.0,1376.0,1024.0
511,2442.0,4.0,1.75,1.75,3.0,10.5,16.5,0.25,1.25,0.5,2.5,1216.0,1184.0
512,2620.0,4.125,0.875,1.875,2.125,13.0,16.625,0.375,1.375,0.625,3.0,1168.0,1408.0
513,3222.0,6.0,0.25,4.25,2.0,10.5,17.5,0.75,1.75,0.5,2.5,1312.0,1864.0
514,3464.0,5.625,0.875,2.875,1.625,13.0,17.625,0.875,1.875,0.625,3.0,1552.0,1864.0
515,3354.0,6.0,0.75,4.25,2.5,11.5,18.0,0.75,2.25,0.5,3.5,1400.0,1904.0
516,3324.0,4.875,1.125,2.125,1.875,16.0,18.375,0.625,2.625,0.375,4.0,1872.0,1400.0
517,3606.0,6.5,2.25,1.75,2.0,14.5,19.0,0.75,2.25,0.5,4.5,1904.0,1648.0
518,3776.0,4.625,0.875,2.375,3.125,17.0,20.125,0.375,1.875,0.625,5.0,2024.0,1696.0
519,3186.0,6.5,0.75,2.75,5.5,13.5,21.0,0.25,1.25,1.0,5.5,1544.0,1584.0
520,3444.0,9.875,1.125,2.125,2.875,14.0,21.875,0.125,1.125,0.875,6.0,1896.0,1488.0
521,3662.0,8.0,0.75,4.25,3.5,14.5,22.5,0.25,0.75,1.0,6.5,2088.0,1512.0
522,3432.0,8.875,1.625,3.125,3.375,15.0,23.375,0.125,0.625,0.875,7.0,1824.0,1544.0
523,3634.0,8.0,0.75,5.25,3.5,15.5,23.5,0.25,0.75,1.0,7.5,2032.0,1536.0
524,3556.0,9.125,0.875,4.875,3.125,16.0,24.625,0.375,0.375,0.625,8.0,1800.0,1688.0
525,3654.0,13.0,0.25,5.75,1.5,14.5,25.0,0.25,0.75,0.5,8.5,2048.0,1536.0
526,4696.0,5.375,1.125,6.125,1.375,22.0,26.375,0.125,1.125,0.375,8.0,2232.0,2392.0
527,4162.0,8.75,1.0,5.5,2.25,19.5,27.75,0.0,1.5,0.25,7.5,1984.0,2104.0
528,4516.0,7.375,0.625,11.125,1.875,17.0,28.875,0.125,1.625,0.375,7.0,2048.0,2392.0
529,4422.0,11.125,0.625,7.125,1.625,18.5,30.625,0.125,1.625,0.125,6.5,2128.0,2216.0
530,3312.0,7.75,1.25,9.75,3.25,18.0,31.75,0.25,1.75,0.25,6.0,1680.0,1552.0
531,3090.0,2.125,2.125,8.125,3.125,25.5,33.125,0.125,2.125,0.125,5.5,1656.0,1352.0
532,2964.0,4.375,1.125,7.125,5.375,24.0,33.375,0.125,2.125,0.375,6.0,1488.0,1392.0
533,3846.0,2.125,1.125,7.125,12.125,20.5,34.125,0.125,2.125,0.125,6.5,2248.0,1512.0
534,3840.0,3.75,1.25,6.75,10.25,22.0,35.75,0.25,1.75,0.25,6.0,2064.0,1688.0
535,4330.0,3.625,1.625,9.125,5.125,25.5,37.125,0.125,1.625,0.625,5.5,2064.0,2176.0
536,4308.0,7.0,2.0,8.5,3.5,25.0,39.0,0.0,1.5,0.5,5.0,1864.0,2352.0
537,6150.0,3.125,1.625,9.625,6.125,26.5,40.625,0.125,1.125,0.625,4.5,2648.0,3408.0
538,6072.0,4.5,2.0,8.0,9.5,24.0,42.5,0.0,1.0,0.5,4.0,2792.0,3184.0
539,6290.0,2.125,1.125,10.625,9.625,25.5,44.125,0.125,0.625,0.625,3.5,2624.0,3568.0
540,6588.0,5.5,1.5,8.0,12.0,23.0,46.0,0.0,0.5,0.5,3.0,3472.0,3016.0
541,6190.0,3.625,4.125,6.625,12.125,24.5,47.625,0.125,0.625,0.125,2.5,3112.0,2976.0
542,5768.0,11.875,4.125,6.625,7.375,22.0,48.875,0.125,0.625,0.375,2.0,2696.0,2968.0
543,5538.0,8.25,2.5,11.0,13.75,17.5,50.75,0.0,0.5,0.25,1.5,2848.0,2584.0
544,6148.0,8.875,3.625,5.625,10.875,25.0,51.375,0.125,1.125,0.375,1.0,3480.0,2560.0
545,6430.0,10.625,2.125,13.125,13.625,15.5,51.625,0.125,1.125,0.625,1.5,3784.0,2536.0
546,5928.0,9.0,1.5,21.0,10.5,14.0,52.5,0.0,0.5,1.0,2.0,3304.0,2512.0
547,6098.0,7.125,0.625,23.625,10.125,15.5,53.625,0.125,1.125,0.625,1.5,3528.0,2456.0
548,6084.0,10.375,1.125,22.125,11.375,13.0,55.375,0.125,1.125,0.375,1.0,3328.0,2640.0
549,5662.0,14.125,1.125,22.125,6.125,15.5,56.125,0.125,1.125,0.125,1.5,2768.0,2776.0
550,5768.0,14.5,1.0,23.5,7.0,14.0,57.5,0.0,0.5,0.0,2.0,2592.0,3056.0
551,6426.0,20.125,2.125,9.125,6.125,23.5,59.125,0.125,0.125,0.125,1.5,2488.0,3816.0
552,7452.0,18.375,2.125,9.125,9.375,23.0,60.375,0.125,0.125,0.375,1.0,3392.0,3936.0
553,7510.0,15.125,2.125,9.125,14.125,22.5,62.125,0.125,0.125,0.125,0.5,3568.0,3816.0
554,7520.0,17.0,2.0,10.0,13.0,22.0,64.0,0.0,0.0,0.0,0.0,3360.0,4032.0
555,808.0,0.0,0.0,0.0,4.0,0.0,4.0,0.0,0.0,0.0,0.0,608.0,192.0
556,722.0,1.125,0.125,0.125,1.125,2.5,4.125,0.125,0.125,0.125,0.5,360.0,352.0
557,940.0,0.0,0.0,0.5,0.5,5.0,4.5,0.5,0.0,0.0,1.0,320.0,608.0
558,918.0,1.25,0.0,0.5,1.75,3.5,4.75,0.5,0.0,0.25,1.5,432.0,472.0
559,1384.0,0.375,0.125,1.125,0.375,6.0,5.375,0.125,0.125,0.375,2.0,456.0,912.0
560,1426.0,1.25,0.5,2.0,1.75,3.5,6.25,0.5,0.0,0.75,1.5,560.0,848.0
561,1764.0,0.375,1.125,1.125,1.375,6.0,7.375,0.125,0.125,0.375,2.0,904.0,840.0
562,1758.0,2.125,1.125,1.125,3.125,3.5,8.125,0.125,0.125,1.125,1.5,760.0,976.0
563,2024.0,2.25,0.25,0.25,1.25,8.0,8.25,0.25,0.25,1.25,2.0,768.0,1232.0
564,1834.0,5.625,0.125,0.125,1.625,5.5,9.625,0.125,0.125,1.625,1.5,808.0,1000.0
565,2540.0,2.25,0.25,0.25,2.25,9.0,11.25,0.25,0.25,1.25,1.0,968.0,1544.0
566,2598.0,2.5,0.25,1.25,1.5,9.5,12.5,0.25,0.25,0.5,1.5,1016.0,1552.0
567,2552.0,2.875,0.125,0.625,0.375,12.0,12.875,0.125,0.625,0.375,2.0,1232.0,1288.0
568,2954.0,2.5,0.25,1.25,1.5,11.5,13.5,0.25,1.25,0.5,1.5,1112.0,1808.0
569,2924.0,2.625,1.375,3.375,0.625,10.0,13.625,0.375,1.375,0.625,2.0,1120.0,1768.0
570,2334.0,3.0,0.75,0.75,1.0,13.5,15.5,0.25,1.25,0.5,1.5,848.0,1448.0
571,1976.0,1.375,1.125,0.625,0.875,16.0,16.375,0.125,0.625,0.875,2.0,776.0,1160.0
572,1842.0,1.0,2.75,1.25,1.5,14.5,16.5,0.25,0.75,1.0,2.5,632.0,1168.0
573,2132.0,0.625,3.375,0.375,1.625,16.0,17.625,0.375,1.375,0.625,2.0,816.0,1272.0
574,1798.0,1.0,1.25,1.75,0.5,18.5,18.0,0.25,1.75,0.5,2.5,576.0,1176.0
575,1792.0,1.125,0.375,0.875,0.625,21.0,18.125,0.375,1.875,0.625,3.0,616.0,1128.0
576,2138.0,1.5,0.75,1.75,1.5,19.5,18.5,0.75,1.75,0.5,3.5,856.0,1232.0
577,2924.0,2.125,0.375,3.875,4.625,15.0,19.125,1.375,1.875,0.625,3.0,1632.0,1240.0
578,2758.0,2.875,0.375,3.875,5.375,14.5,20.875,1.375,1.875,0.375,2.5,1328.0,1376.0
579,3128.0,2.75,0.75,6.75,2.75,15.0,22.25,1.25,1.25,0.25,3.0,1408.0,1664.0
580,3378.0,2.125,0.625,3.625,5.125,17.5,23.125,0.625,1.625,0.125,3.5,1832.0,1488.0
581,3476.0,1.75,0.75,4.25,4.25,19.0,24.75,0.75,1.25,0.25,3.0,1944.0,1472.0
582,3534.0,1.375,0.875,6.875,5.375,16.5,25.375,0.875,1.875,0.375,2.5,2040.0,1432.0
583,3488.0,0.25,0.75,5.75,5.25,20.0,26.25,0.75,2.75,0.25,2.0,1984.0,1440.0
584,3298.0,0.125,1.125,8.625,4.625,18.5,26.625,0.625,3.125,0.125,2.5,1736.0,1496.0
585,3204.0,1.5,1.5,7.0,6.0,18.0,28.5,0.5,3.0,0.0,2.0,1576.0,1560.0
586,3350.0,2.125,2.625,5.125,13.625,11.5,29.625,0.125,3.625,0.125,1.5,1944.0,1336.0
587,3832.0,0.5,1.5,4.5,21.5,8.0,31.0,0.0,3.0,0.0,2.0,2496.0,1264.0
588,3642.0,0.125,1.125,2.125,23.125,10.5,32.125,0.125,2.125,0.125,2.5,2336.0,1232.0
589,4348.0,1.75,2.25,2.75,15.25,16.0,33.75,0.25,1.75,0.25,2.0,2416.0,1856.0
590,4726.0,2.125,4.125,1.125,11.125,20.5,35.125,0.125,1.125,0.125,2.5,2384.0,2264.0
591,4936.0,1.75,3.25,0.75,10.25,24.0,35.75,0.25,1.75,0.25,2.0,2728.0,2128.0
592,4674.0,3.625,4.125,0.625,3.125,29.5,37.625,0.125,1.625,0.125,1.5,1928.0,2664.0
593,4420.0,3.0,3.5,6.0,4.5,25.0,38.5,0.0,2.5,0.0,1.0,1904.0,2432.0
594,4078.0,5.625,2.125,6.625,5.125,23.5,39.625,0.125,1.625,0.125,1.5,1704.0,2288.0
595,4824.0,3.75,3.25,10.75,6.25,20.0,39.75,0.25,1.75,0.25,2.0,2296.0,2440.0
596,4450.0,2.625,2.625,13.625,7.625,18.5,41.125,0.125,1.125,0.125,2.5,2216.0,2144.0
597,4092.0,4.25,2.75,12.25,8.75,18.0,42.75,0.25,0.75,0.25,2.0,1888.0,2112.0
598,3990.0,4.625,1.125,15.125,9.625,16.5,43.125,0.625,0.625,0.125,2.5,1984.0,1912.0
599,3952.0,4.25,0.75,12.25,11.75,19.0,43.75,0.25,0.75,0.25,3.0,2080.0,1776.0
600,4282.0,6.875,0.875,15.875,4.875,20.5,45.375,0.375,0.375,0.375,2.5,2024.0,2160.0
601,5076.0,15.25,0.75,7.75,4.25,22.0,46.25,0.75,0.75,0.25,2.0,2168.0,2808.0
602,4854.0,15.0,0.25,3.25,4.0,28.5,46.5,0.75,0.75,0.5,2.5,2048.0,2704.0
603,4784.0,15.375,0.625,1.625,4.375,30.0,48.375,0.625,0.625,0.375,2.0,1968.0,2712.0
604,4610.0,23.625,0.125,5.125,4.625,19.5,49.125,0.625,0.625,1.125,1.5,2120.0,2384.0
605,5324.0,19.25,0.25,5.25,3.25,26.0,50.25,0.25,0.25,1.25,2.0,2648.0,2568.0
606,5838.0,31.0,0.75,1.75,1.0,20.5,51.5,0.25,0.25,0.5,2.5,2384.0,3344.0
607,6648.0,23.875,1.625,1.625,4.875,24.0,53.375,0.125,0.125,0.375,2.0,2872.0,3664.0
608,6882.0,38.125,1.125,1.125,1.125,15.5,55.125,0.125,0.125,0.125,1.5,2712.0,4056.0
609,7124.0,35.375,1.125,1.125,4.375,16.0,55.375,0.125,0.125,0.375,2.0,3024.0,3984.0
610,7124.0,35.375,1.125,1.125,4.375,16.0,55.375,0.125,0.125,0.375,2.0,3024.0,3984.0
611,7558.0,34.75,1.5,1.0,6.25,15.5,56.75,0.5,0.0,0.25,1.5,3464.0,3976.0
612,7558.0,34.75,1.5,1.0,6.25,15.5,56.75,0.5,0.0,0.25,1.5,3464.0,3976.0
613,7144.0,33.5,1.5,1.0,4.0,20.0,57.5,0.5,0.0,0.0,2.0,3024.0,4000.0
614,7144.0,33.5,1.5,1.0,4.0,20.0,57.5,0.5,0.0,0.0,2.0,3024.0,4000.0
615,6882.0,39.75,1.5,1.0,5.25,13.5,58.75,0.5,0.0,0.25,1.5,2496.0,4264.0
616,6956.0,37.375,2.125,1.125,4.375,17.0,60.375,0.125,0.125,0.375,1.0,2304.0,4528.0
617,5422.0,31.75,1.5,3.5,3.75,22.5,62.25,0.0,0.0,0.25,0.5,2136.0,3160.0
618,5984.0,29.5,1.5,3.5,3.5,26.0,64.0,0.0,0.0,0.0,0.0,2688.0,3168.0
619,808.0,0.0,0.0,0.0,4.0,0.0,4.0,0.0,0.0,0.0,0.0,608.0,192.0
620,722.0,1.125,0.125,0.125,1.125,2.5,4.125,0.125,0.125,0.125,0.5,360.0,352.0
621,1196.0,0.375,0.125,0.125,4.375,1.0,4.375,0.125,0.125,0.375,1.0,936.0,248.0
622,1094.0,1.75,0.0,0.0,1.75,3.5,4.75,0.0,0.0,0.75,1.5,608.0,472.0
623,1320.0,0.375,0.125,1.125,0.375,6.0,5.375,0.125,0.125,0.375,2.0,464.0,840.0
624,1714.0,1.25,0.0,2.0,1.25,4.5,6.25,0.0,0.0,0.25,2.5,600.0,1096.0
625,1684.0,1.375,0.125,3.125,1.375,4.0,7.375,0.125,0.125,0.375,2.0,672.0,992.0
626,1750.0,1.25,0.5,2.0,1.75,5.5,8.75,0.0,0.5,0.25,1.5,904.0,824.0
627,1512.0,1.875,2.125,0.625,1.375,6.0,8.875,0.125,0.625,0.375,2.0,672.0,816.0
628,1234.0,1.5,0.75,0.25,2.0,8.5,9.0,0.25,0.75,0.5,2.5,528.0,680.0
629,1252.0,1.375,0.125,1.125,0.375,11.0,9.375,0.125,1.125,0.375,3.0,440.0,784.0
630,1638.0,1.25,0.5,0.5,1.25,11.5,9.75,0.0,1.0,0.75,3.5,832.0,776.0
631,1520.0,2.375,0.125,1.625,0.875,11.0,10.375,0.125,1.625,0.875,3.0,576.0,912.0
632,1938.0,3.125,0.125,1.625,2.625,9.5,11.125,0.125,1.625,0.625,3.5,952.0,952.0
633,1836.0,2.75,0.25,2.25,1.75,11.0,12.75,0.25,1.25,0.75,3.0,696.0,1104.0
634,2182.0,2.0,0.25,1.25,1.0,14.5,14.0,0.25,1.25,1.0,2.5,776.0,1368.0
635,2384.0,1.625,1.375,1.375,2.625,13.0,14.625,0.375,1.375,0.625,3.0,1128.0,1216.0
636,2018.0,0.75,1.5,0.5,2.75,15.5,14.75,0.5,1.5,0.75,3.5,760.0,1216.0
637,2548.0,1.875,0.625,1.625,1.875,16.0,14.875,0.625,1.625,0.875,4.0,872.0,1632.0
638,2486.0,3.25,0.5,2.0,0.75,16.5,15.25,0.5,2.0,0.75,4.5,880.0,1560.0
639,2200.0,1.875,2.125,1.625,1.375,17.0,15.375,0.625,2.125,0.875,5.0,920.0,1232.0
640,2338.0,2.25,3.0,3.5,2.75,13.5,16.25,1.0,1.5,0.75,5.5,1040.0,1248.0
641,2572.0,2.875,2.125,1.625,3.375,16.0,17.375,0.625,1.125,0.875,6.0,1496.0,1024.0
642,3582.0,3.25,2.0,1.0,7.25,13.5,18.75,0.5,1.5,0.75,5.5,2704.0,824.0
643,3496.0,5.125,2.375,0.375,6.125,14.0,19.125,0.375,1.375,1.125,6.0,2384.0,1056.0
644,3298.0,3.25,2.0,1.0,6.25,16.5,19.75,0.5,1.5,0.75,6.5,2096.0,1144.0
645,2748.0,3.125,1.375,0.875,6.625,18.0,20.625,0.875,1.375,1.125,6.0,1752.0,936.0
646,2550.0,3.25,2.0,1.0,9.25,15.5,21.75,1.5,1.5,0.75,5.5,1448.0,1040.0
647,3448.0,2.125,1.875,2.875,8.125,17.0,23.625,1.375,1.375,0.625,5.0,1552.0,1832.0
648,3778.0,4.25,1.5,3.0,8.75,15.5,24.25,1.5,1.0,0.75,5.5,1776.0,1936.0
649,4100.0,1.625,2.375,2.875,14.125,13.0,25.125,1.875,1.375,0.625,5.0,2040.0,1992.0
650,3134.0,4.0,1.75,1.75,11.0,16.5,26.0,1.75,1.75,1.0,4.5,1624.0,1440.0
651,3144.0,3.625,2.375,3.875,9.125,17.0,27.125,1.875,1.375,0.625,5.0,1352.0,1720.0
652,3074.0,4.0,1.75,3.25,7.5,20.5,27.5,2.25,1.75,1.0,4.5,1320.0,1680.0
653,2908.0,3.625,2.375,3.875,7.125,21.0,28.125,2.875,1.375,0.625,5.0,1256.0,1576.0
654,3174.0,6.5,2.25,4.25,6.5,19.5,29.5,2.25,1.25,0.5,5.5,1344.0,1752.0
655,3440.0,6.375,1.625,4.625,5.375,22.0,30.375,1.625,1.625,0.375,6.0,1616.0,1744.0
656,3706.0,6.5,2.25,6.25,5.5,20.5,31.5,1.25,1.25,0.5,6.5,1856.0,1768.0
657,3012.0,6.25,3.75,4.75,4.25,23.0,31.75,1.25,1.25,0.75,7.0,1488.0,1440.0
658,2814.0,7.0,1.75,6.75,6.0,21.5,32.5,1.25,1.25,0.5,7.5,1120.0,1608.0
659,4624.0,2.625,1.875,5.375,9.125,25.0,34.125,1.375,0.875,0.625,7.0,1968.0,2568.0
660,4778.0,4.0,3.25,3.75,9.5,24.5,36.0,1.25,0.75,0.5,6.5,2328.0,2360.0
661,5132.0,7.25,3.25,3.75,6.75,25.0,36.25,1.25,0.75,0.75,7.0,2936.0,2104.0
662,5254.0,7.875,4.375,1.875,9.375,23.5,37.375,0.875,0.375,0.875,7.5,3064.0,2096.0
663,5240.0,7.75,5.75,0.75,6.75,27.0,38.75,0.75,0.75,0.75,7.0,3120.0,2024.0
664,5018.0,8.625,3.625,1.125,5.125,30.5,40.125,1.125,0.625,0.625,6.5,2920.0,2000.0
665,5276.0,10.75,6.25,2.25,4.75,26.0,41.75,1.25,0.25,0.75,6.0,3120.0,2056.0
666,5454.0,10.875,8.375,1.875,6.375,23.5,43.375,0.875,0.375,0.875,5.5,3432.0,1920.0
667,5344.0,9.75,6.75,2.25,4.25,29.0,44.75,0.75,0.25,1.25,5.0,3488.0,1752.0
668,5346.0,10.0,4.25,1.75,4.5,32.5,46.5,0.75,0.25,1.0,4.5,3280.0,1960.0
669,5148.0,9.625,2.875,1.875,7.625,32.0,48.125,0.375,0.375,1.125,4.0,2888.0,2152.0
670,4806.0,9.5,1.75,1.75,6.5,35.5,50.0,0.25,0.25,1.0,3.5,2704.0,1992.0
671,4832.0,11.625,2.375,4.375,6.625,31.0,51.625,0.375,0.375,0.625,3.0,2640.0,2080.0
672,4498.0,12.875,2.375,4.375,2.875,34.5,52.875,0.375,0.375,0.875,2.5,2232.0,2152.0
673,5356.0,17.625,2.375,4.375,4.625,29.0,53.625,0.375,0.375,0.625,3.0,2920.0,2320.0
674,5446.0,15.0,2.75,4.75,4.0,32.5,55.5,0.25,0.25,0.5,2.5,2728.0,2600.0
675,5664.0,18.75,2.75,4.75,3.75,30.0,57.25,0.25,0.25,0.25,2.0,2840.0,2704.0
676,5538.0,16.125,3.125,5.125,5.125,31.5,59.125,0.125,0.125,0.125,1.5,2712.0,2704.0
677,5852.0,8.5,2.5,4.5,9.5,37.0,61.0,0.0,0.0,0.0,1.0,3504.0,2224.0
678,5886.0,4.75,2.5,2.5,12.75,40.5,62.25,0.0,0.0,0.25,0.5,3096.0,2664.0
679,5886.0,4.75,2.5,2.5,12.75,40.5,62.25,0.0,0.0,0.25,0.5,3096.0,2664.0
680,5888.0,5.5,2.5,2.5,9.5,44.0,64.0,0.0,0.0,0.0,0.0,3200.0,2560.0
681,808.0,0.0,0.0,0.0,4.0,0.0,4.0,0.0,0.0,0.0,0.0,608.0,192.0
682,722.0,1.125,0.125,0.125,1.125,2.5,4.125,0.125,0.125,0.125,0.5,360.0,352.0
683,940.0,0.0,0.0,0.5,0.5,5.0,4.5,0.5,0.0,0.0,1.0,320.0,608.0
684,918.0,1.25,0.0,0.5,1.75,3.5,4.75,0.5,0.0,0.25,1.5,432.0,472.0
685,1384.0,0.375,0.125,1.125,0.375,6.0,5.375,0.125,0.125,0.375,2.0,456.0,912.0
686,1426.0,1.25,0.5,2.0,1.75,3.5,6.25,0.5,0.0,0.75,1.5,560.0,848.0
687,1764.0,0.375,1.125,1.125,1.375,6.0,7.375,0.125,0.125,0.375,2.0,904.0,840.0
688,1758.0,2.125,1.125,1.125,3.125,3.5,8.125,0.125,0.125,1.125,1.5,760.0,976.0
689,1800.0,0.375,1.125,1.125,7.375,2.0,9.375,0.125,0.125,0.375,2.0,936.0,840.0
690,1642.0,1.25,0.5,0.5,5.25,5.5,10.75,0.0,0.0,0.75,1.5,848.0,768.0
691,2100.0,0.875,2.125,2.125,2.875,6.0,10.875,0.125,0.125,0.875,2.0,952.0,1120.0
692,2238.0,1.625,2.125,0.125,1.625,9.5,12.625,0.125,0.125,0.625,1.5,1016.0,1192.0
693,1952.0,0.5,0.5,0.5,0.5,14.0,13.0,0.0,0.0,1.0,2.0,1008.0,912.0
694,2482.0,1.625,0.625,0.625,1.625,12.5,13.125,0.125,0.125,1.125,2.5,984.0,1464.0
695,2452.0,0.5,1.0,1.0,0.5,15.0,13.5,0.0,0.0,1.5,3.0,1136.0,1280.0
696,2430.0,1.625,3.125,1.125,1.625,11.5,13.625,0.125,0.125,1.625,3.5,1088.0,1304.0
697,3088.0,0.25,1.25,2.25,2.25,14.0,14.25,0.25,0.25,1.25,4.0,1960.0,1088.0
698,2994.0,0.875,1.375,1.375,4.875,12.5,14.875,0.375,0.375,0.875,4.5,1776.0,1176.0
699,2820.0,2.25,1.75,0.75,6.25,11.0,15.75,0.25,0.25,0.75,5.0,1496.0,1280.0
700,2238.0,8.875,1.875,0.875,2.875,8.5,17.375,0.375,0.375,0.375,4.5,1096.0,1096.0
701,2352.0,10.5,1.5,0.5,2.5,9.0,17.5,0.5,0.5,0.5,5.0,1080.0,1224.0
702,2154.0,9.125,2.125,1.125,3.125,9.5,17.625,0.625,0.625,0.625,5.5,1064.0,1040.0
703,2852.0,4.75,2.75,0.75,6.75,11.0,18.75,0.75,0.75,0.75,5.0,1672.0,1128.0
704,2598.0,5.125,3.625,0.625,3.125,14.5,20.125,0.625,0.625,1.125,4.5,1472.0,1072.0
705,2640.0,3.0,3.5,0.5,3.0,18.0,22.0,0.5,0.5,1.0,4.0,1288.0,1296.0
706,2522.0,3.875,1.875,0.875,5.875,16.5,22.375,0.375,0.375,1.375,4.5,1096.0,1368.0
707,3412.0,3.25,3.25,1.75,5.75,16.0,23.25,0.25,0.75,1.75,4.0,1432.0,1920.0
708,2958.0,4.125,1.625,1.125,5.625,18.5,23.625,0.125,0.625,2.125,4.5,1144.0,1752.0
709,3120.0,6.25,3.75,0.75,6.25,15.0,24.75,0.25,0.25,1.75,5.0,1176.0,1880.0
710,4098.0,3.125,1.625,1.125,4.625,22.5,26.125,0.625,0.125,1.625,4.5,1280.0,2752.0
711,4500.0,2.75,1.25,1.25,4.75,24.0,27.75,0.25,0.25,1.75,4.0,1712.0,2720.0
712,4270.0,4.375,1.375,1.375,5.375,22.5,28.375,0.375,0.375,1.375,4.5,1808.0,2392.0
713,4232.0,4.5,1.0,3.0,3.5,24.0,29.0,0.5,0.5,2.0,4.0,1792.0,2368.0
714,3754.0,5.875,1.375,1.875,6.375,21.5,29.875,0.375,0.875,2.375,3.5,1664.0,2016.0
715,3732.0,4.0,1.5,3.5,8.0,21.0,31.0,0.5,0.5,3.0,3.0,1704.0,1952.0
716,3846.0,4.875,0.875,3.375,6.375,23.5,31.875,0.875,0.375,2.375,3.5,1696.0,2072.0
717,4128.0,7.75,0.75,4.25,4.25,23.0,33.75,0.75,0.25,2.25,3.0,1784.0,2264.0
718,4306.0,5.875,0.375,3.875,6.375,24.5,35.375,0.875,0.375,1.875,2.5,2104.0,2120.0
719,3964.0,9.0,1.0,3.0,12.0,17.0,36.5,0.5,0.5,1.5,3.0,1808.0,2072.0
720,4774.0,11.75,0.5,3.5,5.75,21.5,36.75,0.5,0.5,1.75,3.5,2112.0,2576.0
721,4408.0,11.0,0.5,3.5,9.0,20.0,37.0,0.5,0.5,2.0,4.0,2184.0,2136.0
722,4354.0,11.375,0.875,3.375,8.875,20.5,37.375,0.875,0.375,1.875,4.5,1960.0,2304.0
723,4396.0,10.0,2.5,3.5,11.0,19.0,38.0,0.5,0.5,2.0,5.0,2032.0,2272.0
724,4486.0,10.875,1.875,3.875,8.875,21.5,39.375,0.375,0.375,1.375,5.5,2064.0,2328.0
725,4984.0,14.625,0.875,3.875,8.625,20.0,40.125,0.375,0.375,1.125,6.0,2096.0,2792.0
726,5778.0,8.25,1.0,9.0,7.25,23.5,41.75,0.5,0.5,0.75,5.5,2200.0,3480.0
727,5876.0,8.625,0.875,6.375,9.125,25.0,43.125,0.375,0.875,0.625,5.0,2496.0,3280.0
728,6318.0,6.75,1.5,3.5,12.75,26.5,44.75,0.5,0.5,0.75,4.5,3136.0,3080.0
729,6352.0,8.125,2.375,4.375,11.125,26.0,45.625,0.875,0.875,0.625,4.0,3336.0,2912.0
730,6858.0,12.0,2.25,3.25,10.0,25.5,47.5,0.75,0.75,0.5,3.5,3712.0,3040.0
731,6708.0,11.375,1.625,6.625,11.375,23.0,49.375,0.625,0.625,0.375,3.0,3688.0,2912.0
732,6510.0,8.5,1.25,9.25,11.5,24.5,50.5,1.25,0.25,0.5,2.5,3464.0,2936.0
733,7088.0,7.875,2.625,7.125,13.375,25.0,51.875,0.625,0.125,0.375,3.0,3920.0,3056.0
734,6754.0,9.625,1.625,8.125,12.125,25.5,52.625,0.625,0.125,0.125,3.5,3584.0,3056.0
735,7300.0,24.375,1.125,2.625,10.875,19.0,53.875,0.625,0.125,0.375,3.0,3632.0,3552.0
736,7750.0,25.5,1.25,1.25,12.5,18.5,55.5,0.25,0.25,0.5,2.5,4184.0,3448.0
737,6824.0,21.75,1.25,1.25,11.75,24.0,56.75,0.25,0.25,0.75,2.0,3416.0,3288.0
738,7146.0,7.5,1.25,5.25,11.5,35.5,58.5,0.25,0.25,0.5,1.5,3400.0,3624.0
739,6932.0,12.25,1.25,5.25,8.25,35.0,60.25,0.25,0.25,0.25,1.0,3008.0,3800.0
740,5822.0,8.125,1.125,1.125,8.125,44.5,62.125,0.125,0.125,0.125,0.5,2560.0,3136.0
741,5824.0,9.5,0.5,2.5,11.5,40.0,64.0,0.0,0.0,0.0,0.0,2496.0,3200.0
742,808.0,0.0,0.0,0.0,4.0,0.0,4.0,0.0,0.0,0.0,0.0,608.0,192.0
743,722.0,1.125,0.125,0.125,1.125,2.5,4.125,0.125,0.125,0.125,0.5,360.0,352.0
744,940.0,0.0,0.0,0.5,0.5,5.0,4.5,0.5,0.0,0.0,1.0,320.0,608.0
745,918.0,1.25,0.0,0.5,1.75,3.5,4.75,0.5,0.0,0.25,1.5,432.0,472.0
746,1384.0,0.375,0.125,1.125,0.375,6.0,5.375,0.125,0.125,0.375,2.0,456.0,912.0
747,1426.0,1.25,0.5,2.0,1.75,3.5,6.25,0.5,0.0,0.75,1.5,560.0,848.0
748,1764.0,0.375,1.125,1.125,1.375,6.0,7.375,0.125,0.125,0.375,2.0,904.0,840.0
749,1758.0,2.125,1.125,1.125,3.125,3.5,8.125,0.125,0.125,1.125,1.5,760.0,976.0
750,1800.0,0.375,1.125,1.125,7.375,2.0,9.375,0.125,0.125,0.375,2.0,936.0,840.0
751,1642.0,1.25,0.5,0.5,5.25,5.5,10.75,0.0,0.0,0.75,1.5,848.0,768.0
752,2100.0,0.875,2.125,2.125,2.875,6.0,10.875,0.125,0.125,0.875,2.0,952.0,1120.0
753,2294.0,0.75,2.5,0.0,3.25,8.5,11.25,0.0,0.5,0.75,2.5,1072.0,1192.0
754,2328.0,0.375,1.125,0.625,2.875,11.0,11.375,0.125,0.625,0.875,3.0,1096.0,1200.0
755,1850.0,1.0,0.75,1.25,2.5,11.5,11.5,0.25,0.75,1.0,3.5,904.0,912.0
756,2388.0,2.125,1.375,1.875,3.625,9.0,13.125,0.375,0.875,0.625,3.0,1064.0,1288.0
757,2286.0,2.875,0.375,0.875,2.375,12.5,14.875,0.375,0.875,0.375,2.5,1096.0,1152.0
758,2744.0,3.25,0.75,0.75,2.25,13.0,15.25,0.75,0.75,0.25,3.0,1464.0,1240.0
759,2570.0,2.875,0.375,1.375,2.875,13.5,15.375,0.875,0.875,0.375,3.5,1208.0,1320.0
760,2244.0,3.0,0.5,2.0,2.5,14.0,16.0,0.5,1.0,0.5,4.0,1016.0,1184.0
761,2446.0,1.125,0.625,2.125,0.625,18.5,16.125,0.625,1.125,0.625,4.5,1296.0,1104.0
762,2672.0,2.0,1.0,3.0,2.0,16.0,17.0,1.0,1.0,1.0,4.0,1256.0,1368.0
763,3354.0,5.875,0.875,2.875,1.875,13.5,18.875,0.875,0.875,0.875,3.5,1208.0,2096.0
764,3196.0,6.0,1.5,3.0,2.5,13.0,19.5,1.0,1.5,1.0,3.0,1120.0,2024.0
765,2950.0,4.875,1.375,4.375,2.875,13.5,20.375,0.875,0.875,1.375,3.5,1160.0,1736.0
766,2872.0,4.25,0.75,5.25,3.75,14.0,20.75,1.25,0.75,1.25,4.0,1144.0,1672.0
767,3058.0,4.875,1.375,7.375,2.875,12.5,21.875,1.375,0.375,0.875,4.5,1096.0,1904.0
768,3452.0,1.5,0.5,7.0,4.0,17.0,23.0,1.0,0.5,0.5,5.0,1592.0,1800.0
769,3534.0,2.875,1.375,6.875,7.375,12.5,24.375,0.875,0.375,0.875,4.5,1856.0,1616.0
770,4096.0,1.75,1.25,7.25,9.75,12.0,25.75,1.25,0.25,0.75,4.0,1792.0,2240.0
771,3978.0,3.375,1.875,6.375,3.875,17.5,27.375,0.875,0.375,0.875,3.5,1848.0,2064.0
772,4284.0,1.75,1.25,5.75,2.25,23.0,29.25,0.75,0.25,0.75,3.0,2360.0,1856.0
773,4086.0,2.125,1.125,8.125,4.125,19.5,29.625,0.625,0.625,0.625,3.5,2200.0,1816.0
774,3776.0,2.25,1.75,11.25,2.75,18.0,30.25,0.75,0.25,0.75,4.0,1768.0,1936.0
775,3818.0,1.875,1.375,15.375,2.875,15.5,30.875,1.375,0.375,0.875,3.5,1896.0,1848.0
776,4148.0,2.75,1.75,8.75,1.75,23.0,31.75,1.75,0.75,0.75,3.0,2168.0,1904.0
777,4310.0,3.125,1.625,6.125,4.625,23.5,32.625,1.125,0.625,1.125,3.5,2200.0,2032.0
778,4720.0,3.25,1.25,8.75,6.75,20.0,33.75,0.75,0.25,1.25,4.0,2168.0,2472.0
779,4586.0,4.875,1.375,6.875,4.375,23.5,35.375,0.875,0.375,0.875,3.5,2208.0,2296.0
780,4532.0,3.75,1.25,12.25,6.75,18.0,35.75,1.25,0.25,0.75,4.0,2576.0,1872.0
781,3806.0,5.0,1.25,12.25,8.0,16.5,36.0,1.25,0.25,1.0,4.5,1696.0,2024.0
782,3680.0,3.75,1.25,12.25,11.75,15.0,36.75,1.25,0.25,0.75,5.0,1736.0,1856.0
783,3682.0,3.875,1.875,6.375,10.375,22.5,37.875,1.875,0.375,0.375,4.5,2032.0,1560.0
784,4124.0,3.75,3.75,4.75,6.75,27.0,39.25,1.25,0.25,0.25,5.0,1736.0,2296.0
785,4158.0,3.375,1.375,11.875,7.875,22.5,39.875,1.875,0.375,0.375,4.5,1936.0,2128.0
786,4568.0,4.625,1.375,11.875,7.125,23.0,40.125,1.875,0.375,0.625,5.0,2336.0,2136.0
787,4194.0,4.0,1.25,11.25,9.0,23.5,41.0,1.25,0.25,1.0,5.5,1984.0,2112.0
788,4236.0,4.625,1.375,5.875,8.125,30.0,42.125,0.875,0.375,0.625,6.0,1952.0,2184.0
789,4414.0,4.5,1.75,4.25,7.0,33.5,43.5,0.75,0.25,1.0,5.5,1944.0,2368.0
790,5528.0,9.125,6.375,5.375,6.125,25.0,45.125,0.375,0.375,1.125,5.0,2368.0,3056.0
791,5554.0,8.25,4.0,4.0,6.25,30.5,46.75,0.5,0.5,0.75,4.5,2176.0,3272.0
792,5420.0,8.125,5.875,3.875,8.125,28.0,48.625,0.375,0.375,0.625,4.0,2288.0,3024.0
793,5334.0,9.0,5.75,3.75,11.0,25.5,50.5,0.25,0.25,0.5,3.5,2344.0,2880.0
794,5208.0,13.75,3.25,3.25,6.75,29.0,51.75,0.25,0.25,0.75,3.0,2048.0,3048.0
795,5490.0,3.625,2.125,2.125,4.625,44.5,53.625,0.125,0.125,0.625,2.5,2104.0,3272.0
796,6124.0,2.0,1.5,5.0,7.5,42.0,55.0,0.5,0.0,0.5,2.0,2408.0,3600.0
797,5782.0,1.75,1.5,5.0,9.25,41.5,55.75,0.5,0.0,1.25,1.5,2296.0,3368.0
798,6256.0,2.875,1.625,3.625,4.875,47.0,57.375,0.125,0.125,1.375,1.0,2280.0,3856.0
799,6074.0,3.625,1.625,3.625,5.625,46.5,59.125,0.125,0.125,1.125,0.5,2360.0,3592.0
800,6300.0,4.875,1.625,3.625,10.875,41.0,60.375,0.125,0.125,0.375,1.0,2528.0,3648.0
801,6486.0,5.125,1.125,5.125,9.125,42.5,62.125,0.125,0.125,0.125,0.5,2512.0,3848.0
802,6486.0,5.125,1.125,5.125,9.125,42.5,62.125,0.125,0.125,0.125,0.5,2512.0,3848.0
803,6560.0,12.5,0.5,6.5,6.5,38.0,64.0,0.0,0.0,0.0,0.0,2976.0,3456.0
804,808.0,0.0,0.0,0.0,4.0,0.0,4.0,0.0,0.0,0.0,0.0,608.0,192.0
805,722.0,1.125,0.125,0.125,1.125,2.5,4.125,0.125,0.125,0.125,0.5,360.0,352.0
806,940.0,0.0,0.0,0.5,0.5,5.0,4.5,0.5,0.0,0.0,1.0,320.0,608.0
807,918.0,1.25,0.0,0.5,1.75,3.5,4.75,0.5,0.0,0.25,1.5,432.0,472.0
808,1384.0,0.375,0.125,1.125,0.375,6.0,5.375,0.125,0.125,0.375,2.0,456.0,912.0
809,1426.0,1.25,0.5,2.0,1.75,3.5,6.25,0.5,0.0,0.75,1.5,560.0,848.0
810,1764.0,0.375,1.125,1.125,1.375,6.0,7.375,0.125,0.125,0.375,2.0,904.0,840.0
811,1526.0,4.25,0.5,0.5,2.25,3.5,8.75,0.0,0.0,0.75,1.5,800.0,704.0
812,1768.0,4.375,0.625,0.625,2.375,4.0,8.875,0.125,0.125,0.875,2.0,776.0,968.0
813,1738.0,5.0,0.25,0.25,5.0,2.5,9.0,0.25,0.25,1.0,2.5,944.0,768.0
814,1916.0,4.625,0.375,1.375,3.625,4.0,10.625,0.375,0.375,0.625,2.0,976.0,912.0
815,1774.0,5.0,0.75,3.75,2.0,3.5,11.0,0.75,0.75,1.0,1.5,776.0,968.0
816,1896.0,2.375,1.125,1.125,2.375,9.0,12.875,0.625,0.625,0.875,1.0,952.0,912.0
817,2282.0,5.5,0.25,3.25,2.5,5.5,13.5,0.25,1.25,0.5,1.5,976.0,1272.0
818,2804.0,2.75,0.75,5.75,5.75,3.0,14.25,0.25,1.25,1.25,1.0,1616.0,1152.0
819,2478.0,1.5,0.25,9.25,6.5,1.5,15.5,0.25,1.25,0.5,1.5,1280.0,1160.0
820,3048.0,4.375,1.125,5.625,4.875,4.0,15.875,0.625,1.125,0.375,2.0,1632.0,1376.0
821,2442.0,3.0,1.75,5.75,4.0,6.5,16.5,0.25,1.25,0.5,2.5,1064.0,1336.0
822,3284.0,0.875,1.625,10.125,2.375,7.0,17.375,0.125,0.625,0.875,3.0,1152.0,2088.0
823,3294.0,2.5,1.25,8.75,3.0,7.5,17.5,0.25,0.75,1.0,3.5,1192.0,2056.0
824,3576.0,1.625,2.375,4.875,5.125,10.0,17.625,0.375,0.875,1.125,4.0,1920.0,1608.0
825,3186.0,2.0,1.75,4.75,6.0,10.5,18.0,0.75,0.75,1.0,4.5,1608.0,1528.0
826,3628.0,2.125,2.875,4.875,5.125,11.0,18.125,0.875,0.875,1.125,5.0,1912.0,1664.0
827,3662.0,3.5,3.25,5.25,3.5,11.5,19.0,0.75,0.75,1.0,5.5,1696.0,1912.0
828,3112.0,5.875,1.125,3.625,3.375,14.0,19.375,0.625,1.125,0.875,6.0,1400.0,1656.0
829,2842.0,5.25,1.0,3.0,5.25,14.5,19.75,0.5,1.5,0.75,6.5,1160.0,1624.0
830,2788.0,3.875,0.625,4.125,6.375,15.0,20.375,0.125,1.625,0.875,7.0,1144.0,1584.0
831,3110.0,3.0,0.75,4.25,10.5,12.5,21.5,0.25,1.75,1.0,6.5,1488.0,1560.0
832,3208.0,2.125,1.875,2.875,13.125,12.0,22.625,0.375,2.375,0.625,6.0,1400.0,1744.0
833,3034.0,2.5,1.25,3.25,10.5,15.5,24.0,0.75,1.75,1.0,5.5,1176.0,1792.0
834,3348.0,3.375,3.125,2.125,5.375,20.0,24.875,0.625,1.625,0.875,6.0,1464.0,1816.0
835,3806.0,6.0,2.25,5.75,8.5,12.5,25.5,0.75,1.25,1.0,6.5,2016.0,1720.0
836,3368.0,3.875,2.625,6.625,8.875,14.0,26.875,0.625,1.625,0.875,6.0,1552.0,1744.0
837,3250.0,11.5,3.25,5.25,8.5,8.5,28.5,0.25,1.25,0.5,6.5,1576.0,1600.0
838,4052.0,4.875,2.625,3.625,13.875,13.0,29.375,0.125,1.125,0.375,7.0,2320.0,1656.0
839,4182.0,3.5,0.75,7.25,12.0,15.5,30.0,0.25,0.75,0.5,7.5,2568.0,1536.0
840,5024.0,3.25,0.75,7.25,13.75,15.0,31.75,0.25,0.75,0.25,7.0,2792.0,2152.0
841,5234.0,2.125,1.625,8.125,14.625,14.5,33.625,0.125,0.625,0.125,6.5,2872.0,2280.0
842,4916.0,5.375,2.625,6.125,10.875,17.0,33.875,0.125,0.625,0.375,7.0,2320.0,2512.0
843,4982.0,6.0,1.25,5.75,5.5,24.5,35.0,0.25,0.75,0.5,6.5,2760.0,2136.0
844,5136.0,5.375,1.125,6.125,5.375,26.0,36.375,0.125,1.125,0.375,6.0,3168.0,1880.0
845,5194.0,6.0,1.75,5.75,6.0,25.5,37.5,0.25,1.25,0.5,5.5,2872.0,2232.0
846,4796.0,7.125,1.375,7.875,4.625,25.0,39.125,0.375,0.875,0.625,5.0,2288.0,2416.0
847,4782.0,3.0,2.25,5.75,7.5,28.5,41.0,0.25,0.75,0.5,4.5,2160.0,2528.0
848,4360.0,4.875,1.625,8.125,13.375,20.0,42.375,0.125,0.625,0.875,4.0,2016.0,2248.0
849,5426.0,4.0,2.25,4.75,12.5,25.5,44.0,0.25,0.75,0.5,3.5,2864.0,2464.0
850,5180.0,3.625,1.375,4.375,13.625,27.0,45.625,0.375,0.375,0.625,3.0,2952.0,2128.0
851,4662.0,2.5,2.25,6.25,8.5,31.5,46.5,0.25,0.25,0.5,3.5,2296.0,2264.0
852,4584.0,6.25,2.25,8.25,10.25,25.0,47.25,0.25,0.25,1.25,3.0,2144.0,2336.0
853,4802.0,4.625,2.625,6.625,6.625,32.5,49.125,0.125,0.125,1.125,2.5,2216.0,2480.0
854,5564.0,10.5,3.5,7.5,4.5,28.0,51.0,0.0,0.0,1.0,2.0,2672.0,2784.0
855,5438.0,4.25,3.0,7.0,12.25,28.5,52.25,0.0,0.0,0.25,2.5,2216.0,3112.0
856,6008.0,10.5,3.0,7.0,6.5,29.0,52.5,0.0,0.0,0.5,3.0,2888.0,3008.0
857,5490.0,7.125,1.625,16.625,9.125,22.5,53.625,0.125,0.125,0.625,2.5,2440.0,2936.0
858,5180.0,6.0,1.0,23.0,6.0,22.0,55.0,0.0,0.0,1.0,2.0,2392.0,2672.0
859,5342.0,6.625,2.125,20.125,2.625,27.5,56.625,0.125,0.125,0.625,1.5,2608.0,2616.0
860,6288.0,14.375,1.125,6.125,4.375,34.0,57.375,0.125,0.125,0.375,2.0,2984.0,3184.0
861,6762.0,17.625,0.625,7.625,7.625,27.5,59.125,0.125,0.125,0.125,1.5,2840.0,3800.0
862,7228.0,22.875,0.625,7.625,3.875,27.0,60.375,0.125,0.125,0.375,1.0,3424.0,3680.0
863,8510.0,25.25,0.0,10.0,1.25,26.5,62.25,0.0,0.0,0.25,0.5,4024.0,4360.0
864,8064.0,46.0,0.0,4.0,2.0,12.0,64.0,0.0,0.0,0.0,0.0,4096.0,3840.0
865,808.0,0.0,0.0,0.0,4.0,0.0,4.0,0.0,0.0,0.0,0.0,608.0,192.0
866,722.0,1.125,0.125,0.125,1.125,2.5,4.125,0.125,0.125,0.125,0.5,360.0,352.0
867,1196.0,0.375,0.125,0.125,4.375,1.0,4.375,0.125,0.125,0.375,1.0,936.0,248.0
868,1094.0,1.75,0.0,0.0,1.75,3.5,4.75,0.0,0.0,0.75,1.5,608.0,472.0
869,1320.0,0.375,0.125,1.125,0.375,6.0,5.375,0.125,0.125,0.375,2.0,464.0,840.0
870,1714.0,0.5,0.25,0.25,1.5,6.5,5.5,0.25,0.25,0.5,2.5,600.0,1096.0
871,1684.0,1.375,1.625,0.625,1.375,5.0,5.875,0.125,0.125,0.875,3.0,672.0,992.0
872,1798.0,1.75,1.0,1.0,1.75,5.5,6.75,0.0,0.0,0.75,3.5,776.0,1000.0
873,1624.0,2.5,1.0,1.0,1.5,6.0,7.5,0.0,0.0,0.5,4.0,672.0,928.0
874,1586.0,1.125,0.625,0.625,1.125,9.5,8.625,0.125,0.125,0.625,3.5,680.0,880.0
875,1364.0,1.75,0.25,0.25,1.75,10.0,8.75,0.25,0.25,0.75,4.0,632.0,704.0
876,1942.0,2.375,0.375,0.375,5.375,6.5,9.375,0.375,0.375,0.375,4.5,720.0,1192.0
877,1992.0,3.75,0.25,0.75,3.25,8.0,10.25,0.75,0.25,0.75,4.0,856.0,1104.0
878,2826.0,2.375,0.375,0.375,5.375,8.5,11.375,0.375,0.375,0.375,4.5,2016.0,776.0
879,2852.0,2.75,0.25,2.25,4.75,8.0,12.75,0.25,0.25,0.75,4.0,1680.0,1136.0
880,2718.0,5.125,1.125,1.125,3.125,8.5,13.125,0.125,0.125,1.125,4.5,1408.0,1272.0
881,3200.0,1.25,1.75,0.75,2.25,14.0,14.75,0.25,0.25,0.75,4.0,1432.0,1728.0
882,2738.0,0.375,1.875,0.875,3.375,14.5,14.875,0.375,0.375,0.875,4.5,1176.0,1520.0
883,3348.0,4.25,2.25,1.25,1.25,13.0,15.25,0.25,0.25,1.25,5.0,1176.0,2128.0
884,2926.0,2.375,0.875,1.875,2.375,15.5,15.875,0.375,0.375,0.875,5.5,1160.0,1720.0
885,2496.0,2.5,0.5,3.5,1.5,16.0,16.5,0.5,0.5,0.5,6.0,1000.0,1448.0
886,2778.0,2.875,0.875,3.875,1.875,15.5,18.375,0.375,0.375,0.375,5.5,1256.0,1472.0
887,2420.0,4.75,0.75,6.25,1.25,13.0,19.75,0.75,0.25,0.25,5.0,1056.0,1312.0
888,2526.0,2.375,1.375,3.375,1.375,18.5,21.375,0.375,0.375,0.375,4.5,1304.0,1168.0
889,2664.0,4.75,0.75,2.75,3.75,16.0,23.25,0.25,0.25,0.25,4.0,1696.0,912.0
890,2594.0,2.5,1.25,3.25,2.5,19.5,24.5,0.25,0.25,0.5,3.5,1296.0,1240.0
891,2396.0,8.875,0.625,5.125,2.375,13.0,25.375,0.125,0.625,0.875,3.0,1120.0,1216.0
892,4614.0,4.75,1.5,5.0,6.25,13.5,26.25,0.0,0.5,0.75,3.5,2112.0,2440.0
893,4064.0,3.875,0.625,7.125,3.375,17.0,27.375,0.125,0.625,0.875,3.0,1728.0,2272.0
894,4090.0,6.625,0.625,5.125,4.125,16.5,29.125,0.125,0.625,0.625,2.5,1488.0,2536.0
895,4604.0,4.0,1.0,5.0,6.0,18.0,30.5,0.5,0.5,0.5,2.0,1808.0,2728.0
896,4646.0,4.125,1.125,7.125,4.125,18.5,30.625,0.625,0.625,0.625,2.5,1880.0,2696.0
897,4800.0,4.75,1.75,4.25,2.25,23.0,31.75,0.75,0.25,0.25,3.0,1864.0,2864.0
898,4490.0,7.625,2.125,2.625,3.125,21.5,32.125,0.625,0.125,0.625,3.5,1680.0,2736.0
899,3556.0,4.25,1.75,4.75,6.25,21.0,33.75,0.25,0.25,0.75,3.0,1408.0,2072.0
900,3726.0,7.625,2.125,4.125,8.625,16.5,35.625,0.125,0.125,0.625,2.5,1736.0,1912.0
901,3696.0,4.75,2.75,2.75,3.75,26.0,36.25,0.25,0.25,1.25,2.0,1760.0,1856.0
902,4458.0,5.125,4.625,1.125,6.625,23.5,37.625,0.125,0.625,1.125,1.5,2048.0,2328.0
903,3828.0,7.0,1.5,3.0,5.5,25.0,38.5,0.0,0.5,2.0,1.0,1944.0,1800.0
904,3662.0,7.625,1.625,11.625,3.625,18.5,40.125,0.125,0.125,2.125,0.5,1584.0,1992.0
905,4528.0,3.25,1.25,9.25,5.25,25.0,41.25,0.25,0.25,1.25,1.0,2232.0,2208.0
906,4618.0,2.875,2.875,10.875,4.875,23.5,41.375,0.375,0.375,1.375,1.5,2408.0,2120.0
907,4788.0,3.25,1.25,14.75,6.75,20.0,41.75,0.75,0.25,1.25,2.0,2616.0,2080.0
908,3142.0,7.625,1.125,11.625,6.125,20.5,43.125,0.625,0.125,0.625,2.5,1392.0,1656.0
909,3760.0,6.25,2.75,17.75,4.25,17.0,43.75,0.25,0.25,0.75,3.0,1952.0,1712.0
910,3858.0,7.5,2.75,17.75,5.5,15.5,44.0,0.25,0.25,1.0,3.5,2088.0,1672.0
911,4252.0,4.875,3.125,16.125,6.875,19.0,45.875,0.125,0.125,0.875,3.0,2424.0,1728.0
912,3718.0,5.0,3.75,19.75,6.0,16.5,47.5,0.25,0.25,0.5,2.5,1840.0,1776.0
913,3936.0,6.25,3.75,19.75,7.25,15.0,47.75,0.25,0.25,0.75,3.0,1784.0,2048.0
914,3810.0,5.5,5.25,17.25,7.5,17.5,48.5,0.25,0.25,0.5,3.5,1680.0,2024.0
915,4148.0,6.25,3.75,11.75,9.25,23.0,49.75,0.25,0.25,0.75,3.0,1736.0,2304.0
916,4542.0,5.125,2.625,20.625,9.125,17.5,50.625,0.125,0.125,0.625,3.5,1992.0,2440.0
917,4640.0,6.375,3.125,19.125,6.375,21.0,52.375,0.125,0.125,0.375,3.0,1824.0,2704.0
918,4762.0,4.125,3.125,19.125,13.125,17.5,53.125,0.125,0.125,0.125,3.5,1904.0,2744.0
919,4868.0,5.25,3.25,20.25,10.25,19.0,54.25,0.25,0.25,0.25,3.0,1728.0,3024.0
920,5374.0,8.125,2.125,7.125,5.125,36.5,56.125,0.125,0.125,0.125,2.5,1824.0,3432.0
921,6008.0,8.375,2.125,7.125,4.375,38.0,57.375,0.125,0.125,0.375,2.0,2416.0,3472.0
922,6130.0,7.75,2.0,8.0,3.75,39.5,58.75,0.0,0.0,0.75,1.5,2240.0,3768.0
923,8460.0,17.875,2.625,11.625,4.875,25.0,60.375,0.125,0.125,0.375,1.0,3136.0,5200.0
924,8918.0,15.625,2.625,11.625,6.625,26.5,62.125,0.125,0.125,0.125,0.5,3968.0,4824.0
925,8832.0,18.5,2.5,10.5,6.5,26.0,64.0,0.0,0.0,0.0,0.0,3680.0,5024.0
926,808.0,0.0,0.0,0.0,4.0,0.0,4.0,0.0,0.0,0.0,0.0,608.0,192.0
927,722.0,1.125,0.125,0.125,1.125,2.5,4.125,0.125,0.125,0.125,0.5,360.0,352.0
928,940.0,0.0,0.0,0.5,0.5,5.0,4.5,0.5,0.0,0.0,1.0,320.0,608.0
929,918.0,1.25,0.0,0.5,1.75,3.5,4.75,0.5,0.0,0.25,1.5,432.0,472.0
930,1384.0,0.375,0.125,1.125,0.375,6.0,5.375,0.125,0.125,0.375,2.0,456.0,912.0
931,1426.0,1.25,0.5,2.0,1.75,3.5,6.25,0.5,0.0,0.75,1.5,560.0,848.0
932,1764.0,0.375,1.125,1.125,1.375,6.0,7.375,0.125,0.125,0.375,2.0,904.0,840.0
933,1510.0,4.25,0.5,2.0,0.75,3.5,8.75,0.0,0.5,0.25,1.5,648.0,840.0
934,2088.0,2.375,0.625,0.125,0.875,8.0,8.875,0.125,0.625,0.375,2.0,864.0,1200.0
935,2394.0,1.0,2.25,0.75,2.5,6.5,9.0,0.25,0.75,0.5,2.5,1192.0,1176.0
936,2092.0,1.75,2.25,0.75,4.25,5.0,9.75,0.25,0.75,0.25,3.0,896.0,1168.0
937,2206.0,0.625,0.625,0.125,6.125,7.5,10.125,0.125,0.625,0.625,3.5,1128.0,1048.0
938,2024.0,2.5,0.5,1.0,5.0,7.0,10.5,0.5,1.0,1.0,3.0,1136.0,856.0
939,1714.0,2.125,0.125,0.625,4.625,9.5,10.625,0.625,1.125,1.125,3.5,880.0,800.0
940,1268.0,5.75,0.25,0.25,4.75,7.0,12.25,0.75,0.75,1.25,3.0,624.0,608.0
941,2142.0,2.125,0.625,0.625,7.125,8.5,14.125,0.625,0.625,1.125,2.5,1296.0,808.0
942,2216.0,3.75,0.25,0.25,4.75,11.0,14.75,0.25,0.25,1.75,3.0,1192.0,984.0
943,2106.0,1.625,0.625,0.625,6.625,11.5,15.125,0.125,0.125,2.125,3.5,936.0,1128.0
944,1908.0,3.375,0.125,0.125,3.375,15.0,16.375,0.125,0.125,2.375,3.0,712.0,1152.0
945,1902.0,2.5,0.75,0.75,1.5,17.5,17.0,0.25,0.25,2.0,3.5,840.0,1016.0
946,2424.0,3.875,0.625,0.125,3.375,16.0,17.875,0.625,0.125,1.375,4.0,888.0,1488.0
947,2242.0,2.5,1.75,0.75,1.5,18.5,19.0,0.25,0.25,1.0,4.5,776.0,1416.0
948,2796.0,4.375,1.625,0.625,4.375,15.0,19.875,0.125,0.125,0.875,5.0,1416.0,1328.0
949,2534.0,5.5,0.75,0.75,4.5,15.5,20.0,0.25,0.25,1.0,5.5,1368.0,1112.0
950,3464.0,8.375,1.625,4.125,3.875,10.0,20.375,0.625,0.125,0.875,6.0,1816.0,1592.0
951,3066.0,8.0,0.75,3.25,2.5,14.5,21.0,0.75,0.25,0.5,6.5,1360.0,1648.0
952,2812.0,9.625,0.375,5.375,1.625,13.0,21.625,0.375,0.375,0.625,7.0,1368.0,1384.0
953,2838.0,2.375,0.375,7.375,4.375,16.5,23.375,0.375,0.375,0.375,6.5,1584.0,1192.0
954,3352.0,10.25,1.25,4.25,3.25,13.0,24.25,0.25,0.25,0.25,7.0,1616.0,1672.0
955,4378.0,6.875,0.875,2.875,7.875,14.5,25.375,0.375,0.375,0.375,6.5,2904.0,1408.0
956,3548.0,13.75,1.25,3.75,5.25,10.0,26.75,0.25,0.75,0.25,6.0,2152.0,1328.0
957,4342.0,8.375,3.875,2.375,4.875,15.5,27.875,0.375,0.875,0.375,5.5,2248.0,2024.0
958,4312.0,11.25,3.75,3.75,4.25,13.0,28.75,0.25,1.25,0.75,5.0,2512.0,1728.0
959,4306.0,10.875,3.375,2.375,4.875,15.5,28.875,0.375,1.375,0.875,5.5,2384.0,1848.0
960,3644.0,13.75,1.75,2.25,7.25,13.0,30.25,0.25,1.75,0.75,5.0,2184.0,1384.0
961,5006.0,4.625,1.125,1.125,7.625,24.5,31.625,0.125,2.125,0.625,4.5,3440.0,1488.0
962,4520.0,6.75,1.25,0.75,6.25,25.0,32.75,0.25,1.75,0.25,5.0,2888.0,1552.0
963,4722.0,5.625,1.125,2.125,6.625,25.5,33.125,0.625,1.625,0.125,5.5,3000.0,1640.0
964,5044.0,7.5,1.5,5.0,7.0,21.0,34.5,0.5,2.0,0.0,5.0,3264.0,1696.0
965,5110.0,7.125,0.125,2.125,8.125,25.5,35.125,0.125,2.125,0.125,5.5,3480.0,1544.0
966,3976.0,10.375,0.125,2.125,7.375,24.0,35.375,0.125,2.125,0.375,6.0,2320.0,1568.0
967,3946.0,7.0,0.25,2.75,9.5,25.5,37.0,0.25,1.75,0.5,5.5,2208.0,1648.0
968,4308.0,10.625,0.375,2.375,9.625,23.0,38.625,0.375,1.375,0.625,5.0,2584.0,1632.0
969,4550.0,6.375,0.375,2.375,14.375,23.5,39.375,0.375,1.375,0.375,5.5,2672.0,1784.0
970,4176.0,14.625,0.375,2.375,8.625,22.0,39.625,0.375,1.375,0.625,6.0,2768.0,1312.0
971,5130.0,8.25,0.5,6.0,6.75,27.5,41.25,0.5,1.0,0.75,5.5,2720.0,2312.0
972,5372.0,10.5,1.5,8.0,5.0,25.0,42.5,0.5,1.0,1.0,5.0,2552.0,2720.0
973,4806.0,5.25,1.5,8.0,5.75,30.5,43.25,0.5,1.0,1.75,4.5,2240.0,2464.0
974,5296.0,11.375,1.125,7.125,4.375,28.0,44.875,0.625,0.625,1.875,4.0,2408.0,2784.0
975,5130.0,11.25,2.5,10.0,5.75,23.5,45.75,1.0,0.5,2.25,3.5,2408.0,2616.0
976,4748.0,13.625,1.875,7.375,4.125,27.0,47.625,0.875,0.375,2.125,3.0,2152.0,2488.0
977,5534.0,11.0,2.25,8.75,8.5,24.5,49.5,0.75,0.25,2.0,2.5,3016.0,2408.0
978,5512.0,11.875,2.125,7.625,6.375,28.0,51.375,0.625,0.125,1.875,2.0,2800.0,2600.0
979,6466.0,13.5,1.25,4.25,14.5,23.5,52.5,0.25,0.25,2.5,1.5,3760.0,2592.0
980,6548.0,8.875,1.125,4.125,13.875,30.0,53.875,0.125,0.125,1.875,2.0,3688.0,2744.0
981,7014.0,8.125,1.125,4.125,13.125,32.5,55.125,0.125,0.125,1.125,2.5,4400.0,2496.0
982,6944.0,8.25,1.75,5.75,14.25,30.0,56.75,0.25,0.25,0.75,2.0,4352.0,2472.0
983,6946.0,9.0,0.75,2.75,13.0,35.5,58.5,0.25,0.25,0.5,1.5,4272.0,2552.0
984,6946.0,9.0,0.75,2.75,13.0,35.5,58.5,0.25,0.25,0.5,1.5,4272.0,2552.0
985,6636.0,18.375,1.125,6.125,7.375,29.0,60.375,0.125,0.125,0.375,1.0,3856.0,2656.0
986,7022.0,17.125,0.125,7.125,10.125,28.5,62.125,0.125,0.125,0.125,0.5,3744.0,3152.0
987,5440.0,20.0,1.0,9.0,8.0,26.0,64.0,0.0,0.0,0.0,0.0,3104.0,2208.0
988,808.0,0.0,0.0,0.0,4.0,0.0,4.0,0.0,0.0,0.0,0.0,608.0,192.0
989,722.0,1.125,0.125,0.125,1.125,2.5,4.125,0.125,0.125,0.125,0.5,360.0,352.0
990,940.0,0.0,0.0,0.5,0.5,5.0,4.5,0.5,0.0,0.0,1.0,320.0,608.0
991,918.0,1.25,0.0,0.5,1.75,3.5,4.75,0.5,0.0,0.25,1.5,432.0,472.0
992,1384.0,0.375,0.125,1.125,0.375,6.0,5.375,0.125,0.125,0.375,2.0,456.0,912.0
993,1426.0,1.25,0.5,2.0,1.75,3.5,6.25,0.5,0.0,0.75,1.5,560.0,848.0
994,1764.0,0.375,1.125,1.125,1.375,6.0,7.375,0.125,0.125,0.375,2.0,904.0,840.0
995,1758.0,2.125,1.125,1.125,3.125,3.5,8.125,0.125,0.125,1.125,1.5,760.0,976.0
996,1800.0,0.375,1.125,1.125,7.375,2.0,9.375,0.125,0.125,0.375,2.0,936.0,840.0
997,1642.0,1.25,0.5,0.5,5.25,5.5,10.75,0.0,0.0,0.75,1.5,848.0,768.0
998,2100.0,0.875,2.125,2.125,2.875,6.0,10.875,0.125,0.125,0.875,2.0,952.0,1120.0
999,2294.0,0.75,2.5,0.0,3.25,8.5,11.25,0.0,0.5,0.75,2.5,1072.0,1192.0
1000,2328.0,0.375,1.125,0.625,2.875,11.0,11.375,0.125,0.625,0.875,3.0,1096.0,1200.0
1001,2250.0,2.0,3.25,0.25,4.0,7.5,12.0,0.25,0.25,1.0,3.5,1072.0,1144.0
1002,2388.0,1.875,1.625,0.625,1.875,12.0,12.375,0.125,0.125,1.375,4.0,1152.0,1200.0
1003,2262.0,2.75,2.0,2.0,2.75,9.5,13.25,0.5,0.5,1.25,3.5,968.0,1256.0
1004,1800.0,2.375,0.625,2.625,4.375,10.0,13.375,0.625,0.625,1.375,4.0,776.0,984.0
1005,1874.0,6.0,0.75,3.75,3.0,7.5,15.0,0.75,0.75,1.0,3.5,664.0,1168.0
1006,1828.0,5.875,1.625,1.125,1.375,12.0,15.375,1.125,0.625,0.875,4.0,760.0,1024.0
1007,2262.0,6.5,1.25,3.75,1.0,10.5,15.5,1.25,0.75,1.0,4.5,800.0,1416.0
1008,3192.0,1.875,1.625,5.125,1.375,14.0,17.375,1.125,0.625,0.875,4.0,1136.0,2008.0
1009,2730.0,2.75,1.0,7.0,1.75,12.5,17.75,1.0,1.0,0.75,4.5,896.0,1784.0
1010,2820.0,2.375,0.625,3.125,4.875,15.0,18.375,0.625,1.125,0.875,5.0,1256.0,1512.0
1011,2910.0,2.5,1.25,1.75,4.0,17.5,19.0,0.75,1.25,0.5,5.5,1344.0,1512.0
1012,2728.0,3.75,0.75,1.25,3.25,19.0,20.75,0.75,1.25,0.25,5.0,1208.0,1464.0
1013,3082.0,2.625,0.625,1.125,3.125,21.5,21.625,0.625,1.125,0.125,5.5,1152.0,1872.0
1014,3252.0,5.0,1.0,1.5,2.5,20.0,22.5,0.5,1.0,0.0,6.0,1280.0,1912.0
1015,3038.0,8.625,0.625,1.125,3.125,17.5,23.625,0.625,1.125,0.125,5.5,1504.0,1472.0
1016,2888.0,6.75,0.25,2.75,2.25,20.0,24.75,0.25,0.75,0.25,6.0,1272.0,1552.0
1017,2762.0,8.625,0.625,1.125,3.125,19.5,26.125,0.125,0.625,0.625,5.5,1336.0,1360.0
1018,2908.0,7.25,1.25,1.75,2.75,21.0,27.25,0.25,0.75,0.75,5.0,1688.0,1152.0
1019,3286.0,7.875,1.375,0.875,4.375,20.5,28.875,0.375,0.875,0.375,4.5,2136.0,1080.0
1020,2688.0,9.25,0.25,2.25,2.25,22.0,30.25,0.25,1.25,0.25,4.0,1344.0,1272.0
1021,2986.0,13.5,0.25,2.25,2.5,18.5,30.5,0.25,1.25,0.5,4.5,1552.0,1360.0
1022,4548.0,14.375,1.125,2.125,6.375,14.0,32.375,0.125,1.125,0.375,4.0,2232.0,2240.0
1023,5278.0,13.0,0.75,2.75,8.0,14.5,32.5,0.25,1.25,0.5,4.5,3080.0,2120.0
1024,5344.0,13.25,0.75,2.75,8.25,15.0,32.75,0.25,1.25,0.75,5.0,2984.0,2280.0
1025,5058.0,11.875,0.875,4.375,9.375,14.5,33.375,0.375,1.875,0.875,4.5,2696.0,2280.0
1026,5348.0,16.0,1.5,2.5,10.0,12.0,35.0,0.5,1.5,1.0,4.0,3232.0,2032.0
1027,4830.0,15.875,0.875,4.875,7.875,13.5,36.375,0.375,1.375,1.375,3.5,2672.0,2072.0
1028,4888.0,19.25,0.25,4.25,7.25,13.0,37.25,0.25,2.25,1.25,3.0,2280.0,2520.0
1029,5898.0,20.125,1.625,3.625,10.125,9.5,37.625,0.125,2.125,1.625,3.5,3592.0,2216.0
1030,5132.0,17.875,1.625,3.625,12.875,10.0,38.375,0.125,2.125,1.375,4.0,2952.0,2088.0
1031,5334.0,12.75,2.5,4.5,13.75,13.5,40.25,0.0,2.0,1.25,3.5,3296.0,1944.0
1032,4184.0,15.875,3.125,4.125,9.875,15.0,41.875,0.125,2.125,0.875,3.0,2120.0,1968.0
1033,4514.0,11.0,3.25,5.25,10.0,19.5,43.0,0.25,1.25,1.0,3.5,2272.0,2144.0
1034,4764.0,15.625,1.375,5.375,7.625,20.0,43.625,0.375,1.375,0.625,4.0,2480.0,2184.0
1035,4406.0,14.0,1.25,7.75,9.5,18.5,45.0,0.25,0.75,0.5,4.5,2216.0,2088.0
1036,3736.0,16.25,1.25,6.75,3.75,24.0,46.25,0.25,0.75,0.75,4.0,1744.0,1888.0
1037,4914.0,16.0,1.25,6.75,10.5,18.5,47.0,0.25,0.75,0.5,4.5,2784.0,2024.0
1038,4540.0,16.375,1.625,6.125,8.875,21.0,47.875,0.125,0.625,0.375,5.0,2440.0,1992.0
1039,5230.0,6.5,1.75,3.25,9.0,34.5,49.0,0.25,0.75,0.5,4.5,3136.0,1984.0
1040,4384.0,12.75,1.75,3.25,4.25,34.0,50.25,0.25,0.75,0.75,4.0,2552.0,1720.0
1041,3858.0,9.625,1.625,3.125,5.125,37.5,52.125,0.125,0.625,0.625,3.5,2248.0,1496.0
1042,4364.0,12.5,2.0,4.5,4.0,35.0,53.5,0.0,0.5,1.0,3.0,2488.0,1760.0
1043,4486.0,11.25,4.0,2.5,4.75,36.5,55.25,0.0,0.5,0.75,2.5,2560.0,1808.0
1044,4152.0,20.5,3.5,2.0,4.0,30.0,57.0,0.0,0.5,0.5,2.0,2240.0,1792.0
1045,3746.0,17.625,2.125,1.625,4.125,35.5,58.625,0.125,0.625,0.125,1.5,1712.0,1912.0
1046,3292.0,30.0,1.5,2.0,1.5,27.0,60.5,0.0,0.5,0.0,1.0,1408.0,1760.0
1047,5286.0,14.625,1.625,4.625,3.625,38.5,62.125,0.125,0.125,0.125,0.5,2160.0,3000.0
1048,5408.0,15.5,3.5,3.5,3.5,38.0,64.0,0.0,0.0,0.0,0.0,2464.0,2816.0
1049,808.0,0.0,0.0,0.0,4.0,0.0,4.0,0.0,0.0,0.0,0.0,608.0,192.0
1050,722.0,1.125,0.125,0.125,1.125,2.5,4.125,0.125,0.125,0.125,0.5,360.0,352.0
1051,940.0,0.0,0.0,0.5,0.5,5.0,4.5,0.5,0.0,0.0,1.0,320.0,608.0
1052,918.0,1.25,0.0,0.5,1.75,3.5,4.75,0.5,0.0,0.25,1.5,432.0,472.0
1053,1384.0,0.375,0.125,1.125,0.375,6.0,5.375,0.125,0.125,0.375,2.0,456.0,912.0
1054,1426.0,1.25,0.5,2.0,1.75,3.5,6.25,0.5,0.0,0.75,1.5,560.0,848.0
1055,1764.0,0.375,1.125,1.125,1.375,6.0,7.375,0.125,0.125,0.375,2.0,904.0,840.0
1056,1758.0,2.125,1.125,1.125,3.125,3.5,8.125,0.125,0.125,1.125,1.5,760.0,976.0
1057,2024.0,2.25,0.25,0.25,1.25,8.0,8.25,0.25,0.25,1.25,2.0,768.0,1232.0
1058,1538.0,1.125,0.125,0.625,1.625,9.5,9.625,0.625,0.125,1.125,1.5,512.0,1000.0
1059,1516.0,1.375,0.125,0.625,3.875,8.0,10.875,0.625,0.125,0.375,2.0,624.0,864.0
1060,1734.0,3.5,0.25,0.75,2.0,8.5,11.0,0.75,0.25,0.5,2.5,592.0,1112.0
1061,2040.0,4.375,1.125,0.125,3.375,7.0,11.375,1.125,0.125,0.375,3.0,696.0,1312.0
1062,2554.0,2.5,3.25,0.75,1.0,9.5,12.0,0.75,0.25,0.5,3.5,816.0,1704.0
1063,2572.0,0.875,2.125,0.625,4.375,10.0,12.375,0.625,0.125,0.875,4.0,904.0,1632.0
1064,2702.0,2.625,2.125,0.625,4.125,9.5,14.125,0.625,0.125,0.625,3.5,1264.0,1400.0
1065,3272.0,3.25,1.75,0.75,5.25,9.0,15.75,0.25,0.25,0.75,3.0,1536.0,1696.0
1066,3146.0,2.125,1.125,1.625,3.625,12.5,16.625,0.625,0.125,1.125,2.5,1288.0,1816.0
1067,3084.0,3.25,1.75,3.75,3.25,10.0,17.75,1.25,0.25,0.75,2.0,1168.0,1872.0
1068,3326.0,2.125,1.625,2.625,5.125,11.5,19.625,1.125,0.125,0.625,1.5,1488.0,1792.0
1069,3216.0,3.25,0.75,3.75,4.25,12.0,19.75,1.25,0.25,0.75,2.0,1376.0,1792.0
1070,3314.0,2.375,1.875,2.875,5.375,12.5,19.875,1.375,0.375,0.875,2.5,1448.0,1816.0
1071,3196.0,3.0,3.0,5.0,4.0,11.0,20.5,1.5,0.5,0.5,3.0,1272.0,1872.0
1072,3350.0,2.875,2.375,4.875,3.375,13.5,20.875,1.375,0.875,0.375,3.5,1528.0,1768.0
1073,3096.0,2.75,3.75,4.75,4.75,12.0,21.25,1.25,1.25,0.25,4.0,1200.0,1840.0
1074,3850.0,2.375,1.375,4.375,8.375,12.5,21.375,1.375,1.375,0.375,4.5,2184.0,1608.0
1075,3276.0,2.25,1.25,2.75,6.75,17.0,22.75,0.75,1.25,0.25,5.0,1928.0,1288.0
1076,4078.0,2.875,2.375,3.375,3.875,18.5,23.375,0.875,1.875,0.375,4.5,1880.0,2136.0
1077,4104.0,3.5,1.0,3.5,2.0,22.0,25.0,0.5,2.0,0.5,4.0,1888.0,2152.0
1078,3386.0,3.875,0.375,4.875,2.375,21.5,25.875,0.375,2.875,0.375,3.5,1712.0,1608.0
1079,3828.0,3.5,0.5,3.5,1.5,25.0,26.5,0.5,3.5,0.5,3.0,2128.0,1632.0
1080,3910.0,4.875,0.375,4.875,1.375,23.5,26.875,0.375,3.875,0.375,3.5,2040.0,1800.0
1081,3840.0,5.75,0.75,4.25,2.25,23.0,27.75,0.75,4.25,0.25,3.0,1816.0,1952.0
1082,3578.0,7.625,1.125,3.625,3.125,21.5,28.625,1.125,3.625,0.125,3.5,1712.0,1792.0
1083,3420.0,4.75,0.75,3.25,4.25,25.0,29.75,0.75,4.25,0.25,3.0,1608.0,1736.0
1084,4054.0,10.625,1.125,4.125,7.625,15.5,31.125,0.625,3.625,0.125,3.5,1888.0,2088.0
1085,4416.0,5.75,1.75,4.75,4.75,23.0,32.25,0.25,4.25,0.25,3.0,1816.0,2520.0
1086,4362.0,8.875,0.375,6.875,6.375,18.5,32.875,0.375,4.875,0.375,2.5,2040.0,2240.0
1087,4292.0,8.0,0.5,8.0,6.5,19.0,34.0,0.5,4.0,0.5,3.0,2024.0,2184.0
1088,3158.0,13.25,0.5,8.0,3.75,17.5,34.25,0.5,4.0,0.75,3.5,1008.0,2064.0
1089,4896.0,8.125,0.875,12.875,4.125,18.0,35.625,0.375,3.375,0.625,4.0,1360.0,3448.0
1090,5226.0,13.0,1.25,9.25,3.0,18.5,36.5,0.75,2.75,0.5,4.5,2088.0,3048.0
1091,4692.0,11.875,1.125,16.125,2.875,14.0,38.375,0.625,2.625,0.375,4.0,1792.0,2808.0
1092,4262.0,15.625,1.125,16.125,1.625,12.5,39.125,0.625,2.625,0.125,4.5,1480.0,2688.0
1093,5088.0,10.875,1.125,16.125,6.875,13.0,39.375,0.625,2.625,0.375,5.0,2488.0,2504.0
1094,4586.0,13.0,0.75,15.75,6.0,13.5,40.5,0.25,2.25,0.5,5.5,2104.0,2384.0
1095,4028.0,7.75,0.75,11.75,5.75,24.0,41.25,0.25,2.25,0.25,6.0,1936.0,1992.0
1096,4206.0,7.125,2.125,7.125,7.125,27.5,42.625,0.625,1.625,0.625,5.5,2208.0,1896.0
1097,3512.0,6.75,1.25,4.75,6.25,33.0,44.25,0.75,1.25,0.75,5.0,1800.0,1608.0
1098,4530.0,11.375,1.875,7.375,4.875,27.5,45.875,0.375,0.875,0.375,5.5,2128.0,2296.0
1099,4452.0,8.25,1.75,5.75,7.25,31.0,47.25,0.75,0.75,0.25,5.0,2344.0,2000.0
1100,4454.0,16.5,1.75,7.75,6.5,22.5,48.5,0.75,0.75,0.5,4.5,1960.0,2384.0
1101,4816.0,15.75,1.75,7.75,8.75,22.0,49.75,0.75,0.75,0.75,4.0,2256.0,2448.0
1102,4522.0,15.875,1.875,7.375,6.375,25.5,51.375,0.375,0.875,0.875,3.5,1888.0,2520.0
1103,5388.0,23.625,1.875,13.375,6.125,13.0,53.125,0.375,0.875,0.625,3.0,2000.0,3272.0
1104,5718.0,27.0,3.25,10.75,7.5,10.5,55.0,0.25,0.75,0.5,2.5,2288.0,3312.0
1105,5376.0,24.625,5.375,7.375,10.625,12.0,56.625,0.375,0.375,0.625,2.0,2160.0,3096.0
1106,5376.0,24.625,5.375,7.375,10.625,12.0,56.625,0.375,0.375,0.625,2.0,2160.0,3096.0
1107,5066.0,23.0,3.75,15.75,9.0,9.5,58.5,0.25,0.25,0.5,1.5,2056.0,2888.0
1108,5900.0,24.375,5.125,7.125,12.375,13.0,60.375,0.125,0.125,0.375,1.0,2488.0,3288.0
1109,6494.0,27.25,3.0,5.0,5.25,22.5,62.25,0.0,0.0,0.25,0.5,2800.0,3568.0
1110,6720.0,28.5,3.5,5.5,6.5,20.0,64.0,0.0,0.0,0.0,0.0,2656.0,3936.0
1111,808.0,0.0,0.0,0.0,4.0,0.0,4.0,0.0,0.0,0.0,0.0,608.0,192.0
1112,722.0,1.125,0.125,0.125,1.125,2.5,4.125,0.125,0.125,0.125,0.5,360.0,352.0
1113,940.0,0.0,0.0,0.5,0.5,5.0,4.5,0.5,0.0,0.0,1.0,320.0,608.0
1114,918.0,1.25,0.0,0.5,1.75,3.5,4.75,0.5,0.0,0.25,1.5,432.0,472.0
1115,1384.0,0.375,0.125,1.125,0.375,6.0,5.375,0.125,0.125,0.375,2.0,456.0,912.0
1116,1426.0,1.25,0.5,2.0,1.75,3.5,6.25,0.5,0.0,0.75,1.5,560.0,848.0
1117,1764.0,0.375,1.125,1.125,1.375,6.0,7.375,0.125,0.125,0.375,2.0,904.0,840.0
1118,1758.0,2.125,1.125,1.125,3.125,3.5,8.125,0.125,0.125,1.125,1.5,760.0,976.0
1119,1800.0,0.375,1.125,1.125,7.375,2.0,9.375,0.125,0.125,0.375,2.0,936.0,840.0
1120,1642.0,1.25,0.5,0.5,5.25,5.5,10.75,0.0,0.0,0.75,1.5,848.0,768.0
1121,2100.0,0.875,2.125,2.125,2.875,6.0,10.875,0.125,0.125,0.875,2.0,952.0,1120.0
1122,2294.0,0.75,2.5,0.0,3.25,8.5,11.25,0.0,0.5,0.75,2.5,1072.0,1192.0
1123,2328.0,0.375,1.125,0.625,2.875,11.0,11.375,0.125,0.625,0.875,3.0,1096.0,1200.0
1124,1850.0,1.0,0.75,1.25,2.5,11.5,11.5,0.25,0.75,1.0,3.5,904.0,912.0
1125,2388.0,2.125,1.375,1.875,3.625,9.0,13.125,0.375,0.875,0.625,3.0,1064.0,1288.0
1126,2286.0,2.875,0.375,0.875,2.375,12.5,14.875,0.375,0.875,0.375,2.5,1096.0,1152.0
1127,2744.0,3.25,0.75,0.75,2.25,13.0,15.25,0.75,0.75,0.25,3.0,1464.0,1240.0
1128,2570.0,2.875,0.375,1.375,2.875,13.5,15.375,0.875,0.875,0.375,3.5,1208.0,1320.0
1129,2244.0,3.0,0.5,2.0,2.5,14.0,16.0,0.5,1.0,0.5,4.0,1016.0,1184.0
1130,2446.0,1.125,0.625,2.125,0.625,18.5,16.125,0.625,1.125,0.625,4.5,1296.0,1104.0
1131,2792.0,4.75,0.75,3.75,1.75,13.0,16.75,0.75,0.75,0.75,5.0,1576.0,1168.0
1132,3170.0,3.125,2.125,2.125,2.125,15.5,17.625,0.625,0.625,0.625,5.5,1952.0,1168.0
1133,2940.0,5.0,1.0,4.0,2.0,14.0,18.5,0.5,0.5,0.5,6.0,1584.0,1304.0
1134,3126.0,2.875,1.875,2.375,3.375,16.5,18.875,0.875,0.375,0.375,6.5,2120.0,952.0
1135,3064.0,2.25,1.25,4.25,3.25,17.0,19.25,1.25,0.25,0.25,7.0,1800.0,1208.0
1136,3474.0,2.625,1.625,7.625,2.625,14.5,21.125,1.125,0.125,0.125,6.5,1576.0,1840.0
1137,4220.0,2.75,1.75,5.25,3.25,17.0,21.75,0.75,0.25,0.25,7.0,1696.0,2464.0
1138,3630.0,5.875,1.875,4.375,2.375,16.5,22.875,0.875,0.375,0.375,6.5,1208.0,2360.0
1139,4064.0,2.75,1.75,3.75,7.75,16.0,24.25,1.25,0.25,0.25,6.0,1920.0,2080.0
1140,3818.0,1.375,1.375,2.375,14.375,13.5,25.375,1.375,0.375,0.375,5.5,1960.0,1792.0
1141,3548.0,3.25,1.25,1.75,8.75,19.0,26.75,1.75,0.25,0.25,5.0,1488.0,1992.0
1142,3774.0,1.875,1.875,2.875,11.875,16.5,28.375,1.375,0.375,0.375,4.5,1632.0,2072.0
1143,3504.0,4.5,1.5,2.0,6.0,22.0,30.0,1.0,0.5,0.5,4.0,1632.0,1800.0
1144,3234.0,2.875,1.875,2.375,4.375,25.5,31.875,0.875,0.375,0.375,3.5,1472.0,1688.0
1145,3596.0,4.0,2.0,3.0,5.0,24.0,32.5,0.5,0.5,0.5,4.0,1472.0,2048.0
1146,3814.0,4.25,2.0,3.0,9.25,20.5,32.75,0.5,0.5,0.75,4.5,1520.0,2216.0
1147,2960.0,8.625,1.875,5.875,7.625,16.0,33.625,0.875,0.875,0.625,4.0,1312.0,1568.0
1148,4394.0,5.0,2.25,9.25,7.0,17.5,35.5,0.75,0.75,0.5,3.5,2160.0,2152.0
1149,4804.0,3.375,2.625,8.625,5.375,22.0,36.375,0.625,0.625,0.375,4.0,2240.0,2480.0
1150,4790.0,4.25,3.5,9.5,6.25,19.5,36.75,1.0,1.0,0.75,3.5,2576.0,2128.0
1151,3896.0,4.875,4.125,7.125,8.875,19.0,37.875,1.125,1.125,0.875,3.0,2264.0,1544.0
1152,4434.0,4.0,6.75,1.75,6.0,26.5,39.0,0.75,1.75,1.0,2.5,2448.0,1896.0
1153,4356.0,6.75,6.75,1.75,4.75,26.0,39.75,0.75,1.75,1.75,2.0,2280.0,1984.0
1154,5118.0,6.125,8.625,5.125,2.625,24.5,41.125,0.625,1.125,1.625,2.5,2272.0,2752.0
1155,4728.0,5.75,5.25,8.75,5.25,23.0,41.75,1.25,0.75,1.25,3.0,2160.0,2472.0
1156,4338.0,3.0,5.25,8.75,10.5,21.5,42.0,1.25,0.75,1.5,3.5,1856.0,2384.0
1157,5868.0,4.625,4.375,3.375,8.625,29.0,43.625,1.375,0.375,1.625,3.0,2512.0,3256.0
1158,5950.0,7.375,4.375,1.375,6.375,31.5,44.375,1.375,0.375,1.375,3.5,2560.0,3288.0
1159,6488.0,10.75,2.75,1.75,3.75,33.0,46.25,1.25,0.25,1.25,3.0,3080.0,3304.0
1160,6154.0,9.125,4.125,3.625,5.625,30.5,47.625,1.625,0.125,1.125,2.5,2968.0,3080.0
1161,6308.0,4.375,3.125,2.625,3.875,40.0,48.875,1.625,0.125,1.375,2.0,3160.0,3040.0
1162,6254.0,5.75,3.0,3.0,4.75,38.5,49.75,1.0,0.0,1.75,2.5,2920.0,3224.0
1163,6248.0,5.5,3.5,1.5,8.5,37.0,51.0,1.0,0.0,1.0,3.0,2704.0,3432.0
1164,5922.0,8.125,3.625,1.125,2.625,41.5,52.125,0.625,0.125,0.625,3.5,2752.0,3056.0
1165,6748.0,7.5,1.5,1.0,3.0,45.0,53.5,0.5,0.0,1.0,3.0,2704.0,3928.0
1166,6470.0,9.625,2.625,3.625,2.625,40.5,55.125,0.125,0.125,1.125,2.5,2880.0,3472.0
1167,6470.0,9.625,2.625,3.625,2.625,40.5,55.125,0.125,0.125,1.125,2.5,2880.0,3472.0
1168,6560.0,16.25,0.75,8.75,2.25,32.0,56.75,0.25,0.25,0.75,2.0,3072.0,3368.0
1169,6706.0,13.5,1.25,7.25,3.5,35.5,58.5,0.25,0.25,0.5,1.5,2888.0,3696.0
1170,6924.0,17.25,1.25,7.25,3.25,33.0,60.25,0.25,0.25,0.25,1.0,3216.0,3584.0
1171,7158.0,13.125,1.125,8.125,4.125,36.5,62.125,0.125,0.125,0.125,0.5,3056.0,3976.0
1172,7232.0,20.0,4.0,4.0,4.0,32.0,64.0,0.0,0.0,0.0,0.0,3328.0,3776.0
1173,808.0,0.0,0.0,0.0,4.0,0.0,4.0,0.0,0.0,0.0,0.0,608.0,192.0
1174,722.0,1.125,0.125,0.125,1.125,2.5,4.125,0.125,0.125,0.125,0.5,360.0,352.0
1175,940.0,0.0,0.0,0.5,0.5,5.0,4.5,0.5,0.0,0.0,1.0,320.0,608.0
1176,918.0,1.25,0.0,0.5,1.75,3.5,4.75,0.5,0.0,0.25,1.5,432.0,472.0
1177,1384.0,0.375,0.125,1.125,0.375,6.0,5.375,0.125,0.125,0.375,2.0,456.0,912.0
1178,1426.0,1.25,0.5,2.0,1.75,3.5,6.25,0.5,0.0,0.75,1.5,560.0,848.0
1179,1764.0,0.375,1.125,1.125,1.375,6.0,7.375,0.125,0.125,0.375,2.0,904.0,840.0
1180,1758.0,2.125,1.125,1.125,3.125,3.5,8.125,0.125,0.125,1.125,1.5,760.0,976.0
1181,1800.0,0.375,1.125,1.125,7.375,2.0,9.375,0.125,0.125,0.375,2.0,936.0,840.0
1182,1642.0,1.25,0.5,0.5,5.25,5.5,10.75,0.0,0.0,0.75,1.5,848.0,768.0
1183,2100.0,0.875,2.125,2.125,2.875,6.0,10.875,0.125,0.125,0.875,2.0,952.0,1120.0
1184,2238.0,1.625,2.125,0.125,1.625,9.5,12.625,0.125,0.125,0.625,1.5,1016.0,1192.0
1185,2288.0,1.25,0.75,0.75,1.25,12.0,12.75,0.25,0.25,0.75,2.0,1040.0,1216.0
1186,1994.0,1.375,0.875,0.875,1.375,12.5,12.875,0.375,0.375,0.875,2.5,1032.0,928.0
1187,2036.0,0.75,0.75,0.75,0.75,15.0,13.25,0.25,0.25,1.25,3.0,1032.0,968.0
1188,2326.0,3.625,2.125,0.125,3.625,9.5,13.625,0.125,0.125,1.625,3.5,1296.0,992.0
1189,2224.0,3.0,3.0,1.0,3.0,10.0,14.0,0.0,0.0,2.0,4.0,1280.0,904.0
1190,2362.0,3.625,2.625,0.625,3.625,10.5,14.125,0.125,0.125,2.125,4.5,1312.0,1008.0
1191,2428.0,3.25,2.75,1.75,3.25,11.0,14.75,0.25,0.25,1.75,5.0,1320.0,1064.0
1192,2470.0,3.375,4.375,0.375,3.375,11.5,15.375,0.375,0.375,1.375,5.5,1440.0,984.0
1193,2560.0,4.0,3.5,1.5,3.0,12.0,16.0,0.5,0.5,1.0,6.0,1312.0,1200.0
1194,2810.0,4.375,3.375,0.875,3.875,12.5,16.375,0.375,0.875,0.875,6.5,1416.0,1344.0
1195,2508.0,4.5,2.5,2.0,4.0,13.0,16.5,0.5,1.0,1.0,7.0,1360.0,1096.0
1196,2406.0,6.375,1.375,2.875,4.875,11.5,17.375,0.375,0.875,0.875,7.5,1176.0,1176.0
1197,2784.0,4.0,0.5,7.0,3.5,13.0,19.0,0.5,1.0,0.5,7.0,1208.0,1520.0
1198,2514.0,5.125,0.625,4.125,2.625,16.5,20.125,0.625,1.125,0.625,6.5,1200.0,1256.0
1199,3188.0,4.0,1.0,7.0,4.0,14.0,21.5,0.5,1.5,0.5,6.0,1288.0,1840.0
1200,3406.0,4.375,1.375,8.375,3.375,13.5,23.375,0.375,1.375,0.375,5.5,1392.0,1952.0
1201,3968.0,3.75,0.75,5.75,3.75,18.0,24.25,0.25,1.25,0.25,6.0,2000.0,1904.0
1202,3946.0,7.125,1.125,5.125,3.125,16.5,25.125,0.125,1.125,0.125,6.5,1840.0,2040.0
1203,3892.0,3.75,0.75,4.75,10.75,14.0,26.25,0.25,1.25,0.25,6.0,2416.0,1408.0
1204,4198.0,4.375,1.875,6.375,6.875,15.5,27.875,0.375,0.875,0.375,5.5,2272.0,1856.0
1205,4456.0,4.0,4.0,4.0,6.0,18.0,28.5,0.5,0.5,0.5,6.0,2552.0,1832.0
1206,4562.0,4.125,2.125,2.125,7.125,21.5,29.625,0.625,0.625,0.625,5.5,2624.0,1864.0
1207,4668.0,5.0,4.0,3.5,6.5,19.0,30.5,0.5,1.0,1.0,5.0,2608.0,1984.0
1208,4462.0,4.125,2.125,2.125,8.125,22.5,31.625,0.625,1.625,0.625,4.5,2824.0,1560.0
1209,4232.0,4.0,2.5,2.5,7.0,24.0,33.0,0.5,1.5,1.0,4.0,2544.0,1608.0
1210,4050.0,3.375,3.375,6.375,6.375,21.5,34.375,0.375,1.375,1.375,3.5,2368.0,1600.0
1211,4012.0,4.75,2.25,3.25,5.75,26.0,34.75,0.25,1.25,1.75,4.0,2608.0,1320.0
1212,4582.0,3.375,2.375,3.375,9.375,24.5,35.375,0.375,1.375,1.375,4.5,3384.0,1112.0
1213,5336.0,2.75,2.75,4.75,7.75,26.0,37.25,0.25,1.25,1.25,4.0,3320.0,1928.0
1214,5218.0,3.125,1.125,5.125,6.125,29.5,38.625,0.625,0.625,1.625,3.5,3288.0,1840.0
1215,5900.0,3.25,1.75,5.75,10.25,25.0,40.25,0.75,0.75,1.25,3.0,4072.0,1736.0
1216,5982.0,3.125,0.625,4.625,11.125,27.5,41.125,0.625,0.625,1.125,3.5,3984.0,1904.0
1217,5328.0,2.375,0.625,4.625,10.375,30.0,41.375,0.625,0.625,1.375,4.0,3304.0,1928.0
1218,4882.0,3.125,0.625,4.625,12.125,28.5,42.125,0.625,0.625,1.125,4.5,2528.0,2256.0
1219,4628.0,4.25,0.25,5.25,8.25,32.0,43.75,0.75,0.75,0.75,4.0,2264.0,2264.0
1220,4222.0,4.875,0.875,7.875,6.875,30.5,45.375,0.375,0.375,0.375,4.5,1928.0,2192.0
1221,4080.0,4.25,0.25,5.25,8.25,34.0,47.25,0.25,0.25,0.25,4.0,1992.0,1984.0
1222,4594.0,2.125,1.125,7.125,11.125,31.5,49.125,0.125,0.125,0.125,3.5,2360.0,2128.0
1223,5484.0,5.375,2.125,8.125,10.375,28.0,49.375,0.125,0.125,0.375,4.0,3224.0,2152.0
1224,6022.0,4.5,3.25,7.25,14.5,25.5,50.5,0.25,0.25,0.5,3.5,3544.0,2368.0
1225,5336.0,10.75,3.25,7.25,13.75,21.0,51.75,0.25,0.25,0.75,3.0,2752.0,2472.0
1226,6234.0,11.625,2.625,8.125,4.125,30.5,53.125,0.125,0.625,0.625,2.5,3064.0,3056.0
1227,6436.0,14.5,2.5,4.0,3.0,34.0,55.0,0.0,0.5,0.5,2.0,3264.0,3056.0
1228,6262.0,7.25,2.5,4.0,11.75,33.5,56.75,0.0,0.5,0.25,1.5,3064.0,3080.0
1229,6848.0,16.0,2.5,4.0,4.5,33.0,57.5,0.0,0.5,1.0,1.0,4024.0,2704.0
1230,6378.0,14.125,1.125,2.125,3.125,40.5,59.125,0.125,0.125,1.125,0.5,3480.0,2776.0
1231,6860.0,21.375,1.125,5.125,3.375,31.0,60.375,0.125,0.125,0.375,1.0,3744.0,2992.0
1232,7526.0,15.125,1.125,1.125,3.125,42.5,62.125,0.125,0.125,0.125,0.5,3728.0,3672.0
1233,6400.0,19.0,1.0,7.0,5.0,32.0,64.0,0.0,0.0,0.0,0.0,3072.0,3200.0
1234,808.0,0.0,0.0,0.0,4.0,0.0,4.0,0.0,0.0,0.0,0.0,608.0,192.0
1235,722.0,1.125,0.125,0.125,1.125,2.5,4.125,0.125,0.125,0.125,0.5,360.0,352.0
1236,940.0,0.0,0.0,0.5,0.5,5.0,4.5,0.5,0.0,0.0,1.0,320.0,608.0
1237,1238.0,1.125,0.125,1.125,1.125,3.5,5.125,0.125,0.125,0.125,1.5,488.0,736.0
1238,1464.0,1.0,0.0,0.5,1.5,5.0,6.0,0.0,0.5,0.5,1.0,704.0,744.0
1239,1578.0,0.125,0.125,0.125,0.125,8.5,7.125,0.125,0.125,1.125,0.5,808.0,752.0
1240,1556.0,1.375,0.125,0.125,1.375,7.0,7.375,0.125,0.125,1.375,1.0,920.0,616.0
1241,1510.0,0.75,0.0,0.0,0.75,9.5,8.75,0.0,0.0,0.75,1.5,880.0,608.0
1242,1472.0,1.0,0.5,0.5,0.0,10.0,9.5,0.0,0.0,0.5,2.0,656.0,792.0
1243,2210.0,2.125,1.125,1.125,1.125,7.5,11.125,0.125,0.125,0.125,1.5,864.0,1320.0
1244,1924.0,2.25,0.25,0.25,1.25,10.0,11.25,0.25,0.25,0.25,2.0,856.0,1040.0
1245,1878.0,2.125,1.625,0.625,2.125,8.5,11.625,0.125,0.125,0.625,2.5,928.0,920.0
1246,1728.0,2.5,1.0,1.0,1.5,10.0,13.5,0.0,0.0,0.5,2.0,736.0,960.0
1247,1522.0,2.125,0.125,1.125,1.125,12.5,14.125,0.125,0.125,0.125,2.5,584.0,904.0
1248,1516.0,3.375,0.125,1.125,1.375,12.0,15.375,0.125,0.125,0.375,2.0,696.0,784.0
1249,1638.0,1.5,0.25,1.25,1.5,14.5,15.5,0.25,0.25,0.5,2.5,696.0,904.0
1250,1656.0,1.875,0.625,2.625,1.875,13.0,16.375,0.125,0.125,0.375,3.0,608.0,1008.0
1251,1682.0,0.5,0.25,1.25,0.5,18.5,17.5,0.25,0.25,0.5,2.5,520.0,1120.0
1252,1708.0,0.875,1.125,1.625,1.375,17.0,17.875,0.125,0.625,0.375,3.0,648.0,1016.0
1253,2198.0,0.75,0.5,0.5,0.75,20.5,19.25,0.0,1.0,0.25,2.5,720.0,1432.0
1254,1920.0,0.375,1.125,2.125,1.375,19.0,19.375,0.125,1.125,0.375,3.0,616.0,1256.0
1255,1962.0,0.75,0.5,0.5,0.75,22.5,19.75,0.5,1.5,0.75,2.5,672.0,1240.0
1256,1644.0,3.0,1.0,1.0,3.0,18.0,21.5,0.5,1.5,0.5,2.0,680.0,912.0
1257,1630.0,2.625,0.125,0.625,2.125,21.5,22.125,0.625,2.125,0.625,1.5,752.0,824.0
1258,2128.0,2.75,1.25,2.75,3.25,18.0,22.25,0.75,2.25,0.75,2.0,800.0,1272.0
1259,1986.0,3.125,1.125,3.125,3.125,18.5,22.625,0.625,2.625,0.625,2.5,824.0,1104.0
1260,2044.0,7.5,0.5,3.0,4.0,15.0,23.5,0.5,2.0,1.0,3.0,984.0,1000.0
1261,2566.0,5.125,1.125,3.125,1.125,20.5,24.625,0.625,1.625,1.625,2.5,1104.0,1400.0
1262,2688.0,6.25,0.75,2.25,2.75,20.0,26.25,0.75,1.25,1.75,2.0,1528.0,1096.0
1263,2938.0,2.375,1.375,3.375,1.375,24.5,26.875,0.875,0.875,1.875,2.5,1448.0,1424.0
1264,2932.0,1.75,0.75,1.75,2.75,27.0,27.75,0.75,0.75,1.75,3.0,1448.0,1416.0
1265,3134.0,1.875,1.875,3.875,1.875,25.5,28.375,0.375,0.375,2.375,3.5,1632.0,1432.0
1266,3256.0,1.75,4.25,1.75,2.25,26.0,29.25,0.75,0.25,1.75,4.0,1784.0,1400.0
1267,3258.0,7.625,3.125,4.625,2.125,19.5,31.125,0.625,0.125,1.625,3.5,1608.0,1576.0
1268,3868.0,7.75,2.25,3.75,3.25,21.0,32.25,0.75,0.25,1.75,3.0,2248.0,1544.0
1269,3750.0,8.875,0.875,2.875,1.875,24.5,33.375,1.375,0.375,1.375,2.5,2040.0,1632.0
1270,3648.0,8.75,0.75,3.75,2.75,24.0,34.75,0.75,0.75,1.75,2.0,1712.0,1856.0
1271,3802.0,9.375,1.375,3.375,2.375,24.5,34.875,0.875,0.875,1.875,2.5,2000.0,1720.0
1272,4156.0,10.75,3.25,3.25,1.75,23.0,36.25,0.75,0.75,1.25,3.0,2008.0,2064.0
1273,3974.0,9.375,1.375,3.375,2.375,26.5,37.875,0.875,0.875,0.875,2.5,1936.0,1952.0
1274,5104.0,4.25,1.25,3.75,5.75,29.0,38.25,1.25,0.75,0.75,3.0,3280.0,1736.0
1275,5754.0,4.625,2.125,2.625,3.125,32.5,39.625,1.125,0.625,1.125,2.5,3896.0,1768.0
1276,5908.0,4.875,2.125,2.625,7.375,29.0,39.875,1.125,0.625,1.375,3.0,3720.0,2096.0
1277,5646.0,5.5,2.75,2.25,7.0,29.5,41.5,0.75,0.25,1.0,3.5,3488.0,2064.0
1278,4760.0,3.625,3.875,5.875,4.625,30.0,42.125,0.375,0.375,1.125,4.0,2208.0,2456.0
1279,4842.0,2.5,2.75,7.75,9.5,26.5,43.0,0.25,0.25,1.0,4.5,2328.0,2416.0
1280,5060.0,2.125,5.375,5.375,5.125,32.0,44.125,0.375,0.375,1.125,4.0,2456.0,2504.0
1281,4606.0,1.0,6.25,5.25,9.0,29.5,46.0,0.25,0.25,1.0,3.5,2144.0,2360.0
1282,5208.0,2.375,3.125,7.125,6.375,33.0,47.375,0.125,0.125,1.375,3.0,2512.0,2592.0
1283,5106.0,1.75,5.5,5.5,7.75,32.5,49.25,0.0,0.0,1.25,2.5,2320.0,2680.0
1284,4860.0,4.375,3.625,10.625,5.375,30.0,50.875,0.125,0.125,0.875,2.0,2424.0,2328.0
1285,5966.0,4.625,3.625,10.625,5.625,30.5,51.125,0.125,0.125,1.125,2.5,3456.0,2400.0
1286,5944.0,5.25,3.75,9.75,5.25,32.0,52.75,0.25,0.25,0.75,2.0,3240.0,2592.0
1287,5778.0,6.125,3.625,8.625,3.125,35.5,54.625,0.125,0.125,0.625,1.5,2952.0,2712.0
1288,5932.0,4.375,2.125,9.125,3.375,39.0,55.375,0.125,0.125,1.375,1.0,2776.0,3040.0
1289,6590.0,7.125,2.125,9.125,6.125,34.5,56.125,0.125,0.125,2.125,0.5,3296.0,3176.0
1290,5976.0,16.0,1.0,5.0,12.0,26.0,58.0,0.0,0.0,2.0,0.0,3264.0,2592.0
1291,6594.0,21.25,1.0,5.0,11.25,22.5,59.25,0.0,0.0,1.25,0.5,3224.0,3248.0
1292,6836.0,22.0,0.5,4.5,10.0,25.0,60.5,0.0,0.0,0.5,1.0,3080.0,3632.0
1293,7166.0,39.25,0.0,0.0,9.25,14.5,62.25,0.0,0.0,0.25,0.5,3184.0,3856.0
1294,7296.0,45.0,0.0,0.0,9.0,10.0,64.0,0.0,0.0,0.0,0.0,2816.0,4352.0
1295,808.0,0.0,0.0,0.0,4.0,0.0,4.0,0.0,0.0,0.0,0.0,608.0,192.0
1296,722.0,1.125,0.125,0.125,1.125,2.5,4.125,0.125,0.125,0.125,0.5,360.0,352.0
1297,940.0,0.0,0.0,0.5,0.5,5.0,4.5,0.5,0.0,0.0,1.0,320.0,608.0
1298,918.0,1.25,0.0,0.5,1.75,3.5,4.75,0.5,0.0,0.25,1.5,432.0,472.0
1299,1384.0,0.375,0.125,1.125,0.375,6.0,5.375,0.125,0.125,0.375,2.0,456.0,912.0
1300,1426.0,1.25,0.5,2.0,1.75,3.5,6.25,0.5,0.0,0.75,1.5,560.0,848.0
1301,1764.0,0.375,1.125,1.125,1.375,6.0,7.375,0.125,0.125,0.375,2.0,904.0,840.0
1302,1758.0,2.125,1.125,1.125,3.125,3.5,8.125,0.125,0.125,1.125,1.5,760.0,976.0
1303,1800.0,0.375,1.125,1.125,7.375,2.0,9.375,0.125,0.125,0.375,2.0,936.0,840.0
1304,1642.0,1.25,0.5,0.5,5.25,5.5,10.75,0.0,0.0,0.75,1.5,848.0,768.0
1305,2100.0,0.875,2.125,2.125,2.875,6.0,10.875,0.125,0.125,0.875,2.0,952.0,1120.0
1306,2294.0,0.75,2.5,0.0,3.25,8.5,11.25,0.0,0.5,0.75,2.5,1072.0,1192.0
1307,2328.0,0.375,1.125,0.625,2.875,11.0,11.375,0.125,0.625,0.875,3.0,1096.0,1200.0
1308,1850.0,1.0,0.75,1.25,2.5,11.5,11.5,0.25,0.75,1.0,3.5,904.0,912.0
1309,2388.0,2.125,1.375,1.875,3.625,9.0,13.125,0.375,0.875,0.625,3.0,1064.0,1288.0
1310,2286.0,2.875,0.375,0.875,2.375,12.5,14.875,0.375,0.875,0.375,2.5,1096.0,1152.0
1311,2744.0,3.25,0.75,0.75,2.25,13.0,15.25,0.75,0.75,0.25,3.0,1464.0,1240.0
1312,2570.0,2.875,0.375,1.375,2.875,13.5,15.375,0.875,0.875,0.375,3.5,1208.0,1320.0
1313,2156.0,8.5,0.5,3.0,2.0,8.0,16.0,1.0,0.5,0.5,4.0,1088.0,1024.0
1314,2190.0,9.375,1.375,2.375,1.375,8.5,16.375,1.375,0.375,0.375,4.5,944.0,1200.0
1315,1824.0,8.0,1.0,2.5,0.5,12.0,17.0,2.0,0.5,0.5,4.0,744.0,1032.0
1316,3130.0,2.875,0.875,3.375,0.375,17.5,18.875,1.875,0.375,0.375,3.5,1048.0,2032.0
1317,3084.0,3.75,1.25,3.75,1.25,16.0,19.75,1.25,0.75,0.25,4.0,936.0,2096.0
1318,2198.0,2.125,1.125,1.125,1.125,21.5,20.625,1.625,0.625,0.625,3.5,816.0,1328.0
1319,2592.0,3.75,2.25,2.25,2.75,17.0,21.75,1.25,1.25,0.75,3.0,1152.0,1384.0
1320,3570.0,2.875,1.875,1.375,1.375,21.5,22.875,0.875,1.375,0.375,3.5,1376.0,2136.0
1321,3404.0,1.5,2.5,2.5,1.5,22.0,23.5,0.5,1.5,0.5,4.0,1248.0,2096.0
1322,3238.0,2.375,2.875,2.375,1.875,21.5,24.875,0.375,1.875,0.375,3.5,1216.0,1960.0
1323,3480.0,0.25,3.25,3.75,0.75,24.0,25.25,0.25,1.75,0.75,4.0,1256.0,2160.0
1324,3770.0,0.875,3.375,1.875,0.375,26.5,25.875,0.375,1.875,0.375,4.5,1440.0,2264.0
1325,4580.0,5.25,4.25,1.25,4.25,19.0,27.25,0.25,1.25,0.25,5.0,1840.0,2672.0
1326,4062.0,3.875,4.375,3.875,4.375,18.5,28.875,0.375,0.875,0.375,4.5,1736.0,2256.0
1327,3320.0,3.25,5.75,8.75,4.25,14.0,29.75,0.25,1.25,0.75,4.0,1400.0,1848.0
1328,3666.0,3.875,1.375,5.375,5.875,20.5,29.875,0.375,1.375,0.875,4.5,1720.0,1872.0
1329,3228.0,5.25,2.75,3.75,3.25,23.0,30.75,0.25,1.25,0.75,5.0,1280.0,1872.0
1330,4390.0,4.875,1.375,8.875,4.375,19.5,31.875,0.375,0.875,0.375,5.5,1656.0,2656.0
1331,4080.0,4.25,1.25,12.25,3.25,19.0,33.25,0.25,1.25,0.25,5.0,1592.0,2408.0
1332,3834.0,6.125,1.125,11.625,2.625,19.5,33.625,0.625,1.125,0.125,5.5,1448.0,2304.0
1333,4452.0,8.0,1.0,7.5,2.5,23.0,35.5,0.5,1.0,0.0,5.0,1984.0,2384.0
1334,4398.0,8.125,0.625,11.625,2.125,20.5,37.125,0.625,0.625,0.125,4.5,1696.0,2616.0
1335,4448.0,10.875,1.125,13.125,1.875,17.0,37.375,0.625,0.625,0.375,5.0,1640.0,2720.0
1336,3986.0,7.625,1.125,13.125,3.625,19.5,38.125,0.625,0.625,0.125,5.5,1360.0,2536.0
1337,4268.0,7.25,1.75,9.75,4.25,23.0,39.25,0.75,0.75,0.25,5.0,1896.0,2280.0
1338,4198.0,9.875,1.375,9.875,4.375,21.5,39.875,0.375,0.875,0.375,5.5,1752.0,2352.0
1339,3776.0,11.5,1.5,7.5,4.5,23.0,41.5,0.5,0.5,0.5,5.0,1312.0,2368.0
1340,4578.0,8.375,1.375,4.875,5.875,28.5,42.875,0.875,0.375,0.375,4.5,2200.0,2280.0
1341,4260.0,9.25,2.25,2.75,3.75,32.0,44.75,0.75,0.25,0.25,4.0,2008.0,2152.0
1342,3822.0,10.125,3.125,1.625,5.625,30.5,45.625,0.625,0.125,0.125,4.5,1560.0,2160.0
1343,4480.0,12.375,1.125,3.625,2.875,32.0,46.875,0.625,0.125,0.375,4.0,1616.0,2760.0
1344,5458.0,13.5,1.25,5.75,5.0,27.5,48.0,0.75,0.25,0.5,3.5,2640.0,2712.0
1345,5020.0,13.375,2.125,3.625,3.875,31.0,49.875,0.625,0.125,0.375,3.0,2256.0,2656.0
1346,4414.0,15.625,2.125,3.625,8.125,25.5,50.125,0.625,0.125,0.625,3.5,1696.0,2608.0
1347,4032.0,10.375,2.125,3.625,9.875,30.0,50.875,0.625,0.125,0.375,4.0,1560.0,2360.0
1348,4458.0,13.0,1.75,4.75,14.0,23.5,52.5,0.25,0.25,0.5,3.5,2024.0,2320.0
1349,4716.0,5.875,3.125,3.625,18.375,27.0,53.875,0.125,0.625,0.375,3.0,2000.0,2600.0
1350,5022.0,10.625,1.625,3.125,11.125,32.5,55.125,0.125,0.625,0.625,2.5,2440.0,2464.0
1351,6288.0,11.75,3.25,1.25,5.75,38.0,56.75,0.25,0.25,0.75,2.0,2672.0,3496.0
1352,6450.0,14.5,3.25,1.25,6.5,35.5,58.5,0.25,0.25,0.5,1.5,3000.0,3328.0
1353,6450.0,14.5,3.25,1.25,6.5,35.5,58.5,0.25,0.25,0.5,1.5,3000.0,3328.0
1354,6316.0,22.375,3.125,3.125,6.375,27.0,60.375,0.125,0.125,0.375,1.0,2952.0,3240.0
1355,6590.0,23.75,1.5,3.5,7.75,26.5,62.25,0.0,0.0,0.25,0.5,3424.0,3040.0
1356,6432.0,21.0,1.0,3.0,7.0,32.0,64.0,0.0,0.0,0.0,0.0,2944.0,3360.0
1357,808.0,0.0,0.0,0.0,4.0,0.0,4.0,0.0,0.0,0.0,0.0,608.0,192.0
1358,722.0,1.125,0.125,0.125,1.125,2.5,4.125,0.125,0.125,0.125,0.5,360.0,352.0
1359,1196.0,0.375,0.125,0.125,4.375,1.0,4.375,0.125,0.125,0.375,1.0,936.0,248.0
1360,1094.0,1.75,0.0,0.0,1.75,3.5,4.75,0.0,0.0,0.75,1.5,608.0,472.0
1361,1320.0,0.375,0.125,1.125,0.375,6.0,5.375,0.125,0.125,0.375,2.0,464.0,840.0
1362,1714.0,0.5,0.25,0.25,1.5,6.5,5.5,0.25,0.25,0.5,2.5,600.0,1096.0
1363,1684.0,1.375,1.625,0.625,1.375,5.0,5.875,0.125,0.125,0.875,3.0,672.0,992.0
1364,1750.0,1.5,0.75,0.75,2.5,5.5,6.0,0.25,0.25,1.0,3.5,904.0,824.0
1365,1928.0,1.375,1.125,2.125,1.375,6.0,6.375,0.125,0.125,1.375,4.0,1072.0,832.0
1366,2194.0,1.5,0.75,1.75,2.5,6.5,7.0,0.25,0.25,1.0,4.5,1152.0,1016.0
1367,2356.0,1.625,0.875,0.875,3.625,7.0,7.125,0.375,0.375,1.125,5.0,1296.0,1032.0
1368,2326.0,2.0,1.25,1.25,3.0,7.5,8.0,0.25,0.25,1.0,5.5,1192.0,1104.0
1369,2672.0,1.625,0.875,3.875,2.625,7.0,9.125,0.375,0.375,1.125,5.0,1136.0,1504.0
1370,2386.0,3.375,0.875,0.875,2.375,9.5,9.875,0.375,0.375,0.875,5.5,1032.0,1320.0
1371,1996.0,1.25,1.25,1.25,3.25,11.0,11.25,0.25,0.25,1.25,5.0,984.0,976.0
1372,1862.0,1.875,0.875,1.875,2.875,11.5,11.375,0.375,0.375,1.375,5.5,1064.0,760.0
1373,2800.0,2.0,2.5,1.5,4.0,10.0,12.0,0.5,0.5,1.0,6.0,1784.0,976.0
1374,2754.0,2.875,2.875,1.375,3.375,10.5,12.375,0.375,0.875,0.875,6.5,1552.0,1160.0
1375,2476.0,2.0,2.5,2.5,4.0,11.0,13.0,0.5,0.5,1.0,7.0,1296.0,1136.0
1376,3398.0,1.875,1.375,2.375,5.875,11.5,13.875,0.375,0.375,0.875,7.5,2016.0,1336.0
1377,3496.0,2.25,1.25,2.75,5.75,12.0,14.25,0.25,0.75,0.75,8.0,2088.0,1360.0
1378,3506.0,2.375,1.375,3.875,4.875,12.5,14.375,0.375,0.875,0.875,8.5,2088.0,1368.0
1379,2164.0,5.75,0.75,4.25,2.25,13.0,15.25,0.25,0.75,0.75,9.0,904.0,1208.0
1380,3014.0,5.375,0.875,3.875,3.375,13.5,15.875,0.375,0.375,0.875,9.5,1600.0,1360.0
1381,2360.0,4.75,1.25,6.25,1.75,14.0,16.75,0.25,0.25,0.75,10.0,1032.0,1272.0
1382,2770.0,6.0,1.25,6.25,2.0,13.5,18.0,0.25,0.25,1.0,9.5,1320.0,1392.0
1383,3108.0,7.125,0.875,6.875,2.125,13.0,19.625,0.375,0.375,0.625,9.0,1392.0,1656.0
1384,2942.0,3.5,1.25,6.25,1.5,18.5,21.5,0.25,0.25,0.5,8.5,1072.0,1808.0
1385,2992.0,1.375,1.625,7.125,1.875,20.0,22.375,0.625,0.125,0.875,8.0,1112.0,1816.0
1386,3442.0,3.5,2.25,8.25,1.5,17.5,23.5,0.25,0.25,1.5,7.5,1200.0,2176.0
1387,3268.0,8.125,2.875,8.875,1.125,13.0,24.625,0.375,0.375,1.625,7.0,1448.0,1752.0
1388,3390.0,6.0,5.25,11.25,4.0,8.5,26.0,0.25,0.25,2.0,6.5,1456.0,1864.0
1389,3696.0,9.125,4.875,8.875,3.125,10.0,27.625,0.375,0.375,1.625,6.0,1840.0,1784.0
1390,3778.0,7.0,7.25,7.25,3.0,12.5,29.0,0.25,0.25,1.0,6.5,1760.0,1944.0
1391,3540.0,8.375,4.625,8.625,6.375,10.0,30.875,0.125,0.125,0.875,6.0,1776.0,1688.0
1392,4078.0,7.0,3.25,6.25,9.0,13.5,32.0,0.25,0.25,1.0,5.5,2320.0,1680.0
1393,3616.0,8.625,4.875,8.875,6.625,11.0,33.125,0.375,0.375,1.125,5.0,1864.0,1672.0
1394,4250.0,5.375,4.875,8.875,5.375,16.5,34.875,0.375,0.375,0.875,4.5,1872.0,2296.0
1395,4172.0,7.5,7.5,7.5,5.5,14.0,36.5,0.5,0.5,0.5,4.0,1664.0,2424.0
1396,3406.0,2.875,4.375,11.375,2.875,21.5,37.875,0.375,0.375,0.875,3.5,1408.0,1912.0
1397,3320.0,2.75,2.25,13.75,3.25,22.0,38.25,0.75,0.25,0.75,4.0,1200.0,2032.0
1398,2930.0,2.625,1.125,18.125,3.625,19.5,39.625,1.125,0.125,0.625,3.5,1008.0,1832.0
1399,3820.0,5.0,0.5,19.5,6.0,15.0,41.5,1.0,0.0,0.5,3.0,1592.0,2136.0
1400,4230.0,4.25,0.5,19.5,9.25,13.5,41.75,1.0,0.0,0.75,3.5,1720.0,2416.0
1401,3992.0,4.5,1.0,16.0,10.5,16.0,42.5,1.0,0.0,0.5,4.0,1536.0,2360.0
1402,4546.0,2.625,3.125,13.625,8.125,21.5,43.125,1.625,0.125,0.625,3.5,1984.0,2464.0
1403,4484.0,2.875,3.125,14.625,9.375,20.0,43.375,1.625,0.125,0.875,4.0,1840.0,2544.0
1404,4534.0,3.625,1.625,9.125,11.125,25.5,44.625,1.625,0.125,1.125,3.5,1640.0,2792.0
1405,4384.0,2.75,1.25,7.75,11.25,29.0,46.25,1.75,0.25,0.75,3.0,1968.0,2312.0
1406,4042.0,4.5,1.25,7.75,7.0,32.5,48.0,1.75,0.25,0.5,2.5,1752.0,2184.0
1407,3932.0,3.875,1.625,7.125,5.375,36.0,48.875,2.625,0.125,0.375,2.0,1552.0,2272.0
1408,4558.0,3.5,2.25,7.75,5.0,36.5,50.0,1.75,0.25,0.5,2.5,2184.0,2264.0
1409,4792.0,5.25,2.25,7.75,5.75,35.0,50.75,1.75,0.25,0.25,3.0,2648.0,2032.0
1410,5018.0,1.5,2.25,7.75,15.0,30.5,52.0,1.75,0.25,0.5,2.5,2904.0,2000.0
1411,4532.0,2.875,1.625,10.625,13.875,29.0,53.375,1.125,0.125,0.375,3.0,2136.0,2280.0
1412,5150.0,3.0,1.75,6.25,17.5,30.5,55.0,0.75,0.25,0.5,2.5,2912.0,2120.0
1413,5320.0,3.375,1.125,6.625,14.875,34.0,56.875,0.625,0.125,0.375,2.0,2984.0,2216.0
1414,4930.0,6.75,3.5,14.0,9.25,27.5,58.75,0.5,0.0,0.25,1.5,2368.0,2440.0
1415,5260.0,4.375,4.125,8.125,4.375,41.0,60.375,0.125,0.125,0.375,1.0,2672.0,2464.0
1416,5230.0,2.75,1.5,5.5,2.75,50.5,62.25,0.0,0.0,0.25,0.5,2680.0,2424.0
1417,6048.0,5.5,1.5,5.5,5.5,46.0,64.0,0.0,0.0,0.0,0.0,3552.0,2368.0
